dataset_repeat,case_id,adjustment_strategy,adjustment_variables,adjustment_set_size,repeat,split,rmse_mtef,bias_mtef,mae_mtef,rmse_factual
0,1,No adjustment,--,0,0,test,0.19543639030850482,0.14615838356829702,0.18387251713304317,0.9373197008085559
0,1,No adjustment,--,0,1,test,0.21719836875476145,0.16331789532503307,0.20119179346738233,0.9205053403802211
0,1,No adjustment,--,0,2,test,0.26823541786545885,0.1515561402984274,0.20983758152632456,0.9454811739661126
0,1,No adjustment,--,0,3,test,0.19926408831465728,0.14150810346925222,0.18581147525186814,0.902456534604064
0,1,No adjustment,--,0,4,test,0.31205698572756246,0.09591561200549555,0.2194379436926072,0.9067472936017408
0,1,No adjustment,--,0,5,test,0.26673651879352994,0.14283622483796804,0.2082372004262353,0.9304481544136354
0,1,No adjustment,--,0,6,test,0.19331550929205352,0.1401877316690925,0.17977149448576052,0.9045212240039714
0,1,No adjustment,--,0,7,test,0.26264014878615405,0.09448848019788111,0.20925533371447907,0.9162536305896791
0,1,No adjustment,--,0,8,test,0.20012003795335526,0.13534861493480893,0.17937489679379792,0.9321444581781452
0,1,No adjustment,--,0,9,test,0.2494748977999373,0.18253715365623505,0.22898944557993758,0.9221372116632487
0,1,All covariates,"X1, X2, X3, X4, X5, X6, X7, X8",8,0,test,0.37517502953904924,-0.13026772947089382,0.298763910094858,0.5148592062917327
0,1,All covariates,"X1, X2, X3, X4, X5, X6, X7, X8",8,1,test,0.37372368710078174,-0.08094515754226296,0.29710916158536066,0.48012658386434914
0,1,All covariates,"X1, X2, X3, X4, X5, X6, X7, X8",8,2,test,0.3696002392486063,-0.10856073304774318,0.29335921946333793,0.4756614730596078
0,1,All covariates,"X1, X2, X3, X4, X5, X6, X7, X8",8,3,test,0.3794025869469672,-0.10042102946157014,0.2929234892198741,0.4671012838405451
0,1,All covariates,"X1, X2, X3, X4, X5, X6, X7, X8",8,4,test,0.4288005268746046,-0.14199217069249337,0.31671130026939665,0.4825026588181255
0,1,All covariates,"X1, X2, X3, X4, X5, X6, X7, X8",8,5,test,0.3780038748140607,-0.09411031846316772,0.2918134931168724,0.4992037703569249
0,1,All covariates,"X1, X2, X3, X4, X5, X6, X7, X8",8,6,test,0.37320301148470864,-0.14737568620947777,0.29333552257667045,0.5253109676639713
0,1,All covariates,"X1, X2, X3, X4, X5, X6, X7, X8",8,7,test,0.3718678546331693,-0.09977669707010599,0.28818349701646334,0.4705953824560548
0,1,All covariates,"X1, X2, X3, X4, X5, X6, X7, X8",8,8,test,0.4415312338336715,-0.1401913669711731,0.3299314093899492,0.5313280823693219
0,1,All covariates,"X1, X2, X3, X4, X5, X6, X7, X8",8,9,test,0.3577833863990077,-0.10687319537017025,0.2948691967208563,0.4476817875974377
0,1,Root-only,X3,1,0,test,0.27549866349041263,-0.08359544719885546,0.14632030183526248,0.9004374102190084
0,1,Root-only,X3,1,1,test,0.22577662423191933,-0.03425825568907794,0.12920906980905603,0.8247534824630919
0,1,Root-only,X3,1,2,test,0.2756479451540014,-0.05345636429337133,0.15253647026751332,0.9275385346628655
0,1,Root-only,X3,1,3,test,0.2204505109916916,-0.054637599248736554,0.12601030296616206,0.8424945272231816
0,1,Root-only,X3,1,4,test,0.39259641776188975,-0.14509020018030402,0.21611399967014364,0.9072253291172252
0,1,Root-only,X3,1,5,test,0.25588012736147125,-0.05880301231751817,0.1449050527822188,0.8537621641147098
0,1,Root-only,X3,1,6,test,0.21321521335229005,-0.062230932863003664,0.11370694201980873,0.828694117346701
0,1,Root-only,X3,1,7,test,0.2362788295329567,-0.08695632727315453,0.13536025241691751,0.8456030816850532
0,1,Root-only,X3,1,8,test,0.17910076343648998,-0.004237752385508194,0.10945243754437844,0.8948132469256334
0,1,Root-only,X3,1,9,test,0.2463056781020782,-0.05430962542551491,0.15558077446394794,0.84632317681939
0,1,Treatment-parent,"X2, X3",2,0,test,0.4440841285887203,-0.03131014185010307,0.23424379067691234,0.8762412821177911
0,1,Treatment-parent,"X2, X3",2,1,test,0.5287378661970291,-0.002312945436631179,0.29447533382476715,0.8341138997823855
0,1,Treatment-parent,"X2, X3",2,2,test,0.42605891442009336,-0.018641907761823482,0.2319044757967362,0.9009923371553702
0,1,Treatment-parent,"X2, X3",2,3,test,0.34127650147726096,-0.018390093984851627,0.20931185743245959,0.8259302950011954
0,1,Treatment-parent,"X2, X3",2,4,test,0.5589810618861293,-0.138394601842602,0.297956835212293,0.8777980522863065
0,1,Treatment-parent,"X2, X3",2,5,test,0.37493376999954975,-0.07997528306040244,0.2172492066495758,0.8461313400406444
0,1,Treatment-parent,"X2, X3",2,6,test,0.490578248234044,-0.06767194213696906,0.24490301491282357,0.8255259047478751
0,1,Treatment-parent,"X2, X3",2,7,test,0.39360312191146674,-0.05329545019484656,0.23885841791485887,0.8433432542867688
0,1,Treatment-parent,"X2, X3",2,8,test,0.7597499514917191,-0.05985399679767101,0.2609654607504105,0.8709928243775898
0,1,Treatment-parent,"X2, X3",2,9,test,0.41418828604123004,-0.025704793441615418,0.2674678958460669,0.8365516204520381
0,1,Outcome-parent,"X4, X5",2,0,test,0.07428912116185664,-0.02736609849286759,0.05512212557262486,0.5157299388518692
0,1,Outcome-parent,"X4, X5",2,1,test,0.08999526870813951,-0.03858722117300092,0.06385058423260273,0.4763158834074796
0,1,Outcome-parent,"X4, X5",2,2,test,0.15576887486052288,-0.04877519442522805,0.07592020320618977,0.5232837779398097
0,1,Outcome-parent,"X4, X5",2,3,test,0.07783461730570931,-0.037306766813709064,0.0630128756817742,0.4909408880092153
0,1,Outcome-parent,"X4, X5",2,4,test,0.18832166456272575,-0.07079050634773516,0.08754146892493848,0.5119920204136931
0,1,Outcome-parent,"X4, X5",2,5,test,0.15213661259773834,-0.04595074796598875,0.06932490373829156,0.48841660537584697
0,1,Outcome-parent,"X4, X5",2,6,test,0.10142823207925526,-0.04523473971196335,0.07245995582214425,0.496413616385152
0,1,Outcome-parent,"X4, X5",2,7,test,0.10257499644015598,-0.03596104860546693,0.0665233259570526,0.4919127706952473
0,1,Outcome-parent,"X4, X5",2,8,test,0.1035849698616221,-0.04900075684375372,0.07185473712763599,0.5077990050010435
0,1,Outcome-parent,"X4, X5",2,9,test,0.08993511249764245,-0.01900088947806329,0.05901087332131067,0.48566074557263716
0,1,GCI-guided valid,X5,1,0,test,0.10047320581890422,-0.05455456376627563,0.06870442769254816,0.7363157531814931
0,1,GCI-guided valid,X5,1,1,test,0.09871903794170866,-0.04447002541314002,0.06668156906126739,0.6704602988213915
0,1,GCI-guided valid,X5,1,2,test,0.16106796408197907,-0.0500200611082673,0.07070207450483504,0.7697291279383099
0,1,GCI-guided valid,X5,1,3,test,0.09514401835743254,-0.05437410962830706,0.07258378295311968,0.7233513353984109
0,1,GCI-guided valid,X5,1,4,test,0.24070066233876636,-0.0993970980558295,0.11121158713496854,0.7111463366263292
0,1,GCI-guided valid,X5,1,5,test,0.17541172412208583,-0.07287729992603753,0.08973178014458215,0.7412856886206393
0,1,GCI-guided valid,X5,1,6,test,0.12019528066882033,-0.06944212018066664,0.09420336059670432,0.7233612469261879
0,1,GCI-guided valid,X5,1,7,test,0.1558032305869946,-0.07793757161090153,0.10115881320616421,0.6841013440797482
0,1,GCI-guided valid,X5,1,8,test,0.12564924829159638,-0.07155560095661814,0.0953587073316399,0.7552785801439974
0,1,GCI-guided valid,X5,1,9,test,0.11396922219424631,-0.03165210480893838,0.06946459906391715,0.7382724868401307
0,2,No adjustment,--,0,0,test,0.6614919002941859,0.09083374667173158,0.3877430891293513,1.0659193792383401
0,2,No adjustment,--,0,1,test,0.7450933575737535,0.08663757474989672,0.4174166709239239,1.1158296769794982
0,2,No adjustment,--,0,2,test,0.637414253310843,0.12256916723262483,0.4128522756804143,1.0803781780306096
0,2,No adjustment,--,0,3,test,0.6678841815503244,0.08899919786556164,0.4153224007335074,1.1465152080390133
0,2,No adjustment,--,0,4,test,0.5196631298233976,0.09339071891607724,0.35394234716444684,1.0553066261965793
0,2,No adjustment,--,0,5,test,0.49735442959551057,0.14777710673216396,0.3434627801818478,1.050256276731463
0,2,No adjustment,--,0,6,test,0.6612954463829885,0.12368909875976897,0.4116783616459318,1.0757902560944752
0,2,No adjustment,--,0,7,test,0.4311148101274423,0.154670892606891,0.32143972387745967,1.0515457821721528
0,2,No adjustment,--,0,8,test,0.5867847786556577,0.16753387017190838,0.3519203005514598,1.1137903260151292
0,2,No adjustment,--,0,9,test,0.6048795653539294,0.10704579691232796,0.392050086643732,1.047694740627859
0,2,All covariates,"X1, X2, X3, X4, X5, X6, X7, X8, X9",9,0,test,0.6103989485751906,-0.28863826714417473,0.49366427613281727,0.5715804813974419
0,2,All covariates,"X1, X2, X3, X4, X5, X6, X7, X8, X9",9,1,test,0.6305837022343063,-0.310571576973645,0.5270175525220253,0.5590604097630608
0,2,All covariates,"X1, X2, X3, X4, X5, X6, X7, X8, X9",9,2,test,0.6051616256296753,-0.30361325975932263,0.49028232069175703,0.5314713414551782
0,2,All covariates,"X1, X2, X3, X4, X5, X6, X7, X8, X9",9,3,test,0.7651709984305862,-0.3406715170257101,0.5774417124313557,0.5924584890023216
0,2,All covariates,"X1, X2, X3, X4, X5, X6, X7, X8, X9",9,4,test,0.6312071064513349,-0.2797345833307274,0.5128792041120268,0.5910769118419997
0,2,All covariates,"X1, X2, X3, X4, X5, X6, X7, X8, X9",9,5,test,0.6579100368708258,-0.35054675741943947,0.5321964721444669,0.563130928993498
0,2,All covariates,"X1, X2, X3, X4, X5, X6, X7, X8, X9",9,6,test,0.5722392362238184,-0.2339537580038757,0.46386819461485157,0.590198827103368
0,2,All covariates,"X1, X2, X3, X4, X5, X6, X7, X8, X9",9,7,test,0.6799963513117929,-0.2485241608917669,0.558845127726729,0.5723526902167562
0,2,All covariates,"X1, X2, X3, X4, X5, X6, X7, X8, X9",9,8,test,0.6828799429711104,-0.2575066703454798,0.5595995670443267,0.5770983142689828
0,2,All covariates,"X1, X2, X3, X4, X5, X6, X7, X8, X9",9,9,test,0.6589943667766245,-0.2984378729231908,0.5591806935253181,0.5262568604867861
0,2,Root-only,X3,1,0,test,0.6466262895534146,-0.18410304476332193,0.2781472009988447,1.0270175759982367
0,2,Root-only,X3,1,1,test,0.6436551625185783,-0.10559359473758137,0.2833305807767446,1.0559559489215453
0,2,Root-only,X3,1,2,test,0.5901849762271539,-0.1379141397131986,0.2697975957181931,1.0311105173133748
0,2,Root-only,X3,1,3,test,0.5707921695373771,-0.08265674636516841,0.2865542669215003,1.0915720124765105
0,2,Root-only,X3,1,4,test,0.5166626180778727,-0.16082639233325755,0.26256511331107696,1.034539009674512
0,2,Root-only,X3,1,5,test,0.4662078802761031,-0.11635602449452695,0.24690308065991398,1.0277531536721078
0,2,Root-only,X3,1,6,test,0.6050768797154071,-0.10839466813591853,0.267362066363503,1.0242773165987713
0,2,Root-only,X3,1,7,test,0.40128549149347653,-0.13386758929648698,0.22372951142477338,1.0094111962910182
0,2,Root-only,X3,1,8,test,0.466033276975222,-0.015252897001130956,0.22057228146583743,1.0620135942378195
0,2,Root-only,X3,1,9,test,0.5410367923293077,-0.1223999623415662,0.2810428692616884,1.0183546974945277
0,2,Treatment-parent,"X2, X3",2,0,test,0.6024881034388156,-0.16311297252292373,0.2772247399240175,1.0356130288450258
0,2,Treatment-parent,"X2, X3",2,1,test,0.6428624886993671,-0.15616589959518629,0.2973386796827055,1.0614963553848704
0,2,Treatment-parent,"X2, X3",2,2,test,0.6951337823097831,-0.20646762348440656,0.32148117479384686,1.037319461563392
0,2,Treatment-parent,"X2, X3",2,3,test,0.58642126702207,-0.11538277455879296,0.28983614562600457,1.0931945491111785
0,2,Treatment-parent,"X2, X3",2,4,test,0.518589779093789,-0.09826468820687703,0.2692530238929053,1.0394610691354231
0,2,Treatment-parent,"X2, X3",2,5,test,0.4698171293300374,-0.17901499421628486,0.27106171046222355,1.0351510256538212
0,2,Treatment-parent,"X2, X3",2,6,test,0.6018824030149709,-0.0519202405510104,0.27802790898751195,1.030918638117951
0,2,Treatment-parent,"X2, X3",2,7,test,0.40549562366962005,-0.16316872029801718,0.23028901960352827,1.0077711213527645
0,2,Treatment-parent,"X2, X3",2,8,test,0.5448515249167337,-0.0917633288695482,0.24676636115514441,1.069338901047821
0,2,Treatment-parent,"X2, X3",2,9,test,0.5371796662264016,-0.12550751450648462,0.2764337903570418,1.0203004078664806
0,2,Outcome-parent,"X6, X7, X8",3,0,test,0.5481122581594355,-0.24986245644255858,0.4730706252928338,0.5196979505136613
0,2,Outcome-parent,"X6, X7, X8",3,1,test,0.5785899454595863,-0.3423529294928778,0.5080672601405203,0.4970184998352219
0,2,Outcome-parent,"X6, X7, X8",3,2,test,0.5266386364097416,-0.29989270268673546,0.4539641449725997,0.48400004253610507
0,2,Outcome-parent,"X6, X7, X8",3,3,test,0.5101604780259458,-0.24736919139102043,0.4459351198391703,0.5044669569844056
0,2,Outcome-parent,"X6, X7, X8",3,4,test,0.540678210456833,-0.24467096232890137,0.46274175351744856,0.5058414439551656
0,2,Outcome-parent,"X6, X7, X8",3,5,test,0.5605191227149544,-0.268284555833307,0.4964158632576067,0.5056551252355732
0,2,Outcome-parent,"X6, X7, X8",3,6,test,0.506426505207732,-0.2727570568791889,0.4305067609459691,0.5404574725813068
0,2,Outcome-parent,"X6, X7, X8",3,7,test,0.5649018584344911,-0.23045645722897368,0.48836674217156767,0.5303151743144494
0,2,Outcome-parent,"X6, X7, X8",3,8,test,0.5937212046454963,-0.2551391236781606,0.5236960784356582,0.5265910446548553
0,2,Outcome-parent,"X6, X7, X8",3,9,test,0.5866838996114159,-0.2313263489033819,0.5212078104156442,0.497995377844444
0,2,GCI-guided valid,X7,1,0,test,0.6545762194130885,-0.16825136637091703,0.2745305078955839,0.9690606311422588
0,2,GCI-guided valid,X7,1,1,test,0.6818082627131996,-0.1450462428453078,0.27982751069123396,0.9644546079400305
0,2,GCI-guided valid,X7,1,2,test,0.5943353036839422,-0.1233821412489669,0.27025009791617166,0.9550536468397927
0,2,GCI-guided valid,X7,1,3,test,0.6292373744637756,-0.1580851134040314,0.28330426240753026,0.9740793716238815
0,2,GCI-guided valid,X7,1,4,test,0.5083038905766295,-0.14830435879439724,0.2539386004448837,0.9790190667459504
0,2,GCI-guided valid,X7,1,5,test,0.4635033200244695,-0.1101476392632597,0.22402883300372395,0.9596065921966164
0,2,GCI-guided valid,X7,1,6,test,0.6177680266515142,-0.12389747130716931,0.25807770429761734,0.9415993772962666
0,2,GCI-guided valid,X7,1,7,test,0.4088940528183972,-0.10280575398633725,0.21671793994532326,0.9122591404710373
0,2,GCI-guided valid,X7,1,8,test,0.5292772241706417,-0.08534843705006694,0.21648513089790716,1.0026876721353974
0,2,GCI-guided valid,X7,1,9,test,0.5792196810840082,-0.14946672083502038,0.2673944403092309,0.9251321003126843
0,3,No adjustment,--,0,0,test,0.20625951935830025,0.1347584242143,0.17995746861555847,0.9407293201458555
0,3,No adjustment,--,0,1,test,0.21167869536864967,0.1514405596134139,0.19673665171156188,1.0025569011152957
0,3,No adjustment,--,0,2,test,0.20031350775421441,0.15525920733104334,0.18528762413510752,1.0124599188692502
0,3,No adjustment,--,0,3,test,0.23776277465509846,0.11114496838853268,0.20615360663817991,1.0076560692478904
0,3,No adjustment,--,0,4,test,0.2297923342046263,0.10851751043186508,0.19699435065275928,1.0014605715970217
0,3,No adjustment,--,0,5,test,0.21928902536628134,0.15715953612472083,0.2057709119810391,1.0315459220777279
0,3,No adjustment,--,0,6,test,0.24299330317270734,0.14016709276701234,0.20920679352719102,0.9558729898791198
0,3,No adjustment,--,0,7,test,0.20809713979740882,0.11420738472821734,0.17474473072137586,0.9753788516793196
0,3,No adjustment,--,0,8,test,0.2529553987560034,0.11037770402328415,0.2063558573336074,1.0120581124072783
0,3,No adjustment,--,0,9,test,0.20676962639455257,0.1330895857479281,0.1888389197939002,0.9436503133364351
0,3,All covariates,"X1, X2, X3, X4, X5, X6, X7",7,0,test,0.5586602720940563,-0.37101780498089265,0.46150452801366026,0.45213320693280123
0,3,All covariates,"X1, X2, X3, X4, X5, X6, X7",7,1,test,0.5405184869891652,-0.3310465234587304,0.4604384615093257,0.482788416392755
0,3,All covariates,"X1, X2, X3, X4, X5, X6, X7",7,2,test,0.6249489916724996,-0.4335406871442373,0.5304055343002912,0.4580033575695472
0,3,All covariates,"X1, X2, X3, X4, X5, X6, X7",7,3,test,0.5142305089080756,-0.3482908562348296,0.4341559230327088,0.4865472981837459
0,3,All covariates,"X1, X2, X3, X4, X5, X6, X7",7,4,test,0.5811058073126429,-0.27862820369651253,0.4640527588892199,0.5005347857813918
0,3,All covariates,"X1, X2, X3, X4, X5, X6, X7",7,5,test,0.6182093930227208,-0.4521164124368666,0.5261044668683319,0.47037417249030644
0,3,All covariates,"X1, X2, X3, X4, X5, X6, X7",7,6,test,0.5844910058096318,-0.3760566577293677,0.4981327984585744,0.5049789828322545
0,3,All covariates,"X1, X2, X3, X4, X5, X6, X7",7,7,test,0.6078264902740282,-0.4277982904948828,0.5211945855045604,0.47852238660348345
0,3,All covariates,"X1, X2, X3, X4, X5, X6, X7",7,8,test,0.47035726720403076,-0.34839995029221255,0.41005952284274827,0.4352527180326355
0,3,All covariates,"X1, X2, X3, X4, X5, X6, X7",7,9,test,0.5103567390071266,-0.34979646727604924,0.4347727961948001,0.4766237182872177
0,3,Root-only,X3,1,0,test,0.30421849384574035,-0.1287492615013711,0.17718534485176485,0.8100585201701654
0,3,Root-only,X3,1,1,test,0.3286366924563489,-0.13993751299095938,0.18444256179613552,0.9046672532519536
0,3,Root-only,X3,1,2,test,0.23292644089987852,-0.08289855985169044,0.1294424188364449,0.8766745629194943
0,3,Root-only,X3,1,3,test,0.33062380285131154,-0.1414731901382082,0.20359122483671116,0.9262875266816163
0,3,Root-only,X3,1,4,test,0.29631781929114565,-0.1011599026013145,0.1782228660620152,0.8273672842774963
0,3,Root-only,X3,1,5,test,0.20059555063192397,-0.07792713149369034,0.11820844524819506,0.8685676403195263
0,3,Root-only,X3,1,6,test,0.3165180608118025,-0.11369667046475122,0.17421244591698146,0.8666553246448716
0,3,Root-only,X3,1,7,test,0.2543278370588119,-0.10057662431921163,0.14381444077352365,0.8155249055309161
0,3,Root-only,X3,1,8,test,0.32508012147524357,-0.13414831691402496,0.17918143741642553,0.88783547153853
0,3,Root-only,X3,1,9,test,0.29923540500642143,-0.12346242616599587,0.17933582279005814,0.8192671940332198
0,3,Treatment-parent,"X2, X3",2,0,test,0.3394445636900152,-0.16247548325213604,0.2075774962375953,0.809481957709467
0,3,Treatment-parent,"X2, X3",2,1,test,0.36693353646087884,-0.1523552965055533,0.22285647189537125,0.9061766039858975
0,3,Treatment-parent,"X2, X3",2,2,test,0.2965488176051892,-0.1291971002913759,0.18473861484807794,0.8802047806513859
0,3,Treatment-parent,"X2, X3",2,3,test,0.3861671022779288,-0.15841229255574782,0.2478734776959337,0.9351610726642214
0,3,Treatment-parent,"X2, X3",2,4,test,0.3165822120727216,-0.11388056273720465,0.19790717268537145,0.8225775537236883
0,3,Treatment-parent,"X2, X3",2,5,test,0.29716523048051746,-0.13717373248051956,0.19537995649487566,0.8645193416374677
0,3,Treatment-parent,"X2, X3",2,6,test,0.3477357994863996,-0.11616745443671107,0.19814520772059557,0.8771912938651586
0,3,Treatment-parent,"X2, X3",2,7,test,0.3299084647717449,-0.1589069014306262,0.19741836057914644,0.8149920491955647
0,3,Treatment-parent,"X2, X3",2,8,test,0.3319073921054636,-0.13493824308745542,0.19500259573943307,0.8994019227200959
0,3,Treatment-parent,"X2, X3",2,9,test,0.35491369106821513,-0.16407956623266992,0.22455486617350573,0.8360777302775051
0,3,Outcome-parent,"X4, X5",2,0,test,0.1095825608251028,-0.027523641046658037,0.0589884402998936,0.47868101149755177
0,3,Outcome-parent,"X4, X5",2,1,test,0.14223762066899745,-0.031132564266029034,0.07105560886153463,0.5242234802369568
0,3,Outcome-parent,"X4, X5",2,2,test,0.09382870945147923,-0.019894098647435247,0.049780000856073175,0.4955236270510751
0,3,Outcome-parent,"X4, X5",2,3,test,0.09965459237838206,-0.019275287206040406,0.05701376607118611,0.48579130568933954
0,3,Outcome-parent,"X4, X5",2,4,test,0.1431080184457803,-0.04177389322086121,0.07805939809407442,0.48148636580796844
0,3,Outcome-parent,"X4, X5",2,5,test,0.09374075014478934,-0.025507686725163205,0.05923015739549292,0.48638249242294607
0,3,Outcome-parent,"X4, X5",2,6,test,0.1442214765184318,-0.03248323654317061,0.06989898308731869,0.5498799064946848
0,3,Outcome-parent,"X4, X5",2,7,test,0.1534766730711495,-0.05822007991091984,0.07728448561704754,0.505179957198384
0,3,Outcome-parent,"X4, X5",2,8,test,0.14044069945426021,-0.0340636975206467,0.07257834248352485,0.4800784308398692
0,3,Outcome-parent,"X4, X5",2,9,test,0.13857721561281278,-0.04447784348900278,0.07289648995974768,0.48430956374021117
0,3,GCI-guided valid,X5,1,0,test,0.14463326111751765,-0.05135916282712791,0.07276208979303196,0.6727085399858602
0,3,GCI-guided valid,X5,1,1,test,0.1652252669460809,-0.045814541712639,0.08779621268347187,0.7348013300900923
0,3,GCI-guided valid,X5,1,2,test,0.10422765687480709,-0.02684632474609708,0.061647817965168154,0.7102722898505434
0,3,GCI-guided valid,X5,1,3,test,0.12265237505236663,-0.023436032401674887,0.07153101532418722,0.7109654257581414
0,3,GCI-guided valid,X5,1,4,test,0.16234488473906405,-0.055399373106759624,0.08974612811237194,0.7233166308114325
0,3,GCI-guided valid,X5,1,5,test,0.1021746827637402,-0.026460974509226368,0.05673953129864595,0.7314039493473996
0,3,GCI-guided valid,X5,1,6,test,0.14267500042444936,-0.03563831705057346,0.06874967259864792,0.7355475270401849
0,3,GCI-guided valid,X5,1,7,test,0.16578791086458486,-0.06491698220328218,0.08270324609839856,0.6969017091252424
0,3,GCI-guided valid,X5,1,8,test,0.18421437697272205,-0.05844656414174242,0.09792264165507905,0.7212241841034424
0,3,GCI-guided valid,X5,1,9,test,0.16059244565759742,-0.059063973107838806,0.08703237670053558,0.6754537263156077
0,4,No adjustment,--,0,0,test,0.5154483336538924,0.5013812928534368,0.5091720500261243,0.869799858344064
0,4,No adjustment,--,0,1,test,0.5161373374347683,0.5118585245500433,0.5118585245500433,0.9006498266243221
0,4,No adjustment,--,0,2,test,0.5386051389525591,0.534937450780935,0.5349418015038387,0.8667722374742671
0,4,No adjustment,--,0,3,test,0.5275787968336204,0.5236740531505522,0.5253420871981656,0.9644019214494469
0,4,No adjustment,--,0,4,test,0.5412428934674264,0.5364966070774919,0.5374803637404072,0.9232688656027472
0,4,No adjustment,--,0,5,test,0.5352903707464155,0.5302365866842672,0.5317494508026746,0.8552412520860395
0,4,No adjustment,--,0,6,test,0.5313018235490037,0.5272202288087776,0.5289703318353599,0.9297649573282801
0,4,No adjustment,--,0,7,test,0.5366751171188112,0.5316736943284704,0.532822118988149,0.900715785416212
0,4,No adjustment,--,0,8,test,0.5268580582227035,0.5225418234845497,0.5240546374615271,0.9093020904538139
0,4,No adjustment,--,0,9,test,0.5345173952363379,0.5313988211253754,0.5313988211253754,0.927642873629488
0,4,All covariates,"X1, X2, X3, X4, X5, X6, X7",7,0,test,0.28445209737226795,-0.013040075881264641,0.20364028903368456,0.5308448004529809
0,4,All covariates,"X1, X2, X3, X4, X5, X6, X7",7,1,test,0.31860468162209804,-0.04619894808341075,0.21825782452680698,0.5472609884586811
0,4,All covariates,"X1, X2, X3, X4, X5, X6, X7",7,2,test,0.32503349433095563,-0.09925255270622108,0.22750966677439688,0.5286208429356996
0,4,All covariates,"X1, X2, X3, X4, X5, X6, X7",7,3,test,0.3285663244737527,-0.04213365998830041,0.23318807098748767,0.516477646697724
0,4,All covariates,"X1, X2, X3, X4, X5, X6, X7",7,4,test,0.30108213018121,-0.09181000243785638,0.21920558466837045,0.587266090044188
0,4,All covariates,"X1, X2, X3, X4, X5, X6, X7",7,5,test,0.3158525101415503,-0.051319935891619164,0.22769300578525103,0.5672313949754966
0,4,All covariates,"X1, X2, X3, X4, X5, X6, X7",7,6,test,0.3301037107655291,-0.04402426238354092,0.22226929764071013,0.5316863072409912
0,4,All covariates,"X1, X2, X3, X4, X5, X6, X7",7,7,test,0.32090317380466005,-0.09966281111653041,0.22626882404825305,0.5520288137752433
0,4,All covariates,"X1, X2, X3, X4, X5, X6, X7",7,8,test,0.2834000880471111,0.019282268447103144,0.19065303730749572,0.49624252292515836
0,4,All covariates,"X1, X2, X3, X4, X5, X6, X7",7,9,test,0.3012379372502444,-0.06332258588939593,0.2176392574503321,0.4968092318678408
0,4,Root-only,"X2, X3, X4",3,0,test,0.14692859729148747,-0.012026780898023186,0.09253313151147918,0.6312880549086994
0,4,Root-only,"X2, X3, X4",3,1,test,0.1311885853667909,-0.005762803879511986,0.10082313886348257,0.6665425038260894
0,4,Root-only,"X2, X3, X4",3,2,test,0.22658511623075306,-0.009407101387498455,0.12941704137627927,0.6789727575347372
0,4,Root-only,"X2, X3, X4",3,3,test,0.17999023484431928,-0.021195785791944647,0.11854289629839158,0.6957076124396787
0,4,Root-only,"X2, X3, X4",3,4,test,0.22597782868138425,-0.019939575530984327,0.12181054812828104,0.7085879984947507
0,4,Root-only,"X2, X3, X4",3,5,test,0.23667041261164537,-0.013897309085278024,0.15562521828114614,0.6691944105445656
0,4,Root-only,"X2, X3, X4",3,6,test,0.15169114952929488,0.015995796469342852,0.11218880810142999,0.6277353174149786
0,4,Root-only,"X2, X3, X4",3,7,test,0.1355360821582005,0.008368703677856647,0.09829979447752772,0.622936058903089
0,4,Root-only,"X2, X3, X4",3,8,test,0.12916779449393648,0.023163231891628777,0.09839327484889679,0.6456511329410133
0,4,Root-only,"X2, X3, X4",3,9,test,0.1672871965340286,0.009361055410049267,0.1224392434939669,0.6351905265348511
0,4,Treatment-parent,"X1, X2, X3, X4",4,0,test,0.21325397627840248,0.036406102153488655,0.1588191542348948,0.6345754350653318
0,4,Treatment-parent,"X1, X2, X3, X4",4,1,test,0.19245937247479103,-0.01804005212318765,0.14429067494261294,0.6685277171320169
0,4,Treatment-parent,"X1, X2, X3, X4",4,2,test,0.29978788310956145,-0.03006121825026432,0.17719845844958587,0.696328506222438
0,4,Treatment-parent,"X1, X2, X3, X4",4,3,test,0.23851690739279577,0.0025057422837884303,0.16736798740073372,0.695936827915568
0,4,Treatment-parent,"X1, X2, X3, X4",4,4,test,0.29520120876264494,-0.03796498998019681,0.17186208552488605,0.7058504892547223
0,4,Treatment-parent,"X1, X2, X3, X4",4,5,test,0.29348885260757474,-0.006643193197920391,0.19570844691506015,0.6570209366620023
0,4,Treatment-parent,"X1, X2, X3, X4",4,6,test,0.2281096489166971,-0.021703798786551022,0.1599771953951609,0.6376702176702014
0,4,Treatment-parent,"X1, X2, X3, X4",4,7,test,0.26266981430454794,-0.036421838996371345,0.17625023725428643,0.6511418856999114
0,4,Treatment-parent,"X1, X2, X3, X4",4,8,test,0.19905570185279148,0.05723355629756059,0.15541729134190216,0.6564958143895329
0,4,Treatment-parent,"X1, X2, X3, X4",4,9,test,0.2343382700127904,0.003882145612194101,0.17499923984005225,0.6262286751536453
0,4,Outcome-parent,"X3, X4, X5",3,0,test,0.12885512915416664,-0.031246785582729704,0.07497440618344896,0.5110168988853544
0,4,Outcome-parent,"X3, X4, X5",3,1,test,0.12189539022238659,-0.03602604511126667,0.07995062127739642,0.5255342094172536
0,4,Outcome-parent,"X3, X4, X5",3,2,test,0.07940132094412607,-0.016789871434200406,0.05155246946211066,0.5084715381406348
0,4,Outcome-parent,"X3, X4, X5",3,3,test,0.10774435447563067,-0.008684041995318923,0.07875375279962105,0.5059094614926087
0,4,Outcome-parent,"X3, X4, X5",3,4,test,0.1100287709650045,-0.035792014119091324,0.06664388563300573,0.547694601923069
0,4,Outcome-parent,"X3, X4, X5",3,5,test,0.09107778361998785,-0.010661276295510865,0.06578751609337141,0.503058379603136
0,4,Outcome-parent,"X3, X4, X5",3,6,test,0.08425107984390377,0.00042282373151657465,0.054876961078348274,0.497537648877571
0,4,Outcome-parent,"X3, X4, X5",3,7,test,0.0813085941867254,0.012518790062531808,0.05874862345204754,0.504597289470213
0,4,Outcome-parent,"X3, X4, X5",3,8,test,0.09103997720427816,-0.005199436685084016,0.060833101390779895,0.5260845950867752
0,4,Outcome-parent,"X3, X4, X5",3,9,test,0.07171332689820398,-0.00341257533401688,0.052302274536323225,0.5101282373456306
0,4,GCI-guided valid,"X3, X4, X5",3,0,test,0.12885512915416664,-0.031246785582729704,0.07497440618344896,0.5110168988853544
0,4,GCI-guided valid,"X3, X4, X5",3,1,test,0.12189539022238659,-0.03602604511126667,0.07995062127739642,0.5255342094172536
0,4,GCI-guided valid,"X3, X4, X5",3,2,test,0.07940132094412607,-0.016789871434200406,0.05155246946211066,0.5084715381406348
0,4,GCI-guided valid,"X3, X4, X5",3,3,test,0.10774435447563067,-0.008684041995318923,0.07875375279962105,0.5059094614926087
0,4,GCI-guided valid,"X3, X4, X5",3,4,test,0.1100287709650045,-0.035792014119091324,0.06664388563300573,0.547694601923069
0,4,GCI-guided valid,"X3, X4, X5",3,5,test,0.09107778361998785,-0.010661276295510865,0.06578751609337141,0.503058379603136
0,4,GCI-guided valid,"X3, X4, X5",3,6,test,0.08425107984390377,0.00042282373151657465,0.054876961078348274,0.497537648877571
0,4,GCI-guided valid,"X3, X4, X5",3,7,test,0.0813085941867254,0.012518790062531808,0.05874862345204754,0.504597289470213
0,4,GCI-guided valid,"X3, X4, X5",3,8,test,0.09103997720427816,-0.005199436685084016,0.060833101390779895,0.5260845950867752
0,4,GCI-guided valid,"X3, X4, X5",3,9,test,0.07171332689820398,-0.00341257533401688,0.052302274536323225,0.5101282373456306
1,1,No adjustment,--,0,0,test,0.20563569465369125,0.1360895945691801,0.1766024569179473,0.9754517737765372
1,1,No adjustment,--,0,1,test,0.23439018207294826,0.09642619380356908,0.17261956761938163,0.9041537161570711
1,1,No adjustment,--,0,2,test,0.21871357708877273,0.06997239420456286,0.14680838735508034,0.9311587052240378
1,1,No adjustment,--,0,3,test,0.2414325336819043,0.1264705462877226,0.20036144383095242,1.0049968526053703
1,1,No adjustment,--,0,4,test,0.22563009885281501,0.10838285043936252,0.17214894034040004,0.9359496582522033
1,1,No adjustment,--,0,5,test,0.2422712027189774,0.07517161911981513,0.18165455897148175,0.9231054666204852
1,1,No adjustment,--,0,6,test,0.17325829647777016,0.13295602438724732,0.15792373020495173,0.9159998144374802
1,1,No adjustment,--,0,7,test,0.20744149005181656,0.10176018243676441,0.1586723811609708,0.964722099312798
1,1,No adjustment,--,0,8,test,0.2363801661108605,0.10127979634836394,0.18851566290561805,0.9458455343956855
1,1,No adjustment,--,0,9,test,0.21520155691928058,0.13309935089385677,0.18133178214823478,0.9617853313780846
1,1,All covariates,"X1, X2, X3, X4, X5, X6, X7, X8",8,0,test,0.46558367149101176,-0.29708842208613345,0.36850042876914796,0.5296725169520563
1,1,All covariates,"X1, X2, X3, X4, X5, X6, X7, X8",8,1,test,0.45633952395397614,-0.29876547426809225,0.3614020834610894,0.49644205640949374
1,1,All covariates,"X1, X2, X3, X4, X5, X6, X7, X8",8,2,test,0.5047929933301617,-0.33029342872899103,0.3881639345344476,0.5065238545583879
1,1,All covariates,"X1, X2, X3, X4, X5, X6, X7, X8",8,3,test,0.4744590801785391,-0.32406883761839195,0.37783993521001774,0.5029255317054695
1,1,All covariates,"X1, X2, X3, X4, X5, X6, X7, X8",8,4,test,0.44538199639792164,-0.3239731677013665,0.3678874152685331,0.4943346295377787
1,1,All covariates,"X1, X2, X3, X4, X5, X6, X7, X8",8,5,test,0.5046562271627237,-0.3083395688019522,0.40221276721792043,0.4751601977194509
1,1,All covariates,"X1, X2, X3, X4, X5, X6, X7, X8",8,6,test,0.5991753324627027,-0.35694149797044994,0.4585792775623789,0.5509537370099011
1,1,All covariates,"X1, X2, X3, X4, X5, X6, X7, X8",8,7,test,0.47592832481433495,-0.3355146465481758,0.3836615296937291,0.511857424992741
1,1,All covariates,"X1, X2, X3, X4, X5, X6, X7, X8",8,8,test,0.4628641365646089,-0.2828411157468953,0.3729640680302452,0.5198810908958685
1,1,All covariates,"X1, X2, X3, X4, X5, X6, X7, X8",8,9,test,0.4004447891543064,-0.2691513666710829,0.3320659575929378,0.5219217646812929
1,1,Root-only,X3,1,0,test,0.29222066129190344,-0.13743552029172829,0.1946070289911693,0.9043325787973933
1,1,Root-only,X3,1,1,test,0.23532939034153455,-0.11070968313400938,0.16855343375261791,0.8349062258636126
1,1,Root-only,X3,1,2,test,0.24436602042456584,-0.11538803755110887,0.17462888903929571,0.839555817164049
1,1,Root-only,X3,1,3,test,0.26167578848514744,-0.10296428160504568,0.17885935020011848,0.8871426310029562
1,1,Root-only,X3,1,4,test,0.2542062374996905,-0.12282925063196105,0.16990144912709942,0.842935344906773
1,1,Root-only,X3,1,5,test,0.31562229620790283,-0.16754055992090325,0.2289354395672522,0.8320369089692657
1,1,Root-only,X3,1,6,test,0.13675700733032237,-0.040010943795857824,0.10274200427206281,0.89737158262734
1,1,Root-only,X3,1,7,test,0.20600879079446444,-0.09636338755501668,0.12652202395131004,0.8856662826086896
1,1,Root-only,X3,1,8,test,0.27982537183426487,-0.15066834229823176,0.1827887074956721,0.8650353890616199
1,1,Root-only,X3,1,9,test,0.22333958031260936,-0.0972262684309584,0.1503143064229063,0.8947473608770704
1,1,Treatment-parent,"X2, X3",2,0,test,0.5765082355788103,-0.25943691781924777,0.36387962494202836,0.9082925222369834
1,1,Treatment-parent,"X2, X3",2,1,test,0.5030361067081297,-0.3050711674236239,0.35943204118307354,0.8481068549433766
1,1,Treatment-parent,"X2, X3",2,2,test,0.344242244124367,-0.18509154363802854,0.2319215403711926,0.828666654539529
1,1,Treatment-parent,"X2, X3",2,3,test,0.4297625846280216,-0.2622462543334756,0.31100011919355564,0.8683256363843856
1,1,Treatment-parent,"X2, X3",2,4,test,0.40120482825121934,-0.20980644339235927,0.2530373148751995,0.8240463973215478
1,1,Treatment-parent,"X2, X3",2,5,test,0.5487203770071067,-0.32997441332475036,0.3824515227978544,0.8314094541898803
1,1,Treatment-parent,"X2, X3",2,6,test,0.5074784203414023,-0.18022297233173026,0.2693718982992515,0.8239139225182188
1,1,Treatment-parent,"X2, X3",2,7,test,0.45748109555360333,-0.25976382126146824,0.30028531597394237,0.8786249568788927
1,1,Treatment-parent,"X2, X3",2,8,test,0.43968631191582996,-0.2342698372216434,0.2707253826406997,0.8774348034168833
1,1,Treatment-parent,"X2, X3",2,9,test,0.3680127656326603,-0.1786590384714858,0.23680979396965388,0.8903688596824298
1,1,Outcome-parent,"X4, X5",2,0,test,0.15619765403447014,-0.048223823967437886,0.08304951563299305,0.5369417782825904
1,1,Outcome-parent,"X4, X5",2,1,test,0.1370342094384084,-0.036426619508916895,0.0694096628715012,0.5218308282371352
1,1,Outcome-parent,"X4, X5",2,2,test,0.13105453239130102,-0.04375962761061571,0.06935291464859615,0.5186476824245103
1,1,Outcome-parent,"X4, X5",2,3,test,0.11321270802306299,-0.01208871477963218,0.062404089046461164,0.5391675205929509
1,1,Outcome-parent,"X4, X5",2,4,test,0.14183518616688195,-0.05014166266164994,0.07773368910664581,0.5186284708299239
1,1,Outcome-parent,"X4, X5",2,5,test,0.15065975215070426,-0.04595872408405574,0.07951448707261011,0.4907143375775971
1,1,Outcome-parent,"X4, X5",2,6,test,0.1006881277849847,-0.026888615695304652,0.06876194280601057,0.5103546783440255
1,1,Outcome-parent,"X4, X5",2,7,test,0.17456313528200054,-0.06989418746912592,0.0860732419669307,0.5418584978036931
1,1,Outcome-parent,"X4, X5",2,8,test,0.18557332480454314,-0.061275299669473406,0.08802131737773475,0.5180912359636101
1,1,Outcome-parent,"X4, X5",2,9,test,0.10898724661643588,-0.026684369353352003,0.06034675728682828,0.504450164142301
1,1,GCI-guided valid,X5,1,0,test,0.1121504027320124,-0.015519306532094275,0.0822277678597506,0.739060343419158
1,1,GCI-guided valid,X5,1,1,test,0.12332266914781721,-0.046979526534583926,0.07843448829623731,0.7405481014835923
1,1,GCI-guided valid,X5,1,2,test,0.1487329829889518,-0.06996493182909855,0.10251527654427238,0.7540775315954102
1,1,GCI-guided valid,X5,1,3,test,0.11855508491638421,-0.013971288130083295,0.06935810137878123,0.7806815494114364
1,1,GCI-guided valid,X5,1,4,test,0.12302278339089746,-0.05216319510337635,0.07497328594010252,0.7297656948431576
1,1,GCI-guided valid,X5,1,5,test,0.1296952732842089,-0.05751532953337237,0.08088710204940285,0.705202697650438
1,1,GCI-guided valid,X5,1,6,test,0.09195471425634744,-0.028478093398270024,0.07155871928057371,0.7224451287127942
1,1,GCI-guided valid,X5,1,7,test,0.12768097960062158,-0.04275607862754286,0.07879475837787103,0.7399795638239586
1,1,GCI-guided valid,X5,1,8,test,0.13063073429054256,-0.03665384696292227,0.06515125267793775,0.7463975418009287
1,1,GCI-guided valid,X5,1,9,test,0.1023848335463411,-0.035118565135990466,0.062181469075576645,0.7776690652263603
1,2,No adjustment,--,0,0,test,0.3725690449959889,0.26312433356473797,0.3143072070854091,1.1237051832861435
1,2,No adjustment,--,0,1,test,0.3886758475406848,0.2782182256263941,0.3378241221550571,1.1046492664518672
1,2,No adjustment,--,0,2,test,0.45159512806746993,0.30380805232852653,0.3782920400587032,1.0503437069855326
1,2,No adjustment,--,0,3,test,0.4456039164587754,0.27407506694400696,0.35769893762514465,1.0469404405264449
1,2,No adjustment,--,0,4,test,0.5690938787456185,0.20194067335437194,0.4003662468262656,1.1047549757585404
1,2,No adjustment,--,0,5,test,0.5476741075024885,0.2133467958670452,0.36754682495575514,1.0718961693941231
1,2,No adjustment,--,0,6,test,0.4288577104506221,0.21877608275793325,0.3450774219866176,1.1098075672872312
1,2,No adjustment,--,0,7,test,0.4917615831288008,0.2588539104604416,0.3777267053870877,1.1415823717404363
1,2,No adjustment,--,0,8,test,0.5753755113936483,0.18961699038554755,0.3752726932578113,1.122131789213197
1,2,No adjustment,--,0,9,test,0.42691481858190095,0.2719471983060797,0.3484811475224394,1.1318929946392673
1,2,All covariates,"X1, X2, X3, X4, X5, X6, X7, X8, X9",9,0,test,0.5467475212854555,-0.16893321988379584,0.4505714400943821,0.5574343715719527
1,2,All covariates,"X1, X2, X3, X4, X5, X6, X7, X8, X9",9,1,test,0.623729297511188,-0.19337500614652697,0.5206963307985601,0.5302896044082185
1,2,All covariates,"X1, X2, X3, X4, X5, X6, X7, X8, X9",9,2,test,0.5820752372484143,-0.07347349064261675,0.48790047434416883,0.5957445074582648
1,2,All covariates,"X1, X2, X3, X4, X5, X6, X7, X8, X9",9,3,test,0.6528878314081713,-0.09677934135927312,0.5224528280098989,0.5572514852742879
1,2,All covariates,"X1, X2, X3, X4, X5, X6, X7, X8, X9",9,4,test,0.5678450391423554,-0.07023593528080475,0.45025634967977446,0.5477225425469414
1,2,All covariates,"X1, X2, X3, X4, X5, X6, X7, X8, X9",9,5,test,0.596546167485944,-0.15625106751357565,0.4857573393181945,0.5601062309645316
1,2,All covariates,"X1, X2, X3, X4, X5, X6, X7, X8, X9",9,6,test,0.5281507885628569,-0.14750524454269248,0.41697911656480063,0.5040929703707326
1,2,All covariates,"X1, X2, X3, X4, X5, X6, X7, X8, X9",9,7,test,0.6006891628875981,-0.12860988138524945,0.48375305252679446,0.6074561946645649
1,2,All covariates,"X1, X2, X3, X4, X5, X6, X7, X8, X9",9,8,test,0.5805900345238069,-0.18087608588241125,0.4710299410856243,0.6236521157765548
1,2,All covariates,"X1, X2, X3, X4, X5, X6, X7, X8, X9",9,9,test,0.6763819209566058,-0.21394762831810918,0.5543319865665168,0.5636370417438086
1,2,Root-only,X3,1,0,test,0.3925030315710985,-0.10418285610609793,0.27360246150843465,1.082474049304231
1,2,Root-only,X3,1,1,test,0.3352988254234037,-0.0862500607591351,0.2208293686698768,1.0758832981097772
1,2,Root-only,X3,1,2,test,0.36988244214870336,-0.025141002000353175,0.23567533964299836,1.0100277614063684
1,2,Root-only,X3,1,3,test,0.3995182093182675,-0.06739244240090159,0.2309227917848582,1.0178372936815276
1,2,Root-only,X3,1,4,test,0.5726725299801568,-0.12988511019382354,0.30496431701457655,1.0413284116581225
1,2,Root-only,X3,1,5,test,0.6923591192939312,-0.21783883041573812,0.34290233059665676,1.0511382898714776
1,2,Root-only,X3,1,6,test,0.41445563509605915,-0.10794645029183401,0.2520271564736165,1.0604413019812708
1,2,Root-only,X3,1,7,test,0.49550261175539667,-0.08135795881086712,0.2581430229748228,1.0814965068099365
1,2,Root-only,X3,1,8,test,0.5902066336124334,-0.12963794129330905,0.2787077238826342,1.074292365838354
1,2,Root-only,X3,1,9,test,0.33683378721998913,-0.034529777333885195,0.21270541795768338,1.0726197908836526
1,2,Treatment-parent,"X2, X3",2,0,test,0.42916174880207425,-0.10179416964208927,0.31574689377641596,1.0813513457300798
1,2,Treatment-parent,"X2, X3",2,1,test,0.3491927449415883,-0.07184058961949269,0.2322123850961333,1.0722483528778226
1,2,Treatment-parent,"X2, X3",2,2,test,0.4241413867010578,0.04374888510218294,0.2753082442319592,1.0511342656776475
1,2,Treatment-parent,"X2, X3",2,3,test,0.4270502591880785,0.017971137220519184,0.2757036502846759,1.0631155745377128
1,2,Treatment-parent,"X2, X3",2,4,test,0.5889137485537341,-0.08912066453971093,0.3553909176337597,1.0378302414008636
1,2,Treatment-parent,"X2, X3",2,5,test,0.6241386071065445,-0.098072545895494,0.3627503048291011,1.0573699936322096
1,2,Treatment-parent,"X2, X3",2,6,test,0.4300343159126171,0.006183795076413492,0.2818174705453886,1.0895263543277973
1,2,Treatment-parent,"X2, X3",2,7,test,0.4886399240583897,-0.0820514247134154,0.2815808311545125,1.0791977317757517
1,2,Treatment-parent,"X2, X3",2,8,test,0.5928097232754038,-0.13431540813506576,0.29951717138558215,1.0783620491223112
1,2,Treatment-parent,"X2, X3",2,9,test,0.426621196331376,-0.04487855945425592,0.2826837971385521,1.0849262443110448
1,2,Outcome-parent,"X6, X7, X8",3,0,test,0.566063078389201,-0.23317868998849073,0.4991009182368894,0.5427715870512982
1,2,Outcome-parent,"X6, X7, X8",3,1,test,0.5811598079558582,-0.17655181169971287,0.5210172995458057,0.5223078203109832
1,2,Outcome-parent,"X6, X7, X8",3,2,test,0.5438852731406736,-0.17483973468128136,0.48011065779941686,0.574858919963628
1,2,Outcome-parent,"X6, X7, X8",3,3,test,0.576694511322583,-0.19859778366650105,0.5065396235818185,0.49855821166116127
1,2,Outcome-parent,"X6, X7, X8",3,4,test,0.47587107526470745,-0.12078245055405491,0.41259820944610276,0.5142350285428959
1,2,Outcome-parent,"X6, X7, X8",3,5,test,0.5480087393227443,-0.22160419948675586,0.4809434393084174,0.519475544751245
1,2,Outcome-parent,"X6, X7, X8",3,6,test,0.5062159648167391,-0.1877701594903245,0.44948502980705257,0.5182767263254078
1,2,Outcome-parent,"X6, X7, X8",3,7,test,0.5526245977760547,-0.19958001712698212,0.49014077078509066,0.5239931026601752
1,2,Outcome-parent,"X6, X7, X8",3,8,test,0.5757419547099756,-0.2139439527018385,0.5034906003489131,0.5580258444077052
1,2,Outcome-parent,"X6, X7, X8",3,9,test,0.5913281445506481,-0.24387191693652027,0.5267553001358182,0.5481066401288297
1,2,GCI-guided valid,X7,1,0,test,0.262231585837047,0.03296123268613265,0.20109428720449476,0.967462248516932
1,2,GCI-guided valid,X7,1,1,test,0.25438485626506335,0.03821420811967493,0.1851199317439477,0.9946866578352087
1,2,GCI-guided valid,X7,1,2,test,0.3250023391850778,0.04653668167383192,0.2249529441376056,0.9770621993973647
1,2,GCI-guided valid,X7,1,3,test,0.3290309407948324,0.027925325672018768,0.2047887348857901,0.9177313178470272
1,2,GCI-guided valid,X7,1,4,test,0.4666460300790852,0.001014308540348953,0.2503331510320764,0.9668699028986197
1,2,GCI-guided valid,X7,1,5,test,0.49892291931592986,-0.05760780438203111,0.22629178122629223,0.9525023449296754
1,2,GCI-guided valid,X7,1,6,test,0.3374610796324041,-0.002658182403195027,0.20684925868032125,1.008889695560913
1,2,GCI-guided valid,X7,1,7,test,0.3693285965598704,0.045947330930092754,0.21471914862541694,0.9776014464817081
1,2,GCI-guided valid,X7,1,8,test,0.5176756698994804,-0.03381795880208304,0.23975781904241325,0.9830330577345072
1,2,GCI-guided valid,X7,1,9,test,0.3003638241156343,0.03976695459437229,0.19415581059174916,0.976722008411066
1,3,No adjustment,--,0,0,test,0.2357418063541464,0.14318880278776636,0.20380908881142729,0.9717184158862404
1,3,No adjustment,--,0,1,test,0.25167908565334957,0.15410549542252389,0.22489231678610608,0.9992801032361005
1,3,No adjustment,--,0,2,test,0.23253596281701874,0.16254966693001366,0.20391902665914058,1.006728487735338
1,3,No adjustment,--,0,3,test,0.257852665560603,0.15319693464147663,0.20903667310310386,1.0101169089232884
1,3,No adjustment,--,0,4,test,0.24247897252083067,0.1698832757602081,0.21483389326152028,1.037472520153704
1,3,No adjustment,--,0,5,test,0.2648370386886929,0.1254758438000322,0.21159357682479946,0.9925963717993371
1,3,No adjustment,--,0,6,test,0.25101658013942085,0.15415661378991022,0.21157427096683679,1.0398301054485135
1,3,No adjustment,--,0,7,test,0.3232281676198985,0.06993784406343563,0.23452450713168219,1.0070944228068746
1,3,No adjustment,--,0,8,test,0.24656100175185913,0.14242788811440954,0.1953695687718245,1.040940234548843
1,3,No adjustment,--,0,9,test,0.23698520399645046,0.15068417209737986,0.20818903553492576,1.0132894730462414
1,3,All covariates,"X1, X2, X3, X4, X5, X6, X7",7,0,test,0.47093024106906317,-0.16288417167527414,0.3624742464307921,0.4741334278008643
1,3,All covariates,"X1, X2, X3, X4, X5, X6, X7",7,1,test,0.4808028620403605,-0.19613471626892276,0.37330072516915713,0.4821983872210286
1,3,All covariates,"X1, X2, X3, X4, X5, X6, X7",7,2,test,0.44747161034419514,-0.19363188593722713,0.34952828348883275,0.47790050519837557
1,3,All covariates,"X1, X2, X3, X4, X5, X6, X7",7,3,test,0.4780789242785149,-0.17102510128373397,0.37787363384563954,0.44579092927358993
1,3,All covariates,"X1, X2, X3, X4, X5, X6, X7",7,4,test,0.5372729766436289,-0.14265980891170219,0.4040381576173416,0.46304019883960756
1,3,All covariates,"X1, X2, X3, X4, X5, X6, X7",7,5,test,0.5618150048853283,-0.11287479672895148,0.40784572399928776,0.48271418193031024
1,3,All covariates,"X1, X2, X3, X4, X5, X6, X7",7,6,test,0.4792585875832833,-0.12485044825929989,0.3642880511055004,0.4534725226766992
1,3,All covariates,"X1, X2, X3, X4, X5, X6, X7",7,7,test,0.6161773650445019,-0.06037520045807187,0.4546589279105449,0.5191256310455956
1,3,All covariates,"X1, X2, X3, X4, X5, X6, X7",7,8,test,0.4141513482009579,-0.09866163624622477,0.3139357531962371,0.44601291486777156
1,3,All covariates,"X1, X2, X3, X4, X5, X6, X7",7,9,test,0.5964670157792779,-0.3095499353772097,0.4305425147363688,0.48646086023187973
1,3,Root-only,X3,1,0,test,0.2543492144864402,-0.04269864615701525,0.16463170050872994,0.8761715705469576
1,3,Root-only,X3,1,1,test,0.17318425199749207,-0.029627456311694472,0.11274347897651313,0.8790252692571857
1,3,Root-only,X3,1,2,test,0.2856609410133369,-0.07954201197760995,0.1745136492477636,0.9013554139028773
1,3,Root-only,X3,1,3,test,0.29368903791514256,-0.08130679946744723,0.17534390523455956,0.9971723848592228
1,3,Root-only,X3,1,4,test,0.24380807363765708,-0.0003394310683478996,0.16317730252162968,0.9009858359503661
1,3,Root-only,X3,1,5,test,0.2794487830820446,-0.0779504707090771,0.16027159883288325,0.8897136964988368
1,3,Root-only,X3,1,6,test,0.21086336452004245,-0.0026200851425877934,0.13267599098271707,0.9227318793697424
1,3,Root-only,X3,1,7,test,0.34459237318576824,-0.11040896373508474,0.21073268717842714,0.9424921504431033
1,3,Root-only,X3,1,8,test,0.23373515889849358,-0.04610710875060273,0.11948296467095801,0.9258025971402137
1,3,Root-only,X3,1,9,test,0.18549307864197434,-0.03140305594944039,0.10442697900383592,0.925222541744773
1,3,Treatment-parent,"X2, X3",2,0,test,0.3239337132366288,0.026958191906778246,0.2208303879944545,0.8972110000239228
1,3,Treatment-parent,"X2, X3",2,1,test,0.2530838164635466,-0.012511983528719859,0.18107559054402592,0.8778288740311425
1,3,Treatment-parent,"X2, X3",2,2,test,0.354431174787105,-0.00500387675617951,0.2473335709171501,0.9066743721481056
1,3,Treatment-parent,"X2, X3",2,3,test,0.297835982164456,-0.08866137470683666,0.17723456738215632,0.9910043845336023
1,3,Treatment-parent,"X2, X3",2,4,test,0.4085668197151195,0.09064355263649965,0.29539092317464083,0.9028477350925903
1,3,Treatment-parent,"X2, X3",2,5,test,0.38835865582421986,-0.09679404593214687,0.23873210323864186,0.9022968360278308
1,3,Treatment-parent,"X2, X3",2,6,test,0.39946451113769843,0.13413956354029608,0.2835203606765121,0.9240033880077791
1,3,Treatment-parent,"X2, X3",2,7,test,0.3912723374820937,-0.046749379736698744,0.2623003691553301,0.9533848987485208
1,3,Treatment-parent,"X2, X3",2,8,test,0.3422432606769429,-0.015334095838796535,0.20224763144792268,0.9371351662060493
1,3,Treatment-parent,"X2, X3",2,9,test,0.36211805015784687,-0.06428040556902104,0.21042779141014828,0.9553336763921855
1,3,Outcome-parent,"X4, X5",2,0,test,0.10229872443522241,0.006335289811015826,0.049719234351999694,0.49580374587204923
1,3,Outcome-parent,"X4, X5",2,1,test,0.08493363514096099,0.020338972803804502,0.05062532915511089,0.5029206509506058
1,3,Outcome-parent,"X4, X5",2,2,test,0.09611979894900276,0.0053456006133609105,0.048690683891291636,0.4976399536285515
1,3,Outcome-parent,"X4, X5",2,3,test,0.1139040885266805,0.0215531242606444,0.057682607264410525,0.4818352661152946
1,3,Outcome-parent,"X4, X5",2,4,test,0.09219055793060969,0.02180691810331932,0.052228838846531705,0.4769062703379236
1,3,Outcome-parent,"X4, X5",2,5,test,0.10824588014557543,0.011541486873305059,0.059266239179364945,0.5070013595766627
1,3,Outcome-parent,"X4, X5",2,6,test,0.09710577743724479,0.019822940459017297,0.05522588080779542,0.48238785124656586
1,3,Outcome-parent,"X4, X5",2,7,test,0.12808545463548152,0.003126710663130391,0.06316626387381681,0.5399328485501391
1,3,Outcome-parent,"X4, X5",2,8,test,0.11811452605298815,0.010034831045286366,0.05595223572058944,0.4920006264271142
1,3,Outcome-parent,"X4, X5",2,9,test,0.09200139095910742,-0.00670421043788482,0.04687926707716415,0.47877300328614997
1,3,GCI-guided valid,X5,1,0,test,0.10093704084594687,-2.131090543477358e-05,0.04735301218568863,0.712023999763947
1,3,GCI-guided valid,X5,1,1,test,0.09553918889590615,0.017560458284480072,0.06349086117399776,0.6963459543879189
1,3,GCI-guided valid,X5,1,2,test,0.10603925504673431,0.006278686528857194,0.06378967201620842,0.6940132872887935
1,3,GCI-guided valid,X5,1,3,test,0.11306952805224253,0.015668216326326975,0.05932190330929226,0.7189139736755955
1,3,GCI-guided valid,X5,1,4,test,0.0990664777245047,0.032412462933826894,0.0633044832547646,0.6981130979288268
1,3,GCI-guided valid,X5,1,5,test,0.1178642289053773,0.010742802810513371,0.07216851820652424,0.7061335352476411
1,3,GCI-guided valid,X5,1,6,test,0.11070154590127783,0.021905392874476928,0.06193805257523588,0.7408990888919204
1,3,GCI-guided valid,X5,1,7,test,0.16221847234730466,-0.0181936580900044,0.08268869433454616,0.788223147925968
1,3,GCI-guided valid,X5,1,8,test,0.12087402908876793,0.009971069366698098,0.0728476722311826,0.7235563314625562
1,3,GCI-guided valid,X5,1,9,test,0.09343630827809381,0.003085277500982761,0.05466592767544993,0.7193263905330934
1,4,No adjustment,--,0,0,test,0.517300883019577,0.5131925699149025,0.5141967238508622,0.9041668094286797
1,4,No adjustment,--,0,1,test,0.5272714281011109,0.518544595690853,0.5253985207817374,0.8807939200937431
1,4,No adjustment,--,0,2,test,0.5088766060968851,0.5023478602098653,0.5058633625063835,0.8619214684991959
1,4,No adjustment,--,0,3,test,0.5308306572237815,0.5237699071632829,0.528206660259315,0.8701262892747664
1,4,No adjustment,--,0,4,test,0.5138923971108,0.4930715618030941,0.5085961976179425,0.9900473353982983
1,4,No adjustment,--,0,5,test,0.5045873816932467,0.4964202555868268,0.5026362092219055,0.9145607853091516
1,4,No adjustment,--,0,6,test,0.5018787461780475,0.49032773711733835,0.498316086619523,0.8864454119300305
1,4,No adjustment,--,0,7,test,0.524574877882885,0.5183827254647558,0.5214154183286887,0.8974469232727423
1,4,No adjustment,--,0,8,test,0.506638674672665,0.5049079413362096,0.5049079413362096,0.9229894574732632
1,4,No adjustment,--,0,9,test,0.5283496909284373,0.523182549118338,0.5262624353143296,0.8738625586904812
1,4,All covariates,"X1, X2, X3, X4, X5, X6, X7",7,0,test,0.28379799501520764,-0.13794799589635698,0.21543814484051532,0.5075071528327234
1,4,All covariates,"X1, X2, X3, X4, X5, X6, X7",7,1,test,0.27746409742644557,-0.1275946135426151,0.20464913389686945,0.47787027558703227
1,4,All covariates,"X1, X2, X3, X4, X5, X6, X7",7,2,test,0.2918869929459892,-0.13190024074148443,0.23038534902129604,0.500345310503951
1,4,All covariates,"X1, X2, X3, X4, X5, X6, X7",7,3,test,0.3489168871575503,-0.19944014998475135,0.25224894504354994,0.5329851198473033
1,4,All covariates,"X1, X2, X3, X4, X5, X6, X7",7,4,test,0.27584680921059423,-0.10682134287621196,0.20785970992093594,0.5003929987315584
1,4,All covariates,"X1, X2, X3, X4, X5, X6, X7",7,5,test,0.3150015951553234,-0.0484696997601213,0.23217551200039865,0.5538023594286169
1,4,All covariates,"X1, X2, X3, X4, X5, X6, X7",7,6,test,0.314221324198104,-0.016677936697626804,0.22194247148544027,0.4862385531837733
1,4,All covariates,"X1, X2, X3, X4, X5, X6, X7",7,7,test,0.3571243477660291,-0.1339897085620723,0.2499254280602317,0.5225590134440176
1,4,All covariates,"X1, X2, X3, X4, X5, X6, X7",7,8,test,0.3109261221627795,-0.13654873433174888,0.23331623895468032,0.4993307709021275
1,4,All covariates,"X1, X2, X3, X4, X5, X6, X7",7,9,test,0.29283545387511073,-0.10059146309418002,0.21112129618362985,0.5250256522245917
1,4,Root-only,"X2, X3, X4",3,0,test,0.209438604991912,0.021946911857852615,0.14640275647139991,0.6845959912003111
1,4,Root-only,"X2, X3, X4",3,1,test,0.19952566899806465,-0.029754749891762397,0.1255698921635223,0.6736943750959032
1,4,Root-only,"X2, X3, X4",3,2,test,0.23996075045661522,-0.0521712628785561,0.16671624441713842,0.6744371108851944
1,4,Root-only,"X2, X3, X4",3,3,test,0.23655017663133024,-0.03121038651044943,0.14444250560001082,0.7092939099053049
1,4,Root-only,"X2, X3, X4",3,4,test,0.2047928852980226,-0.01027668187323792,0.13671095691984775,0.6996688638415454
1,4,Root-only,"X2, X3, X4",3,5,test,0.2996133338702459,-0.10034163615682347,0.1754950326030337,0.7028582852065575
1,4,Root-only,"X2, X3, X4",3,6,test,0.20637412487717452,-0.043681261213939,0.12926585736082866,0.6689192812249485
1,4,Root-only,"X2, X3, X4",3,7,test,0.19897797449035082,-0.04555398147780147,0.13392064865627376,0.6413659299908344
1,4,Root-only,"X2, X3, X4",3,8,test,0.19935048565224997,-0.05960123457561826,0.1390667822946994,0.6692491950173871
1,4,Root-only,"X2, X3, X4",3,9,test,0.1950828108223974,0.010634044220363147,0.14300009342617623,0.648604316078412
1,4,Treatment-parent,"X1, X2, X3, X4",4,0,test,0.3366746111331755,-0.015213267060524671,0.20885871540060183,0.6792168301124012
1,4,Treatment-parent,"X1, X2, X3, X4",4,1,test,0.3278804801812321,-0.016060889136550863,0.2001234439522679,0.662384528901976
1,4,Treatment-parent,"X1, X2, X3, X4",4,2,test,0.3885004286048028,-0.09105308523400689,0.2550705256518534,0.6850367785982372
1,4,Treatment-parent,"X1, X2, X3, X4",4,3,test,0.3672833715913619,-0.05140228372041639,0.22453727204035787,0.7093921823492321
1,4,Treatment-parent,"X1, X2, X3, X4",4,4,test,0.3203967816833904,-0.005226434326244469,0.2129745617631299,0.6917603079529576
1,4,Treatment-parent,"X1, X2, X3, X4",4,5,test,0.40795638855141414,-0.10444098936746009,0.24331488674132534,0.7039499035007053
1,4,Treatment-parent,"X1, X2, X3, X4",4,6,test,0.36244360034724143,-0.0745604597612112,0.21811310237223439,0.6750516787325653
1,4,Treatment-parent,"X1, X2, X3, X4",4,7,test,0.306692455453855,-0.012743710575405052,0.21770089664108308,0.6525067855570246
1,4,Treatment-parent,"X1, X2, X3, X4",4,8,test,0.3248920229368439,-0.08114026637990422,0.211931926345426,0.6753798961746996
1,4,Treatment-parent,"X1, X2, X3, X4",4,9,test,0.31073768065424556,0.03705191944756201,0.2273428707449093,0.671947347441245
1,4,Outcome-parent,"X3, X4, X5",3,0,test,0.08709636177654476,-0.01636641499476925,0.06558475294918849,0.5223540133081614
1,4,Outcome-parent,"X3, X4, X5",3,1,test,0.14787117525781132,-0.018842027177621786,0.0740470777398291,0.5097933533750665
1,4,Outcome-parent,"X3, X4, X5",3,2,test,0.1228413836795495,-0.033080943735222676,0.08346848303555564,0.5155383344168611
1,4,Outcome-parent,"X3, X4, X5",3,3,test,0.15273499999658444,-0.03178494552915888,0.08591657945816557,0.5385323855519875
1,4,Outcome-parent,"X3, X4, X5",3,4,test,0.16686914495881874,-0.03496452882481649,0.07902570966479538,0.5450474759999993
1,4,Outcome-parent,"X3, X4, X5",3,5,test,0.12874907034226726,-0.01804100782870872,0.08305464973640046,0.509107660160409
1,4,Outcome-parent,"X3, X4, X5",3,6,test,0.09898882683646791,-0.02022426421055678,0.06549403523059591,0.5206791087866817
1,4,Outcome-parent,"X3, X4, X5",3,7,test,0.1269122544136768,-0.019387964941135455,0.08222679969071042,0.5451087763212162
1,4,Outcome-parent,"X3, X4, X5",3,8,test,0.100027911291713,-0.02866599727803506,0.0705091795734442,0.5215479947691016
1,4,Outcome-parent,"X3, X4, X5",3,9,test,0.10140513782952551,-0.008175121806259315,0.07149076977485017,0.5082230756360304
1,4,GCI-guided valid,"X3, X4, X5",3,0,test,0.08709636177654476,-0.01636641499476925,0.06558475294918849,0.5223540133081614
1,4,GCI-guided valid,"X3, X4, X5",3,1,test,0.14787117525781132,-0.018842027177621786,0.0740470777398291,0.5097933533750665
1,4,GCI-guided valid,"X3, X4, X5",3,2,test,0.1228413836795495,-0.033080943735222676,0.08346848303555564,0.5155383344168611
1,4,GCI-guided valid,"X3, X4, X5",3,3,test,0.15273499999658444,-0.03178494552915888,0.08591657945816557,0.5385323855519875
1,4,GCI-guided valid,"X3, X4, X5",3,4,test,0.16686914495881874,-0.03496452882481649,0.07902570966479538,0.5450474759999993
1,4,GCI-guided valid,"X3, X4, X5",3,5,test,0.12874907034226726,-0.01804100782870872,0.08305464973640046,0.509107660160409
1,4,GCI-guided valid,"X3, X4, X5",3,6,test,0.09898882683646791,-0.02022426421055678,0.06549403523059591,0.5206791087866817
1,4,GCI-guided valid,"X3, X4, X5",3,7,test,0.1269122544136768,-0.019387964941135455,0.08222679969071042,0.5451087763212162
1,4,GCI-guided valid,"X3, X4, X5",3,8,test,0.100027911291713,-0.02866599727803506,0.0705091795734442,0.5215479947691016
1,4,GCI-guided valid,"X3, X4, X5",3,9,test,0.10140513782952551,-0.008175121806259315,0.07149076977485017,0.5082230756360304
2,1,No adjustment,--,0,0,test,0.34631270645381446,0.12021059549760338,0.252629705862667,0.8764249701655192
2,1,No adjustment,--,0,1,test,0.35576198383402574,0.11747110877661442,0.26578082314634605,0.9014962219849295
2,1,No adjustment,--,0,2,test,0.4531937291898576,0.06967369803368248,0.3059385594944132,0.8782587972279842
2,1,No adjustment,--,0,3,test,0.3311936170544979,0.17586123900594808,0.28686724799058466,0.8925575188141859
2,1,No adjustment,--,0,4,test,0.516266098553312,0.0618388033571064,0.33464299995911206,0.8785893096207673
2,1,No adjustment,--,0,5,test,0.39027812348282553,0.08165361580942192,0.2869360620497066,0.9029776692605063
2,1,No adjustment,--,0,6,test,0.2931723508182723,0.1276899707549103,0.23560660712691156,0.8987330991974525
2,1,No adjustment,--,0,7,test,0.43317893751177255,0.11502722790548754,0.30482092474928996,0.9508630695089936
2,1,No adjustment,--,0,8,test,0.36686780370328936,0.12221524001226293,0.29202808110563466,0.9122287184797861
2,1,No adjustment,--,0,9,test,0.2986458251336524,0.13807800038374887,0.2525397653969942,0.9083261743116889
2,1,All covariates,"X1, X2, X3, X4, X5, X6, X7, X8",8,0,test,0.3953818831334288,-0.10205139160629173,0.28774747825702607,0.4965193394907344
2,1,All covariates,"X1, X2, X3, X4, X5, X6, X7, X8",8,1,test,0.3784632473130453,-0.1102278426777048,0.30023312434149724,0.5229254825729848
2,1,All covariates,"X1, X2, X3, X4, X5, X6, X7, X8",8,2,test,0.38295899497201963,-0.1446490322817069,0.29446044613462136,0.5020744832293146
2,1,All covariates,"X1, X2, X3, X4, X5, X6, X7, X8",8,3,test,0.4033147505441635,-0.07788252527353404,0.3099904881192335,0.5068526636560711
2,1,All covariates,"X1, X2, X3, X4, X5, X6, X7, X8",8,4,test,0.32573180033828225,-0.11117805969906103,0.24805846713307897,0.49566471300262843
2,1,All covariates,"X1, X2, X3, X4, X5, X6, X7, X8",8,5,test,0.3226499534455933,-0.14165204541892742,0.25542078800509815,0.5004924222044751
2,1,All covariates,"X1, X2, X3, X4, X5, X6, X7, X8",8,6,test,0.3483189467259174,-0.11173676035528692,0.27480948694216856,0.4916295806083673
2,1,All covariates,"X1, X2, X3, X4, X5, X6, X7, X8",8,7,test,0.3459220636742207,-0.10390318588890163,0.2741562441336312,0.5627898861946087
2,1,All covariates,"X1, X2, X3, X4, X5, X6, X7, X8",8,8,test,0.3609642782625091,-0.018585610915304456,0.2742841999752439,0.5346517064068076
2,1,All covariates,"X1, X2, X3, X4, X5, X6, X7, X8",8,9,test,0.40953933261204273,-0.06227199460140794,0.2959041214981955,0.5033011226705082
2,1,Root-only,X3,1,0,test,0.2744402637236816,0.09312659009443361,0.19957172003267662,0.8391013876980288
2,1,Root-only,X3,1,1,test,0.24835464439422858,0.07002726676937442,0.1811064931585751,0.836021015950986
2,1,Root-only,X3,1,2,test,0.3245458457079622,0.0040304304132663185,0.2086733095453268,0.7970492899843357
2,1,Root-only,X3,1,3,test,0.25948906488406326,0.09873788597207046,0.19480562865386924,0.838931921838725
2,1,Root-only,X3,1,4,test,0.354273697152663,-0.014288901457805819,0.20288427447013418,0.8494774479813699
2,1,Root-only,X3,1,5,test,0.23848388887272254,0.011241803152460128,0.16446551347934066,0.843115463424141
2,1,Root-only,X3,1,6,test,0.20735445408352868,0.0010960404063520871,0.133245433624608,0.8179777108792927
2,1,Root-only,X3,1,7,test,0.31992460936114303,0.01656579594038629,0.19834872862615313,0.8642870237937934
2,1,Root-only,X3,1,8,test,0.29168262727767547,0.049751714496333206,0.21041679886292305,0.8466726314181845
2,1,Root-only,X3,1,9,test,0.23429297294531368,0.06329320798351094,0.17645971408152464,0.842890267187064
2,1,Treatment-parent,"X2, X3",2,0,test,0.3451925817852905,0.09407836396556836,0.257526664642356,0.8384790643426264
2,1,Treatment-parent,"X2, X3",2,1,test,0.3709953599292755,0.09731849317317535,0.29056338089002404,0.8346488660161988
2,1,Treatment-parent,"X2, X3",2,2,test,0.4372503438736733,0.01048531148712009,0.32245196913212143,0.8013992533714974
2,1,Treatment-parent,"X2, X3",2,3,test,0.3899757374518143,0.13389320215209138,0.3055552070279583,0.8551922410687544
2,1,Treatment-parent,"X2, X3",2,4,test,0.4522568947182899,0.07520024774559422,0.3189656164614333,0.8700901720269711
2,1,Treatment-parent,"X2, X3",2,5,test,0.38458856366543676,0.1058085446008769,0.2943234887620145,0.8502747497128104
2,1,Treatment-parent,"X2, X3",2,6,test,0.2913229902599598,-0.010505916171876668,0.20196973022963358,0.8156706296731346
2,1,Treatment-parent,"X2, X3",2,7,test,0.35220939949174773,0.08227794091273329,0.2569516933449611,0.8631325071066579
2,1,Treatment-parent,"X2, X3",2,8,test,0.35514928449290106,0.035047449566060304,0.2635992258060825,0.8434181477867767
2,1,Treatment-parent,"X2, X3",2,9,test,0.40797543444813145,0.15402153209244243,0.3237957569213865,0.8488191289580861
2,1,Outcome-parent,"X4, X5",2,0,test,0.16563415657987066,-0.01923102608589934,0.057562656021969756,0.5328273092929828
2,1,Outcome-parent,"X4, X5",2,1,test,0.18465482437044664,-0.018111201068005366,0.08557660070273836,0.5042886392514497
2,1,Outcome-parent,"X4, X5",2,2,test,0.2383886133126644,-0.044118136141902,0.09554304314392177,0.5229472415891887
2,1,Outcome-parent,"X4, X5",2,3,test,0.13507220199828687,0.00457018481681928,0.07487692608842249,0.5050254857209201
2,1,Outcome-parent,"X4, X5",2,4,test,0.22921135436292492,-0.031559107274653726,0.08750061279155327,0.5149184519661774
2,1,Outcome-parent,"X4, X5",2,5,test,0.17843146008509517,-0.03532414269720042,0.07701620815273454,0.5225718203045866
2,1,Outcome-parent,"X4, X5",2,6,test,0.1589136402968548,-0.01156874249920108,0.07819680754953712,0.4991362792832662
2,1,Outcome-parent,"X4, X5",2,7,test,0.2057311991634964,-0.011787526474045684,0.08907851057292306,0.5305855771428964
2,1,Outcome-parent,"X4, X5",2,8,test,0.16478792220843336,-0.016448891240272795,0.07841551027112736,0.5072021735753856
2,1,Outcome-parent,"X4, X5",2,9,test,0.14457684721641412,0.0011825636292124282,0.08378535431606297,0.48458101860024555
2,1,GCI-guided valid,X5,1,0,test,0.26294919731966,-0.05451777310629845,0.12336957193882116,0.7483845819292709
2,1,GCI-guided valid,X5,1,1,test,0.25529720478250434,-0.055528443700267015,0.12335921258732209,0.7565527468690254
2,1,GCI-guided valid,X5,1,2,test,0.302855247728074,-0.06666698265724638,0.13861177477890776,0.7424025077554162
2,1,GCI-guided valid,X5,1,3,test,0.20236363590780265,-0.01648224615667367,0.10967617640515774,0.7499641590806713
2,1,GCI-guided valid,X5,1,4,test,0.38473808142095944,-0.09290210645615957,0.17372509592680735,0.7233347123385782
2,1,GCI-guided valid,X5,1,5,test,0.29025040804707397,-0.06862580849447536,0.1485922579396826,0.7462287477714685
2,1,GCI-guided valid,X5,1,6,test,0.2071297022777168,-0.03444296125875564,0.1011284275927058,0.7329544192796038
2,1,GCI-guided valid,X5,1,7,test,0.30095828549969394,-0.043463284249850305,0.13013643683945939,0.7927188980207762
2,1,GCI-guided valid,X5,1,8,test,0.2807811435387412,-0.05535335349048245,0.152438365154172,0.728378882419234
2,1,GCI-guided valid,X5,1,9,test,0.18074016051058064,-0.03400910244236868,0.10367711334439784,0.7213167463059821
2,2,No adjustment,--,0,0,test,0.43166621429988317,0.22062445175957984,0.3147119567971504,1.0511324044996422
2,2,No adjustment,--,0,1,test,0.4365098515062022,0.22493310915614279,0.34321226046661313,1.106749586203816
2,2,No adjustment,--,0,2,test,0.5177817281185225,0.17513114913524278,0.3283141324729268,1.0422985993950227
2,2,No adjustment,--,0,3,test,0.6924361767892084,0.10530206941488579,0.3869407790240853,1.138741128450904
2,2,No adjustment,--,0,4,test,0.6258621262443886,0.13900990101147,0.33549640763579963,1.1056431197301013
2,2,No adjustment,--,0,5,test,0.3976650020915842,0.23312206220522375,0.31821094404230754,1.053354491031772
2,2,No adjustment,--,0,6,test,0.48114132011789823,0.18673355840279968,0.34422421598664166,1.0277933818097797
2,2,No adjustment,--,0,7,test,0.4509470475365784,0.2065707458746716,0.3203882960857703,1.0770071575507882
2,2,No adjustment,--,0,8,test,0.6284434692710191,0.14127672435037983,0.36028267124228636,1.054439818800834
2,2,No adjustment,--,0,9,test,0.8235699515585699,0.08585930251030015,0.4227820769350054,1.074688878804002
2,2,All covariates,"X1, X2, X3, X4, X5, X6, X7, X8, X9",9,0,test,0.5482997355191398,-0.16078645199440295,0.4641447529050631,0.5184529614134702
2,2,All covariates,"X1, X2, X3, X4, X5, X6, X7, X8, X9",9,1,test,0.598136467417222,-0.22054640900199568,0.49851861465427966,0.5227417212416032
2,2,All covariates,"X1, X2, X3, X4, X5, X6, X7, X8, X9",9,2,test,0.6982738307427183,-0.2944906022983227,0.5835629899037094,0.5485481143724859
2,2,All covariates,"X1, X2, X3, X4, X5, X6, X7, X8, X9",9,3,test,0.6494718801035185,-0.2211511327320451,0.5366411155439283,0.5366587803056283
2,2,All covariates,"X1, X2, X3, X4, X5, X6, X7, X8, X9",9,4,test,0.6670980938553239,-0.1422838222974317,0.5604909990332682,0.5496557949914812
2,2,All covariates,"X1, X2, X3, X4, X5, X6, X7, X8, X9",9,5,test,0.6475459284197418,-0.08677067051659776,0.5406070342555158,0.4976841498097139
2,2,All covariates,"X1, X2, X3, X4, X5, X6, X7, X8, X9",9,6,test,0.716012639674759,-0.12247731559693258,0.5930487357246375,0.5417162854229793
2,2,All covariates,"X1, X2, X3, X4, X5, X6, X7, X8, X9",9,7,test,0.5982342513679924,-0.1485944895926741,0.5065378281120695,0.5691347625713135
2,2,All covariates,"X1, X2, X3, X4, X5, X6, X7, X8, X9",9,8,test,0.733449078672921,-0.15781712063736306,0.6049570616682604,0.5722012497959317
2,2,All covariates,"X1, X2, X3, X4, X5, X6, X7, X8, X9",9,9,test,0.6433400121131665,-0.15021210174315797,0.5406042095553277,0.5085302667237528
2,2,Root-only,X3,1,0,test,0.35103502307645124,0.0030200068333024886,0.2007966487508556,0.9869307787259788
2,2,Root-only,X3,1,1,test,0.3672498273562894,0.03413885936031366,0.22940608524158287,1.062172585422348
2,2,Root-only,X3,1,2,test,0.4556167915221938,-0.04930118526728508,0.2311997685670489,1.0063170179861511
2,2,Root-only,X3,1,3,test,0.6202967856590782,-0.10546544611613902,0.26443687923935455,1.1049180900046254
2,2,Root-only,X3,1,4,test,0.5870033587107384,-0.08832535386253541,0.226935179492011,1.0582193767808907
2,2,Root-only,X3,1,5,test,0.2999299003392715,-0.016189647709507343,0.2006716362774304,1.0422524511737095
2,2,Root-only,X3,1,6,test,0.41565605476156087,0.028109955936843036,0.2644399902759187,0.9857656220754876
2,2,Root-only,X3,1,7,test,0.40348899665799454,-0.035765698031642985,0.2422126668504143,1.0576964311708172
2,2,Root-only,X3,1,8,test,0.6136967333042183,-0.1156850585600889,0.247150919008128,1.0153028672587512
2,2,Root-only,X3,1,9,test,0.7670357606852602,-0.12916935788285822,0.28181323282185833,1.0357286408680597
2,2,Treatment-parent,"X2, X3",2,0,test,0.4641942124521689,-0.15721886256554138,0.2831653469512966,0.9892896766579045
2,2,Treatment-parent,"X2, X3",2,1,test,0.4629287625454674,-0.10770127488036345,0.2938721056290566,1.0590126898798156
2,2,Treatment-parent,"X2, X3",2,2,test,0.6122126478661807,-0.24012893969825294,0.332051005885629,1.0070023738860014
2,2,Treatment-parent,"X2, X3",2,3,test,0.7918717681521937,-0.24438323395726855,0.3907487499381637,1.1047350778827307
2,2,Treatment-parent,"X2, X3",2,4,test,0.6697448729731774,-0.22974245154365083,0.3221572316716869,1.0541021824517889
2,2,Treatment-parent,"X2, X3",2,5,test,0.46428804878165925,-0.17189854118784656,0.31424097303760185,1.043845525170501
2,2,Treatment-parent,"X2, X3",2,6,test,0.4767036288162852,-0.07085945601139046,0.3081014070679967,0.9796017761654484
2,2,Treatment-parent,"X2, X3",2,7,test,0.5493050034110539,-0.2082589916131895,0.3607004364688834,1.0611741660110738
2,2,Treatment-parent,"X2, X3",2,8,test,0.7880435642512935,-0.32173284469098445,0.399307298846719,1.017088491259027
2,2,Treatment-parent,"X2, X3",2,9,test,0.9087412156153875,-0.3350267498286624,0.4431938973831592,1.0394135435858147
2,2,Outcome-parent,"X6, X7, X8",3,0,test,0.5736064958694996,-0.1673106225418567,0.5118013338347216,0.4968583671204
2,2,Outcome-parent,"X6, X7, X8",3,1,test,0.5465342783351258,-0.18555195944104905,0.4759315504719941,0.5164753408395704
2,2,Outcome-parent,"X6, X7, X8",3,2,test,0.5927820769733686,-0.25506944599605014,0.5282168327876533,0.5284233873468848
2,2,Outcome-parent,"X6, X7, X8",3,3,test,0.5556870456342018,-0.16898459950852263,0.48372403330528074,0.5131919761739132
2,2,Outcome-parent,"X6, X7, X8",3,4,test,0.5672256053038501,-0.18425535760065037,0.49707823468301077,0.4962419676203092
2,2,Outcome-parent,"X6, X7, X8",3,5,test,0.5811089873894715,-0.14880344234493162,0.5111703308859606,0.49283458998704405
2,2,Outcome-parent,"X6, X7, X8",3,6,test,0.6201848583842785,-0.17752619444620416,0.551021228571693,0.4807029776235117
2,2,Outcome-parent,"X6, X7, X8",3,7,test,0.5923624890567182,-0.1523878490518652,0.5248602682144244,0.5174968859035919
2,2,Outcome-parent,"X6, X7, X8",3,8,test,0.6143039263866648,-0.1329628659897188,0.5472539241552503,0.5039143878013663
2,2,Outcome-parent,"X6, X7, X8",3,9,test,0.5813556561381932,-0.13954354707634925,0.5136347206223874,0.5132671086986602
2,2,GCI-guided valid,X7,1,0,test,0.3833152982719715,-0.03995714039772273,0.19078837337475577,0.88132587329882
2,2,GCI-guided valid,X7,1,1,test,0.35423097261325925,-0.01089093674670876,0.2085027514776406,0.9619171484124349
2,2,GCI-guided valid,X7,1,2,test,0.4664807436006125,-0.07493951613618922,0.22694689835140408,0.9650953920777872
2,2,GCI-guided valid,X7,1,3,test,0.6527961022091487,-0.11776154297527887,0.26841514540452316,1.0095145596585957
2,2,GCI-guided valid,X7,1,4,test,0.5817657971919158,-0.08728704757368673,0.2345525057064233,0.9602343473421648
2,2,GCI-guided valid,X7,1,5,test,0.31532862978914206,-0.005737703817692716,0.19723884742786693,0.9314380888830361
2,2,GCI-guided valid,X7,1,6,test,0.4419781475870489,-0.049705487613473466,0.24915809377945689,0.9082675523743391
2,2,GCI-guided valid,X7,1,7,test,0.3947230549517871,-0.04379718637509142,0.22483706160578693,0.9498701320528712
2,2,GCI-guided valid,X7,1,8,test,0.5957254640043519,-0.08634511746910155,0.24370674507113288,0.9393572329903469
2,2,GCI-guided valid,X7,1,9,test,0.7693081070602813,-0.13614613857947314,0.2820448512482039,0.9481801545356283
2,3,No adjustment,--,0,0,test,0.2616160947986477,0.14908773004542425,0.23161247837976584,1.0749693813255476
2,3,No adjustment,--,0,1,test,0.2613577231602264,0.10970095550198754,0.2117955227766423,1.0327132479803773
2,3,No adjustment,--,0,2,test,0.21231675091878185,0.16301841816375584,0.20122492627870822,1.008788991583254
2,3,No adjustment,--,0,3,test,0.22744249755551701,0.10730471517089439,0.18978164820275556,1.0121538149074425
2,3,No adjustment,--,0,4,test,0.24894993232447662,0.1083444765544129,0.20172226192798867,1.0492830061773974
2,3,No adjustment,--,0,5,test,0.20698928011826728,0.1761664636903036,0.19895108742644008,1.0490556312709018
2,3,No adjustment,--,0,6,test,0.2532482712831616,0.1521596233279593,0.22669642334650528,1.048858617221149
2,3,No adjustment,--,0,7,test,0.23606948842451872,0.1395833876600085,0.20773542420798902,1.0328443891633678
2,3,No adjustment,--,0,8,test,0.2375900019369536,0.15869552302751874,0.2153347605557646,1.0822414599188763
2,3,No adjustment,--,0,9,test,0.21559543165641415,0.16245209035541894,0.1977066574214459,0.9992769558091987
2,3,All covariates,"X1, X2, X3, X4, X5, X6, X7",7,0,test,0.4196130238791544,-0.27523974472440554,0.35533277003714864,0.4934632604413489
2,3,All covariates,"X1, X2, X3, X4, X5, X6, X7",7,1,test,0.4101749327540492,-0.21720195756710334,0.34110513617663474,0.5040912643437208
2,3,All covariates,"X1, X2, X3, X4, X5, X6, X7",7,2,test,0.5043773287268,-0.31955572764353385,0.43448005764377085,0.47062150212590664
2,3,All covariates,"X1, X2, X3, X4, X5, X6, X7",7,3,test,0.42515787559629464,-0.20022224735980773,0.3469888983545729,0.45949039622216836
2,3,All covariates,"X1, X2, X3, X4, X5, X6, X7",7,4,test,0.4633892285234815,-0.30962494673089047,0.39225470062666135,0.4604854015143172
2,3,All covariates,"X1, X2, X3, X4, X5, X6, X7",7,5,test,0.4875468897309556,-0.28944124123865433,0.40754061622408505,0.5068900661029113
2,3,All covariates,"X1, X2, X3, X4, X5, X6, X7",7,6,test,0.43637699135598484,-0.18790848742259533,0.3512327194916378,0.48610269781457127
2,3,All covariates,"X1, X2, X3, X4, X5, X6, X7",7,7,test,0.4630279014392184,-0.3474421695825638,0.3924235964243721,0.4649044912479948
2,3,All covariates,"X1, X2, X3, X4, X5, X6, X7",7,8,test,0.4480545167077133,-0.19861256400206997,0.3412484844993863,0.5053221591638266
2,3,All covariates,"X1, X2, X3, X4, X5, X6, X7",7,9,test,0.44120532555215947,-0.2964228273844695,0.37274731599569494,0.46020726405407136
2,3,Root-only,X3,1,0,test,0.21497773071360304,0.002527087135196922,0.12310306116196881,0.9258389036489025
2,3,Root-only,X3,1,1,test,0.16338093334399914,0.012292930895366287,0.10560415138741738,0.9226165289406895
2,3,Root-only,X3,1,2,test,0.10911145538972353,0.019469171495323626,0.0683575872362336,0.9395344969932566
2,3,Root-only,X3,1,3,test,0.1339290177650575,-0.009376247836235514,0.07979643644079544,0.8822729134403151
2,3,Root-only,X3,1,4,test,0.188659133370613,-0.03589619095063739,0.09460182661744841,0.9120486981221253
2,3,Root-only,X3,1,5,test,0.12351220748235203,0.02542841045807768,0.08762926062911779,0.9291873201912423
2,3,Root-only,X3,1,6,test,0.15904629502080359,0.01578020279644462,0.10069947360216946,0.9255277333127235
2,3,Root-only,X3,1,7,test,0.1423616480831809,0.005746063144160988,0.08599046470281456,0.889355139170609
2,3,Root-only,X3,1,8,test,0.17584159775762037,0.013853241006417395,0.11133657345925096,0.9672782098183323
2,3,Root-only,X3,1,9,test,0.14551388472773136,0.009944685186602768,0.08364579577228212,0.8694417004797671
2,3,Treatment-parent,"X2, X3",2,0,test,0.25521263571014574,0.04408572634014343,0.17626541345591232,0.9285524630945295
2,3,Treatment-parent,"X2, X3",2,1,test,0.21367499036744025,0.10267188072341824,0.16361811942174426,0.9273721852860904
2,3,Treatment-parent,"X2, X3",2,2,test,0.17920724473300917,0.053966858820834934,0.13327400292273114,0.949954457999205
2,3,Treatment-parent,"X2, X3",2,3,test,0.19940863474886797,0.04937699741495501,0.1403100827834309,0.8844371742805185
2,3,Treatment-parent,"X2, X3",2,4,test,0.23402234912985675,-0.010150609487148094,0.1442792612396731,0.9216339352406793
2,3,Treatment-parent,"X2, X3",2,5,test,0.1619404235794292,0.07038394456458448,0.12553836378649288,0.9389605976486838
2,3,Treatment-parent,"X2, X3",2,6,test,0.3273749697864378,0.12240386263904265,0.23511829907438325,0.9412857851718548
2,3,Treatment-parent,"X2, X3",2,7,test,0.1905414284524399,0.01921758138730015,0.12150639068670913,0.8936955324678104
2,3,Treatment-parent,"X2, X3",2,8,test,0.21403394478108892,0.0868381922797481,0.1549139992283685,0.977625806821792
2,3,Treatment-parent,"X2, X3",2,9,test,0.24223483489821168,0.02395393614424441,0.1474333981569805,0.8806365819797657
2,3,Outcome-parent,"X4, X5",2,0,test,0.18174440854163187,-0.0350534296638497,0.08653184502053811,0.5480133523816657
2,3,Outcome-parent,"X4, X5",2,1,test,0.13367256962151322,-0.018993499523112488,0.06419993629354352,0.5291866866129824
2,3,Outcome-parent,"X4, X5",2,2,test,0.09690857286899426,-0.0025070583378816393,0.0557722921829431,0.512516966058204
2,3,Outcome-parent,"X4, X5",2,3,test,0.11212029135568338,-0.00917995688112458,0.05953750947584614,0.5123521542739973
2,3,Outcome-parent,"X4, X5",2,4,test,0.1465404165807312,-0.029110181538655352,0.07062365745131868,0.5050896534265691
2,3,Outcome-parent,"X4, X5",2,5,test,0.08481477758691937,-0.003148843650225858,0.051223534087045185,0.5416661324233474
2,3,Outcome-parent,"X4, X5",2,6,test,0.10460254310841738,-0.0022204012116522867,0.06109005985674727,0.5158825725049626
2,3,Outcome-parent,"X4, X5",2,7,test,0.10899493561147183,-0.01794077756817393,0.06284310699670904,0.48178318506610796
2,3,Outcome-parent,"X4, X5",2,8,test,0.11790231466554636,-0.010081279999018086,0.06474864299680834,0.53511686891192
2,3,Outcome-parent,"X4, X5",2,9,test,0.10180293901831593,-0.005197838791697206,0.055626400611219026,0.4851103743707984
2,3,GCI-guided valid,X5,1,0,test,0.17522944002367946,-0.03213559904987784,0.07687144694744284,0.7967682267324128
2,3,GCI-guided valid,X5,1,1,test,0.09727530836469285,0.0034748669222678563,0.05638498396670077,0.7636587575939517
2,3,GCI-guided valid,X5,1,2,test,0.1022784374802118,0.012303767925359603,0.07435691582412148,0.7384930798044036
2,3,GCI-guided valid,X5,1,3,test,0.0983545242092684,0.006867150323480402,0.060536886743245,0.7212124354942725
2,3,GCI-guided valid,X5,1,4,test,0.11311915635646544,-0.01198694405934253,0.05765198818744513,0.7305146427112781
2,3,GCI-guided valid,X5,1,5,test,0.0790651603402191,-0.005454687952658656,0.05342239357402645,0.7569824906119715
2,3,GCI-guided valid,X5,1,6,test,0.10761687269215124,0.0013539189927998063,0.06918846413375014,0.7359274475932881
2,3,GCI-guided valid,X5,1,7,test,0.1166186861260765,-0.01886749850704606,0.06463384934967309,0.748840405512783
2,3,GCI-guided valid,X5,1,8,test,0.10775332893540977,0.0022767789983509637,0.0624618750455631,0.7515461966938166
2,3,GCI-guided valid,X5,1,9,test,0.09934591718129668,-0.007386141022595345,0.051845838160051914,0.7246304474650874
2,4,No adjustment,--,0,0,test,0.560848601995646,0.5553618540227753,0.5553618540227753,0.8961531949590403
2,4,No adjustment,--,0,1,test,0.5547864324346284,0.549977057578751,0.5508336474581822,0.9977457770119331
2,4,No adjustment,--,0,2,test,0.542259881405054,0.5262872585866759,0.5356805960036976,0.883501058745758
2,4,No adjustment,--,0,3,test,0.5596722045560436,0.5562624937400892,0.5570918163227081,0.9011218579813862
2,4,No adjustment,--,0,4,test,0.5554124359363567,0.5508544936116863,0.5522865660425441,0.9339507593171343
2,4,No adjustment,--,0,5,test,0.573907428612708,0.5685939889726471,0.5696226588649326,1.003252930105224
2,4,No adjustment,--,0,6,test,0.5597816755289041,0.5540105714746719,0.556791917847601,0.8863493135898971
2,4,No adjustment,--,0,7,test,0.5404191461778862,0.525961888875784,0.5330514719251704,0.957282946973921
2,4,No adjustment,--,0,8,test,0.5966786601376142,0.5941645721806444,0.5941645721806444,0.9866559440870555
2,4,No adjustment,--,0,9,test,0.5538264283183815,0.5488392815732996,0.5498584540677814,0.8959079737071022
2,4,All covariates,"X1, X2, X3, X4, X5, X6, X7",7,0,test,0.34277463380691825,-0.06910654389832527,0.2438856712052917,0.4966151972805944
2,4,All covariates,"X1, X2, X3, X4, X5, X6, X7",7,1,test,0.32269140582857836,-0.008296053286987877,0.22680066218602155,0.5559440476229852
2,4,All covariates,"X1, X2, X3, X4, X5, X6, X7",7,2,test,0.3992029906101617,-0.09792459932929662,0.2880023216187271,0.552858756790123
2,4,All covariates,"X1, X2, X3, X4, X5, X6, X7",7,3,test,0.38328272635894495,-0.0583086492115482,0.26772430156408217,0.5092972953570969
2,4,All covariates,"X1, X2, X3, X4, X5, X6, X7",7,4,test,0.3779527204454617,-0.009542141556299405,0.27889623412605646,0.48785699642548447
2,4,All covariates,"X1, X2, X3, X4, X5, X6, X7",7,5,test,0.3198177571441928,-0.06698582144371065,0.23557736545254845,0.5194744985070486
2,4,All covariates,"X1, X2, X3, X4, X5, X6, X7",7,6,test,0.3221695982747736,-0.0393311054966479,0.2429662964330374,0.46399006881570654
2,4,All covariates,"X1, X2, X3, X4, X5, X6, X7",7,7,test,0.3443102288861367,-0.052974352405410444,0.2524707013847813,0.5009606931118347
2,4,All covariates,"X1, X2, X3, X4, X5, X6, X7",7,8,test,0.3886025343691916,0.035570963567205176,0.28048686849652765,0.5962935849735066
2,4,All covariates,"X1, X2, X3, X4, X5, X6, X7",7,9,test,0.3272378635611606,-0.019695150511861305,0.2353868751901852,0.5249647306261095
2,4,Root-only,"X2, X3, X4",3,0,test,0.21161569848220185,0.009533355181078985,0.15218562372667604,0.648800830082068
2,4,Root-only,"X2, X3, X4",3,1,test,0.18577868665564062,0.019976057926803778,0.12088297672677151,0.73908980971481
2,4,Root-only,"X2, X3, X4",3,2,test,0.23550271005597653,-0.048719210809299654,0.15247816560381108,0.6313118469805632
2,4,Root-only,"X2, X3, X4",3,3,test,0.1936749586803779,-0.008869518796686637,0.12221193834403063,0.653702517589372
2,4,Root-only,"X2, X3, X4",3,4,test,0.18544918999415025,0.007892514234885493,0.13258688428726487,0.6159801006680601
2,4,Root-only,"X2, X3, X4",3,5,test,0.2234095486994901,-0.01726050386274075,0.15718285177081373,0.7018727965898929
2,4,Root-only,"X2, X3, X4",3,6,test,0.17902465037463802,0.019768372502657186,0.12194116129168753,0.6143195624586245
2,4,Root-only,"X2, X3, X4",3,7,test,0.17276323003686225,0.018244306845958243,0.12446060002815865,0.6186500194369295
2,4,Root-only,"X2, X3, X4",3,8,test,0.2055059857805342,0.05122685115953673,0.1497147617914268,0.6541945273193674
2,4,Root-only,"X2, X3, X4",3,9,test,0.1846000362498685,0.03168575186825405,0.13821383482472585,0.6384922101071404
2,4,Treatment-parent,"X1, X2, X3, X4",4,0,test,0.29561621641454905,0.0402227372594844,0.2042253935227063,0.6556169251097389
2,4,Treatment-parent,"X1, X2, X3, X4",4,1,test,0.23167690657101192,0.0554656813661715,0.15500446935093054,0.7370607211913238
2,4,Treatment-parent,"X1, X2, X3, X4",4,2,test,0.29037236226508667,0.004107788443795352,0.20106307971696505,0.632340282512435
2,4,Treatment-parent,"X1, X2, X3, X4",4,3,test,0.23384759145152176,0.03394142900963619,0.16591697070930447,0.665103363901221
2,4,Treatment-parent,"X1, X2, X3, X4",4,4,test,0.2692065003565879,0.0945975313774127,0.2155121281119354,0.6350596570927989
2,4,Treatment-parent,"X1, X2, X3, X4",4,5,test,0.25321402252723746,0.04669617601631324,0.1863496930757526,0.7073573978363236
2,4,Treatment-parent,"X1, X2, X3, X4",4,6,test,0.26242931895853727,0.08732748698134218,0.1910244954859142,0.6290506522880256
2,4,Treatment-parent,"X1, X2, X3, X4",4,7,test,0.2674146217626224,0.08588699808755405,0.1951061469542975,0.6253351063930217
2,4,Treatment-parent,"X1, X2, X3, X4",4,8,test,0.25844816580481916,0.10907330678742037,0.2044774041020895,0.6612162712056976
2,4,Treatment-parent,"X1, X2, X3, X4",4,9,test,0.2660508954056563,0.12329347056021471,0.21850491874095562,0.6501838264037207
2,4,Outcome-parent,"X3, X4, X5",3,0,test,0.11433049982240628,0.007904024804744596,0.07746368210551177,0.5048756738380968
2,4,Outcome-parent,"X3, X4, X5",3,1,test,0.11626928433014212,0.02702349229297229,0.07735297527000068,0.5708304640085257
2,4,Outcome-parent,"X3, X4, X5",3,2,test,0.1345598443805063,-0.012525466111620967,0.0812919463460381,0.5280138411685623
2,4,Outcome-parent,"X3, X4, X5",3,3,test,0.08924715814530479,0.01870115581681216,0.06437466997552486,0.5099302188500926
2,4,Outcome-parent,"X3, X4, X5",3,4,test,0.1212302133473469,0.024982198367273778,0.08274042830876173,0.5108754239713639
2,4,Outcome-parent,"X3, X4, X5",3,5,test,0.11420383897596906,0.015838189789055813,0.07655986505222387,0.5387563348409584
2,4,Outcome-parent,"X3, X4, X5",3,6,test,0.1030512577053253,0.02402896693659785,0.06946920357673785,0.46760818313726127
2,4,Outcome-parent,"X3, X4, X5",3,7,test,0.104087586152188,0.018725724262665912,0.06998151138507168,0.5102430484311999
2,4,Outcome-parent,"X3, X4, X5",3,8,test,0.13171517682312459,0.07039749669703346,0.09217206506396572,0.514118479782421
2,4,Outcome-parent,"X3, X4, X5",3,9,test,0.11050532062970998,0.021958496008116606,0.08048684355218941,0.5285014189791948
2,4,GCI-guided valid,"X3, X4, X5",3,0,test,0.11433049982240628,0.007904024804744596,0.07746368210551177,0.5048756738380968
2,4,GCI-guided valid,"X3, X4, X5",3,1,test,0.11626928433014212,0.02702349229297229,0.07735297527000068,0.5708304640085257
2,4,GCI-guided valid,"X3, X4, X5",3,2,test,0.1345598443805063,-0.012525466111620967,0.0812919463460381,0.5280138411685623
2,4,GCI-guided valid,"X3, X4, X5",3,3,test,0.08924715814530479,0.01870115581681216,0.06437466997552486,0.5099302188500926
2,4,GCI-guided valid,"X3, X4, X5",3,4,test,0.1212302133473469,0.024982198367273778,0.08274042830876173,0.5108754239713639
2,4,GCI-guided valid,"X3, X4, X5",3,5,test,0.11420383897596906,0.015838189789055813,0.07655986505222387,0.5387563348409584
2,4,GCI-guided valid,"X3, X4, X5",3,6,test,0.1030512577053253,0.02402896693659785,0.06946920357673785,0.46760818313726127
2,4,GCI-guided valid,"X3, X4, X5",3,7,test,0.104087586152188,0.018725724262665912,0.06998151138507168,0.5102430484311999
2,4,GCI-guided valid,"X3, X4, X5",3,8,test,0.13171517682312459,0.07039749669703346,0.09217206506396572,0.514118479782421
2,4,GCI-guided valid,"X3, X4, X5",3,9,test,0.11050532062970998,0.021958496008116606,0.08048684355218941,0.5285014189791948
3,1,No adjustment,--,0,0,test,0.24642235138278992,0.13988130599282647,0.21148872256948406,0.9479097154381734
3,1,No adjustment,--,0,1,test,0.22916878776467703,0.1433016351487026,0.1996624246302974,0.9416080735604305
3,1,No adjustment,--,0,2,test,0.3118003262245743,0.07473835250941738,0.19613539586337822,0.8999057419151955
3,1,No adjustment,--,0,3,test,0.27543081340488335,0.12731414431488575,0.22253070065751,0.8851967370828252
3,1,No adjustment,--,0,4,test,0.27152892973320414,0.10779282120143478,0.21036471049094763,0.9557332664166827
3,1,No adjustment,--,0,5,test,0.22514515425510404,0.13639124268083933,0.19389593988753892,0.8682889513990601
3,1,No adjustment,--,0,6,test,0.22351702004908372,0.14500042470855587,0.1927422758115922,0.9379773520189032
3,1,No adjustment,--,0,7,test,0.22126843691070652,0.15672913664739394,0.1972169479235645,0.9106231198643111
3,1,No adjustment,--,0,8,test,0.28567803253230245,0.1100252367116092,0.20790827740679887,0.8675730544695714
3,1,No adjustment,--,0,9,test,0.22536613128847394,0.12954853459020454,0.19387841974038147,0.8803380949554342
3,1,All covariates,"X1, X2, X3, X4, X5, X6, X7, X8",8,0,test,0.3610023239756449,-0.13563783055559267,0.2850778793864065,0.49413812965597326
3,1,All covariates,"X1, X2, X3, X4, X5, X6, X7, X8",8,1,test,0.42747617595622284,-0.24742279000293374,0.35083596740089074,0.447602597593241
3,1,All covariates,"X1, X2, X3, X4, X5, X6, X7, X8",8,2,test,0.5075341601044153,-0.2490786860519566,0.3806205175334144,0.4726620597222954
3,1,All covariates,"X1, X2, X3, X4, X5, X6, X7, X8",8,3,test,0.39472171489314606,-0.15806317712810067,0.31391368903265826,0.479070508293316
3,1,All covariates,"X1, X2, X3, X4, X5, X6, X7, X8",8,4,test,0.415805208314825,-0.10516253908403646,0.3193848217215062,0.5286292207488681
3,1,All covariates,"X1, X2, X3, X4, X5, X6, X7, X8",8,5,test,0.3739936036456004,-0.038074997800246424,0.28203696601766526,0.4437361460409454
3,1,All covariates,"X1, X2, X3, X4, X5, X6, X7, X8",8,6,test,0.4753897769108245,-0.15337360686233784,0.35176894606699627,0.49482655497937333
3,1,All covariates,"X1, X2, X3, X4, X5, X6, X7, X8",8,7,test,0.4819350435471437,-0.22047267549883368,0.3851997867011377,0.4829385517094623
3,1,All covariates,"X1, X2, X3, X4, X5, X6, X7, X8",8,8,test,0.4598738129808185,-0.23397820278431983,0.35091107073211836,0.5030902304586574
3,1,All covariates,"X1, X2, X3, X4, X5, X6, X7, X8",8,9,test,0.3652370210112985,-0.12806057558783746,0.2867313181465891,0.4481942594872681
3,1,Root-only,X3,1,0,test,0.2994758941187973,-0.00462644419860797,0.19217522810756313,0.8766914648322653
3,1,Root-only,X3,1,1,test,0.22394305088194175,-0.016799538973630953,0.15801684595355045,0.8431648735276439
3,1,Root-only,X3,1,2,test,0.29223949942725086,-0.06827873327597717,0.16047019444204444,0.807915827374131
3,1,Root-only,X3,1,3,test,0.4342473436893735,-0.12500463599829262,0.23188774552441221,0.8392562307235435
3,1,Root-only,X3,1,4,test,0.2972861417026721,-0.06690002487290359,0.1821040047933838,0.8732746147165821
3,1,Root-only,X3,1,5,test,0.3170780494726921,-0.020991535078990868,0.1888203338519223,0.7907706224603416
3,1,Root-only,X3,1,6,test,0.20980594596264365,0.010081821558892876,0.1491732431321941,0.8393388811153599
3,1,Root-only,X3,1,7,test,0.2803365318042006,-0.026524072099137236,0.18765740878907367,0.8166170370400744
3,1,Root-only,X3,1,8,test,0.3581496595089682,-0.08725036156882669,0.1849589987855988,0.8881765265571906
3,1,Root-only,X3,1,9,test,0.24480869245839934,-0.012013855798636609,0.16173424539181014,0.8057808826852042
3,1,Treatment-parent,"X2, X3",2,0,test,0.551001530571168,-0.11280302706852297,0.29759122924676307,0.8746952474069627
3,1,Treatment-parent,"X2, X3",2,1,test,0.37231024709555516,-0.09163736158501892,0.24526783735744365,0.8214031836970603
3,1,Treatment-parent,"X2, X3",2,2,test,0.521391474418468,-0.16253259312098783,0.301235048293975,0.8153865661331917
3,1,Treatment-parent,"X2, X3",2,3,test,0.8618900154087882,-0.28607713680791313,0.40208727253333687,0.8925315436459387
3,1,Treatment-parent,"X2, X3",2,4,test,0.7098437322658769,-0.22723677151204025,0.39123014608534024,0.8720336529275188
3,1,Treatment-parent,"X2, X3",2,5,test,0.8029018513960111,-0.1892468866189442,0.3848669647770081,0.7774210068523517
3,1,Treatment-parent,"X2, X3",2,6,test,0.4319128250689099,-0.06088832384863302,0.2655491065027756,0.8291771288661821
3,1,Treatment-parent,"X2, X3",2,7,test,0.5481916544351425,-0.124466024397192,0.3193554222635784,0.8007363204247793
3,1,Treatment-parent,"X2, X3",2,8,test,0.6729003985014785,-0.1434607431979,0.2939770087026524,0.8296905095879589
3,1,Treatment-parent,"X2, X3",2,9,test,0.5118100661740735,-0.10184851983901293,0.28302294265002376,0.7853331053499321
3,1,Outcome-parent,"X4, X5",2,0,test,0.1541629623375916,-0.013050834027507166,0.08127027906354664,0.5512768757727488
3,1,Outcome-parent,"X4, X5",2,1,test,0.13824124201299232,-0.01816336603963933,0.07053257701679716,0.5078698503716085
3,1,Outcome-parent,"X4, X5",2,2,test,0.22333714339145241,-0.04900193756808268,0.07670475452841698,0.45020209499554587
3,1,Outcome-parent,"X4, X5",2,3,test,0.149505747917387,-0.0366774185979916,0.07391369494405788,0.5246939407123893
3,1,Outcome-parent,"X4, X5",2,4,test,0.15690502493232875,-0.015654733451046964,0.07668461933797065,0.5077990279779824
3,1,Outcome-parent,"X4, X5",2,5,test,0.16171284662840119,-0.023689457643704656,0.08043669312149485,0.4746553319636129
3,1,Outcome-parent,"X4, X5",2,6,test,0.1582276231513304,-0.0202114214960982,0.07165370270803044,0.5000817006133479
3,1,Outcome-parent,"X4, X5",2,7,test,0.12320675055345547,-0.016722939954041827,0.06370627889546007,0.509850984300907
3,1,Outcome-parent,"X4, X5",2,8,test,0.2315291554185202,-0.04098851507386577,0.09655565100878377,0.4906860785148128
3,1,Outcome-parent,"X4, X5",2,9,test,0.1679187979388711,-0.01667712290850752,0.08896724372725466,0.5151988772100224
3,1,GCI-guided valid,X5,1,0,test,0.12736406501554223,-0.01647758257539495,0.07134497495758625,0.7507298036917704
3,1,GCI-guided valid,X5,1,1,test,0.11662031908015906,-0.02679240879331696,0.06704275859026715,0.7209408913713495
3,1,GCI-guided valid,X5,1,2,test,0.1881997483863324,-0.07280860133797852,0.08604143718250509,0.6878963739181503
3,1,GCI-guided valid,X5,1,3,test,0.14939388315761468,-0.050388487954792276,0.07254972729659995,0.7599429127192155
3,1,GCI-guided valid,X5,1,4,test,0.15016504725981378,-0.03195797408168257,0.08072037888646548,0.7644817431106911
3,1,GCI-guided valid,X5,1,5,test,0.13344946661399876,-0.027279980978922952,0.0859679673707997,0.7159610966167264
3,1,GCI-guided valid,X5,1,6,test,0.11998310639710641,-0.01948878152840261,0.06643847730737208,0.7247673065315627
3,1,GCI-guided valid,X5,1,7,test,0.10810096230875907,-0.029224364617939647,0.0742724208273944,0.7286511727959589
3,1,GCI-guided valid,X5,1,8,test,0.1879776733124155,-0.04468141391052239,0.09299316818219881,0.687894642900814
3,1,GCI-guided valid,X5,1,9,test,0.14311654784052658,-0.030749181042052716,0.07438764171679253,0.7057750091886564
3,2,No adjustment,--,0,0,test,0.6110060410207828,0.1756749846095488,0.36557464700493314,1.1279487295721593
3,2,No adjustment,--,0,1,test,0.6290011511042077,0.16710960787829757,0.34123644233610123,1.114855593197738
3,2,No adjustment,--,0,2,test,0.41223254609114685,0.23906175053888537,0.3189253462289234,1.0921100172924705
3,2,No adjustment,--,0,3,test,0.4464459953263751,0.26538525750006076,0.34104069609994286,1.1327808670378734
3,2,No adjustment,--,0,4,test,0.45083600366899057,0.2665110170910596,0.35006705243317615,1.1288864302258028
3,2,No adjustment,--,0,5,test,0.4340813177384092,0.27898549083570656,0.33623699418188224,1.1536153636922921
3,2,No adjustment,--,0,6,test,0.42370744569867547,0.25019823578264244,0.32263870558679625,1.1453811856929896
3,2,No adjustment,--,0,7,test,0.5374642186841975,0.20849528107777224,0.3637549251123614,1.1097078230059416
3,2,No adjustment,--,0,8,test,0.5080350541382357,0.19793598721158956,0.32502640310899883,1.1266168818988505
3,2,No adjustment,--,0,9,test,0.5376456790029566,0.23190003997229927,0.3622166965514726,1.1005920645097236
3,2,All covariates,"X1, X2, X3, X4, X5, X6, X7, X8, X9",9,0,test,0.7654431176726081,-0.17676311669792996,0.6493098771023814,0.5133167264137721
3,2,All covariates,"X1, X2, X3, X4, X5, X6, X7, X8, X9",9,1,test,0.7552268121104112,-0.1453187314645341,0.6356854535894982,0.5630275404009959
3,2,All covariates,"X1, X2, X3, X4, X5, X6, X7, X8, X9",9,2,test,0.7028520181199702,-0.21984213734326635,0.6075006797203412,0.5631862932746885
3,2,All covariates,"X1, X2, X3, X4, X5, X6, X7, X8, X9",9,3,test,0.7343442698039777,-0.16451978764533995,0.6245176581662101,0.5446390445411059
3,2,All covariates,"X1, X2, X3, X4, X5, X6, X7, X8, X9",9,4,test,0.690897223985579,-0.10162904851833472,0.5769598414075106,0.529025124513899
3,2,All covariates,"X1, X2, X3, X4, X5, X6, X7, X8, X9",9,5,test,0.7686765744698831,-0.09952831920440804,0.6421299015167405,0.5202900044222807
3,2,All covariates,"X1, X2, X3, X4, X5, X6, X7, X8, X9",9,6,test,0.6920998508718953,-0.21595103569402377,0.5846107895035569,0.48970116077153014
3,2,All covariates,"X1, X2, X3, X4, X5, X6, X7, X8, X9",9,7,test,0.6619798924195888,-0.18059301387485002,0.5632847012262722,0.5369465041961304
3,2,All covariates,"X1, X2, X3, X4, X5, X6, X7, X8, X9",9,8,test,0.6720844707958759,-0.16918938521524104,0.5714600316226495,0.5052887879769303
3,2,All covariates,"X1, X2, X3, X4, X5, X6, X7, X8, X9",9,9,test,0.763981001335278,-0.19780012915089612,0.6448452857046632,0.5722065043740219
3,2,Root-only,X3,1,0,test,0.517282616630842,-0.0287040623105279,0.27705232541016017,1.0704135578650438
3,2,Root-only,X3,1,1,test,0.6202154223299126,-0.12318811675521005,0.2571916624166072,1.0858560456796016
3,2,Root-only,X3,1,2,test,0.32107656023075415,0.0011972900686375355,0.24700784132856568,1.0583014299572284
3,2,Root-only,X3,1,3,test,0.3549721193754641,0.03045126883139525,0.25949464684934404,1.1058793670789204
3,2,Root-only,X3,1,4,test,0.3632414550711198,0.049478906204932366,0.2625495734645587,1.0945667150197171
3,2,Root-only,X3,1,5,test,0.3777733618060256,0.08553201172638425,0.2929728694985238,1.1010379736068725
3,2,Root-only,X3,1,6,test,0.3288828263315871,0.003925949673988382,0.24517899619243338,1.0894628177816335
3,2,Root-only,X3,1,7,test,0.4606460409859539,-0.012894546596372338,0.2773940137926057,1.044776504479208
3,2,Root-only,X3,1,8,test,0.46348120893779854,0.007239751341071612,0.27333271921984803,1.0805770178498104
3,2,Root-only,X3,1,9,test,0.4356835802469076,-0.011944114877928251,0.27839041548966376,1.0912962660600016
3,2,Treatment-parent,"X2, X3",2,0,test,0.6262469561064037,-0.08955310015573695,0.33530984685295834,1.0648956342873932
3,2,Treatment-parent,"X2, X3",2,1,test,0.8090615939107804,-0.20774005160217104,0.37158152515416204,1.0883737485645306
3,2,Treatment-parent,"X2, X3",2,2,test,0.46048595167073514,-0.06734646473806374,0.32082913970324484,1.0530155717366063
3,2,Treatment-parent,"X2, X3",2,3,test,0.49650536288531855,-0.05785301970572042,0.3525289640574234,1.1069365713563715
3,2,Treatment-parent,"X2, X3",2,4,test,0.5041259340102664,-0.024584338207602308,0.33886941527658054,1.1016854761972654
3,2,Treatment-parent,"X2, X3",2,5,test,0.4485201799296477,0.05338033873805865,0.32769990142904437,1.1025691682000658
3,2,Treatment-parent,"X2, X3",2,6,test,0.462565546816424,-0.08750754113185209,0.3388057572694138,1.0925323899134285
3,2,Treatment-parent,"X2, X3",2,7,test,0.5484802938123433,-0.048392456148145226,0.3159437829328939,1.0358343466028455
3,2,Treatment-parent,"X2, X3",2,8,test,0.6470311446520243,-0.027348205206069766,0.37332138175945884,1.089960267281204
3,2,Treatment-parent,"X2, X3",2,9,test,0.6102120940585513,-0.0304553433847807,0.3638540067225667,1.1022206193549258
3,2,Outcome-parent,"X6, X7, X8",3,0,test,0.6777026787709829,-0.2376471507807167,0.5992740369239459,0.47413470441778355
3,2,Outcome-parent,"X6, X7, X8",3,1,test,0.6608540921084876,-0.2489975821757982,0.5802683826177719,0.4786810449335009
3,2,Outcome-parent,"X6, X7, X8",3,2,test,0.6454073755440729,-0.24250975646855252,0.5706891077603731,0.5016762724766058
3,2,Outcome-parent,"X6, X7, X8",3,3,test,0.657460272326751,-0.241351231944576,0.5884678235066847,0.5127411727366207
3,2,Outcome-parent,"X6, X7, X8",3,4,test,0.634170131108915,-0.21047869707224948,0.5605307532095322,0.4872161927864679
3,2,Outcome-parent,"X6, X7, X8",3,5,test,0.6793097172108892,-0.1816790556052772,0.5947515943892184,0.5075089404626649
3,2,Outcome-parent,"X6, X7, X8",3,6,test,0.6272738110390799,-0.2545538355280315,0.5502751432090446,0.4807054338474999
3,2,Outcome-parent,"X6, X7, X8",3,7,test,0.6085644610000506,-0.22694599963370507,0.5376616594235014,0.4823365732904523
3,2,Outcome-parent,"X6, X7, X8",3,8,test,0.6747585157315293,-0.28083489607840295,0.6039792923656384,0.5079356605981171
3,2,Outcome-parent,"X6, X7, X8",3,9,test,0.6945307408043574,-0.20089787822438174,0.6060173192524991,0.5147809380927337
3,2,GCI-guided valid,X7,1,0,test,0.5810266575691067,-0.08815691945604791,0.26494412047917526,0.9739254890846755
3,2,GCI-guided valid,X7,1,1,test,0.5834075040706569,-0.11500851618330643,0.256455626087905,1.0058228625041277
3,2,GCI-guided valid,X7,1,2,test,0.34236886435784847,-0.05007158351993701,0.2329698281849617,0.9546683786346926
3,2,GCI-guided valid,X7,1,3,test,0.3588163325420556,-0.03713726083318972,0.22502553286449362,0.9771753151928864
3,2,GCI-guided valid,X7,1,4,test,0.36231207356645206,-0.005368067210567391,0.23857119362536267,0.9949913655970143
3,2,GCI-guided valid,X7,1,5,test,0.32958198392059557,-0.0009662020078331797,0.2501186886481122,1.0020146430980992
3,2,GCI-guided valid,X7,1,6,test,0.3343005962899171,-0.030675112254365013,0.2326145725170493,0.9897421624698529
3,2,GCI-guided valid,X7,1,7,test,0.5097253037504235,-0.07719332543607803,0.2622405147279492,0.9392620761638037
3,2,GCI-guided valid,X7,1,8,test,0.47938525389076103,-0.08646681907179332,0.249024066151206,0.998618968102555
3,2,GCI-guided valid,X7,1,9,test,0.4622972759142004,-0.04308144141350838,0.2663693572845923,1.0017000114412449
3,3,No adjustment,--,0,0,test,0.27730223059613557,0.164818565823932,0.23836174259729173,1.0116643973847006
3,3,No adjustment,--,0,1,test,0.3462538153677378,0.11497706453138584,0.27553517530942107,0.998846975508863
3,3,No adjustment,--,0,2,test,0.31060095771136637,0.17026233500526275,0.2484795505397057,0.9538735532562479
3,3,No adjustment,--,0,3,test,0.25456961370964654,0.17594149014882657,0.23486426781598926,0.9818879850730908
3,3,No adjustment,--,0,4,test,0.3403884619129068,0.13326845838656512,0.27160231351764463,1.0494867807754207
3,3,No adjustment,--,0,5,test,0.42890765144389215,0.12671715809938439,0.29763040980780475,0.9791075852728778
3,3,No adjustment,--,0,6,test,0.26048280013539277,0.16301246294376956,0.22904028787309413,0.9853723630093747
3,3,No adjustment,--,0,7,test,0.34472060541667227,0.12827976397319263,0.26507193476538904,1.037206922944564
3,3,No adjustment,--,0,8,test,0.34093476882333174,0.1505543339000799,0.2775654904378875,1.001004570496101
3,3,No adjustment,--,0,9,test,0.3335804656399587,0.17116674837486376,0.2700588778449672,1.0496998722619633
3,3,All covariates,"X1, X2, X3, X4, X5, X6, X7",7,0,test,0.5609719276332799,-0.3384295359815052,0.471513233678206,0.46468636490536674
3,3,All covariates,"X1, X2, X3, X4, X5, X6, X7",7,1,test,0.5410033606225125,-0.2633439079535429,0.42497765673150795,0.45380605011617614
3,3,All covariates,"X1, X2, X3, X4, X5, X6, X7",7,2,test,0.5558954057538157,-0.3416664793620513,0.4632643315734702,0.4801111353673336
3,3,All covariates,"X1, X2, X3, X4, X5, X6, X7",7,3,test,0.4892838242992267,-0.32882023426656054,0.4113513494168127,0.496318190505422
3,3,All covariates,"X1, X2, X3, X4, X5, X6, X7",7,4,test,0.5485903385241117,-0.2603045830486432,0.4436120560186355,0.46153397184830486
3,3,All covariates,"X1, X2, X3, X4, X5, X6, X7",7,5,test,0.5150470873489532,-0.3157777432345065,0.41833076681447784,0.4369802809960811
3,3,All covariates,"X1, X2, X3, X4, X5, X6, X7",7,6,test,0.5441585285163246,-0.33080053570006496,0.4569328504264731,0.44245248660111425
3,3,All covariates,"X1, X2, X3, X4, X5, X6, X7",7,7,test,0.5763570184338392,-0.357304272377657,0.4678932420404789,0.5115356792778807
3,3,All covariates,"X1, X2, X3, X4, X5, X6, X7",7,8,test,0.4800619481444147,-0.2727237584707584,0.4042474577571905,0.4664904450317629
3,3,All covariates,"X1, X2, X3, X4, X5, X6, X7",7,9,test,0.5486532455395385,-0.33405663625027016,0.4414943078936672,0.48472309364188004
3,3,Root-only,X3,1,0,test,0.15594027321106999,-0.01547411064199471,0.08749439363522898,0.8913408789218695
3,3,Root-only,X3,1,1,test,0.20277577140222294,-0.04104201024554077,0.10314718565763539,0.8720793800089676
3,3,Root-only,X3,1,2,test,0.16103132552958316,-0.009430210938257431,0.08613667915779923,0.8825198930162401
3,3,Root-only,X3,1,3,test,0.1203798590096178,-0.016808418006519842,0.07735544821090486,0.9182449353902655
3,3,Root-only,X3,1,4,test,0.1742660109431164,-0.00632919222936057,0.10275780992241763,0.9174738730460338
3,3,Root-only,X3,1,5,test,0.2674260858113556,-0.010849010260079865,0.1304940962604338,0.8836844509226868
3,3,Root-only,X3,1,6,test,0.12436307507561029,-0.01546003116186042,0.07243302396375843,0.86234715329401
3,3,Root-only,X3,1,7,test,0.23092975112346664,-0.030043811509615145,0.11951518049582177,0.9086083529741394
3,3,Root-only,X3,1,8,test,0.19326909347713178,-0.030049329381534318,0.1023317305111634,0.9181222452124492
3,3,Root-only,X3,1,9,test,0.19640285152836173,-0.004073576484880846,0.10551687132697438,0.9143435045070406
3,3,Treatment-parent,"X2, X3",2,0,test,0.3141388276701409,-0.1098835568611228,0.20276753586475008,0.8885778428953521
3,3,Treatment-parent,"X2, X3",2,1,test,0.3450005350427583,-0.08163440564386552,0.219195353302989,0.8731755211689586
3,3,Treatment-parent,"X2, X3",2,2,test,0.33955229673034126,0.005091121079191581,0.20750191016748257,0.9069859999804977
3,3,Treatment-parent,"X2, X3",2,3,test,0.1920234082341871,0.0026339825541302733,0.13794565837389716,0.9139829832873861
3,3,Treatment-parent,"X2, X3",2,4,test,0.2642166085312009,-0.06941915938791755,0.17565367213174876,0.913339380597394
3,3,Treatment-parent,"X2, X3",2,5,test,0.3830293994102023,-0.06185574405332325,0.19960927787073268,0.8808890224221178
3,3,Treatment-parent,"X2, X3",2,6,test,0.286352927383631,-0.09305786389126092,0.17683156424321098,0.8699464632052328
3,3,Treatment-parent,"X2, X3",2,7,test,0.44747852411363137,-0.16769903501457664,0.2833652575811041,0.9237219857723434
3,3,Treatment-parent,"X2, X3",2,8,test,0.33277339523654476,-0.0563194203659966,0.19567851584147888,0.9185094736601209
3,3,Treatment-parent,"X2, X3",2,9,test,0.29009218369485745,-0.02668253581836685,0.1686136897118752,0.9084601089238399
3,3,Outcome-parent,"X4, X5",2,0,test,0.0837862042137585,0.009412306501421861,0.05078680644689352,0.5104018288879556
3,3,Outcome-parent,"X4, X5",2,1,test,0.09966798866400865,-0.0048319071647502125,0.060039742531978926,0.4905061152426913
3,3,Outcome-parent,"X4, X5",2,2,test,0.12042013147638655,-0.0015364439146895315,0.06705274460643176,0.5047311225944662
3,3,Outcome-parent,"X4, X5",2,3,test,0.05892565524573003,0.0007865611465382148,0.04558200071332353,0.5151236676185149
3,3,Outcome-parent,"X4, X5",2,4,test,0.08616527086637701,0.011232583046673895,0.05950502175937858,0.5125279835761427
3,3,Outcome-parent,"X4, X5",2,5,test,0.1689427842816221,-0.009721078898111394,0.07470503585001663,0.4973049118806184
3,3,Outcome-parent,"X4, X5",2,6,test,0.09243599388030835,0.011412491221817308,0.06389480017592873,0.49025806603043637
3,3,Outcome-parent,"X4, X5",2,7,test,0.1283058955991803,-0.005358340943527324,0.06547307265296479,0.503271324157855
3,3,Outcome-parent,"X4, X5",2,8,test,0.11564588573417142,0.01724262125648057,0.07189178365933732,0.5144170169673796
3,3,Outcome-parent,"X4, X5",2,9,test,0.12676415908410568,0.0013360894424536193,0.07278918225052104,0.5207616184269294
3,3,GCI-guided valid,X5,1,0,test,0.0998633356935578,-0.023714127553267215,0.048172594635082396,0.7363792634657362
3,3,GCI-guided valid,X5,1,1,test,0.13860615211077568,-0.043179405924948545,0.0614644834264207,0.7230306929509736
3,3,GCI-guided valid,X5,1,2,test,0.13690197107308516,-0.03380501632506582,0.058868344893456166,0.7258621232369228
3,3,GCI-guided valid,X5,1,3,test,0.07576326981387797,-0.023110954074801928,0.04492861290931503,0.7407349273915506
3,3,GCI-guided valid,X5,1,4,test,0.13665150606923904,-0.014549362806662603,0.06512815369485368,0.755918084461341
3,3,GCI-guided valid,X5,1,5,test,0.2208036487329232,-0.036288344358885,0.08438794616441181,0.7341699962389631
3,3,GCI-guided valid,X5,1,6,test,0.09103540183787512,-0.02093189565486074,0.06264423196984671,0.7412538054753357
3,3,GCI-guided valid,X5,1,7,test,0.18997994942846824,-0.032889684932442646,0.08312383439410288,0.7582885824779617
3,3,GCI-guided valid,X5,1,8,test,0.14428491569978066,-0.010724967946476776,0.07030696427430082,0.7344130710751114
3,3,GCI-guided valid,X5,1,9,test,0.16239922599239442,-0.030728102026957048,0.0707144336314141,0.7559847063195079
3,4,No adjustment,--,0,0,test,0.5275799130892207,0.5098229705185214,0.5204143708163455,0.9787312936893225
3,4,No adjustment,--,0,1,test,0.5346216427884599,0.5264363848172934,0.5282278406824387,0.8887263673977742
3,4,No adjustment,--,0,2,test,0.5424220082010797,0.5383092736339676,0.5394074726545929,0.8945279941130724
3,4,No adjustment,--,0,3,test,0.5222412714096775,0.5054374329733557,0.5179812949172445,0.913375023200799
3,4,No adjustment,--,0,4,test,0.5287994720701035,0.5118801815305263,0.5242196220089828,0.9331391274888291
3,4,No adjustment,--,0,5,test,0.5423667604685333,0.516584889099801,0.5359091974622473,0.8524055582261029
3,4,No adjustment,--,0,6,test,0.5514010733076483,0.5443540776598972,0.5468205208296895,0.9408038492282353
3,4,No adjustment,--,0,7,test,0.5299856940441261,0.5158439232188924,0.5247754365580015,0.8658999502997448
3,4,No adjustment,--,0,8,test,0.5326670996453147,0.5210013687003469,0.5271272416876167,0.86525767794923
3,4,No adjustment,--,0,9,test,0.5375628346497716,0.5279906853484391,0.5325440469694773,0.8881087698281829
3,4,All covariates,"X1, X2, X3, X4, X5, X6, X7",7,0,test,0.35975200070667784,0.038709476293577016,0.26738660318075547,0.48786064512293237
3,4,All covariates,"X1, X2, X3, X4, X5, X6, X7",7,1,test,0.29847353130661325,-0.019609437808070534,0.22151233733958559,0.5145118257140229
3,4,All covariates,"X1, X2, X3, X4, X5, X6, X7",7,2,test,0.29131749235375354,-0.053223067397997946,0.2148066245126216,0.5337524696917338
3,4,All covariates,"X1, X2, X3, X4, X5, X6, X7",7,3,test,0.406720275388477,-0.07150737447482035,0.2714824885974843,0.5152605209042427
3,4,All covariates,"X1, X2, X3, X4, X5, X6, X7",7,4,test,0.31470162459620643,-0.0758914365378515,0.22068142773438704,0.5319834522896543
3,4,All covariates,"X1, X2, X3, X4, X5, X6, X7",7,5,test,0.26902476009073767,-0.01948989208762073,0.19756525667494038,0.5076310247055378
3,4,All covariates,"X1, X2, X3, X4, X5, X6, X7",7,6,test,0.2973031155108331,-0.013050106817024247,0.2172751441375342,0.4768713355079659
3,4,All covariates,"X1, X2, X3, X4, X5, X6, X7",7,7,test,0.31606945021132965,-0.07454308678225464,0.22524343462830937,0.5137456773173738
3,4,All covariates,"X1, X2, X3, X4, X5, X6, X7",7,8,test,0.33833421679319337,-0.02152441736785407,0.2449134792240902,0.4940092107696116
3,4,All covariates,"X1, X2, X3, X4, X5, X6, X7",7,9,test,0.28641729809914485,-0.0334351972286909,0.21690471382994228,0.4888582694517803
3,4,Root-only,"X2, X3, X4",3,0,test,0.18960147257061097,-0.007752024532833612,0.12336677650545909,0.6532340795013823
3,4,Root-only,"X2, X3, X4",3,1,test,0.15893305464434962,0.016107201793160407,0.11687600726638114,0.6355878512528219
3,4,Root-only,"X2, X3, X4",3,2,test,0.18513025467713504,-0.0002117430374660974,0.13256836657624413,0.6138025579168284
3,4,Root-only,"X2, X3, X4",3,3,test,0.20325223103692733,-0.029692179951440766,0.12992814939549124,0.6591296785113562
3,4,Root-only,"X2, X3, X4",3,4,test,0.16921003201842139,0.01410407441364871,0.12117732243393879,0.6475388949153785
3,4,Root-only,"X2, X3, X4",3,5,test,0.18279950669792952,-0.00015901776454557703,0.12871542548063084,0.6330068261096639
3,4,Root-only,"X2, X3, X4",3,6,test,0.19100915515736083,0.01078684889505557,0.141273012592924,0.6438764845163804
3,4,Root-only,"X2, X3, X4",3,7,test,0.1803728884764514,0.006138426390058787,0.12946109061507585,0.6105024808919928
3,4,Root-only,"X2, X3, X4",3,8,test,0.1812241534065328,-0.005101424242777636,0.12969720848204963,0.6447020178766827
3,4,Root-only,"X2, X3, X4",3,9,test,0.19907910135500947,0.03238939509452889,0.13531707267738233,0.6741875924594574
3,4,Treatment-parent,"X1, X2, X3, X4",4,0,test,0.29721622172100215,0.06773629867703282,0.2221127942933404,0.6566449849783822
3,4,Treatment-parent,"X1, X2, X3, X4",4,1,test,0.2917522480985352,0.07621552622892785,0.21209598114236622,0.6326883131653944
3,4,Treatment-parent,"X1, X2, X3, X4",4,2,test,0.36188611768969314,0.04807238515413022,0.2534647147315658,0.6669186544492496
3,4,Treatment-parent,"X1, X2, X3, X4",4,3,test,0.35425517155592606,0.05782646484955014,0.2519952330255708,0.6671580905765169
3,4,Treatment-parent,"X1, X2, X3, X4",4,4,test,0.3189608188788501,0.06295799893162808,0.24518539074374254,0.6695808231071647
3,4,Treatment-parent,"X1, X2, X3, X4",4,5,test,0.30340822007345464,0.05133219280423743,0.22026992039844293,0.6468351338242742
3,4,Treatment-parent,"X1, X2, X3, X4",4,6,test,0.30299635283283743,0.055102839295525625,0.22443767297243988,0.6469861444863534
3,4,Treatment-parent,"X1, X2, X3, X4",4,7,test,0.3551795995116268,0.10124709655342266,0.27177793309081577,0.629181821692654
3,4,Treatment-parent,"X1, X2, X3, X4",4,8,test,0.3377150987124549,0.07712744938030726,0.2506969757340002,0.6453622147081076
3,4,Treatment-parent,"X1, X2, X3, X4",4,9,test,0.3690241352540504,0.12018632165678002,0.27585299328558244,0.6761785981156778
3,4,Outcome-parent,"X3, X4, X5",3,0,test,0.10623811956358709,0.0039011951148058242,0.07380326217282615,0.5166154657913404
3,4,Outcome-parent,"X3, X4, X5",3,1,test,0.13257596975194175,-0.014237043050792358,0.08206374211884168,0.5132550000774714
3,4,Outcome-parent,"X3, X4, X5",3,2,test,0.07313579656312887,-0.004026274141339897,0.05166090473980282,0.5297937656335421
3,4,Outcome-parent,"X3, X4, X5",3,3,test,0.11500925007365494,-0.03394857839784119,0.060133095254916454,0.5152622199625436
3,4,Outcome-parent,"X3, X4, X5",3,4,test,0.13490267932237218,-0.04470626815489544,0.08290588935997226,0.5225113979680536
3,4,Outcome-parent,"X3, X4, X5",3,5,test,0.14005230556839773,-0.02499546247732812,0.07808527906666173,0.5203528486097438
3,4,Outcome-parent,"X3, X4, X5",3,6,test,0.1114069552225305,-0.01161162394776433,0.06731786533156994,0.47533466934945523
3,4,Outcome-parent,"X3, X4, X5",3,7,test,0.11490584485077644,-0.025253277557739717,0.06552089740082843,0.5079728251950648
3,4,Outcome-parent,"X3, X4, X5",3,8,test,0.09063748588911061,-0.02059696416368127,0.053164472381248724,0.5134839937066745
3,4,Outcome-parent,"X3, X4, X5",3,9,test,0.10305912361089926,-0.021583404300371208,0.05993960922643058,0.5085645174244661
3,4,GCI-guided valid,"X3, X4, X5",3,0,test,0.10623811956358709,0.0039011951148058242,0.07380326217282615,0.5166154657913404
3,4,GCI-guided valid,"X3, X4, X5",3,1,test,0.13257596975194175,-0.014237043050792358,0.08206374211884168,0.5132550000774714
3,4,GCI-guided valid,"X3, X4, X5",3,2,test,0.07313579656312887,-0.004026274141339897,0.05166090473980282,0.5297937656335421
3,4,GCI-guided valid,"X3, X4, X5",3,3,test,0.11500925007365494,-0.03394857839784119,0.060133095254916454,0.5152622199625436
3,4,GCI-guided valid,"X3, X4, X5",3,4,test,0.13490267932237218,-0.04470626815489544,0.08290588935997226,0.5225113979680536
3,4,GCI-guided valid,"X3, X4, X5",3,5,test,0.14005230556839773,-0.02499546247732812,0.07808527906666173,0.5203528486097438
3,4,GCI-guided valid,"X3, X4, X5",3,6,test,0.1114069552225305,-0.01161162394776433,0.06731786533156994,0.47533466934945523
3,4,GCI-guided valid,"X3, X4, X5",3,7,test,0.11490584485077644,-0.025253277557739717,0.06552089740082843,0.5079728251950648
3,4,GCI-guided valid,"X3, X4, X5",3,8,test,0.09063748588911061,-0.02059696416368127,0.053164472381248724,0.5134839937066745
3,4,GCI-guided valid,"X3, X4, X5",3,9,test,0.10305912361089926,-0.021583404300371208,0.05993960922643058,0.5085645174244661
4,1,No adjustment,--,0,0,test,0.3117909280824006,0.13798069220348844,0.2575029403527914,0.8368932222441966
4,1,No adjustment,--,0,1,test,0.30781672762370393,0.1329848429579498,0.25010176548762036,0.9450086324121197
4,1,No adjustment,--,0,2,test,0.28168004268381674,0.14552696754236963,0.22697421682327548,0.8458128086569721
4,1,No adjustment,--,0,3,test,0.3145373118415852,0.11474848700758085,0.24632942512788447,0.8369144196095422
4,1,No adjustment,--,0,4,test,0.28094824035008403,0.12590289005147481,0.23281395566110888,0.9320155041605905
4,1,No adjustment,--,0,5,test,0.3133171257620646,0.1392582537903671,0.24553987438744757,0.8707858175028136
4,1,No adjustment,--,0,6,test,0.34508565012520936,0.07224889273483891,0.2480295050327165,0.9358002851991434
4,1,No adjustment,--,0,7,test,0.35202546163543685,0.12562323713212803,0.27400722584867254,0.8642011387027903
4,1,No adjustment,--,0,8,test,0.29521120789858346,0.14126686494670707,0.24077605579214814,0.9008703719778458
4,1,No adjustment,--,0,9,test,0.3480951843892495,0.11422656950402134,0.26271693323754164,0.9508564361231423
4,1,All covariates,"X1, X2, X3, X4, X5, X6, X7, X8",8,0,test,0.37273960863696803,-0.16910799606040638,0.26588637468645043,0.46967766414744944
4,1,All covariates,"X1, X2, X3, X4, X5, X6, X7, X8",8,1,test,0.4214180854090519,-0.09696771514584071,0.3063842863065926,0.4947253174839276
4,1,All covariates,"X1, X2, X3, X4, X5, X6, X7, X8",8,2,test,0.33614285102555813,-0.12210193566746746,0.2573508699415824,0.48375084274108887
4,1,All covariates,"X1, X2, X3, X4, X5, X6, X7, X8",8,3,test,0.3362258763859059,-0.11510277270141217,0.26145799038782574,0.4665017869544125
4,1,All covariates,"X1, X2, X3, X4, X5, X6, X7, X8",8,4,test,0.35897462538649083,-0.15484323104104394,0.2757194554190316,0.5091347012205694
4,1,All covariates,"X1, X2, X3, X4, X5, X6, X7, X8",8,5,test,0.3837205825380301,-0.14423364775536754,0.29004983685224184,0.5155219579076795
4,1,All covariates,"X1, X2, X3, X4, X5, X6, X7, X8",8,6,test,0.3997503249961117,-0.14746240167147928,0.2978249893996473,0.5010978099044253
4,1,All covariates,"X1, X2, X3, X4, X5, X6, X7, X8",8,7,test,0.3608401337184128,-0.154793063388838,0.2682007379946764,0.46756615342162655
4,1,All covariates,"X1, X2, X3, X4, X5, X6, X7, X8",8,8,test,0.3196612762096535,-0.13053644207117618,0.24342289908459122,0.47892702225132516
4,1,All covariates,"X1, X2, X3, X4, X5, X6, X7, X8",8,9,test,0.3504182864476876,-0.10719191451175668,0.2725037530483815,0.4793318083692972
4,1,Root-only,X3,1,0,test,0.214024087490029,0.0005812131802428973,0.14647109814309292,0.7960524864391877
4,1,Root-only,X3,1,1,test,0.24937928630720052,0.0032138179532354566,0.1618608914447566,0.9181452923307681
4,1,Root-only,X3,1,2,test,0.19004743955233677,0.024468510026730207,0.134967113420889,0.7983112303840638
4,1,Root-only,X3,1,3,test,0.19032189632854105,0.01861720719706715,0.13534594994692778,0.7758562957982867
4,1,Root-only,X3,1,4,test,0.19009663855297437,-0.013267116874534158,0.12701330659975474,0.8760852101917946
4,1,Root-only,X3,1,5,test,0.24028405522731786,-0.009839462340537196,0.1461994793178433,0.8159766305715546
4,1,Root-only,X3,1,6,test,0.2982797773837476,-0.03781091496714804,0.1758919325825744,0.9064957980739721
4,1,Root-only,X3,1,7,test,0.21688346388851515,0.046466047147473606,0.155970659794589,0.8224961973982174
4,1,Root-only,X3,1,8,test,0.17953413360899573,0.04167296843288328,0.1280927536979619,0.8292750723861471
4,1,Root-only,X3,1,9,test,0.2822835264579857,0.10937785835895725,0.21160931127708352,0.886865472189499
4,1,Treatment-parent,"X2, X3",2,0,test,0.4021552008325527,-0.09899038147388445,0.2582464546000806,0.7899082045290619
4,1,Treatment-parent,"X2, X3",2,1,test,0.5105945170385076,-0.16227756039803082,0.29725332342612415,0.8911991312885569
4,1,Treatment-parent,"X2, X3",2,2,test,0.4108118609222809,-0.1128612932084233,0.2543987397266925,0.7928062470884656
4,1,Treatment-parent,"X2, X3",2,3,test,0.4030090042450742,-0.08770112961634165,0.26114453149920147,0.7837702971933905
4,1,Treatment-parent,"X2, X3",2,4,test,0.409290794884993,-0.13301800584674997,0.25830408094701085,0.8627090643365596
4,1,Treatment-parent,"X2, X3",2,5,test,0.4077082938809663,-0.08192499958239241,0.24626018906085942,0.8104522312445575
4,1,Treatment-parent,"X2, X3",2,6,test,0.6726294480259761,-0.16872794577850847,0.336793663935044,0.9141408285309583
4,1,Treatment-parent,"X2, X3",2,7,test,0.6035090851020339,-0.12311810347873442,0.32918540623003817,0.8109488517813076
4,1,Treatment-parent,"X2, X3",2,8,test,0.3422062579600232,-0.10262685045508209,0.21252709650408794,0.8239063156387015
4,1,Treatment-parent,"X2, X3",2,9,test,0.4074979066975942,0.01239098052961529,0.28554240829943794,0.8855286380631769
4,1,Outcome-parent,"X4, X5",2,0,test,0.13931771937259632,-0.034695136865600607,0.0703761960243851,0.502092540953307
4,1,Outcome-parent,"X4, X5",2,1,test,0.14419159647713406,-0.029532825802480598,0.0609655699984652,0.5105769796430838
4,1,Outcome-parent,"X4, X5",2,2,test,0.13229186707827748,-0.019407415614602127,0.05744130633916223,0.5287422954233503
4,1,Outcome-parent,"X4, X5",2,3,test,0.13640141220811064,-0.0399993879504453,0.07220264867150722,0.49661368899536673
4,1,Outcome-parent,"X4, X5",2,4,test,0.11452914571856036,-0.024036583705799267,0.05986304705958293,0.5004248422192887
4,1,Outcome-parent,"X4, X5",2,5,test,0.1344521841398031,-0.018687906274319648,0.07479861540828442,0.478169813650958
4,1,Outcome-parent,"X4, X5",2,6,test,0.1826714952760067,-0.05120744308997452,0.07879492692483296,0.5204530987535826
4,1,Outcome-parent,"X4, X5",2,7,test,0.17585463439010185,-0.04861365156851642,0.07905626354768404,0.5021820217391301
4,1,Outcome-parent,"X4, X5",2,8,test,0.13168535692411773,-0.01612354944597532,0.06297011436262996,0.49180088135937516
4,1,Outcome-parent,"X4, X5",2,9,test,0.1819937579921756,-0.04345241352217453,0.07515111105813822,0.5180855035978843
4,1,GCI-guided valid,X5,1,0,test,0.15419198395611447,-0.03778909788005741,0.0633483989971657,0.7069055480833357
4,1,GCI-guided valid,X5,1,1,test,0.14712093695154022,-0.023123018224319915,0.0641891022339593,0.7619065444462271
4,1,GCI-guided valid,X5,1,2,test,0.13300206350263813,-0.0191627515299709,0.060767448572211426,0.73685742224161
4,1,GCI-guided valid,X5,1,3,test,0.16548029520886604,-0.058476309275916544,0.07060698308912551,0.7150412989186375
4,1,GCI-guided valid,X5,1,4,test,0.11662946505892062,-0.024468149189452747,0.05153858993260748,0.7603421336183933
4,1,GCI-guided valid,X5,1,5,test,0.1574658616479774,-0.036456345881184626,0.07122466658278229,0.750495155674981
4,1,GCI-guided valid,X5,1,6,test,0.18823549408144333,-0.0594170858217735,0.0782580296842498,0.7474291828153908
4,1,GCI-guided valid,X5,1,7,test,0.16925566285502,-0.04685047605545481,0.0630957839259115,0.7390570781493082
4,1,GCI-guided valid,X5,1,8,test,0.1351048610599403,-0.02123929813826821,0.05837299380192221,0.7358746353518015
4,1,GCI-guided valid,X5,1,9,test,0.18560429818550261,-0.039925942670474016,0.08070330496391978,0.7773789818127816
4,2,No adjustment,--,0,0,test,0.5474316695300768,0.25834059913990054,0.409518469790148,1.135591591662505
4,2,No adjustment,--,0,1,test,0.5554089088948303,0.1979815737645132,0.40655061701381234,1.0926089808758888
4,2,No adjustment,--,0,2,test,0.5085299604875905,0.20269932094309462,0.3467885953710974,1.12407845644131
4,2,No adjustment,--,0,3,test,0.7279686002493084,0.16974315943845947,0.43295297546248934,1.1383825991164735
4,2,No adjustment,--,0,4,test,0.5350401223852572,0.202577552419598,0.3662583568023015,1.1342330379518308
4,2,No adjustment,--,0,5,test,0.6805592760594037,0.16971571071201988,0.40772500936254347,1.1007103970826062
4,2,No adjustment,--,0,6,test,0.4115253381410435,0.2428487786895901,0.33213043344346,1.1144906927248805
4,2,No adjustment,--,0,7,test,0.5648967181851763,0.2389122290612529,0.39817863424052213,1.060289768087327
4,2,No adjustment,--,0,8,test,0.7264697098934566,0.1680052746975555,0.4038752087109675,1.093128161069248
4,2,No adjustment,--,0,9,test,0.436101699699583,0.23644906172899055,0.33398624734553795,1.0920137529223533
4,2,All covariates,"X1, X2, X3, X4, X5, X6, X7, X8, X9",9,0,test,0.8201149852805174,-0.11180038164152144,0.6729801948647333,0.5653265975994689
4,2,All covariates,"X1, X2, X3, X4, X5, X6, X7, X8, X9",9,1,test,0.7192234802021038,-0.1382594566902248,0.6207391991486964,0.4979827196188219
4,2,All covariates,"X1, X2, X3, X4, X5, X6, X7, X8, X9",9,2,test,0.7664513626297047,-0.14189636358034532,0.6430885384697145,0.5935669648241471
4,2,All covariates,"X1, X2, X3, X4, X5, X6, X7, X8, X9",9,3,test,0.8585255814735523,-0.16979021754566653,0.7177133828656023,0.6230924155253296
4,2,All covariates,"X1, X2, X3, X4, X5, X6, X7, X8, X9",9,4,test,0.7295227435339031,-0.08716670905887423,0.6046535437898837,0.5818454932317134
4,2,All covariates,"X1, X2, X3, X4, X5, X6, X7, X8, X9",9,5,test,0.8687945040719874,-0.1654150942915004,0.7308987343295243,0.5993952650537648
4,2,All covariates,"X1, X2, X3, X4, X5, X6, X7, X8, X9",9,6,test,0.7637907933061124,-0.1882025076515712,0.6571802901979434,0.5681832705842309
4,2,All covariates,"X1, X2, X3, X4, X5, X6, X7, X8, X9",9,7,test,0.6837256278213386,-0.16306685769464138,0.57776685123661,0.5141585998572168
4,2,All covariates,"X1, X2, X3, X4, X5, X6, X7, X8, X9",9,8,test,0.8046342643777762,-0.09373569311196889,0.6584851327912024,0.6349398047129242
4,2,All covariates,"X1, X2, X3, X4, X5, X6, X7, X8, X9",9,9,test,0.7663574822555396,-0.2592001347105163,0.6569973757901004,0.5766065673479607
4,2,Root-only,X3,1,0,test,0.4582296103054933,0.0870908130283141,0.2852839463007715,1.0858970730887956
4,2,Root-only,X3,1,1,test,0.42004292061127557,0.026110418417079968,0.2689257092043497,1.059378904821254
4,2,Root-only,X3,1,2,test,0.4306498044359539,-0.015643957697390642,0.2671148131655635,1.1122638231340962
4,2,Root-only,X3,1,3,test,0.550125972251262,0.07272549332886043,0.29868327307580456,1.0828778190505859
4,2,Root-only,X3,1,4,test,0.4705231322442174,0.06425907902305275,0.28919988074945574,1.0868322088565743
4,2,Root-only,X3,1,5,test,0.5303359017331978,0.01903640964749946,0.290615928517642,1.0561849757258333
4,2,Root-only,X3,1,6,test,0.3405764050332092,0.06874221772424559,0.23952757350166023,1.0460794324913096
4,2,Root-only,X3,1,7,test,0.4609978353204649,0.03929919129994669,0.28464845604792965,1.028311057853093
4,2,Root-only,X3,1,8,test,0.533396237739957,0.04980873471266004,0.2847172734331782,1.0584292715030483
4,2,Root-only,X3,1,9,test,0.32990699300314985,0.0584395118062524,0.23311923943542687,1.0375364988375757
4,2,Treatment-parent,"X2, X3",2,0,test,0.48642326769346567,0.1362697805165059,0.3275450783415915,1.0928800569609047
4,2,Treatment-parent,"X2, X3",2,1,test,0.44723804644860243,0.05690274021973077,0.30946579880288444,1.066462589019821
4,2,Treatment-parent,"X2, X3",2,2,test,0.5464802211495621,0.09442405594953264,0.3668605200115268,1.1238419921911484
4,2,Treatment-parent,"X2, X3",2,3,test,0.559716524876221,0.008223715425086715,0.3011211155685148,1.093766790954669
4,2,Treatment-parent,"X2, X3",2,4,test,0.5437596045212065,0.12019225672281356,0.34120990414967606,1.0886236210532814
4,2,Treatment-parent,"X2, X3",2,5,test,0.5519955447055447,0.03869906173909522,0.3356135088838376,1.064729531547346
4,2,Treatment-parent,"X2, X3",2,6,test,0.4176293157260206,0.13563449863113267,0.29569078396798754,1.0548136097391205
4,2,Treatment-parent,"X2, X3",2,7,test,0.47650701429910564,0.016979904498541306,0.29676083340475934,1.0344547915679296
4,2,Treatment-parent,"X2, X3",2,8,test,0.6253439402577105,0.1601493380735867,0.37994439032777283,1.080943879998333
4,2,Treatment-parent,"X2, X3",2,9,test,0.37624862095850836,0.05141152963786657,0.2842299810129945,1.0427725669567163
4,2,Outcome-parent,"X6, X7, X8",3,0,test,0.5932852134746746,-0.1739259530787421,0.5230907888526654,0.49707633223517245
4,2,Outcome-parent,"X6, X7, X8",3,1,test,0.6056498785661677,-0.1408262273138328,0.5339631556122085,0.5123825021671761
4,2,Outcome-parent,"X6, X7, X8",3,2,test,0.6306022756834002,-0.1666920199797022,0.5579838580603763,0.5338063280603147
4,2,Outcome-parent,"X6, X7, X8",3,3,test,0.5952436983693377,-0.17156001342592644,0.52426290034308,0.520485239269486
4,2,Outcome-parent,"X6, X7, X8",3,4,test,0.5668496765720575,-0.24386853788804758,0.4956888044945866,0.5469919314018917
4,2,Outcome-parent,"X6, X7, X8",3,5,test,0.6083610872389927,-0.13646656519427036,0.5392194458970916,0.534810669300902
4,2,Outcome-parent,"X6, X7, X8",3,6,test,0.6128660016924621,-0.17921402871269565,0.5402137711285346,0.5318925943150032
4,2,Outcome-parent,"X6, X7, X8",3,7,test,0.6012568423605109,-0.16733959082988803,0.5270040061219925,0.5073710100881521
4,2,Outcome-parent,"X6, X7, X8",3,8,test,0.5755689309964698,-0.18722609367114937,0.5021970674577714,0.5173595755211721
4,2,Outcome-parent,"X6, X7, X8",3,9,test,0.6383004093385302,-0.21787028593151186,0.5656582655520626,0.4956467941238218
4,2,GCI-guided valid,X7,1,0,test,0.3971337395307054,0.01604932898907979,0.24049920054138837,0.947755626129341
4,2,GCI-guided valid,X7,1,1,test,0.43918768672613584,-0.07364262752782458,0.23679502332695274,0.9742179436987922
4,2,GCI-guided valid,X7,1,2,test,0.41000913240441966,-0.0761460989161294,0.23175809867434707,1.0040960085587154
4,2,GCI-guided valid,X7,1,3,test,0.5919174555547705,-0.07705813838847782,0.26020387619398155,0.9559115743366038
4,2,GCI-guided valid,X7,1,4,test,0.42281013553821184,-0.06547265030489101,0.21561307643202193,0.9511508522645692
4,2,GCI-guided valid,X7,1,5,test,0.5360355216852443,-0.06967819662120038,0.2573841425590095,0.9620646026546191
4,2,GCI-guided valid,X7,1,6,test,0.2968194562867279,-0.010122604741114474,0.21242823748623166,0.9555928248130757
4,2,GCI-guided valid,X7,1,7,test,0.4359767560645348,-0.02969903265691078,0.23171640503165772,0.9645732706866403
4,2,GCI-guided valid,X7,1,8,test,0.593392087001187,-0.08461653129429182,0.23849619162689872,0.9251437440005239
4,2,GCI-guided valid,X7,1,9,test,0.32721449085305043,-0.02911362388540726,0.21085046387006126,0.9202435874112301
4,3,No adjustment,--,0,0,test,0.2570824953446716,0.23546544797371663,0.24958082269909,1.0018304452884876
4,3,No adjustment,--,0,1,test,0.22019408347659025,0.1921094369440389,0.2110678952060556,1.000628340161971
4,3,No adjustment,--,0,2,test,0.2601064345573215,0.234229964327377,0.25180507604292945,0.9623710415334478
4,3,No adjustment,--,0,3,test,0.26134818842935753,0.250079991218934,0.25044773109037105,0.9769388511655707
4,3,No adjustment,--,0,4,test,0.24768310023979065,0.23401927026968414,0.23864497827254913,0.940629732024917
4,3,No adjustment,--,0,5,test,0.2170160971763893,0.1945861460116697,0.2084417541603786,0.9398718296312283
4,3,No adjustment,--,0,6,test,0.2739167377070096,0.2538017070839654,0.2595536576391719,0.9929307171028843
4,3,No adjustment,--,0,7,test,0.2326221237192717,0.20564144126486408,0.21588924170749726,1.0577444389589048
4,3,No adjustment,--,0,8,test,0.261853680651451,0.24818855136790893,0.25575808249951265,0.998475794456874
4,3,No adjustment,--,0,9,test,0.2528333755985257,0.2451716657214168,0.2451716657214168,0.9889529797698459
4,3,All covariates,"X1, X2, X3, X4, X5, X6, X7",7,0,test,0.47829490394848123,-0.2686918814233193,0.39340463936948605,0.5310688880995927
4,3,All covariates,"X1, X2, X3, X4, X5, X6, X7",7,1,test,0.5880014121805553,-0.3499422054497938,0.47122526402251436,0.4929836162651288
4,3,All covariates,"X1, X2, X3, X4, X5, X6, X7",7,2,test,0.591297117494297,-0.38732673387990035,0.4413005434133578,0.45981392848899816
4,3,All covariates,"X1, X2, X3, X4, X5, X6, X7",7,3,test,0.730813489586233,-0.4505077162622765,0.5688206189993567,0.5029549237333822
4,3,All covariates,"X1, X2, X3, X4, X5, X6, X7",7,4,test,0.5340156759206575,-0.2583835507636836,0.40290097014276266,0.48977157151220085
4,3,All covariates,"X1, X2, X3, X4, X5, X6, X7",7,5,test,0.44762754251180337,-0.16634245888179608,0.3435616637989529,0.47044805996619293
4,3,All covariates,"X1, X2, X3, X4, X5, X6, X7",7,6,test,0.5818979329106256,-0.31749353933938224,0.44135666736414825,0.5403823599667645
4,3,All covariates,"X1, X2, X3, X4, X5, X6, X7",7,7,test,0.5832476014891396,-0.354319326110551,0.47144690642722803,0.5055096136042065
4,3,All covariates,"X1, X2, X3, X4, X5, X6, X7",7,8,test,0.5879879643461641,-0.30022466918772117,0.45274147601844134,0.4988207135968985
4,3,All covariates,"X1, X2, X3, X4, X5, X6, X7",7,9,test,0.5378902895865464,-0.32592708847670127,0.4346684216966934,0.44802752376033106
4,3,Root-only,X3,1,0,test,0.16352355124066867,0.04535595330550164,0.12422735996219965,0.8674026009816543
4,3,Root-only,X3,1,1,test,0.148189951886565,-0.014906456042248935,0.09551295582981269,0.9273665825533748
4,3,Root-only,X3,1,2,test,0.16735391940411393,0.054416372979318034,0.12491318847142037,0.8419666646501438
4,3,Root-only,X3,1,3,test,0.19211026507371395,0.04626200090833027,0.13999313213239883,0.8625996725949887
4,3,Root-only,X3,1,4,test,0.1938712257595957,0.041650325964485015,0.13787512736182947,0.8197362303535075
4,3,Root-only,X3,1,5,test,0.14840364921186777,-0.01104290919400351,0.09808259538473507,0.8610878559161255
4,3,Root-only,X3,1,6,test,0.16591425200865503,0.03651336255192363,0.11588138538392358,0.8525459645520361
4,3,Root-only,X3,1,7,test,0.1681912686060705,-0.0012290274388382975,0.11258890508992259,1.0206898900592567
4,3,Root-only,X3,1,8,test,0.17737093000109583,0.02420487458594345,0.12263574276208461,0.875467563892548
4,3,Root-only,X3,1,9,test,0.14911729404557245,0.05432477543727217,0.10802516909588158,0.9406225970159751
4,3,Treatment-parent,"X2, X3",2,0,test,0.30571180167067297,0.07749182410526283,0.23630510329509385,0.8726594307446393
4,3,Treatment-parent,"X2, X3",2,1,test,0.3476639173490924,-0.08567135387386864,0.21096044824396876,0.899200235688057
4,3,Treatment-parent,"X2, X3",2,2,test,0.3611402493066852,0.016329444673986306,0.2320170374701599,0.8337485242853104
4,3,Treatment-parent,"X2, X3",2,3,test,0.4048341972795608,-0.031226189837701455,0.25459362650180306,0.8612819281426811
4,3,Treatment-parent,"X2, X3",2,4,test,0.3513144154947238,0.13207150106037466,0.27287640768075494,0.8217123149522605
4,3,Treatment-parent,"X2, X3",2,5,test,0.2651342391033624,0.05200671557562797,0.19029523293310366,0.8535684951170356
4,3,Treatment-parent,"X2, X3",2,6,test,0.28120633487969154,0.05895084086313417,0.19721139616447617,0.8408241795021525
4,3,Treatment-parent,"X2, X3",2,7,test,0.25699887644454766,0.004839877779270467,0.17500225327045976,0.9993715530952155
4,3,Treatment-parent,"X2, X3",2,8,test,0.49696576251888624,-0.03956212488076342,0.29142333375802776,0.90653948164638
4,3,Treatment-parent,"X2, X3",2,9,test,0.290128635700892,0.1522585960765962,0.22982157714764137,0.9168081183226073
4,3,Outcome-parent,"X4, X5",2,0,test,0.10935038005847952,0.030593732519939517,0.07142102344621414,0.569455443221973
4,3,Outcome-parent,"X4, X5",2,1,test,0.09506579525325994,0.03976125604407479,0.06634284930802888,0.5042750675501627
4,3,Outcome-parent,"X4, X5",2,2,test,0.100463264741463,0.03044152719505325,0.06252793492086646,0.5014604049313399
4,3,Outcome-parent,"X4, X5",2,3,test,0.08716802548235336,0.043881422027708394,0.06554739832756247,0.5260157752067401
4,3,Outcome-parent,"X4, X5",2,4,test,0.11602164964480101,0.04468482624018675,0.07723121612846029,0.4993580739879218
4,3,Outcome-parent,"X4, X5",2,5,test,0.10280751369397066,0.026650418108962657,0.06895893542396903,0.5126587236655241
4,3,Outcome-parent,"X4, X5",2,6,test,0.11736220426483053,0.029130330476412128,0.06820829273434117,0.5198810077088496
4,3,Outcome-parent,"X4, X5",2,7,test,0.09807347886328041,0.026825471584831753,0.06570993406924051,0.5363962084073518
4,3,Outcome-parent,"X4, X5",2,8,test,0.09663241660685125,0.044860098443851144,0.0723777622592499,0.5060259946438102
4,3,Outcome-parent,"X4, X5",2,9,test,0.08141657154672186,0.03841637498679859,0.0652260560189391,0.5194744195763474
4,3,GCI-guided valid,X5,1,0,test,0.09995632983241798,0.032762604707997946,0.06874187879608273,0.7370947321083291
4,3,GCI-guided valid,X5,1,1,test,0.09708028027073447,-0.0036968606166821946,0.05446821870308733,0.7347211377310251
4,3,GCI-guided valid,X5,1,2,test,0.0999815223043269,0.03659794932436605,0.0701695046321325,0.7296961223197461
4,3,GCI-guided valid,X5,1,3,test,0.08143939279856438,0.030453870442504586,0.06530667380251379,0.7363356447001724
4,3,GCI-guided valid,X5,1,4,test,0.10728858972491787,0.045328091711780066,0.08767726012797016,0.7048646501668155
4,3,GCI-guided valid,X5,1,5,test,0.09514056489519448,-0.01361635689877034,0.05131088392836398,0.7327687035336674
4,3,GCI-guided valid,X5,1,6,test,0.1382009111992437,0.05609301826229448,0.10474817948204564,0.7290884360482592
4,3,GCI-guided valid,X5,1,7,test,0.09493653889096582,0.017129574356713452,0.06628555887930311,0.7496192374970498
4,3,GCI-guided valid,X5,1,8,test,0.09342072718982648,0.008577458891515405,0.06342080465348467,0.7304766929384195
4,3,GCI-guided valid,X5,1,9,test,0.07764342692383573,0.03562517723845981,0.061862026536254194,0.7269191145497227
4,4,No adjustment,--,0,0,test,0.5531678067552794,0.5169183071666974,0.5386795991552833,0.9417727677787863
4,4,No adjustment,--,0,1,test,0.5382734866734558,0.5174740303155779,0.5277730980264711,0.9245198048008143
4,4,No adjustment,--,0,2,test,0.5561295024770485,0.5255725439553757,0.5441603228121236,0.9526598709576664
4,4,No adjustment,--,0,3,test,0.5478656933907715,0.5368699246512314,0.5425568058397315,0.914081036314115
4,4,No adjustment,--,0,4,test,0.547789134762644,0.5337183549183679,0.5379977060721929,0.8926218658088314
4,4,No adjustment,--,0,5,test,0.54084421313046,0.5200540358778026,0.5301753250694893,0.9441537579648969
4,4,No adjustment,--,0,6,test,0.5364038231422594,0.5288874628955078,0.5291007542810144,0.9297427484356968
4,4,No adjustment,--,0,7,test,0.5251761642192683,0.5038722978299879,0.5155881965055334,0.8857319992364047
4,4,No adjustment,--,0,8,test,0.5505351202834894,0.5334296299995197,0.5438344359892523,0.9289449901214892
4,4,No adjustment,--,0,9,test,0.5734583093709743,0.5237977966842413,0.5578321238912154,0.9018643900798092
4,4,All covariates,"X1, X2, X3, X4, X5, X6, X7",7,0,test,0.28978260941404266,-0.022707468860070447,0.21330824170267096,0.4919780971881296
4,4,All covariates,"X1, X2, X3, X4, X5, X6, X7",7,1,test,0.33960201464645384,0.02092324009848171,0.23591257393897724,0.48403989878660797
4,4,All covariates,"X1, X2, X3, X4, X5, X6, X7",7,2,test,0.302225812858034,-0.012837249986832002,0.21416115239687808,0.4826377328498248
4,4,All covariates,"X1, X2, X3, X4, X5, X6, X7",7,3,test,0.3655909559777206,-0.027613934371849672,0.25286011833439714,0.49886932763211767
4,4,All covariates,"X1, X2, X3, X4, X5, X6, X7",7,4,test,0.3316753781484672,-0.02339259215540689,0.2427645597487111,0.48567281308839366
4,4,All covariates,"X1, X2, X3, X4, X5, X6, X7",7,5,test,0.3018494445007651,-0.025689704824879662,0.22918811435279832,0.4867441297492528
4,4,All covariates,"X1, X2, X3, X4, X5, X6, X7",7,6,test,0.26571141258628395,-0.0693614762660917,0.19469208490199244,0.5099705287522582
4,4,All covariates,"X1, X2, X3, X4, X5, X6, X7",7,7,test,0.2977492440793359,0.01899704252060745,0.20766087439486364,0.5020282757224286
4,4,All covariates,"X1, X2, X3, X4, X5, X6, X7",7,8,test,0.33681542791294794,0.007431413753021696,0.24617773670477655,0.48610563130340323
4,4,All covariates,"X1, X2, X3, X4, X5, X6, X7",7,9,test,0.303012559403163,-0.008201577605126263,0.2203698371310885,0.4757429461642116
4,4,Root-only,"X2, X3, X4",3,0,test,0.2779098701832232,-0.10410465479990064,0.16493841717226304,0.6585474339260483
4,4,Root-only,"X2, X3, X4",3,1,test,0.19726747767722977,-0.06814710884337108,0.12258363373542766,0.6587634708207004
4,4,Root-only,"X2, X3, X4",3,2,test,0.18310041442828537,-0.054995344576269665,0.103206876773329,0.7419951443201573
4,4,Root-only,"X2, X3, X4",3,3,test,0.19722401709262344,-0.05502909390018626,0.11718923629371232,0.6977769847025146
4,4,Root-only,"X2, X3, X4",3,4,test,0.18359877432904043,-0.0664484153222633,0.11567146313070926,0.617982568055691
4,4,Root-only,"X2, X3, X4",3,5,test,0.19746188630441788,-0.0787506292145944,0.12965669436981223,0.662390399746583
4,4,Root-only,"X2, X3, X4",3,6,test,0.17893249357723678,-0.06512424936810306,0.12949737586514679,0.6511748789407389
4,4,Root-only,"X2, X3, X4",3,7,test,0.19916817057469932,-0.06994537804090846,0.122168374499665,0.6137606658568333
4,4,Root-only,"X2, X3, X4",3,8,test,0.22957189542491507,-0.08944566567411594,0.14136634043536717,0.6683219201008941
4,4,Root-only,"X2, X3, X4",3,9,test,0.2774487070539502,-0.09885244967734096,0.16403914960243526,0.6273684227254867
4,4,Treatment-parent,"X1, X2, X3, X4",4,0,test,0.3715940163495182,-0.05840965131035415,0.24638916500154376,0.6701354001878808
4,4,Treatment-parent,"X1, X2, X3, X4",4,1,test,0.2668713445412356,-0.004410337908640032,0.1847438929764399,0.6301345838408525
4,4,Treatment-parent,"X1, X2, X3, X4",4,2,test,0.27204513771589045,-0.020665953293030823,0.17920563177175025,0.7019895803774581
4,4,Treatment-parent,"X1, X2, X3, X4",4,3,test,0.29418973524987163,-0.03371651356462785,0.1817507934448459,0.6681250970184128
4,4,Treatment-parent,"X1, X2, X3, X4",4,4,test,0.31044718824247564,-0.029642407105122014,0.21206907263167604,0.6136396841146602
4,4,Treatment-parent,"X1, X2, X3, X4",4,5,test,0.28550589457160697,-0.02697089810069387,0.2064865853432409,0.6534860669135728
4,4,Treatment-parent,"X1, X2, X3, X4",4,6,test,0.2757434236462066,0.025695699272059665,0.21185016502495088,0.6647912448039357
4,4,Treatment-parent,"X1, X2, X3, X4",4,7,test,0.27659039739646,-0.006532329985616376,0.19759561062860512,0.6304593953576971
4,4,Treatment-parent,"X1, X2, X3, X4",4,8,test,0.29332511784545,-0.02795343580438639,0.20842635868549048,0.6698015863170177
4,4,Treatment-parent,"X1, X2, X3, X4",4,9,test,0.34254124701637567,-0.03873630024371188,0.2299392991238031,0.6281259223778795
4,4,Outcome-parent,"X3, X4, X5",3,0,test,0.17315102341378252,-0.07083408845543107,0.08836044497967671,0.5046318734973013
4,4,Outcome-parent,"X3, X4, X5",3,1,test,0.14711662771947087,-0.05440022997945052,0.08296142744567199,0.4698037592050394
4,4,Outcome-parent,"X3, X4, X5",3,2,test,0.16771959352377747,-0.0408682250363906,0.07667006138149633,0.5303702308718603
4,4,Outcome-parent,"X3, X4, X5",3,3,test,0.15538223539069365,-0.05364986443259429,0.08421902799203819,0.5174379347549519
4,4,Outcome-parent,"X3, X4, X5",3,4,test,0.1264782769481901,-0.051594335216375006,0.0763566168758701,0.49975456601936913
4,4,Outcome-parent,"X3, X4, X5",3,5,test,0.1316876539403495,-0.03983468002895713,0.08113989353233765,0.5225376790423881
4,4,Outcome-parent,"X3, X4, X5",3,6,test,0.1201375729727813,-0.05429714692746593,0.07980593480509908,0.5060439146238596
4,4,Outcome-parent,"X3, X4, X5",3,7,test,0.14020569181945175,-0.05546041136602748,0.07921521041147848,0.49936342355816654
4,4,Outcome-parent,"X3, X4, X5",3,8,test,0.15320362990328662,-0.05299043864129188,0.08467744973083574,0.515907345679993
4,4,Outcome-parent,"X3, X4, X5",3,9,test,0.20982341246457328,-0.06324815813000216,0.10118400166055608,0.48972893200401885
4,4,GCI-guided valid,"X3, X4, X5",3,0,test,0.17315102341378252,-0.07083408845543107,0.08836044497967671,0.5046318734973013
4,4,GCI-guided valid,"X3, X4, X5",3,1,test,0.14711662771947087,-0.05440022997945052,0.08296142744567199,0.4698037592050394
4,4,GCI-guided valid,"X3, X4, X5",3,2,test,0.16771959352377747,-0.0408682250363906,0.07667006138149633,0.5303702308718603
4,4,GCI-guided valid,"X3, X4, X5",3,3,test,0.15538223539069365,-0.05364986443259429,0.08421902799203819,0.5174379347549519
4,4,GCI-guided valid,"X3, X4, X5",3,4,test,0.1264782769481901,-0.051594335216375006,0.0763566168758701,0.49975456601936913
4,4,GCI-guided valid,"X3, X4, X5",3,5,test,0.1316876539403495,-0.03983468002895713,0.08113989353233765,0.5225376790423881
4,4,GCI-guided valid,"X3, X4, X5",3,6,test,0.1201375729727813,-0.05429714692746593,0.07980593480509908,0.5060439146238596
4,4,GCI-guided valid,"X3, X4, X5",3,7,test,0.14020569181945175,-0.05546041136602748,0.07921521041147848,0.49936342355816654
4,4,GCI-guided valid,"X3, X4, X5",3,8,test,0.15320362990328662,-0.05299043864129188,0.08467744973083574,0.515907345679993
4,4,GCI-guided valid,"X3, X4, X5",3,9,test,0.20982341246457328,-0.06324815813000216,0.10118400166055608,0.48972893200401885
5,1,No adjustment,--,0,0,test,0.2626044353205375,0.0932375439757679,0.18982391427337944,0.8905868612394295
5,1,No adjustment,--,0,1,test,0.3603881902890758,0.09950687071034131,0.23089313851647622,0.9043709122762161
5,1,No adjustment,--,0,2,test,0.24602738640835342,0.11165420277612247,0.1853882247644068,0.9513397973954826
5,1,No adjustment,--,0,3,test,0.28782940252672856,0.10523119732125442,0.20951697190343857,0.9178686003860705
5,1,No adjustment,--,0,4,test,0.25765733876970826,0.10657198354124157,0.19329347590493606,0.9581829482606535
5,1,No adjustment,--,0,5,test,0.2581603416716724,0.12900414420085515,0.2028280555628117,0.9354669692062156
5,1,No adjustment,--,0,6,test,0.2586354692416326,0.11588167211120298,0.20317082850054385,0.9119439019391556
5,1,No adjustment,--,0,7,test,0.2549595498118304,0.10804268773652005,0.20470380467681382,0.9189749444613433
5,1,No adjustment,--,0,8,test,0.27907056254749507,0.1361974161123389,0.21260446930620922,0.9207806483172845
5,1,No adjustment,--,0,9,test,0.3043585816839976,0.08964337795084171,0.20886845381476438,0.9458527005540904
5,1,All covariates,"X1, X2, X3, X4, X5, X6, X7, X8",8,0,test,0.376643063617319,-0.13126033988926772,0.2861379965962813,0.5595164581769125
5,1,All covariates,"X1, X2, X3, X4, X5, X6, X7, X8",8,1,test,0.3621089829277667,-0.1856589243536826,0.27431675427026914,0.5117827711706385
5,1,All covariates,"X1, X2, X3, X4, X5, X6, X7, X8",8,2,test,0.38892956143596447,-0.18923114082051765,0.3070873568394233,0.4751689115967907
5,1,All covariates,"X1, X2, X3, X4, X5, X6, X7, X8",8,3,test,0.34831124216192605,-0.1716451212033462,0.2663406357958686,0.5069416660621849
5,1,All covariates,"X1, X2, X3, X4, X5, X6, X7, X8",8,4,test,0.37779643296895926,-0.11673246375736739,0.29314522670146687,0.4924916321218941
5,1,All covariates,"X1, X2, X3, X4, X5, X6, X7, X8",8,5,test,0.4620483086464678,-0.11418810368889794,0.3317495285721732,0.49652310237447106
5,1,All covariates,"X1, X2, X3, X4, X5, X6, X7, X8",8,6,test,0.38323290001813715,-0.14869918716365982,0.2786520250920379,0.5482241636225654
5,1,All covariates,"X1, X2, X3, X4, X5, X6, X7, X8",8,7,test,0.43613884284247323,-0.16948631145035756,0.3253225989003125,0.4824675356570264
5,1,All covariates,"X1, X2, X3, X4, X5, X6, X7, X8",8,8,test,0.39035994637175375,-0.18221481409874302,0.31129223619096386,0.5364378176060922
5,1,All covariates,"X1, X2, X3, X4, X5, X6, X7, X8",8,9,test,0.4019385826774451,-0.17061118400886824,0.2924965517337486,0.548257949657835
5,1,Root-only,X3,1,0,test,0.2191893965051036,-0.0841470315517464,0.13322224920459955,0.8505238188309941
5,1,Root-only,X3,1,1,test,0.3103817377053774,-0.09388042839195146,0.1557975587317964,0.8194266499360741
5,1,Root-only,X3,1,2,test,0.22983845981078918,-0.03519892694546636,0.14131228579069116,0.8636077416143986
5,1,Root-only,X3,1,3,test,0.2362071602899057,-0.06504604011795886,0.13075654189209765,0.8516532224594663
5,1,Root-only,X3,1,4,test,0.21434771652251572,-0.0643372391522878,0.11804055916845471,0.8809622730596466
5,1,Root-only,X3,1,5,test,0.21252249099868295,-0.0610073283547874,0.10937895348391871,0.8496811637197611
5,1,Root-only,X3,1,6,test,0.2213009371282973,-0.053309222471792324,0.12404804762060664,0.8521718642002135
5,1,Root-only,X3,1,7,test,0.19898529313120347,-0.04471732142212253,0.11991108993932258,0.8771774750636983
5,1,Root-only,X3,1,8,test,0.2614687139111598,-0.056308313306060453,0.14334626734309652,0.8650375133084808
5,1,Root-only,X3,1,9,test,0.23184636849034998,-0.040008951030562505,0.13949263619124422,0.8578465218020876
5,1,Treatment-parent,"X2, X3",2,0,test,0.323036304942252,-0.08180741096675954,0.20704712764501365,0.8446297848017413
5,1,Treatment-parent,"X2, X3",2,1,test,0.33727653598583224,-0.07133218422470314,0.1840810049740496,0.812765418427518
5,1,Treatment-parent,"X2, X3",2,2,test,0.2943369540448724,-0.007260886130665547,0.18995670855033178,0.8565370265441716
5,1,Treatment-parent,"X2, X3",2,3,test,0.33671139399162714,-0.08434882736040196,0.20812400523740002,0.8421652844784717
5,1,Treatment-parent,"X2, X3",2,4,test,0.3234195165140437,0.09639730581993138,0.23992319861534023,0.8958005089864655
5,1,Treatment-parent,"X2, X3",2,5,test,0.29804865896718075,0.02941146020772712,0.20734090865298127,0.8598560786864169
5,1,Treatment-parent,"X2, X3",2,6,test,0.31381759133601955,0.007017140628725853,0.1969406273581165,0.8427563949946479
5,1,Treatment-parent,"X2, X3",2,7,test,0.291655374584224,-0.07528121460069898,0.19023066918561515,0.8748196891489268
5,1,Treatment-parent,"X2, X3",2,8,test,0.44598478541832665,-0.16071684398336045,0.26343011765175756,0.8759990251397008
5,1,Treatment-parent,"X2, X3",2,9,test,0.3034652069712693,-0.04769143414831119,0.19534903475315624,0.8518340032546039
5,1,Outcome-parent,"X4, X5",2,0,test,0.14999404617620088,-0.0510485426916988,0.06453453935587385,0.5387832961542637
5,1,Outcome-parent,"X4, X5",2,1,test,0.22017625124595616,-0.06052875405627015,0.07845775257175783,0.5053267414334196
5,1,Outcome-parent,"X4, X5",2,2,test,0.18527437276034772,-0.047035910184850455,0.061452112034902674,0.5038713627764835
5,1,Outcome-parent,"X4, X5",2,3,test,0.15691897298299817,-0.041167078531222444,0.0708025040272216,0.53305571433182
5,1,Outcome-parent,"X4, X5",2,4,test,0.15650106312856657,-0.035831803712100777,0.05568374383439403,0.5210032953679579
5,1,Outcome-parent,"X4, X5",2,5,test,0.1523234907308155,-0.04460137184247341,0.06307502242787807,0.48595261752076496
5,1,Outcome-parent,"X4, X5",2,6,test,0.1527120455794484,-0.04557901726650975,0.06298351718142987,0.5108851474337235
5,1,Outcome-parent,"X4, X5",2,7,test,0.1404088085461408,-0.04365732206605614,0.060138864817196214,0.5052409834702156
5,1,Outcome-parent,"X4, X5",2,8,test,0.15577522335240954,-0.036242230147861466,0.0569562451494706,0.532701243884122
5,1,Outcome-parent,"X4, X5",2,9,test,0.19943968672166643,-0.05665088771042543,0.07048979943466811,0.5416961728052998
5,1,GCI-guided valid,X5,1,0,test,0.1319053693820161,-0.057266486764531666,0.08386902876850974,0.7452468492187154
5,1,GCI-guided valid,X5,1,1,test,0.18651128855599777,-0.06056489500947852,0.07394268752269033,0.7099474726024615
5,1,GCI-guided valid,X5,1,2,test,0.1436071368980727,-0.06060105777386235,0.08077461419095194,0.7648987010260738
5,1,GCI-guided valid,X5,1,3,test,0.13455981209992232,-0.047762886476493106,0.08036246975820584,0.7543385869878547
5,1,GCI-guided valid,X5,1,4,test,0.1360675958050064,-0.04101700591181919,0.05502031929940493,0.7312657386484962
5,1,GCI-guided valid,X5,1,5,test,0.11280839320737147,-0.04188960574864019,0.06084073094316649,0.73423803386148
5,1,GCI-guided valid,X5,1,6,test,0.10924888326750605,-0.039411954349394374,0.061943231847614785,0.7444099435677843
5,1,GCI-guided valid,X5,1,7,test,0.12546896393006285,-0.05160630658281626,0.06864953913313582,0.7804811712794011
5,1,GCI-guided valid,X5,1,8,test,0.1248618463212979,-0.03321735310433611,0.056842008029772455,0.7533079758835606
5,1,GCI-guided valid,X5,1,9,test,0.1640906376946729,-0.054220686276875416,0.07173370666350681,0.745734478364682
5,2,No adjustment,--,0,0,test,0.4414293442172423,0.16690284080802595,0.28085945045360255,1.1104916552169224
5,2,No adjustment,--,0,1,test,0.48101431290090896,0.22213122590827974,0.3287366793873045,1.09134118336271
5,2,No adjustment,--,0,2,test,0.3893070016630937,0.21658341370225676,0.29703703064161,1.1022374896524243
5,2,No adjustment,--,0,3,test,0.42517687566824286,0.2122585648848567,0.30840869945538846,1.1029171963919295
5,2,No adjustment,--,0,4,test,0.36038543649100074,0.2062656634184744,0.27790172005965375,1.1308522694418854
5,2,No adjustment,--,0,5,test,0.441403670776216,0.20196354204432052,0.31128391280841405,1.1433835069767684
5,2,No adjustment,--,0,6,test,0.5041044197379936,0.15489922722852423,0.33872600506705836,1.1038629832364473
5,2,No adjustment,--,0,7,test,0.418972396394583,0.19371530992982178,0.3038087327340124,1.1666230396039254
5,2,No adjustment,--,0,8,test,0.44638672106363236,0.23944949630088616,0.31957760523871687,1.0812308593688063
5,2,No adjustment,--,0,9,test,0.5139364054070072,0.1739035748700373,0.31920265484361615,1.092459053384238
5,2,All covariates,"X1, X2, X3, X4, X5, X6, X7, X8, X9",9,0,test,0.7274397874092182,-0.33416568305919164,0.5872561320112777,0.5202148899384794
5,2,All covariates,"X1, X2, X3, X4, X5, X6, X7, X8, X9",9,1,test,0.628239657839388,-0.16795721678518188,0.5156087841515976,0.5374379206776694
5,2,All covariates,"X1, X2, X3, X4, X5, X6, X7, X8, X9",9,2,test,0.6848430525759414,-0.22118700271811395,0.559058395556761,0.5266496101583099
5,2,All covariates,"X1, X2, X3, X4, X5, X6, X7, X8, X9",9,3,test,0.7086267009341007,-0.30369039855948016,0.5746887570029497,0.5109595501030767
5,2,All covariates,"X1, X2, X3, X4, X5, X6, X7, X8, X9",9,4,test,0.6883689200190638,-0.26095723806736526,0.5776584281556036,0.575329605583813
5,2,All covariates,"X1, X2, X3, X4, X5, X6, X7, X8, X9",9,5,test,0.6678906276377086,-0.3125814472279375,0.5446343725084387,0.5602016308814591
5,2,All covariates,"X1, X2, X3, X4, X5, X6, X7, X8, X9",9,6,test,0.6635050914963021,-0.22666175993620727,0.536797886639876,0.5788025680295564
5,2,All covariates,"X1, X2, X3, X4, X5, X6, X7, X8, X9",9,7,test,0.5981567544243572,-0.1288864987644158,0.4989105414307858,0.5347126522913548
5,2,All covariates,"X1, X2, X3, X4, X5, X6, X7, X8, X9",9,8,test,0.6912997251623624,-0.21639636351787525,0.5784008387778808,0.5540545710530546
5,2,All covariates,"X1, X2, X3, X4, X5, X6, X7, X8, X9",9,9,test,0.7557014041042514,-0.33752295781987984,0.6122853157157198,0.5173466349887503
5,2,Root-only,X3,1,0,test,0.3919528357650216,-0.0016409843512618517,0.23653118955317382,1.0583531523203864
5,2,Root-only,X3,1,1,test,0.4111985725868151,0.04960776762432664,0.2551054451586657,1.0610000432698998
5,2,Root-only,X3,1,2,test,0.3161282964710286,0.01902110715663985,0.2292565891650618,1.0714601577243186
5,2,Root-only,X3,1,3,test,0.3358446875056053,0.04263307037141635,0.23377129381457976,1.0590241733189072
5,2,Root-only,X3,1,4,test,0.31219002961010917,0.020263067137958658,0.23806935996432435,1.0909419632682773
5,2,Root-only,X3,1,5,test,0.3557810441037147,0.02342182502064329,0.23832884677953117,1.0858236002019044
5,2,Root-only,X3,1,6,test,0.4483681286509095,-0.040533768729443836,0.27482702272256954,1.080077175797737
5,2,Root-only,X3,1,7,test,0.35170036355930695,0.015176414735026426,0.2404966471119508,1.140902240944224
5,2,Root-only,X3,1,8,test,0.3550691567331182,0.04747021957563784,0.24180934058877454,1.0420249550494283
5,2,Root-only,X3,1,9,test,0.46746624798174596,0.09124450875381587,0.3044376748635841,1.0526980057032806
5,2,Treatment-parent,"X2, X3",2,0,test,0.40239945850669817,-0.05665001634351317,0.2466311713708136,1.0609626722735297
5,2,Treatment-parent,"X2, X3",2,1,test,0.4327678918690747,0.023087122071354226,0.2507644375233842,1.0686982719419262
5,2,Treatment-parent,"X2, X3",2,2,test,0.33295715169861734,-0.0032893153786173516,0.23342222492907175,1.0712337864115231
5,2,Treatment-parent,"X2, X3",2,3,test,0.37624181602332263,-0.012477530251590792,0.25647905524333664,1.0575180378000693
5,2,Treatment-parent,"X2, X3",2,4,test,0.31730169275002074,-0.025771512500639797,0.23589518462250766,1.0872687139955495
5,2,Treatment-parent,"X2, X3",2,5,test,0.3866006065567795,0.034712045969011715,0.25871233415825773,1.0881072311398214
5,2,Treatment-parent,"X2, X3",2,6,test,0.5294859432422165,-0.1162862742674694,0.3099989958789761,1.0802542696241837
5,2,Treatment-parent,"X2, X3",2,7,test,0.35631676071147084,-0.03152728490309772,0.23159946331720418,1.1384231173177566
5,2,Treatment-parent,"X2, X3",2,8,test,0.429796130622567,-0.09390688408294551,0.25592309059599816,1.0483011004377651
5,2,Treatment-parent,"X2, X3",2,9,test,0.46456198664848464,0.0682831911837608,0.30836262226372263,1.0497463229562747
5,2,Outcome-parent,"X6, X7, X8",3,0,test,0.6017915893672042,-0.17455934989918598,0.5356138641075918,0.4986424219247156
5,2,Outcome-parent,"X6, X7, X8",3,1,test,0.579515852092728,-0.13135812659340232,0.5013440301724662,0.4948618203337595
5,2,Outcome-parent,"X6, X7, X8",3,2,test,0.6218223037304694,-0.1276307723710076,0.5547920351035841,0.47630395814861526
5,2,Outcome-parent,"X6, X7, X8",3,3,test,0.587181886574729,-0.17960485574808363,0.5161418400167231,0.4617204737501539
5,2,Outcome-parent,"X6, X7, X8",3,4,test,0.6098954137435703,-0.21602441216187424,0.5373073582028666,0.4978696489376791
5,2,Outcome-parent,"X6, X7, X8",3,5,test,0.6289429489958756,-0.19337082357470445,0.554959712127364,0.509958190543205
5,2,Outcome-parent,"X6, X7, X8",3,6,test,0.6399435672045394,-0.15118712239674917,0.5662867757318361,0.4975262004387149
5,2,Outcome-parent,"X6, X7, X8",3,7,test,0.5908067371601883,-0.1486866913766,0.516572421325004,0.5029556840834061
5,2,Outcome-parent,"X6, X7, X8",3,8,test,0.6178508140903375,-0.18137467212830244,0.5447697477775336,0.49770241539182103
5,2,Outcome-parent,"X6, X7, X8",3,9,test,0.5884526208508236,-0.16481894107774275,0.5195562799952085,0.48358468504106317
5,2,GCI-guided valid,X7,1,0,test,0.41564035427906826,-0.08659342260855556,0.2310150703686039,0.9592139753375216
5,2,GCI-guided valid,X7,1,1,test,0.4001125461051746,-0.015298850522016606,0.22495738642038585,0.9677416958944539
5,2,GCI-guided valid,X7,1,2,test,0.3173009033755562,-0.032605310595403565,0.22066981044947787,0.9507911103599679
5,2,GCI-guided valid,X7,1,3,test,0.3730092023359658,-0.07367726007142761,0.21441880708651848,0.9442949879075963
5,2,GCI-guided valid,X7,1,4,test,0.29972540544046117,-0.04422335699392521,0.22056851025954538,0.9839695177897918
5,2,GCI-guided valid,X7,1,5,test,0.3833958168734391,-0.04401859536945552,0.23266505622769718,0.9482167534640418
5,2,GCI-guided valid,X7,1,6,test,0.4709538221948774,-0.10558563226404719,0.26006447030089236,0.9322135844016944
5,2,GCI-guided valid,X7,1,7,test,0.3663120733428313,-0.0669804307266739,0.22727155773711638,0.9915293885650589
5,2,GCI-guided valid,X7,1,8,test,0.3787257894755987,-0.055523244650050076,0.2227127907706268,0.991675040125156
5,2,GCI-guided valid,X7,1,9,test,0.44194166670649004,-0.05632601686892407,0.23719800109023167,0.953432444128915
5,3,No adjustment,--,0,0,test,0.19706928134736854,0.1317362145141287,0.17375907398460008,0.9899939077030441
5,3,No adjustment,--,0,1,test,0.24076735861292856,0.12246833461618725,0.18831145565428803,0.9835857626267994
5,3,No adjustment,--,0,2,test,0.3005945080481193,0.11164345242309517,0.22034447680031305,1.014459367419778
5,3,No adjustment,--,0,3,test,0.19648183936062602,0.1383064550317919,0.1780553346825324,1.0295605759442397
5,3,No adjustment,--,0,4,test,0.21321923193013773,0.1283497716103766,0.17694356764228866,1.0617866278507193
5,3,No adjustment,--,0,5,test,0.2028847457614755,0.13562710475198073,0.17711780343499847,1.0161178315331314
5,3,No adjustment,--,0,6,test,0.2227791791316919,0.15158544669813787,0.19561751457216184,1.0142401525663574
5,3,No adjustment,--,0,7,test,0.21396807474827412,0.1450652836754257,0.18805823565744467,1.0285666797740032
5,3,No adjustment,--,0,8,test,0.23588806537881676,0.1420083635344501,0.19904278035868553,0.9869598556776895
5,3,No adjustment,--,0,9,test,0.2735251030066922,0.12591738880102737,0.19863426735392653,1.0688262681846354
5,3,All covariates,"X1, X2, X3, X4, X5, X6, X7",7,0,test,0.5910410688043033,-0.3807085566160333,0.4782880597419569,0.5485846225624716
5,3,All covariates,"X1, X2, X3, X4, X5, X6, X7",7,1,test,0.7433363743987483,-0.5310424636149744,0.586746320363532,0.5369869151127
5,3,All covariates,"X1, X2, X3, X4, X5, X6, X7",7,2,test,0.598518518613503,-0.40790422410040433,0.49520450049446907,0.5177997623656891
5,3,All covariates,"X1, X2, X3, X4, X5, X6, X7",7,3,test,0.5664228637541818,-0.3451164982275145,0.4614320249444101,0.4892802889754346
5,3,All covariates,"X1, X2, X3, X4, X5, X6, X7",7,4,test,0.6882192443757483,-0.4673897840614009,0.550359937100741,0.5276743568451273
5,3,All covariates,"X1, X2, X3, X4, X5, X6, X7",7,5,test,0.4939513378014146,-0.3129934255551624,0.4196870895831546,0.500685156907852
5,3,All covariates,"X1, X2, X3, X4, X5, X6, X7",7,6,test,0.6747650727875908,-0.3883597758680466,0.5321158066177298,0.5157594166243216
5,3,All covariates,"X1, X2, X3, X4, X5, X6, X7",7,7,test,0.5779313716869698,-0.23942867976636212,0.44643825652052743,0.5698236183645994
5,3,All covariates,"X1, X2, X3, X4, X5, X6, X7",7,8,test,0.6549042584372528,-0.5143530520924054,0.5503201781142281,0.5155819550290037
5,3,All covariates,"X1, X2, X3, X4, X5, X6, X7",7,9,test,0.4754728661562263,-0.23160910663667503,0.37676774231014953,0.520996916774798
5,3,Root-only,X3,1,0,test,0.18500512009343073,-0.03545603341700518,0.12281130983084201,0.891121912668626
5,3,Root-only,X3,1,1,test,0.20689752738882225,-0.09010229344783419,0.0935482056143542,0.9189835043825662
5,3,Root-only,X3,1,2,test,0.2583004715388751,-0.0604757050862578,0.11935476551725524,0.8613025625066748
5,3,Root-only,X3,1,3,test,0.16079976588751638,-0.06374191639782856,0.09134787296709859,0.8798933612695259
5,3,Root-only,X3,1,4,test,0.1715705541297411,-0.037296678577136345,0.09486334050633549,0.926066033291472
5,3,Root-only,X3,1,5,test,0.18340808196232447,-0.02801610078578161,0.11533858824227955,0.9059603751984087
5,3,Root-only,X3,1,6,test,0.15777842612337106,-0.05699906292397878,0.08341735588072334,0.905061913939302
5,3,Root-only,X3,1,7,test,0.1682588164762494,-0.04211517888415946,0.08478022892308974,0.9030086017243385
5,3,Root-only,X3,1,8,test,0.21715629105833353,-0.047705952778808604,0.10817733776094104,0.8784500670232822
5,3,Root-only,X3,1,9,test,0.2333291516724307,-0.03917445989362364,0.1129060078953923,0.9217945415145368
5,3,Treatment-parent,"X2, X3",2,0,test,0.3037771958037293,-0.0871909175620727,0.21248379628030406,0.9100107474764839
5,3,Treatment-parent,"X2, X3",2,1,test,0.23366332443598511,-0.12828465088567403,0.15062129287897127,0.9095952937483749
5,3,Treatment-parent,"X2, X3",2,2,test,0.3318631259636924,-0.07396469304263145,0.19903714270470177,0.8570740631372665
5,3,Treatment-parent,"X2, X3",2,3,test,0.2215855137191602,-0.045771744343275446,0.15062994428759724,0.8829112552135748
5,3,Treatment-parent,"X2, X3",2,4,test,0.21663490114421782,-0.006067984745701392,0.14278054212613578,0.917743189129631
5,3,Treatment-parent,"X2, X3",2,5,test,0.2912359691013173,-0.04602529943460057,0.19707436639518794,0.9157751443238376
5,3,Treatment-parent,"X2, X3",2,6,test,0.21853101168302283,-0.060917424960065414,0.1377391595708731,0.9150470344524739
5,3,Treatment-parent,"X2, X3",2,7,test,0.2766889905292697,-0.08751867842783828,0.18086582898314324,0.9141060150886241
5,3,Treatment-parent,"X2, X3",2,8,test,0.27862814438113065,-0.011114178077379393,0.16485949968149058,0.8681794239104844
5,3,Treatment-parent,"X2, X3",2,9,test,0.2788832596828771,-0.0034258571199832786,0.19097079482635484,0.9114920865311797
5,3,Outcome-parent,"X4, X5",2,0,test,0.10371698272287166,-0.02131227443045033,0.06980437589549651,0.5774879393397
5,3,Outcome-parent,"X4, X5",2,1,test,0.15704208629578023,-0.03551216220244352,0.09161047370944991,0.5464390671307439
5,3,Outcome-parent,"X4, X5",2,2,test,0.16316439810264688,-0.028169770937556963,0.08040928737294453,0.5090443293750334
5,3,Outcome-parent,"X4, X5",2,3,test,0.09202169966522938,-0.015273626909752881,0.06773021199575281,0.5030544640309078
5,3,Outcome-parent,"X4, X5",2,4,test,0.13263104040584528,-0.016295530900384686,0.07911494841304799,0.54280104331582
5,3,Outcome-parent,"X4, X5",2,5,test,0.10057810113365177,-0.02609918776551871,0.07102504310237948,0.5103767987282604
5,3,Outcome-parent,"X4, X5",2,6,test,0.1675899658945473,-0.027657547246782505,0.08199835379366875,0.5339798115757535
5,3,Outcome-parent,"X4, X5",2,7,test,0.11813833759767922,-0.018135270995274944,0.07966777382014527,0.527519672861829
5,3,Outcome-parent,"X4, X5",2,8,test,0.1323698433449911,-0.019899965169244988,0.07855069271780445,0.5294265978825216
5,3,Outcome-parent,"X4, X5",2,9,test,0.18138554696442769,-0.024543451316713802,0.09337706230826,0.5536273496556998
5,3,GCI-guided valid,X5,1,0,test,0.11619830070483905,-0.03450875568159606,0.07723295376902346,0.7600453895705379
5,3,GCI-guided valid,X5,1,1,test,0.1429976482018259,-0.034232245649468813,0.08620135587784432,0.7306703135598207
5,3,GCI-guided valid,X5,1,2,test,0.1663910815942496,-0.04183351177947874,0.07635427695486001,0.7486936365890371
5,3,GCI-guided valid,X5,1,3,test,0.11506234053161375,-0.007479088893995065,0.08178145852607081,0.7263063240550823
5,3,GCI-guided valid,X5,1,4,test,0.1417145695714035,-0.02376888496543633,0.08618450203577027,0.7711917662780515
5,3,GCI-guided valid,X5,1,5,test,0.10658181184505348,-0.03707592080684877,0.0758914890311641,0.784721898811973
5,3,GCI-guided valid,X5,1,6,test,0.16288872104319344,-0.012274145537520048,0.09423292033310081,0.7622216758584136
5,3,GCI-guided valid,X5,1,7,test,0.11933724575726162,-0.00864923285527162,0.0803249061283646,0.7881436938972078
5,3,GCI-guided valid,X5,1,8,test,0.13091481726582052,-0.03529180100412795,0.07310341356451974,0.756584486203475
5,3,GCI-guided valid,X5,1,9,test,0.19049332045738934,-0.015397303478842212,0.09980543426894224,0.7765926277315046
5,4,No adjustment,--,0,0,test,0.5579408983273616,0.5385745905799149,0.5437146331675113,0.940962487205244
5,4,No adjustment,--,0,1,test,0.5700630194816186,0.5252818067056768,0.55578871199623,0.9033060203456608
5,4,No adjustment,--,0,2,test,0.5610251894565743,0.5127021996420901,0.541628123700348,0.946036526221263
5,4,No adjustment,--,0,3,test,0.5499053985917542,0.523128321612354,0.5375494214198803,0.9708600774441976
5,4,No adjustment,--,0,4,test,0.56068224519143,0.5472501317039452,0.5509002250056866,0.8530332372474314
5,4,No adjustment,--,0,5,test,0.5753311909860275,0.5486749630531053,0.5602758883836799,0.9200287718914749
5,4,No adjustment,--,0,6,test,0.600887934994415,0.5560553996874095,0.5879138673616199,0.9112419731565559
5,4,No adjustment,--,0,7,test,0.5655578058500841,0.5298148151104229,0.5527197483646986,0.9751680013593421
5,4,No adjustment,--,0,8,test,0.5497340439718176,0.5221598451386276,0.5372581972440448,0.8930003158059518
5,4,No adjustment,--,0,9,test,0.5646042881255077,0.5487076875342842,0.554565381532924,0.9075777722002888
5,4,All covariates,"X1, X2, X3, X4, X5, X6, X7",7,0,test,0.2934604547205883,0.07866992157575167,0.22288559139709357,0.5040118310790317
5,4,All covariates,"X1, X2, X3, X4, X5, X6, X7",7,1,test,0.27226462521475625,0.02631528186778354,0.1922269336651144,0.49959639432643915
5,4,All covariates,"X1, X2, X3, X4, X5, X6, X7",7,2,test,0.32445319195774025,0.013418005469081085,0.2112431173169322,0.533659294949195
5,4,All covariates,"X1, X2, X3, X4, X5, X6, X7",7,3,test,0.285678734719893,0.11705740841171587,0.20867187670375742,0.519336409224654
5,4,All covariates,"X1, X2, X3, X4, X5, X6, X7",7,4,test,0.3102122479466167,0.06200975892212807,0.22255589905509643,0.5103417560812982
5,4,All covariates,"X1, X2, X3, X4, X5, X6, X7",7,5,test,0.2976667983420137,0.06991863148620017,0.21134460815170536,0.5006509698280407
5,4,All covariates,"X1, X2, X3, X4, X5, X6, X7",7,6,test,0.2942995813821649,0.02513979676652245,0.20926355889154816,0.5197228208158717
5,4,All covariates,"X1, X2, X3, X4, X5, X6, X7",7,7,test,0.28772416858864264,0.07109954546800767,0.21175926858368085,0.5346212129648461
5,4,All covariates,"X1, X2, X3, X4, X5, X6, X7",7,8,test,0.3196371528065757,0.060359510277384995,0.22624804685676486,0.48856649562805265
5,4,All covariates,"X1, X2, X3, X4, X5, X6, X7",7,9,test,0.23642531306301934,0.02977233037380621,0.17674318133764952,0.5324510622566713
5,4,Root-only,"X2, X3, X4",3,0,test,0.14520638119216644,0.0038931084142693664,0.09382682926728304,0.7975998699004062
5,4,Root-only,"X2, X3, X4",3,1,test,0.20100047009841907,0.009467969175284913,0.13579494001267026,0.666419287552274
5,4,Root-only,"X2, X3, X4",3,2,test,0.19473743854080866,0.013880926166204434,0.13987741268783657,0.6634570040041732
5,4,Root-only,"X2, X3, X4",3,3,test,0.2569982913767108,0.023794125580148685,0.17771373577224903,0.7346633093081428
5,4,Root-only,"X2, X3, X4",3,4,test,0.17848183605440024,0.02269168073069911,0.12206753404185042,0.6509903506423028
5,4,Root-only,"X2, X3, X4",3,5,test,0.19109931252684054,0.05549574342698509,0.14427757165025856,0.6500267888309725
5,4,Root-only,"X2, X3, X4",3,6,test,0.20473909922996042,0.029832451067270983,0.1355020858810911,0.6446823165660024
5,4,Root-only,"X2, X3, X4",3,7,test,0.23525464564831053,0.023674652445671848,0.15804106336267645,0.7606969336073458
5,4,Root-only,"X2, X3, X4",3,8,test,0.18349067105150166,-0.03300800593984884,0.1108922475753095,0.8560651585218187
5,4,Root-only,"X2, X3, X4",3,9,test,0.18500773370221582,0.040870772359803756,0.12849312878182173,0.674441249399503
5,4,Treatment-parent,"X1, X2, X3, X4",4,0,test,0.3548712299120275,0.02665343338728565,0.2167947500274706,0.7518561821548547
5,4,Treatment-parent,"X1, X2, X3, X4",4,1,test,0.33399169399005035,0.07382188013037537,0.24516382207463341,0.6568377068715768
5,4,Treatment-parent,"X1, X2, X3, X4",4,2,test,0.3287960404463434,0.1147605115750971,0.26231468926784657,0.6505761307666954
5,4,Treatment-parent,"X1, X2, X3, X4",4,3,test,0.4494430873659033,0.09233537844475259,0.31339230706578325,0.7036019968570237
5,4,Treatment-parent,"X1, X2, X3, X4",4,4,test,0.43846125623331894,0.07603898108345548,0.29579034242484237,0.6763742032688702
5,4,Treatment-parent,"X1, X2, X3, X4",4,5,test,0.35768189647274307,0.15418611424165612,0.2956646928386984,0.650656974586208
5,4,Treatment-parent,"X1, X2, X3, X4",4,6,test,0.41614019572148314,0.12589502662057275,0.30924689006927586,0.646692646749079
5,4,Treatment-parent,"X1, X2, X3, X4",4,7,test,0.4457789818521031,0.11822310296848478,0.31666255592781406,0.7411143958571134
5,4,Treatment-parent,"X1, X2, X3, X4",4,8,test,0.28047532017830495,0.04316995131120725,0.2037023238270685,0.8163271363124441
5,4,Treatment-parent,"X1, X2, X3, X4",4,9,test,0.40484489558875186,0.10963326008399761,0.27626591337150946,0.6766280671740236
5,4,Outcome-parent,"X3, X4, X5",3,0,test,0.10375865457730915,-0.03487674417195419,0.06799057386771985,0.5472362273932395
5,4,Outcome-parent,"X3, X4, X5",3,1,test,0.15638371304357798,-0.03398132083539409,0.070806276382279,0.5211619080058821
5,4,Outcome-parent,"X3, X4, X5",3,2,test,0.183358516961608,-0.06529877569553237,0.08519779997664406,0.524062753295202
5,4,Outcome-parent,"X3, X4, X5",3,3,test,0.11353418313802713,-0.017931417708749058,0.05716221359210949,0.5212382053687027
5,4,Outcome-parent,"X3, X4, X5",3,4,test,0.06253042224887949,-0.010138631307012496,0.04237322342404917,0.5134332477964121
5,4,Outcome-parent,"X3, X4, X5",3,5,test,0.1006218576059106,-0.009376001055500783,0.057524497153021145,0.5386515865589531
5,4,Outcome-parent,"X3, X4, X5",3,6,test,0.16544697024174437,-0.04960697312276508,0.0766585047758647,0.5073967519941277
5,4,Outcome-parent,"X3, X4, X5",3,7,test,0.12339319057097925,-0.03181452476295738,0.05848236602537107,0.5461256470018298
5,4,Outcome-parent,"X3, X4, X5",3,8,test,0.11738243956077976,-0.03613595082761911,0.06026247725450974,0.5057330056125036
5,4,Outcome-parent,"X3, X4, X5",3,9,test,0.09976230991278794,-0.02481008199916287,0.05730925480144511,0.5519987685132137
5,4,GCI-guided valid,"X3, X4, X5",3,0,test,0.10375865457730915,-0.03487674417195419,0.06799057386771985,0.5472362273932395
5,4,GCI-guided valid,"X3, X4, X5",3,1,test,0.15638371304357798,-0.03398132083539409,0.070806276382279,0.5211619080058821
5,4,GCI-guided valid,"X3, X4, X5",3,2,test,0.183358516961608,-0.06529877569553237,0.08519779997664406,0.524062753295202
5,4,GCI-guided valid,"X3, X4, X5",3,3,test,0.11353418313802713,-0.017931417708749058,0.05716221359210949,0.5212382053687027
5,4,GCI-guided valid,"X3, X4, X5",3,4,test,0.06253042224887949,-0.010138631307012496,0.04237322342404917,0.5134332477964121
5,4,GCI-guided valid,"X3, X4, X5",3,5,test,0.1006218576059106,-0.009376001055500783,0.057524497153021145,0.5386515865589531
5,4,GCI-guided valid,"X3, X4, X5",3,6,test,0.16544697024174437,-0.04960697312276508,0.0766585047758647,0.5073967519941277
5,4,GCI-guided valid,"X3, X4, X5",3,7,test,0.12339319057097925,-0.03181452476295738,0.05848236602537107,0.5461256470018298
5,4,GCI-guided valid,"X3, X4, X5",3,8,test,0.11738243956077976,-0.03613595082761911,0.06026247725450974,0.5057330056125036
5,4,GCI-guided valid,"X3, X4, X5",3,9,test,0.09976230991278794,-0.02481008199916287,0.05730925480144511,0.5519987685132137
6,1,No adjustment,--,0,0,test,0.3795742437653666,0.13526078764698737,0.23541686685317606,0.9062965365320936
6,1,No adjustment,--,0,1,test,0.2424223662746253,0.18346711191737947,0.2241909458171539,0.9183217369765254
6,1,No adjustment,--,0,2,test,0.2878335515219035,0.16244597871385386,0.22169861258006138,0.8289043635969321
6,1,No adjustment,--,0,3,test,0.2691512705770449,0.18558936820539138,0.23737962955073358,0.8328253215577457
6,1,No adjustment,--,0,4,test,0.2658462697749745,0.17391285611422921,0.22130349722319462,0.887993928741284
6,1,No adjustment,--,0,5,test,0.2514687035936063,0.1678402742242695,0.2249434926956303,0.8969703335199815
6,1,No adjustment,--,0,6,test,0.28336919818496303,0.19713156108962726,0.2439497699719115,0.9266143175276406
6,1,No adjustment,--,0,7,test,0.2265140999565811,0.1868965396956936,0.21264440876322646,0.8483918645895413
6,1,No adjustment,--,0,8,test,0.3217644110990097,0.15653041699552125,0.2356497090319064,0.9547711281949515
6,1,No adjustment,--,0,9,test,0.23234745595381948,0.15046305839931656,0.2092199408554891,0.8505303808622273
6,1,All covariates,"X1, X2, X3, X4, X5, X6, X7, X8",8,0,test,0.39482276980780545,-0.05225053341709636,0.28879761653545727,0.44981390935679166
6,1,All covariates,"X1, X2, X3, X4, X5, X6, X7, X8",8,1,test,0.4229945125457843,-0.05521447598059285,0.31714543364816705,0.4468308393449942
6,1,All covariates,"X1, X2, X3, X4, X5, X6, X7, X8",8,2,test,0.431806277318685,-0.07046835666179539,0.3189105475772597,0.47189043135043535
6,1,All covariates,"X1, X2, X3, X4, X5, X6, X7, X8",8,3,test,0.3552221469770738,-0.05928742576740452,0.2761192152153616,0.42363922475744864
6,1,All covariates,"X1, X2, X3, X4, X5, X6, X7, X8",8,4,test,0.38711821738749724,-0.056846911640302505,0.2854098495076122,0.4727942183769873
6,1,All covariates,"X1, X2, X3, X4, X5, X6, X7, X8",8,5,test,0.3890922011232127,-0.11859184008381356,0.29494439979241394,0.45585443432216993
6,1,All covariates,"X1, X2, X3, X4, X5, X6, X7, X8",8,6,test,0.43497605503330533,-0.11933947416986944,0.3266886693860905,0.4621191505410399
6,1,All covariates,"X1, X2, X3, X4, X5, X6, X7, X8",8,7,test,0.35668324999699724,-0.10073180369354742,0.26584620854714297,0.4375524189105811
6,1,All covariates,"X1, X2, X3, X4, X5, X6, X7, X8",8,8,test,0.46528443852594376,-0.12440677354034738,0.34247028909633115,0.5009315591895339
6,1,All covariates,"X1, X2, X3, X4, X5, X6, X7, X8",8,9,test,0.4006457575074506,-0.06599451098147274,0.29567612988994457,0.491454193275922
6,1,Root-only,X3,1,0,test,0.3071265369010408,0.027345848930155525,0.16193834534745197,0.8220708404957964
6,1,Root-only,X3,1,1,test,0.31127557538456907,0.013492276676432784,0.17652318360483812,0.8650337356500313
6,1,Root-only,X3,1,2,test,0.21099923827849695,0.05813415969630974,0.1450692051132853,0.7873651705592261
6,1,Root-only,X3,1,3,test,0.23021287613576266,0.06473697947152333,0.17464790287397894,0.7908173816784471
6,1,Root-only,X3,1,4,test,0.20580450467336292,0.021831348616641075,0.11860184505401766,0.8719654056122161
6,1,Root-only,X3,1,5,test,0.19002279339519199,0.03455495520087752,0.14355582221781482,0.8334847263536732
6,1,Root-only,X3,1,6,test,0.2284737244372128,0.05833377726983076,0.15354300887369596,0.8749825376800255
6,1,Root-only,X3,1,7,test,0.2342740924758432,0.03121116598155048,0.15179123440506598,0.7701031341776123
6,1,Root-only,X3,1,8,test,0.250218327979521,0.054371858053981086,0.17151086764343518,0.8908865488131056
6,1,Root-only,X3,1,9,test,0.21519233098868834,0.017226589416449018,0.14611092135704198,0.8269155607147631
6,1,Treatment-parent,"X2, X3",2,0,test,0.3193284217294285,0.06849726564854504,0.21938521932005633,0.8120545485598054
6,1,Treatment-parent,"X2, X3",2,1,test,0.5999128746961648,-0.09255561464395592,0.28818784494750255,0.8722981512457442
6,1,Treatment-parent,"X2, X3",2,2,test,0.31071878748995374,0.10209485368600814,0.23893778108824057,0.7896601331907228
6,1,Treatment-parent,"X2, X3",2,3,test,0.3423558225955205,0.08479143854053073,0.2580705464932555,0.7920487314753103
6,1,Treatment-parent,"X2, X3",2,4,test,0.35429396655251894,0.05796611883896028,0.21533941051127395,0.8522624565922995
6,1,Treatment-parent,"X2, X3",2,5,test,0.35921014572923443,0.07708217630315123,0.26773708105255634,0.8349003084168293
6,1,Treatment-parent,"X2, X3",2,6,test,0.36626396906259734,0.02067730063364848,0.21717203208777566,0.8657720619296433
6,1,Treatment-parent,"X2, X3",2,7,test,0.3826905057730721,0.07121731700318835,0.24575760134968003,0.7711844362146483
6,1,Treatment-parent,"X2, X3",2,8,test,0.3863128338939163,0.10769941212163336,0.278005449149197,0.8836737634570946
6,1,Treatment-parent,"X2, X3",2,9,test,0.3846328705640238,0.02597206770588223,0.21970235157277135,0.8313768233042435
6,1,Outcome-parent,"X4, X5",2,0,test,0.18643193605809855,0.01012765995411545,0.07108504716908379,0.4984193291797783
6,1,Outcome-parent,"X4, X5",2,1,test,0.10535332867266095,0.041437441163280166,0.0764990994186669,0.45661924378010493
6,1,Outcome-parent,"X4, X5",2,2,test,0.148503873913986,0.015341209546001992,0.083901738085058,0.4720663679738778
6,1,Outcome-parent,"X4, X5",2,3,test,0.12445338425806586,0.03323840921701026,0.07914809701672626,0.4740058903100575
6,1,Outcome-parent,"X4, X5",2,4,test,0.13280046177548718,0.028975384507023947,0.07459011260859931,0.5205404377342012
6,1,Outcome-parent,"X4, X5",2,5,test,0.11348086494422613,0.03381732425211766,0.07538143038760886,0.4669191247182302
6,1,Outcome-parent,"X4, X5",2,6,test,0.13196792968571328,0.04449919240777188,0.08187044308438617,0.499646506880517
6,1,Outcome-parent,"X4, X5",2,7,test,0.09563614896637039,0.03739158591573576,0.07022230165659522,0.4649771632618399
6,1,Outcome-parent,"X4, X5",2,8,test,0.1578621425730866,0.028593596316870525,0.08643331421636112,0.47900610849973857
6,1,Outcome-parent,"X4, X5",2,9,test,0.09263630310974376,0.022066725259003064,0.06811578256083795,0.4930764367820676
6,1,GCI-guided valid,X5,1,0,test,0.2506719980159922,-0.019335061445796383,0.06996018137120581,0.7109433133274962
6,1,GCI-guided valid,X5,1,1,test,0.10904834484547725,0.035479869791951744,0.06923527655462218,0.7378188880610715
6,1,GCI-guided valid,X5,1,2,test,0.15845744801043515,0.011955833793179597,0.07030076205281963,0.7277125626181109
6,1,GCI-guided valid,X5,1,3,test,0.12639731099341245,0.020487685484260058,0.06653795477915901,0.6910434571153543
6,1,GCI-guided valid,X5,1,4,test,0.15316211438719327,0.030967808727880713,0.08009252576780741,0.7713000957631673
6,1,GCI-guided valid,X5,1,5,test,0.11845745384762321,0.025024087366872137,0.06985237475350893,0.7177391767413117
6,1,GCI-guided valid,X5,1,6,test,0.15738122042414082,0.055235981564066894,0.08781047362349369,0.7483109001946497
6,1,GCI-guided valid,X5,1,7,test,0.09385697970945099,0.018173441933659756,0.06709323537441059,0.702561429148717
6,1,GCI-guided valid,X5,1,8,test,0.1861202534867728,0.01885363952527328,0.07583035688889626,0.7804477590449538
6,1,GCI-guided valid,X5,1,9,test,0.11642238699306197,-0.004347411927739343,0.07182460306529341,0.7253049503768737
6,2,No adjustment,--,0,0,test,0.8842512775219976,0.10199285894394293,0.40684046186053124,1.0940440556230444
6,2,No adjustment,--,0,1,test,0.5335951649587884,0.2147883203038197,0.3761251502185001,1.0583710814115097
6,2,No adjustment,--,0,2,test,0.6140080962152165,0.21309319579757702,0.4159635657151923,1.1395755899650615
6,2,No adjustment,--,0,3,test,0.45686504222471136,0.2012746552144576,0.3026335249256044,1.0347695972327748
6,2,No adjustment,--,0,4,test,0.692775915829907,0.1485108570814108,0.4020372780821355,1.0248603464071402
6,2,No adjustment,--,0,5,test,0.5055890964469222,0.23439810199033304,0.36383480070182667,1.0710381920510512
6,2,No adjustment,--,0,6,test,0.40520931536520816,0.2708873120589947,0.33587900080770033,1.1036759512362695
6,2,No adjustment,--,0,7,test,0.7781983897317822,0.1381280546210009,0.4248934235821539,1.103166968185807
6,2,No adjustment,--,0,8,test,0.5478168577461876,0.22818346971700265,0.3642321503080788,1.0933620211195456
6,2,No adjustment,--,0,9,test,0.5062465471409429,0.2466688530739305,0.3673624038540421,1.0472472414610352
6,2,All covariates,"X1, X2, X3, X4, X5, X6, X7, X8, X9",9,0,test,0.7283336419927996,-0.4123798896097172,0.61130691600435,0.5277844266177356
6,2,All covariates,"X1, X2, X3, X4, X5, X6, X7, X8, X9",9,1,test,0.6834281646835523,-0.2532807842897804,0.5749095989742686,0.5529150355763032
6,2,All covariates,"X1, X2, X3, X4, X5, X6, X7, X8, X9",9,2,test,0.6808425448628506,-0.25313032617018816,0.5633081496219748,0.5738776651293712
6,2,All covariates,"X1, X2, X3, X4, X5, X6, X7, X8, X9",9,3,test,0.716003464538215,-0.3214292634270581,0.6078186729868071,0.5064449183835533
6,2,All covariates,"X1, X2, X3, X4, X5, X6, X7, X8, X9",9,4,test,0.6818163545463917,-0.3846902874168922,0.5806420361276982,0.47436085405589534
6,2,All covariates,"X1, X2, X3, X4, X5, X6, X7, X8, X9",9,5,test,0.7594381046117668,-0.25585669645167913,0.6310568191641984,0.5300614092290201
6,2,All covariates,"X1, X2, X3, X4, X5, X6, X7, X8, X9",9,6,test,0.6651118378320612,-0.24611191466053994,0.5673962687755163,0.4992274875194461
6,2,All covariates,"X1, X2, X3, X4, X5, X6, X7, X8, X9",9,7,test,0.7133331146080595,-0.35254337641704436,0.6037119097865681,0.5747027738071351
6,2,All covariates,"X1, X2, X3, X4, X5, X6, X7, X8, X9",9,8,test,0.7886502942323429,-0.324025336531512,0.6597125111231712,0.5604239538048117
6,2,All covariates,"X1, X2, X3, X4, X5, X6, X7, X8, X9",9,9,test,0.6854183109683611,-0.3212551158467558,0.5854696950940853,0.4835201497710951
6,2,Root-only,X3,1,0,test,0.7714923502403094,-0.03442580477568102,0.27879522459612077,1.0687729188776978
6,2,Root-only,X3,1,1,test,0.4548619986249371,0.10777558447945547,0.27991085807703603,1.0142818286164104
6,2,Root-only,X3,1,2,test,0.5146207221174272,0.05526049396065755,0.28370563983497105,1.102319857035554
6,2,Root-only,X3,1,3,test,0.4357648036711201,0.07604091740054772,0.2731948408369128,1.011614445399642
6,2,Root-only,X3,1,4,test,0.5869575037668978,0.08308505422768374,0.3289017252997937,0.9919599078367779
6,2,Root-only,X3,1,5,test,0.47841301564512206,0.13927377070986272,0.30679896720932165,1.0380733055339677
6,2,Root-only,X3,1,6,test,0.3888861652497716,0.15510547958305557,0.27796591760395484,1.0828215784162274
6,2,Root-only,X3,1,7,test,0.6794896657797406,0.045535732173496685,0.33728579024231936,1.0845081364659312
6,2,Root-only,X3,1,8,test,0.472887277132283,0.09837846672875251,0.28131828712844736,1.0494483532618883
6,2,Root-only,X3,1,9,test,0.4162041191805487,0.10206928471187457,0.2604460743715718,1.0057028977689813
6,2,Treatment-parent,"X2, X3",2,0,test,0.7730475538805165,-0.1833218291840599,0.35367170526865893,1.0655932130499708
6,2,Treatment-parent,"X2, X3",2,1,test,0.5503529307880372,-0.015416455449378906,0.3508824308834434,1.019027375288284
6,2,Treatment-parent,"X2, X3",2,2,test,0.5870563306187987,-0.15289445501626,0.3729074206002599,1.1109200437753588
6,2,Treatment-parent,"X2, X3",2,3,test,0.48878290524657503,-0.07212852431128117,0.34164422941926936,1.0162850981041545
6,2,Treatment-parent,"X2, X3",2,4,test,0.6498379016246726,-0.14458113324511362,0.36443865170148654,0.9868775958593929
6,2,Treatment-parent,"X2, X3",2,5,test,0.4641134576298361,-0.033902108689881034,0.318602305629525,1.034765450571209
6,2,Treatment-parent,"X2, X3",2,6,test,0.4425619649304005,-0.02804490865573856,0.3120071485239198,1.0866783397664421
6,2,Treatment-parent,"X2, X3",2,7,test,0.7276910917379398,-0.13793623268479627,0.4020864175478078,1.085832451926936
6,2,Treatment-parent,"X2, X3",2,8,test,0.5034188396976547,-0.0918951983043505,0.3338950463605843,1.052408684823757
6,2,Treatment-parent,"X2, X3",2,9,test,0.5031277963880998,-0.1105822661398878,0.3174968558635861,1.0109314112249854
6,2,Outcome-parent,"X6, X7, X8",3,0,test,0.5795072639990076,-0.29024429347313535,0.5094291530436472,0.527083515002122
6,2,Outcome-parent,"X6, X7, X8",3,1,test,0.6289729524033381,-0.2235056161625828,0.5558332824794018,0.5580916330253274
6,2,Outcome-parent,"X6, X7, X8",3,2,test,0.5615667826135082,-0.2001973066020314,0.4972994937351833,0.5225846003733295
6,2,Outcome-parent,"X6, X7, X8",3,3,test,0.6260221566993424,-0.2713672717727943,0.5592806494256775,0.5200344989053777
6,2,Outcome-parent,"X6, X7, X8",3,4,test,0.6121859455682458,-0.2955159103339068,0.5440409057305311,0.47844654527361774
6,2,Outcome-parent,"X6, X7, X8",3,5,test,0.6298738150743399,-0.20192443697157614,0.5594514491635862,0.5222871566661567
6,2,Outcome-parent,"X6, X7, X8",3,6,test,0.5887887163789112,-0.21400657249495353,0.5173155309251206,0.5124500830473299
6,2,Outcome-parent,"X6, X7, X8",3,7,test,0.5993456194076963,-0.2825434589982761,0.5266423659154991,0.5408502568258078
6,2,Outcome-parent,"X6, X7, X8",3,8,test,0.5950331166949336,-0.23474056660036258,0.5168498825667667,0.5158216850991719
6,2,Outcome-parent,"X6, X7, X8",3,9,test,0.5875928493934726,-0.23163332565099032,0.5162448017888511,0.4715096007852083
6,2,GCI-guided valid,X7,1,0,test,0.7662802727707418,-0.12657122339242993,0.24975808022260576,0.9729976591092064
6,2,GCI-guided valid,X7,1,1,test,0.4621158008932367,-0.031186429642178427,0.24101969382609548,0.904269183275673
6,2,GCI-guided valid,X7,1,2,test,0.524317667033378,-0.017337911212764016,0.25645480505650364,1.0114688681053683
6,2,GCI-guided valid,X7,1,3,test,0.3842844178936428,-0.036735557168144826,0.20994147157666102,0.9260037349530692
6,2,GCI-guided valid,X7,1,4,test,0.5769183731404885,-0.08438251659790891,0.26374587471888306,0.9536865522021555
6,2,GCI-guided valid,X7,1,5,test,0.41024918755848777,-0.002566047044255019,0.2241965828649269,0.9422902001640341
6,2,GCI-guided valid,X7,1,6,test,0.2827523246560782,0.04298267768563059,0.20081133774600138,0.9304047744746274
6,2,GCI-guided valid,X7,1,7,test,0.6711298697333673,-0.07476648818743167,0.26303224067478986,0.9771234039934289
6,2,GCI-guided valid,X7,1,8,test,0.480414415156857,-0.0013619088422367558,0.23913951677783785,0.933319715117441
6,2,GCI-guided valid,X7,1,9,test,0.4098596708632122,0.004998795177494966,0.2229441889677499,0.8876025048851705
6,3,No adjustment,--,0,0,test,0.16587190985066258,0.1172411295973694,0.14488277241292927,1.0383960630557452
6,3,No adjustment,--,0,1,test,0.19748562204788422,0.12532949936122997,0.1677063688295249,0.9711360129526245
6,3,No adjustment,--,0,2,test,0.18456133712807693,0.13826987235776264,0.17274487380693515,1.058997989182815
6,3,No adjustment,--,0,3,test,0.20383966107473708,0.1446643122029172,0.1783566107496273,0.9404489877956703
6,3,No adjustment,--,0,4,test,0.2550121978380705,0.13373204356943313,0.21254374652714375,1.0127332390813453
6,3,No adjustment,--,0,5,test,0.1745163609959097,0.1351372055013628,0.16176731071424966,1.0343245410075603
6,3,No adjustment,--,0,6,test,0.17942658238965686,0.10223608701678123,0.1459654582265764,0.9953713463765739
6,3,No adjustment,--,0,7,test,0.2357710029232473,0.13181419773480083,0.19759747214537907,1.0079194775140887
6,3,No adjustment,--,0,8,test,0.18037615135287355,0.12933136944199977,0.16514357960363588,1.0017749181397548
6,3,No adjustment,--,0,9,test,0.1687680582339203,0.12832729400654636,0.15309612030276556,1.0019989873292063
6,3,All covariates,"X1, X2, X3, X4, X5, X6, X7",7,0,test,0.5900239406641931,-0.45577527125504996,0.4917020716907496,0.48038647004469703
6,3,All covariates,"X1, X2, X3, X4, X5, X6, X7",7,1,test,0.47958207656083607,-0.3628199222987979,0.41437022302201376,0.4446974690432403
6,3,All covariates,"X1, X2, X3, X4, X5, X6, X7",7,2,test,0.5379904739725908,-0.43863310517323506,0.46251399566081364,0.5224355246422848
6,3,All covariates,"X1, X2, X3, X4, X5, X6, X7",7,3,test,0.5207367722407131,-0.42651167894731307,0.4645748865165439,0.4696298117310769
6,3,All covariates,"X1, X2, X3, X4, X5, X6, X7",7,4,test,0.48452856439081843,-0.36150811099920155,0.4149238769045466,0.49428610671795425
6,3,All covariates,"X1, X2, X3, X4, X5, X6, X7",7,5,test,0.7077344519846315,-0.5629087129027451,0.5770323111785284,0.4691134470063314
6,3,All covariates,"X1, X2, X3, X4, X5, X6, X7",7,6,test,0.5391549427617219,-0.4408065036015255,0.46404699902989005,0.48394357754908396
6,3,All covariates,"X1, X2, X3, X4, X5, X6, X7",7,7,test,0.5089636665080107,-0.3587325036273594,0.43180122584625374,0.5383298001875018
6,3,All covariates,"X1, X2, X3, X4, X5, X6, X7",7,8,test,0.6517621039770575,-0.4800231905616922,0.5212001623119449,0.519936667349144
6,3,All covariates,"X1, X2, X3, X4, X5, X6, X7",7,9,test,0.7124555887590948,-0.5237631147596596,0.5688304852156358,0.4685694378377335
6,3,Root-only,X3,1,0,test,0.13932447194531505,-0.02908735465873594,0.08722883302347849,0.9478715953358656
6,3,Root-only,X3,1,1,test,0.15948192218099908,-0.03286781728120578,0.07656960971832319,0.8894350902507564
6,3,Root-only,X3,1,2,test,0.14481148943894098,-0.04985811164535029,0.07954084694550058,1.0036960964769313
6,3,Root-only,X3,1,3,test,0.14901885621138564,0.0023770364590502127,0.08394670258951405,0.8704413693415816
6,3,Root-only,X3,1,4,test,0.2095764828137784,-0.02167371247029156,0.11285952108945399,0.9346489077337242
6,3,Root-only,X3,1,5,test,0.19034242852772693,0.009683261466330454,0.128472479892781,0.9547418206067165
6,3,Root-only,X3,1,6,test,0.15992359478109572,-0.035514477421115166,0.0947501396663858,0.9207732072528343
6,3,Root-only,X3,1,7,test,0.1834116556567795,-0.005131914228243014,0.11216519423527165,0.9582617363308206
6,3,Root-only,X3,1,8,test,0.1995445313109319,-0.03281620940202624,0.12740742113350953,0.9737536993226101
6,3,Root-only,X3,1,9,test,0.11566396908228788,-0.0086640860130268,0.07516841635564955,1.198791689186025
6,3,Treatment-parent,"X2, X3",2,0,test,0.33309768593902395,-0.02318838152397424,0.216671403974513,0.9317393190744271
6,3,Treatment-parent,"X2, X3",2,1,test,0.380714734171199,-0.01973555347448846,0.25372943822518323,0.8842349728920144
6,3,Treatment-parent,"X2, X3",2,2,test,0.44408597538411443,-0.13180491891407287,0.2681843523870221,0.9980715992357881
6,3,Treatment-parent,"X2, X3",2,3,test,0.4091878674566849,-0.07980328868815313,0.22151786779474103,0.8599670689535664
6,3,Treatment-parent,"X2, X3",2,4,test,0.47191980209830753,-0.08439766906838368,0.29540800431775455,0.9253868174251851
6,3,Treatment-parent,"X2, X3",2,5,test,0.4531615835698215,-0.025138209760438495,0.2771183447451552,0.9518802809262664
6,3,Treatment-parent,"X2, X3",2,6,test,0.32638305285612346,-0.06138765485985016,0.19501982325965472,0.8951863644654756
6,3,Treatment-parent,"X2, X3",2,7,test,0.36766106430447215,-0.048607597259100764,0.2597499724059753,0.9451526392260678
6,3,Treatment-parent,"X2, X3",2,8,test,0.34645000304506673,-0.013153237858992854,0.2292359359402053,0.962187155341069
6,3,Treatment-parent,"X2, X3",2,9,test,0.2989380263331302,-0.03826770855370581,0.16939403695529687,1.1209952716034526
6,3,Outcome-parent,"X4, X5",2,0,test,0.1648453641510707,-0.022057266073469688,0.08980211811450889,0.5124020079911701
6,3,Outcome-parent,"X4, X5",2,1,test,0.16433274218184152,-0.018002242375013133,0.08388133188859154,0.5074443301237236
6,3,Outcome-parent,"X4, X5",2,2,test,0.17256419743897258,-0.042723486790090706,0.08193978543763487,0.5318579215458906
6,3,Outcome-parent,"X4, X5",2,3,test,0.17385101244992057,-0.01400965306668672,0.08982888309755944,0.49807171040744985
6,3,Outcome-parent,"X4, X5",2,4,test,0.16449586213498527,-0.020226178121311868,0.08770884705035044,0.5188182776489316
6,3,Outcome-parent,"X4, X5",2,5,test,0.15823467035198707,-0.02078338570269235,0.0903279562799446,0.498817210082526
6,3,Outcome-parent,"X4, X5",2,6,test,0.20984621285584096,-0.03834249678686238,0.1044520130795576,0.5057343179429488
6,3,Outcome-parent,"X4, X5",2,7,test,0.20662452802394915,-0.028056912254138422,0.10609230965332239,0.5038978735247374
6,3,Outcome-parent,"X4, X5",2,8,test,0.15403232434198746,-0.015588896669575397,0.08103117361252019,0.5117537484055134
6,3,Outcome-parent,"X4, X5",2,9,test,0.12876391211138352,-0.0060778888990825,0.07786203770675412,0.481077536269627
6,3,GCI-guided valid,X5,1,0,test,0.14061693287816582,-0.012086857394911131,0.07830145446902925,0.760423796898335
6,3,GCI-guided valid,X5,1,1,test,0.16185572269076107,-0.006583989954940423,0.09967943275173537,0.7402316924571593
6,3,GCI-guided valid,X5,1,2,test,0.10488663322226822,0.001133802158793691,0.06211059497563311,0.7725689271983913
6,3,GCI-guided valid,X5,1,3,test,0.165562747122412,-0.0025942912755304794,0.09252800241076095,0.7403862340400628
6,3,GCI-guided valid,X5,1,4,test,0.15982685493332907,0.0023545635292412243,0.08289295991292554,0.7572786327969401
6,3,GCI-guided valid,X5,1,5,test,0.1459476358132742,0.0004860921523341181,0.09185355335788493,0.7268148602730787
6,3,GCI-guided valid,X5,1,6,test,0.17852295108944918,-0.019781164941763452,0.09805623420357776,0.7226023844427869
6,3,GCI-guided valid,X5,1,7,test,0.16140828689118591,0.01023693952572205,0.08402052890252638,0.7554002136673337
6,3,GCI-guided valid,X5,1,8,test,0.14123863372041673,-0.004959106236273694,0.0793384141248245,0.7359570581143848
6,3,GCI-guided valid,X5,1,9,test,0.13830360493669383,0.006671271939263151,0.09015092767881824,0.7088398037931748
6,4,No adjustment,--,0,0,test,0.5444547529159137,0.4881985116126271,0.5262661246133707,0.8241468524453995
6,4,No adjustment,--,0,1,test,0.5155967056904986,0.484764891962828,0.5032129326551718,0.930078282692727
6,4,No adjustment,--,0,2,test,0.5186213446591044,0.49477904662600847,0.5066004336930474,0.8760291771576038
6,4,No adjustment,--,0,3,test,0.5213084281341013,0.5008961055930494,0.5093243788997215,0.835562704991444
6,4,No adjustment,--,0,4,test,0.5176606748360582,0.49661055126567266,0.5075425110034869,0.8512146577355852
6,4,No adjustment,--,0,5,test,0.530923615757968,0.5097733131332127,0.5228100160620691,0.9307812315418182
6,4,No adjustment,--,0,6,test,0.5257778614719034,0.5150765258267195,0.5185234811395057,0.9242866891851568
6,4,No adjustment,--,0,7,test,0.5516299105000584,0.5147619801122679,0.5391867661621329,0.8638372566755295
6,4,No adjustment,--,0,8,test,0.5214360393585139,0.4833491990643129,0.5089085498617262,0.9167286662723849
6,4,No adjustment,--,0,9,test,0.5338428760116819,0.5206896942886473,0.5284153795405934,0.8968605625190271
6,4,All covariates,"X1, X2, X3, X4, X5, X6, X7",7,0,test,0.33828466989324657,-0.08176796783322897,0.2304027134527726,0.4704439178480205
6,4,All covariates,"X1, X2, X3, X4, X5, X6, X7",7,1,test,0.3260749930119902,-0.014063897037218437,0.21437256296566123,0.503018842195519
6,4,All covariates,"X1, X2, X3, X4, X5, X6, X7",7,2,test,0.3508685120650382,0.06776931054602074,0.23366583847503458,0.4869342449219308
6,4,All covariates,"X1, X2, X3, X4, X5, X6, X7",7,3,test,0.2849464306863504,0.01612940258572818,0.20102040632411142,0.48107357060286987
6,4,All covariates,"X1, X2, X3, X4, X5, X6, X7",7,4,test,0.3438774589030647,0.002327011859674646,0.23395425634290623,0.47859081565696227
6,4,All covariates,"X1, X2, X3, X4, X5, X6, X7",7,5,test,0.32287297541895843,0.028114731077869437,0.2255455572466722,0.5228440281412325
6,4,All covariates,"X1, X2, X3, X4, X5, X6, X7",7,6,test,0.292317180835245,-0.008552499987297289,0.1975575973911909,0.46381664462823324
6,4,All covariates,"X1, X2, X3, X4, X5, X6, X7",7,7,test,0.3149094209653077,0.027086854690404512,0.21663713350877675,0.4927988635877334
6,4,All covariates,"X1, X2, X3, X4, X5, X6, X7",7,8,test,0.32921598660971535,0.016255847051893,0.22952094869681702,0.5087102697389743
6,4,All covariates,"X1, X2, X3, X4, X5, X6, X7",7,9,test,0.2954835272561945,0.005665658948638237,0.20361385144972974,0.4987839505814089
6,4,Root-only,"X2, X3, X4",3,0,test,0.23374970414058296,-0.027739082084738756,0.12766222754644793,0.565347516144646
6,4,Root-only,"X2, X3, X4",3,1,test,0.18624465144321894,-0.0041525534244862185,0.1264369204004016,0.6967485005878139
6,4,Root-only,"X2, X3, X4",3,2,test,0.14548628212331494,-0.006821907709381681,0.08827672245817707,0.7151759548061453
6,4,Root-only,"X2, X3, X4",3,3,test,0.16747298146427625,0.015294456586442878,0.1208745874898761,0.6167204780637642
6,4,Root-only,"X2, X3, X4",3,4,test,0.1720899208305086,0.02929512766620237,0.11945413627448104,0.6919329288861881
6,4,Root-only,"X2, X3, X4",3,5,test,0.1712100701209654,0.015173888701517922,0.11613327502766846,0.6842820115792698
6,4,Root-only,"X2, X3, X4",3,6,test,0.13293747653247107,0.032857787207467105,0.09758911024953627,0.7296642775907544
6,4,Root-only,"X2, X3, X4",3,7,test,0.19477222237911804,-0.004333684764260512,0.1290703323066141,0.6484051791473572
6,4,Root-only,"X2, X3, X4",3,8,test,0.16841830595913695,-0.014830657859697408,0.10907205813415084,0.6844367837934112
6,4,Root-only,"X2, X3, X4",3,9,test,0.11161675765576586,0.01963255600453309,0.06809342541094451,0.8923327181254475
6,4,Treatment-parent,"X1, X2, X3, X4",4,0,test,0.33475363121409246,-0.015183951970118743,0.21640607533540912,0.5630861284728413
6,4,Treatment-parent,"X1, X2, X3, X4",4,1,test,0.33091735141023115,0.03954286742220978,0.24191517799094991,0.6901097225892471
6,4,Treatment-parent,"X1, X2, X3, X4",4,2,test,0.34211131050436555,0.004610752131504927,0.210334970028965,0.6913775356813914
6,4,Treatment-parent,"X1, X2, X3, X4",4,3,test,0.3713699806390353,0.024229801894251498,0.25406072406760816,0.6357008501037278
6,4,Treatment-parent,"X1, X2, X3, X4",4,4,test,0.399909577856384,-0.014696561315560418,0.2601638143212618,0.674433090349224
6,4,Treatment-parent,"X1, X2, X3, X4",4,5,test,0.2989691118887385,0.031352182928621186,0.21105067956252838,0.681942354157791
6,4,Treatment-parent,"X1, X2, X3, X4",4,6,test,0.3185245205794006,0.038245155639531514,0.2057545421459201,0.7250992778918776
6,4,Treatment-parent,"X1, X2, X3, X4",4,7,test,0.39413932190112444,0.031831477563012814,0.26879377369345375,0.6705420126514462
6,4,Treatment-parent,"X1, X2, X3, X4",4,8,test,0.28082130366977426,-0.02671762395376153,0.19974694711323457,0.6665698614062321
6,4,Treatment-parent,"X1, X2, X3, X4",4,9,test,0.28516731573459947,-0.021647929816682124,0.18800922170076845,0.8791742195253591
6,4,Outcome-parent,"X3, X4, X5",3,0,test,0.1841992706714963,-0.029221124129278943,0.06983909747768326,0.48049134765518353
6,4,Outcome-parent,"X3, X4, X5",3,1,test,0.15948503465922703,-0.001718773714889646,0.06995037168141074,0.5249861302976259
6,4,Outcome-parent,"X3, X4, X5",3,2,test,0.12547425380259733,0.005727617793720579,0.06576958273137413,0.4748941726616516
6,4,Outcome-parent,"X3, X4, X5",3,3,test,0.09289447946698766,0.009481699362904225,0.0538494517299569,0.5012413056677097
6,4,Outcome-parent,"X3, X4, X5",3,4,test,0.10184759038586273,0.009548170588734464,0.05844751277382109,0.4661739367763529
6,4,Outcome-parent,"X3, X4, X5",3,5,test,0.13652534365575464,0.0036941495866018277,0.06849705351081545,0.5358421039911353
6,4,Outcome-parent,"X3, X4, X5",3,6,test,0.09176801074802052,0.01111857811426131,0.05411621921638975,0.4931065489583794
6,4,Outcome-parent,"X3, X4, X5",3,7,test,0.16006222851123736,-0.01008915389131182,0.07212082608587866,0.5061625570696969
6,4,Outcome-parent,"X3, X4, X5",3,8,test,0.13545394222700444,-0.009187664440319382,0.062379801006693845,0.5128962204655981
6,4,Outcome-parent,"X3, X4, X5",3,9,test,0.0863326573307982,0.0038613541200509926,0.039567801240787945,0.5210015525610904
6,4,GCI-guided valid,"X3, X4, X5",3,0,test,0.1841992706714963,-0.029221124129278943,0.06983909747768326,0.48049134765518353
6,4,GCI-guided valid,"X3, X4, X5",3,1,test,0.15948503465922703,-0.001718773714889646,0.06995037168141074,0.5249861302976259
6,4,GCI-guided valid,"X3, X4, X5",3,2,test,0.12547425380259733,0.005727617793720579,0.06576958273137413,0.4748941726616516
6,4,GCI-guided valid,"X3, X4, X5",3,3,test,0.09289447946698766,0.009481699362904225,0.0538494517299569,0.5012413056677097
6,4,GCI-guided valid,"X3, X4, X5",3,4,test,0.10184759038586273,0.009548170588734464,0.05844751277382109,0.4661739367763529
6,4,GCI-guided valid,"X3, X4, X5",3,5,test,0.13652534365575464,0.0036941495866018277,0.06849705351081545,0.5358421039911353
6,4,GCI-guided valid,"X3, X4, X5",3,6,test,0.09176801074802052,0.01111857811426131,0.05411621921638975,0.4931065489583794
6,4,GCI-guided valid,"X3, X4, X5",3,7,test,0.16006222851123736,-0.01008915389131182,0.07212082608587866,0.5061625570696969
6,4,GCI-guided valid,"X3, X4, X5",3,8,test,0.13545394222700444,-0.009187664440319382,0.062379801006693845,0.5128962204655981
6,4,GCI-guided valid,"X3, X4, X5",3,9,test,0.0863326573307982,0.0038613541200509926,0.039567801240787945,0.5210015525610904
7,1,No adjustment,--,0,0,test,0.2522298837833395,0.16951799817215213,0.21815443267615214,0.920551628510161
7,1,No adjustment,--,0,1,test,0.20479385331453553,0.13510010305292364,0.18402510729633742,1.023458544863274
7,1,No adjustment,--,0,2,test,0.19457006956157555,0.15250594762794725,0.18216671141915303,0.9888252501260341
7,1,No adjustment,--,0,3,test,0.21560891586621378,0.1591181646333583,0.19333375860181684,0.951221909499137
7,1,No adjustment,--,0,4,test,0.22851990756152854,0.15706996428913952,0.20024700405696919,0.9699154789191867
7,1,No adjustment,--,0,5,test,0.24612294310249302,0.1560321601987339,0.21677075112057678,0.936373271270425
7,1,No adjustment,--,0,6,test,0.17753905761362895,0.1364962006954176,0.16704083169491382,1.0089984467135567
7,1,No adjustment,--,0,7,test,0.2662532386760389,0.09906648488277249,0.19882679876914422,0.9482750203200175
7,1,No adjustment,--,0,8,test,0.2257314861891503,0.156065819500127,0.20492387666397674,0.9656948838120173
7,1,No adjustment,--,0,9,test,0.24147079602889862,0.09988273737898398,0.1940716856937866,0.9536677626370355
7,1,All covariates,"X1, X2, X3, X4, X5, X6, X7, X8",8,0,test,0.4405603156650982,-0.17517541053504213,0.32869475071226406,0.4976448874998888
7,1,All covariates,"X1, X2, X3, X4, X5, X6, X7, X8",8,1,test,0.3511445890566331,-0.08159448711212905,0.27854236575452307,0.4831190106021207
7,1,All covariates,"X1, X2, X3, X4, X5, X6, X7, X8",8,2,test,0.4575014318069921,-0.1453067998369982,0.3574057386683817,0.5382295914341098
7,1,All covariates,"X1, X2, X3, X4, X5, X6, X7, X8",8,3,test,0.4122201349294374,-0.17921399632267632,0.3256886439403822,0.4971445882543557
7,1,All covariates,"X1, X2, X3, X4, X5, X6, X7, X8",8,4,test,0.3411158385373445,-0.11768252640379628,0.27223738584574525,0.44916024831652934
7,1,All covariates,"X1, X2, X3, X4, X5, X6, X7, X8",8,5,test,0.32635986042051385,-0.06622693866592254,0.26365678475318705,0.45094622583308336
7,1,All covariates,"X1, X2, X3, X4, X5, X6, X7, X8",8,6,test,0.42985746844203476,-0.06642695704812707,0.3255810160106254,0.49744037958563847
7,1,All covariates,"X1, X2, X3, X4, X5, X6, X7, X8",8,7,test,0.4406791417760893,-0.26901196411949274,0.3463669791551619,0.4402009852639583
7,1,All covariates,"X1, X2, X3, X4, X5, X6, X7, X8",8,8,test,0.388172778660983,-0.08558830149333761,0.29402985157178074,0.479207105536888
7,1,All covariates,"X1, X2, X3, X4, X5, X6, X7, X8",8,9,test,0.4576803247619903,-0.20580381387485494,0.3470063716840815,0.5350843063160733
7,1,Root-only,X3,1,0,test,0.23455072754057565,0.07936134693801122,0.16906527031660765,0.8368536405913257
7,1,Root-only,X3,1,1,test,0.17020635437673368,0.01681865268098155,0.12696933862515183,0.9402257983937233
7,1,Root-only,X3,1,2,test,0.1443178937076744,0.02282430679299771,0.10763492066549006,0.9071813935519392
7,1,Root-only,X3,1,3,test,0.18276310709914198,-0.01851973463137384,0.12443128060687983,0.8931781723909757
7,1,Root-only,X3,1,4,test,0.25445498339620587,0.10380326464945162,0.17721955856597377,0.8653312808092375
7,1,Root-only,X3,1,5,test,0.20609292169628188,0.04619229004204541,0.1432934547459477,0.9620699242098535
7,1,Root-only,X3,1,6,test,0.1297453396806194,0.019423591048334216,0.10171295831266969,0.9161293482874179
7,1,Root-only,X3,1,7,test,0.21267761009897496,0.0397014595934798,0.15702391167068372,0.8524324538068315
7,1,Root-only,X3,1,8,test,0.2440929718793401,0.09942325336453933,0.1731515923415933,0.8666708744126385
7,1,Root-only,X3,1,9,test,0.16015428479420996,-0.052348350137352694,0.0885797038023002,0.934972278793447
7,1,Treatment-parent,"X2, X3",2,0,test,0.42068153062657904,-0.05377114585558968,0.2640025048695647,0.8378462024848948
7,1,Treatment-parent,"X2, X3",2,1,test,0.4951530482325767,-0.21286314102267886,0.28515098904841435,0.9070411789357894
7,1,Treatment-parent,"X2, X3",2,2,test,0.5500109722283587,-0.1723233778737543,0.2661570250961655,0.8877192506127947
7,1,Treatment-parent,"X2, X3",2,3,test,0.7162076449086248,-0.21321275209832571,0.3140920066022602,0.8417355554663227
7,1,Treatment-parent,"X2, X3",2,4,test,0.5072816100787338,-0.1635488928932897,0.28943647543702095,0.8483065440622498
7,1,Treatment-parent,"X2, X3",2,5,test,0.5281459351562948,-0.15720758595958848,0.27073351184359606,0.8991406284416176
7,1,Treatment-parent,"X2, X3",2,6,test,0.3651164067714735,-0.11312441739226761,0.21358925701989587,0.9014586736213982
7,1,Treatment-parent,"X2, X3",2,7,test,0.4827369025252742,-0.11641736878861736,0.27328295446636974,0.8407545293392203
7,1,Treatment-parent,"X2, X3",2,8,test,0.47077962415030417,-0.03499169894368675,0.2703755525768094,0.8667163456181181
7,1,Treatment-parent,"X2, X3",2,9,test,0.8451246093960851,-0.24289981389062898,0.33824565986743726,0.8585621321664725
7,1,Outcome-parent,"X4, X5",2,0,test,0.15004297158187613,-0.02675109992656409,0.08451764422550771,0.5155320839283116
7,1,Outcome-parent,"X4, X5",2,1,test,0.08672814045198625,0.008037438969268187,0.06375543974013965,0.5256420898349576
7,1,Outcome-parent,"X4, X5",2,2,test,0.10179418867480271,0.021304360529527788,0.07796304339702385,0.5032513416037581
7,1,Outcome-parent,"X4, X5",2,3,test,0.10644952920464835,0.0013589834003103873,0.07715846882420778,0.48451874921518956
7,1,Outcome-parent,"X4, X5",2,4,test,0.09753321311723849,0.01164499765213523,0.06345992522104286,0.5305873097076313
7,1,Outcome-parent,"X4, X5",2,5,test,0.09623611179967187,0.004314339837482283,0.06705022129018418,0.5023070445837969
7,1,Outcome-parent,"X4, X5",2,6,test,0.07525805333790872,0.012643361203085013,0.060786533663940906,0.5276613858200155
7,1,Outcome-parent,"X4, X5",2,7,test,0.11891818548204806,-0.011326406899482413,0.07822963020928028,0.5091330148440384
7,1,Outcome-parent,"X4, X5",2,8,test,0.10680362992339973,0.015071448440838265,0.08131263190220717,0.5129094649310353
7,1,Outcome-parent,"X4, X5",2,9,test,0.09473408159135328,-0.008292892227538876,0.06728140337514325,0.5220011243087035
7,1,GCI-guided valid,X5,1,0,test,0.13473673219103274,0.01883663376080973,0.10303833714119838,0.7241669664302609
7,1,GCI-guided valid,X5,1,1,test,0.09515084015565174,-0.001043033519009427,0.07631011238230345,0.7904251778930944
7,1,GCI-guided valid,X5,1,2,test,0.10819033796250273,0.010864049659078608,0.0837532779598949,0.7447751255039892
7,1,GCI-guided valid,X5,1,3,test,0.10429811150479643,-7.836872286821986e-05,0.07883081489163596,0.7095642368252822
7,1,GCI-guided valid,X5,1,4,test,0.09029137499607154,0.01438215220910758,0.058960812476907744,0.7481463755077111
7,1,GCI-guided valid,X5,1,5,test,0.09252204628013791,0.014218926432840583,0.07149699507080441,0.7356702638531768
7,1,GCI-guided valid,X5,1,6,test,0.09129568500360602,0.0001109770328263219,0.07517350357676231,0.7645339371379865
7,1,GCI-guided valid,X5,1,7,test,0.1197173277563497,-0.031188277984247226,0.08200796426514922,0.7345694163648253
7,1,GCI-guided valid,X5,1,8,test,0.10508216890397888,0.0241891778613696,0.08061481978332292,0.7431106060501408
7,1,GCI-guided valid,X5,1,9,test,0.09759446541094643,-0.019546065585017133,0.07398304504881899,0.7704210454098496
7,2,No adjustment,--,0,0,test,0.42727728654829555,0.15783800671584008,0.3058603630097313,1.0945853532354353
7,2,No adjustment,--,0,1,test,0.5302603773295403,0.1124287457855112,0.32988745718476875,1.1214463391472056
7,2,No adjustment,--,0,2,test,0.5431665607376731,0.1089328543599808,0.35131160438807457,1.1496522059773204
7,2,No adjustment,--,0,3,test,0.5241544551109696,0.1393784911624332,0.319512754478822,1.10558061651078
7,2,No adjustment,--,0,4,test,0.47863597453330053,0.12848969826112203,0.30137214444361027,1.1225609023560534
7,2,No adjustment,--,0,5,test,0.5029959503652005,0.1483336176659985,0.3211000258660683,1.0529438118008436
7,2,No adjustment,--,0,6,test,0.5213721948742791,0.12353686846538452,0.35324150781237446,1.0904774745750028
7,2,No adjustment,--,0,7,test,0.45296232910574225,0.15740068513058234,0.2960844418426107,1.1058400072621999
7,2,No adjustment,--,0,8,test,0.5263765845760867,0.14399099126151077,0.32567454884283753,1.0375173212440831
7,2,No adjustment,--,0,9,test,0.4293522683067431,0.13373323730919812,0.2926604554228614,1.078279674949985
7,2,All covariates,"X1, X2, X3, X4, X5, X6, X7, X8, X9",9,0,test,0.7213942865182799,-0.18378444358296947,0.5734546682013927,0.6509380536887632
7,2,All covariates,"X1, X2, X3, X4, X5, X6, X7, X8, X9",9,1,test,0.7539037114179286,-0.397384422794329,0.6249287535312298,0.6855265735692126
7,2,All covariates,"X1, X2, X3, X4, X5, X6, X7, X8, X9",9,2,test,0.608851989332123,-0.14475688427727915,0.5139018003425335,0.5883243922048322
7,2,All covariates,"X1, X2, X3, X4, X5, X6, X7, X8, X9",9,3,test,0.6444251001233429,-0.2879946816536331,0.5522588184205116,0.5550847133827292
7,2,All covariates,"X1, X2, X3, X4, X5, X6, X7, X8, X9",9,4,test,0.6276114212756093,-0.16900521315243378,0.5270293361293232,0.59840832774459
7,2,All covariates,"X1, X2, X3, X4, X5, X6, X7, X8, X9",9,5,test,0.644187888270209,-0.17854826085606107,0.5537632984983331,0.5254615876904285
7,2,All covariates,"X1, X2, X3, X4, X5, X6, X7, X8, X9",9,6,test,0.7132765806785604,-0.2298255320686126,0.6162599689008292,0.7167754598105176
7,2,All covariates,"X1, X2, X3, X4, X5, X6, X7, X8, X9",9,7,test,0.7436168832402816,-0.009906236166747585,0.5598584659374671,0.683656110961346
7,2,All covariates,"X1, X2, X3, X4, X5, X6, X7, X8, X9",9,8,test,0.7539628469338373,-0.19772501807998688,0.6097415194154071,0.6059216699290325
7,2,All covariates,"X1, X2, X3, X4, X5, X6, X7, X8, X9",9,9,test,0.7720120996204322,-0.2757570313769507,0.6410434879284282,0.7013783771828191
7,2,Root-only,X3,1,0,test,0.3722924591494288,-0.08025835816703021,0.205015267612562,1.0822210580162845
7,2,Root-only,X3,1,1,test,0.4895317080557082,-0.09332570249658619,0.23546834464050817,1.0985675938667512
7,2,Root-only,X3,1,2,test,0.5356420554061204,-0.12680377054747913,0.2506184243974533,1.1219569902989455
7,2,Root-only,X3,1,3,test,0.4379368203871701,-0.04001768728376681,0.22572931158813703,1.0500510932556237
7,2,Root-only,X3,1,4,test,0.42571992740202,-0.07390086556041292,0.23257865126654786,1.097122980186591
7,2,Root-only,X3,1,5,test,0.4657665699308519,-0.09432727752997723,0.2047566613828648,1.0205564682759474
7,2,Root-only,X3,1,6,test,0.44495273693313403,0.006652955926194166,0.2747579158410302,1.051449817503242
7,2,Root-only,X3,1,7,test,0.4074257417513203,-0.04785525868615687,0.20377702503519862,1.0557279003252373
7,2,Root-only,X3,1,8,test,0.4877462848745392,-0.11186060181155161,0.22363132321110185,1.018709722634042
7,2,Root-only,X3,1,9,test,0.38908494198248583,-0.08756687503375629,0.2134964464869877,1.0687782676948903
7,2,Treatment-parent,"X2, X3",2,0,test,0.445173043866203,-0.12751865419847902,0.26333421035681503,1.1282804759656664
7,2,Treatment-parent,"X2, X3",2,1,test,0.6372137527227629,-0.21907174323772347,0.3289962989147692,1.0879522938554949
7,2,Treatment-parent,"X2, X3",2,2,test,0.6066523435353136,-0.23418009021873176,0.3053428557955311,1.1185264382855462
7,2,Treatment-parent,"X2, X3",2,3,test,0.5682411838718001,-0.18142926403396367,0.2921629933279814,1.0542560478513987
7,2,Treatment-parent,"X2, X3",2,4,test,0.4866626483923148,-0.15706278049197667,0.2840168125245828,1.1038752972226347
7,2,Treatment-parent,"X2, X3",2,5,test,0.6551426250956142,-0.2923375256236071,0.37929553026789925,1.0221173653879538
7,2,Treatment-parent,"X2, X3",2,6,test,0.5390036154886487,-0.11939024365187208,0.306112022432201,1.0621728623357398
7,2,Treatment-parent,"X2, X3",2,7,test,0.49666906165082164,-0.1353855928789482,0.24755905158121938,1.0839072267172434
7,2,Treatment-parent,"X2, X3",2,8,test,0.5025281940632844,-0.15542611186825905,0.2704569645819441,1.029855975948809
7,2,Treatment-parent,"X2, X3",2,9,test,0.5195125487255604,-0.21717636504837168,0.27623226609500706,1.081817321337603
7,2,Outcome-parent,"X6, X7, X8",3,0,test,0.6248774171811243,-0.2513184878244122,0.5533826832714946,0.5367191952514173
7,2,Outcome-parent,"X6, X7, X8",3,1,test,0.6417081797222846,-0.2625840429095523,0.5743864911265132,0.5404674397269598
7,2,Outcome-parent,"X6, X7, X8",3,2,test,0.5993193247357285,-0.1876995241473024,0.5288708521108684,0.5554464411563158
7,2,Outcome-parent,"X6, X7, X8",3,3,test,0.6144834712731173,-0.2454861029447571,0.5400301690430134,0.5034028064971976
7,2,Outcome-parent,"X6, X7, X8",3,4,test,0.6048618881140959,-0.21701933277587485,0.5316340175612552,0.5496697714533502
7,2,Outcome-parent,"X6, X7, X8",3,5,test,0.6196668467160974,-0.22241620509727275,0.5452635691105576,0.521765600269751
7,2,Outcome-parent,"X6, X7, X8",3,6,test,0.7155676742047125,-0.19529239107858976,0.6416460929653425,0.5395666446439576
7,2,Outcome-parent,"X6, X7, X8",3,7,test,0.5982666405192595,-0.17868165844058354,0.524042417055683,0.4992559967487684
7,2,Outcome-parent,"X6, X7, X8",3,8,test,0.6589884343597718,-0.22270903420716592,0.5843275937542436,0.4982874333573051
7,2,Outcome-parent,"X6, X7, X8",3,9,test,0.6707842337779404,-0.2169081877136247,0.6091427928793236,0.5389669147312598
7,2,GCI-guided valid,X7,1,0,test,0.3872226998256681,-0.09386381072121916,0.21448574467237716,0.9952577804057277
7,2,GCI-guided valid,X7,1,1,test,0.4615277237943967,-0.11239189030832378,0.224522201576462,0.9643507026695949
7,2,GCI-guided valid,X7,1,2,test,0.4838385967651164,-0.09446138290525716,0.24261230161056654,1.0050812893699352
7,2,GCI-guided valid,X7,1,3,test,0.4776273295071786,-0.09595700755951898,0.23429506353386714,0.9620335479486759
7,2,GCI-guided valid,X7,1,4,test,0.4432132632876466,-0.07627381744350661,0.22215597121938857,0.9758890023353438
7,2,GCI-guided valid,X7,1,5,test,0.4388102510109091,-0.06337686979901344,0.203453833632031,0.9078562502594859
7,2,GCI-guided valid,X7,1,6,test,0.46076832820481833,-0.10102157861810458,0.24410431063326427,0.9405049747215869
7,2,GCI-guided valid,X7,1,7,test,0.4062206981156107,-0.0492006481788344,0.217047965200164,0.9501212741287505
7,2,GCI-guided valid,X7,1,8,test,0.4478223255441102,-0.07619932986013907,0.23051076887626962,0.9187135317817033
7,2,GCI-guided valid,X7,1,9,test,0.3990029391124583,-0.1041895089077487,0.21749310125162907,0.9615058468060327
7,3,No adjustment,--,0,0,test,0.37838045560199624,0.04121677800965864,0.23399621794833136,1.0516757855403358
7,3,No adjustment,--,0,1,test,0.2702271301829226,0.07728430078367853,0.18607429167040018,0.9860032135297707
7,3,No adjustment,--,0,2,test,0.3136186412564682,0.07949379605071667,0.2189492675011159,0.9941972736990018
7,3,No adjustment,--,0,3,test,0.26771026817499166,0.1194625043255198,0.2070245459412641,1.01972747555325
7,3,No adjustment,--,0,4,test,0.3098732064972359,0.07861604949600742,0.2134084488518784,0.9770135399829913
7,3,No adjustment,--,0,5,test,0.25146823914942046,0.12256489382770748,0.21495587775853675,0.9925733048690257
7,3,No adjustment,--,0,6,test,0.302874125051816,0.09252963404960861,0.21560747251473505,1.0538799333025934
7,3,No adjustment,--,0,7,test,0.37095590614063106,0.04325838980742565,0.24647631954453486,0.924147041611433
7,3,No adjustment,--,0,8,test,0.37261326305675496,0.03825606139111045,0.22507507027454418,1.0471754560665605
7,3,No adjustment,--,0,9,test,0.2533415479553843,0.10238800815422779,0.20073121019750867,0.9649388083791695
7,3,All covariates,"X1, X2, X3, X4, X5, X6, X7",7,0,test,0.5780191043359396,-0.24913897604271776,0.4533043628369206,0.496977567211269
7,3,All covariates,"X1, X2, X3, X4, X5, X6, X7",7,1,test,0.5578182369622909,-0.29930531657205883,0.448381493213338,0.5236933228425756
7,3,All covariates,"X1, X2, X3, X4, X5, X6, X7",7,2,test,0.5187541643670044,-0.33532593415179845,0.4173299245840003,0.5073173870642523
7,3,All covariates,"X1, X2, X3, X4, X5, X6, X7",7,3,test,0.5336809451715312,-0.2543064563751796,0.4252280914904801,0.5209740166476207
7,3,All covariates,"X1, X2, X3, X4, X5, X6, X7",7,4,test,0.5092723320273549,-0.2681961450076537,0.39941543702765736,0.4698652769232153
7,3,All covariates,"X1, X2, X3, X4, X5, X6, X7",7,5,test,0.5344597384627927,-0.3684285335744927,0.43035458047740643,0.4678859614184507
7,3,All covariates,"X1, X2, X3, X4, X5, X6, X7",7,6,test,0.5761922797083617,-0.29946487488175383,0.46575195735343605,0.5082877423666164
7,3,All covariates,"X1, X2, X3, X4, X5, X6, X7",7,7,test,0.536266241044456,-0.2755801259339531,0.43487847655959216,0.4538410321894794
7,3,All covariates,"X1, X2, X3, X4, X5, X6, X7",7,8,test,0.5022556258601044,-0.28264799390175965,0.39097625742841124,0.5128303938480873
7,3,All covariates,"X1, X2, X3, X4, X5, X6, X7",7,9,test,0.4949747759364139,-0.2849918338166093,0.3926608131762588,0.4736267999261835
7,3,Root-only,X3,1,0,test,0.4475055523661439,-0.1639761496528846,0.2077689670018231,0.9363466129684647
7,3,Root-only,X3,1,1,test,0.23330664686393562,-0.04607693443115727,0.10446842413369856,0.8973395007303899
7,3,Root-only,X3,1,2,test,0.25526810661758914,-0.06857925186694977,0.1074530457423062,0.8878411196333876
7,3,Root-only,X3,1,3,test,0.21980705839023804,-0.04458288188471041,0.10212511109702523,0.9353102301054061
7,3,Root-only,X3,1,4,test,0.21727280636063862,-0.02611976297486494,0.09545266428401557,0.8694898080728584
7,3,Root-only,X3,1,5,test,0.190357240319106,-0.045450443264541465,0.09929013486125715,0.8865528802336159
7,3,Root-only,X3,1,6,test,0.23352275143854914,-0.03521764663917983,0.10225256650121768,0.935850842312145
7,3,Root-only,X3,1,7,test,0.2784193754054201,-0.06434389322679757,0.13108239867565377,0.798819733231156
7,3,Root-only,X3,1,8,test,0.2944787352833835,-0.0751737077198113,0.12087871943451295,0.9032808074753718
7,3,Root-only,X3,1,9,test,0.176759504933526,-0.031135535002398327,0.08090596252028555,0.8727959930112738
7,3,Treatment-parent,"X2, X3",2,0,test,0.48653672954456273,-0.14319612187702188,0.26964123103705345,0.9444803653973529
7,3,Treatment-parent,"X2, X3",2,1,test,0.2901561504327303,-0.021411046397692476,0.1489573964779967,0.8946638791410301
7,3,Treatment-parent,"X2, X3",2,2,test,0.2984613482728566,-0.09998150582385246,0.1581343488993793,0.9104566325472151
7,3,Treatment-parent,"X2, X3",2,3,test,0.26275810733486427,-0.002454151266325625,0.1636707154816855,0.9359778338328693
7,3,Treatment-parent,"X2, X3",2,4,test,0.3887229080726523,-0.1105019987227557,0.209214515118859,0.9129652830441194
7,3,Treatment-parent,"X2, X3",2,5,test,0.2790103409148273,-0.023487538057139334,0.1755258338602154,0.8952087337238535
7,3,Treatment-parent,"X2, X3",2,6,test,0.2908068660358689,-0.040785178326299666,0.15276502071680975,0.9462146993425854
7,3,Treatment-parent,"X2, X3",2,7,test,0.3374641968169415,-0.08735569381191045,0.19205673076843388,0.8498463739124653
7,3,Treatment-parent,"X2, X3",2,8,test,0.35769408413833287,-0.052747511786306385,0.19734539293175932,0.9130239357235103
7,3,Treatment-parent,"X2, X3",2,9,test,0.24363444074567933,0.025021864530597356,0.15114874613917928,0.8731996305929811
7,3,Outcome-parent,"X4, X5",2,0,test,0.22233862190694484,-0.06857718922662585,0.09289700393416349,0.5154131922268633
7,3,Outcome-parent,"X4, X5",2,1,test,0.15268132494391137,-0.046986039651254155,0.07480681751484856,0.5043040193311097
7,3,Outcome-parent,"X4, X5",2,2,test,0.17726805707812976,-0.048837042543537545,0.07599712990414423,0.5250666499384903
7,3,Outcome-parent,"X4, X5",2,3,test,0.1259947705570599,-0.024332266346146447,0.07015087067912683,0.5413642647634013
7,3,Outcome-parent,"X4, X5",2,4,test,0.13727170865759003,-0.03238776883488005,0.0640036060740184,0.5050770426750835
7,3,Outcome-parent,"X4, X5",2,5,test,0.10477029110226845,-0.038254801481776395,0.05499225521641572,0.49557071428629434
7,3,Outcome-parent,"X4, X5",2,6,test,0.1315695319687219,-0.03424316519668587,0.057781622773897055,0.5204667661835377
7,3,Outcome-parent,"X4, X5",2,7,test,0.1429584607896444,-0.03994761758888217,0.06512461694290697,0.48753761784148636
7,3,Outcome-parent,"X4, X5",2,8,test,0.17025330152345475,-0.06127828932152195,0.07574980225893732,0.5135816629086876
7,3,Outcome-parent,"X4, X5",2,9,test,0.11403078701150224,-0.034697562962915034,0.061035442653833885,0.5031019167328439
7,3,GCI-guided valid,X5,1,0,test,0.27562234598927965,-0.09615852477681837,0.10145791348042878,0.7505035912326066
7,3,GCI-guided valid,X5,1,1,test,0.16939854335875454,-0.06915233886332992,0.07924909721491827,0.733921119000259
7,3,GCI-guided valid,X5,1,2,test,0.22479829323539263,-0.07621752484841653,0.08964853082666958,0.7294513222767007
7,3,GCI-guided valid,X5,1,3,test,0.14393187954650735,-0.030757570065847246,0.06401364088925192,0.7613987003418188
7,3,GCI-guided valid,X5,1,4,test,0.18357085293527708,-0.0649122154874868,0.08012826090005447,0.7024946834687528
7,3,GCI-guided valid,X5,1,5,test,0.13186583595927134,-0.04442432295941084,0.052995967439272595,0.6948385976412296
7,3,GCI-guided valid,X5,1,6,test,0.2023252917905424,-0.05905668067504247,0.07454499310582813,0.7431895415972892
7,3,GCI-guided valid,X5,1,7,test,0.18303528894602253,-0.0648645151883571,0.07244940189333014,0.6745543036161377
7,3,GCI-guided valid,X5,1,8,test,0.2707450875340553,-0.09936662654014489,0.10356545269149235,0.7513482775905271
7,3,GCI-guided valid,X5,1,9,test,0.15275547315931773,-0.047240661757196434,0.06523406888027862,0.7055761133716969
7,4,No adjustment,--,0,0,test,0.5459860051447613,0.5351157168405252,0.539746406345993,0.8630970680532256
7,4,No adjustment,--,0,1,test,0.5490921977255844,0.5305437242212422,0.5440356658480034,0.8874934662913533
7,4,No adjustment,--,0,2,test,0.5552123387251933,0.5498179442602449,0.5510560749301847,0.8096710396541545
7,4,No adjustment,--,0,3,test,0.5602002793712363,0.5555522183338988,0.5573394560231518,0.8535474187915975
7,4,No adjustment,--,0,4,test,0.5494858407785466,0.5460764598293922,0.546492104405196,0.8823225774314964
7,4,No adjustment,--,0,5,test,0.5558628767538837,0.5439067511073301,0.5517222168930407,0.8423824412831357
7,4,No adjustment,--,0,6,test,0.5624409991373828,0.5604347055587333,0.5604347055587333,0.8945035390992433
7,4,No adjustment,--,0,7,test,0.5551158505054741,0.5511724237803157,0.5511724237803157,0.8259061271220518
7,4,No adjustment,--,0,8,test,0.5644605235559843,0.560664617481537,0.560664617481537,0.8641121734097141
7,4,No adjustment,--,0,9,test,0.560210449949226,0.556009767167431,0.5584953454735129,0.8092388334911064
7,4,All covariates,"X1, X2, X3, X4, X5, X6, X7",7,0,test,0.29567085119887443,-0.12328367365482397,0.21616195724249232,0.508390004776187
7,4,All covariates,"X1, X2, X3, X4, X5, X6, X7",7,1,test,0.22761558748489333,-0.10619474196840924,0.17229803708885047,0.49081930126996876
7,4,All covariates,"X1, X2, X3, X4, X5, X6, X7",7,2,test,0.2866028676038204,-0.12242684585131765,0.22478599965547802,0.4946599146411986
7,4,All covariates,"X1, X2, X3, X4, X5, X6, X7",7,3,test,0.25011520569835677,-0.09551276407966929,0.18856972305945566,0.5049851989286638
7,4,All covariates,"X1, X2, X3, X4, X5, X6, X7",7,4,test,0.33745266968724436,-0.13498974555647275,0.26066520645443864,0.5214426141082942
7,4,All covariates,"X1, X2, X3, X4, X5, X6, X7",7,5,test,0.33633887005244,-0.13677951931040744,0.2565541239605115,0.516329200030536
7,4,All covariates,"X1, X2, X3, X4, X5, X6, X7",7,6,test,0.2759527255556465,-0.06577974720689103,0.20924595940749774,0.5441288878003954
7,4,All covariates,"X1, X2, X3, X4, X5, X6, X7",7,7,test,0.24206856408509111,-0.0912631018735342,0.18406057293547937,0.4701564926407444
7,4,All covariates,"X1, X2, X3, X4, X5, X6, X7",7,8,test,0.24908224174653412,-0.06634159926682358,0.18104397987640974,0.5162412476970701
7,4,All covariates,"X1, X2, X3, X4, X5, X6, X7",7,9,test,0.3135665957893973,-0.07224960883117387,0.21801322659619587,0.528211724463002
7,4,Root-only,"X2, X3, X4",3,0,test,0.12688340585454116,0.006754963765694339,0.08895634783105434,0.6935135584432492
7,4,Root-only,"X2, X3, X4",3,1,test,0.19286564617286758,-0.012001417842544288,0.12175526013795945,0.6656932868773972
7,4,Root-only,"X2, X3, X4",3,2,test,0.14277776437443293,0.01628231765049229,0.10479421968023446,0.6106719996340847
7,4,Root-only,"X2, X3, X4",3,3,test,0.21541511586665793,-0.0056232403225296886,0.14887936320852527,0.6855491857233791
7,4,Root-only,"X2, X3, X4",3,4,test,0.22701546341692896,-0.040420961899001524,0.14477667006873787,0.7020344022278973
7,4,Root-only,"X2, X3, X4",3,5,test,0.1735852919973743,-0.01851966563121542,0.11302230896392089,0.7859370922372183
7,4,Root-only,"X2, X3, X4",3,6,test,0.21259004735465936,0.009123956322651804,0.13982081592423157,0.6831201893988791
7,4,Root-only,"X2, X3, X4",3,7,test,0.1392558895913045,0.00520763818608923,0.09516231752387751,0.7333836107789428
7,4,Root-only,"X2, X3, X4",3,8,test,0.1600169413021186,0.014499804110191621,0.11432603201834553,0.6492775765143298
7,4,Root-only,"X2, X3, X4",3,9,test,0.1433555644177707,0.00935477396773045,0.10311766995631863,0.6274981121917962
7,4,Treatment-parent,"X1, X2, X3, X4",4,0,test,0.25561462174154387,-0.05186711021462914,0.1645537458222398,0.706756956630832
7,4,Treatment-parent,"X1, X2, X3, X4",4,1,test,0.27693013164168495,-0.024471119005673517,0.1833351076901539,0.6690864706785343
7,4,Treatment-parent,"X1, X2, X3, X4",4,2,test,0.22898290781007563,-0.034683520952761115,0.1616675513617672,0.6101659675441623
7,4,Treatment-parent,"X1, X2, X3, X4",4,3,test,0.28001855908974815,-0.035400085735031686,0.18711749476262932,0.6795340309124273
7,4,Treatment-parent,"X1, X2, X3, X4",4,4,test,0.3634785530609953,-0.10493956073273121,0.23371455279805967,0.7025951678824945
7,4,Treatment-parent,"X1, X2, X3, X4",4,5,test,0.2390601699140132,-0.06965280614517771,0.15046553105726573,0.7881167131828852
7,4,Treatment-parent,"X1, X2, X3, X4",4,6,test,0.3038701359093838,-0.054004352368166884,0.19517689219881645,0.6919696199408182
7,4,Treatment-parent,"X1, X2, X3, X4",4,7,test,0.24499065829741484,-0.04663982581121264,0.15694706858738502,0.7410347036760518
7,4,Treatment-parent,"X1, X2, X3, X4",4,8,test,0.2584290263850803,-0.02248451674653307,0.1823515081700651,0.6535400558381461
7,4,Treatment-parent,"X1, X2, X3, X4",4,9,test,0.2735048207368963,-0.046823748142839496,0.1891735234526359,0.640421078694179
7,4,Outcome-parent,"X3, X4, X5",3,0,test,0.10622840806993594,-0.02128738325757634,0.06468961493800972,0.5173742984434327
7,4,Outcome-parent,"X3, X4, X5",3,1,test,0.12732422786370512,-0.0046194837704827225,0.07655992480347372,0.5236477061172178
7,4,Outcome-parent,"X3, X4, X5",3,2,test,0.10429838590144926,-0.003042760117142439,0.07892281719958694,0.502030787555986
7,4,Outcome-parent,"X3, X4, X5",3,3,test,0.09174163321612269,0.01227140427267033,0.06646669041166606,0.5090569854866214
7,4,Outcome-parent,"X3, X4, X5",3,4,test,0.09082140488504775,0.0013972778936274766,0.07243084581857243,0.5288427732224816
7,4,Outcome-parent,"X3, X4, X5",3,5,test,0.1262205190040342,0.015708295552681887,0.08326823316515544,0.5228830461036237
7,4,Outcome-parent,"X3, X4, X5",3,6,test,0.10029735314952323,0.014387940156359207,0.07397758468948763,0.5401108898119286
7,4,Outcome-parent,"X3, X4, X5",3,7,test,0.09309806819691518,0.015067598086197564,0.07018318645271499,0.47794587596951016
7,4,Outcome-parent,"X3, X4, X5",3,8,test,0.08544611583372001,0.01574400630853152,0.0654748896332264,0.5113474138125834
7,4,Outcome-parent,"X3, X4, X5",3,9,test,0.0996513692652806,0.0020511855553525748,0.06827073471756874,0.518378086571209
7,4,GCI-guided valid,"X3, X4, X5",3,0,test,0.10622840806993594,-0.02128738325757634,0.06468961493800972,0.5173742984434327
7,4,GCI-guided valid,"X3, X4, X5",3,1,test,0.12732422786370512,-0.0046194837704827225,0.07655992480347372,0.5236477061172178
7,4,GCI-guided valid,"X3, X4, X5",3,2,test,0.10429838590144926,-0.003042760117142439,0.07892281719958694,0.502030787555986
7,4,GCI-guided valid,"X3, X4, X5",3,3,test,0.09174163321612269,0.01227140427267033,0.06646669041166606,0.5090569854866214
7,4,GCI-guided valid,"X3, X4, X5",3,4,test,0.09082140488504775,0.0013972778936274766,0.07243084581857243,0.5288427732224816
7,4,GCI-guided valid,"X3, X4, X5",3,5,test,0.1262205190040342,0.015708295552681887,0.08326823316515544,0.5228830461036237
7,4,GCI-guided valid,"X3, X4, X5",3,6,test,0.10029735314952323,0.014387940156359207,0.07397758468948763,0.5401108898119286
7,4,GCI-guided valid,"X3, X4, X5",3,7,test,0.09309806819691518,0.015067598086197564,0.07018318645271499,0.47794587596951016
7,4,GCI-guided valid,"X3, X4, X5",3,8,test,0.08544611583372001,0.01574400630853152,0.0654748896332264,0.5113474138125834
7,4,GCI-guided valid,"X3, X4, X5",3,9,test,0.0996513692652806,0.0020511855553525748,0.06827073471756874,0.518378086571209
8,1,No adjustment,--,0,0,test,0.22514450415318607,0.13972347879703212,0.19841044847386674,0.8697181270416523
8,1,No adjustment,--,0,1,test,0.2231449615402705,0.19733595850665742,0.21366614543561468,0.9055253654874845
8,1,No adjustment,--,0,2,test,0.2655397294705943,0.1832652641093321,0.23349657234312615,0.9313890789165143
8,1,No adjustment,--,0,3,test,0.2073939497888935,0.18371663662783874,0.1958821946572673,0.9530329259159793
8,1,No adjustment,--,0,4,test,0.23506704949415208,0.19646358077332488,0.21957390936691865,0.887771943207882
8,1,No adjustment,--,0,5,test,0.2275842903159238,0.1556514576891909,0.19533270605302558,0.9198245480522661
8,1,No adjustment,--,0,6,test,0.20102957763671647,0.1595513103345318,0.18823114036692865,0.8485054999179644
8,1,No adjustment,--,0,7,test,0.40811065314832695,0.10074302054616545,0.2418122622198541,0.9153240066861074
8,1,No adjustment,--,0,8,test,0.26216884514545463,0.19619715503284926,0.2341619447805809,0.9122116007394224
8,1,No adjustment,--,0,9,test,0.23535335962439624,0.19302538682284429,0.21967825351668624,0.9152404620618372
8,1,All covariates,"X1, X2, X3, X4, X5, X6, X7, X8",8,0,test,0.46055920672688305,-0.15539656278531097,0.37187092780465575,0.5206846820391082
8,1,All covariates,"X1, X2, X3, X4, X5, X6, X7, X8",8,1,test,0.39678112762036977,-0.17364379789263443,0.3258716591970074,0.5087419640369211
8,1,All covariates,"X1, X2, X3, X4, X5, X6, X7, X8",8,2,test,0.4481549423115881,-0.12678300415484917,0.3528837099654249,0.5545557255790491
8,1,All covariates,"X1, X2, X3, X4, X5, X6, X7, X8",8,3,test,0.423156425140368,-0.14358718631111422,0.347049789462679,0.49593713311450777
8,1,All covariates,"X1, X2, X3, X4, X5, X6, X7, X8",8,4,test,0.3973192555245892,-0.18635302315306368,0.31444970530097427,0.5008060551499479
8,1,All covariates,"X1, X2, X3, X4, X5, X6, X7, X8",8,5,test,0.3646847387655418,-0.14953755310971162,0.29763969141779373,0.4954161765804079
8,1,All covariates,"X1, X2, X3, X4, X5, X6, X7, X8",8,6,test,0.4129156429164141,-0.1687735392979889,0.3389809595663929,0.5305537550125932
8,1,All covariates,"X1, X2, X3, X4, X5, X6, X7, X8",8,7,test,0.42938207188428285,-0.17038141539455068,0.3409474610073594,0.48979265930032756
8,1,All covariates,"X1, X2, X3, X4, X5, X6, X7, X8",8,8,test,0.391633144948725,-0.12747471969906324,0.3144186361878427,0.4833592942752605
8,1,All covariates,"X1, X2, X3, X4, X5, X6, X7, X8",8,9,test,0.3628655708461183,-0.12948099712593783,0.29612750287415895,0.5121331566488545
8,1,Root-only,X3,1,0,test,0.18286289191163585,-0.011915281666493253,0.12143377914363356,0.8335370359458172
8,1,Root-only,X3,1,1,test,0.19381854754786104,0.05878969517652334,0.1459558335082528,0.8394253235583217
8,1,Root-only,X3,1,2,test,0.14794996830257917,0.009845528235297586,0.09583917143957356,0.8781932743463109
8,1,Root-only,X3,1,3,test,0.1649446947357747,0.05309048257810732,0.12192095340335667,0.8804339385467446
8,1,Root-only,X3,1,4,test,0.1963097091710575,0.0166746357374701,0.13204738129357485,0.8778584313259385
8,1,Root-only,X3,1,5,test,0.1868506143573823,0.034546661407927656,0.13021780513109765,0.8531380532117506
8,1,Root-only,X3,1,6,test,0.1608957308280011,0.04739117013475731,0.12477295158274167,0.7632770408655908
8,1,Root-only,X3,1,7,test,0.2809724451410314,-0.010309274509455211,0.1440257855761601,0.8144215783827328
8,1,Root-only,X3,1,8,test,0.15511764445401735,0.040726592386630026,0.11123616503688562,0.8383313461760112
8,1,Root-only,X3,1,9,test,0.17170836296047726,0.048668021163377956,0.11464683718242435,0.8965490599764312
8,1,Treatment-parent,"X2, X3",2,0,test,0.3343250367387877,0.022729094182354963,0.2164742925067172,0.8241601470963088
8,1,Treatment-parent,"X2, X3",2,1,test,0.29515805297934133,0.07474157355845731,0.22828393133883385,0.8346879257819778
8,1,Treatment-parent,"X2, X3",2,2,test,0.3241513642819768,0.05824158139067998,0.23560980442488205,0.874433531762233
8,1,Treatment-parent,"X2, X3",2,3,test,0.3177079508900005,0.06467625461033129,0.2302388733164237,0.8797548797361848
8,1,Treatment-parent,"X2, X3",2,4,test,0.3181744244219273,0.017666071424012667,0.20094187886957635,0.8697479119925658
8,1,Treatment-parent,"X2, X3",2,5,test,0.2732492058178255,0.08501295078613638,0.21496199455719936,0.8503580374084725
8,1,Treatment-parent,"X2, X3",2,6,test,0.29372760419169625,0.057768651171983855,0.2190767482120626,0.7586023776367754
8,1,Treatment-parent,"X2, X3",2,7,test,0.3742593496716817,-0.01337718657883595,0.23217755866463277,0.809926548672034
8,1,Treatment-parent,"X2, X3",2,8,test,0.31046528834282777,0.07746615075639478,0.22003484838405213,0.8452461375664544
8,1,Treatment-parent,"X2, X3",2,9,test,0.2807095482276625,0.0631213304062343,0.1946998813414025,0.8584187265292761
8,1,Outcome-parent,"X4, X5",2,0,test,0.10443835746231976,0.0034603012073204805,0.07577391661845265,0.5437217193210507
8,1,Outcome-parent,"X4, X5",2,1,test,0.0796318417654173,0.013069934392875356,0.0645056701724217,0.5405455491520844
8,1,Outcome-parent,"X4, X5",2,2,test,0.12073425920530173,0.0020401889526179984,0.0732397696956625,0.5247123231357403
8,1,Outcome-parent,"X4, X5",2,3,test,0.08411288763300484,0.012282511113714348,0.06769458825872739,0.5205697970072375
8,1,Outcome-parent,"X4, X5",2,4,test,0.10332264594347426,0.010163648305224725,0.07739400438558225,0.5157285107816514
8,1,Outcome-parent,"X4, X5",2,5,test,0.12793024066873993,-0.004360673573675313,0.07984205062631035,0.5301885019974772
8,1,Outcome-parent,"X4, X5",2,6,test,0.09970926582208987,-0.0013190722590510203,0.07550088993207335,0.5328186761742261
8,1,Outcome-parent,"X4, X5",2,7,test,0.21349501658851286,-0.022600274771257357,0.087420114999492,0.49688479548002024
8,1,Outcome-parent,"X4, X5",2,8,test,0.1255111137540982,0.017503801840856818,0.09373291263964445,0.5375464620975737
8,1,Outcome-parent,"X4, X5",2,9,test,0.10280235356340468,0.014517886706773876,0.07313082021215,0.5377615634901617
8,1,GCI-guided valid,X5,1,0,test,0.10935475481247184,0.02057185147282348,0.08154778687249975,0.7567155917352703
8,1,GCI-guided valid,X5,1,1,test,0.09994171495688653,0.028061404411201765,0.07922784782045697,0.7795879360721332
8,1,GCI-guided valid,X5,1,2,test,0.13069504340490196,0.03343450825003084,0.09117556155510158,0.7701476399181567
8,1,GCI-guided valid,X5,1,3,test,0.11093299289537428,0.03340452706940514,0.0893500403662002,0.7739430505215886
8,1,GCI-guided valid,X5,1,4,test,0.11981999981982738,0.02862395716130518,0.09318425536616556,0.7798212520934823
8,1,GCI-guided valid,X5,1,5,test,0.1410539124000592,-0.009446704809221789,0.08655631335410884,0.7852442597511156
8,1,GCI-guided valid,X5,1,6,test,0.10274268199519718,0.025261537322179284,0.08320746082844661,0.7140790877400431
8,1,GCI-guided valid,X5,1,7,test,0.23562432539139308,-0.022534571078234495,0.07923161996672944,0.7504548585180875
8,1,GCI-guided valid,X5,1,8,test,0.13321093850774368,0.034134629031242134,0.09652138213971825,0.7893737551374622
8,1,GCI-guided valid,X5,1,9,test,0.10942192906299833,0.030599405521564062,0.08101724810429674,0.7817547130577318
8,2,No adjustment,--,0,0,test,0.5481030807540711,0.13176657325217803,0.32727068120193653,1.1824813569443566
8,2,No adjustment,--,0,1,test,0.46515458589083203,0.16077379594874286,0.3118515263838978,1.0813684517435882
8,2,No adjustment,--,0,2,test,0.5540227475270514,0.07966196041067064,0.28532211755832115,1.0842976080276323
8,2,No adjustment,--,0,3,test,0.4881575879483967,0.10053598990805167,0.3020457359987232,1.0244292454910082
8,2,No adjustment,--,0,4,test,0.45210249292852217,0.12801578727671373,0.2960108641883192,1.10755887968259
8,2,No adjustment,--,0,5,test,0.5116096652627921,0.14122098474341135,0.3246897249353834,1.0423887899727484
8,2,No adjustment,--,0,6,test,0.6001984506679557,0.08528139403190309,0.3052576455795637,1.0610635844970315
8,2,No adjustment,--,0,7,test,0.5553138104693619,0.13902994242517097,0.32121978314463073,1.096932551608906
8,2,No adjustment,--,0,8,test,0.5504049164879432,0.11677533760601273,0.3219997850011796,1.1055223877797447
8,2,No adjustment,--,0,9,test,0.5894939712566117,0.09968025945079839,0.3224590063960712,1.0950036245515804
8,2,All covariates,"X1, X2, X3, X4, X5, X6, X7, X8, X9",9,0,test,0.6681648426740849,-0.16942684382998488,0.5567663073367525,0.5316317115044441
8,2,All covariates,"X1, X2, X3, X4, X5, X6, X7, X8, X9",9,1,test,0.6951919706902785,-0.2524964195286936,0.5752513120870113,0.5918872390853273
8,2,All covariates,"X1, X2, X3, X4, X5, X6, X7, X8, X9",9,2,test,0.6786014509194535,-0.15896429847017782,0.552678907980119,0.5492898768716182
8,2,All covariates,"X1, X2, X3, X4, X5, X6, X7, X8, X9",9,3,test,0.6462574120527106,-0.3168484968919886,0.5305501973683621,0.5601258205242725
8,2,All covariates,"X1, X2, X3, X4, X5, X6, X7, X8, X9",9,4,test,0.6576518742721817,-0.2166165747844911,0.544910075180803,0.5520232632638047
8,2,All covariates,"X1, X2, X3, X4, X5, X6, X7, X8, X9",9,5,test,0.6134231615010375,-0.2221237120778263,0.5090035458995933,0.5264200098264268
8,2,All covariates,"X1, X2, X3, X4, X5, X6, X7, X8, X9",9,6,test,0.699137497748822,-0.2440709916865817,0.5768065319074956,0.5218000001186764
8,2,All covariates,"X1, X2, X3, X4, X5, X6, X7, X8, X9",9,7,test,0.7030994956073574,-0.216480291005683,0.5904258761526833,0.5278521556205785
8,2,All covariates,"X1, X2, X3, X4, X5, X6, X7, X8, X9",9,8,test,0.6188234032279841,-0.1459890752291757,0.5028525232123253,0.6000414756911084
8,2,All covariates,"X1, X2, X3, X4, X5, X6, X7, X8, X9",9,9,test,0.6092150026204753,-0.19284504947015885,0.49007893789333534,0.5368088914850697
8,2,Root-only,X3,1,0,test,0.5430836783158727,-0.1699065675252265,0.2517946321745459,1.1428141016201936
8,2,Root-only,X3,1,1,test,0.4230894396172439,-0.11233513822096891,0.20497762055225308,1.0220237665501546
8,2,Root-only,X3,1,2,test,0.5305190436347548,-0.18980205114579654,0.24188417573813922,1.0519661902917967
8,2,Root-only,X3,1,3,test,0.4490547083980645,-0.13661735146615725,0.22542377565172692,0.9712743162576255
8,2,Root-only,X3,1,4,test,0.4462357313402985,-0.14576618314079048,0.2355884758533611,1.0435685737015281
8,2,Root-only,X3,1,5,test,0.5051292855483194,-0.16648273770375127,0.2545239713241413,1.031375837055975
8,2,Root-only,X3,1,6,test,0.5908674132710025,-0.18566303803651918,0.24820012591306445,1.0005604565969426
8,2,Root-only,X3,1,7,test,0.5054787188761203,-0.1266962804837804,0.21967792116120524,1.0315415953784073
8,2,Root-only,X3,1,8,test,0.46681496322211097,-0.10569466268676518,0.23007232125063828,1.0730794351183184
8,2,Root-only,X3,1,9,test,0.525376733665887,-0.12911545222044982,0.23602041541784785,1.049685667735976
8,2,Treatment-parent,"X2, X3",2,0,test,0.6430245220533836,-0.29995617312350026,0.35926278234138265,1.1542942508715648
8,2,Treatment-parent,"X2, X3",2,1,test,0.3958141573205881,-0.07967045369355684,0.20607115714012908,1.0263908711430343
8,2,Treatment-parent,"X2, X3",2,2,test,0.5753697406936653,-0.2032051907663425,0.2757567309613924,1.0634438294010453
8,2,Treatment-parent,"X2, X3",2,3,test,0.5836982135961225,-0.2725985232669574,0.3356421247435518,0.9876883446018846
8,2,Treatment-parent,"X2, X3",2,4,test,0.5546871928299482,-0.25356989137600106,0.32416794436326835,1.0510676765202742
8,2,Treatment-parent,"X2, X3",2,5,test,0.48517041208914435,-0.16639361821659412,0.27015043566030045,1.0337145077827359
8,2,Treatment-parent,"X2, X3",2,6,test,0.5484524059352662,-0.07976806521118758,0.24131665444958245,1.0144241624145591
8,2,Treatment-parent,"X2, X3",2,7,test,0.45277819460360014,-0.0099886436903584,0.22545688043414405,1.0370000346222754
8,2,Treatment-parent,"X2, X3",2,8,test,0.5711740789248458,-0.22568611832003072,0.3046587206662764,1.0775045304412063
8,2,Treatment-parent,"X2, X3",2,9,test,0.5457694589214798,-0.10834381517038798,0.26893397992673185,1.0533888091235126
8,2,Outcome-parent,"X6, X7, X8",3,0,test,0.6186136527638465,-0.1855428202979483,0.5458616725638684,0.5311949082273845
8,2,Outcome-parent,"X6, X7, X8",3,1,test,0.6204023048868658,-0.21599498638408515,0.5437986914242317,0.5126523087569186
8,2,Outcome-parent,"X6, X7, X8",3,2,test,0.6247546802085756,-0.22172673538323007,0.5546894112591083,0.4980768933497567
8,2,Outcome-parent,"X6, X7, X8",3,3,test,0.621963216411837,-0.2238912223824207,0.557453737399856,0.5012892628546759
8,2,Outcome-parent,"X6, X7, X8",3,4,test,0.6248060826535848,-0.22876744490880252,0.5555643028989554,0.5109067119161571
8,2,Outcome-parent,"X6, X7, X8",3,5,test,0.5815343150918431,-0.24530060895741324,0.5101621735450845,0.532213005792817
8,2,Outcome-parent,"X6, X7, X8",3,6,test,0.6529278553508988,-0.24501547800977083,0.581658155232459,0.48826783912250465
8,2,Outcome-parent,"X6, X7, X8",3,7,test,0.6063740903511189,-0.2757794864269799,0.5363830850632687,0.5472279746382569
8,2,Outcome-parent,"X6, X7, X8",3,8,test,0.5884423511477773,-0.20842072086839528,0.5160444246161728,0.5249409464451054
8,2,Outcome-parent,"X6, X7, X8",3,9,test,0.5904996121578457,-0.254391886891723,0.5141939171828612,0.5312896126024307
8,2,GCI-guided valid,X7,1,0,test,0.4734778797644351,-0.04735859060804504,0.2306553150909168,1.0484456539077533
8,2,GCI-guided valid,X7,1,1,test,0.39832422219778035,-0.02245254309846627,0.20062367355639807,0.9112261701948272
8,2,GCI-guided valid,X7,1,2,test,0.5007840352543743,-0.10584478631852273,0.2238403006150571,0.943708235479913
8,2,GCI-guided valid,X7,1,3,test,0.4380785691886036,-0.0854202820466626,0.22585667282711852,0.9198785158221713
8,2,GCI-guided valid,X7,1,4,test,0.38639163111015495,-0.053219602181660594,0.21210592574472215,0.9554000584120954
8,2,GCI-guided valid,X7,1,5,test,0.4512894186148098,-0.08099338779726788,0.21662507077999607,0.9633195127564045
8,2,GCI-guided valid,X7,1,6,test,0.544445068494966,-0.09588607714817916,0.2239431899774698,0.9265742564745009
8,2,GCI-guided valid,X7,1,7,test,0.4690526346736749,-0.038149755219693306,0.22599537966974342,0.9360294326958669
8,2,GCI-guided valid,X7,1,8,test,0.4868775054082033,-0.06176296615677787,0.22651129793313146,0.9797791237187127
8,2,GCI-guided valid,X7,1,9,test,0.5147661372326443,-0.07449138026497194,0.24310535590474383,0.9493661955024104
8,3,No adjustment,--,0,0,test,0.3175178404202797,0.27686003730160347,0.27686003730160347,0.9326682497232487
8,3,No adjustment,--,0,1,test,0.2555516876950495,0.22942036141607625,0.2300678461030804,1.023314401469339
8,3,No adjustment,--,0,2,test,0.33531635338591836,0.28898579127755236,0.28898579127755236,1.0371804335224115
8,3,No adjustment,--,0,3,test,0.2658980226159598,0.23152580792538188,0.23471392353990198,1.0270248894241638
8,3,No adjustment,--,0,4,test,0.27447506817712186,0.2522286202510676,0.2522286202510676,1.0074407873366429
8,3,No adjustment,--,0,5,test,0.2997684563703977,0.26329985948829093,0.26329985948829093,1.0459607628966061
8,3,No adjustment,--,0,6,test,0.3509623786187346,0.3035103155169076,0.30355865615887334,0.9886429992727538
8,3,No adjustment,--,0,7,test,0.318032352184335,0.2786692783476531,0.2786692783476531,0.9688559669511118
8,3,No adjustment,--,0,8,test,0.3230588106394734,0.2803126375385268,0.2803126375385268,1.005266201090933
8,3,No adjustment,--,0,9,test,0.27301345515738507,0.24504190128094877,0.25128786127071945,0.9590123439169055
8,3,All covariates,"X1, X2, X3, X4, X5, X6, X7",7,0,test,0.5453633900638238,-0.1055217009711261,0.3988227488554762,0.47917604672690217
8,3,All covariates,"X1, X2, X3, X4, X5, X6, X7",7,1,test,0.5898700010162131,-0.16246860607185937,0.45309270291273,0.4854679526709516
8,3,All covariates,"X1, X2, X3, X4, X5, X6, X7",7,2,test,0.4989375092143056,-0.17209001363649365,0.39419524699787206,0.47156781417657395
8,3,All covariates,"X1, X2, X3, X4, X5, X6, X7",7,3,test,0.5802032267393276,-0.11257004893149142,0.43994497002084465,0.4571153322004007
8,3,All covariates,"X1, X2, X3, X4, X5, X6, X7",7,4,test,0.5222053830241299,-0.22468491365724844,0.418464920606448,0.4987441567461236
8,3,All covariates,"X1, X2, X3, X4, X5, X6, X7",7,5,test,0.5853555787541758,-0.21941593783814928,0.466623053994352,0.48672204076011855
8,3,All covariates,"X1, X2, X3, X4, X5, X6, X7",7,6,test,0.580267759182849,-0.1813213468823439,0.4465269708466565,0.4857423757557877
8,3,All covariates,"X1, X2, X3, X4, X5, X6, X7",7,7,test,0.5621895151318702,-0.1585192335278507,0.4286953688523251,0.510529576379348
8,3,All covariates,"X1, X2, X3, X4, X5, X6, X7",7,8,test,0.5223303292087409,-0.2013881192828336,0.42548374010830203,0.4662489490439548
8,3,All covariates,"X1, X2, X3, X4, X5, X6, X7",7,9,test,0.500136852179989,-0.1744134705344554,0.40382614194280764,0.4397238896607394
8,3,Root-only,X3,1,0,test,0.2207706699591968,0.059050851111933395,0.16293970474911024,0.831343570170493
8,3,Root-only,X3,1,1,test,0.26306014344984274,0.000613713429798947,0.1750713137820416,0.9039951283167543
8,3,Root-only,X3,1,2,test,0.2722896007867752,0.07178552955847199,0.19368113987232813,0.9120729231152157
8,3,Root-only,X3,1,3,test,0.2540029900153867,0.030193395752407134,0.1816880753852689,0.940809405167865
8,3,Root-only,X3,1,4,test,0.20377949927648403,0.027229183631782904,0.15615645809949588,0.9083102574566315
8,3,Root-only,X3,1,5,test,0.2226627507249062,0.04386958953053032,0.16241191127202945,0.9173349339028954
8,3,Root-only,X3,1,6,test,0.199284941313561,0.07109449381741573,0.15003425139622317,0.9418645250237508
8,3,Root-only,X3,1,7,test,0.24012985474413506,0.06246056996277789,0.1747291826597449,0.8976203274165809
8,3,Root-only,X3,1,8,test,0.193074043101224,0.07842081158885901,0.1472808143382319,1.0814980774873504
8,3,Root-only,X3,1,9,test,0.17899823027206233,0.03591565641753618,0.12914367280903657,0.8513113669146135
8,3,Treatment-parent,"X2, X3",2,0,test,0.3370452424266371,-0.028313456286158528,0.2261258757065186,0.8324923994436667
8,3,Treatment-parent,"X2, X3",2,1,test,0.41990364741458774,-0.06311935344891455,0.2621497117268282,0.8902066643288687
8,3,Treatment-parent,"X2, X3",2,2,test,0.4435694304755684,-0.0013334827078153092,0.28418078615059483,0.9196059894262572
8,3,Treatment-parent,"X2, X3",2,3,test,0.39409501728185775,-0.04685063978352408,0.23945244205523997,0.9435695237300159
8,3,Treatment-parent,"X2, X3",2,4,test,0.4741060501603757,-0.06992737828876493,0.30343426842029575,0.9274085507967555
8,3,Treatment-parent,"X2, X3",2,5,test,0.39921827997377907,-0.08050424299893769,0.2411481959362598,0.8994450997986891
8,3,Treatment-parent,"X2, X3",2,6,test,0.36191018666534325,-0.020560365072401374,0.22619387895971893,0.9000915470563107
8,3,Treatment-parent,"X2, X3",2,7,test,0.4400951738369771,0.013368550183894913,0.2914610818362749,0.9150208443713235
8,3,Treatment-parent,"X2, X3",2,8,test,0.3086443058592144,-0.03427797421876222,0.181868195082627,1.0118968720140153
8,3,Treatment-parent,"X2, X3",2,9,test,0.2820332142600203,-0.021764396578105187,0.18095171994725154,0.831185253580268
8,3,Outcome-parent,"X4, X5",2,0,test,0.09091324305092323,0.027684743222332647,0.07523767586799288,0.5197031429036028
8,3,Outcome-parent,"X4, X5",2,1,test,0.09169306559508172,0.03564684613649921,0.07125241896330844,0.5238189318142032
8,3,Outcome-parent,"X4, X5",2,2,test,0.12878905487711453,0.04959033789020778,0.10082219587651581,0.5150820740375677
8,3,Outcome-parent,"X4, X5",2,3,test,0.12936408541532987,0.045665030843338957,0.0993245316854752,0.5024407893076915
8,3,Outcome-parent,"X4, X5",2,4,test,0.11182962790593409,0.04737285830287876,0.0917774629963081,0.5365188078756318
8,3,Outcome-parent,"X4, X5",2,5,test,0.12527076603390927,0.03890538440106825,0.1005439618731372,0.5103416398782781
8,3,Outcome-parent,"X4, X5",2,6,test,0.11438295339119701,0.03170820406831665,0.08506037005353988,0.5138170020730732
8,3,Outcome-parent,"X4, X5",2,7,test,0.1268720558745459,0.04997696117828822,0.09881601794013406,0.5271134177119322
8,3,Outcome-parent,"X4, X5",2,8,test,0.10478528814259583,0.03944262283534419,0.08631271257521805,0.5256575733884845
8,3,Outcome-parent,"X4, X5",2,9,test,0.10042745810017327,0.032191444188490265,0.07622099498629178,0.5222941323486745
8,3,GCI-guided valid,X5,1,0,test,0.17466756142933687,0.06559863380753685,0.12935551516871893,0.735319850194561
8,3,GCI-guided valid,X5,1,1,test,0.14425087200633563,0.05648436090339644,0.10847341881838157,0.7389260458710343
8,3,GCI-guided valid,X5,1,2,test,0.18511987017054024,0.0847953277462694,0.13718078904451464,0.739456726274804
8,3,GCI-guided valid,X5,1,3,test,0.19496240066674214,0.08201070105742277,0.14513817680173063,0.7452186038550986
8,3,GCI-guided valid,X5,1,4,test,0.16426778266912223,0.0781030894575428,0.13377363654355004,0.7950381918204485
8,3,GCI-guided valid,X5,1,5,test,0.15633141828455346,0.05935773164335792,0.1227087325853465,0.7426455312567206
8,3,GCI-guided valid,X5,1,6,test,0.15182798049290794,0.06557878864882342,0.1196195020008756,0.7770176059263876
8,3,GCI-guided valid,X5,1,7,test,0.20428465826657755,0.08464241532429106,0.1560099408011922,0.7621329429122422
8,3,GCI-guided valid,X5,1,8,test,0.18892326870178827,0.07998894327550453,0.14331074034949987,0.7530649030416008
8,3,GCI-guided valid,X5,1,9,test,0.12821470594881687,0.046339496720956934,0.09905520764852115,0.7025824898066642
8,4,No adjustment,--,0,0,test,0.4845270721355024,0.4783939746974543,0.4783939746974543,0.9259289101089667
8,4,No adjustment,--,0,1,test,0.520904188945727,0.5035378340398459,0.5149193555082631,0.8694289460694944
8,4,No adjustment,--,0,2,test,0.501611940506923,0.48089605598031615,0.4962892474141318,0.9516593398723524
8,4,No adjustment,--,0,3,test,0.5015890449526539,0.4632377921543274,0.491101188484025,0.9306995046956191
8,4,No adjustment,--,0,4,test,0.5050976540699765,0.49462202035228053,0.49985867672522927,0.9054217050235228
8,4,No adjustment,--,0,5,test,0.5075770434919974,0.5016233427432821,0.5035330699468739,0.8839617138338296
8,4,No adjustment,--,0,6,test,0.5098380712506826,0.49790861603481157,0.5041596850196605,0.8816306228355801
8,4,No adjustment,--,0,7,test,0.5093968758144098,0.5057513353058041,0.5058813219409711,0.8730819860902805
8,4,No adjustment,--,0,8,test,0.4915860313622803,0.47302243385031556,0.48397907671869583,0.8725148031544872
8,4,No adjustment,--,0,9,test,0.4985433289254926,0.4924538706541903,0.49459097419062326,0.9250750353919286
8,4,All covariates,"X1, X2, X3, X4, X5, X6, X7",7,0,test,0.2698116830823335,-0.07559845544169894,0.20011977421099408,0.5491653872025932
8,4,All covariates,"X1, X2, X3, X4, X5, X6, X7",7,1,test,0.2311863685970734,-0.09067299525686014,0.1801805176423446,0.48425293018154725
8,4,All covariates,"X1, X2, X3, X4, X5, X6, X7",7,2,test,0.23649362085619813,-0.08335665555264163,0.1785793669287121,0.5139935994608648
8,4,All covariates,"X1, X2, X3, X4, X5, X6, X7",7,3,test,0.2649336142940138,-0.06819516231744573,0.18527875380879466,0.5475003677932523
8,4,All covariates,"X1, X2, X3, X4, X5, X6, X7",7,4,test,0.25470788718652587,-0.046170369476567184,0.18897601455969293,0.5288714364286649
8,4,All covariates,"X1, X2, X3, X4, X5, X6, X7",7,5,test,0.26532221539024264,-0.1315335728242946,0.204066335336906,0.5117056833604716
8,4,All covariates,"X1, X2, X3, X4, X5, X6, X7",7,6,test,0.24385214730237462,-0.13958980424414744,0.18984144737196024,0.5286543641008161
8,4,All covariates,"X1, X2, X3, X4, X5, X6, X7",7,7,test,0.23303875243847702,-0.08706189831041922,0.17882822256874165,0.5067000875603557
8,4,All covariates,"X1, X2, X3, X4, X5, X6, X7",7,8,test,0.24239404884760662,-0.09108522730703159,0.17382035600431295,0.5099366294230774
8,4,All covariates,"X1, X2, X3, X4, X5, X6, X7",7,9,test,0.2529517511358465,-0.10697942543503217,0.1855407870625452,0.5036168841275606
8,4,Root-only,"X2, X3, X4",3,0,test,0.15554655865769976,-0.0025552851267060294,0.09952091394253883,0.6121110350081951
8,4,Root-only,"X2, X3, X4",3,1,test,0.16286496657500024,0.029314833530622076,0.12077384395025884,0.6078724890440144
8,4,Root-only,"X2, X3, X4",3,2,test,0.17110596045206272,0.017241049745647247,0.11631610693045166,0.6508087524110266
8,4,Root-only,"X2, X3, X4",3,3,test,0.14785022109479745,0.019399937206083108,0.11106107266810836,0.6093371729082318
8,4,Root-only,"X2, X3, X4",3,4,test,0.20615896003649853,-0.020109467316412766,0.12717323661981636,0.6227326588209378
8,4,Root-only,"X2, X3, X4",3,5,test,0.21188443950581912,-0.026204464960828757,0.1336460798548075,0.6679241297507411
8,4,Root-only,"X2, X3, X4",3,6,test,0.1603472646497192,-0.019421488226299594,0.10679017640363227,0.6636163739742645
8,4,Root-only,"X2, X3, X4",3,7,test,0.26814509237407236,-0.02884198537380911,0.16516834315027806,0.6918200815281501
8,4,Root-only,"X2, X3, X4",3,8,test,0.191991030430639,0.007256874823852261,0.11203273508936885,0.6663436820704844
8,4,Root-only,"X2, X3, X4",3,9,test,0.16326205747675718,0.02481719831681615,0.11277086870031738,0.6357783626600491
8,4,Treatment-parent,"X1, X2, X3, X4",4,0,test,0.29007179833352315,-0.03658272968947098,0.1763276695426408,0.6904284997204106
8,4,Treatment-parent,"X1, X2, X3, X4",4,1,test,0.22740599393450117,0.03701080573931007,0.17289190223118608,0.6055022140480822
8,4,Treatment-parent,"X1, X2, X3, X4",4,2,test,0.22711423348420767,0.041035865223873716,0.1714552899982073,0.6553220732454789
8,4,Treatment-parent,"X1, X2, X3, X4",4,3,test,0.2151270346158368,0.03405349529060979,0.16139924347358436,0.6130128767620436
8,4,Treatment-parent,"X1, X2, X3, X4",4,4,test,0.2831989737203275,0.010504007717357886,0.18943823883429814,0.6343778945582041
8,4,Treatment-parent,"X1, X2, X3, X4",4,5,test,0.33420538533067173,-0.06080824485098982,0.2027732052521913,0.6771328050987143
8,4,Treatment-parent,"X1, X2, X3, X4",4,6,test,0.23767339203523893,-0.018182388030076286,0.1672141269261616,0.6701202681804171
8,4,Treatment-parent,"X1, X2, X3, X4",4,7,test,0.40097377301414255,-0.07196637854607933,0.24124226906081456,0.7063251204359527
8,4,Treatment-parent,"X1, X2, X3, X4",4,8,test,0.2569662218605826,0.043722707920116,0.17250938132430094,0.6684963145441838
8,4,Treatment-parent,"X1, X2, X3, X4",4,9,test,0.22657258025420798,0.008665811448290959,0.1533837595451504,0.6340896212330835
8,4,Outcome-parent,"X3, X4, X5",3,0,test,0.07916025825246349,-0.013882385643512704,0.06353573548904327,0.510401740910411
8,4,Outcome-parent,"X3, X4, X5",3,1,test,0.1030106217181909,0.013425961990692556,0.07551588351536499,0.49563030091386123
8,4,Outcome-parent,"X3, X4, X5",3,2,test,0.10069615889366929,-0.0069248390028145,0.06451975685367503,0.49909298328142776
8,4,Outcome-parent,"X3, X4, X5",3,3,test,0.09703205896987642,-0.0014510293523393887,0.0677097048129215,0.5213936173497006
8,4,Outcome-parent,"X3, X4, X5",3,4,test,0.08541091932781,0.01003302479501377,0.06660025535540867,0.5048356506565136
8,4,Outcome-parent,"X3, X4, X5",3,5,test,0.0829352374472717,-0.0038413272060417248,0.06197765646039048,0.5166728821772442
8,4,Outcome-parent,"X3, X4, X5",3,6,test,0.08708599089375332,0.0016500793262779825,0.06657810125644818,0.5231747399504806
8,4,Outcome-parent,"X3, X4, X5",3,7,test,0.08863614425259558,0.007226213168586173,0.06814996602591927,0.5442992134954325
8,4,Outcome-parent,"X3, X4, X5",3,8,test,0.08517043711698997,-0.001527543690410791,0.05682247162070785,0.5252107011437567
8,4,Outcome-parent,"X3, X4, X5",3,9,test,0.07892089151707062,-0.0034878266432364115,0.058350298338786646,0.5001755794201935
8,4,GCI-guided valid,"X3, X4, X5",3,0,test,0.07916025825246349,-0.013882385643512704,0.06353573548904327,0.510401740910411
8,4,GCI-guided valid,"X3, X4, X5",3,1,test,0.1030106217181909,0.013425961990692556,0.07551588351536499,0.49563030091386123
8,4,GCI-guided valid,"X3, X4, X5",3,2,test,0.10069615889366929,-0.0069248390028145,0.06451975685367503,0.49909298328142776
8,4,GCI-guided valid,"X3, X4, X5",3,3,test,0.09703205896987642,-0.0014510293523393887,0.0677097048129215,0.5213936173497006
8,4,GCI-guided valid,"X3, X4, X5",3,4,test,0.08541091932781,0.01003302479501377,0.06660025535540867,0.5048356506565136
8,4,GCI-guided valid,"X3, X4, X5",3,5,test,0.0829352374472717,-0.0038413272060417248,0.06197765646039048,0.5166728821772442
8,4,GCI-guided valid,"X3, X4, X5",3,6,test,0.08708599089375332,0.0016500793262779825,0.06657810125644818,0.5231747399504806
8,4,GCI-guided valid,"X3, X4, X5",3,7,test,0.08863614425259558,0.007226213168586173,0.06814996602591927,0.5442992134954325
8,4,GCI-guided valid,"X3, X4, X5",3,8,test,0.08517043711698997,-0.001527543690410791,0.05682247162070785,0.5252107011437567
8,4,GCI-guided valid,"X3, X4, X5",3,9,test,0.07892089151707062,-0.0034878266432364115,0.058350298338786646,0.5001755794201935
9,1,No adjustment,--,0,0,test,0.37404720166693883,0.11741793443074112,0.26690845704772975,0.8846710060141252
9,1,No adjustment,--,0,1,test,0.41655303835817103,0.0945990258941112,0.29273769818185724,0.9403059135142426
9,1,No adjustment,--,0,2,test,0.4005056868991688,0.13181530109689674,0.27300004453495375,0.9226794439296165
9,1,No adjustment,--,0,3,test,0.35123889642657363,0.13584714695974778,0.28322589896341893,0.9883696105908896
9,1,No adjustment,--,0,4,test,0.3637360269499388,0.1290974230445303,0.27931149654781334,0.9246848755779482
9,1,No adjustment,--,0,5,test,0.2429695200937435,0.16452286603757177,0.22246182323409144,0.8876345576799546
9,1,No adjustment,--,0,6,test,0.4036613003952621,0.13306199555319354,0.2927210117224045,0.9608642004765523
9,1,No adjustment,--,0,7,test,0.33662999160651313,0.17021334251868572,0.2584878292660909,0.9221622539025366
9,1,No adjustment,--,0,8,test,0.3036377959067269,0.17175467019756582,0.2591771503277109,0.9358511936408014
9,1,No adjustment,--,0,9,test,0.33600728154010784,0.14322254489496292,0.25996550069938656,0.9544899953996407
9,1,All covariates,"X1, X2, X3, X4, X5, X6, X7, X8",8,0,test,0.43488834297829104,-0.28447413442003827,0.33122234428050984,0.5076025340083405
9,1,All covariates,"X1, X2, X3, X4, X5, X6, X7, X8",8,1,test,0.4459327059000216,-0.2336395237399584,0.34134081287402135,0.5487537516550225
9,1,All covariates,"X1, X2, X3, X4, X5, X6, X7, X8",8,2,test,0.36605377794683414,-0.14801158721076965,0.2587924817044707,0.5155095049096007
9,1,All covariates,"X1, X2, X3, X4, X5, X6, X7, X8",8,3,test,0.36327704928386206,-0.208303747560553,0.29072199168215357,0.5123045690076827
9,1,All covariates,"X1, X2, X3, X4, X5, X6, X7, X8",8,4,test,0.34295017801227773,-0.20121970346052023,0.27735058290068576,0.4958196036083313
9,1,All covariates,"X1, X2, X3, X4, X5, X6, X7, X8",8,5,test,0.3439609175067488,-0.1801407292751857,0.2680047103873877,0.49032841405323
9,1,All covariates,"X1, X2, X3, X4, X5, X6, X7, X8",8,6,test,0.34640884683171574,-0.21734954522473354,0.2864793681785056,0.4934395557471399
9,1,All covariates,"X1, X2, X3, X4, X5, X6, X7, X8",8,7,test,0.38482488364958706,-0.21505098306343626,0.30128839570453825,0.5062577235727985
9,1,All covariates,"X1, X2, X3, X4, X5, X6, X7, X8",8,8,test,0.3413294264013053,-0.188787404224643,0.2838441627788602,0.49897752607664847
9,1,All covariates,"X1, X2, X3, X4, X5, X6, X7, X8",8,9,test,0.3706239354984329,-0.16832449541853609,0.29002167158512604,0.48332401261455077
9,1,Root-only,X3,1,0,test,0.30772969902045855,-0.10837267317238618,0.1444764039230338,0.8649185330245861
9,1,Root-only,X3,1,1,test,0.35883359624129235,-0.10777039877535159,0.1866677290469607,0.8373561695786913
9,1,Root-only,X3,1,2,test,0.2835095156355794,-0.08864083172272239,0.13892366161028283,0.8420712756123634
9,1,Root-only,X3,1,3,test,0.3216882406510707,-0.13144521874540896,0.17516696824992323,0.9247786833260583
9,1,Root-only,X3,1,4,test,0.32705230892168663,-0.10866073316292692,0.19239590288961128,0.8263877154481186
9,1,Root-only,X3,1,5,test,0.18878789308849545,-0.06218027375676563,0.11692317929187897,0.8142973705413917
9,1,Root-only,X3,1,6,test,0.3577644266068443,-0.10788289257253386,0.19701617627991536,0.8516731461797039
9,1,Root-only,X3,1,7,test,0.23801893044796893,-0.03799870881553178,0.13094283921983846,0.8274230920342247
9,1,Root-only,X3,1,8,test,0.2599261393906409,-0.10354147182495156,0.1492315341141546,0.8669488535108993
9,1,Root-only,X3,1,9,test,0.26306747475029285,-0.08078345066377655,0.13598418229392972,0.8462895696736334
9,1,Treatment-parent,"X2, X3",2,0,test,0.43791276676173946,-0.07773888719498714,0.2236867213213204,0.8467816584270877
9,1,Treatment-parent,"X2, X3",2,1,test,0.5455163374912062,-0.19201090690555667,0.26437278011892734,0.8463541472135017
9,1,Treatment-parent,"X2, X3",2,2,test,0.3779656603158883,-0.10176010119974781,0.22455807196052774,0.8477294024606036
9,1,Treatment-parent,"X2, X3",2,3,test,0.4250669753593469,-0.09382105569694889,0.2434165056076002,0.9267714261044778
9,1,Treatment-parent,"X2, X3",2,4,test,0.49846439619017724,-0.1874406796268976,0.28876336893986393,0.8241290433810418
9,1,Treatment-parent,"X2, X3",2,5,test,0.37591637472864026,-0.08336537815963332,0.22294875136420284,0.8148846065955802
9,1,Treatment-parent,"X2, X3",2,6,test,0.4890074633167976,-0.16613321948415646,0.27050702462114706,0.844265698560124
9,1,Treatment-parent,"X2, X3",2,7,test,0.36379347561476,-0.02828728979211048,0.22869368354866307,0.8303759682834038
9,1,Treatment-parent,"X2, X3",2,8,test,0.39388023351111334,-0.15326022552218976,0.2262385024644486,0.8648464039881989
9,1,Treatment-parent,"X2, X3",2,9,test,0.36728817097041677,-0.01302236016877375,0.22955752430233717,0.8427773969379024
9,1,Outcome-parent,"X4, X5",2,0,test,0.14207748193999434,-0.008181141562644191,0.06128058296662424,0.5292654951960403
9,1,Outcome-parent,"X4, X5",2,1,test,0.17404503023743392,-0.014949847764261026,0.0888555673620733,0.5519067394637196
9,1,Outcome-parent,"X4, X5",2,2,test,0.18988185432776414,-0.02153563785826219,0.07672613890658467,0.5172156155015628
9,1,Outcome-parent,"X4, X5",2,3,test,0.11578267249320819,0.003006133153796614,0.07237328014920602,0.5569308292341179
9,1,Outcome-parent,"X4, X5",2,4,test,0.10351987417223474,-0.0015788159429558453,0.058551272819050516,0.5113549104860193
9,1,Outcome-parent,"X4, X5",2,5,test,0.08776016148587028,0.0029738288890529623,0.0650932298884699,0.49617946609791075
9,1,Outcome-parent,"X4, X5",2,6,test,0.17182980715729299,-0.009281272685600932,0.06774402723807549,0.5267051833706861
9,1,Outcome-parent,"X4, X5",2,7,test,0.1646516657084,-0.021651230803894184,0.07860493834461231,0.49915622604607773
9,1,Outcome-parent,"X4, X5",2,8,test,0.11176406822757334,-0.007508624440607452,0.07264410909982566,0.5007443480309299
9,1,Outcome-parent,"X4, X5",2,9,test,0.11400640672200714,-0.023811854115885874,0.06071707836364033,0.49109766094200896
9,1,GCI-guided valid,X5,1,0,test,0.17277778027468527,-0.05191475783623199,0.07290485647974662,0.7707327597523348
9,1,GCI-guided valid,X5,1,1,test,0.21128533332306676,-0.04785452004488982,0.096384097827219,0.7565478543117891
9,1,GCI-guided valid,X5,1,2,test,0.18454396092905717,-0.03275666510764177,0.06860834089820983,0.7731802245221567
9,1,GCI-guided valid,X5,1,3,test,0.13566952933464482,-0.01326526745578605,0.07643391450679571,0.7816381912809901
9,1,GCI-guided valid,X5,1,4,test,0.17000807368181967,-0.028972808922557908,0.0729282403780676,0.7443827116905889
9,1,GCI-guided valid,X5,1,5,test,0.07899320083424306,-0.015877816917211986,0.06151258687152376,0.7302535018381321
9,1,GCI-guided valid,X5,1,6,test,0.19806560450736116,-0.009374149814549572,0.08066961197553121,0.7514943240385651
9,1,GCI-guided valid,X5,1,7,test,0.1412480674721362,-0.016010330847954276,0.06827873805129063,0.7338551865971786
9,1,GCI-guided valid,X5,1,8,test,0.110834721018735,-0.016379746074471235,0.06896966253005703,0.7784965913625922
9,1,GCI-guided valid,X5,1,9,test,0.1485199806318093,-0.036182875431968985,0.07622882610875883,0.7679232007391937
9,2,No adjustment,--,0,0,test,0.448951176651336,0.16730045708752203,0.29969064984219007,1.1051171779439835
9,2,No adjustment,--,0,1,test,0.44379565394313847,0.1583909013436636,0.2843730943161154,1.0693317429687001
9,2,No adjustment,--,0,2,test,0.42728153095735133,0.16063390706478267,0.2814133404508559,1.0882263683357463
9,2,No adjustment,--,0,3,test,0.45198828747148373,0.17890999292360807,0.29943876189180846,1.1297826963880955
9,2,No adjustment,--,0,4,test,0.5278502507083501,0.11570797820094844,0.3271719186652164,1.077555011465628
9,2,No adjustment,--,0,5,test,0.4297091192180838,0.17581790973557715,0.30079922454253916,1.1011258480352022
9,2,No adjustment,--,0,6,test,0.40714057820652816,0.18171530143536305,0.2842109361446532,1.085154596150384
9,2,No adjustment,--,0,7,test,0.43444980047103876,0.17049579280597713,0.31226153245725174,1.0704200156528776
9,2,No adjustment,--,0,8,test,0.3799034751771346,0.2072114075285108,0.28523257080636283,1.084777817962905
9,2,No adjustment,--,0,9,test,0.42539948698393126,0.14697287695350666,0.26711492764730604,1.0262775852293355
9,2,All covariates,"X1, X2, X3, X4, X5, X6, X7, X8, X9",9,0,test,0.6052971663467235,-0.16848974808595274,0.5116742770264913,0.49214938604663655
9,2,All covariates,"X1, X2, X3, X4, X5, X6, X7, X8, X9",9,1,test,0.5698201089174368,-0.22676677110278598,0.4815791737362893,0.5215219572606958
9,2,All covariates,"X1, X2, X3, X4, X5, X6, X7, X8, X9",9,2,test,0.6271888635479366,-0.09630655284103116,0.5248372939504425,0.5407727846196299
9,2,All covariates,"X1, X2, X3, X4, X5, X6, X7, X8, X9",9,3,test,0.6085143256410102,-0.10762167814909937,0.5046511631085091,0.5354897187453712
9,2,All covariates,"X1, X2, X3, X4, X5, X6, X7, X8, X9",9,4,test,0.6989814895656488,-0.2715819693767225,0.5809137614094783,0.5840519248825076
9,2,All covariates,"X1, X2, X3, X4, X5, X6, X7, X8, X9",9,5,test,0.6099193619994476,-0.20984458762820457,0.5125839163948757,0.5039010018188772
9,2,All covariates,"X1, X2, X3, X4, X5, X6, X7, X8, X9",9,6,test,0.6398670455529868,-0.1982601331407724,0.53493288561838,0.5128726100027317
9,2,All covariates,"X1, X2, X3, X4, X5, X6, X7, X8, X9",9,7,test,0.6266012736783756,-0.16271742289869326,0.5228867908079539,0.5680476267994735
9,2,All covariates,"X1, X2, X3, X4, X5, X6, X7, X8, X9",9,8,test,0.6592515302827745,-0.20750894985229232,0.5472082096326423,0.4948542590612893
9,2,All covariates,"X1, X2, X3, X4, X5, X6, X7, X8, X9",9,9,test,0.6228279950391898,-0.23189517024907214,0.5176832121566791,0.5381532426876117
9,2,Root-only,X3,1,0,test,0.39033078231887863,-0.05313141046706721,0.23466755625059713,1.0671292401452943
9,2,Root-only,X3,1,1,test,0.3837959475563623,-0.05379523473030286,0.23000634299334674,1.012111239356928
9,2,Root-only,X3,1,2,test,0.3646185178262996,-0.05933523423902033,0.20953005720020174,1.0335454022640767
9,2,Root-only,X3,1,3,test,0.4063475066224406,0.019405622329786366,0.2747320462902401,1.0691486333483384
9,2,Root-only,X3,1,4,test,0.4758127652800477,-0.09402633610243911,0.2820403720047589,1.0610261294329635
9,2,Root-only,X3,1,5,test,0.376701430379314,-0.05447945687062751,0.2461778046295001,1.0774854047907303
9,2,Root-only,X3,1,6,test,0.355534251696982,-0.04394361450342194,0.24529874848183492,1.0803586718646232
9,2,Root-only,X3,1,7,test,0.36397804469239964,-0.03326879490421631,0.24184495475965737,1.0431709788087573
9,2,Root-only,X3,1,8,test,0.31240477484205764,-0.01728273289281733,0.22303514145200087,1.0415277861669634
9,2,Root-only,X3,1,9,test,0.3989902753267904,-0.08665313046058067,0.23500561102400874,1.0014574147254665
9,2,Treatment-parent,"X2, X3",2,0,test,0.44300993082394263,-0.11431953607704637,0.26551258316608795,1.070410753039379
9,2,Treatment-parent,"X2, X3",2,1,test,0.417908125224576,-0.046556722029751405,0.26496707254714363,1.015879645576892
9,2,Treatment-parent,"X2, X3",2,2,test,0.4085819209596559,-0.03910492802526999,0.23456762438865192,1.0440299829659347
9,2,Treatment-parent,"X2, X3",2,3,test,0.44009546096052266,0.00589367021960583,0.31700504789973577,1.0739094136601905
9,2,Treatment-parent,"X2, X3",2,4,test,0.5242329118175223,-0.09501183168510018,0.33852162443596917,1.0673445563993795
9,2,Treatment-parent,"X2, X3",2,5,test,0.3832309800112772,-0.0454738606015739,0.2734598686712637,1.07561458398912
9,2,Treatment-parent,"X2, X3",2,6,test,0.4245801784152573,-0.047971231593793025,0.30099673061382837,1.0840033612782993
9,2,Treatment-parent,"X2, X3",2,7,test,0.4290019816555673,-0.053359005163029744,0.2657503160661819,1.0442506112090617
9,2,Treatment-parent,"X2, X3",2,8,test,0.34260761386721084,-0.016367033582187527,0.257529097025828,1.043325228560741
9,2,Treatment-parent,"X2, X3",2,9,test,0.4161793840669569,-0.055514687184856866,0.25452500563328595,1.0036597191496401
9,2,Outcome-parent,"X6, X7, X8",3,0,test,0.5798410308885504,-0.21212033959220453,0.504592723943051,0.5046206671204512
9,2,Outcome-parent,"X6, X7, X8",3,1,test,0.6026240038196413,-0.2754503298427633,0.5232303064448225,0.49056639790680895
9,2,Outcome-parent,"X6, X7, X8",3,2,test,0.6303616882888513,-0.26232914957924,0.5499917375200548,0.4952153379864827
9,2,Outcome-parent,"X6, X7, X8",3,3,test,0.6282991686312842,-0.2592084836544059,0.5480321819909915,0.536076067959498
9,2,Outcome-parent,"X6, X7, X8",3,4,test,0.6014205750285927,-0.24459838267496026,0.5221493670042883,0.5378548170063645
9,2,Outcome-parent,"X6, X7, X8",3,5,test,0.5809897970542105,-0.23208104850743239,0.5010974285393611,0.4758255927758972
9,2,Outcome-parent,"X6, X7, X8",3,6,test,0.6082248800159616,-0.2796740408158075,0.5326575477960394,0.4964247347616787
9,2,Outcome-parent,"X6, X7, X8",3,7,test,0.589941445949758,-0.2878236454399209,0.5122682657836344,0.5296159059368553
9,2,Outcome-parent,"X6, X7, X8",3,8,test,0.6342500047933031,-0.19686788433098437,0.548680104818059,0.4852484501401374
9,2,Outcome-parent,"X6, X7, X8",3,9,test,0.6403180506930373,-0.26051301045760994,0.560246763027976,0.5083139420870226
9,2,GCI-guided valid,X7,1,0,test,0.4122831616981269,-0.08852176526325273,0.2330135477631338,0.9819465618916532
9,2,GCI-guided valid,X7,1,1,test,0.41550871803242295,-0.107549962796213,0.2342226939862277,0.9504953012868937
9,2,GCI-guided valid,X7,1,2,test,0.3944804052884236,-0.09461604934938135,0.21670878011103734,0.933369867017732
9,2,GCI-guided valid,X7,1,3,test,0.4162855181470195,-0.08589012250393667,0.24079360930222668,0.9766024941302092
9,2,GCI-guided valid,X7,1,4,test,0.5318566755981741,-0.14186335431760624,0.28854519707371795,0.9457284458093903
9,2,GCI-guided valid,X7,1,5,test,0.4184963193101108,-0.10862471596090158,0.23734583019724842,0.9737695098098481
9,2,GCI-guided valid,X7,1,6,test,0.38924405529594125,-0.10828423780334825,0.2366920021973659,0.9624150312864745
9,2,GCI-guided valid,X7,1,7,test,0.39810102776298706,-0.1062145494855395,0.22740045078838567,0.9860121762074474
9,2,GCI-guided valid,X7,1,8,test,0.3109238198610692,-0.05829379691807112,0.2108287932199126,0.9207249335127554
9,2,GCI-guided valid,X7,1,9,test,0.4149785195886249,-0.11792394118299726,0.2371154546517559,0.9073638971007368
9,3,No adjustment,--,0,0,test,0.2479349413691479,0.20060740974697747,0.235376083164789,1.004709864367731
9,3,No adjustment,--,0,1,test,0.24456230237092202,0.18349447768425828,0.22865700558122862,1.0362308615422695
9,3,No adjustment,--,0,2,test,0.24169750546066338,0.15013427198247087,0.20805034451865811,1.0341847274356768
9,3,No adjustment,--,0,3,test,0.23994291311326774,0.1689164465454305,0.21731495813597282,0.9665041941481369
9,3,No adjustment,--,0,4,test,0.2656357506297951,0.1673151762212237,0.23319486384690113,1.0276718390503827
9,3,No adjustment,--,0,5,test,0.2633980760233001,0.2189755697832344,0.24792795604972137,1.0139863960293798
9,3,No adjustment,--,0,6,test,0.23025279215717107,0.18919912126175872,0.2193560145449824,1.012189347325251
9,3,No adjustment,--,0,7,test,0.26910933137230375,0.19528277159617172,0.24489246380937274,1.0240225841514936
9,3,No adjustment,--,0,8,test,0.24090787105528302,0.19338921946568613,0.22371418409937613,1.0759269307921207
9,3,No adjustment,--,0,9,test,0.2657420042692887,0.17888501401653428,0.2338414612830114,1.009971781290484
9,3,All covariates,"X1, X2, X3, X4, X5, X6, X7",7,0,test,0.49284150846112496,-0.3623824326556929,0.41280284890162233,0.4424782361196088
9,3,All covariates,"X1, X2, X3, X4, X5, X6, X7",7,1,test,0.5212421155132194,-0.41270176791461455,0.43927692115419265,0.47645559359996814
9,3,All covariates,"X1, X2, X3, X4, X5, X6, X7",7,2,test,0.552652674268575,-0.3879569525817593,0.444627550423169,0.48203134248299784
9,3,All covariates,"X1, X2, X3, X4, X5, X6, X7",7,3,test,0.4393496846416261,-0.29680202445354364,0.3615715168482747,0.4605002897801992
9,3,All covariates,"X1, X2, X3, X4, X5, X6, X7",7,4,test,0.5136792391757979,-0.3761988357700647,0.4312530633354271,0.473166240079371
9,3,All covariates,"X1, X2, X3, X4, X5, X6, X7",7,5,test,0.5730415700516319,-0.38377377007484115,0.45099245565037166,0.49341281594632735
9,3,All covariates,"X1, X2, X3, X4, X5, X6, X7",7,6,test,0.529629064152571,-0.4161401931134342,0.4551075544648379,0.5052340878485613
9,3,All covariates,"X1, X2, X3, X4, X5, X6, X7",7,7,test,0.4474349590866867,-0.3308942948027638,0.3815572226326043,0.4794415443747562
9,3,All covariates,"X1, X2, X3, X4, X5, X6, X7",7,8,test,0.5998492345287705,-0.4498320090242385,0.49496685574739907,0.5190040573159677
9,3,All covariates,"X1, X2, X3, X4, X5, X6, X7",7,9,test,0.5499268693117064,-0.41892497663191414,0.46992399647903843,0.4758789149987337
9,3,Root-only,X3,1,0,test,0.25244692958257503,-0.053042202831039734,0.1702674459757497,0.9420906084315397
9,3,Root-only,X3,1,1,test,0.2218983347895806,-0.05231447284917079,0.1551345869302524,0.9425552934069317
9,3,Root-only,X3,1,2,test,0.30382121024253067,-0.09182441538810668,0.17801703387134385,0.9167381186452831
9,3,Root-only,X3,1,3,test,0.2510861845611756,-0.05845421597296512,0.15581977601807515,0.8758168758118001
9,3,Root-only,X3,1,4,test,0.2529551390227383,-0.047034300234636665,0.15346333830777092,0.9082891696613105
9,3,Root-only,X3,1,5,test,0.21973619160193428,-0.01464180887344043,0.1498913813170945,0.8938010006211645
9,3,Root-only,X3,1,6,test,0.2632051365276872,-0.0583354671767525,0.1680534596164468,0.8939544591675763
9,3,Root-only,X3,1,7,test,0.27816203236617343,-0.05338329578624336,0.18470369136573353,0.9308503933038996
9,3,Root-only,X3,1,8,test,0.22332285449595676,-0.07245245976884682,0.1459529084076142,1.0145014690988599
9,3,Root-only,X3,1,9,test,0.23011482813085102,-0.02969477459847663,0.1445251365255445,0.9116501547630114
9,3,Treatment-parent,"X2, X3",2,0,test,0.42508368037039657,-0.10206341449485071,0.30042178990551194,0.9459001046471882
9,3,Treatment-parent,"X2, X3",2,1,test,0.4033228935903565,-0.14564046482514115,0.2881797855403329,0.9410637119773851
9,3,Treatment-parent,"X2, X3",2,2,test,0.5710395384333269,-0.24579098923255743,0.366897147868369,0.9336349556911111
9,3,Treatment-parent,"X2, X3",2,3,test,0.40263526236523944,-0.06012076852492765,0.27054350661844323,0.8922560498093414
9,3,Treatment-parent,"X2, X3",2,4,test,0.4337062524303402,-0.09774193466910686,0.2699529715672617,0.9135988257101431
9,3,Treatment-parent,"X2, X3",2,5,test,0.3293566752489179,-0.004167105018072892,0.23468562281606087,0.8856753613026779
9,3,Treatment-parent,"X2, X3",2,6,test,0.4310235622727667,-0.1275074806441525,0.28159965728990405,0.8936804847104381
9,3,Treatment-parent,"X2, X3",2,7,test,0.38138670299452493,-0.08115225213327115,0.24998444186484325,0.9188728411040323
9,3,Treatment-parent,"X2, X3",2,8,test,0.3881671070795425,-0.13328094083758324,0.2591650098959589,1.0027118677063718
9,3,Treatment-parent,"X2, X3",2,9,test,0.3876879003068647,-0.10658662766601883,0.2493597191464559,0.8991641591528099
9,3,Outcome-parent,"X4, X5",2,0,test,0.09655753600979265,0.01028071251727999,0.05409624178627586,0.4589669780770162
9,3,Outcome-parent,"X4, X5",2,1,test,0.12940272321198173,0.004077804188388059,0.07398680964605844,0.5408549336550313
9,3,Outcome-parent,"X4, X5",2,2,test,0.16334785616204658,-0.016804001333707876,0.07501160408450351,0.524260118622565
9,3,Outcome-parent,"X4, X5",2,3,test,0.12000177267899306,0.005106445255956057,0.06588931764369318,0.5284118570761233
9,3,Outcome-parent,"X4, X5",2,4,test,0.14538251310749875,-0.009246361560935999,0.06974534567012382,0.519561829971435
9,3,Outcome-parent,"X4, X5",2,5,test,0.11684262717334308,0.03461198882467627,0.0744139496232704,0.5229054764803988
9,3,Outcome-parent,"X4, X5",2,6,test,0.09526197589221412,-0.0011818924762558255,0.058898515274227715,0.548228551706329
9,3,Outcome-parent,"X4, X5",2,7,test,0.15857198195677455,-0.014065138008697659,0.0701434383082061,0.5408195476047897
9,3,Outcome-parent,"X4, X5",2,8,test,0.13281857784022755,-0.002982313741406659,0.06622255413461649,0.5117809188377892
9,3,Outcome-parent,"X4, X5",2,9,test,0.13167096327322075,0.013910990561936853,0.0678372930055002,0.5284039172543313
9,3,GCI-guided valid,X5,1,0,test,0.09460974177910234,0.014090878968615902,0.056085828514840896,0.7338567537191479
9,3,GCI-guided valid,X5,1,1,test,0.1203282279624949,-0.008984345493237995,0.06544550568015965,0.7678265654941552
9,3,GCI-guided valid,X5,1,2,test,0.16275705599926849,-0.03630503342147545,0.063468536812005,0.7882560554960275
9,3,GCI-guided valid,X5,1,3,test,0.12804086641510082,-0.020221765529524323,0.06250755990838956,0.7318574338325655
9,3,GCI-guided valid,X5,1,4,test,0.1815110275038736,-0.02765457964353424,0.09228290007503791,0.7312610749691607
9,3,GCI-guided valid,X5,1,5,test,0.1334869180201111,0.02775203217602823,0.08761822707031271,0.7358188102447805
9,3,GCI-guided valid,X5,1,6,test,0.11891060201105143,-0.02319181543409317,0.06835137798843766,0.7994077873976507
9,3,GCI-guided valid,X5,1,7,test,0.1672295017095832,-0.02399457806512153,0.0727163677663388,0.7357422062343317
9,3,GCI-guided valid,X5,1,8,test,0.13204549883432196,-0.01133680860074064,0.06129106126179817,0.8111935933224264
9,3,GCI-guided valid,X5,1,9,test,0.1293716176158063,0.00234591358741378,0.0565814082380189,0.7661931465913889
9,4,No adjustment,--,0,0,test,0.5391648099130824,0.5270245895020294,0.5335191130407353,0.9204169641596314
9,4,No adjustment,--,0,1,test,0.5386620713797947,0.531538848035089,0.5350790981968683,0.8996551191271998
9,4,No adjustment,--,0,2,test,0.5524444430306261,0.5475869614519513,0.547839295868487,0.8751352755913417
9,4,No adjustment,--,0,3,test,0.5594429085416819,0.5546479738064698,0.5571703632780419,0.896363210338867
9,4,No adjustment,--,0,4,test,0.5421366481556111,0.5365214946107651,0.5373650930258425,0.9069939051052543
9,4,No adjustment,--,0,5,test,0.5413000439990627,0.533300399021189,0.5348951698975775,0.8351154032627303
9,4,No adjustment,--,0,6,test,0.5440229317665373,0.5414412474036348,0.5414412474036348,0.9098049417562399
9,4,No adjustment,--,0,7,test,0.5290020474963435,0.5175525082885758,0.5234948172602686,0.9080628902235327
9,4,No adjustment,--,0,8,test,0.5501575015497622,0.5353760674832077,0.5419649406442673,0.9522463367515727
9,4,No adjustment,--,0,9,test,0.5307707906298992,0.5219755515143104,0.5274519419303885,0.8860744529113859
9,4,All covariates,"X1, X2, X3, X4, X5, X6, X7",7,0,test,0.31337696278929406,0.002764640199564874,0.2297154134313972,0.5610181727005876
9,4,All covariates,"X1, X2, X3, X4, X5, X6, X7",7,1,test,0.279469613950562,-0.027353468483357565,0.19619169699726835,0.4995634115629444
9,4,All covariates,"X1, X2, X3, X4, X5, X6, X7",7,2,test,0.26891772587420937,-0.05461020374121922,0.190124791596924,0.5014449887107123
9,4,All covariates,"X1, X2, X3, X4, X5, X6, X7",7,3,test,0.25990807871710403,0.003039375416810513,0.185732177519124,0.5014617344037133
9,4,All covariates,"X1, X2, X3, X4, X5, X6, X7",7,4,test,0.3215393470460108,-0.015012072703028909,0.22772618295528788,0.513188164808543
9,4,All covariates,"X1, X2, X3, X4, X5, X6, X7",7,5,test,0.27614501865745733,-0.06290654121590596,0.20381826798072755,0.5539388417388003
9,4,All covariates,"X1, X2, X3, X4, X5, X6, X7",7,6,test,0.277129252793159,-0.03602203112762728,0.20151049545645894,0.5269495255197654
9,4,All covariates,"X1, X2, X3, X4, X5, X6, X7",7,7,test,0.263613295189882,0.031464678859003135,0.20062742800821207,0.49788544404555984
9,4,All covariates,"X1, X2, X3, X4, X5, X6, X7",7,8,test,0.2622931128599704,0.02321655039866274,0.1818693590330608,0.46012358795948965
9,4,All covariates,"X1, X2, X3, X4, X5, X6, X7",7,9,test,0.29396965589592833,0.0186039576716675,0.20735347794784967,0.4966617041587872
9,4,Root-only,"X2, X3, X4",3,0,test,0.17079916623569094,0.015314743934437167,0.12062603695587136,0.6393487504832214
9,4,Root-only,"X2, X3, X4",3,1,test,0.14320725145215293,0.046041266357548495,0.10720404711590538,0.6151799255208076
9,4,Root-only,"X2, X3, X4",3,2,test,0.15991410379450963,0.05329074008349182,0.11618938193836328,0.6031331027848797
9,4,Root-only,"X2, X3, X4",3,3,test,0.19175051273819377,0.06882136827254823,0.13922872492870397,0.5881014854608697
9,4,Root-only,"X2, X3, X4",3,4,test,0.17083816500648555,0.05501302701277703,0.1296354774763266,0.634224822875532
9,4,Root-only,"X2, X3, X4",3,5,test,0.16875812536182444,-0.00020789356912002344,0.11392747818393743,0.631130111365966
9,4,Root-only,"X2, X3, X4",3,6,test,0.14614326926158067,0.05019595600529078,0.10813585171830864,0.6335636129718175
9,4,Root-only,"X2, X3, X4",3,7,test,0.17221203341455704,0.031677016530289766,0.12069661471381461,0.6041419872817938
9,4,Root-only,"X2, X3, X4",3,8,test,0.22715273384013743,0.06461839977526791,0.1596653320532597,0.6223557754417094
9,4,Root-only,"X2, X3, X4",3,9,test,0.19235801785817605,0.03178456448386765,0.13567851417783663,0.6715102381691881
9,4,Treatment-parent,"X1, X2, X3, X4",4,0,test,0.2462508940419831,-0.09859939787443253,0.1676621318036691,0.6395586532026418
9,4,Treatment-parent,"X1, X2, X3, X4",4,1,test,0.24984584129728019,-0.09321162741821376,0.1771772916035028,0.6400158115576505
9,4,Treatment-parent,"X1, X2, X3, X4",4,2,test,0.21130392868234593,-0.034070971442439965,0.14023812766080085,0.6085323772005437
9,4,Treatment-parent,"X1, X2, X3, X4",4,3,test,0.27923357846415076,-0.0660456949579148,0.1845784104767282,0.5933585241753513
9,4,Treatment-parent,"X1, X2, X3, X4",4,4,test,0.25196867130731654,-0.05988595003763564,0.16907499436376314,0.6472217410931715
9,4,Treatment-parent,"X1, X2, X3, X4",4,5,test,0.32668535908191654,-0.17605936378670076,0.22425075832613828,0.6542374590148538
9,4,Treatment-parent,"X1, X2, X3, X4",4,6,test,0.2838198090605019,-0.11295316604884742,0.19765067596467872,0.6752924374957673
9,4,Treatment-parent,"X1, X2, X3, X4",4,7,test,0.22268642330770833,-0.052372264045877394,0.15341245759959568,0.5985968327569584
9,4,Treatment-parent,"X1, X2, X3, X4",4,8,test,0.24141736851125262,-0.038632025428090314,0.16170058032871243,0.6105911092556395
9,4,Treatment-parent,"X1, X2, X3, X4",4,9,test,0.22893156007990662,-0.07221872286780719,0.15531094585582353,0.6661824804895512
9,4,Outcome-parent,"X3, X4, X5",3,0,test,0.14049840275284828,0.013161655333007696,0.08721912031232126,0.5211051435870625
9,4,Outcome-parent,"X3, X4, X5",3,1,test,0.10574292680766956,0.03457686151249842,0.06955982177165386,0.4924184059249459
9,4,Outcome-parent,"X3, X4, X5",3,2,test,0.09532815473550632,0.03069175069810678,0.0649105066530117,0.48122158381019176
9,4,Outcome-parent,"X3, X4, X5",3,3,test,0.12370916991248848,0.05178241414229472,0.08003357890832573,0.4974905870329515
9,4,Outcome-parent,"X3, X4, X5",3,4,test,0.09901813169374662,0.04660063807616607,0.07483721392881455,0.5066630655433878
9,4,Outcome-parent,"X3, X4, X5",3,5,test,0.10058048477338762,0.010773533196447123,0.06745494790879877,0.5184794487538449
9,4,Outcome-parent,"X3, X4, X5",3,6,test,0.08630440822737409,0.04008532568303618,0.06533747082106793,0.5116719650033733
9,4,Outcome-parent,"X3, X4, X5",3,7,test,0.11448113273516425,0.03003173910428251,0.07603028795512516,0.5126537657717167
9,4,Outcome-parent,"X3, X4, X5",3,8,test,0.11960830357082694,0.044659282225233486,0.08219346554925594,0.4688096226775422
9,4,Outcome-parent,"X3, X4, X5",3,9,test,0.11616058234980257,0.01573787551975191,0.06773561882696698,0.5198516244432622
9,4,GCI-guided valid,"X3, X4, X5",3,0,test,0.14049840275284828,0.013161655333007696,0.08721912031232126,0.5211051435870625
9,4,GCI-guided valid,"X3, X4, X5",3,1,test,0.10574292680766956,0.03457686151249842,0.06955982177165386,0.4924184059249459
9,4,GCI-guided valid,"X3, X4, X5",3,2,test,0.09532815473550632,0.03069175069810678,0.0649105066530117,0.48122158381019176
9,4,GCI-guided valid,"X3, X4, X5",3,3,test,0.12370916991248848,0.05178241414229472,0.08003357890832573,0.4974905870329515
9,4,GCI-guided valid,"X3, X4, X5",3,4,test,0.09901813169374662,0.04660063807616607,0.07483721392881455,0.5066630655433878
9,4,GCI-guided valid,"X3, X4, X5",3,5,test,0.10058048477338762,0.010773533196447123,0.06745494790879877,0.5184794487538449
9,4,GCI-guided valid,"X3, X4, X5",3,6,test,0.08630440822737409,0.04008532568303618,0.06533747082106793,0.5116719650033733
9,4,GCI-guided valid,"X3, X4, X5",3,7,test,0.11448113273516425,0.03003173910428251,0.07603028795512516,0.5126537657717167
9,4,GCI-guided valid,"X3, X4, X5",3,8,test,0.11960830357082694,0.044659282225233486,0.08219346554925594,0.4688096226775422
9,4,GCI-guided valid,"X3, X4, X5",3,9,test,0.11616058234980257,0.01573787551975191,0.06773561882696698,0.5198516244432622
