X1,X2,X3,X4,X5,X6,X7,X8,t,y,y_delta
1.9150989744113704,0.12762397331268155,1.5788964963561833,-1.0395302035051277,0.5177096154314446,0.6435488841821555,0.2777845473702123,0.8595653100065608,2.6206293311721547,0.0839376311455558,0.37191947014854915
-1.114335894283393,-0.23223996759481805,1.2583121238677117,-0.24532484146506905,0.0757852199397514,-0.04628830883073638,0.2266949537577332,1.1866049346451313,1.1234759782683736,1.0846388449990214,0.12389792461319271
-0.26894412297226966,0.7120018610508141,-0.18250201951160916,-0.6534848646798547,-0.25680853263843895,-1.5276245755712434,0.4080304514549745,-0.7853196724665485,0.8006618804352859,0.30540014382172087,-0.14131482753246616
-0.37849923644532735,-0.9985342352380039,0.9531708051389858,-0.7727732546062069,-0.16701175744681562,0.05377019838076194,-0.04670711104682907,0.6032851985187041,0.3171674794110752,0.03381751126221272,-0.5938485451948743
-0.10032026603566385,-0.5511374234146413,1.651285797322564,-0.04986301862507725,0.0566134363201935,0.42215485384134027,1.6973596728130222,0.5196523138647472,-0.21713933140227681,0.37585227831805357,0.18579583564852642
2.021561080906611,1.0248835147916566,0.24987733783732938,-0.9080452208087384,1.026923374124626,0.179805591248275,-0.9590970969509073,0.48694441634929964,-0.0008828745836271246,-0.1401615752341095,-1.2000506097416173
-0.5210751270674869,-0.11770437581840942,0.01815624165261867,-0.5553907569635633,0.37519028358709655,0.538848207567864,-1.538612372596187,0.6864371376872882,-0.01818203202189332,-0.19258234046832357,-1.0999359784067848
0.9285601724067146,0.27866060733795617,-0.6028456835424854,0.9540759585374985,-0.9849336342058095,-1.9015341220381954,0.2004143603423154,-1.6691235681906644,-0.051109376896671,-0.48743936236155744,-1.7111070078628654
1.1148893906094035,-1.0641130167498252,0.11218646107551895,1.64683468366964,0.13654317541009559,-0.04689100069265778,1.0658091678431072,-0.027812032360290617,-0.7470033717446247,0.5372966815023192,0.12622773139806512
0.7040191584678566,-0.011774657114536404,1.0698099877626204,1.9972494659749471,0.9564232916834241,2.029657820798884,0.935891793167449,0.8925668486416285,0.2921850601428766,1.594471058565222,0.7447964341923012
0.46438280674872123,-1.9624481706271832,0.9775800905409866,0.5165361750279531,1.8000141153029152,0.20200608424935929,1.4055921588263371,1.4334634355125606,-0.21533013949363672,0.9110158208179809,0.28047024307163326
-1.1383151506672016,-0.9860216231697768,0.21418913204122592,-1.1245924000907415,0.5808555748707485,-0.23096075182416853,-0.3188561842594857,-0.9940864599602572,-0.5144961710560025,-0.13538300241326695,-0.5248081115155547
-0.37296464586270844,-0.08768573230346713,-0.6221622823243573,-0.3699106500923787,-0.7811969962260906,-0.501496675594955,-0.05703116300376143,-0.3754771120951642,-0.34968362741560743,-0.5075579571097195,-1.072947378073162
0.10832899125248632,0.9388447975381532,0.10368502895728303,0.5632547096368336,0.37535429556335365,-1.036368218826036,0.8990307865682169,0.490194498329301,0.23570396182553183,1.2330565393995996,0.1454359187836613
0.6414186330965734,-1.6427695205835655,-0.44024199970763556,1.9275811108504177,-0.04417596465738427,0.16905273692123146,-0.04015038469193252,0.13947526077429984,-2.0840456291083593,-0.07405046143913224,0.48284995010579546
-1.279339183308711,-0.43015641798131193,-0.7586274535591905,-0.5765528588186728,-1.194744548622186,-1.1686833361308202,-0.33564585796903196,-1.2168568400246866,-0.5475304357563613,-2.1035354396622816,-2.6128438346679084
-0.07681710656592247,0.7282085410584394,-0.3437273708241103,0.2862014126055832,-0.7634729184059632,-0.7185234733337555,0.2339330463124945,-0.03087431303559962,0.4722094357697406,0.25400609807871355,-0.39671657430328067
-1.467304957199589,-0.8101080018182232,0.030787282916259907,0.030160339613295062,-0.5073676466971379,-1.1975767316587729,-0.03022228181810188,-0.2826480646210059,0.4291987047592303,0.21991468651935653,-0.3615398105611045
-0.11532376636048126,-0.08250660010344783,-0.6245853139636979,0.24531539844042338,-0.5466311693285,-1.2516512754446603,-0.04924126480903804,-2.034750188732789,-0.8822825272567363,-2.4906749875813254,-2.8326936365376154
0.02347666346028585,0.16032728578263122,-1.3058246737509434,0.11777130669393647,-1.146932385627531,-1.0739402267777804,-1.6477079104622778,-2.9332860729477592,-0.21786564108305784,-1.3579272439807282,-2.1487230773059154
-0.9184477583795667,-0.08620963931012711,-0.11182539591874979,-0.45281891848768163,0.25975814659255203,0.46140787697937724,-0.35867489791552326,0.15944050093626672,0.294883040137935,0.020261467696550933,-0.9982994646053631
0.11010819425930349,-2.1660442560091497,0.23250156206728587,0.12955338564747843,0.8369779562770026,0.5122295668037923,0.15682653188636114,0.9207525612755008,-0.22062497026112726,0.37551564652359437,-0.29229032506506597
0.36498961408533054,-1.619693518709813,0.10983551709653948,0.995087472456571,0.8412278879357383,0.7117326775995594,1.2899925341540603,0.8209042493689868,-0.41482922640057845,1.3185626528707313,0.56745472924771
0.32653755052418504,0.10802007846928449,-0.8020257153601399,1.6350004178892332,-0.6688977581708562,-0.8597037554250098,0.5285481277299349,-0.6353746211647524,-0.9748537365249065,-0.5921895342364447,-0.7810928650283451
-1.160822870108051,-0.31906956423969174,-1.3583849914699306,-1.854016134971045,0.034107959677919464,0.6916812001370851,0.5322479879313415,-0.034896049799777396,-0.6909655030828554,-1.4143807510184536,-1.7985587171240336
-2.0423281614295816,1.129458591608447,0.28664025686649613,0.9829205417956524,0.4960250004766705,-0.44215445404544673,-0.2375747417106157,-0.006044050007187163,1.7732538187579734,2.897880279511585,2.5554653748493217
0.22281462773374092,-1.49176339719419,1.229440718673805,-0.5159866310490984,1.962471636107161,0.5011586958127443,-0.24285092225491728,0.9892982906799264,-0.5655615515151139,0.04961590556522369,-0.4677852135707124
-0.7801992120287038,2.1395605452408106,-0.39687869431281025,-0.5573852613790071,-0.5828397756287419,0.5832297950555074,2.272663810286974,1.333970643284438,1.1690648960532668,0.5669438447221194,0.4530761395274341
-1.719279368091901,0.6215980893676724,0.6580756827412081,-0.008263284017376617,1.5617974806942674,0.7837387915020658,1.6142590059055681,0.7007859455059918,1.2779644050900079,0.8158319025551461,0.23487468402448952
-0.0396716055331441,-0.6399081662149538,-0.35326283356713495,-0.13673446431308714,-0.8578181663555855,0.8363610330784903,-1.099505946998759,-0.596409223170617,-1.401144805066506,-1.0771247330249505,-0.8792937210542052
-0.222917914186372,1.4220985664317891,-0.37014217339298977,0.05380677350894053,-0.8724441158340631,-1.3597407050425403,-1.4508008122626457,-1.3521160375863768,-0.024639253952654094,-0.5165958702490085,-1.2804983782152641
-0.4050260350262992,0.17227133892908614,-0.6011832776357151,-0.5407668646229359,-1.8697897070423348,-0.802118386665456,-0.2374400488774857,-1.330187710900037,-0.5843805817765262,-1.3800087272907435,-1.8405158767443162
0.9768920405256616,1.9382375715989792,0.09702470847878684,2.0522772812586236,-0.3302660609624821,-1.496381487670838,0.5042747964941983,0.25437454498066936,0.3463346616379237,1.437087094682418,0.326650616466304
0.7890497326664825,-0.3729899135389466,-1.5203270355386842,1.3459839260539983,-0.2536889963155758,-0.8535261868646471,0.004737562053217348,0.11477420532250532,0.704968778189891,0.17159637979428077,-0.27867627107203874
1.2900724166215063,-0.6172121906296135,0.44575260692264707,1.1854503406888366,1.1898783555998649,-0.07163623515509965,0.21804545077144954,0.27160993485319684,-0.08438615145894145,2.832736355999381,1.7506628546761798
2.8574113850410474,0.387534520977054,-0.029184110336116054,-0.37858521238557097,0.2545229030817526,-0.27243018784648587,0.27647467052374297,0.19477242481556814,0.017805808779788768,0.1330605708074929,-0.41277132701423436
-0.2174607300678386,1.720628393891056,-0.9404000180925522,-1.5388207971820356,-1.0061621904553562,-3.0305671872260533,-1.7002774209315328,-0.7843356985250284,0.6255174893186566,-1.654449591464222,-2.6535130992799405
0.7387810132003158,0.39311569982857786,0.9304088961356208,1.3132915615890592,2.9923732625514536,-0.8449089400320774,-0.7036875914017755,-0.45032466666214377,1.9351768032713212,3.0602151281650367,2.868963327694812
1.2367381044000445,-0.37192621032526746,-1.7262719713529964,1.789231155214536,-0.19987142074882738,-1.2640171316888134,-0.7313943734393399,-0.49448604814658753,-0.6890711752945962,0.2182636458400486,-0.17204625372345891
-0.23232620766487075,-0.2059467061995767,-1.1515938253593347,-0.25985386743536193,-0.4457889538328209,0.16480788771241484,-0.22735414171253737,0.21891457431027378,0.023413435566340235,-0.268477245224449,-0.9773576331839074
-0.47671371330081586,-0.29157051505451326,-0.44677990761554615,0.2430131657540363,-0.5173373858588289,0.08622391776995753,-0.6146583885324906,-0.8355651007794782,-1.313697760457259,-1.0029287318452904,-0.8713047266881361
1.9254540359239898,-1.5710693237078022,0.8760016262199729,-1.2100913518181229,0.8395096186716322,0.9268667662266051,-0.3813501126657719,0.6424836482831576,-0.3184602486010282,-0.5668416919069257,-1.2791617561706643
0.5368420305221694,1.6177156897296492,0.17255364308437146,0.9698244166256891,0.6754488223508546,1.4378751380285606,0.4978194193224773,1.5579319848705557,0.7454397002974075,2.1950475007365196,1.2403787541747664
0.2689299642224397,0.3790207777381393,1.9734697534678385,1.1057780789126674,-0.029739605576907135,-0.43166753051533713,-0.933126744844816,-1.2094027448704154,0.9306811567956843,-0.2678849372839902,-0.6429138954922925
-1.0081004805861074,1.9315626806914294,1.722012882934198,-2.027613042491967,0.08261815278313654,0.20517307093438736,-0.25800717217917213,-0.5042011136023247,1.881259052646448,-0.2678741164638588,-0.5997967759914434
1.127776896861092,0.07134093799989853,-1.6537639729999312,2.0618389866548767,-0.0942965764660546,0.10803167052376728,1.242734496510546,-0.7167346824347998,-0.6830181263450508,0.7875122131485077,0.2368850935791716
-0.2267590301885741,0.5932828231853432,-0.5086828876089674,-1.1427248944352797,-0.8501542426929094,-0.3531252375997246,-1.1886767690982167,-0.9707618599571435,-0.13289594310571276,-1.2514356875194885,-1.9919790762167944
0.10182603058020025,-0.795359816707957,-0.6512286212608247,0.4121192830875757,-0.7484091395850421,-0.9807603742165172,-1.2398876966534051,-1.4272644425391163,-2.333476306749983,-1.6880578327481754,-0.5756034420869272
0.2099309148487951,1.3692092821274529,1.4459810233101247,-0.421965768399651,0.30983125840721315,0.9677151655912333,0.12662113275826298,-1.0358148014153654,1.755343595706177,0.03861512488882146,-0.14104810238795662
1.1292414029358648,0.6774993457493,2.120931397460505,0.5013985835975127,-0.382242416748909,-0.17857939172297949,-0.24783388394270178,0.4320209532489545,0.9088879049696768,0.687030648336015,-0.0839796262221108
0.3636248269150573,-1.216231072292819,2.3650069683240984,-0.4405787289220938,-0.9165567716942347,-0.6470283104506378,1.023132042977509,-1.2461313457174863,0.27163549869416637,-0.710835457669359,-1.599484610964786
-0.63995372845851,-1.4565623427744263,0.07558901862104392,-1.5640181083691167,0.3656563388625345,0.5620972554558702,0.1310789661861903,-1.0438816913171118,-1.1005880690132586,-2.0182500719709084,-2.067643686961817
-0.5557110257493999,-1.2688564985469815,0.31459254281667237,-0.5912895350758923,0.5743580556393671,-0.0882178639774317,-0.19392058293888975,0.07030306526755295,-0.18872224288474787,0.047802298101103674,-0.47312137228305445
1.0949536958470554,1.992536755013144,-0.31474031794516333,1.4515736323509296,-0.4652247018755501,-0.7978738186134384,0.43851142505434126,-0.2802674101092141,-0.17939043607833538,0.6405886629341073,-0.06426223299106498
0.8647689643864649,-0.15329483098859317,-0.09190982220501187,0.4809228995080711,-0.3765614282962784,0.1541797262550123,0.09838180513817368,0.10733136856126388,-0.4393740937371924,-0.16299586349829767,-0.6316790853205909
-0.4667677579490042,-1.0114827711506156,0.5274296866954716,-0.6644731434748197,1.8515516408861095,0.3033832805329669,-0.3283590824413653,0.9473804454879186,-0.5439945006941621,0.3363590373871389,0.10416190086620675
-0.7147271287523796,1.2714966155356746,1.3388773880954679,-0.27645415780327476,0.6157013329858199,1.5407164415854466,0.03575012346540385,3.1046610331578934,1.6344495937178747,1.3656236935574588,0.9203770485913016
-0.339611114093176,0.6356404929688653,-0.019090762599773665,-0.9869144731451133,-0.25701262815291237,-1.2639632718773632,0.6562756158509285,-0.054241083472871265,0.9109684631312436,0.16455932610016993,-0.3342170885616035
-0.9606123533108505,0.6379435445138791,0.6537148757354746,-1.1773159298757039,1.9037847175004154,0.5281672579299609,0.4042943202090562,0.5571744135072128,1.319455674785926,0.2055794833187078,-0.17284868755282567
-0.47291789050392097,-1.2227739035630625,0.46897929951922596,-1.462222598804632,1.2054150267523198,1.6179161542395513,-0.7085765935716353,0.4143684968708495,-1.086289811807107,-1.932869745653702,-2.0163605584666247
-0.49103077926166794,-2.1978719042199604,0.2936564224573283,-1.7148107865998243,-0.015888220841315692,-0.42959119560486236,0.581308400616912,0.5761872004396797,0.4691866290528569,0.3012846288957446,-0.2202280168518107
0.9412951264412809,-1.4764705422067348,0.6182309021424,0.25049057783498463,1.8935966878208006,1.0932250743694003,0.9317751000996095,0.7657778640128631,-0.05735971136914425,2.328682560403119,1.047681225845161
-0.4734031860760198,-1.8456047078097364,0.6889234471886883,-0.1366848381873902,0.23105919142453002,0.010888141559795561,0.5897123133625538,0.8686381528290885,0.05012399822616043,0.6715029138548692,0.3301420058392015
0.6636689676406615,-1.8973525818876467,1.0709734238078792,0.5653383509263552,1.2810650670134347,1.0749010406298172,0.1862291661854676,-0.5413569613253364,0.005727896707891533,0.6892279220773314,0.07372912882259502
0.5711547181317272,1.2525917270662137,1.0234367380783107,0.9149638690452848,0.7618754998906229,1.4353144450939692,0.06942175160531738,3.356282911210583,1.701550328181459,2.530227774275534,2.1423881866689127
0.5531227090318656,-1.0656536845352718,-0.7581320045755984,0.43589219482266844,-1.8370430918259175,-0.9140480836529816,-0.6543728815975014,-1.322861826667868,-1.1858649885753976,-2.4762030674685658,-2.4450416268179884
-1.3782521874049125,0.7114062280741565,2.9123111317633037,-0.9589203372103631,-0.812184232447238,-1.042656202543093,-0.06476742743443953,-0.06871524088252956,1.9184913475459715,-0.7456991297368141,-1.0759298206700842
-0.640530419846246,0.4370473943858387,-0.3714406460277174,-1.3323157501493514,-0.4380034123624251,0.39488379721523426,0.3028772278887881,-0.4211883341537188,0.18740736300509428,-1.6766252651724878,-2.6710794664620874
1.1708903205424344,-1.410010674445156,0.7212210428720309,1.462866288755131,0.25597183072920415,0.7342056599624125,0.2128713098483814,1.0953639081710387,-1.1066021597477098,0.015029701001065182,-0.012970499402838093
-0.14104963127582854,0.040424973872473964,0.03880384322849509,-0.6576749504879696,0.10378894291201352,-0.26645914154702643,0.1892959433215426,0.2214988912563731,0.2706263542590767,0.04344545451245427,-0.6404234041893184
0.639555966968209,1.2812756447512983,1.2434547354729473,1.1617785091117319,-0.5512945172953486,0.08309937061662298,0.4159129341212251,2.516479005430221,2.3665055141349742,1.9435803488546939,2.1687061562815417
-1.0043689655745114,0.19563713425971446,0.2768137106243696,-0.579116599410217,0.5008561231108742,1.5648714227345333,1.1088256920965547,0.8844315156316617,0.5411650452408163,0.6145896879603368,-0.3047781205668968
-0.31960261487748504,0.7564981230268655,-0.09433834972430075,-0.4740057617335255,0.20720840471746402,1.0498686033661053,1.1511933339006777,1.1026283198289106,0.9072252847524247,1.7248056344120608,0.5332801625137746
-0.31669862805215027,-0.5006250326345076,-0.600097959472422,-1.518373035338179,-1.436346484868901,-2.3993064854574824,-0.38567584831740903,-1.921384179054256,-1.4767307559766523,-2.053446647134382,-1.7799018952985448
-1.7640475675850253,0.5359370907379913,-0.7871573317221606,-0.3523186637462445,-0.4364315423870916,-0.7414244003441961,1.1039945958864035,0.40961497287204596,-1.0096172023011982,-2.9476154016114293,-3.100761696508732
0.828554543713046,-0.0970658681847036,-0.30862172809688715,0.8333326608469236,0.46484373850946803,0.34621797808118715,-0.18530858174294973,0.06673518732996642,0.17161672363843794,0.9908801024769668,0.16921955118833593
-0.3272353251544845,-0.22179292020803756,0.059030054720429895,-0.7233407640801771,-0.12976860950580899,-0.09867801514482777,-0.42121862319867626,0.08455525132687575,-0.032690666041594166,-0.3296561540247064,-1.023121517841178
1.5350330706098776,0.21041187724126081,1.5180965141764906,-0.3610157195190437,0.6580346876108218,0.45666643696810455,-0.037089527716877735,1.4643731466296819,3.036018516850425,0.1699150943432457,0.7076236617916908
1.4046191613533177,-1.3362308549196156,-0.2414266274153254,0.2607427713572294,-0.7705798258905519,0.1484254286955543,-0.6147825757587151,-1.012229333027489,-0.1700340935180149,-1.0475992145119897,-1.9821054363197832
-0.6982775217375119,1.0555381940929025,-0.12218901632417371,-0.49499796391249495,0.36101683496185133,0.1933437815809267,1.505841491816343,0.7472493156730688,0.939937847048512,1.353724899151404,0.2021610865626348
0.3816141200795741,1.2094018257967076,0.47881907789356215,-0.16880065021277157,0.26710268653974123,0.039009643414365025,0.8960637332223076,0.5957947023796456,1.1206992873433894,1.5038135232738639,0.48458300161557627
-1.0123720612289855,-0.05387521368818157,2.49872858927463,-1.0635138254769472,-1.198155031494029,-0.7724411080695464,-0.22894540923720685,-3.000620499533993,0.26096949463526775,-1.65304152428883,-2.5820499447211995
-1.0030046682759957,0.8128680216430801,-0.7604350811993988,-1.9828455801728122,-1.4391236028161631,-1.2865675287765759,-0.4510541802701632,-1.9874184823463539,-0.22580426214420898,-2.006037792852427,-2.7100127543916894
0.627119173863594,0.8485871949889318,-0.6825796374348686,1.0836444372057321,-1.832638297784877,0.26812199733813563,0.0337400719169334,0.38629906871144526,0.12161342802021037,-0.08206526883269558,-0.8374760843665494
1.3077323181399338,-0.8383243525941427,0.7798201135902684,0.5249150677485638,-1.6383825941941534,0.13831863852904913,-0.18844432246205778,0.3933490185323332,0.08034473395606645,-0.06651752567734537,-0.6994470194036723
0.4439611459454114,-1.0433677624164004,0.07295695031720668,0.7157952259897171,0.29059126778803823,1.017129511174078,0.009048002235856611,0.0681409748063051,-1.052702152150498,0.2968728257912786,0.2797928540707245
0.7283124418646654,1.01202781496665,-0.14986059526984244,2.287367680916234,-0.9203925653993058,-1.1684453790344007,1.5109852123662857,-0.41066604961345976,0.6522595086296092,0.3246654565812581,-0.20208378615235625
1.8142401518922617,-0.4242414963443974,-1.235131294884064,0.5952922802669405,-1.1543528249867747,-0.3089475351911348,0.041383799184667724,-0.0417350876812177,-1.2223963157825954,-0.9557435727336141,-0.9003720908311474
0.3499016203682637,-0.2564322369442683,-1.3160006242765605,0.5477492201886317,-0.6589198674944948,-1.4324515898979384,0.347984469023246,-1.4475117940900972,-0.05420273070921189,0.07939949330850762,-0.45141552136685026
-0.23418775442039513,0.21522828194821303,1.4981768738888495,-1.3417388627697688,0.46573407591368365,1.0433820418885575,-0.45020510690908555,3.280928573727473,1.2851100524180756,0.7891863871192669,0.02161802716603589
1.0635595441821994,1.863548666169464,0.4593705463911692,0.22035859246075562,1.1601491764338607,0.6268966665442739,0.027250871252842868,2.6649290205580685,1.6229535161354574,1.6100176539019793,1.181977516575402
-0.18894244813068267,-0.057459852558497976,-0.21742542036624074,-0.5669837294580257,-0.0077818079475703295,0.10005993871565541,-0.6705099578286899,-0.912221225790084,-1.1240498186979355,-0.8271748930351296,-0.850305247179609
1.4270621377503139,1.594315873766301,0.7497309742223568,0.570946408848179,1.7461180806822565,0.4501342277624968,1.3217579639093509,1.3150387619516914,1.8714644119566335,2.118324758131954,1.8781305499658736
-2.1905846271128726,-0.9285746727145097,-1.2612303286615332,1.2418619002426063,-0.6301849475639434,-2.402313042174192,0.48930934787053726,-2.063500582969382,-1.93472703237792,-1.1045978573721085,-0.24552557459459046
-0.16633351412151526,-0.3340579666164345,-0.7903477500360632,-0.19580587124099208,-0.1407638346961002,0.30390712203023773,0.6577608812103964,1.4021698212321096,-0.3589920340530388,0.44103331007186775,0.16358163454820662
0.487433855402996,-0.6248962828676936,-0.8559205594245614,0.1248815570646834,0.3561723126177184,1.7770769432517994,0.19608805797394466,0.9663415211653668,-1.4376671226194666,0.012515111896881814,0.12669716380027402
0.2617292230681942,-1.319525576764206,-2.392520795463838,1.01609451431341,-0.6572922626424264,-1.0000482023704833,0.1875722793246828,-0.08747363652898299,-1.5090944177590875,-1.7048114361613473,-1.236875556757233
-0.05010508864139477,1.6856477048958487,1.9200155971400505,-0.17908844188461104,-0.16180955263181854,-0.6411533334476579,-0.5313640182190558,0.8126662605909689,1.6893173033082554,1.1914302301307709,0.6713901341200605
0.03456748164784638,-0.6840819926879675,-0.17371257295946924,-0.3121198281304484,-0.9768871078587765,0.13476303553287738,-1.9218432149627829,-1.7261319432539286,-0.3429016992587567,-1.4596781706635014,-2.1149529327989214
-0.920155924407008,0.23916735664091165,0.1118956785210637,-1.8192727539672826,-0.10277451756313297,0.11633719299535886,-0.6305680685936399,-0.4650659675876952,0.1938494884858465,-0.8140892428136484,-1.6789693900245457
-1.7726629455216196,1.4906125517580053,2.8310505423293764,0.062112786456456986,-0.060050437784491484,0.0018772682024061765,0.238289328220877,0.202812352114619,1.168122948251721,1.4129719171475696,0.41158611661213573
-1.1686783758667239,-1.4270390712565837,-0.8218883888712857,-0.8102187542551273,1.4813268311024301,0.35494478921389283,0.15411723894347118,-0.21795380957379112,-0.5724038341619783,-0.24406147710786977,-0.8038735340782757
0.6638309499166628,-0.5316659318645436,-1.237527268569509,1.002665299828431,-0.5682766642838866,-0.29270884901220573,1.2115856329088355,-1.243930953540831,0.21326569021644648,1.3164284565502364,0.4686248502512044
-1.4108079582321422,-0.45750064272608637,1.0645688296891442,-0.19750188023751303,-0.29940991673721773,-1.2625445723021111,1.4248911645154507,-0.5707503129529451,0.7145396253565273,1.001416785604047,0.4955810959718365
-0.6310440695982323,-0.4184018822892345,-0.6100454856705821,0.12391610059525382,-1.667384699938669,-0.33343752819090977,-0.06759796250253641,-0.9715117154121882,-1.282230412315902,-2.619235736680431,-2.50023756706185
-1.3187844380730454,0.5913390939573141,-0.2621277932883024,0.11845213984750569,-0.5233778742179099,-1.0662927477003326,-0.10090692308916925,0.7949336667134093,0.5880352859292223,-0.15840589734789673,-1.3189288130157575
-0.32933571411122353,1.7912620891036344,-0.5128338568493022,-0.6138623024413851,-0.2625049632438713,-0.690825465412585,-0.4057979010462676,-0.4797489644809845,0.05148832863506925,-0.37380676574375027,-1.1220862614583313
0.2776476157159218,0.7172963649669062,0.6864506171381604,0.5607103149519438,1.010851246377227,0.6402743341087545,0.9521752896522196,0.15962038522954525,1.1406012055447277,2.060687801222199,1.3049978804822093
1.2827977833984654,-0.2834490257494467,-0.5557073301559672,0.774225208525325,-1.6379345600820647,-0.3302820008611655,0.02326870614154354,0.04975042851592254,-0.1758750076515469,-0.08886998693509818,-0.6369704790231648
0.888531054679656,-0.7953398409925585,-0.8773209533137879,1.3934581371501267,0.6486662057940833,1.4414837015094812,-0.27163962124007823,1.5275784498706368,-1.603602942624474,0.14996998721726063,0.4520951334891571
0.42425628086237127,0.7016591017990464,-0.7287767366956984,0.8605721984263018,-2.0688951292363194,0.15523471769385053,-0.16303912598820516,0.1479761814560675,-0.24083378299242197,-0.13670674297548902,-0.6718538273384854
-0.5142004774460405,-0.36616959693974493,-0.20665036308281587,-0.21478311157134233,-0.9078225112691276,-1.0911502869791867,-0.661772598495191,-0.9772336953029186,-0.05922725141188162,-0.2195227027343648,-0.8715050329313697
1.8886558421360138,0.3240203337248794,-0.2927126468294011,-0.9317545989259677,-0.3361257762737645,-0.2131192363972128,-2.227398544522839,-0.3423057965912317,0.11698026152761892,-0.4994667618346742,-1.2805308296372488
-0.14403000477081335,1.4094583803420282,-0.3650119267424503,-0.2830413778800924,-0.2888245932979759,0.20945856221058007,0.42630573629428503,2.1477929340733746,0.9863143376568733,0.6807732452548316,-0.11347897956798958
0.12763646519702798,0.9036250396039691,0.3509256091597881,0.17209919532216156,0.8693513224747791,0.8316458252488894,2.2977078885191395,1.4392293742678504,-0.6451796882070485,0.6214216256112677,0.23036510722484904
-0.8045428934975141,0.2775057824769495,-2.8938586086016063,-1.5429290168681504,0.44038369072238903,-0.0040770523844211315,-1.9160928237899415,-0.8205832436305065,-0.4262327193948754,-0.4625691944420842,-0.9712313381619944
-0.5065344618658255,-0.21544768019413452,-0.07495581296762349,-2.1608856384154773,-0.009099867992676008,0.14230106868834777,-0.31178507853445386,-0.16717283969403085,-0.400409186457894,-2.3611112047125364,-3.0246542246294283
0.06698113866253882,1.5573820308912742,2.4034109568115407,0.21423207684283782,-2.1143338044936457,0.1832113554589032,0.14567986884574974,0.4260569091015002,1.6764535062277444,0.3901170174401365,0.021716703078093896
-0.48675341825120183,0.6546698615522555,0.0009160794764178831,-0.12103414228082998,0.05867708158733849,-0.09418271595735789,0.878000108735556,0.6493638033987899,0.4493172865772004,0.43669562442562354,-0.465463563792639
-0.40501445733804453,0.1770656747397427,-0.9042602790042107,-0.3401473720105486,-1.4956370744121958,-1.8143933044995042,-2.4115373595556284,-0.7089694354376788,-0.06191599729793529,-1.9643367410031831,-2.8246477864400337
-0.7806883888071925,-0.5971361297622756,-0.040605985335227114,-1.6252933990522078,-0.16170245846016884,0.2006064819802823,-0.45567705293031324,-0.9581265918087201,0.04410458463132694,-2.24865606890514,-3.279317854102698
-0.7589120515562061,-1.9682559389669674,-1.043277778912689,-1.1402471043182631,-1.2276534509901826,-0.2807695912886895,0.1682223019994407,-0.7921860304703139,-0.967677067407584,-2.6254978552901194,-2.7870484265631585
-0.27599236889527,-0.3146183495164816,0.7828529053259684,-0.6995281978296565,1.2171376201660264,-0.18881159203944287,0.3730581255131766,0.3322752818233212,-0.27265504947430536,0.6151493043956614,0.4294940196286683
-0.9674670432283807,1.5119302446031775,0.024170013153772305,-1.9216678747400189,0.029928877839265032,-0.14151368546784318,0.841501285898647,0.01792722087673132,0.9658816138624429,0.2721235402543531,-0.08021444097753505
-0.7107524367175405,-1.5113643512221895,-0.41875973372638037,-0.18842313238335984,-0.2945364564573345,-0.4086756941554044,-0.03764392085874482,-1.065362489636748,-2.0010967462111786,-0.1861421272763606,0.21126421864615064
0.24887118935062633,-0.0741323923553394,-0.41109231929534623,0.6200954492852863,-1.0526090602615485,-0.8106224279961263,-0.8542827666687446,-1.397305705248834,-0.36703975962341145,-1.8334877878034765,-2.7986009865837422
-0.22323016269608845,-1.9353558308937435,0.11794411833800218,-0.0876372994521516,0.26173014683459195,0.7122145691487607,0.92638376117406,1.057586437423106,0.2591948917590965,0.6919852772722255,-0.16114887039732884
1.794724883389572,-0.2616288187372647,-0.7580779881648819,-0.21025077926375474,-1.1001662370657839,-1.7183401455272809,-0.9579299979070359,-3.196098936397038,-0.6398628166123549,-1.7287888167012453,-2.167517441460439
0.4842729362039138,2.355405485025358,-0.5665375430117544,0.6202234970778191,-0.6111625223880994,-0.28081693112667044,1.6082928199816509,0.36983812211552913,0.8849739756064657,1.3751511346589482,0.20965719681910072
-0.6538090336532542,1.13758245008983,0.22952896705228823,-1.2324946164679491,0.1402558549604236,0.5583447946504061,0.6127357282860341,0.7179262182739771,1.212683856285449,0.3645460934568281,-0.31434358925021527
0.6488667786476134,-0.12338646351449944,-1.724643867093156,0.4684356002653848,-0.07552240343491236,-0.3313267166771657,0.010539723458773465,0.23267540447383167,-0.5488016115636073,0.15560282351561844,-0.09196363862935375
0.8271405675725959,-1.4438590045772195,1.6165457895441595,0.5844041571132909,0.1494451370761542,0.5873806914846177,0.2941817002138958,-0.5025698017042844,0.15225176725291462,0.2494103163622508,-0.4438151848065206
0.7545974377929697,-0.6973741550081989,0.8579609571049652,1.3156692968993968,2.28075534674808,-0.5254587260405322,0.6572417650797282,1.222956792878132,-0.41637094250603224,1.7771333387347195,1.1221750420731793
-0.2756304311176962,0.015223790536679032,-1.0720553160332424,-0.027290056298283183,-0.6171863335431882,-0.9849602278553996,0.3310444338063917,-2.155819001242945,-0.901674360401997,-1.7886830114627026,-2.0276038538310357
-0.917546868804844,-0.6111504822704587,-0.47986538967960835,-1.0505999536578343,-0.6564092488695701,0.7907206993332204,0.04369403856890744,-0.18597197539992588,-1.7347734245040183,-2.688158148938848,-2.1938867112166904
-0.09948382179694569,-0.9854795285156837,1.184424660309713,-0.1352672176956081,0.3919153481732224,0.6565313222609389,0.4351456780127728,0.6533233497647459,0.21203788337411716,0.3978266239659878,-0.48367313546107465
-2.9032753845862294,-1.2525707678111662,-0.1610719768443441,1.1017841475974466,-0.30168738302832004,0.1807941899968068,-0.609036136240494,-0.7589535701845302,-0.6612041455114992,-0.5856483878292014,-1.347428761045697
-0.3102937323665463,1.4459287552066549,1.1503011069379985,-0.5080538788213795,0.32791546053967047,0.19327275304209685,1.0770101015807445,-0.06362145869900604,1.9415414211787998,1.8071654399505714,1.5319689044591054
-2.158552890275206,-0.39786832529215216,-1.127798061360098,0.22114012666087834,-0.6883470475230953,-0.4970566526357572,-0.18348511294681058,-1.3344460027622937,-0.5824184960370972,-0.905271966885751,-1.3797725461629524
-0.9619739506771948,0.7551124610383939,0.44242560153037147,-1.025357576821079,1.666945276621683,-0.6287651180864724,1.1427045612849183,0.11510509841015859,0.3643196178674296,0.8906218029198677,-0.09661267097075574
-1.3837396931489763,1.3712548191884093,-0.6269730034215358,-0.29533962003711983,-0.6321611434998531,-0.12963211073225556,0.006207719770407516,0.1489799691285682,0.5305471437662597,0.042762570550448964,-0.6134221918446255
1.9794102683464703,1.13309538988967,-0.05197851377880406,-0.303236418760806,-0.7548291803915195,0.04696741982793462,0.2804021474628291,0.8357549404729455,1.300952659476072,0.2128773731872607,-0.4198356174128886
-0.21219505172198652,0.6329553843466799,0.010074582880906624,-0.6618880627828334,0.5317939043148101,0.6268898177182018,-0.46156212634534055,-0.5537939463161801,1.0131322639840197,0.7997094860332107,-0.023380901071373212
-1.0929725847957208,1.4506887950159075,-0.7500882929393373,-2.26619139704165,-0.9624712508341087,0.17596732571161133,-1.476638735815456,-0.5354531285568089,0.43660304665286487,-0.801853550004867,-1.669045483623587
-0.20832492769631208,-0.9557729928354178,-0.5036683596366609,-0.08533403364875553,-0.4682291995059812,-1.4864077388645713,-1.3856110363094971,-0.8304855423813708,-1.2121119279294232,-0.602434063579428,-0.5590096753330308
-0.24608522297096505,0.8455604064062279,0.20150064086347896,-0.19797732826319547,0.7756372519663486,0.7708534270714802,-0.040747657906039764,2.2320096711126816,1.0329856535567135,2.5079611557310484,1.2932835815451724
2.5862903603612053,1.5638604042426518,-1.093631083634458,-0.44948500025045823,-0.7075653251063228,-0.7337437350064442,-0.5381785236296572,-1.1552642686468342,0.24139807795376364,-0.6540315848077753,-1.5513557765450159
-0.03149525106617841,-0.9216125079674161,-0.2601043501303135,-0.02407500308228442,-0.4240103051660444,-0.954227776091336,-2.4674710289090083,-2.0632749790157527,-1.7092379383679162,-1.3425361163024263,-0.8825283599853802
-0.959292671940006,-0.6818466327230436,0.3302193044586628,-0.6660740550594999,0.04509017587566422,-0.2990575337139792,-0.5228484527006246,-0.014223704975323104,-0.2467911308961869,-1.17419882724787,-2.0281011824462336
-0.9434245824624838,-0.2361756763211513,-0.9776978988554385,-2.0906811976014157,0.24328867963522627,0.5635870232946689,0.10487214262233435,-0.07470242673286864,0.037873328462023625,0.3389508975139962,-0.19341267594893652
-0.8139900792723996,0.4328570198633586,-1.4335288679469156,-0.59300334190419,-0.5994748118880217,-0.8668316748905643,0.24632078930909532,-0.7973239296980805,0.7241144876118037,0.16780022078613915,-0.346869588187681
-0.35462257279170034,-0.46920565067778147,-0.020351891859547156,-1.344077194053281,-0.370119390476112,-1.0248217809597744,-2.2893937914189455,-3.092511906330042,-0.7979389529210932,-1.6361755736845682,-1.9363050511662028
1.657096453591423,-1.1667217888092596,1.5482611982778984,0.2233663718958391,0.7273816370089008,2.17961818511196,0.4568717626589992,1.1037716388731242,0.7193092780986772,1.36510479391681,0.46156491077662853
1.5171956015309565,0.986784768752839,-1.294918043178672,1.2982802681271417,-0.7767193408915073,-0.337388836001831,-0.2675292783512125,-0.3037661649761924,0.3911409178923756,-0.14067011148011888,-0.8806552244425864
0.9666579462315845,1.1263724866601117,0.24034108395382178,1.582346703852687,0.5837366881401195,0.002018468423819919,-0.295172773863841,0.25737355833282793,1.0348593486341036,5.210021048615264,4.2071694736419225
-1.1720569112725756,0.05774810022588866,0.17141966587196675,0.4432401205456704,0.48754825331071916,0.0476332505816639,-0.3078040976142498,0.3104954419611336,-0.39679697562495353,0.32360384093632416,-0.27857472631626223
0.7880783494853034,0.3813119056898209,-0.2798215485095647,1.6726465348354176,0.2052141427626114,0.1862352096126897,0.09231295510128074,-0.013141926127145154,0.2914666632730444,2.4039466302528525,1.1491113497725862
-0.6161534561881559,-0.21656799931442125,0.7478478509255483,-2.75621160304257,0.8254836812918508,1.4743336622071332,-0.8515888755334448,0.3491829514210698,0.8775852294877996,-0.6536310082996144,-1.4872209261455884
-1.5233073183172456,-1.2380165271021648,2.439569637767858,-0.22972676112761656,-0.40554767191093255,-0.7352199188723239,-0.9334821228440959,-1.164573261056502,-0.3415935103749188,-0.2931374318716323,-0.8199785761031587
-0.8498601521383646,-1.0296666114330593,-1.5312851621230983,-0.6609415791234783,-0.4822068477245876,-0.25911522202912307,-2.1046766332661244,-2.436709669441811,-2.4662367875203914,-1.608615617438514,-0.7271871168290812
-0.07690593780444084,-0.08831732054226782,0.42814318038180144,-0.269035727708108,1.580102105514996,1.412787487498222,0.998818342133802,2.0588849866377417,0.8956454949638871,1.6094591455714913,0.7340809515863164
-0.2872773390486927,0.19984818115353412,-1.7593576047255794,0.6246789110790186,0.16869396112282437,-0.0025228959747996826,1.1475327044058843,1.2731738630225293,0.6006716946095695,0.9117735971018056,0.10232838980184353
-0.1834575525189041,0.3366004940803902,-1.4227239919232288,0.14013919999267505,-0.6031122926712845,-0.6120403239725261,0.2427092688890146,0.03632693156335101,-0.5960078640135638,0.20615528886476697,-0.09452349326470877
-0.3477526377762462,0.13687753981859677,0.3927856692605273,-0.5335595113821365,0.8151300692830544,1.1369618579968517,-0.5900773546525806,0.30975603683395847,0.4939948784063859,1.2099872350755612,0.09772942646423544
-0.5588847759009552,-1.741446411924303,2.0466716983764917,-1.1331623564576099,0.5549530666986803,0.838237638192483,-0.20646970462445896,0.4443000141559465,-0.3770090904790526,0.37395143799947717,0.05969618040365221
-0.4819418180555009,0.16420047577014268,-1.260133835897942,0.3691843000805569,-1.4849659488003937,0.07581311989667017,-0.3891195637319054,0.19719986390756833,-0.35994470465878997,-0.3549395693148436,-0.8887605170874806
0.04255139494506999,0.1035645441325491,-0.8940784473886536,-0.7200254770255586,-2.043425036188459,-0.34839011470219516,0.40554990332724605,-1.2332949730803746,0.34611229672259736,-0.05272692534548162,-0.8240134918272388
-0.36651393308269736,1.1653900918231812,0.4083283534884018,-0.08860879227042728,1.5168967557327073,0.4423769597120661,0.6718375072575801,2.060165002231896,1.4905068723729549,2.032230859814588,1.482564755830617
0.49460648390587647,2.179248097316868,1.5935712165564098,0.35574153288277,0.5076535965636265,2.261303121793288,-0.13917817447190106,1.6762325828268798,1.4571034448392859,1.7816380214439456,1.2039677868348098
-1.5116532954529267,0.17562208369194368,-0.46030652127726834,0.6598515270939638,-1.511900439896497,-0.23016271647090958,-0.6088924185397706,0.07772229872690684,-0.3107355331307417,-1.0173556775717947,-1.7327765197688845
1.1154828210596097,0.6783720117638263,-0.8163950832533983,2.652050197863377,-0.6273511038669737,-1.056786633727282,0.6593785005552445,-2.084560516784306,-0.6330088326074537,-0.605212917651618,-1.4381022687756233
1.5554333559112108,-0.18476423766370625,-1.8731630449377819,-0.1476319317721818,0.08551529126510066,0.19685806844258452,-0.13515040417217042,0.057057770241076555,-0.23134762816512222,0.2060806689480959,-0.1377962857359737
-0.956625082460565,0.0644208823232867,-1.2832044369342415,-1.3934918111241155,-0.4789195356313012,-0.9395932348499014,0.43700138559971474,-0.3704244599772547,-0.7689975613992348,-2.4930578726646067,-2.8294832810024255
0.9664770311647012,-0.22604192882172947,-0.44186774946959756,1.2631160288591758,0.4045505141500425,0.423235083116958,0.23665873825495365,2.1401441774780663,-0.30091188196300667,0.8156076165314274,0.1578233838650618
1.6041339385053262,1.0201961885805078,1.063072292510238,0.03488061482712518,1.069339234661383,1.6445151600554926,0.3376816059581883,1.9201773030035878,1.376954881275185,0.3032820635821287,-0.17077768216462208
0.5731224441271662,-0.9291176823467355,1.195755148782518,1.8438365305374362,-0.16604837118301774,0.12199789207759504,0.24368440142260375,1.0232227295066938,0.01830515563478155,0.3440463668058025,-0.16401132962887113
0.8995290365611855,-1.0867233092127904,0.7007542727475562,0.8481276547136913,1.4652486617781864,0.7984362417099125,0.28748183236855546,0.6362155801309692,-0.13483836111556374,0.5800862289574467,0.03322741372208793
-0.6407349742989772,-2.02931677472614,0.012573854427651994,-0.6350528461891509,0.14343975530268344,0.4116834002436238,0.16401873232790587,-0.12771484570592864,-1.101211846454803,-0.5028103901309927,-0.5405435604169501
-0.2717904051398658,0.4873711617064786,0.07516273238609401,-0.2991228295080915,-0.08382303445353417,-0.03209334670338812,0.5126749791048602,-0.49226900187817646,1.7770417732699175,0.19678164842439605,0.00018970061412487693
-0.38364558144836586,1.0047679281500432,0.4637352045637077,-1.2551351961603283,1.0728054896767985,2.0262926322182935,0.9956970943826773,0.30189597652693734,1.8988937307452196,0.6012258221115869,0.41794829829408003
-0.5128179422781991,-0.00045259593540787727,0.11914370551609331,-0.21490185599643175,0.15795626632151535,0.7712465203727022,-0.15341543643501754,0.4245708971475116,0.024862170527355287,-0.1323560762315748,-1.177188852163511
-1.783151482147135,-0.7566353619440931,0.7987583193454565,0.45839327272998664,1.765638574603316,0.11299223433557831,-0.4736207118415626,-0.16986890153802514,-0.16021364802027532,-0.40109032102291353,-0.591881607059359
1.0452877934635239,1.482533252978872,0.293832908099621,0.7137801103827821,-0.40362268169606486,-0.8646868157594314,1.141339255567484,0.37519646403378815,1.2956506179100744,1.8832719379068454,0.9710371149039854
2.3833030320059954,-1.4620495810414267,0.46396889371999694,-0.9872658545784734,0.7030273050668319,1.192563941857881,-0.9451407729159015,0.6673609880012383,-0.09381268791829289,-0.20153489053172347,-0.968265565517872
0.7132908257837309,-0.786544738131896,-0.14693180828559624,0.6503228686366737,-0.9309017836234872,-0.12655924142955022,0.46954960276720925,-0.052359148467647235,-0.07438223444181291,-0.06820664222699324,-0.678672088247071
0.5962603755130006,0.34929061229106245,0.7796229049174311,2.2626549659731485,1.164753892178304,1.8705646570535797,2.5156735191181534,2.2788226525150392,1.1734623708299767,1.368466710942078,0.6632357956612118
0.4744258186777074,0.24637594349325692,-0.6703418454919381,0.966625202450615,-1.2980995632660712,0.41461070356186747,-0.4511891400480844,0.2064769291858189,0.5342105655329172,-0.20322879681572137,-1.3440336415196479
-1.1208715839278418,-0.8431824970168554,-0.5152693137779175,-0.7582414637105712,-0.7967623804804349,-0.915107832992764,-1.1946451927366037,-0.9905723644150074,-1.3296561672902274,-1.007860873414667,-0.8640827445259234
-0.5940661231082838,1.4182634352742345,-0.6411732601287928,-0.25795576104213935,-0.11431074941055341,-0.5659942882045268,-0.6078320059549436,-1.324346495865861,0.268630343684804,-0.045498542037235544,-0.9758491551286224
-0.699516572694414,-0.5414161021258526,-0.8878750097388757,-1.2089770001064586,-0.8570437253379511,-0.8915676297655464,-0.3214148176048591,-1.657644847101965,-1.537383565335815,-2.472266700853688,-2.145129243936519
1.5961637703203353,-1.9843224749594723,-0.6907384858888193,0.3027645307724635,-2.1112922930312426,-0.00665477572799987,-0.5325066010769741,-1.8594746142985525,-0.7169291847599124,-1.825385883803752,-2.21286005840365
-0.7978432451120899,-0.38790514224139916,-0.44178944469865,-1.7231627961582516,-0.9632668032795406,-0.28632273082243076,-0.03901899855835994,-0.16367652828067264,1.4985986164910532,-0.4327623862889602,-0.9069934456549948
0.06264123491625292,0.6621599618651685,-0.09739253019227,0.5647016304897247,-0.3434354164323993,-1.2824419806133325,-0.23954487318009599,-1.6542091143802138,-0.7007179244148285,-0.89968997542893,-1.4002733861382897
-0.8257034767191855,-0.6191065644181443,0.5578610649407906,-1.589896345765566,0.7270489056936689,1.3345111694607386,-0.4099111042572925,0.8505122162466754,-0.08552990988007245,0.18349544081879327,-0.2618262464204283
-1.4870167456920413,-0.7618804524195956,-1.4718463583791617,-1.3274857057394087,-1.1980124511823096,0.008473486313014145,-0.7049455993969849,-0.09071618148716439,-0.32492089179924344,-3.0741830590712396,-3.7468139263923748
-3.3126295525402316,-0.8279329332305345,1.081464571589444,-0.1744637945893031,0.5940467787911076,0.633691958216182,-0.33485079899106573,1.3101695580585215,0.6482482768364326,0.5405920774911663,-0.1256104980316021
0.35722306881054144,-0.36701785730510345,-1.1128958445316606,0.4287467776147389,-1.7394223488153453,-0.26366355813066955,-1.1094340978078934,-0.8076968789637853,-2.3495902849018258,-1.5601968011344018,-0.7068163245349247
0.9565443704610678,-1.0071361284862812,1.0429595874051303,0.21999939130673707,0.9655348642737633,0.16446757789586786,0.9367831870226423,0.6088158610887884,0.23897374019447473,0.9592120795527888,0.13457706538936512
0.62431961588158,0.8715183142751399,-1.1298451779991723,0.7432982011964193,-1.1942800884714466,-1.2317296157091295,-0.008880671659077605,-1.1495906528011162,-0.03195955477473508,-0.1647185892863804,-0.846404743391533
0.12299878088997389,0.3002746573976627,1.598992415474405,0.7868375454596361,0.6065327913433283,-0.10840539407333671,0.33520445010769756,0.8944740699850895,2.4592147710180106,2.1016296777113075,2.370623402873201
0.5696425688165087,0.9394868800882384,1.1423386758577048,0.1676081393281844,0.8068827036599627,3.1530302349695574,0.028606476198415054,1.879082796491061,1.2847707266535409,1.4681803060369636,0.8215970015136671
-0.2025971688456854,-0.23013845046912568,-0.4614764832375202,-0.5155331192705301,-1.4385465308487224,-1.482352563043169,-0.3938868889487961,-1.6229769082886676,-1.2411507169192442,-2.4331743893928914,-2.3563992207488713
-0.026879743971009857,0.8172973656121398,1.9473072448549829,0.2683834642670387,-0.38621713900551535,-0.7493682165145242,0.732062978994602,-0.49416826894190546,1.008260143249053,0.2702438457020133,-0.3185544309504494
-0.2094574576071082,-0.34329908905371914,0.6939309798481158,-0.22444810263453302,1.4761133815097387,0.8774005147548106,0.05586833887739295,2.100640084877343,0.9148719994503525,2.697038522301642,1.5667313294572383
0.4643648796069064,0.26862142682359313,0.5048869392261478,1.5664971479376195,1.4723692927167176,-0.6938491913445335,1.5239111855396887,0.7362653956263703,1.5048389755643607,1.0404918156002556,0.5289373812815594
-1.677845957346956,-1.90733197064583,-0.2769270641781326,0.03267153000579663,-0.16787199488865634,-0.24570896451560795,-2.055800244590186,-0.26471759467527,-1.1806023631572082,-1.1977080260995892,-1.1725275614961133
0.42406650107173927,0.0658150463255584,-0.2636210194598431,-0.003782462211409321,-0.6046905386826416,-0.6664309800250006,-0.6885546098585082,-0.3795040504427103,-0.45874139433409056,-1.4993121541882846,-2.1626689750964245
0.18783508885379363,1.5941682586249288,-1.316514861110625,0.2615773049948899,0.250132564704281,-0.16564806254193937,0.7648494623314004,0.36793250096109764,0.08488399458981669,0.618125810087699,-0.2401153222123143
-0.0017237073462161722,-0.1267432961411218,2.0774013462589997,0.5091377313132417,-1.2154603416043925,0.827708187000063,0.29794839152192776,1.4410097129271404,0.9986319703454413,0.20532191100339856,-0.6292160948942698
-0.9957594555975815,0.2865348967077417,-0.31287743588945716,-1.671812572988459,-0.13757046908896647,-0.5551765615895126,-1.608016934053182,-0.8219609409878473,-0.017842046168630388,-0.6902645414967166,-1.443521200671586
1.2684472334135275,-1.344018716057457,0.42708623893659053,1.4179988435966633,0.2996714973974235,0.9168031794328823,3.0267100709225474,0.009012008505135727,0.32906614798685735,1.4728564519444047,0.5449185571752332
0.9822300800489341,0.4806554550782342,0.6543142204613194,0.6593356711824258,2.4031708708282764,-1.0775547832227574,1.1137609880026396,0.505219786848949,1.582521594875264,1.450793920591538,0.9961682985044915
0.9790581555183413,-2.5511812982357607,-1.7154905341681532,0.09263101054398415,-0.05913718638221382,-0.3291412844712053,-1.0961017606415855,-1.7764447963966297,-1.3171635154249468,-0.994283549617896,-0.8484033307308116
0.3011205924888494,-1.286811945141454,-1.2483055564892303,-0.37456266297823015,-1.9249351437325897,0.45298031608887146,-1.6109718383605518,0.42482190700386857,-1.353170114487338,-1.2850512725544498,-1.1190186021725883
0.27731236037881796,-0.18036405763153532,-0.5882586635126141,1.0790351820510293,-1.0163366831628187,0.2694615006446518,-0.6804402636754427,0.21305382203677417,0.11535253365922837,-0.29653235147830176,-1.6083806134747451
-0.21965634886830307,0.2637334077496586,2.520259154327535,-0.47289947841030666,0.5509107335203427,-0.1297572850831561,2.00673640812787,0.34102218682536567,1.234472977389467,0.42586257560169793,-0.03804807946231448
-1.3306544338223871,0.9797457801983598,-0.2582243145780023,-0.25357221573337746,-0.5022167877308762,-1.1524066519761196,-0.25875891167150905,-0.8396119381906396,0.9451500789104892,-0.00837818729279613,-0.9707090989017784
-0.5035250971266074,0.2521116805839829,-0.02138873163715676,-0.0696139590247783,0.5273284417723068,-0.11544280598970225,0.6000967577184453,-0.11479572661391335,-0.0952189529303307,0.2778703423764728,-0.4916710911402608
1.3269012862809864,-1.8866548723895926,-0.09959057786693695,-0.2496059713954044,-0.5460800257608791,-0.6837221215843376,0.012109404036682272,-0.6511946969204647,-1.4469173210336432,-2.72345088409043,-2.4284066025403415
-1.0415741147423885,1.0625693336972122,-2.287859152314418,-1.2137101442613385,1.7262950488395643,0.8623647893747107,-1.7851676082856964,-0.38793363604638004,-1.045760136290639,-1.1812213137704857,-1.3112873619870904
1.150895385485557,-0.606979660305037,-0.48276340047887845,0.597409120097312,-1.3037836556752627,-1.3433520140820612,1.0311284630513382,-0.0043299364186513145,-0.36841018057178904,0.8640059720200932,0.6069345905671653
-0.6384682387131623,0.7178817014337598,-0.4704644038387608,-0.9439525845704735,0.7101970276352376,-0.37787034006128006,1.662307318667705,0.3597449618864548,0.4156632674395316,1.0463375051267938,0.42988111017820785
-0.14160806673685317,-0.6988174897159992,-1.9398663561376235,-0.051341119837547106,0.4074183477848491,0.9083346846274856,-0.2569987261987047,0.7928294029280266,-2.4495114196998222,-0.17935098873406374,0.6759524515744139
-0.32295510657296955,0.2316897769788408,-0.5203712244879233,-1.3508718864016473,-1.4607396240736679,-0.9078577016795926,-1.5434492257844625,-2.5377219228609587,-0.36174591331858535,-2.0249784944891682,-2.6489499195042114
-1.010337979796376,-0.759048709297204,0.342730182451677,-1.5031732144664471,0.27529342574766424,0.8594117369547434,-1.7660326643930115,-0.05452796570292608,0.09117387024897583,-0.6973321683778304,-1.592506913905598
0.32721669994879315,1.3494803354606637,0.010348958473297152,1.061525269037742,-0.08636540921798018,-0.5405655129603545,1.0523238461257964,0.0714367583216694,1.911083742809688,0.9373954705174239,0.7480751956218499
-0.38342761370773415,0.756695937893586,1.3817591084775467,-1.2228985876687002,0.2746940029343939,0.6807539079945244,0.13169222289459565,0.008863935274530221,-0.2037237178553286,0.10250032577458301,-0.39361021835709775
-0.14033909336476424,1.035586686238882,-0.12266541845259388,-1.2588641437850168,0.023952641995017093,0.0431875277717093,0.07766266269257682,-1.6127256929692528,0.1483262612457295,-2.0085163663237924,-3.3820790372485625
-0.1645792808287211,-0.5743378289427578,0.4938492416885855,-0.3138287398458218,0.6894901325351728,1.709439260082787,0.2392012258819015,1.1829215385769905,0.4165776658985687,1.47143507392827,0.2607480225005344
-0.8631518366555261,-0.7682293449698281,-0.4263141902467467,-0.76938770486953,-1.4902499988614097,-0.7671533305082465,-0.7227536513276438,-1.9351235603906622,-0.9862392316483711,-2.301047866897947,-2.4459087434050315
0.8448779991034663,-2.3478771324173953,0.6230645088123478,1.3285720004495412,0.6910147971754463,0.5979382455678411,1.6119162490033547,0.5098309846894331,-0.4980010381092656,0.5058657759859406,0.10133243875547915
2.2130513444798483,0.8894504316434714,1.37409756735952,-0.5653792850138242,0.5225029040647962,-0.5938163534770887,0.6577858610731985,-0.14454973997980647,1.1257067570278485,0.24520717075458487,-0.1716651123444417
0.6355330476705852,-2.0856374725086417,-1.2384494472626628,1.6130669084184106,0.33896397967161385,1.3055553743616974,0.29726887033576277,1.52484661112392,-0.6129141721909219,0.41114746916061873,0.05131089593833474
-0.9904567606076606,0.6766693680342752,0.9431296238840264,-0.65271051046775,0.855158216071303,1.1215185544751627,1.0019955622869952,0.7861238479632713,0.27629656995552077,0.5443479541990466,-0.3479113314261408
1.6337893177154486,-0.004117764210559148,0.5266211015389034,0.025941705518079033,0.9297829909757278,1.5671515220390797,-0.6045201370031569,1.5297589599247072,0.34027208433201606,-0.05717494355068875,-0.34940314784242416
0.03972101320151879,1.0713305701160651,1.3755900974168838,0.3103564538114294,0.8446997364467639,0.38863818964328767,0.5284954655782583,1.7972884052166924,-0.3128534569121413,0.7082155878459806,-0.016890947566446615
-0.1759392167759352,0.48821097984424666,0.1555655879337252,-0.567615921389704,0.5857406399366198,1.7788949915708223,-0.48714147175584216,-0.0728416013130907,-0.6446196020792737,-1.0423827979533724,-1.6245777630777951
-0.16770777074945004,-0.24537241348391028,0.9538592652053361,-0.7942646234061592,1.1514404474875537,1.469066806057835,0.30061561613890797,0.8177600636212512,0.39011858522693005,0.40823007674353495,-0.4421738350992942
-0.1008326512751271,-1.1142247957134774,-0.14929037073807022,-0.06109631569568831,-0.5973895165406949,-0.11398961316344247,-1.6482101815071357,0.17955478808255165,-0.8678508924048636,-1.501287720191769,-1.758677416299347
-1.4048320532664655,-0.6478258376782897,-0.07606818942835765,0.12166360532112264,-0.27678522226781543,-0.09540057821507919,-0.37161065814328165,-0.8477240448081629,-1.2406009691238302,-2.0851785256284296,-1.9823579991094609
-0.05857171745265868,0.019256246689373913,0.12417812649663541,-0.21085007784396265,0.10390046737193424,0.5561730284683838,-0.1379538031197156,-0.7371615686640877,-0.0016861255170855655,0.24114438115671066,-0.13492079715594207
-3.019414381859863,-0.6631334908906936,0.04020468776960465,0.7300961649751111,0.38959704567267617,-0.2688377108519454,0.0521542928497557,-0.7946704909884668,-0.36046039627020776,-0.3793775892824191,-0.7071594516236096
0.06977374597988768,-0.42650523365478843,0.9952191995832227,0.7609812124640079,1.9095879331618009,0.624262041173133,0.07155052277264273,0.10895406697800236,0.46861222590815116,0.4994115791412257,-0.21640154967521852
-0.24855651980458013,0.6797017007765467,1.0432017682536754,-0.021711083746439264,1.1878688618589663,0.4981603878846628,1.3073330183007754,1.3573141224766858,1.778767968792537,0.7189629340839583,0.43715922103034455
-0.7338677217419304,-0.9001333043628226,-0.9095869696110361,-1.803224550147251,0.517306871064503,0.008081812399277744,-0.5532047589600074,-0.2969020301218567,-3.393947646517431,-0.13361610325792556,0.5777413979431356
-0.43296853332269075,-0.3227755024612483,0.5505057500772993,-1.6853107510206606,1.3117203551432128,1.9724623516000952,0.44154819371504017,0.9278163130132817,-0.6203606521952141,0.34100120772448883,0.13823096407237423
2.4307213520253153,0.4382817102431104,1.271163101923936,-0.2942055528948321,1.8908365787596697,1.082675272229785,-0.2624157080227342,0.8112631688346029,0.5753271993638817,2.1808797798766957,0.927492683630565
1.6873692064625279,0.6593169800135635,0.3548501232704368,-0.17109883677130058,0.11510099309310617,0.5907649975262711,1.875774216652869,1.240138448614743,1.6021163115373918,1.387058231073065,0.8268420139085412
0.5037176960074236,-0.48801044907604235,-0.6519010090938389,0.6829884903528692,-1.0489588307532944,-2.3202065063061474,-0.962560023467402,-1.536711085441914,-0.4010163828374662,-0.2997881213556935,-0.7985714763212486
-0.48485137741422435,0.7266888084322564,-0.8642645914513486,-2.3887395032336265,-1.9463619210109915,-0.2697599422805906,-0.5559876674035091,-1.4599949875319842,-0.10476076828984891,-1.8594869752069427,-2.6233200922389655
-0.3251863888008238,0.8580222964601296,-0.567072817724596,-0.2935228789801775,-0.03158124052178768,-0.1959171102694165,-0.24479098089121681,0.13529215755283253,0.2322439425705271,0.05245590441578417,-0.7127708042810745
-0.31784724296078604,-0.8283382730698277,-0.46284871018136836,-0.8657444786159705,-1.9819185407746795,-0.5311159222658755,-1.3522549591795994,-0.9779369071902859,1.2799718585028474,-1.198032946344199,-2.045468054260934
1.1126864614111658,1.2621579979317379,-0.25498431420523643,1.6029404383940808,-1.3206587920744877,-0.001640809301791668,1.5887701933700713,1.5559286485620678,2.091592167661834,1.0264072236307678,0.9711631885156022
-1.1148382236142196,-0.5886490735826877,0.4333287345014037,-1.6505696421566132,-0.7640448973183087,-0.7007686585521715,-2.8100126235379976,-1.367676048312273,0.024428431096667855,-1.5689634735015605,-2.397426090421932
0.35972654828067036,-0.713352747013418,-1.596432623255715,1.8017385472265528,-0.6359612476798285,-0.6011623649601298,-0.9080299265356189,-0.701914107576279,-1.4467454145482601,-0.25063426425426827,-0.0642409104122533
-0.6531789283364398,0.15713298640582896,-0.26217160300011855,-0.5489351779582661,0.11668053053424826,0.3738209755857232,0.3486500181204266,0.32681564532683066,-0.13053557680888403,0.4580565078697788,0.18721007739814888
-1.190247261566207,-0.7216035714952348,-1.564753020621362,-1.5744024895873718,0.03200259431410907,0.0761558387501465,0.2737760320586479,0.22559427740637972,-2.6131078542898933,-0.0743465000533663,0.4160174339648538
-0.8581772921681639,-0.5803354715511132,0.33879205320628153,-0.6556278180568422,0.5628645159021689,0.669116899213655,0.478301141915118,-0.369600918944049,-0.15117569286848132,0.039900541917461924,-0.4979109106005308
-0.47536031370772935,-1.0680723953743931,1.1590342199520676,-0.985253624431349,0.018628455214642292,-0.019509368415953708,-0.5295060751023204,0.25547685408305737,-0.5498050813649167,-0.4117366511093181,-0.8394473107299885
-0.4768103498851307,-0.6418761515919214,-0.7854576409261856,-0.2926016766526356,-0.6377873393665926,-2.114398775741803,0.02129901647568766,-1.2022349871887736,-0.9405012668905729,-1.1428387152770392,-1.3189907191357844
0.9038830191604833,0.202896388819596,0.3278315800417256,1.8237719441538438,0.9579822960470259,0.6452836129649804,-0.7918913437955133,1.099313198082184,0.47344928705770956,3.1791215006170175,2.1507819748757044
-1.0083747611406724,-1.9087180247673416,-1.0455629402467754,0.43882769904826135,-1.9183569895281896,-0.23082259041916614,-1.107842541040574,-1.7283991046760228,-2.139358126882197,-1.292160520916983,-0.6067422752945932
-1.0795424063610415,0.6492050037357683,0.5672324017915515,-0.42826935441357133,0.8027338494343577,-0.28321900674797174,0.7432939782619227,1.1943423762255936,0.6100175954326317,1.1015597000304858,0.042162610789866384
1.9630805365345063,-0.1436448814085221,0.18962274244826655,-0.5259331244955433,-0.08640953300192117,0.31825991171974094,0.42482664982704693,1.0089084681218115,-0.08325281192662108,0.19540997211652733,-0.2636846689843826
-1.5582355039676183,0.054577614357950444,1.1625881729948686,-1.4737165588031402,1.8512502222280784,0.6461940592954702,0.9646113520438369,1.2569858632915736,1.4482603231425764,0.6220435266657027,0.18079690529055176
1.1567916680284767,1.2370299929137185,-0.5613786812672021,1.1156256514011775,-1.0830594315040771,-0.520222308936136,0.5728972703906692,0.20717024191195244,0.4090580295173773,0.5728266959780965,-0.2735868689451014
-2.7193955745807465,-0.8228409127734605,-0.43744393119765823,0.6526058795999549,-0.971042169807625,0.933988500805739,-0.8700459161558756,0.058472784582700804,-0.9371360103177887,-0.9328877706732099,-1.1143265853878488
0.1467254242312665,-0.3681901136911065,1.2240480132740115,0.2025827276252125,1.1442790212665184,0.8181537311754167,1.2172601434889003,1.2564053475319077,0.7727230593703824,0.9010000855239066,0.18100183491040645
-0.07690697761880369,-1.4010911617325466,-1.2560512004260562,-0.26528027372884844,-0.18277627489063597,-0.858301679296523,-0.898366223967883,-0.41498190944100244,-0.8769931032686948,-0.29709149783369737,-0.48593592601847135
2.9021455004180092,1.891226028193533,-3.4322789205495594,-0.5080853893577013,-0.2600169157700438,-0.31803636723433604,-0.23176921340244372,-0.11626352483813876,0.3672995983077085,-0.0698265697377595,-0.8275578616701647
-1.5903443535726258,-1.4101208160875318,-0.8107945784426307,-0.056266836407242254,-1.4478876201590865,-0.220645316210916,0.1899792787676148,-0.8302894974527102,-2.5723793966575164,-2.852993713478241,-1.6607888962318635
0.11939454023356891,-2.8582519863104126,0.18739432224990601,0.7317608931944353,0.8942710769638571,0.7435301576590161,2.6923033687463547,1.8894109620437178,-0.770370953777864,1.193161533636463,0.6237804852344304
0.28459173015922273,0.9684435095107867,-1.2531351320457715,0.20399843106318233,-1.258200584204951,-1.5380023045783044,1.186654261470191,-1.5948734735024899,-0.7745416388602719,-3.084643230156673,-3.4825233904308743
0.13389519365764133,1.6276211639005116,0.1279512524952144,0.9783368108872779,0.2543478279276586,-0.10630831748996478,0.057098535914697435,-0.18159911492049763,1.2892133304585487,2.3608536126376545,1.6323112739564865
0.01197007733795429,0.1656518720485371,1.2440108663462732,0.039929891311111736,0.4169321530211859,0.05243956954894757,1.9536909336975308,0.597638759654421,1.2587706638461589,1.4860926177898564,0.7473388271010909
-0.6202748526694346,0.8984850246967354,1.1887439820745094,-0.3080176539967526,-0.12318640097897648,-0.374090586890285,-0.5553079805864516,-0.30325747883150705,2.9438682933882774,-0.32764140956156573,-0.1741453136867599
-0.7806611454732225,0.31265813367885004,0.43117968158753606,-1.3846003567393228,0.6673178540376953,0.7799270535798895,0.2086590453697046,0.41547754778850243,-0.01120880648580247,0.04114492539399167,-0.505451912784788
0.620994945512766,0.41596246412984345,-1.3773537814916934,0.37649378068483297,-1.15054191707681,-0.4923312789216512,-0.9282952145748233,-0.966287636956971,-0.35215585435809366,-0.5690783460094968,-1.1445389170614662
0.04615058858477874,-1.2791099024778827,-0.057088553404671255,0.011172822824352224,-0.1485735522311595,-0.36278376425559855,-0.31910495626841423,-0.05274971284467839,0.16388953068792977,-0.07017076012282279,-1.107731710729557
0.7389175520946588,-0.41340570678739846,0.7552829593627054,1.0577084458202497,2.204715757786141,-0.4507144984822896,-0.1295293809072689,0.10417518417187774,-0.1699630896470049,2.6502797099390367,1.687818368315876
1.0613889710187496,-0.6650410941303238,-0.3418911633876699,2.347298866187586,-1.9786546128334273,-0.07142745769526149,-0.5892120229318685,-0.40563023926363695,-1.1283152704547788,-1.2544626707402413,-1.279932731202599
1.2999401106737758,0.04563828569516424,0.14252522535228018,0.5525750040818868,-0.14176698074716887,-0.7042818425344903,1.454681973398284,-0.454898493201648,0.5710964252193853,0.8361247175335129,-0.09992015264115384
0.03276697694311177,0.6928198245689123,-1.0259629987324907,0.3664461106222406,-1.2623402729934365,-1.7618217259770836,-0.6933441158136983,-1.867913223112859,-0.301458611181918,-0.3951654494767578,-0.9657238760554983
2.1316662453474087,-0.9181346219922255,0.3688804840717581,-1.1705029751895033,1.3633744046385476,0.7468244526988932,-1.6489822147591935,-0.6507457223406652,-0.602724540042288,-1.1505570450252152,-1.9151335925979107
0.5377747939064226,-0.0755942561018868,1.0608312877452695,1.5709395359224594,1.4958829184139424,1.8144351374406111,0.5087789630876569,2.0928145287370215,0.8181201803150412,2.12971427416446,1.2733615674592986
0.7225406679796267,0.7036665904824467,-0.7281218704022966,2.3915661342765824,-0.9997176743740122,-1.4587496602347114,0.07512295110682929,-0.8832560144230994,-0.08449465255924575,0.16890846264803036,-0.6214983478429538
0.37724421524389046,-0.6113389767825481,0.7012967942387502,0.8033135065147184,0.7998975790248855,1.1819246516743338,1.0964700707083341,0.6312648619578709,-0.20761727700679355,0.9059049620033073,0.20929870636167786
-1.649061600507987,1.9005058441915978,-0.3455674850989716,0.17456308853470157,-0.5156891618626542,-1.2894250144709467,-0.6930514737047149,-0.7381316989001602,0.7934317986542914,0.3791477331500598,-0.5021867637713648
0.6119463673958045,-0.18940346936657534,1.0404256187867333,-0.10119588814141733,1.3309128206837135,1.0541864275030883,0.233953269961372,2.364558591003725,2.386002089656854,1.7442285728172375,1.9482292602807327
0.8867103533770625,0.47356067351869663,0.05432624103225545,0.3624878305007244,0.16870260790091116,0.503144521950598,0.8578096600149904,1.7614246547665835,1.4748103657057576,1.4259384050593749,0.8686600527664489
0.4462255664613447,1.6359656909507652,-0.10845936035372417,1.0545926548301003,0.09558856491737994,0.1343481792990452,1.0990062821007636,-0.14002245189778906,0.841616756691014,1.3656612508983206,0.5307249476885483
-0.7396680932865906,1.0625520830833928,0.14922328489153766,-1.6036672720613456,1.0856104298199767,0.6618870643868278,0.8199909855966003,0.1702041205055178,0.37899903405485974,0.22550101354111504,-0.6658903524364893
-0.6954939118549269,-0.23635517883712834,0.7756469327494246,-1.6993068165411147,-0.47499797787051534,0.25292295180250934,-0.23391264678201262,-1.38670005944914,0.6660899933155653,-1.1660808012793633,-2.206772883460369
-0.25017970672773093,0.6797937416374702,0.3914848413629927,-0.7508750590589387,1.671194846795941,-1.0154810016048832,0.8168654401929474,0.10738011018501384,1.3358688934498586,1.290982009687528,0.6728545653917589
-1.0265067599603939,0.9640972614525035,0.7591202877033437,-1.5602507544840547,1.2562949656059628,1.36981047157091,1.4516444323296231,1.9285757737792577,1.4658495248472674,2.2182398415288693,1.2282453580355917
1.0526709412697661,0.7525108945491129,-0.48658240433417144,0.08450911799183258,-1.5013666565407198,-1.328001204533184,-1.1250385834264396,-0.08081842091099739,0.6470793382712596,0.990480823940891,1.1325986988202168
-1.3042598764596767,0.25296477627708625,0.2510871271781137,-1.0498856625033266,1.2641712512153276,1.980999809311866,-0.29650119528030905,1.2567007444308644,0.3429364877611491,-0.4735528705669575,-1.3227278191365173
-0.49803018741474075,-0.1406898894272105,2.2602811404230403,-0.49569115930813235,-0.5057104035944535,-0.09440741399735308,-0.6959037573838501,0.8656895758637063,0.7663254618562916,0.21069341694223376,-0.2579285169963368
1.4415264772527212,-0.26710391555000285,0.7193336582165041,-0.1163046804936248,1.0706581084207138,0.6347762689802461,0.7703927022790753,0.5954019647615465,-0.02435612783741614,0.7561946985146611,-0.09423792680329238
0.7777385373958589,-1.1545143765071046,-0.5891686462340198,1.7144104328262029,-1.4349211433242512,0.8883061201486822,0.35250567225186835,0.4781684978276134,-2.4520883301782304,0.32814397853294364,0.7426535534008263
-2.4445343256093435,-0.4743594375218064,-0.7843776402906593,1.6929014531473208,-1.444127392792398,0.21733251330551562,-0.39995669860026245,0.2169841917118079,-0.5550675216370542,-0.39694050116979146,-0.8591934280402742
-1.1990631120634978,0.8241092462784548,-0.34375559416888624,-0.991979606098286,0.08523478428422093,-0.31305334436630905,-0.3174518143291831,-1.3147620983046915,-0.6012302009059474,-0.3669347584398933,-0.7554993133305005
1.5044183268281097,0.3000288152172764,2.8795584576474664,0.9058497525758653,-0.9726806652692536,-1.412431153678906,0.4161353271116215,0.02751836718628714,0.9343887155669395,0.4619772658466773,-0.2783350280244651
-0.446883358384864,-0.7042911691262865,-1.7656788193306718,-0.6180245624014792,0.025027286165362442,0.1392574891319512,-1.105549402848826,-1.3033955741909247,-0.964496222562653,-1.0709589034155647,-1.2295778676870472
0.5167295140298179,1.724053530374285,-1.3495814021261368,-0.4110362427478851,-1.1818100915005656,-1.3813213065532532,-0.37021204194849866,-1.5480545203547296,-0.25080769455175406,-0.29755717098870815,-0.9106916259056617
-2.9355758962509677,-0.9450742869445979,-0.61321324471344,1.711580060131937,-0.9504651932376885,-0.886137927160902,-0.09426704393080496,-0.45510691270606357,-0.3818323371642619,-0.0024055310024246324,-0.5106290624271541
-1.7087509712485813,-1.867279816717105,-0.3444518646460684,0.06341643242870534,0.2554190432912896,-0.05241263385454509,-0.5301928396099809,0.0004620545363405171,-0.9865480703047489,-0.5922029435128707,-0.740534129364236
-0.9280115715853681,0.9026122133517623,0.33028223496205145,-0.5431319281140976,0.22694958304724633,0.5275502232185895,1.156057722995843,2.3190070515868704,0.5048919548904527,0.6914165081157313,-0.00847536609461419
0.6232688102438276,-0.34114636341747934,-1.3508454089044581,0.4383558148009818,0.4314327395154678,0.22936733163718942,0.3415722840396173,-0.15858517287414342,-1.0922516890176799,-0.19929198383803381,-0.25134260900242217
0.9247147683992316,-0.6278830843330768,0.47368258682503706,1.4088720328965443,0.8410925807376077,1.052814690262098,1.0148148311535277,2.426262314882878,-0.34733400668441006,0.828430077574677,0.2859781899175997
-0.8444458177798088,0.6456214691238242,0.1580235965473703,-2.0120572301656203,-0.11193835332018948,-0.1919604846120079,-0.560820023065183,-2.2782925720305203,0.5512412329841909,-1.4522688806479103,-2.730104322459483
-0.8161623377311137,1.2048887041301402,-1.085481886002042,-0.5696180945177922,0.009377642600542302,-0.46075688277891946,0.014710018627980576,-0.7584465170599012,0.1295417475940659,-0.08854920812975364,-0.7947809729411299
1.240235413120932,-0.2587031967825044,-1.0050428993567213,1.6641391259065705,-0.19242001131733855,-0.7020243256454203,-1.2947727713367865,-0.3674050894031875,-1.4053420115846418,-0.4185593038122867,-0.13587847488838903
0.2987846644425921,0.8290386612252181,-1.5593523115464798,0.511922293994469,-0.3914311670105371,-1.4698620304689043,0.3103121300170133,-1.402513673235951,-0.2596630076846107,-0.1390901208245872,-0.778234141255064
0.5288552377050828,-0.8269495520415552,-0.833356519996828,0.7833043853448167,-0.177489326012074,-0.42797504123893704,0.7409533222087906,-0.516051517326204,-0.5751485641670193,-0.47407493333038375,-1.2335999964160669
2.426284257373173,-0.07840436913290096,0.36453130241429405,-1.3515152899919587,-0.5157466790424553,-0.661923236663468,-1.6501447122203858,-1.420636801122718,-0.2024188066723962,-1.6176560597331435,-2.349124317621326
1.7357675992249026,-1.0110150527294872,1.097866394540434,0.2338543461986183,0.1575807968675299,-0.08356501317272244,-0.20828701897981944,0.028980364233847786,-0.669056110116786,0.1256704209156569,-0.08092161863385183
0.014791920486791604,1.9675022006869762,0.3763302112407859,0.0805609070182862,0.8910132553970653,0.14863041271288369,0.8462684006159106,0.05355315375219835,2.507921601294645,0.19133202098679947,0.4456491080202616
-0.3265283892620728,0.6794935123315796,0.7648675685912765,-0.8574035445142516,1.1871111925546702,1.1758660885999395,1.492669534532058,2.4444380347232855,1.1091325195157928,1.2086801443980018,0.4007529790696034
-1.5090519888220932,0.05588945007943668,-0.010419019463834727,-0.3733387436373709,-0.44127671674786084,-1.5478911842131349,-1.379719952422866,-2.17558655202861,-0.19663954360381697,-1.4940844829953486,-2.3794872618030496
-0.06358613420012676,0.2076055358647721,1.6653994383581439,-0.5247736555946315,-0.03787933014662179,0.1315589055554323,0.03599386682925033,0.4323890916153062,0.6314830775792173,0.07396221810533127,-0.9113397693710727
-1.5806358951411508,0.6896659495381703,-1.7828843735799371,-0.5706603966685853,0.6133953603331915,0.19734233702681925,0.42218663930408606,0.6545792802062825,-0.6551768980790714,0.20759134145740488,0.008107144519177045
0.08877161574255736,0.1819064468294773,-0.8247679845950886,-0.3652220766371854,-1.2945038480235453,0.2679699361782927,-1.8184000720958777,-0.8934627487030968,-0.979160138783465,-0.8279350207871472,-0.9699543564034951
1.3334719121357936,-1.2747080288012824,-1.828783510167304,-0.648807089922695,0.2753120019471119,0.7844311263153168,-0.7937764752061677,-0.4288910458666518,-2.1033595587438656,-1.1861187619532065,-0.45298580467459537
-0.6525715196834118,0.8802140045559292,-0.7900800647902639,-0.9259108415536147,-1.1564535569140073,-1.3613422856712882,-1.3472667948571946,-2.1454326751291504,-0.08078628799080953,-1.065881262476212,-1.8199338350156857
1.5149689241965052,-0.05929177779664396,-0.9911288730735391,0.527241947063311,-0.9658613325539869,-1.3197474809896867,-0.5037347485034056,-2.111630401596802,-0.7411734690415289,-1.661255037857471,-2.0811250772560124
-0.7243772478975583,-0.9932813181593978,-0.21107396682215276,0.26779874005477333,-1.5873995549502318,0.2637594221768025,-0.24129933587663654,0.038658428688660734,-0.26519315712301217,-0.020444520704699376,-0.5590986531304121
0.6694998462623051,0.9172791293093139,0.3499465131949681,1.4434938865969347,0.08928921635607112,0.44766895599613465,-1.1599109753095607,-0.26084578495302924,0.3085503962522298,0.8226624719738203,0.09546818373799124
0.17144163042018393,0.042292713544308275,-1.25701315130947,0.2173855707194065,-2.2074976683714613,0.12841056235923728,0.1634778001638582,0.17801974396098463,-0.182476897636638,0.5375642254002149,0.047204618107121066
0.38086964843160553,-0.1659552620037893,2.3858755091222643,1.6621238631583726,-0.8445397636183101,-1.32361596658418,1.2565097141987596,0.6097678436656987,1.0579787649450971,1.7375372739604202,0.7175985896952465
2.517209106379962,0.5073239160517732,-0.2984845193606549,-0.36853341781297344,-0.3149771512265497,-0.39219867673284586,-1.5706626588296075,-0.5678729399197278,0.14291887891132365,-0.5008758613355578,-1.4448085083965267
0.956217337138713,-0.40984187584320764,2.801313543297381,0.7751352467015833,-1.9938742264678466,-0.3676185681806051,0.16999856488509024,-0.9741262249703291,0.3904295612349009,-0.49017162345801735,-1.9143489536714875
-0.8111309756578757,-1.4955059768076961,1.431989503941053,-0.6756689120617667,0.43612102732025926,0.5261742817722433,-0.17418107242910813,0.2203143585473649,0.16556665512350735,0.0877607134030423,-0.6918269491135263
-1.0084227698567176,0.6755490456664748,-0.8415248277749835,-0.504541163866937,-0.147545861379335,-0.338178579060191,-0.42157790773934867,-1.3387289088400103,0.09148893009308251,-1.0687630192996285,-2.3463097671503896
0.8868976959812161,-1.2270783730256982,-2.085182626774614,0.446195907180579,1.3632468276907264,0.6474061763312235,0.532143790841482,1.4146237494529563,-1.377243739452193,0.3511996752117548,0.5761611917848742
-2.3729474622296736,0.03911844522503345,0.6362173561414471,-0.004118210253512444,1.0277723304479707,2.1985267983597625,0.2851648602992794,0.6133976554364184,0.5744047026325568,2.6295663138539354,1.1303944888559188
0.6483840240176715,-1.3117669423509477,-0.055793235962938614,0.9630328893165979,0.33932681428873895,0.46068029372366226,0.5920532552631605,0.8902352563835004,0.9811918333219374,1.369056100374783,0.6065308939423418
-0.581087449651131,1.013762667508014,0.5889217466444464,-1.1427346024213827,0.6661818397682372,1.2803509530278179,0.34822811019733263,0.9752244978648515,0.5456611065219114,0.35708130160331936,-0.5162951351120018
-0.4507815715991523,-2.7610586938561883,-0.2898901902688856,-2.105368012684836,-0.5480604091507681,1.1189047201810811,-2.273909532833626,0.02714835100095231,-0.5241994046272805,-1.475344433218634,-1.9813116238828536
-1.8993560507984497,0.40568798387192617,0.15835205949940695,0.7189204252054442,0.39714118374476054,-0.48464400642186223,-0.21631633259732896,-0.047904906913464496,0.9184503827069234,1.7129316616535832,0.8379624229340187
0.22812544217753314,0.9465292929525334,1.0445636370009728,0.6279753439961573,0.6468987385312399,0.9074339898314738,1.108502131324628,2.0470591480312583,1.9495850229167182,1.2115306136962132,1.0446989133993687
0.8566107334528915,-1.8427884543528998,1.2858932772271185,0.7111631369855891,0.011877348195403092,-0.05622699083215309,-0.7346732556075681,0.9714033783182496,0.23647639494796008,0.6762916072101985,-0.18899622228569618
1.8115352261292053,1.752754553032601,0.22679683455240018,-0.08870707207563805,-0.1090863413180595,-0.7990048714903217,0.2947645274005809,-0.7755761096048068,0.27140089119464517,-0.04625080358646459,-1.1100299767928483
2.3216275004840674,-0.2097182971540533,0.2684073039480704,-0.9675519851494301,1.3136847751950385,2.170270278872981,-0.3804758138040948,0.9979316203465056,-0.24424057147730552,-0.22862219419995405,-1.2716471420894067
1.4691077604566076,-0.7011715050412154,1.1189801835421753,0.2920998795808393,0.7273965162779563,0.8421618496353215,0.7908182404208277,0.8585682042935087,0.6329764147469881,0.9977572384820438,0.2137924793699584
0.761897174724713,-0.10789319400936262,-0.5763933939755359,0.8112256798012533,-1.0136191507775902,-0.43865907726359776,0.3240567206199427,0.5597224733474423,0.437324640472729,0.7497307720873909,0.1490982589452179
-0.3331527152070019,-1.5990058711759165,-1.029875606689879,-1.0169724397466786,-1.7442239871470306,-1.059253721634862,0.21244560261839532,-2.418420022228986,-2.125646393096888,-2.457329326611606,-1.7303704809698017
0.27018730016039877,0.6201069848233285,1.4203601277642839,-0.3231612224595192,0.6062050536024666,0.4890809814080041,1.3544045876688513,1.0433275295564093,1.6619414786421243,1.1703954343048275,0.7674974969488944
0.08253129784529056,-0.2791798445191814,-1.60781108559899,-0.05328300183045079,-0.21518899231939656,-0.8814533635801507,-0.6528908196275478,-1.0389254994786021,-1.7205230907456646,-0.6042095583391477,-0.23769174596692155
-1.0958227131158387,0.7793094327507893,-0.5132842304496593,-0.4670919418563378,0.15440829212811003,0.24073826112344912,0.4053833112488284,0.32123090172791047,0.1581601328375728,0.014996354897229572,-0.7423772876380175
-2.1674170386298846,1.615691450999487,-0.48677855513467716,0.5977677183343348,-0.10617847139241365,-0.4657509940072159,1.2980899751358703,0.5713944745610624,-0.10395162006178915,0.9525542129624206,0.487562428387877
-0.1831220245061827,0.2237895975694346,1.0071026099071938,-0.3419630834952564,2.2867615548749014,-0.43409884806193455,2.0367348351361705,0.5337661971521095,0.6502876618148343,0.7656867668117164,0.0690273128547857
-0.33826319413914624,-1.126401454004398,0.9056213220968604,-0.8155737832738379,1.5348759423594627,1.2497138487640704,1.2505462344057348,2.554923881218608,0.1417821668021985,0.890244502103341,-0.03660069221673967
0.11466725213931407,-0.10848009363443233,-1.3198462944047802,-0.3491752696083005,-0.34560035001289235,-0.833437484541892,-0.42402752450504627,-1.0977491236928139,-0.6260702919145372,-0.3006066680512651,-0.6637143085086417
0.20942468401370287,0.11243059399166998,2.103799084235879,0.40537786221917754,-0.9984028335631738,-1.5672374394871764,0.6129035382685535,-0.168946184525458,0.7831766857266456,0.4816989039330108,-0.28250253876787734
0.05080767468756407,1.1388700586776856,-1.0482751109502677,-0.08237331885028487,-1.2564190965429478,-1.5235677707661908,-1.4912288320902247,-1.2502643489037641,-0.2531794684108461,-1.6999972130426309,-2.4531956647310897
0.43948884658024623,0.8707168773559162,1.7414335145849473,0.4897520918874556,0.16430527384236665,-0.36421648930652795,1.2651996354686936,1.02884202610675,1.4300718189709372,1.8491611940915218,1.209291778158737
-0.26905486959604313,-0.3206300844693614,0.5511927079194231,-0.15371456042055703,1.0151380896638966,2.2068820560295683,0.8334791509531432,2.495577965913184,0.7514757411470618,1.688416790889089,0.634228156280013
-0.08724462214325011,-1.1949390078954756,0.012705719711944308,-0.7183308378742447,-0.045390226938690215,-0.009131869123890371,-0.6384672944371697,-0.6222417950970465,-0.3686854538030508,-0.5499599358369223,-1.1106707033697794
-0.6072429675204161,-0.011246584966465474,0.641511405832943,0.5328181026029132,2.1364616190804258,0.15692582606571678,0.09171488373516068,1.8251493424439396,1.1502915946348338,0.6216376680391118,-0.03812691836137616
1.7351406056128023,0.22045701404931253,-1.1298370860067355,-0.1460333277513708,-1.475787751815175,-1.777737609484596,-0.5267196336838351,-2.317812591892852,-0.39844700560715174,-1.598303706985886,-2.2119049482801496
0.20423701124395646,-0.5658241975434105,-0.5873367410855574,1.2334783444306028,-1.3330406546835272,-0.3761613043727081,-0.3627187380182592,-1.1780598177039936,-1.624972880023743,-0.7936730857261407,-0.44753308016439486
0.4618336704133458,0.10870611260254226,0.17053067480174414,0.1689506146548917,-0.10240369316358389,-0.4901411592056404,0.7237611602597558,-0.4149341291715058,-0.10974981228239056,0.3268991065896117,0.09840669409871916
-1.9210325873072815,1.23300686444445,-0.30840118086262647,0.16274421607311718,-0.7105270257618724,0.4745799740367487,0.6538944854902866,-0.3278719170062053,0.1714686414428801,-0.3374858226516455,-1.276328474504817
-0.35296346706715037,-0.031459315714132643,-0.2563583762929227,-1.2259535476017849,-0.5545389405603884,0.08119298844957012,-0.1775515615732851,-0.3475859340381211,0.1510431175553294,-1.4295854156777987,-2.3493327554834966
0.4407292400912222,-1.3737378138351617,-0.46933443279589626,1.5113589847124551,-1.0740484984675147,0.46215112557961435,-1.8008972789189666,-0.24294396291057552,-2.1329386073657384,-1.0452494927112135,-0.1485570633041532
-0.06304968996737613,-0.1511706194650762,-1.3963894285858447,-0.09323766625242563,-1.5301656911946346,0.24077390931649356,-0.1557756237042466,-0.6609529561284126,-1.2542511666146041,-2.609136786222399,-2.5178946439509216
0.1346382686500943,-0.9362709512521366,-0.3965579745381435,0.7505496576731246,-0.38294960935192573,-0.8587117300503193,-1.285815646285346,-1.0528087686218595,-1.3988994220293258,-0.9116706361178831,-0.6790540542436513
-1.228488524136153,-0.3423825903631622,0.542862074486986,-0.3154697671019056,0.7201653066623901,2.408030558411728,0.14287982138239846,1.6792267011820219,0.15128062223832184,-0.013932294645535526,-0.8493404488292922
0.36814140736756246,1.6174589383709326,-1.5087403479505692,0.05431561725628875,-0.6188182604718359,-2.9491039608286846,0.7465706655442532,0.040753661599051194,0.18124219861210594,0.3548364465226725,0.01627084525789635
1.4188738980729085,-1.349192245256409,-1.646816737682671,0.3393659573411568,0.34280769746018314,0.3738091646781042,-1.7432596564522798,0.6550450723045211,-1.0164015019571275,-0.8623864772204728,-1.065013012317852
-0.04762719300496023,0.6503209172632558,0.8875248032223519,-0.301990393262476,1.7979523196530813,-0.3490041257969412,0.8754713804538491,0.43272046315675006,1.2683015778944722,2.0526896545019415,1.3285079500054613
-0.3640818621886291,-0.45109606607903385,0.4300779893836482,1.3048676030493478,0.35091440071899443,0.16099549603999264,-1.1299999979894406,-0.5289975181479337,-0.4560543747317294,-0.31042269036257153,-0.3887722080023076
-1.4963075024988493,1.5544148595495375,-1.6080520373325917,-0.4635970132025556,-0.05150512240543148,0.09446178872613092,1.5178853297567427,0.07518391285540937,0.3587530684274552,0.2699169533034582,-0.12723150923526372
0.7134289779833062,-0.23818256789729428,1.7841662418102024,1.1335496887757037,-0.4370968469936931,0.19569224751229364,-0.09488558773810779,-0.008532415774037155,-0.8603236732307725,-0.22499893535159232,-0.4428624168361849
0.834188946950316,2.0123989617022264,-0.6958665362515227,0.2610391854953029,-0.926068145303869,-0.9033075468460234,0.15178900984505492,-1.7016185136748239,-0.17018093524753208,0.01829961443027761,-0.5000422292782837
-0.0579632557261911,-0.6985782339049352,-1.4597829154139015,-0.5618665030146912,-0.31896105904957966,0.1764030978989477,0.05923058145818427,-1.2377518241787078,0.0029166907244644324,-0.972546651329957,-1.9013473047354812
0.40274853055813853,1.4197698957926423,0.2784773305373818,0.020593833345736945,1.1821266988713919,1.3175298947116005,-0.003122928586646978,1.8403852507360359,2.367125366616669,0.8014869534036437,0.9715547189921035
0.06328688579163062,0.06000180242979934,1.1989894868994402,0.08658701239378266,1.0327173519489083,0.9932690579613732,1.6372977928588854,2.1635687595678856,0.32765812481622225,1.5074399614864034,0.39988396241754753
-0.2278331950202854,0.14825108724592623,-0.6265411608769668,-0.4639844185132248,-0.014826393206216926,0.22814516903976606,-1.7051918944539284,-0.4755743389741598,0.38965326428741126,-0.8677640765152836,-3.283321056309193
-0.21261170765238713,-1.1481526197218046,-1.1889809489361383,-0.2100760430771691,-0.008321284376526572,0.15560125353302032,-0.07569394330302537,-0.5919584426074307,-2.0691404323904217,-0.9011947110004891,-0.26747606397741885
-2.3155352460586247,-2.1174937710989563,1.6857494420747112,0.9393870787171891,0.19946716626086422,-0.334839284559423,-0.4431811359295993,-0.5585101836879252,0.15084983638173344,-0.025188756796841072,-0.31977701077403986
-2.481295996846485,-0.07662487814726576,-3.3424975662814247,2.3317089885965228,0.6728796189692408,0.16573301344253666,0.3061904472040036,1.1458215475768754,-0.18106405348955423,2.491412168659818,1.4583039169730858
0.4737895164084386,0.3380242001020496,1.8718952192893983,0.5972849668432731,-0.7731344455113289,-1.3728123052597956,0.9685855779519501,0.46477524983710783,1.7822835211510668,0.6990430449690618,0.4085805791121413
0.49890123452619967,-0.5307559837190853,0.20044846850822332,2.202050259742845,0.178047626106643,-0.013829715224594974,0.7254425526953703,0.7350592206246864,-0.11964595135578131,0.3481105657014907,-0.11191110691593653
0.47035949426339596,0.46089074568439,0.2666404420476199,2.881407226785382,0.7698128150579959,1.3028716984933306,2.3053060297412875,2.572003158392718,0.9457827445556337,1.9394294015152502,1.1254948526123294
1.3302452370538729,0.4690887707220315,0.14193626122402467,0.3618422859688779,0.36260909229668203,0.24532597083050112,0.19968852721514152,-0.17635725768619742,0.3987390324496345,-0.1508060309732706,-0.3695115367894267
-0.7300855453168732,1.9894222581146932,-0.384775866455592,0.16215213871013656,-0.6416760422233815,0.30001632587175164,2.023292932334897,1.182157219937376,0.9560325883606806,0.802061310170779,-0.027033141910327074
1.0807280102642598,-0.16431010835610688,1.224598308853889,1.6112456609525965,1.3154022915995625,0.7974765589424445,1.3727442812442672,-0.13319974712289717,0.3436506372014941,2.0107653789762727,1.1157756591535661
-0.9252635949617631,0.340478571735872,1.5461067641574657,-0.11601481111040246,-0.06648293355224016,-0.04179279580716969,0.834284101593205,-0.7369357492910394,1.2578643402889624,1.1671656524327156,0.28113776673548935
-1.7474852785185684,1.2960075758522516,-1.5630837945990768,-0.2698103999044784,-0.4882531867094765,-0.6998658965467357,-0.278627082507741,-1.117041937238251,0.0904902746635726,0.02188045802377625,-0.5700781739266104
0.010426126524679839,-0.25435572896280495,-0.7576173455849621,-0.2313650882503731,-1.6216009600337946,0.061741517896263365,-1.4308242593167837,-0.28492647793880665,-0.6450743729334186,-1.6125038384971746,-2.034792501511774
1.0855125846635818,0.4994192121583224,1.4206106017665383,0.00471586162912363,1.1936036295818835,-0.10510523925648985,1.732139198494745,0.2947973015828398,-0.36506646178691704,0.7056060192532886,0.0001606031061895108
-0.21458043924190692,0.08162876464325744,0.10542450619708299,-0.337395159530989,0.35867192452621477,-0.24234116378639392,-0.39957395232196863,-0.5891790377389209,-0.4208035567635082,-0.06216086111015745,-0.490668338943676
-0.8229359117902436,0.2371121198911982,0.3211567360376319,-0.6479193395377029,1.4309904086353868,1.041842606630806,1.351123521216026,1.5031109637462148,0.863769762667663,0.727204804542763,0.06217485368133435
-1.3300637321377518,1.1305212126084838,-1.2876196226038978,-1.5065581713629514,-0.29200507616311333,-0.5905654327712699,-0.36878821903919223,-2.167070662587892,-0.08850832179090562,-1.1290361445963657,-1.8969877974881302
-0.845120825202651,0.48839097597859,-0.09433492132097676,-0.4573902390728485,-0.06476279793317936,-0.25797305976243357,1.1792656680951827,0.11380860594227288,0.9892941296459551,0.5183556663121247,-0.3036062310332102
0.7116270544144788,-1.031609863665276,0.04600331469765651,1.7581620626219565,-0.0007108772627559684,0.012802897833290293,0.03212711584957807,0.34110047726865667,-1.0095174302267629,0.1179551752286972,-0.0027498604258711975
0.045329970772192876,0.31446619162892336,0.9393376273110926,-0.12961625518642655,1.6959995550450568,-0.040799526626631666,-0.8604965949768182,0.27510405923989134,0.6408296185667897,3.026046732580707,1.6333479364877308
2.2949309027317386,-0.04452814560830529,0.17385004543262567,-1.7318145001351404,0.5602499611279983,0.7530415319934332,0.8362981950986065,0.7561436540044342,0.2917897133558234,0.48022913514604304,0.25374324278983673
-0.46370170190430493,0.28083557382615526,-1.7504150218294876,-0.4819620565895533,-0.7523680119102468,-1.5331868877154635,0.5083248996103056,-0.7783858114182879,-1.5418685693225713,-0.6918316534503852,-0.397230513767421
1.6134554226264013,-0.7204044632372254,0.25296135430137273,0.4489432988383023,0.11361578297488206,0.2542450568180345,-0.859575128718467,1.3131172187346212,0.24188215670971625,0.4837662286679735,-0.35263720105282625
-0.3814259616122534,0.536037653037013,0.2004976748264362,-0.8301018513175151,0.5277971549721796,0.8524188079682639,-0.27052674345007643,1.225299194914473,0.9681329394312059,0.5394040913762762,-0.24451809956042977
-0.7302293300094993,0.1999127077149596,0.15372857863864828,-0.5470079479688044,0.01535664126362657,-0.2919799020529723,-0.21534060186445242,0.11029049342219055,0.3281181597010124,0.19885107739404384,-0.3030147482286172
0.9916716951693356,-0.7634194129824035,-1.6463182464536126,1.2884666225559243,-0.4532954169546157,-1.4670251918930142,-0.8913860543035553,-0.7327567582356626,-1.6824611434789416,-0.7567658413823948,-0.22710987113588815
1.1951676036490868,1.8063601622776906,-0.1147885555985931,-0.0902989626886419,0.43525190704511163,0.5475052471103496,-0.5248330750406427,1.3342501651751288,0.5110351811787461,0.3291945910456885,-0.3977187241533513
-0.17721937515647937,0.48109148389832296,-0.2748961663341086,-0.09015658036738058,-0.6936708753738416,-1.4744578004809537,-0.17154038858163284,-2.2921271778314845,0.16521479803970565,-0.3869797090954664,-1.2281520893243683
1.0454593467055175,0.17114081851907248,0.16605360397480193,1.1554954991561033,0.6665686055039014,-0.24086539858511058,0.5502827098181168,2.0005788497837464,0.5371221890809061,2.2006089236779665,1.1940039809159688
1.0540567692602907,0.43723980504317056,-1.288462996268261,0.2680236531991984,-1.1699210198333498,-2.0067430358477703,0.24900625028875112,-0.6788428389853886,0.22492259902801115,-0.6431508730920608,-1.6773373172880355
-0.7837778335949905,1.5713602622342673,0.4908137427955167,0.35962060756924474,0.25474640294189754,0.3687009993154827,0.3682553409901038,0.8910272100709027,0.47459301112563657,1.4422339536319821,0.1818296336557192
-0.018728396412734008,-0.526149904411333,1.2139641780778756,0.15439753236140055,1.2999699646497835,1.0352756650427575,0.6948922353425004,2.1193674391172364,0.7374977086173189,2.4654233386800133,1.3775116557629739
-0.18079288032996255,-2.3613277637719494,0.20479175129105145,-0.6613233092896327,1.327177317282416,0.5950290427597626,0.1357850319224399,-0.18807004082704837,-1.4942507632685178,0.23123201591521803,0.30584065883079625
-0.18332252948152575,-1.0094140418893742,-1.2277663039871685,0.19714269785865074,-1.9265472679069369,-0.0059793503154234595,-0.4004336165493073,-0.24364958981064977,-0.46924691826496945,-0.5842806095014755,-1.0856085412351544
-0.5566457637198704,0.8652474915964066,0.2368931690645291,-1.9568449482503079,-0.22254557393623353,-0.5407515685247799,-0.41456680111348054,-0.07799199264598256,0.4472559420575946,0.03923569898063206,-0.6459260739936878
-0.502849712307021,0.9662767940579683,-1.1174478371046397,0.41526975307075276,-1.178184273976151,-0.3685235825030816,0.7300488976915446,0.3721577478667506,-0.4545285749520178,0.6298452298774768,0.307676468008117
-0.4491268989643254,1.327826822440658,-0.4377768016425267,-1.3010401722900855,0.055931632958785005,0.22420987627740968,0.1262803275586538,0.535953215540657,0.8319786436930245,-0.024213003570901396,-0.8532713327325531
0.6920048883699407,-0.15520452788937292,-0.87204517763607,0.919442743712142,-1.341920432554514,-0.852145915689483,-2.327230447416333,-1.7432350470496267,-0.7794895453837171,-1.357470658501128,-1.718856550118112
0.7716471327243326,0.13231624609525877,0.07859429013366037,0.7421740341538863,0.16032379686037787,0.23170327650726838,-0.6954043569368626,-0.522612022134676,0.12233135042776638,-0.37129060506575073,-0.6398634412656931
-2.485916035421934,-0.6910156941248852,-0.6523625198349221,0.37804922152329967,-1.0282476837218089,0.22102412983147945,-0.8055650217567701,-1.498322185685858,-1.6010710777062602,-2.1769639797596056,-1.7423173755157229
1.333734764725853,1.5561886281630823,-1.909772647565405,1.3535257445321631,0.36615276630891186,0.6063496210475106,0.33637877682959233,0.665036400277263,-0.06379157768529237,2.03262104352865,0.8102488580228048
-0.25936213144755915,1.422377344339579,-0.42993511169493726,0.10135184087224247,-1.004731920705856,-1.2975830349427184,-0.8232854589733348,-0.9201457908609476,0.9595405997623545,0.5752027295521573,0.11721935871647404
0.3499364447984338,-0.2715555331219379,-0.24472678443548695,0.2842640742104619,-0.839894884910172,0.08477771046485638,-1.2277085442927702,0.8719514857988129,-1.0906869865948605,-1.4890769318346928,-1.5459399014024755
0.06516943314992293,0.6030066760047821,0.9988789966454338,0.0860324419676641,0.8544129521611334,0.3417326610776682,0.03374051051363189,0.8966383613432187,0.8275821216340582,2.7112640920935975,1.4280204026309367
0.9286716081144126,-0.8443282043529626,-0.18955475453759618,1.1953964133694723,-0.4019645430689959,0.22543475440012006,0.7637136025284252,0.35354828237886265,-0.3761107526231323,0.4466313544946557,0.11906160565055446
-1.1146536873234334,-0.3027765220735895,-1.626706933846458,-0.3569819555295849,0.05977777225657893,0.05917761390523606,-0.4490357075877582,-0.8732077165817029,-1.6132781735067134,-1.6788580444726307,-1.2294476942982735
0.19536954667717576,0.05596906570361964,0.3814243828710301,-0.051784958218503874,1.0818723841507867,0.5167267404325915,0.6538836991474691,2.796823777813001,0.895915583947879,1.8964973892884884,0.9326586610971686
-1.498628907110228,-0.4076707776964902,-0.47267556569005,-0.24334204615440128,-0.3772413475195634,-0.4285027103075108,-0.5746666267071322,-0.8168644417260053,-0.21668757457718224,-0.614924376287786,-1.3072597451927923
0.5877963784305439,-0.40815146269683783,0.7315492046469989,1.1501620293805304,1.3864114251422857,1.6968981022836447,1.2933665747635053,0.23396154760935395,0.08329212698530972,1.3060440940299642,0.5347070030605567
-1.4810689694609562,0.01401184550245005,-1.2919793927581413,-0.5188927600205413,-0.7235813017285373,-0.942103144379324,-1.492607386252152,-2.464869293423817,-0.334871036054062,-1.1718801140763924,-1.8087880544224337
-0.5058463863936152,-1.5627451655347795,-0.7280667943073755,0.010394299552980768,-1.304414126056717,-1.0235921999568165,-1.095274003986552,-2.6058880722127657,-0.5803555619172764,-1.2313652509748034,-1.696749904492886
-1.7544148491285119,0.7723375752131267,0.4276939983113756,0.3071320472356494,0.6383994884527748,2.2836506238065497,1.7888240530854036,-0.14383400736714336,1.0670822994334217,1.1056421264790988,0.4132202626373063
0.5537132032849728,-0.8297937115748274,-1.2144378816850716,0.0993876547840079,0.11070754483803669,-0.07536863000501395,0.13111472744717043,-0.9523629917969467,-1.6331676282860978,-2.708156105011278,-1.8267776295682672
-0.8708957799756034,1.4273476126716433,1.3142950433905243,-1.1210571080675074,-0.11619429522622993,-0.005972507093912394,0.6423413156758888,0.6318235212731891,0.7693773699878712,0.158748908594049,-0.3637213595448693
-1.147203837890822,-0.6519203346310305,-0.8059014958236382,-0.5397336119725242,0.6145621683942208,1.3161535999138483,-2.0242439497745996,-0.1349242056796615,-1.4488911775265063,-1.4599661058954652,-1.12870675510095
-0.17612927230073244,-0.020966815138952034,0.5456795743708593,0.181876845484911,1.3179896097820145,1.0197678906076972,1.0499804277886693,1.6949561983902517,0.5662368197377484,2.1238057231141756,1.0356120996247224
0.40307509860455953,-1.0368588881492937,-0.3640308759586649,0.49072246726359736,-0.2498839932467123,0.016941109562026324,-1.6669723324100383,-1.6554242139755475,-2.1094165423524243,-1.9554885554719421,-0.5328119866019285
0.6941433288217242,0.642990056044548,-0.3672435897927908,0.2973535907651407,-0.6247576731715058,-1.0054982984173853,-1.1759873547655961,-0.9963195682793808,-0.3047617118762849,-0.9400962229171466,-1.7467958567807567
-1.478188517113378,-0.24144120939046143,0.8402125079671721,-0.14373436164921527,-0.10558003084043988,0.17946407568989078,-0.8819136755027694,-0.51814743401371,0.1258547609563011,-0.22141640369092835,-1.3020538592019044
-1.2841427654914084,-0.7750034990355308,-1.2675218347703487,0.04620875724539497,-1.0208037677898907,-1.7260355427108864,-0.3105710372101175,-2.4062322484586987,0.13963265950002568,-0.36686019205471243,-1.145007449711324
-0.5852868687918926,1.0776162804166713,1.4745054198462022,-0.7120603411361339,0.11754856741730202,0.39424892591502275,0.16381587034410872,0.4289166344521931,0.9190971208792923,0.3954328664151669,-0.44466627175500467
1.4892626040713504,-0.3441991536439666,-0.5289864772871774,-0.3488295167115495,-0.8273884900641376,-1.3509838762228474,-0.5190123096511876,-2.020241392563037,-0.5902218184896877,-0.5478026328523729,-0.9684434554071851
-0.8962107833164464,-1.5614616985511611,0.6025998686896958,-2.086613013257522,-0.019403356314162457,-0.1373492050526353,-0.7484823824547199,-0.41145065411811144,-0.47003381979065567,-2.0752219514414687,-2.662316720740519
-1.3650290026828127,-0.5231253316176906,-0.5993088106079068,-0.7042434070456177,-1.5052579883136639,-0.3042563805427153,-4.8037177118320784e-05,-2.1558946359363427,-1.5886831100745762,-2.0201836017457473,-1.6575770052344665
1.9090872961715748,0.7039620882592641,0.7200126204048924,0.31670534470271605,0.9182319313256515,1.481864830125064,-0.5275309840205347,0.48288463462610864,0.7616645968411921,3.031858973805282,1.772372854145196
-1.2229623944612642,-0.6752319760627649,0.5799311005207184,-1.4744684581795524,1.5764113309991519,0.3146977914421767,-0.7649008200417983,-0.5837624675452397,0.018212370996681278,-0.5054246246076848,-1.9807300555915497
-1.703118773247318,-1.6619278307841199,1.3097690199290792,-0.17585456573691519,0.36353434411381536,-0.09241984362770361,-0.3604043162490925,-0.13454787673464788,-0.4324118461883856,-0.24332342565112827,-0.8251809425431855
1.5779366015426355,-1.330657341359944,0.15443352117851547,-0.21008393994764446,0.4311874492363401,0.19752225067065415,-0.42889114875142004,-0.4858046318810112,-0.4490103672967946,-0.8437974394328345,-1.8567904436014548
0.25308565397582145,-1.2504573820263942,-0.24485092245389944,0.4627341619214357,-0.19432305915822926,-0.2905471283892713,0.2399888864466472,0.007845123679639049,-0.5848539631403582,-0.02925211255017368,-0.3482125849739518
-1.7291435948133462,-0.9841443138361208,-0.5304063444214815,-0.14626498214496064,-0.869083160002967,-1.8668436315396622,-0.351085277700546,-2.497310999910134,-1.8684911825526922,-2.482043105539856,-1.8384055008770863
0.6332526952558503,1.4917129944863343,-1.5521858518529454,1.023030234531204,0.6393726000245148,0.7609213792546005,0.5352480212795554,1.3399134348696133,0.11890016791534058,0.11263674502956222,-0.31256180653492155
-0.8450818175634887,-0.7278152079641594,0.7318290785294506,-1.2942559465810877,1.450446493996053,0.8995332873483919,-0.14463022007676968,0.780213800110889,0.16677855765860478,0.3254457849833584,-0.5216133668892031
-0.4991470871851488,0.7797108691792379,0.3264553643175324,-0.41926241083202215,1.4165846072317034,1.8889146826118064,0.01854852317740613,2.038562710865761,1.1416767466768085,2.4383079440146878,1.4879703936276525
1.9325170880496023,0.19813980037353937,-0.8547092302855335,0.5035036073484189,-0.9053637929783858,-1.4864907540950738,-1.5097273790997146,-3.236095435192088,-0.7001448032700297,-1.6773060301446914,-2.150524351668698
1.134521596021413,-0.5128078164331398,0.6824304226095975,1.856856502181724,-0.03580420949927732,0.0019597283108032104,0.8477086711385005,0.9757632649781937,0.39149449302127115,1.530275042053703,0.5337972191310157
0.7688996612829174,-0.7289127675675526,0.31814826458637196,1.4212208482624296,1.1713611164882853,0.527129217760149,0.6637227009065788,2.026699247293908,0.48506111648727324,2.311790114206469,1.3757441809823725
1.472343442007707,-0.4161612888448453,0.6866461375811063,1.336893420307322,-0.11923721015614164,-1.3440173403641604,1.5400124279682934,-0.23913536746777714,0.3790482104730515,1.2083449261827592,0.23038454790302662
2.1833576735568716,0.3337582473871659,1.1772580755116644,-0.3892526828682166,0.7094489413190922,1.9343474358367896,1.1850861489107762,1.6864427554486296,0.5947228890761036,0.6300941656504857,-0.1938359024520963
-0.2047357383963949,-1.3288024183758733,1.2462691920245625,-0.26607424354682113,0.5988751287233077,0.8316587319831413,1.1317167124813936,0.8972779452315011,-0.1153232591406948,0.44187618786573146,-0.12593511025331933
-0.13710385902207894,2.0477391314597493,0.5323008797788213,-0.6005537490800901,1.1184679282867631,0.03868313924302369,1.515565200253413,0.8276402279270705,2.3515485626665016,0.9584482029718236,1.1217227198900754
-1.6246493348108504,-0.6525006873161667,0.5543910384015649,-0.13532775002225148,0.541872227952231,-0.020123149988341082,-0.18443740828326902,-0.1485616996621363,-0.4021188173002025,-0.1502431278723918,-0.869207065076675
1.0128223961130054,0.35095531439182875,0.015297107092842398,-0.4075003847945674,0.26971105065643336,0.48159064931833995,0.5085845318231937,0.024548434034588063,0.5205904998045059,0.3236984153334161,-0.6001574609374463
-0.45468435555701187,0.6395314275631367,1.060348008033686,-1.2704178863564302,-0.14381992174408753,-0.13558150468556895,-0.8137565256114162,-1.0246761159364577,0.8509324821911728,-0.6084115145480773,-1.9215617167095056
0.7987988325398125,0.45346345909275876,1.1362270246357586,0.6372157483378017,0.7227269809196922,0.5101613460084686,1.3547799340120548,-0.07575591444321272,1.5089869512093372,2.02134339536756,1.4936341060696032
-0.5109108257419858,-0.5182966331665501,-0.804989757759215,0.8613487441430184,-0.8674799124031429,-0.19473104438406363,-1.0666218732471255,-0.9945041378971369,-1.5967585850130874,-1.4497237141735613,-1.0116554931478818
-0.1590501412377543,-0.23747199135774744,-0.19386218353168894,-0.6898769200424228,-0.5789884904850141,-0.8189962601653472,-0.8578951331341382,-1.721690884589204,-0.46704145703495126,-1.969266584729111,-2.5646124371011223
-0.4626153407864714,0.48357201814328216,0.26997567711866277,-0.2658127772976433,1.2061604156576595,0.09851458953176973,0.34937145705808437,2.411427796975376,0.579252032769229,1.6945453151533907,0.5218016465857375
-0.6413120091542444,-0.28238658070085676,0.6311271418948977,-0.46373435919744915,0.48894500582407197,1.262386902033656,0.24606299098063378,0.48426064017445963,0.38466124653970646,-0.09296528855383679,-1.0487480581897524
0.29891509876126116,-0.45224982874155795,0.6257620662657742,0.520099346858331,1.2868075059538304,0.6592558561027697,-0.15747018882500247,0.5337240646529056,-0.21662282618737339,0.32040281633334566,-0.10548103303961309
0.02672369219563415,-0.4313332535916312,-1.2335142235886605,-0.35108959515440513,-0.45025316645315266,-0.5839158214330108,-0.9259874931723191,-0.5573658943884364,-0.38566697310537223,-0.8956620285609207,-1.4952836385238764
0.0048034080949611166,0.5291900250186821,-1.210188138412829,0.6232135421908203,-0.9539349248485729,-0.6097231336528371,-0.8977185067635214,-1.0601216309716308,-1.3327619921192373,-2.5057686787046984,-2.2947419276023844
-0.6608478589487939,1.2129320607694902,-1.021866521337747,-1.701737627147602,-0.8100216212883364,-2.095278223313705,1.0957516347389962,-1.8741452979685935,-0.18955726284440377,-2.4046646199019905,-3.154142929432753
1.6794486998777214,-0.6920165631017123,-1.8223510558026108,-0.6495751077099098,-0.15567051015430478,0.6884942465526334,0.013926457224564363,1.0810830419725037,-1.5245031710951433,0.00212805180010478,0.23604901422146707
-1.3004217236139353,-1.8442902183641603,-1.0432437800131449,-0.47769747129184453,-0.5610972794010274,-1.4971635631164681,-0.05313152762998208,-0.5769880491418693,-2.5107239814040927,-0.2551764595593182,0.2714108596788859
-0.1392931412156851,0.4204467442409466,0.6434603849774129,0.05545707245628334,1.71572750862215,0.2682108834081768,-1.1190011471353107,0.4199995586981561,0.6995740206159846,3.0818141191391017,1.8545847708927008
0.3395557151043013,-0.7469892409407811,0.7025662936475237,1.0414727211899009,2.3337944790238403,0.03729993088985045,-1.1563901926864195,-0.04433335795928901,0.1237851152031029,3.314368641259521,2.191363671247952
-1.5117339480549645,0.7274341640711209,0.6199423790545209,-0.04692210892997423,1.1436372443271523,1.4101487193849411,0.6818752820918703,-0.28931452884748876,1.7585660469622486,0.3250319097561709,0.04642030146599252
-2.202733722807086,0.330595423044168,-0.8303790603017405,1.5810502122752468,-1.482257995791666,0.24962521157944206,-1.0173269491934551,-0.41142094733525403,-1.024534348348741,-0.9613514038823643,-1.0789676588636825
0.4504692395555568,0.9748608229426025,1.7126207066894699,1.2900085627854871,0.05389730873037667,-0.07019727719708584,0.8370880591191894,1.6254886832767108,0.4388407513857948,1.9944486775798325,0.7642282000935094
-1.018263063382275,1.353817517236924,-0.8550555962990808,-0.7299967485920259,-1.6399489608078013,-1.2962559793460384,-1.9649289619305605,-2.0626221348776745,-0.003724092060818085,-1.4495525261380913,-2.2600964285544
0.6791315297248396,0.3233487362897853,-0.024427400537149473,0.5213967011570106,0.11358219398341307,-0.5739172492162947,-0.09173276750468984,0.04615101562577674,0.27877146389584634,0.37823401179758087,-0.3655333164705061
0.07080596323691843,0.2352316710010065,-0.17240527323869143,-0.05528744569010288,-0.15920932442384597,0.339088642903858,0.07533744984066867,0.10127114177926698,0.3432922877216077,-0.15602576332879747,-1.3392709775530132
-1.3993682332050414,0.7635740938123863,0.4348849459564323,-1.071277023993781,1.3927490729821015,2.1666631284720204,0.2564131366548015,-0.6535585079869755,-0.5691258831010633,-0.323901973974933,-0.8110031031432607
0.44800981694721925,0.7233811150777908,0.8945723163894269,0.7397276594209375,1.4932349865254018,0.38508300809414236,2.2315085370387684,1.2612744586174391,1.1085287028695354,1.2447181545555936,0.531674930073339
0.7338073680286405,-0.7827973406359242,-0.06496294353639656,1.4549212023499103,-0.8489336942406287,-0.7604407897312004,0.04446576209351988,-0.7783233831567149,-0.6038324154966129,-0.17768691197103015,-0.5693035168832209
1.051399312322485,-0.5189152399357865,-0.7195276488600865,1.5756617646037712,-0.06577707967394497,-0.2870213407559204,-0.17184100787412548,-0.09672247301131333,-1.2074611600080125,0.05851155303345833,0.09308842892766664
0.11116518890388474,-0.7412706534044126,0.8227237701683553,0.056044407325340634,1.6889103353466912,1.2693850727349227,0.5917628664319131,2.059772024238934,0.44107966532216436,2.36305653693787,1.1399074249372947
1.3491525412725738,0.04307927387600252,0.007705579032759294,0.5802872250672989,0.3315523901072508,-0.07948091494993703,1.2445778069356257,1.9503046882572277,-0.2064253322281573,0.9877231841388446,0.14538107614850365
-1.0582383488296139,0.5471488411453846,0.7258148282098008,-0.8028981877140583,2.2058493123108205,0.6492666134288008,1.7843459630388638,1.5253184009004541,0.38429904239649015,0.8227483127744831,-0.10245995889760309
1.1271293145782277,0.4129680617868652,-0.9154230564702351,1.8256589592468804,-0.3693501376189656,0.16198708886557445,0.4570578072037281,-0.234106144988806,-0.34022121413144807,0.945304213713982,0.24961874699002284
-0.1514627597377395,-0.26535687223176424,0.4092256320690245,-0.5368517528049103,1.0454295879737292,1.485193502484512,1.1173225151890458,2.2337481599243656,-0.21865042256041703,0.7894881604826152,0.4790426265841645
-1.3034343853586197,-0.9492409181117809,-0.23543813225008625,-1.0597423853507086,-0.8196778902722304,0.7341992840539425,-1.0389628484186342,-0.6509980992348614,-1.4457989741807227,-2.100355548046732,-1.8513458935894356
-0.7085465916559565,0.5583200302083678,-0.013794084174599394,-1.0074011004540409,-0.11261157243108305,-0.41976669281468876,0.26777744868332126,-0.9377737637812288,0.9901860462211183,-0.04772044712207209,-1.002029408852386
0.5476816234444256,-0.3732730464726359,-0.20638419485934956,1.3717584461644723,-0.23620815574815215,-0.5070130139375852,-0.3659158471286387,-1.0414847128553815,-0.2493862354869551,-0.8604251307710392,-1.360583415912738
0.11964218060042305,-0.340031552725376,-0.27696879074823605,0.7667309481303742,-0.5794656331004437,0.5919306181546967,-1.143337363852523,-0.8232857105403106,-0.5037613052397879,-0.9414036735877623,-1.7363508561176113
-0.7819908019107654,0.2927260548580098,-1.2120545376690246,0.10612238603763402,-0.8313246514518612,-2.411168076339227,0.5161428925920144,-1.6382765731885474,-0.09493742434800068,-0.7307908765574335,-1.5379186422391518
1.2045100527910326,-1.1895748099689587,-0.8439964361951998,1.3949011259521298,-0.26218631182671837,0.23852697765653857,-0.6213759832466897,-0.4731265317515313,-1.104379117657216,-0.7770928061999334,-0.8554221514760075
0.7500635940472434,1.7443477549632154,0.24262276651930137,1.3426959970535914,-0.15364885150135904,0.050570207523632504,1.0688969888660973,0.08148053312625692,0.021028982775529448,0.8589737299105304,-0.0340518606273645
1.2846258298962643,1.3062722445416304,-0.01936826657896843,0.5194979518514172,0.22891592442205372,-0.2037349531247828,0.5912463065723462,0.26766833727357786,0.6019479501220355,1.3889510325011774,0.32093167821716684
1.4296499298636458,-0.0021816057480334643,0.8298627708604088,1.7445288766981344,1.5902288671547782,0.7471876047551426,-0.7364824337731084,0.03893941223731645,1.1662180953961345,2.9694064066294823,2.228918033097686
-1.2155908405140006,-0.40682206079309535,-2.270035691314233,-0.32195932872728417,1.0528569362024878,1.3242225017439482,-1.1925835088218086,0.44319039479836025,-1.3785990441255673,-0.4749623689046022,-0.2754460024904038
-1.0521109514586784,-0.4398008067733186,0.440191795157594,-0.7995780072744307,1.4996783516041028,1.002617380312197,0.26993661147260006,0.9122200543195871,0.09742892166727465,-0.04013110150390642,-0.8302608232416744
0.44551864590197904,-1.550481744125808,1.9174638300858562,0.7858112041011909,0.5446398084390967,1.5206582196529126,-0.8943539265707223,0.981530334359975,-0.13588838655804075,-0.23790461698236465,-0.385563442040474
-0.44017511795155284,-0.8252275424313237,0.8875718074485074,-1.1462861558752904,0.20746308351869958,1.0050136617381342,-0.36783724513412364,-0.0048596473943222085,-0.346031069601544,-0.4262243832312197,-0.9771762187289541
-0.047962472203495886,-1.4063124215846416,-0.4222576422289016,0.5452138768392982,-0.2967979559190538,-0.7374311608265389,-0.03266832066651437,-0.9911417747501674,-1.85916099825107,-0.7662645942576092,-0.22468685194409221
1.6400193324947094,-1.7073748408058942,-0.46549975907639074,0.942193716063823,-1.5749148004451317,-0.6887134206940878,0.23496271235257138,-1.766163768432772,-1.6185614282614538,-0.9067767148235226,-0.5609136827677373
-0.8335279875434087,-0.7013529328704107,-1.2539674936051448,-2.007966606991035,-0.11852536138859004,-0.00615505469909397,-0.34509945009608844,0.20613888942492253,-0.6659811133919372,-1.6899819038595105,-2.0989334461532314
-0.7373719291166322,0.4505953233679271,1.3912942967497042,-1.040988246575828,0.30411063357213425,0.12188313558230812,0.42220364124939624,2.239149150170478,1.9537970599459142,1.376172044926098,1.0608831786446624
1.1646342214103733,0.6681178264968045,-0.49010087454463874,0.9842476650158433,-1.1438997894176117,-2.5369466274405044,0.5790160908350872,-1.546674303897896,-0.127825160360548,0.0898757549883673,-0.3849683967375779
-0.723083609117589,0.4754279836812538,-0.04501430312211978,-0.8697460261357636,-0.4386029714721129,-0.7140637012088468,-1.139145111607161,-0.791464460756241,0.6011792737653625,-1.1115498894867404,-2.491496271193246
0.9590099418451019,-1.418520025094647,-0.18097459375908836,1.8319163457523673,-0.72519918361618,-1.5847621377575507,-0.4410791996903333,-1.4108200918727116,-0.8719618515409043,-0.41207337407323397,-0.6814815662920892
0.7863297236477763,-0.14721390028530898,0.09495614742835225,1.1957738311294595,0.07574908501030775,0.4516516824624761,2.0074756161113307,-0.08195704972414442,0.17989921041651735,1.3077047961232975,0.25607071575001383
-0.4155116780058804,0.0224036570535165,-0.6363794031822934,-0.5000553078930523,-1.2985626037183584,-1.4712949318684165,-2.4658010880799357,-4.6525827799928905,-0.7095882948491398,-1.671003585723517,-2.042159536099591
-0.32507891257913085,0.3179863950027756,0.49154942355809056,-0.759831340499586,1.1336623349104653,0.5288321367627342,-1.9441707426509178,0.07932171217314726,-0.5862585307623973,-0.9473586429984723,-1.8112777494348367
0.3517868580286282,-1.3665121258980075,-1.6236814232249384,1.2256670507299603,-0.4956527476815087,-2.3584671233256023,0.034448943784718966,-2.1282130634324856,-2.4334104258517244,-1.1793972895804057,-0.46934979464372817
-0.50946366690604,-0.9679865032841608,-1.4073994898702378,-1.4179322770421956,-0.9268711055228442,-0.8496917330389469,-0.6660557505087903,-0.4233195072845143,-2.246698084766288,-2.3626850917243267,-1.5750217829662998
1.1761828756223371,-1.143303222862903,-1.8277232888335466,0.6958591968568448,0.4035972746225255,0.7830275371921176,0.3602103068685984,1.6234776859322253,-1.188559113454062,0.2174763503929492,0.22800425425113174
-1.1462400313387953,-1.5303830807507663,-0.4440337534688567,-0.23212312491488252,-0.23345968682992602,-0.2769617775713584,0.4631432329817693,-0.5260166547878384,-2.1898782933409806,-2.051902866771907,-1.0142947889739475
-1.7182773793433856,-0.45400534882545673,1.6984906487696516,0.09469882061201976,0.08689642359220098,0.3058272604858865,2.692248573328614,-0.08594063432133314,0.5300084534946072,1.1151987726377735,0.060592560854429434
-1.4223314980457407,1.664544373785645,1.4074904266886925,-0.15240807039190013,0.9719424466936444,1.4212987742409882,0.2196825138392158,1.7375146414867952,2.741991512671604,2.2928485362200735,2.896557815173111
0.4274165255949091,-1.2441427412400088,0.788819565137721,-0.18694390339139455,0.6219994117250407,1.6454308130558415,1.1964777605276153,1.361281292713435,-0.19090247091750698,0.4022418716344506,-0.16972265839973838
0.06737321259048404,0.5007929095222795,0.8756920903069025,0.47765888084442654,2.4821418279132965,-0.08285734520601218,-0.741564849203124,0.5220783342080215,-0.22279749701692086,0.5536072530220872,0.03770378238791949
0.980917667645838,0.48772584890946724,-0.12616561859090183,1.1553003279425842,0.06067741346641306,-0.06861764670290657,1.4147977974345953,-0.5176970567855532,0.20915179904349807,0.5197386913704708,-0.09466877552156858
1.8194171815195115,0.6051888035532048,-1.1076914487567857,-0.15516994612834834,-1.3172455956730047,0.6487405944254293,0.5032772502654326,-0.6205962145449931,-0.33399320597686927,-0.9096884741721067,-1.5214226893928282
0.19032418446366123,1.0839563861443797,-0.596833678720732,0.7991928431688604,-0.6305542402419955,-0.7511665003613487,0.1950480139837298,-0.650261526758458,-0.1969253595392313,0.002722530214904789,-0.5768649085381927
-0.2782527872488934,0.26862860192721716,0.06850025860541616,-0.7464306769901123,-0.5542892474765982,0.6183689784417581,-0.02393608917459889,0.26216214142219696,0.5966592581374689,-0.012910316943815003,-0.6782141769971441
-0.6698146265152575,0.36099150750903664,1.2300097635137273,-0.3547994466193609,1.50582165039402,0.4591065229520122,0.48537111204039346,1.136656836706184,1.4563080762847438,2.5778484535600255,1.925148097347345
1.0227165219491017,-0.5758074190817445,-1.5421117917272242,0.7121151402813607,-0.424688042148183,-0.5453875316243704,-0.15486275739817318,-0.40855972749760716,-0.815523349296409,0.0979299028226186,-0.055097422571482424
0.7877561857309101,-0.8472109284267498,-0.7973593523727871,0.909239891310693,0.08458495904558505,0.4817563941352132,0.6432377941405294,1.5256707032434944,-0.5747671267096265,0.2031900120706667,-0.26159758094459895
-0.4882292894294896,-0.18665118250423032,0.11560831884815027,-1.073873124281638,0.4569094862913432,1.1245148038423154,-0.9020440694118323,-0.36500267352367166,0.04696424910156216,-0.6015863103618571,-1.669814936963331
0.4456441642650887,-0.375512080870255,0.5061051523695095,0.7623484612472334,0.8959606989114799,0.35144651541081384,0.30456342848212026,0.9769999957632927,0.8153883018222363,1.87516248837069,1.0016595588883046
-1.4173700159069111,-0.8112717035687091,-1.2984861280057443,-0.3041412036967466,-0.9312307272264594,-0.4339968667115035,-0.47754201365126137,-1.4278279002483774,-2.7044412693625137,-0.5063784884138142,0.10511926310556075
0.2472474118294869,-0.45951585523646565,0.5992628841123494,1.1960259699453815,0.9142926095790797,0.7459368211769216,0.4877224996319943,1.3582560283745124,0.3439087229547261,0.5879567841816669,-0.09471180582695304
1.3565899508930195,-1.202528943121646,0.19342527444153304,0.17972735994043226,0.01028980961578052,0.30530937344818193,-1.0938457482096582,-0.6340082860396123,-0.427630056209254,-0.5671835852353627,-1.3595364378302142
-0.5040312933572667,0.2073672286250446,0.7653861420066367,-0.9137908752688153,1.5603774066246665,1.0329486050586498,0.04737364408249345,1.3172533643456097,1.3403293570268697,0.6189510788793794,0.13501193624507413
-0.38701458751891504,-1.0346420499527524,-1.1877743072615494,-2.1632220253745924,-0.683221458055032,-1.553355918941109,0.6047465789093723,-2.221769004800443,-1.28633372163401,-3.1213352062363557,-3.004391975506823
0.3526139942059611,-0.609927483667177,0.30990027697898614,0.657962694403133,0.8937487959331363,2.239937701829266,0.0405248852026332,0.21805197356262962,-0.368370952654374,0.30305143380520705,-0.09206670946126605
-1.1360328980473837,-0.7876236613495385,0.41965839598571675,-0.928214179115645,1.5050248011632392,2.01723314882286,-1.1586487859272803,0.8811045094717161,-0.4708786277350719,-0.13535026449536225,-0.7032260306712144
0.044301230025989076,-0.2010809654701319,1.1184655353029298,0.30323068139302034,0.5960977222393447,1.6633001238850271,-0.06524849708926012,1.177276315322473,0.9305038173994704,2.3934480631209025,1.2947586659376127
-0.5255203155025355,-0.4039257966698278,-0.3195270539383362,-1.7974697971475557,-0.906022139385549,-0.41466776520364035,0.7378265142292348,0.15548799306511335,-0.791676060441133,-3.79193331431727,-4.109902034668309
-1.4177089614712575,-0.584151093276349,0.20675068778238995,-0.599868642497231,0.6006854894660746,0.04714621688261367,-0.114894945636967,-0.17668604545727154,-0.3966254211664749,-0.2309985550011338,-0.7778829984621154
2.261135067951132,-0.1382772572597129,1.302131910363914,-0.45140115886928833,0.7797959025831138,1.6910283966178863,1.3767367292588175,2.7335365903321085,0.6669503823185624,1.344701770830342,0.14844825341428045
-0.5488448145464478,-0.3194863552616287,-0.23015838073556188,-0.9167247038223221,0.19017703633845223,-0.25344840410949326,0.7174612653908287,0.9937894998948735,-0.21399790309552202,0.6317177320782978,0.32110485382556786
-1.4150769765023343,-0.5098665574096666,-0.16543088027825362,0.9492835951405445,0.278303776564244,0.4572248767286427,0.02387396815106109,0.18778463977072007,-1.4440521988160921,-0.0487292922655166,0.1995645512400096
-0.09810941874879557,1.7302239607988579,1.280219860775229,0.6486144238080487,2.1126716579352323,0.05444020371097642,-0.21775101464015606,0.7662222642254886,1.5707156174572385,3.100563166142103,2.6081291185794897
2.2574348773771966,0.2778447394284187,-0.26630394006936675,0.3257463343798104,0.12898240050118265,0.37931368898242734,0.20354419644892663,0.8698020640561446,0.26993159792834565,0.4360267427184541,-0.4176545784646649
-0.42794121958492093,1.4711374136236928,0.06577801210531328,-2.4476721008815643,0.30476164158006364,0.9407252673945103,0.06704028068159175,0.0901205928866442,0.6288818201512105,0.027620200013160595,-0.6532615573569862
-2.045893504900414,-0.4678003296848746,1.0350020113530614,0.6926563462993953,-0.08195817434572161,0.05326268858290699,-0.0521012225443972,0.32181938492540746,0.3332338382758299,0.5150093792678315,-0.29613345400573976
-0.11053975864608138,1.3376201785925095,1.4996601417886286,0.8195568192520566,1.2656734473636413,2.097033215773056,0.18716930870820322,-0.6329779236007487,1.8085595954637488,2.685870593711604,2.388710170731444
0.3014310518601232,-0.7154204944867438,-1.4780642992744322,1.4143558462465107,-0.13657493777383234,-0.7767612653235186,0.42367203028447675,-0.5923029765739772,-3.1968057328328987,0.1383981672451451,0.8119395857519794
0.35703230577498213,0.824797529814405,0.08053911672578654,-0.17715758439719698,0.6613535754925309,0.6171432360762318,1.1257326721425343,2.415930331875712,0.11804366893190388,1.378823467960375,0.41383867946058495
1.9088004964902732,0.010072197457404687,0.9661422291790327,0.10510250636514179,1.2253587221209772,1.6609152198162342,0.18087571593648183,0.9420783788790706,0.4305176179023679,2.8765958490142154,1.3457553581115909
-4.459698852291714,-2.108603965003699,0.32427582460885174,-2.4871335293280903,0.41101149469720616,0.006675063781882984,-0.7514159537842658,-1.543152539667858,-1.2571993498770337,-0.9248567207901509,-0.8425369482902122
-0.6880009918100378,1.6605461196439373,1.0717710697526983,0.08825312344175518,0.9862824257433108,1.6756625535983667,1.5356361340504205,0.7163888296223435,2.483075675448271,1.7474587583514412,2.0378661380512124
0.22452508937851598,0.7717113419704319,-0.8138201993689528,0.11584891794669827,-0.8085024416475745,0.3926806366821105,0.03788457809031753,-0.27398510423549094,-0.019932384597312724,-0.8774737605903196,-1.8302597943707277
1.6273723100997834,2.9669698597933323,0.4999927425811323,0.8158109192260865,0.33287968098424037,0.8047053991446951,0.7344815405261523,1.3869964839893707,1.054739615875878,1.806941443791529,0.9907410359324763
1.2469380788703321,-0.4793563505221107,-0.003917170143396685,-0.3416969249519104,-0.1472005724420903,-0.8792794602611658,-0.7733863393223019,-0.2239848321111697,-0.8451701578671771,-0.7458083139046359,-0.9873369552879339
-0.8458874798399014,-1.2231771438855044,-0.29917522979996114,0.35876660918529335,-0.1831226325191918,0.5411802056666518,0.34035266789995816,0.6829239383195096,0.006672053089505026,0.4029979582250554,-0.1320094738634271
-0.028054454707559916,0.1454163876602484,-1.5299849033319262,-0.2066677647954461,-0.17711340116292076,-0.8742898714788812,-1.2967711440306176,-2.094284565837563,-1.1236020338198038,-0.7588721274629848,-0.7820593758848752
0.2629342954503882,0.9998916960683142,-1.0778422034318107,0.654958240039939,0.5245067864888959,0.43437278687924635,2.3117918674516913,1.1543033485959244,-0.31764879485905917,1.4147049210227318,0.36031076595656863
-1.0068445708443414,-0.06049091037170343,0.7898435115703301,-1.6645548898773668,1.2624543263988288,0.3999321251842807,1.0998336899407115,0.8269712350951728,0.879832530764699,0.35872766497375713,-0.3788936281337868
-1.5077765829364473,0.8678836813298393,1.6404839822524706,0.29086432359073877,0.11725987312767448,0.5099985510927674,0.6185671001595114,2.2512238656158203,0.6021580368514321,0.9907173641826903,-0.005137118343797695
-0.5903053294032446,-1.484759217117072,1.2664693821560882,-1.4464700034658349,1.0334246541901553,0.4739384732048989,0.7580612500550918,0.8853124218175694,0.15492645215061152,0.41512381001716586,0.2060756689460913
0.5418481721614025,-0.5029440779810899,0.979843282771986,0.29601623100767815,0.45768270891632357,0.5819593043148644,0.9338832887185371,1.628793591597904,0.6286641106930646,1.9754614450228776,0.6506516449209087
0.627077358371721,1.2373051763596807,0.9519485412095244,-0.22792368200496038,0.49125807100418134,0.6816891427470639,0.1670085341776697,1.6188460984568733,1.7131897739317095,0.20729710590244488,-0.0404633391581537
0.3068435514651042,1.9972340313599304,2.561961740202177,0.5796126391532131,-0.8260900602762723,-0.8289413168368751,-0.628394479431125,-2.0094108745144514,2.8770847916359834,-0.7139034453434416,-0.8604597437610617
-0.5442960268943269,1.3036947289071432,-2.0218594473565124,-0.0872375663204682,1.2913456505206409,1.841966911682825,-0.1761527790153199,3.2392509983671998,-0.22356990935356885,1.394417476912773,0.32739717042038646
1.9321740317838372,-1.2702693690895122,0.08350589886758919,-0.6401507437335859,0.30745518673346683,0.5907816074472729,0.1369607009287564,-0.49866058418726283,0.07786508355235566,-0.2929460129879316,-1.33641502789075
1.5701371699609579,-0.07313366522626198,-0.7391132682777578,0.45350104627940646,-0.6896165838014523,0.2143154693673912,-0.205046395243335,0.012656317372790604,-0.48201850466096463,-0.7793118283815119,-1.360787265234198
-0.12124722406033872,0.12219008794727225,0.07058635355158906,-0.08603315643694207,0.07107988739329969,-0.6128997000742337,0.534698106224252,-0.061810995932205626,0.4126797093165871,0.611228023830335,-0.25981917005959615
-0.41422785336567874,-1.9326839064609025,-1.3305341935576551,0.4482541019278543,-1.2588153042986074,-1.353774659608494,-0.08889180056993926,0.256029402073473,-2.612625764304966,-0.07265524933502765,0.31205034156535394
0.762493189561996,1.082175366386561,0.7287784010444982,0.18345570537317213,0.7804709408799302,1.040241468876647,1.11253715077452,0.9677293510425583,1.5352650000866994,1.104374725811828,0.6443092989973803
1.1812210390210964,-2.254620243836315,2.600912108605864,0.04327633646032791,-0.8948218831247488,-1.190432664913145,-0.46232696116926014,-2.1874714398682302,0.009104622989806521,-0.7932500568337801,-1.6753625816148279
-0.9446084923121789,1.1568360761565988,-0.9936087957709329,-1.9320308195445026,-1.1006429149804802,-1.286654639828609,-1.5149282767398415,-0.4197594410221748,-0.3746834288103128,-0.5996837720204689,-1.1933584886248325
-2.719898733266087,0.5070408195994743,-0.40351359698405687,1.1436414925457823,-1.9948009546922565,-0.44919881823422864,-0.5938175266975722,-0.5049833245427594,0.06525629392642514,-0.32364510766406424,-1.2789992719087313
-0.5957064468312369,-0.3695236783774781,1.342057002022996,0.46295590616179316,0.4327146360267374,-0.14329312127466598,1.1812450864704918,0.3307761513560301,0.17792361647897637,1.521839911223446,0.23417309426493632
-1.8753497223634916,-0.623823433076572,-0.8936155791660135,0.18000437974875705,-0.6204508244445104,-0.43752170108808974,0.2488332791682628,0.3961044928894667,-1.7677819658228922,-0.7609000503674817,-0.3435430187374056
-0.5517369049747585,-1.109391766845878,0.09862087969867846,-0.4297939410110469,0.2421009419742384,-0.052464370135928806,-0.519516888514397,-1.0800580259160224,-1.0099370404446744,-0.5475372856292127,-0.6537219217930541
-0.7564107604853165,1.1340960067833028,0.8525536508922359,-0.22659322506009805,1.0756652596821583,0.42963221146984076,0.547444398647671,0.5827164927692585,0.5496778057624551,0.5143363993562634,-0.09547714009472644
-0.8711690257789929,1.1091293197729344,0.619531998912474,-1.2572979504666146,0.30653688563578596,0.4530396398658979,-0.3468409805061241,-0.7189591094597719,0.09054673839635674,-1.8080348511900353,-3.375884899062032
-0.24632832310720346,0.5172403756984866,-0.4800587890802741,-0.33301335251749575,-1.6241252591827458,-1.0432827057136627,-0.3939993775630414,-1.416669713083434,0.2640688533987366,-0.6147261720532469,-1.4434086872547809
0.3232258560073034,-0.21030988824120503,-1.6218795875473664,0.45464223114960123,0.009514198916656613,0.183356645070563,0.24736491672283162,-0.11898048829612423,-0.04260681174839953,0.023161000929033726,-0.8471874375727992
0.23695616810775202,0.4272514603066143,-0.4991395394787995,0.04732890851210303,-0.1433784505630077,-0.9238703651947646,0.019792023446674134,-1.7259839593209847,-0.30111100379512434,0.15410341152303986,-0.20871549754577445
0.8063909029204549,0.26908887853849656,-1.5951819873229487,0.04589434186481933,-0.14055434302330955,0.09436974230336326,0.4316305739475952,0.1366984808745325,0.27109554435710526,-0.1482047117312568,-1.297416123769482
-0.4799865094091678,-0.2936741289008544,-0.5442259161542127,-0.7765934911975444,0.016028199107033014,-0.2964059885833461,0.004468104325336508,-2.199408951400163,-0.6213169000427722,-2.028343672082467,-2.5663928474836455
-0.19537403721713772,-1.4510769039660183,-0.2508121503084715,0.2014377819412922,0.13520574936250457,0.6284619154491781,-0.6852766308310776,-0.6749904300040845,-1.4027838250607825,-0.7909619705389748,-0.5655545226974965
-0.8551224387115371,-1.05537600883914,0.24566107631625572,-0.945715453610102,0.9778325407431322,0.17425867817415497,-1.0718721540736793,-0.6368975484269681,-0.25233238190182944,-0.22114839205249487,-0.9696470957365144
-1.0842812656350636,-0.3419702603694171,-0.07543579794430597,-0.33743537999752515,0.05971055568156519,0.1570280683883314,0.7543615123920899,0.8349885986450132,0.19501185982987113,0.271486902714621,-0.10617424858927227
0.01446462226080198,2.5352297221704965,0.509353586510864,0.10623539353225155,0.006474799897624783,-0.09728859622264517,-0.5205113594806638,0.4149977275854282,1.9656758576988436,0.5954169706515607,0.46085120684446745
-0.15717606374948181,-0.12134103302800296,-0.8743103400736829,-0.45968238434821007,-1.1340732355517094,-0.8346027215057291,-1.3820177045241415,-1.2049404100068317,-1.07727702575089,-1.7797233182383885,-1.845222970624075
1.5073634546897987,-1.8112145871978842,-0.9145183052864131,1.407290266814559,-0.5279247556506881,-2.083975136696891,-0.6609535383693236,-1.0688158372083596,-1.6647639920464563,-0.18285387141184906,0.0851505571135246
-0.20663741341465852,0.392356631322198,0.8635800683486798,-0.6526228648594279,2.9615187484857466,-0.9161974951476293,0.22666786512218717,0.6167817331008199,0.7067130223729858,1.1550599842677705,0.08009428908264096
0.027817188436058342,-0.837202434123196,-0.6018848728387449,0.29393545912092967,-1.034476734602075,-0.4940434018175104,-0.3746596456596523,-1.674586004590147,-0.5694410719518953,-0.6950961107190345,-1.137998561068278
-0.1848574582215928,2.3433059160460017,0.04256814568659568,-0.743859449931995,0.41190388887622414,0.41720546359805316,0.11710344183641795,0.201630020735948,-0.07255684917973815,-0.03798606782105721,-0.6399784757644382
1.2454905917932386,-0.549865418405961,1.5171540902198266,0.6781066446578369,0.0760280310819843,-0.27809011864248667,1.4882469031671883,0.25839981378824545,0.8109164751597462,0.9707414462047174,0.20071880575125722
-0.4865285982976502,-0.4940255911270863,-0.8078777024537865,-1.313813772532874,-0.6048273126995686,-0.2338448623939251,-0.12779482596351416,-0.6746336569732683,-2.125093966681663,-2.645980485825728,-1.8892446664016538
1.0851139608901295,-0.0658096484518375,0.36160554580124,1.9775426702073855,0.6675486675489027,-0.008604211444019016,-2.070524516575895,0.4540831702664257,1.231789082886982,3.2643691842739013,2.5330525233205603
2.5227609471846386,-2.451730946676746,-0.5703007010819662,-2.21062780435352,-0.6602734416181142,-0.7335158235627435,0.09643886720659697,-1.2175531782665776,-1.2415640984394325,-2.7582604044425376,-2.681191437029335
0.6600545083302573,1.5757918349743985,0.1571396277561823,1.4030172602209086,0.7559630977655423,0.657223466640243,-1.4155496239824594,-0.016412663688434748,1.419212957071703,3.597330343177403,2.97784791239805
1.4143306028083926,-0.7653629000545181,-0.6001835325210354,0.9640681849672563,0.07371545010299774,0.17779773254589568,-0.1311860742199902,0.11627124269608113,-0.27209406937280733,-0.093538569018849,-0.6496815762014113
-0.4657159340754838,-0.1769113096291487,0.02321537657880257,-1.151398204097056,-0.3295089020239022,0.0324107418693928,0.4076394473378545,-0.27282121297811684,0.022715139837061027,-0.05345996527976449,-0.7171452233335303
-1.8777048625111172,-0.17711433514199693,-1.3068046334128136,0.18547661062330215,-0.28960485317497014,-1.05251674156485,-0.4617609709287736,-1.6336141264223483,0.16504489906610598,-0.05099243360098324,-1.0715926583634001
-0.4027246232012497,0.38790253224058063,1.3144798294193263,-0.5547490263671471,1.1806062093051688,-0.1196265640908104,0.43574375401197424,1.8499678924515441,2.305959557604689,1.6822274025635637,1.8266288557194157
0.22456066682073056,-1.0484654777658589,1.8104041435947609,1.2421770277976147,-0.11434873218324014,-0.6454155589220989,0.5989377754486411,0.8849987169303797,1.1286485879989279,1.6601879718306571,0.8861159445394696
-0.233745069047527,-1.397653957264515,0.41190778868807565,-0.7053626003526337,1.277947332541764,1.6764696721272743,-1.4331741106556022,0.8571063081410875,-0.7521537395787714,-0.590381483244526,-1.0563406426451443
0.4388306472397947,-0.6799251660583011,-0.755759666036042,-0.35585516722276767,-1.6209892725372579,0.2746415982976812,-1.5394692054504326,0.6634105316830479,-1.1111560272113403,-2.061336346717965,-2.0980555997155936
0.14374455230144734,-0.7500853046251902,0.8240666521893836,-0.21852600536776118,0.5287253407907959,0.4372146962712982,1.0195570809845542,0.6662649737368442,0.10715895096283307,0.5366417505397636,-0.28560113380701424
0.637293174217148,1.7203200144840556,-1.9311382102394044,1.693508287161137,-0.06535979334569447,0.31585881574197594,0.3135034999518394,1.3198138972630082,0.341380490792605,0.5455633728754835,-0.065058532623685
-0.0642235302563717,-0.2820227039543543,-0.5173904574730854,-0.5447900446061869,-0.9266146170820799,-0.22261069970993919,-1.4700942624049667,-1.3712678267294764,0.01671505209150459,-1.1771615734890064,-2.0174258496428283
-1.2074747791393425,1.579482598939866,-0.10268486393816939,-1.2467670601665723,-0.5464655523234552,0.25270438058311095,-0.8542544867745518,-0.32452555552370843,0.33692392084856737,-1.5681947242151464,-2.616861245992998
-0.8463823069343733,2.309433509426425,2.0546874836441145,-1.3061234421796826,-1.2804390276063369,0.5184835962967788,-0.3546038147612738,-0.5732903888250129,0.7731964231619268,-1.7167779577805224,-2.7251051242132336
-0.26316977569691347,1.2563916469169754,-1.688761179948739,-0.6213029633659938,0.4270147793711894,0.6054497721050576,-0.5448905797630424,-0.6491848037615665,-0.125398955034064,-0.7363547455814816,-1.9618736458870139
-1.792996042545092,-0.903632058745944,-0.6969620920459677,0.5352502438474271,-2.35079912484308,0.7001813933736051,-0.06716514683926988,0.05828655533018362,-3.3533144477522345,-0.18177905858251903,0.519405188987683
0.26026588966512515,2.7247463176299607,-0.8571006542065597,-0.32913446902100324,-1.1826755789977117,-1.1810627214861518,-1.009397842482246,-1.9349817856783837,0.4217437595187049,-0.6830855179998793,-1.6048899941982024
-1.0044417226378757,0.15706220919147612,0.6546409155969138,-1.4562049280453493,0.4716047044556753,0.6354837298843119,0.30915868518242084,-0.045366300386166736,1.7046239681791153,-0.03959572945787648,-0.20054045936220954
1.1541909288729075,1.452488980680603,-0.590902975741643,-1.2032308939336915,-1.2070110429738772,-1.3255610083680949,-0.3363690812586592,-0.7613949923593373,0.7418273888596847,-0.7146483166254021,-1.5624507945092494
0.21849796995694468,1.6482154651433891,-0.47994900058624246,0.8693083807112861,-0.814036970060711,-0.9334965915457474,0.31111069979264533,-0.21215086264206306,0.16870373264940441,0.21262441720204447,-0.5890707937895419
-0.8408256071033159,0.9016173193632009,-1.1636757307055081,-1.8915287700033754,-1.427264207129892,-0.2185052115018633,-1.2830020959890964,-0.025706025003470856,-0.012178487292081208,-1.1706120107830784,-1.9601276995431323
0.766687078901439,0.41131532216978756,-0.10023171177792856,0.9386943051640085,0.3286173002387015,0.39510622757991565,0.9403765631673008,0.7813032233634324,0.1471459228407956,1.3157053889596166,0.297931456324943
-1.818111537440334,1.1248577049062352,2.7298312994703187,0.7565006699505135,0.20097225580243483,-0.3862132612095643,-0.2897571737370416,-0.5337801981176119,3.474812062235431,-0.3899409039613976,0.0515449492947595
1.271340873707077,0.3472609592613643,-0.9955353367679589,1.233013522130319,-1.8248098808981106,-1.8391647640988364,-0.6491456247949882,-1.9097598811106447,-0.7443103755400389,-1.1525358958115677,-1.5353392319224262
2.1972892588822446,-0.0018468884778883082,-0.7593481911365412,-1.0836241824210104,-1.1912482409838514,-1.390687595895677,-0.20034561558235547,-2.705832495126483,-1.61644629313316,-2.4493879785724952,-2.0606843895904423
-0.5078658783870609,-0.09810576526615482,-0.4067430051340396,-0.7355499038556335,-0.8437733927755409,0.09246751076168469,-1.2555520864741558,0.014740393332090873,0.6628675689738355,-0.36551036258286274,-1.189114506751602
-1.3710311320005582,0.07013368970982667,1.068349311900246,0.168292797995219,0.15085792055847136,0.6355504576655902,0.13189145847981337,1.226434343245649,0.8159092484407491,0.5542646265274573,-0.08871037143048406
-0.576329543427083,0.36405349664299697,-1.00069423982795,-0.41393151434163594,-0.7240125321611091,-0.628300463000161,0.9575154636474954,-0.2526255134840886,-0.508624146496191,-3.139890873108355,-3.793453897409643
0.06507004285768428,-0.5825607164145563,-1.489309500340488,0.7005660056226285,0.032172448586117786,0.3836541019837554,0.5657318150999805,-0.1675042107941382,-1.2159287881111656,-0.8716026587322534,-0.7888270278958136
1.7435293711846653,-0.9933805865435601,-0.36535870710895396,-0.293854183873484,-0.3787184442410767,-0.015153261135427254,0.7569594517901304,-0.06409212632843923,-2.593671322626565,0.1283217504952141,0.41438253481822485
0.6915676685796927,1.7530960561946962,-0.559819871407701,0.2648721533593694,-2.3197943683836084,0.22998605097534788,-1.9649784385882407,-0.4853322876448705,-0.4393973578305811,-1.1293274345649214,-1.6989114090445527
1.4179665442561549,-0.8054448053930745,0.018470409740946603,0.47118487085691646,-0.193186662761286,-0.16949507139515815,0.5485334812898995,-0.1922044102960182,-0.11173003765163769,0.04810973614188462,-0.7449359756391483
-0.28393913618786143,1.0627859430939544,-0.09665098546319575,-0.7236748081476442,-0.15457858190405116,-0.7310381772692817,-0.8684851489760089,-1.2517335198800288,-0.057214943161494225,-1.147573319281668,-2.0874728559109856
-2.528054824104437,-0.25382616379655093,0.03959777182943725,1.3432525524006758,0.045227868300544746,0.5912650193231318,0.35177077895349473,0.550334819218179,-0.14392420584944907,0.8981292921422892,0.045878945555826084
1.2092503982218323,1.9086999598070964,-0.6890945665115572,0.13797616503684051,-1.8681329302471468,0.35811814787608703,-0.5812329316875764,0.1134015805941323,0.46685918760011585,-1.3748940910644796,-2.7790819043218145
0.8911382450513096,1.2068591800888862,-0.9781437280248902,0.10628950380202418,-0.2745927643888094,-0.5250059877829796,-0.42443090086274193,-0.7034601582351616,-0.2561543321390049,-0.2280368405418307,-0.8291327996628584
0.6453986236778119,0.2965887259005367,0.43005251285347196,1.9167372445217739,0.6082011294254699,1.1679245493698849,2.105420768378914,1.0798649255903023,0.221796106427253,1.2153348813358416,0.42676195788100235
0.2678222538607047,-1.5208881450587866,0.7655809871746807,-0.04789062288644541,0.8242344669875572,1.3610265154798071,0.016489335967171892,1.539502341588861,-0.7107386330873249,-0.2537803409649772,-0.7952424327887868
-1.7509163922395727,1.0909802293836308,0.09087354865581582,-0.12422429383241781,0.7455003837281904,0.4099044712332472,0.4385082492357504,0.7381705649475216,0.3726999152017284,1.4041886534052532,0.1725431047464867
1.8490410307962095,-0.12422948767558996,-1.035607841954219,0.38836076227795097,-2.401006658645304,0.7797118542521406,-1.220873896886109,-0.9451332579476106,-0.43941921121906785,-1.1457491191582179,-1.7288184472080292
-1.7914076972427506,0.35811376410339624,-0.38605289804825366,0.03933635218042483,-0.9571443278912142,0.08381482988582989,-0.14224751450013648,0.26672920749346024,0.46959321404820276,-0.02715805831165996,-0.7440477410065007
0.700426375570103,-1.3479522885308517,-1.1290888266484416,1.1674495603492787,-0.8315462630568266,-0.4552476871678841,-0.04661411374398594,-1.6112837730772278,-1.4753747235148462,-1.4387729195845265,-1.0715942855164355
0.2176979734875705,-0.9091542037628041,1.2000047675380432,0.25125000402241393,1.5356804476754309,0.4592798800568316,0.019047973720651257,0.32348547939261696,-0.04069709460884324,1.9285953594485308,0.7624404908391322
-1.8556715482389767,-0.6425827298600871,1.1316433691842387,0.06192722133783907,0.8932812150325055,1.3046733851270256,0.6789043433892786,1.4442827778928184,1.201934777501894,2.1330999722394597,1.3296940887632256
-0.35945303558210695,-1.8432159886125994,0.5954200372338903,-0.12633210713215687,1.4660930402883068,1.6197512863997225,-1.1897212111561375,-0.024718161747472323,-1.617660857025722,-0.599102339681514,-0.24902197754364663
-0.3929762678725894,-1.0193885720832008,-0.4340451678722233,-0.7507650082619746,-1.5504606750292913,-0.17966423813833443,1.0644441375662301,-0.32289010351836656,-1.3746607097158594,-3.2815954610718805,-3.086348815026975
-0.10052384047684311,0.40752565046351036,-0.1665785375503482,0.15681624861810228,-0.33569861735812373,0.06961878772237845,-0.026594652953289874,0.7047061725329901,0.02469047220962675,0.06420818658166091,-0.5279859763538612
-1.505960395573662,0.5064027767634848,-0.6462160959515136,0.6124329506062676,-1.5188311923868016,-0.11451638210349979,-0.38090089169825103,-0.29308340160871005,0.26227519101251723,-0.09980385808847508,-0.8477863892386452
-0.9630623098025847,0.2406269879013798,1.1697266913135629,-1.1264560866237656,0.6266001513806357,1.4022195492960674,-0.9105462192487965,0.6281143022269756,2.3352703314140006,-0.37137439014206297,-0.32671809415211706
0.7586763217499167,0.981937795285853,-0.023375139326548604,0.6062702747226856,0.9521304677691493,2.1953637413819873,-0.37439039333709806,2.4031619625554668,0.5855760813685067,2.3885484958864014,1.3031619986202736
0.8120975543076727,-0.30966372327394764,0.34042764858933916,1.4369912194294505,0.09719197054807,0.056132078042404776,0.08017932075111528,0.9064508426493305,0.7196088381234648,2.425889943421747,1.3143064999468086
-0.8150542462991576,-0.5912692957180905,1.1468310134215023,-1.188787523942532,1.4287873686537185,0.20601612396741276,0.6959637762375448,-0.17695832466678418,0.6821748878746143,0.3190499010625553,-0.36828515436779385
-0.8094707925165244,0.1463085038948267,-0.7543403688816448,-2.4635878455124587,0.026801073330067537,0.13709824461838288,-0.27714755920901457,-0.6226197812643299,-0.5471133526079366,-1.499928776185206,-2.0004156395375174
0.9050776089436725,-0.17808172281483475,-0.09447272828689708,0.7794592035374414,-0.034318055257114455,0.5982853099029309,0.27022475447852523,0.8573387272440983,-0.4934779397293081,0.49613693030942874,0.3609580583686961
0.08011645394419582,-2.189781604884833,0.433351145934546,0.692746695070414,1.2230821022011606,1.109023122354667,-1.4492785781779638,-0.031824691424419904,0.48641818711821205,3.4844349572188418,2.2352863484729273
-1.3616523337803796,-0.2349966164928782,1.5761375683063135,-0.794153361212794,-0.05896643241252861,0.009818585304285074,-0.0711798940918921,-0.2621240499301446,1.2245426506010766,-0.03764822173174526,-0.7656991569824134
-0.6994008430092994,-0.04277648614646353,0.21345526398505582,-1.5098371958757193,-0.557971728368054,-0.6558460288877503,-0.10114218561755706,-0.515548792851102,0.6497277495309284,-0.8896945756941907,-1.8400072253265218
-0.3453131052534695,-0.211777822316217,-0.8792882442154436,-1.4528313736213954,-0.29820717772662864,-0.3438469945844807,-2.827170894368517,-2.3966976733613086,-0.8697927745927208,-1.5560369363256104,-1.79560788012233
-1.0428348866823265,-0.1775560788937259,1.8627540309741433,-1.0956924152731977,-0.5032821760740801,-1.5887914178299547,0.7799309816092592,-1.5949601856573659,0.6370007910860113,-0.18378146724135563,-0.9282218050710488
-0.9572749649565098,-0.5027102777542272,0.9699745007507119,-0.5781266537246215,2.165902591790065,0.39813560562525074,-0.5660000598070682,0.02525788148028396,-0.01708389725523246,-0.42801992942586964,-0.9275403985735253
-0.3170122647716393,-0.7545186736585535,0.3398196240541105,-0.054705901472449414,-0.3881675134436794,-0.9833437805272175,-0.8931492738784421,-1.3361263475526635,-0.23940036729708333,-1.6476086029915962,-2.7498659192212607
0.30619757423228433,0.3217425263660377,1.4562678807414202,-0.11975453699503202,0.644468921717331,0.2580562929868617,-0.5566980614890727,-0.4818604166014563,1.1084398910868298,2.7586587945954215,1.531438117508317
-0.9429288406743768,0.42071159064683744,1.2643978318474733,-1.1228726529575668,0.680127596771091,1.6003040396604424,1.13784075788208,1.9284492614397872,1.3746991918780536,1.9435596911350428,0.7509063968708265
-0.8996260640911131,1.210841004710177,-0.5929796069342996,-0.764182674056961,-2.3200409834284397,-0.025860872322731876,-2.2412016306615854,-0.6790002285669912,0.6415216427495549,-1.4081760392780747,-2.4170057040346897
2.249037072925905,-3.276269775475281,0.4101318353074942,-1.1586255862184678,0.6603374270727821,1.4344366391271859,-0.48519217302694206,0.36706929265932264,-0.0842662596022826,-0.6564518299865859,-1.6755970893488417
-0.03085822352396503,-0.1713559135529686,-0.7872791264892143,0.2132324714465081,-1.4730741329689194,-0.4599377334411551,-0.25306428895513083,-0.4714201451671905,-0.7053309340791168,-0.1307941026535817,-0.44891359160609023
-0.9404599878766234,-0.7999404449175043,-1.7724020517329435,-2.412137289982918,0.10330734552508013,0.37759555359801056,2.312056555658668,0.7005612471132567,-1.6748318362330765,-3.3046251686815844,-2.810136464618312
-1.5678852494644928,0.012962190739080568,-0.2870389294462195,-0.5370173082366265,-0.49857935867866354,-0.17831551547411262,0.5574745738596479,-0.48471154373083525,-0.09494218751060746,0.13032421354844437,-0.43021031338009275
1.0521354729062724,-0.854896333972855,0.38733523212649945,2.155890947080156,1.008739469750683,1.2685529134547497,-0.040053123629690934,0.834343569819445,-0.6157201723575254,-0.1413056019416017,-0.36543440504669567
1.4785725185288412,-0.32736998151359414,1.3004086838594238,0.5136971241586611,-0.1995730739738284,-0.4480920197782452,0.5109599193139438,2.022452395291335,1.5820454886895603,1.4866642422005525,0.9642988107387966
-1.4842798906776322,-0.9241987119257826,0.5638867159797535,-1.7406027336914622,0.2592553906769922,0.21170222037059488,-0.6641466875713177,-0.4986881617073507,-0.10055122306211356,-0.667849125045869,-1.3995673755013913
-0.3381077057257569,-1.5264769269847573,1.3184884591801669,-0.1246248288321381,0.5880477403781732,0.00018017359706512526,1.3786351869450137,1.5931534110408223,0.1996823817027755,1.1169125646972424,0.11966269151420378
-0.18228127204757036,-2.3403660321728132,-1.0077473258400658,0.09409622698130349,0.04399963063717216,0.16476226966705163,0.4397142643721511,0.0309102438571639,-0.7229339807945852,-0.20924769678547206,-0.48890247433063827
0.6686884348932837,2.4254184332500315,0.6900280895992321,1.2702228443933317,2.535801095456494,-0.4248209550863097,-1.4820266891622433,-0.8552103533937486,1.4618136430079338,3.427428509252419,2.858179979052414
0.14264146089632404,-0.7923534402311453,0.24959593085666332,-0.3423169973173219,0.5735508015668008,0.17023876619424072,0.8181202515047706,0.3616465557702376,0.2770899869342829,0.08524883692213203,-0.7999030592236671
0.44412963011706996,0.2775542326443485,-0.19129793116797672,0.5586505465618542,-0.5831927219228007,-2.2789438980485714,-0.9239671659261492,-0.7286720134595617,0.2987784521149631,-0.4218845765184009,-1.7160084956489194
-0.3119628712391211,1.6213240706581196,-0.09828126190404987,-0.24457903375468276,0.3205760683883443,-0.07484163699611263,1.6345442148004077,1.480862675711648,1.4286954567695869,0.9327105307162294,0.38754386430298193
0.45522813344302027,1.1019062479034758,1.0895385074509567,0.4045358770558206,0.9041050532140525,1.219874299166002,-0.4660312155798139,0.523201149178793,1.6237839666026297,2.724836686652625,2.2527476521768213
0.480630779989738,-0.6560413388196452,1.483100273371284,1.145855423171302,1.3546257195176552,1.766847278653386,-0.16085881949346725,3.846462374966256,-0.12830860387570525,1.355937805956843,0.6294743958676042
0.14134894507358328,0.6173153435023382,-1.0303213398525288,-0.5488622516883338,-0.2973669576220127,-0.8444732780483513,0.22777948476786825,-1.9741313879317777,-1.0213472879880134,-1.4837150202653855,-1.5988336860758179
-0.48318537520814364,-1.9608320110086792,0.9808280835558706,-0.37498129525912155,2.0633549940579607,0.6380251543917386,-0.133002883185517,0.36330889272491795,-0.13082381893731215,0.6786628991692889,-0.10743248835823252
1.7688760846223184,0.6783673227520275,1.4255723001068565,0.054629334626003875,-0.23500106942092525,-0.31329608127284053,-0.10212227902859655,-1.0306943257374037,3.1238213272640682,-0.4464294972661572,-0.42213826810941735
1.4925440592325738,2.5466660992417642,0.5846494663620342,0.3399902219247963,0.2748462270821789,0.9970858899844626,1.2383830356609424,1.1510211093482678,1.637771767725638,1.729278569122787,1.272908725165094
-0.04171291475531901,0.6009899969285125,-1.3241224215940692,-0.061653085706215555,-0.4317127842151554,-0.7007712937652157,-0.9867161664618935,-0.7921056988874591,0.12136434325410045,-0.4065684808855454,-1.380159932840021
0.7393299314813796,1.7496041401667286,-0.14693875662125583,0.15183192456591643,-0.6618766420350928,-0.9553320489554212,0.655470372929402,0.035732031681737435,1.0959127316044184,0.7850927449544745,-0.04111914914974879
-0.5994980653195415,-1.0315675883416116,-0.030827855887770688,0.7360027896447101,-0.14647349334401294,-0.8704810363904968,0.3263261569957972,-0.04278123327441408,0.17540532745309612,0.15262260456527632,-0.6298473968501822
0.532864597691984,-0.5762283256047471,-0.4998358983057958,0.5921396435274797,-0.8712170319089974,-0.7811291091654649,0.30139490426882637,-0.6473331635146176,-0.44770723246662936,0.11605823711812646,-0.23644044337160253
-0.4293681917937695,-0.9233102599542239,0.24476850170356262,-1.0653039308227266,0.9389859389333246,-0.36653057682717505,-0.0984798355835957,-0.7488894810179987,-1.1247007343844015,-0.09444865623990073,-0.11062992573742014
0.738560483440643,0.14127543258139494,-0.5667000038811235,0.295903224374484,-1.4498909790743324,-0.6846519234601094,-0.7350722972126393,-2.3845552140145365,-0.16150453437978507,-0.3809707036917643,-1.0210051412825991
-0.10907245817607501,0.6528907110609456,0.6546059262251214,-0.41738330290182174,0.975089599807626,0.7380276149786746,1.4204053479005316,1.8767335691601634,1.6239889757020798,1.8432700746865862,1.3543271006441269
0.5340407648947081,-1.6151340620833552,1.0356385208805017,1.0722645655625405,0.8543500114424574,1.1050765945884566,-0.4400828516543023,1.3540423841565155,-0.7528948651830473,0.962765442522075,0.5439567212014492
0.8077245966939425,-0.905005467853061,-0.10902701851942186,-0.24748257968984688,-0.9562202192498296,-2.602446832968451,-0.16109695810270205,-3.5802425024524585,-1.5544119551633542,-2.483226352703415,-2.123078620985634
0.4111930835155036,-0.8827468030233896,-0.5371763011762628,0.13670458828074328,0.20618077309187033,0.256924885960025,-0.16310860727747395,0.5622793234460722,-0.6516547339291645,-0.0044774562028212506,-0.2792753158404611
0.5421396528124837,0.5176637467257738,1.0900787326975407,1.486747515298854,0.5517948928708842,0.9417770829738751,0.3678757477627372,2.1053663590300253,0.3756197961893023,1.9415903444919347,0.9683177312396632
-1.0543883404068752,-0.07917674586115353,-0.8471417248993246,-0.6404677664285205,-1.2145236353126723,-2.5281470198615095,-0.16861792628244893,-1.075815031058902,-0.7441131216299159,-2.911389786372461,-3.273567526111532
-2.1247905435950596,-1.022271909576348,-0.29285013535093085,0.11597345488132027,-1.3716216879950247,-1.5451118761755906,0.6175829167121492,-0.7697829993267412,0.5528750341456585,-0.7921314182002137,-2.094316265979475
-1.0174635918004455,-1.0271361174464302,-0.3529185673825516,-1.1437079508073669,0.036564033358009285,0.014756666694318105,-0.18338638997741763,-0.7244023117830559,-0.09529924115980215,-0.6478725820883247,-1.3842686060142562
1.185920643149269,-2.329100553828766,0.43195615002628285,1.401835275929045,0.9135087877964968,1.1748193533243054,-2.2211356277566745,0.816312085967303,-0.4442722515479982,-0.7067233997625393,-0.798351081813807
-0.133011148500904,1.2824013668938476,0.44019191859045265,0.31591625772349036,0.8309811266411897,0.12191247465892785,1.0106714658463345,2.364245539708844,0.15371201793490208,1.3964176674918216,0.30352820978836814
0.2365568132426885,1.5722129922910484,-0.7844252336240997,0.3220790768363405,-1.2950248149613564,0.03834769120854409,-1.9808369536906278,-0.6709874072386474,0.08693382288356677,-1.0396008047338414,-2.09879563254493
0.03786178884792057,0.0852764912308031,1.598622829127931,0.32540187792999936,-0.09867059592156072,-0.3577465028243876,-0.022789031107922242,0.022875821333731325,2.213248557949406,0.18210143783522448,0.21922245075771096
0.7697772811449003,-0.6897612873482185,0.5339332424372495,0.4814836784713279,0.12160776499637693,0.38024392859450473,0.23324404335038523,-0.6996550602249549,-0.14161132533645682,0.3041740165801245,-0.44552536396111486
-0.4187738433559859,0.7684673687395733,-0.677662997277616,-1.2737410946784113,-0.47690340453300667,-0.8099226048788474,-1.9387377250135742,-1.1924542055689789,-0.275767314089648,-1.8926670851251814,-2.599286788752032
-0.3848702554964789,0.11613956276304838,-1.2779964446352972,-1.0288460259979777,-1.4969763661174702,0.04944405941364427,1.4219596984788483,0.8016723808940894,-2.3055503117448435,-3.5400155261458366,-2.6768028600416045
-0.4215915225446943,-1.224950646979692,-0.36562573441598434,0.19473663545994602,-0.882465960077269,-0.6768351335090579,-2.1575822276847467,-1.9654400248030697,-0.5985674361092772,-0.8107327286183357,-1.2453520752195875
0.1015306658069054,-0.06429385279648107,0.6905686862666964,-0.4196580162892788,0.47490038134134915,0.4422322692937024,-0.566944388602486,1.3836350259555674,-0.3954369942095314,0.04925374409869765,-0.3342961690228663
-0.14703659835558455,0.5901691933782751,1.0809953421292733,-0.18417689738151102,1.06863812459672,0.19278865293475655,0.024123936419288228,0.12311560204381111,0.17559305911736156,-0.6355726547704684,-0.7222788410203503
1.0279682148624907,-0.86217770744463,-0.825710758633424,1.0299184234586325,-1.4925439337746458,-0.1527179330054771,-1.4958212193618696,-1.6669993899800533,-0.2641547550364942,-0.9024744028303614,-1.758545134798382
0.030740257091398503,2.5272632614865365,-0.8430393207714728,0.41192299738343063,-0.9881023061206922,-1.43985852313793,-0.03539133989050294,-0.8081079761252608,-0.7459286145847578,-0.1436179573362607,-0.4106688516095749
-0.7061453688216398,-0.18872324756058945,1.070181091106107,-1.3998699335538742,2.7696771808173537,-1.108729352401335,-0.009566285392888507,0.07907202593991969,-0.01185206994802357,0.5948952171012906,0.7332133593915138
1.398680312229492,1.7548345622879362,-0.19223003664326765,0.6446970881718719,-0.6802857759362353,-0.7940380124671121,0.7639597312480221,-0.13655290972253253,0.18916409689952063,0.33731828893772065,-0.2888371134487215
1.5797902708403335,0.1639591349256767,-0.7750667026510838,0.07050255663645602,-0.7397536980498816,-0.17281969042471945,-1.8899545368432593,0.2713743213385318,-0.6872990705510615,-1.899126957305111,-2.3574179980992236
-0.15942267806696947,-0.5983435212313254,-1.1209772104321396,-0.46314241286955726,-0.7414775667075557,-0.8370029234892487,-0.9684143307165105,-1.3053283848382626,-1.0933603418448177,-0.7604928534494029,-0.8084659396166128
0.12603189261058828,-0.3017748987006699,1.0299599936641688,0.20700634757087089,1.0116766319011528,1.6160691571245027,0.43659819540416694,2.5499061896795263,0.8823905866453643,2.3978769759959544,1.3740951532444838
2.0532031664018464,-1.4478742904574406,0.6494349147638631,0.47512401721687725,1.7640271147867914,0.23288046477656776,0.9972683728937215,1.0373363735929149,-0.507774788083565,1.1052558713827714,0.4931649602722188
-1.9884499281771189,-1.086193964738442,-0.3163015010647155,0.49308283794943597,0.5030657259854078,-0.019188657801350928,-0.7925787223974086,-0.4087075837210716,-1.2870624916569582,-0.17293017975555997,-0.0625659351049793
-1.0964808645243793,0.4087808759836576,0.23163461213516176,0.3741177251485649,0.5944256613907868,0.7563729866470369,-0.25567783737379146,0.46622638762028745,1.2099122842937207,2.800396594911476,1.9083804237844384
1.0243540565569023,-0.8555907170500783,-1.6012092202672168,0.49414455981219185,-0.3117570949557672,-0.9082543783617321,-0.9465614008646567,-2.8186817093151877,-0.8512756354265459,-1.0194923002766414,-1.3440086655268897
-1.0094720041089154,0.25021700780092554,-0.9774478211075931,-0.5113690362945363,-1.027466832007879,-0.5421353512766147,-0.9064425089925493,-2.0051488600814764,-0.17203692833763495,-0.6791923627985783,-1.360711805867165
0.3092657813753412,0.9490134837209071,-0.9006068193007489,1.161594127316154,-2.4330568890190936,0.7855083171541752,-0.15479191241049778,0.18800338474996753,-0.2208035233383826,-0.030625451992529418,-0.5347842202427315
0.8071198904288723,-0.8154394256018888,0.6060648482560701,1.1137314171516242,0.5543565496888467,0.24498897612379467,1.6278567428096724,1.8944757474785576,0.052778021152271454,0.8501079939637722,0.15493450982005197
0.08393932656470646,-0.5815044406747513,0.6806504787709773,-0.22034248405894286,-0.008638538558539466,-0.05614828321135062,-0.46217414628216247,-0.5966111802280705,-0.1665848377693211,-0.26598051430431224,-0.9648560811810138
0.6530974360746835,0.7149979114337564,-0.5330021217671639,0.9293655822827435,-0.22884689990911256,-0.6474492061682399,0.6093405739069366,-0.3447269009170794,-0.20835053115239438,0.43553794760696085,-0.21605637588208376
0.9092554918465436,-0.3262267866682395,-0.6486663061281907,-0.768638990697396,-1.4095453548897745,-1.3923293569073603,0.0010316750516770798,-1.4281048635608027,-1.9171532719150517,-2.659167925433162,-2.0450602370566937
0.5583623480185438,2.273060354220662,-1.0115920423549143,0.3928287499340075,-0.9262186013907594,-0.2777909104658616,-1.2113064291909077,-0.8435112853417029,0.48459544028589574,-0.6819851278700126,-2.6950210943228607
1.702817806587231,-0.038633930978265556,-0.25448729839099365,-0.288965779254773,-0.010279788856450534,-0.07173147135712193,1.0065859233771113,0.6356587555574003,-0.30325581619640396,0.32732191599853744,0.017694050365559155
0.7370243887088271,-0.13000594917451216,0.6805006489409154,0.8814934177807346,1.125884682130398,1.7012131376683548,-0.3290607772701335,1.8069595464906185,0.0680949540064319,2.7401042089317436,1.5406512447147556
0.3516091383635907,0.8180595255021299,-0.8911459798547064,0.19909430702048198,0.14869638080762382,0.8162151554713573,0.2678927932548381,1.4684046457559001,-0.20975069514429817,-0.0318557369733746,-0.8547373614410848
-0.42668243380738224,0.8555193993187522,-0.9696055223667128,-0.8409838156589687,-0.08801120881324098,-0.18936642837828901,0.17443256656008604,-1.054674529312177,-0.37721980025697865,-0.30487071597085236,-0.8208822241714709
0.11794764346417734,-2.9284373385542057,0.8329633534657561,0.15576817633599144,1.6179789327993768,0.7165712433375115,-0.2924971169467608,1.5525453943675114,-0.055793161819659626,0.15119528338903376,-0.22965106129696528
0.45136860637438436,-0.843981809479299,-0.30975374386621096,-0.033080464053353076,0.3163263909343689,0.9478368017646462,0.3418995659238184,0.7373611758308122,-0.014393189915991256,0.25303692778487585,-0.5327202074781234
1.037180366355492,-0.5178767713534986,1.1259711703652633,1.4572778979801801,1.366919414202153,1.322776737071448,1.1060423814759437,1.1508778810323834,0.35315312234829904,2.320834623008187,1.39018110639428
-0.7405250450662918,-0.8189769017986911,1.721295476855406,-0.013398381022437622,-0.7190728970164786,-0.13689511712571045,0.3186554456852928,0.291439763363469,0.6058637914811797,0.29146842911285237,-0.07166909567355784
1.7410222500079622,0.011201685150911361,-0.7683278490515342,-0.08157153913917708,-1.3965348845440402,-2.614474910893211,-0.8264397338209826,-1.0203590815685337,-1.6245828921661283,-2.0560481966214303,-1.6568853762321056
0.1658787386857869,-0.03146499181097099,-0.20314617173427918,0.48646710293543227,-0.19321186559611925,-0.8218181889025716,0.7134617151084095,0.47468482592672384,-0.4061493560390357,0.7005253493687449,0.836188119315801
-0.3614931324192833,-0.5611309100793297,-0.3189771082896868,0.0702820394253818,-0.48036892773133,-1.7760213711973019,-0.7767615523703083,-2.760048381644652,-0.010499182008031793,-0.8874189957303594,-2.08248924150148
-1.6117124550707078,1.0778026705939763,-0.28494864245341434,0.1367571381711494,-1.0446715909985693,-2.3300259821025335,0.01547772135078429,-1.4544859359808262,-0.9633380928976847,-0.7176116919721939,-0.8657196088068461
-0.7256165124347759,-0.9402039042008652,-2.2060890129159203,-1.4482697421336368,0.9653143683781558,0.6207308309421383,0.3458496223937372,1.629349511228936,-1.8533937479122362,0.47343308433937326,0.644120209167282
-0.45157498618744085,1.2986700066169112,-0.7720064247253006,-0.7647916122624006,-1.2269599769657458,0.00903082812144762,-0.08969278461065333,-0.5653245874330807,0.36812097850450576,-0.549996664338184,-1.3807361153422186
0.569598170027332,0.06724211212077293,0.5017177315361888,0.813660672873275,1.8972274630674941,-0.36501339497574403,0.08096113036280128,0.6578854154262457,-1.107116392377087,0.5772402403351693,0.5398669184223672
-0.229107180224865,1.348822456349752,0.9869775507086775,-0.25694556468543595,-0.26066316372369924,-0.21405314482157933,1.1399765864103464,0.5015565663320949,1.143193467019052,1.2328984690031344,0.3017398239922422
0.9317799397782696,2.166610902810795,1.2094107693019258,2.245004930381074,0.2379129593463618,-0.29974654362258185,0.3298022422982243,0.7532126395280999,3.3160503773321124,0.38379831122379626,1.1111906717370443
-1.3290473946675796,0.20930122625851513,-0.1549114028313864,0.08176736589582889,-0.644494259730698,-1.9814042327212804,-1.1856975518350088,-1.204171611329091,0.07949638915618307,-0.9094757329861469,-2.1224006564837707
0.148234634987467,0.35399875733096187,-2.4902341443486145,0.8418556024689953,0.8975709340936968,-0.43856190500399894,0.5887951805639682,-0.1884455274739722,-1.4765952841120131,0.28307200381173914,0.5753720477047214
-0.26507451460151116,-0.6069910423780669,1.9258461615546527,0.26024133485637985,-0.6760173929755193,-0.39909611201489775,-0.376745776874561,0.17374423314682286,-0.1648653313436128,-1.415770315421306,-2.5898559982028004
-0.10827486024035066,0.5062410656150298,-0.7866659169788297,-0.12867111326692585,-0.4439800623139514,-1.5114580198200238,-1.6307692385679498,-2.1517001366369772,-0.14381812620099765,-1.1425290060457356,-2.1091247824516595
1.927158068480585,0.473851686100436,-0.07485997318960376,-0.8103105939399675,-0.8861491501209233,-0.9412282885644118,-0.6434889613784095,0.22267363089187142,-0.05093293378183361,-0.06956123875114195,-0.7482655445686335
0.6650916097853157,0.6348866734725747,-0.5513086021112177,1.5376988183817977,-1.7710367109899887,-0.28160533210672584,0.1175855626796635,-0.07096567950712558,-0.09304623911791889,0.07894608402762926,-0.4345532690606686
-0.15171609721294402,0.08120298901940613,-0.6712786157952569,-0.69217606042505,-1.5197613661801752,-0.939805731175137,-0.06663684674472442,-2.047298936296988,0.1573776102194056,-2.2134420536609274,-3.171464595604764
0.3886341480421024,-1.8270278869133554,0.28584298475928194,0.9492624421898888,0.03771907521572809,0.3966385528915437,-0.13730379738818266,-0.5080583996520733,-1.006068563745795,-0.09319332206588973,-0.20687973756900993
0.5110739995999241,0.048823829844350776,1.5573049479602952,0.305144758863099,-0.2818394973707625,-0.06836398371601415,-1.0480862483997626,-1.0720464336001956,0.5884720199741293,-0.8225560456856152,-1.5584209762876866
1.1322808746733346,0.0671515190838821,0.03708823695577321,1.8042973029931004,0.19390815495103947,0.21327228799828163,0.3481590757216211,0.9250880469839111,0.10478284550637634,0.45697605396938734,-0.09067079828921432
-1.4744414845482254,1.1639077673149865,1.414830582126252,-0.9895642330023979,0.1940868425402208,0.01220190943433519,0.3067220626516974,0.5009260209765134,0.28298423411715845,0.6970926569896431,0.6828664671062599
0.8446648941571426,-0.8568119773167712,0.10887744812737661,0.43344849635151184,0.5932387306682845,1.7307331358514397,0.5603334331944063,2.9691868731711955,-0.5947805787440787,0.6417662393657688,0.18254241995711856
1.0435343408804063,-1.0340458881814465,-0.27781410043058063,1.7997449089773467,-1.4031083136914186,-0.8510183274468875,-1.652432438816682,-0.94683633447187,-0.7117884940084002,-0.9701744876211162,-1.443559394048997
1.2097611527041923,0.007727245177084618,1.0972756717013643,-0.29879656173293623,0.6517602285070863,1.5001639788533327,0.6606229517488518,-0.46460714021914057,-0.6482804867347035,-1.5105532517998896,-2.5313077271794713
1.8255938960960043,1.5017027273715857,-0.0937567868046403,-0.24026589308335242,0.14963506651853595,-0.11129567308859256,0.0983600528455989,-1.0774423890701288,-0.11243415281620062,-0.8114090914168997,-2.260095035782083
-0.3337470470842888,0.37903079072862556,-0.4264420569987868,-0.19449696346489048,-0.8632849105062811,-0.859543021467838,0.8183634715120182,-0.7798433138922942,0.3821910842389141,0.22399469472289874,-0.29642417980097013
0.6527481476617049,0.9566636365255669,-3.2074656125100365,1.57641273323219,0.2754508918441007,-0.12548576564732378,0.7552883433507843,0.11566372109167866,-0.009518000719953512,0.2176619851936199,-0.20794314354892485
0.19953280343942323,-0.7419899550489557,0.696305049269969,-0.06036264309684303,1.3975381374535023,0.33684784126780676,0.6306506131902159,1.6400681758913214,0.16822635621516713,2.2617456409117525,0.7175505979203258
-0.24941820246680568,-0.3203861988895935,1.3663570443956268,0.42367923652761647,1.1003157611055476,1.9930315744617675,1.045995105572382,2.7118104404422674,0.5606115151897069,2.216472770283425,1.1388332667331633
0.5175277495640025,-0.6016695311591793,-1.8351788799364377,0.9479957352407544,0.8681828015525258,1.7269665607172038,1.8498080384011,0.5723191179014199,-0.9038252696303319,0.31038861840190496,0.1388119191471214
-0.464202456355685,0.06394559104630142,-0.24742290868961947,-0.4299922034187825,-0.08079032668524233,-0.07181468782295665,0.9541616297244627,0.7536017466792848,-0.718026933335503,0.6386628107820951,0.43770485088615296
-0.6456564086821545,-1.0019417192088604,0.7610814040494847,-0.4927376575921565,1.8383971457882318,0.8969013270674562,-0.7935776095133965,0.8543660501097594,-0.28055536086006816,-0.28748630587932394,-0.8868798765842667
0.4389671690430828,-0.04665577088744371,0.162846288439161,-0.08180818444453208,0.7217883233299391,1.4198209712595249,-0.21842740540385974,1.6009807870665793,-0.40127021547385827,-0.12293836499793599,-0.8821774580027189
-1.0669677269488722,-0.09273171391195666,0.9570480096837306,-1.8706224867508254,0.9152018702859369,0.7471945238965512,-0.6859279058843291,1.011278291886499,0.21162304544966154,-0.21859655312916493,-1.2470195609175867
-0.914423085559749,-0.554385199903736,0.16635035596394013,-1.7115515128896703,0.7559564452641567,0.9389926215789934,-0.05720559592793584,-0.2639690582076071,-0.6318138296844662,-0.5535582025245003,-0.9386353252941413
0.3274790257617878,-0.6307848472934349,-0.46227055144382895,1.269356764517662,-1.2990427584407844,-1.9095797145632116,-0.8824787722108096,-1.4099336545908603,-0.552943217586686,-1.043346512981047,-1.679338046346643
-0.9628306584018438,-1.0870582466406267,0.7116015925668191,-1.43403985076681,0.6310577871606764,1.712539677246252,0.30791231672698266,0.6855552664684094,-0.16522263912550453,-0.22723789447046278,-0.8370692612127808
0.709617318956154,-0.9901172212608907,0.5820485174848816,0.09455814177529309,1.3283881010883163,1.17325949117511,1.5188750617132203,1.1522505941026637,-0.5393779028140282,0.9902407912225312,0.2390946800687899
1.0833712601632148,-0.2195835788907758,-0.5481246007008075,2.0626535104374346,1.1711913919610608,0.6317789676303496,0.8160879884980832,2.6483846783975142,-1.2783264180002551,0.7173227761545953,0.8185720688632054
-0.32016873013025837,0.2889510951933779,0.22189467358615544,-0.8836319950418837,-0.03591242254790983,-0.033034243806478514,-0.05446047292200223,0.2690478512844337,1.1287882402074845,-0.03378362355671899,-0.887020694699453
-0.7143037527793916,1.4287993170154198,0.12698903982147836,-0.4368263820632635,-0.20291773559379778,-0.19422309549446348,0.45971724051183693,-0.42280653703092186,1.1184259286749787,0.11301924705537592,-0.6339041352560427
-0.49119824215082,-0.9872706817681892,2.0984246825943447,-1.0682409794842245,-0.053839785688978736,-0.3648112448711628,-0.49768942849857534,-1.0026848536467292,0.22824678723281489,-0.8282420703973017,-1.8559198850973773
-0.9103161235856162,-0.8998175555480479,0.13349247914648044,-1.7993400665561037,-1.0489850178137572,-1.058016667378764,-0.9977132001684934,-0.2721509371288724,-0.25328018663946544,-2.541909192601658,-3.2454666527651232
0.6073205891618639,1.3646999238196897,-1.594631206698758,1.4436556847151008,-0.9714911232031151,-1.4172681988871019,-0.060714666592716626,0.033609189688866725,-0.19709834710812754,0.11213844369029505,-0.4053742667084355
0.4141870320660014,-1.8123791102939553,-1.0154172365304568,-0.17146063380647147,-0.9175589897819023,0.05228889981711693,-1.418458881632166,-0.2791001705044013,-2.5958945211980646,-1.4928933871178118,-0.5725280043113358
-0.1837574705574213,1.0411558605386388,0.1414088831191197,-0.24885101403452248,0.41653138083871655,0.1369312908766278,-0.8238254707926632,2.100781447702008,0.901787315444137,1.2046879282257983,0.1754935067399559
1.1967933610146133,-0.003555554068393758,-1.1477570773510763,0.371897843426232,-0.6974921850467547,-0.5898980601762306,-2.519976914458282,-1.6457876193380978,-0.9075747227011259,-1.1878348169281125,-1.4098592160876229
0.5192558886988752,0.919590409131919,0.14770139447432332,1.218864631366631,-0.5080562100798929,-1.334231028279109,0.24935516827205642,-0.9751761518612274,0.36621282222414825,0.3027523417863729,-0.4297601140654139
-1.5616987836325749,1.08785265341347,0.5903644348425795,0.17274297878157535,-0.43433323687208303,-0.45752767884753254,0.08337890187975272,-0.03414132890144478,1.2630210279930763,0.2499506876958683,-0.1628382177499117
-1.0610781870665764,1.275480386977645,0.4821942168886322,-1.5839385736941014,1.2335186494781025,1.2222608492581601,1.8200867470061524,1.2448020874814258,1.4512176408742046,1.278547250164115,0.5809846132764522
-1.5153173226086556,1.2112823741263294,0.49335493055985236,-0.3084211682578633,0.23296118139881195,0.8604164626306228,0.19547019633849105,0.41139944257415273,0.7976535981045002,1.1568699816126127,0.0936310424223569
-0.3353310679474443,-0.9933107669157146,0.4675148214616299,-0.7507010379960064,0.0007114027750213525,0.4115636499359533,-0.4823362821877082,0.7305221763213895,-0.502298468070205,-0.15744527541213227,-0.5759497356789786
0.24117919611844368,-0.2565226611800209,0.010637501325692822,0.7818402941770923,0.2653907982548696,0.6594697297594614,-0.19118345029953387,1.8810101485537265,-0.045726522441746936,0.7488441741063799,-0.0704006846643031
1.0568517474534254,0.19646592586806444,-0.2791624650025383,0.5268449507513515,-0.5208372133774084,-1.877805644835592,1.4199436777495515,-0.6150146248151903,-0.17297395970451687,0.44644458377586993,0.30799358520728437
0.6109781567801187,2.721347904707553,1.0771879115228222,1.5448085722143077,0.47289407335532374,0.33125695968578606,0.9971182604089937,1.40600074169214,0.8423842746436052,2.027947196772114,1.1560838944012408
-1.0970196933070127,-1.8153320205377315,2.0319141896649913,0.1529718849632915,-0.36622695170855446,-0.6570588289673629,-0.7710162562992985,-1.1299563190928903,-0.2004556473996248,-0.43039484478674245,-1.1873786106776238
1.176861896493773,0.2272327435427253,1.0196855852722315,1.430756752796666,1.4149991364583125,0.2087937286314573,1.9223512362305746,-0.18958210599604985,1.1102994640858277,1.8503301401710945,1.1058268280028622
0.8553142514200864,-0.875263356568791,-0.16009664831956982,0.33685322836985554,-1.1529153407398527,0.16532700687429858,-0.4437714669536418,-0.028398665704805703,-0.15708761151586592,-0.23338953245291655,-0.8388607092354751
-1.1991729358406928,1.5124071232324177,-0.03741265815567174,-0.9048453033470867,0.057848816600526556,-0.07430381595179905,-0.4077857869272903,0.28743879808591577,0.5146657025627731,0.1723882009386134,-0.36939074994308607
-0.08612436781863375,1.085674875547018,-2.0810007675039706,-0.42906822723683813,0.7843747607075792,1.3795564266772875,0.5410293851795762,1.341036564655795,-0.7195301012020269,-0.12772125650517846,-0.40869285566540975
-0.24585505656434645,0.29486008858838764,-0.485624283515894,-0.6347700111988627,-1.4364980209631601,-1.0327709116591586,0.18847567828899747,-1.6913943928344461,0.047533504042243324,-1.8554961680658137,-2.7346159639578285
0.10881375035684356,-0.9504654619383609,0.9810110261419225,0.07921728310226522,0.9396486472046613,1.0883171067844628,-0.051386162413424155,0.7996321754625403,-0.2327880462710744,0.07526435114445251,-0.47236974277973665
-1.2227783158935224,-1.2498103342334652,-1.352227619880117,-0.7933383522970988,0.04861767803068118,-0.281086793332246,-0.573183802143945,-1.7046689177717798,-2.2206938541333017,-0.8813867193060176,-0.23821876234294892
0.36510560880919835,0.25591205710029524,1.3626543895625574,0.18718342265171473,1.3810705484136583,1.3756947244233064,0.6470632129580849,0.1792536565452565,0.9568848766083025,0.5005927977112377,-0.13922492088842953
1.2709917322583297,-0.41639767059032873,1.6745800695025013,1.8537449591368635,-0.16804350402280369,-0.16236945160695282,-0.3539857398865526,0.8102725223826948,0.5685868081862498,0.9445898506015451,0.18124758555424741
-0.3059039104742869,-0.14297911292290724,0.8566881190134987,-0.1414108066724753,-0.3117672775089654,0.5629636832229696,0.7173753717514426,-0.08274850599643752,0.5335828936139158,-0.11649317122792394,-1.2813700810369917
0.13820014641750403,1.4795603462505804,-1.0603624092735482,0.36719277199665457,0.9599207263363693,0.4299007183027007,1.260743178662843,0.8779773897319803,0.022918384978344475,0.655863603587961,0.002841435732344577
1.0819805072088917,-0.4847942425917834,0.6171417589003183,-0.09533200777983575,1.2973492021593027,0.8700698937997194,-0.08287727258664945,1.866235015503154,0.33027516481707897,0.6045374835087818,-0.044744702962164956
0.6326233876072468,-2.291831656347445,-0.5153680910774073,0.7269493727037056,-0.9761161314332764,-1.8824760089054289,-0.8138031622475055,-2.1022922255364156,-1.9817836635090504,-1.0216871298220098,-0.4130666575259134
-1.3578759826989044,0.21957371893048816,0.21445607557438412,0.40020518432614083,0.7074140934962122,0.5517355095801293,0.3895207287853305,1.4050434466974109,0.2316155892067189,0.2736842338383617,-0.19995895786599127
0.3845236064808461,0.04968489051019364,1.1450826581905384,1.4447627667120115,0.9655853418957919,0.5828750470514737,-0.5163920170402942,0.34819216612665244,0.9965346103198228,2.9138933512275473,2.0722374270627872
1.1934733865009894,0.2223973427968268,1.8369039072264437,1.7687066982840536,0.2864959897414411,0.18088547616984743,0.8835786663146257,0.2772269375798817,1.1848968643277658,0.898325180828683,0.25266999291553005
-0.3084604274978727,0.062429109653214555,0.8505824242014686,-0.1534554080058283,0.9642759875024015,0.9973892655150621,0.6299644831080917,0.005527269160058079,0.542415828112379,0.37916617800093755,-0.1607254904801279
1.7441736024933912,1.556801201041917,0.1700375183346972,-0.05206486682033362,0.9768777301319611,-0.3212145028556991,1.011895201645785,-0.11994973990261548,2.028621541056471,2.223191719470011,2.106485610694046
-0.8116500988417522,0.05282252476568388,0.6360202005403335,-1.2411608297022279,1.6030623333680194,-0.007325488852273909,0.6899696485999193,0.127690536152876,0.931318138641027,0.6355542145275137,-0.02639468129556577
1.0787488045807043,-0.30799644500051027,-0.2714581756752445,1.6033558654745654,0.0008665755278661202,0.1919633796174467,-0.07539701270066687,0.4691280092868553,-0.9580752024224585,0.17493777892969742,-0.0017924314877222486
-1.3296883440446794,0.6818981907276097,0.21034313092553478,-0.9971664869948088,-0.05174457159940388,-0.10146603914958544,-0.8363475106085756,-0.31855164859465795,0.3493652509881794,-0.3092779396690139,-1.1714443892120705
0.1361613893477738,-0.8664820319309563,-1.2849110560400783,-0.10524903375112102,-1.1584932640934746,-1.9632493318907278,-0.3078147413816892,-2.9112997486030694,-2.4457791204058665,-1.417511669287122,-0.5979399046811542
2.109281724517569,-1.2602368379062336,0.161392630264977,-0.7692662790906528,0.3208271581958576,0.5303393595447682,-1.3266831854292773,-0.7401611153998587,-0.3727983205772256,-1.9844636028201625,-3.0319262039677195
-0.370356941533706,0.8749042477661091,0.8197310227157931,-0.492849766406364,1.9022988610254052,1.2296317482507464,0.3230152240461816,1.3928071759585918,1.2918728052298831,0.7528681848153438,0.20879994901765675
0.3202887350134694,0.005874065747171219,-1.8709955393238067,0.21619140932057224,0.20671372131594187,0.13569432227567274,-0.3736768130468683,-0.683969448039681,-1.3433086012682294,-0.5613144233205917,-0.4070451587856
-2.2932064179186904,0.44882862249059285,-2.474219406871243,1.4908549192303506,0.16565539988530043,-1.065030770579242,-0.6260893695612343,-0.005819642991479426,-0.8033175711446656,0.8863888530340633,0.35236382232681956
0.663148777867412,-0.8218562539639743,-1.4089700133747896,0.18455466166190593,-0.22712123655057315,-0.5897409735788015,-0.23261679245026984,-0.3492168267691621,0.09951911387186052,-0.05951143116798681,-1.060821091604546
-0.93839610286735,-0.6681070703717551,-0.752109354352562,-1.3124819725345855,-1.5783987548378033,-1.0310409933838933,-0.9195202454885109,-1.226889229391488,-2.091282635773776,-1.6673793175121754,-0.9773926638771258
0.6634368473543182,0.5811101587041807,0.5563675454074062,1.6194493683498765,0.8850659146373115,0.4095171750001906,1.69438230792856,1.4848089767760306,0.926064745702159,1.3883961960622397,0.6009782641796736
-0.6615832216507799,-0.8925314604769659,-0.6876252013179698,-1.5526662941460774,-0.7639371451910653,-0.9712552240645997,-0.892371520519514,-1.7990011225483227,-1.3864969565614458,-1.382620659396585,-1.187467760787129
-0.875902924645564,1.0810923380439958,-1.0139642119933376,-0.9815995614911524,-1.7769874158465497,-0.41985378326189,-0.49817508005519057,-0.9057752396276759,-0.11115773902303515,-2.3189136598706694,-3.1037543826427765
0.30319827440331726,-0.7532102389925567,-0.6033956348189189,1.0006908951008422,-1.331250246944595,-0.9400982384753288,0.4991903751959797,-0.17537323096594112,0.06815915899508851,0.3317187652418031,0.04176982606912949
2.2556667125538525,2.4423294544733762,-1.1045266232937758,0.5314494304959433,-1.1672500455409762,0.010179453565732022,0.17897253906312405,-1.0976633540827636,0.09933919820762054,-0.6584649993365423,-1.7372496766111818
0.14398734013080383,-1.214349573834773,0.7231843134728997,0.26959740335058346,1.5444285234463797,0.2535973022661966,0.30609093422732625,1.9100029269709902,-0.5952902729584648,1.448419737788753,0.6184301538977076
0.710675492384522,-1.1201155267490595,-2.519854965912958,0.7376352331224356,0.5483193912600215,1.2438749876151016,0.36412899724410674,-0.09513548696849261,-1.5212116977206094,-0.05472745533205037,0.2609438731546224
-1.1271365282506398,-0.9050954695804445,0.4043844066630595,-1.871912867160208,0.0942702705775208,0.32345587048635255,-1.4608854633792212,-0.15497450144481972,0.45714387631610415,-0.41040381256982783,-1.2880397596786681
1.1335752426268173,1.2243672641454972,0.23854200166668613,1.1128676577031946,0.3435094712496285,1.580739005742855,0.33693507203115935,1.2228428442226393,-0.15415150601546934,0.676104573316737,0.024331964077207432
1.5801943952241306,0.06759474799581504,1.0820614325469895,1.0166659046590256,0.7902144114515433,-0.45919972886352445,0.8320911025594893,0.8870807409443962,1.115891121506935,2.2770146418132606,1.5044435396286233
2.183809901378242,0.10597907923231376,0.8191558489948557,-1.5204287864511135,0.002665125142297664,0.036599598384470536,-0.7805060312411883,0.03238251924249458,0.9372057703215818,-0.23157339907061858,-1.2242551059269215
-0.6820145055982139,-1.0530756128608274,1.6830257453379345,-0.9321231484939506,0.4036659577392746,0.11666904722451016,-0.530485753389949,0.0526245983422296,0.005702508591611977,-0.49098205317121113,-1.4530957833005513
-1.5007545289127704,0.37067737529652584,0.3753326047414551,-0.8424960005764331,0.034910088381895465,0.2724239938539543,0.013955065395290872,-0.1555545464865155,-0.09371898011029633,-0.06341538597483998,-0.6393906910006498
1.100981446885416,0.07988470044978241,-0.25408193430022213,1.0380288023062643,-0.6107018337413217,-1.4120126043848198,1.0736524175963613,0.037272922346018755,-0.02134799363749662,1.016628262141572,0.7310643757512653
0.0839113525566087,1.9866112452604299,-0.7849465417064461,0.535127997395501,-0.2563084063740947,-0.5805557113356247,1.4570030309992705,1.3459723944189548,1.0257131901855732,1.7956476101394512,0.5986550780450333
0.9392486165262184,1.3206923474696919,-0.7669487715290471,2.4534504480251047,-2.1686263345448307,-0.04190717123489743,-0.4368610022219633,-0.6676936197493604,0.7819892850954406,0.3477762447812671,-0.408657938871822
0.3004271896959051,-0.17361697209275,-0.9949346760921152,1.539776341853674,-1.3212412606417263,-0.14919763019665722,0.4755635216746475,-0.20803436098024516,-1.01413089445419,0.046991388869816464,-0.02337775889217375
0.15343642547479325,1.4429136207436495,-0.48094334836151764,0.7454627855701569,-0.9917573819214447,-0.9435364739429382,-0.8210058997589769,-0.9230526162058421,0.8501876877876141,-0.5067019935421085,-1.1946425652525443
-0.5453334974021643,0.24357321662630066,-0.9558098624839606,-0.644532460438321,-1.9920883092075505,-0.26134157996116064,-0.2644391305194025,0.7544695931742036,-0.7315519244513586,-1.8222422082988636,-2.1761218694677784
0.557900299073695,-0.04018208653953616,-0.9355393302006777,1.326690523911108,-1.3867109213947084,-0.018432358017352768,-0.1690347220898767,-0.9548912958514879,-0.8569327527751188,-0.3893911826224652,-0.5967829974518455
-1.1432542950715758,1.1047992959014201,1.1999565283271232,-1.1108989055421032,0.7922532464489341,1.9117377538659501,0.9756306142875983,0.6977438032342047,3.591510120134414,0.31540520154496327,1.2966002704492052
-0.04320402743070532,-0.5278581149455777,0.6706049858180873,0.41591287165918234,1.0152489684214219,2.540337861019549,-0.18876173339386015,-0.13955271040888284,-0.2157902631212157,-0.15363980705169022,-0.343774939612095
0.9290281676071738,-1.8353792261758977,0.5348883618971624,0.5131081995722664,0.010772053169298412,-0.7723943737830259,-0.6863674598151736,-0.30229253616302043,-0.7347607394771773,-0.15120096092183594,-0.45130262563755374
-1.3282516194609009,-1.6186434623874335,1.7419246196911145,-0.5521275758621269,-0.2752369293815097,0.15518122748670699,-0.335812995464982,0.13226243091133383,0.17765240640830923,-0.42027020683363725,-1.2825503389277828
0.2551791335010951,2.023212317330604,0.11255665728217006,0.2980664828170412,0.6560735255539292,0.6233643716277677,0.7897964242538343,0.17576873660145131,1.740272515464758,0.5230146527016459,0.22719082178875327
-1.3542211319227653,1.4704752315460454,-0.4766880875089319,-0.5742996873269743,-0.48683009433105984,-1.213672822520525,-0.9480047322839896,-0.8852672639107751,0.36155567855085524,-0.6263371630406354,-1.6365332584750079
0.29522236401855284,-0.7300262604965302,1.0074497247464536,1.0286003139584277,0.5128900406562057,0.039084522122629584,0.704416187633284,1.613981174896692,-0.3956467850512282,0.5633315342960775,0.03313619716945518
1.0710062518022645,-0.6336309417685176,0.8498883723514571,1.5037520092227137,0.7129840070126054,0.19472095055422056,0.2890000114868345,-0.25102603751588215,-0.4367397298742561,-0.7069548066404139,-0.7551397918222098
-0.9197933133136731,0.3067087265267646,0.4023898087166402,-1.9609265740078259,1.326039574478166,3.2050369441234214,1.432174194619575,0.765460679145848,0.594617277077586,0.5557720564338547,-0.34537625020049667
-0.6201483993970724,0.20918739401045094,-0.8459411755244813,-0.882090799064571,-0.5223697920096896,-0.01183257133737825,0.4808663008645784,-1.2917247742480966,-1.3395321603289907,-1.9148765055056292,-1.7544717752858856
-1.1983504890058778,0.9666127176740323,-0.4065488142253076,-0.3016343635489165,-1.0212229157680002,-1.449137655554227,-0.2714916182663937,-1.7458869906365948,0.2861274400831186,-0.7443924557605702,-1.6632993758809833
-0.11302871617914674,-0.3506634779735011,-0.03239710930780634,-0.4818333278129975,0.49985006416669364,0.4513405218785159,0.1337094255652284,0.19954371695625728,0.16839836196153646,0.16063949526630572,-0.7393713410722595
0.9517958975515234,-0.3300218786278526,1.4593986764507318,0.42194832071591315,-0.04369376958621679,-0.4234546689871612,0.7589537521674203,0.5174043092159659,0.9031580498924459,0.7089446438473599,0.022410529824648806
0.15830263589513854,0.8636664339318922,0.2913854368978379,0.12085204196133678,0.7462035427600872,1.1653841178385203,2.326703323837674,3.1929699084996646,0.019395455934445027,0.8952154248098385,-0.02717947827739353
0.6913792287891439,-0.31071205104577027,-0.09004957207582144,0.9572749640091355,-0.2654858882664005,-0.34862252328662025,0.08488541058507937,-0.07407303311541846,-0.9011834201690525,-0.018068464631958103,-0.15540001704608786
-0.5605185102011837,-0.5986773619877641,0.10116396885807041,-0.1911835090226952,-0.16397719983618142,0.2621139860906384,-1.0244424572023165,-1.2159888777936336,-0.8350801113957853,-1.245335407275065,-1.5400747568609936
-0.8495479828981228,0.09402814117020993,-0.37844036502016953,-1.313712152450214,-1.0011741093590474,-1.4302929077153475,-0.18704828053758393,-0.22323017055515737,-0.5735717526383168,-1.0754454423428172,-1.5398119897542935
-0.8423645579379041,-1.068219128812678,-0.8709902632762468,-1.5653961604746325,-1.0729622828319672,-0.3044915515457154,-0.3909844827047883,-0.04965461587368769,-1.694136661686876,-1.9974023681201318,-1.5547382432636545
1.8120744934945932,0.0028109077965913663,-1.3668540029116878,0.6149868584820144,-0.3591408661467076,0.6379004101423714,-0.589484143446656,0.36291711424549156,-1.3271391639753711,-0.7011465758587533,-0.5601627443753789
-1.4730747116615603,-1.1274458865358392,-0.3046668775624438,-1.5342126327533276,-1.021323894390401,-1.5612450936896676,0.5492305969154789,-0.6281170413260632,-0.32099703039972505,-3.030361132659948,-3.7056335724023266
0.46016627834489476,1.5768808744911345,-1.0296698195387548,2.3618709753166205,-1.0036487899245674,-1.6565678539986572,1.1045425442940118,-0.6952604887433739,0.12257554411554378,0.5955724634777978,-0.24262151805871457
1.122059199510605,-1.2062956917104866,-0.372305476824352,2.593699500979263,-1.8846658749173768,-0.9212085451970649,0.3149082017402892,-0.11740308036017855,-0.3638917516303204,-0.021801557857144827,-0.4533925670483915
-0.3710952459885169,0.6217210231145823,-1.6436133502858894,-0.03451561701063033,-0.1298871139461146,-0.0971523961686023,-0.25035161076662593,0.018092535914565305,-0.8168808247592454,-0.040623606632785525,-0.2345238805344616
-0.09749267490192703,1.2825827488050419,-1.112404335858302,-0.4281287235762278,-0.37470081227895236,-0.7587300425517731,0.8902502168929242,-0.8884586910750116,-0.11226974388648306,0.1834832024385159,-0.31941065031834714
0.02137570842242744,0.49493552865387624,-1.2621363547780975,-0.6113767729191899,-0.9853501661077291,-1.6592876174355424,-0.9173847153307021,-2.3846522493443163,-0.6070435874939291,-1.3018755780889124,-1.7443110567817717
0.8707810876690302,-0.5186731779470829,-0.31036856299428656,1.9817106334426469,-1.4594900855867499,-0.8138321435566824,-0.004131665131568041,-2.5328724323665632,-1.3183160776631115,-1.601867635850578,-1.4070011834096652
0.21876209179131487,0.6344099106409626,-1.3290430830453979,1.3400060296029361,-1.2191366759565323,-1.594697161361055,-0.17454026936802378,-1.2039656584304161,-0.845138945478142,-0.05922507805413879,-0.23256334149410096
-1.751254779904779,-0.140931838362808,-0.010160321914056605,-0.23218897099878277,-0.4226011589436659,0.546164667178071,-0.6686136213892013,0.14934848327155187,0.21226914602254898,-0.7344626999775974,-1.96360132581549
0.8559075588075555,-0.9580446766998211,0.06434000661765245,-0.2224541181733174,0.4999061190722036,1.505275022553084,-0.8480106248823017,0.28641626595301817,-0.423589700318148,-0.6080820801678508,-1.5797309582816974
3.2157006791143807,-0.3992885582230358,-0.15763392782532323,-0.06131272036534291,-0.11212085324027862,0.1925254286876499,-0.2521538291385338,-0.06192551354873288,-0.6602113631340364,-0.8025334330849244,-1.231581886426309
0.41674229700411325,-2.7967891427284033,-1.0904408304223026,1.0057313976592719,-1.1001428575856922,-1.460505940087374,-0.587270856963218,-1.856103055013782,-2.843477276031072,-1.1307824554750272,-0.130315260661429
1.3429684181705985,-1.8675086234794471,0.9511267511442929,0.9373735678080132,-0.37721070769417275,0.44205133911877315,0.08798694115126449,-0.28605139307128036,-0.6136931267760393,-0.4593943985746738,-1.051760103737852
1.1222159506811842,2.1229014406959967,-0.4975062537336096,0.7071420991462574,-0.559223545853516,0.7788529560714526,1.0874072794142307,1.1890071622527594,1.3555462768797684,0.8878022253574277,0.30310545864922367
2.017428195884894,1.0120726508274365,-2.1170077571327095,0.09338644564114917,0.06505963535740378,-0.06611280801658484,-0.38323025593241133,-0.03893655803812729,0.12901332239641838,-0.05940668040947583,-1.068975731376885
0.6765281171646569,0.17254100114146032,-1.1478340064460422,1.144303296725669,-0.8449678566429303,-1.2741328616082215,0.8183527010158893,-0.3407019258971081,-1.116384728912421,0.25201823245145094,0.2380660288749562
-1.1389860836144658,0.064996904691581,-2.8545594924325077,-2.470925491095161,1.0073577606800475,0.1474784663449089,1.058218356421416,0.9074004040517876,0.9961946472830092,0.9667540412650053,0.036263798801244584
-0.6970888126528556,-0.12959021764799958,-0.26127513777369704,-0.087027730009135,-0.01726759257873678,0.09392810257407194,-0.12352557374001333,-0.8061236024978828,-0.9595145239799078,-0.2233214862947629,-0.34585703367971654
-0.3430754276319496,-0.13944042967725231,-0.26928076883471785,-0.250877585938988,-0.07367166107160777,0.14460594307990102,0.4328010849887095,-0.13876558887642226,-0.15023162224699044,0.08667935059710391,-0.3799862587251963
0.1241132468486788,-0.26253543548491853,-0.04819564166917746,-0.03383398263661422,-0.13187877198233833,-0.2840549964521638,1.3408555452383495,-0.005552880977478136,0.018281294894507027,0.4086117084132204,0.2387075216524599
1.5015860115464055,-0.8141273029696869,0.21797939563432558,0.19978197421722718,0.2507780827323364,0.4212408507644624,0.024410970443482838,0.2169593858997897,-0.16623351122658284,-0.3439136096405614,-1.3786024779224486
-0.16148214045696982,-1.4079056600786128,-1.13485481611606,-0.09275960899537763,-1.8381703793507318,-1.4649496044317376,1.1911952440547209,-2.1059164026159194,-1.9904755636549378,-3.299585370489446,-2.5616347070751644
0.9282591215882209,-0.13408398121009463,1.2890442891189142,-0.2700036804685384,0.5794844300056283,0.2731189273718807,-0.4841270854345947,1.9333228655912968,1.0821629548725098,0.6992399565811641,0.08822894173309695
-0.04980013505494183,-0.4019838094507343,-0.32429816882480955,-0.22866751929695972,-0.10993743884569368,0.29947410401525315,-1.669596869706777,-1.0322605462414867,-1.1322781388726808,-1.6102437822017261,-1.6311342959830812
0.8483967503746879,-0.6445799472713706,0.43625866928912277,2.062306606034908,0.9301316280119084,0.7000238096738602,0.7403356932585923,0.511990582820556,-0.11693239835112815,1.587197466099628,0.8204459245222692
-0.45299335291290144,-0.6655757093084053,-1.3623359047861812,-1.032524670712324,0.10522440265328836,0.05325335808362672,-1.2053070099479153,-0.6591497188324831,-1.034754100422106,-1.8587529584566762,-1.9683044339870948
0.10708715049097073,0.3520818585141514,0.5834865647955132,0.0032726358221877028,1.1890312740986702,0.016741882908876127,0.4296457799960689,1.6860283051892364,1.5296602673382338,1.5668897308377585,1.0717475638383518
0.3170420153725381,0.7170810041485598,0.6904956053837886,0.11712230465807794,0.6957297656148865,-0.05808239101071544,0.8447911666562036,0.3023704360678747,1.5124342592041466,1.4110866374355375,0.9068417471139772
-0.849708055581018,-0.09478616311402302,0.5076769522517712,-1.1861489389118602,-0.2191670048956612,-0.3262552440860459,0.12467911616934035,0.3519732614386391,1.0303450643416743,-0.16512320586443752,-1.0513690640986788
-0.902610633507564,0.4231047564285008,-1.7995721408953298,-1.368954380761156,-0.050833687318346504,-0.000810676024377191,-0.2603256572923072,-0.7387915902990092,-0.7231342381477356,-2.6093410780205746,-3.013113931548915
-0.594638263011148,-1.5894421208659404,0.43580563158028174,-0.44045303349907,0.9859024366307649,1.1586586843077735,0.4338916013975258,-0.41241099490868316,-0.09953685847745425,0.44867991143500074,-0.2912567807914632
1.5291546490059333,0.8690738661043665,-1.815913967518208,0.2382148858960738,0.3291205693382914,0.6909275321101263,0.7169373263579013,0.4595303715059771,-0.23962834311233724,0.25152822006209896,-0.42647180305194055
-0.10281275331347282,-1.7413005458414679,0.9559509692340744,-0.017512399546077834,0.65675571362872,-0.9256890240187534,-0.019585001406301372,-0.3925729790481936,-0.121236686711675,0.7947896317460201,0.04068830328413253
-0.7019178325372626,1.2618959622282622,-0.7873826856250649,-1.054703208569908,-2.1381117610949882,-0.11978831618844685,0.12352927881778529,0.10542071948999823,1.0034461413282714,0.13469474087969713,-0.4613795078832894
0.23605638732959533,-0.5355520984752634,0.6820633350346453,0.11840434792862686,0.32693020478428514,1.3925811838163964,-0.27531328690905754,0.14626713077888187,0.12357569202910028,0.5446975927623163,-0.3176976659483767
-1.9126448770184588,-0.9073879721973622,0.5550148077659932,0.15324135735491431,1.719937850471064,0.4272290052902199,2.0188208247635795,1.2630614494124714,0.197924910813204,1.9533991912538329,0.8174014235553648
0.41997939318590055,0.38757331682148755,0.22405530372632312,2.2746975579366544,0.23693509365043433,-0.35395553882215774,0.9675267125887677,1.2032166631254715,-0.3381071046851273,1.503999595145197,0.5872664998583972
1.1729588444163475,-0.0023284985781409136,1.2084808469302168,0.2953564970687339,0.36922012780791696,1.0518051600087852,-0.35086093171308286,0.9037030414299092,0.8806467495104612,2.2545423302336434,1.0083958355800124
-0.9943033639302665,0.5245604867407303,0.7541718271845631,-1.1044793393247523,1.6210533262694056,0.7159868068056553,0.32981731288822924,1.7924236028115237,0.9670851284052608,0.8646320857014576,0.12540811394759369
-0.668014390844083,0.13424635687206918,1.1170694599631923,-1.4025926974625396,0.7617119097424975,0.34880782685015854,2.063800554468906,0.9412100684281153,1.240713392848419,1.7027428926338894,0.42842710013745305
0.5174115048826342,0.13174600158649957,0.538641543862535,0.6775481067984558,1.4135315835264683,-1.1176010584339382,0.7288665010242621,0.5443124435038831,0.4410437729991726,1.4970323061573274,0.6359663777383352
-0.08343645410065854,-1.169877135758083,2.8868494311981836,-0.5593501224409456,-1.6699644334908195,0.28348774300941815,-0.06796669898247121,0.7609938663325073,0.24399054188768077,-0.24752285591622447,-1.0219426209038374
0.6783035182921757,-1.654264514337603,-0.6996995322773509,1.3225553766709515,-1.4088067964350341,-0.9097522707422512,-0.4349416012693441,-0.8679172506510358,-1.5248278163886233,-1.297723039904167,-0.9541670554285779
1.0262196651863678,-1.0830302180892522,-0.9780174366459954,1.5390518337369468,0.03867426717768807,-0.13609836007908296,0.5564033794002285,1.5341076682122672,-0.14406263155231547,1.8564993884778223,0.4758230046653473
-1.0163284034214595,-1.2110756867223356,-1.901476184423341,-0.9939155967705171,-0.8617170568381939,-0.2317866915350193,-1.1368766997660673,-0.25405843755031793,-3.22256831561047,-0.3658046043527181,0.16361585652730426
-0.34935950802647686,-1.1897520921473903,0.68207203496245,-0.14797946142608015,1.9611397053779969,0.5923651461357899,0.7021282911041371,0.18269452327535407,-0.5265082593102797,0.18941083320212823,-0.23892373025321062
1.8654114717259964,-1.652952371794729,0.1274678376194901,0.028729732478457004,0.7901322560812929,0.4261191820677144,-0.5708445308364036,-0.04889655996481726,-1.0185489118632112,-0.35007638521961143,-0.49227343579699645
0.529830432091693,0.5503810213150978,-0.16733801547742144,0.9240495727570207,0.40140865373655327,0.6358141445179739,0.00791171533086521,0.7196322430149339,0.6073036767567859,1.547825903143678,0.6170062818173325
1.7194113109342806,-1.3662692984535287,-0.23214492009640306,-0.0306518742912588,-0.8322415373856806,-0.76063121667771,-0.8426494985200768,-2.5423984252672716,-1.3926317302799844,-1.3177301794361236,-1.1199443883102178
-0.10492368445339,-0.04386242697385203,0.7819786807168966,-0.42865093680750144,1.782583637200183,0.5123289415455469,0.5761841021978654,1.5724690695752381,0.689421982484536,1.5749960054030347,0.5660406497434123
-0.39804814419746204,-0.17012753041387318,-0.28856270055415656,-1.1656889295127366,-1.065876361044667,-0.9257807065686687,0.010854659274195932,-0.39735030560553275,-0.1479084373576088,-2.0436505143594945,-2.807830749467672
-1.0971779291149772,-1.2150016295454669,0.6337340559839051,-0.6377823974467909,1.6043958825494418,0.00721112394168022,0.14318885952899374,-0.051938097985126455,-0.11064259513950145,-0.1005912643819708,-0.8331501392023953
0.4073419378364828,-0.3166562456727529,1.1283549390300986,0.14586668247976875,0.3381098817764122,0.13674332148402824,1.096746745827467,1.4382517444625589,0.513020048976479,1.514889187289849,0.21477326662900986
0.4970034117801482,1.0213864914228377,-0.7318568362791912,0.9845361550433255,-0.1606152425056574,-0.15152121559211096,0.1943205450628538,0.5147607580151233,0.3330858977905051,0.03429152389816548,-0.409159581200599
1.1624243415308497,0.31536931083893566,1.0517856635580445,1.3493862112394506,1.341501740469234,0.27190685678889637,1.1140634627889647,0.0672300908134077,-0.8284730790877068,0.6404228910349521,0.40729550218805316
-0.9118096447229155,0.46967735350451056,-1.501686631526695,-0.44617299050236847,-0.9910855661967682,-1.249050799313372,-1.6482502160338453,-2.165256963418249,-1.8965823108817246,-2.0674096448523938,-1.4702409462583241
-0.9808328382128524,-0.9723529293475571,1.2067210359444818,-0.898763317639712,0.03170280176649565,0.30085750697266733,-1.7251811860608712,-1.0752660784289598,0.11237991141801568,-0.9996221740988572,-2.1282732499838133
-1.4355164295208918,0.4497858399102265,-1.1366581172350012,-0.5791968786624964,0.3923118039591075,0.6461704046899663,-0.044212234331033606,-0.12277486940974705,-0.29314093346106795,-0.43141183749746714,-1.1328513408191074
-0.2980796796921174,0.18035867814059775,-0.41225376458348323,-0.3405430265065812,0.3170636139833728,-0.01640514191302861,-1.633289314587231,-0.2993225788165397,1.0101072923109387,-0.9729528177811211,-0.6632967731675833
0.9634049264810659,-1.996846173517147,-0.032092978408302,0.10413959591043831,-0.0691960448502101,0.3648603009426273,0.9944189391226913,0.8850618040884987,-0.7248892237572486,0.4699043221151684,0.3451096763354411
-0.6379255019829855,-0.7299026063289422,1.6362184011803562,-1.6582474476357971,0.05396963322160993,-0.10565635734968257,0.16738519080857805,1.0453931596568475,1.6073499535867637,0.44277253887105744,0.13336690990025563
0.9522028241378827,-0.4004831688725409,-1.025711090436988,2.4969424551227775,-0.8226354117467273,-0.5892920602631895,-0.4275684171475963,-2.6922640514156986,-1.4436207971954582,-0.4996907034133625,-0.27554671730875024
-0.30087534913546227,-0.26361927887939984,-1.243372540560071,-1.1609197381145382,-0.08189248557970963,-0.12001056332065027,0.16415026036448083,-1.324348653047139,-0.5228215046597395,-2.377131152761092,-2.971494616720176
-1.7424911030531156,-0.5552954544656291,-0.4863512176477214,0.34125468620205957,-0.5336379684878556,-0.2929750830739147,-1.4953665869079606,-0.5229448515745492,-0.6107908743634427,-0.9579899154243385,-1.4585731174480967
1.4681338561702344,-1.0182772732248633,1.139749692164299,-0.021629012293827132,2.289063969778243,-0.2806924451314473,1.0797192296976739,0.24827455751728722,0.7770960399999085,1.766323374390365,0.8509540389320783
-0.3385471102867515,-0.9426837246777223,-2.6410295625146927,-0.6074611786106304,2.1339928838347983,0.2116030661231555,-0.9775745099520523,-0.5500360631811574,-2.1820563769258277,-0.7433557882872734,-0.06189398675321195
-0.8220535681285502,0.08483040411031596,0.5472882113732512,-0.48555707135241843,1.2680062570624435,1.015792604476824,-0.6600589280309376,1.5764735968922272,0.6179681761285555,0.4813575430784873,-0.11315733730598909
-0.4313425857552556,-1.557052309418545,0.5952726011499794,-0.5455729367548916,1.5385794069061143,0.790749841770788,-0.025095890089859657,0.4391875173501928,-0.795929958874685,-0.1747089085800088,-0.5061765104470081
-1.1150711786410676,1.1483291644046658,-0.4757652095044473,-0.5646155510516926,-1.4678433088311982,-0.5856097268649907,-0.19423717883561564,-1.2374990814875086,0.19859157262368135,-1.0994901962386792,-1.9729738502828602
0.39209908225431134,-0.04751398509215228,-0.05284084341219544,0.39510646140219435,0.17998573946079727,0.40344383311615606,-0.9003672838032594,0.5349701972345677,-0.09964111958005234,-0.19402766313677206,-1.0357626872747439
0.7891570961672024,0.3100436945612387,-0.6188421112550585,0.9035631062273007,-0.8288140451158138,-1.855037849200252,-0.15019242946836717,-1.7245249435393213,0.14383245583479315,-0.2545677380127152,-1.4916220568501801
1.19263481390129,0.8982511742774314,-0.14703306453952317,0.944862719148449,-0.31885587073803695,-0.39151522729568206,-0.0413228491229769,-0.6882327019849541,0.1333519086276369,-0.22531649348599037,-0.9802441439184003
-1.52052508308711,1.0410692006130007,0.9918769582439676,-0.36676272722090886,1.1733831879542,0.9574153712737437,0.4303356593474379,3.080986439935909,2.4373107024262692,1.8853337668164896,2.1546701131796326
-0.6784842864861251,0.627787395977494,-1.8713987100126381,-0.5053358595789594,0.5713392911472117,0.8034907358817124,-0.39670829519752987,-0.10517967502762587,-1.519534780464314,-1.9681204185655945,-1.4774193491328256
-1.3501299672753377,1.6508990823221614,-0.07318147451785477,-1.010880073090637,0.357706662516034,0.2811307607540501,0.4736883296022739,0.6784165579423322,1.2255975669491381,0.19232053890065715,-0.38751798152829253
-0.07084147538018379,0.4512954636758394,-0.5311662985301254,0.05272712430561133,0.18699910868165193,-0.09016089866247451,0.6992597561771775,0.07812120981238313,0.554891424729556,0.5863113021245868,-0.2871785617753197
-2.7132142333847615,-0.9925699155802696,-0.6295490257648272,0.2741393659859902,-0.02117854199734548,-0.12418553441458743,0.5259177072624059,0.5720091982318077,-0.21361015713588605,0.11140365462680818,-0.4025964681337052
-0.0046801236753995674,0.9378193558607627,1.0388128505130376,0.04478684470395147,1.906353813548479,0.8411355159020439,-0.07971408894933207,0.6060069292237107,1.3633281326699378,3.605948931135371,2.8804119849764476
0.6513549485058947,0.6569117593410315,-0.8679665767302557,0.2695083472184815,-0.5556988649212333,-1.3585887523212277,-1.0301822142103167,-1.5646140411012732,-0.2002836152252949,-0.5231601430515592,-1.2937336331569953
0.4702020214040918,-0.6488340054260301,-1.0691570957943042,0.9654640529614917,-0.4543800028852797,-0.2148915974906539,-1.7496987056973266,-1.3003506170155237,-0.15254728438201015,-0.3088278306088792,-1.39639338235536
-1.5901002638373547,0.9132969863675114,0.14576398746951671,0.12382753438699426,0.5788917481610313,0.12735309526110927,1.3855734285698218,0.3888836023766641,0.721276672922577,1.121047814463586,0.24840642575025768
1.0992819132355536,0.49995712173060647,-0.6801299117606795,0.12044985556010501,-0.3742267735421754,-0.6476782956470182,-0.02278035777536782,-0.5019829094352777,0.6418042416634042,-0.029661369043027463,-1.0142110372436164
-1.254916035614999,-0.6667895807127113,-3.526391024942012,-1.1606245363485774,-0.22043131420848178,-0.6223938605176274,-1.0908997144043946,-2.244305851292129,-1.021500842355826,-1.5091739760599667,-1.6214577398509418
-0.8168460789498202,1.0182943170944196,-0.22143982117822125,-1.7651014818429658,-0.9236996596992378,0.32893315338956264,-0.5353640255602645,-0.19843257572550976,0.2701744184612676,-1.578534738830907,-2.4874248988968524
-0.47338272167766426,0.11260426412267852,-0.5143027669939104,0.27810594822085566,-0.1499309480017157,-0.3497612198656439,-0.9710762579229262,-1.6222784509278472,-0.24951707864127126,-0.6157203875258603,-1.765509098037196
-0.6020650823426714,-0.09517025850963468,-2.0411327836095836,-0.8400813258247737,0.9093886740488821,1.6874836766795094,0.9852028045806681,0.6041186418172299,-1.8781033624254064,-2.7496317799756413,-1.4568181998582979
-1.3125826390146416,-0.16700482237832792,-1.1028160252183734,-1.0082179170405814,-1.78195015816142,0.6758951657758465,0.28945985545969766,0.9854765542177606,-0.4879495284048568,-3.176394468811521,-3.732340520940805
1.1235340160216656,-0.17080806645073343,0.8376520678623695,0.8116681812079563,1.3128324216362606,0.6595847013983662,1.3558309626985745,0.8125232125934373,1.3116839983704365,1.8880064737870665,1.248095203822693
0.048473522988902215,1.4465707076570506,0.03304594955187021,0.0723271619949758,-0.15243670477693694,-0.42145803863314735,0.4788167852001446,-0.12347013109578008,1.3943926132233129,0.2981819292476837,-0.07142964199389151
1.8268644307092068,0.5480409389114985,-0.05183167842713007,-0.04509650009657645,0.3411181084765514,0.8936112878079933,0.5612266928933614,0.45557923295732794,-0.040810186801500004,0.1388593698244822,-0.692562005512193
0.10003806751789933,-0.5676918735808214,2.318331582933558,0.15133607963505655,-0.4961038508836581,0.6969737008946582,-0.5618616383271167,-0.08997809055597353,1.0605204024986554,-0.44656568153129284,-0.8994470417037708
-0.9075924600334423,0.9825413944362374,0.479968076928059,-0.015712803987682822,1.1360199709707848,2.449594663708198,-0.3213398800316788,2.5158464347041054,0.7030752231811626,0.5973635725897414,-0.03376364692761774
-1.087321812684109,-0.742471067819195,0.33654593068850325,-0.7293819126554244,-0.3332994474200237,-0.3035102624657838,-2.301751608140051,-1.3684460926652258,-0.3865896188961623,-1.121818141708832,-1.7305626497588558
-1.2779638284894308,-0.6766705585994413,0.0842393933840699,-1.7713990499672128,0.518436414853652,0.9485934626506873,-0.2511153203744616,-1.106693369934925,-0.655101743397277,-1.2297636516550232,-1.6546762934085424
0.5714249228009366,-0.21852131786307855,-1.2207831745809818,0.3984984199211895,-1.7944762920098265,-1.1637018172635765,-0.8399305552410175,-0.9346299306606984,-1.3803216126778741,-0.309006476563052,-0.14543678573033558
0.8433676101504345,-0.5497938461866438,0.16575005407607804,1.4528292156130345,0.16735204021014677,-0.015156122327373261,0.5610180951107775,1.5667381214014129,0.2671654247858558,2.1105478526935606,0.8655636282267107
0.4211390818488744,-1.852728705501287,-0.43076932346241087,0.5347111125361512,-1.2183877226189117,-1.327262443981875,-0.7073532888789942,-2.4291488722308574,-2.689953783073792,-2.100293054621421,-0.5542650913477687
0.7777984532199551,-0.1693902475679099,-1.880232499839914,0.912157287579155,0.2317731264749843,0.28130659203892217,0.3978872593903351,0.18760949867846544,-0.2110625864136707,0.33577716237132865,-0.26016405609902926
0.5030653689053776,-0.19691071168422886,-0.2393302020417434,-0.07255695067988721,-0.13500934684478616,-0.7253756384447324,-0.8380885200925823,-0.6361306996237288,-0.5846640761083642,-0.23693339142970626,-0.6045937492609594
1.7957621556002985,0.15317947596933282,-0.6609729104743461,0.30223892507804484,-0.7229611238441093,-1.3340334429215477,-1.4504436908872296,-2.681439175826006,-0.008050813825966618,-0.9613896900914618,-2.2022026998813855
-0.13388837937645487,0.9958801575204166,0.2989547212768266,0.34023799771073776,0.3183064409161638,-0.007046573060710104,2.26681875703882,-0.17621489043679095,1.3340976380783085,0.8799988615454712,0.33897143220502685
0.18361237917852324,0.0022012807179982857,-1.1811041452823823,-0.119513560589524,-0.8770520950114233,-0.7458271969141486,-0.2757187283501643,-0.4245275038443891,-0.38912923604120647,-1.085187366636122,-1.6916339526405224
-0.891917222965101,-0.5239062108076669,0.08621934791464493,-0.29993224463677126,-0.0393488551709307,-0.04233327646663048,-0.6268967474885753,-0.12938377525309053,-0.3493478429752977,-0.04173223292692585,-0.4872239478820104
0.6900051012989651,0.20084327519174344,-0.5793124220355123,2.249517456209704,-0.8124653643607493,-2.0349111199053853,1.2938955539333485,-0.0029064455846202902,0.03972109788430267,1.1866155294147798,0.33043400094101216
-0.1589580537189545,-0.8931212188304767,0.10049940907239047,-0.8777319675049147,0.5981397311584002,0.25795113785473633,-0.7632602501735906,-0.7861066629495568,-0.6295933692849806,-1.3090483355395643,-1.8775595375534688
0.5022321136912445,0.055503969125539586,1.3796946843087166,0.005599542164273386,-0.6506492041327222,-2.077672192563551,-0.8704356295945291,-1.419064999325523,0.28753149727475535,-0.20934455394358256,-1.091665401388788
-0.13847882815328313,1.2302964625040922,0.016165649813094422,0.2962255509381561,0.054229986324490644,0.7037049580855063,0.7362501681225542,0.39054997700215355,1.585549295066909,0.7803498976150123,0.38501993872883505
-0.30089790395599636,-0.2209501275652129,1.2780205235311688,0.02085169393195707,0.7053260228595408,0.9557176384120555,-0.22103288337449545,0.7252777843454782,-0.4683857777522087,0.27744679118614,-0.18549567757600058
-0.18126262209326827,-0.4091045102768659,-0.014677611393139566,-0.7232278167159819,-0.024170721495753614,-0.4563879272929899,-1.1719176003242509,-2.4768038321909587,-0.2564602682287341,-1.7279800177015026,-2.6579206446651646
0.7535899152522338,-1.0695692970180992,0.33456573994085614,0.4179118300320209,1.0443437677491236,1.7090272093691867,-0.2017598726304091,1.8647883725231231,-1.03348390586585,-0.013833102711782674,-0.07984835578997157
1.1627934674567613,-1.4627906520257574,2.1800847955360023,0.8039187159899298,0.1603414137937924,0.02372802260577689,0.24252861281209398,0.1565517804714788,-0.11983237664498025,0.3563105562270377,-0.33265403375676195
1.1573755291529757,-0.9262510191493254,1.2624694990736751,0.15257494488785917,0.6121098675282217,-0.04457933698205896,-0.35859457223782265,-0.27966337115757867,0.594276815879161,0.15779172486242654,-0.26706229781922
0.1260492124034757,-0.2766282295863328,1.5296194288150782,0.9456688169626314,-0.00767954857233305,0.10497972580978805,-0.13102648144438303,-0.2386650992024513,-0.5340777224696952,-0.1099644285892585,-0.7209539965169668
-0.879377026463904,-1.8408571171639907,0.6584373984625622,-0.8463244095085612,0.11112094295611774,0.25515339409995474,-0.6330824688417301,-0.6722782992099633,-1.2012398035576584,-0.989012789859415,-0.9505176664666015
0.16982587844695113,0.9143964584700227,1.8542863796575875,-0.6113478342538288,-0.5799590918852056,1.2598810986688802,-0.15160996764129595,0.6168719072041764,0.7364481005892927,-0.10150330619757014,-0.8709200108084574
-0.06129034709804563,0.536099032127271,-0.5351653471951379,-0.31640514351899884,-0.8090335360726005,-1.1462911165348157,0.26416311541621684,-1.3516020504465094,-0.4523478115842924,-2.47557235917356,-3.1415195518257963
1.0240692914618978,-0.2765147092736126,-0.30997049089753,1.0271685380461046,-0.48661719245086416,-0.5215285714056191,0.36197267656329607,-0.21356693465082505,0.3782439712310557,-0.0029323905402439676,-0.6988878804162151
3.2733027965122456,0.49660544302290177,0.23219843929200032,-0.6071874811218004,0.880017713775314,1.0271996515530841,0.6902263093129892,0.8786674374217159,0.9126332845795395,1.7402750466595847,0.48789930536353376
-1.9564690089819512,0.885335650996063,0.6802465575439192,0.27580891394343765,0.7200729808036109,0.8208089423007762,0.23542258609557626,1.4236538059698212,1.5243561247369448,2.432193265119678,1.8648132769886097
0.35710621847438045,0.12485608270513583,0.8497533603161589,1.1908602640418362,1.45849646180165,0.9653542731647302,0.34779647433781086,1.820526682613409,0.08849156072944209,0.37552264451190287,-0.24128000359459778
-0.8257228480723656,0.8394995538386641,0.7197806623503712,-1.8717918160152625,1.2079322878174183,0.37986940939028924,0.2639114329079898,0.46736048152055565,1.1322708447425323,0.34744311315479404,-0.18258069055741064
-1.634187104872973,0.20203865227826306,0.7003791232479611,-0.3547784467211874,0.5128109650474207,1.0864861404790944,-0.6123348771130498,1.2207109320641705,1.3759741955917788,0.9506954609961391,0.38166799470984863
-0.7058717440252692,-0.09490476013328536,-1.1685400383716968,-0.7589232454879953,-0.04990512208626685,-0.24462517561714467,-0.7970268765329127,-1.4096688576244496,-1.8561567760433166,-1.288788361403681,-0.753955457196538
0.049269955202266784,1.5008429032150763,0.141260829364827,0.3310286421371531,0.43594330900869716,0.44967037318116165,0.8577190713505662,0.49676834144247584,2.1090868889021737,2.4254606754639187,2.381498814359154
-1.596085136948049,-0.734526466846709,0.3101063198869219,-0.3247825153080447,0.6841477362055377,1.7404431177314272,-1.2851658504074952,0.8278352210471897,-0.9477680294665336,-0.6016000172287697,-0.7954849042908566
-2.6046856746304705,-0.0951150551446352,0.9502537155203054,-0.6608489470493506,0.48896818751200993,0.9053026750318249,-0.5697659390329108,-0.1597165749810034,-0.16165989907125033,-0.5928406386639776,-1.643617944656515
-0.6812141902423385,0.4100185649632179,-1.468674524804836,-0.3105011803649418,-0.47025045593588327,-0.5169451610930158,0.2715649620075181,-0.44827829937478103,0.5496097805076603,-0.7873330999237266,-2.6892711988365305
-0.5092911356276303,-0.5801293044721997,0.34564083842457166,-0.8367678348351946,0.46868680311631616,-0.0967783252679224,-0.23131290255181364,-0.14718673468579307,-0.8533325952185271,-0.23104948356104704,-0.4260345457679672
1.263725905088729,0.292068879026471,-1.1961473330550916,0.554579830478783,-0.276092717501502,-1.363215236824614,-1.0669448806638526,-0.5933818617239878,-0.7660774266695997,-0.3805725146694865,-0.6797955314265975
0.22199700921590884,1.4033815825646767,0.42709255809576346,0.19781710536926264,1.2143651662353,1.3439296576100699,-0.5191967513425678,1.8503988069510464,1.4819157696106642,1.9195643013406014,1.3767070294905488
-1.2750446848702004,0.2200701588469549,-0.5492819908640143,-2.3392138352275262,-0.23622228530822686,-0.0804596063065563,-0.8707122144298166,-1.2427935920045083,-0.7775041671523162,-0.9730532990115703,-1.2781350006826329
1.5077317433845325,-0.3003126658418824,-1.6206115362758804,0.10250825186975532,-0.01807530498336099,-0.15677868867839337,-0.16373939962512662,-0.9644710909069388,-0.4800535860345564,-0.40985904750713886,-0.9699505768435552
0.2217859966174448,0.29625524683864696,1.5439423645580022,0.24659899953652006,0.2606513236256467,0.6180867071250475,-0.2042621838118972,0.6830528239336836,1.2085468899772056,1.6998491604230435,0.8750905505601044
2.1588848184229223,-0.2375685495883679,0.002415782054214211,-1.6701679457722127,0.3271444556553496,0.560307107011439,-1.9266011705325112,-0.39188187148901904,-0.14364416460795346,-0.9755943936275122,-1.763050094775139
-0.9708859216652334,-0.662923097206639,0.7768243707139209,-0.7558542476936453,0.8354266795957204,1.052810597067235,0.055972761063966786,-0.10337334486456584,-0.2078460760473917,-0.03049358636273755,-0.6693883282581984
-1.3354047265762348,-0.3179353483067094,1.1022523907729718,-0.3304214314087124,1.6319124682409238,0.5538476927715885,-0.4772048270451872,0.9561074730651512,-0.10759891089599427,1.0744666137726298,0.10935154132233416
-0.9146600094360672,-1.6829704667760197,2.1119559717907417,-1.3884846858656137,-1.0307868823259352,-0.5724786823452945,-0.4282865586167476,-0.47676665295602527,0.05923431129491103,-3.1365321126230006,-4.064180889140077
0.01315783593364665,0.11054591543166345,0.0768609994470709,-0.020680432606141445,0.3742055391073388,0.267703468571535,1.2035910489304067,1.9664630701016974,0.721463498943413,2.030629657209169,0.42539891525063567
-0.0062402711746674016,0.7913063646171483,-1.0052077966203177,0.08121645810972265,-0.5454486782217706,-1.062689374711282,-0.21841497710860347,-0.7492506204757554,0.4329782176462633,-0.0027450358992667998,-0.9766948012342905
0.41402749295440694,1.026363289798387,1.2326888581768727,1.2918624164251635,0.5103547849694765,-0.2984091322147089,-0.02313536789088122,0.8925783338236255,1.918944625752547,0.9561848343613037,0.765347548472507
0.1839311302993329,0.007641490924450928,0.7822911547348321,0.5050485322330692,-0.46362172385003275,-0.6268752309953254,-0.03738903152057321,-0.30424361776728814,0.18140941069583688,0.33693665087652436,-0.3958203799034836
-1.741672984692539,-0.12840448193339254,-0.39046360777188266,0.015199003342471942,-0.5016738421832192,-1.297259863391429,-1.0974619028395636,0.8315393870197139,-1.2042229552530264,-1.992146943951585,-1.9412925246723751
0.10770607613287814,0.2806486393308622,-0.022213051322867376,0.05727200005430999,0.07203216934874104,0.12050052552766782,-0.42625978067056475,0.27038038246464663,0.43460838462897167,-0.056030736559244176,-0.9221321594117724
-0.7603088440076913,-0.6736559896677355,-0.9772909441336511,-0.6775464910565794,-0.8735181259704924,-0.9341129035641669,-0.5345661335819591,-2.6589526876228593,-1.0660319760977095,-1.2486683096951015,-1.3217120818699675
0.7888403297599826,-0.24601094753122968,-0.3332020555085035,1.440633937642507,-0.5118931288399742,-0.44456113389605867,-0.14608950003547194,-2.075130791107884,-1.176583860184179,-1.270044666352908,-1.2323094315580438
0.6519925623937254,0.11151224341747594,0.8733593220167879,-0.11915610041098235,1.68700981843753,0.18053864855809482,1.2866845212135125,0.8422391933961065,0.21542652937354922,1.006956465971702,0.16847430863355084
0.3117547898505556,-0.537392143980683,1.3152719428017123,0.38713063920707014,1.304437774002191,-0.27454567838157407,0.9136918950380362,-0.35541097033384017,-0.21433742271361345,0.3792527866492582,-0.07714260133051015
-0.7813064541837015,0.17561808178598232,0.20281547661836893,-1.8489082801652335,-0.20692290582117534,-0.7552599560101226,-1.3832388641013424,-1.9345220262459237,0.4218816469500507,-1.2593374538452615,-2.321414472045273
0.6756001513116224,0.31594037851597884,-0.7934551488127656,1.2115550289142627,0.5294639812153459,1.2204541371242443,0.048205063462052444,1.1009723272949419,-0.640018488315954,0.1304886505357442,-0.110367586527293
