X1,X2,X3,X4,X5,X6,X7,t,y,y_delta
0.9348262343932543,-1.3231203469173325,0.2976463851814547,1.2471924176954898,0.41867915764294417,1.4164261247695533,0.11689949532650618,-0.5192034397439542,2.1001135473024806,1.370175038219772
-0.6923515223543929,0.9478933765809003,1.6675924863367737,-1.6304734323500338,0.4911215107017033,-3.4982258116264693,0.20057097223222276,4.416171566496491,-1.3827869131962092,-0.6215695181969344
0.885913018410093,0.24169360359608888,-1.8583712064600126,0.015687359120988953,1.138068333349398,-2.303265398487369,-1.0492776719440091,-2.8882108426008433,-0.9557205252814691,-0.04647630829259408
0.09979360062681433,0.017263850286764082,-0.9660950517105846,-0.4145039377778813,-2.940934617734513,4.117806030980216,0.3124761222961677,0.9654206057615269,0.6975120777182322,0.22025915154704195
0.6994130750219884,-0.590122784577529,-0.04266875920301129,0.5336902327983992,-1.7046261723585912,0.9736428780659387,-1.9699285686266987,-2.649235922109537,-2.9592333194673293,-2.0860824768455966
0.7463314367152892,0.04478940567643672,-0.1277433147213142,0.7969548778905274,-1.8332186837943678,1.43083441174785,4.2312903323208415,1.3855562155940782,2.1221423789351053,1.475862281420508
1.4594797876445533,0.25352539686144554,0.4222336073483699,0.5106771066597299,2.1070525458953173,1.6117870791153812,2.83235944885507,0.9581487354658713,0.34321560161656417,-0.8436809113597014
-0.42936497476452906,-1.7419731948103574,-0.018613396987909505,-0.8622865547623719,0.9244856267643664,-2.0634938589259866,-2.9505336173551377,-2.3033791028202675,-1.1914471365705908,-0.3591775900680052
-0.5860516856476801,0.13869345416510775,0.2437133859755353,-1.124825086346794,2.0875542369373425,1.5739501372568667,1.801808003086494,0.5744307168600926,0.3506336021561026,-0.8149884495727613
0.08467255993452318,1.0463722815510283,0.7671460556914129,-0.4001723530538607,0.474938628254967,2.311430137326285,0.1996999530397312,2.1734918807934775,0.3729975083231608,0.38162110965199003
-0.8669358638364029,-1.1511833138497203,-1.281761344514942,-1.063800918353143,1.381875871999625,-1.860025234717681,-1.7178306617876684,-1.6364336394481744,-0.8520633817624494,-0.4152124524393842
0.5987506768240406,-0.3708845203329803,-0.9035683348782027,-0.29236154468788067,-0.8520969195747566,-2.007789599832899,-0.8481322352196059,-0.3022494477473301,-2.239181499932309,-2.710657127086075
0.21624099752664233,0.015234235798817074,0.4376950819515744,0.8398873347493774,1.1814402904249168,-0.03201762020179655,2.542868279161797,0.7123393464035082,3.7091805525919734,2.377906976276207
-0.10432487594554316,0.4907834400516568,-1.31834170976245,-0.18365352563035622,0.09632826642562509,0.6066441909778181,0.5080462320983894,-1.0705188089470377,0.027416762854608923,-0.04490237658908702
-0.8372772004553394,-0.8221846240323548,2.03515424599976,0.5792534624730565,-1.5031099603189229,-1.0395948521336087,0.27416761128252976,-0.24151224297294024,-0.5723371673354803,-1.2201052777795334
-0.3863838661137098,-0.13348229437019826,-0.766591506372161,-2.680117889944859,-1.5437643284249032,-0.5306064368733576,-0.145076762797194,1.0138012906128453,-1.391191733567649,-1.7340189443452145
-2.266057437802355,0.12287953866440064,0.3941053954769222,-0.7584825429313169,1.6811991642505388,-0.3632795844195514,-0.36861417057950213,-0.7964872437471521,0.233713207289171,-0.0015128402338013824
0.9049938411741852,0.2623381759502896,0.8908949663320784,1.5452587319833082,0.10729961802714905,1.4647539484053538,0.25984512863215814,-0.17282262399957748,0.10482243013565395,-0.8282107946273132
-0.11732679355311267,0.5551997036078637,1.079827558245232,-1.0704410155217075,-0.7668042446236775,0.16015027214687358,-0.08320747965570546,2.374709841812817,-1.1389368580728456,-0.87593251652512
-0.09872645094483058,-1.2427936406841817,0.05037235298730216,-0.9950506354482034,-0.44278374640138163,-0.4373768614786404,-1.1830784845545348,0.04585708003725286,-2.229673530111988,-2.783102107574147
-0.04885623576993635,0.19604066833800998,0.12419418391156913,0.35208845818378515,-1.3364942638732575,2.539872152196889,0.6412484250130202,0.06434469271121185,0.8434508210628344,0.20634464359845617
-0.4350440989983125,0.5232248538056452,-1.9845750252822165,-1.8891276835859572,-0.9192796828595449,0.9632926779738867,0.3432219215402692,-2.129429121610519,-3.4349223050896143,-2.698119247546597
-1.2139418569120728,0.9356560634345362,-0.16475592924998522,-0.31058947537956394,-0.4167304522280204,0.26231076474982806,-0.9449904458782041,-0.2342681910237886,-0.5083121277793872,-1.0456393014365712
-0.5669852005198616,-0.7527856637311701,0.4425823775446386,-0.7570094946566382,-0.45875788783603577,-2.3739426510732393,-1.1918826424952735,-0.24536409369219545,-1.0398678440522005,-1.5060582132873523
-0.38937073114142884,-0.8059018819197767,0.6257777111710593,-0.21388161419495494,1.5816162231001818,0.26853781160091944,0.9041327280810413,-0.23779550231031743,0.06301668173232436,-0.7356144790879033
-1.8247920217254525,0.2621594347355033,-0.6248924710305364,1.9795847143738232,1.048552975509266,0.4918456140299746,-0.18463779707124695,0.39239073873459596,2.6970869031238,1.213163688257322
1.3266499124837026,-1.3152020887980918,2.1962910347449953,0.42680948567058374,-1.066936929234262,-0.6512469035726283,0.05133187682020346,-0.45292131416544207,-0.892452112611693,-1.4198424649712358
-0.03553180136793718,-0.0890132113973512,-0.10131165655635799,0.5587346338279807,-0.96120072040889,-1.2421325930458798,-1.0521494459523835,-2.311465071047802,-1.7913420541268463,-1.0113672283921353
-1.9031081213718612,-0.6665131422133218,0.9546228788253119,-0.9181098866488506,-0.26643862325473644,-1.6978265673035433,-0.0800326837941121,-1.108766204755322,-1.2073924936816849,-1.1151067151626375
-1.3571755972642585,0.6199509235326415,-0.4061320857919736,-1.4982005686962891,-0.7641609880318303,1.3927059778813309,-0.43960249122336276,0.5019949841689779,-3.257222407441705,-3.7144524546329842
-2.4683864787450647,0.5257741245682579,0.44204081238411413,0.23844591877402943,0.3263528234159562,-0.7876630519507616,0.7715363028983923,0.8945024822723303,-0.4818309496566844,-1.4729132427682938
0.726919449034724,-0.6412498755851977,0.3547650198125633,-0.6663125461523617,0.5635370162739634,0.8175476939066245,1.8068509899997691,-0.27324413530419805,1.9946534037204982,1.280745248805666
-0.011485122684578635,0.21410907178587885,-0.3542510181019779,0.11976153155412891,0.6306762886637375,0.06672256960505962,0.3402697972703189,0.53675342752541,-0.9149261239901538,-2.040663431803811
0.12867123384800025,0.792469107890121,1.5983417512493523,-0.7623607566043583,0.6024172275945147,1.8791642358301073,1.9237914577747242,1.16767335753593,1.9425510363998826,1.1702847754627637
0.6577853097672396,0.08216604830475242,-0.055826241004129785,-0.4117114016946115,0.241095303518386,0.5581950930684741,2.112857638886063,0.5516864546737894,-0.3084868918536424,-1.2307240957148349
0.11275220559859604,0.4326781047127135,1.496512876394242,-0.005317821477962614,1.954178313692704,0.48403941065316913,1.5938025676266865,1.4203419350001936,1.2553525979330775,0.6156505211037455
-0.42012945672525426,1.7272623580751698,-0.02172835794283131,-0.4604977825722927,-0.7240386983709896,1.571458085276459,0.6011243241796052,0.4485638959485201,-0.09398684227084175,-0.715239441841939
-0.9823394959277766,1.0767726145434828,-0.9996836983972588,0.6222673695661616,0.2775268244215908,2.466633697056718,1.2420938583841836,1.2382345530765366,2.0189916963120362,1.1443902099498793
-1.282961709997533,-1.5931773638694722,0.7523610408086148,-1.9072888886550965,2.957680959093178,0.5543224348433239,-0.9454612555797123,-0.5000293154550912,-2.150934054660373,-2.5950929022206823
1.24890087957732,-0.03740548934781021,-0.9781144087330531,-0.5641909776844634,-0.2121355450142458,-1.4091170319150432,-0.1917176852642084,-0.15681023889804818,-0.7097658023553752,-1.2990849559988047
1.0053334176795081,0.48653419329836217,-0.7880463051801462,2.306965261137749,-0.5697862432062525,-0.889006117848189,-0.6834235348595125,-0.8681723872338473,0.09489830719154624,-0.10181727241468363
-0.272052736552725,-0.07423105552760038,-0.08418098466769201,-0.18780968707853868,-0.24627335812177628,-2.8508867022632107,-0.39069540809497927,-2.006062621044867,0.6495378238030065,1.3850816034059608
-1.3079468032832426,-0.46680723472872726,0.9605833063811382,-1.0910444517715703,0.277384724327845,-0.39949634364038433,0.8540097209487917,0.9558897079221628,-0.026430345111879305,-0.7843989847098054
-0.5606940011655651,-0.1268006638849447,-0.44656461653497437,-2.833058493095475,-0.7523055526694109,-3.3125166745909995,-1.9457876828384078,0.6220457763403177,-1.7216316630975033,-2.0493327077335453
-1.3583310756004472,0.0013949467407441784,-0.5760753004352233,-0.4076649456893482,0.7713488569128182,-1.591511885963349,-2.374946015876071,-1.0072170042390214,-1.2764624712332622,-1.3964554056617517
0.4360498221517525,0.5273411602111823,-1.3331803837080698,2.0051861967088156,-1.5589364755979227,-1.8558531888867673,-0.679193618667542,-1.4108941714558176,-2.5494488865379847,-2.3367917858276677
-0.7911536516297878,0.29336888819550366,0.3045279280693428,0.5877506787231009,0.14544386529941067,0.6299944648576522,-0.3519764279793307,0.40800038001535466,-0.3135940723743993,-1.367632640738689
0.43600365080318343,-0.8430343161230078,-0.3216452338238424,1.5199179659371884,0.6880269959669558,1.080245257281478,-0.4875492441765208,-0.8013632242423977,0.47322416896418307,0.02530197960570002
-0.5659227842233183,-1.7051409382385454,-0.5022995871029684,-0.7186640784429651,-0.32883213818067497,-0.4811856463435338,-0.7918941972576937,-1.1853710710321086,-2.1853079547507224,-2.0247253641609615
-1.4957958499918431,1.236233779151862,0.9312058950205727,-0.005595546873203849,0.7597811177600384,2.6372588467466533,1.8358853682866505,1.8579801628903654,2.373451593251395,2.054933119684147
1.2886828088711488,0.6147054676869874,-0.37389567727628703,0.38899352365707046,0.39004115819992746,-0.042134650289035736,0.30850310433647216,-0.16188535828880118,1.4004011632648365,0.4874887127531067
1.1342814538996349,-0.15752292942508755,-1.3893623544968712,1.6730682341106888,-0.7428283588614688,-1.0712039651615477,-2.3507994785898907,-1.060728806835311,-1.5401235473763988,-1.6098448911384582
1.2198218489747998,2.7328848973684807,0.7982924475472819,2.7427566183324257,1.4807206467543963,0.20486943113885273,0.3764969079852738,0.7411679011374385,3.279385650196675,1.7244188256326833
-0.6235085076668144,-0.4089618121654223,0.9552117231986436,-0.16595431171685282,0.9819757219341185,-0.3500420951344134,-0.26355747749249514,-0.7670650809657028,-0.5903349324160932,-0.9490712673987011
0.09174479338314705,-0.8750005250880919,-0.8507246862623593,-1.266956277740091,-1.084661610021766,-1.6783337321705405,-1.4320016804072397,-1.0067948018188126,-2.1847760911421945,-2.224033152402182
-0.3616504857578629,0.07182596311047412,-0.704142615390018,1.546849449087004,-2.584705077514554,0.17232718779634393,-1.8573095553121952,0.15341659254831636,-0.8000871926345376,-1.5148241614025721
-0.2918284435462461,0.4786524726809454,-0.5589844909887612,-0.3479056456240057,-0.729352826508139,0.2956040782504429,0.34719531722027364,0.3554602972640034,-0.6053232878439053,-1.23890376928874
0.4916766407178919,2.227594124807379,0.6158037850828864,1.0363753764561099,1.1195413499030376,1.881691388319398,-0.7214074516313096,1.5941902469500013,5.537341762517395,4.899173657987016
0.9631816558023707,0.47097148816303724,-2.0197884648174935,-0.14748070550354198,1.3071076698507036,0.02535565276263657,0.7241608999210232,-0.16080481518241224,-0.24605489126935742,-1.1361399166611992
0.3760829919733019,1.108398419196297,-0.96829113135268,1.5422127983744303,-0.9142672379003245,-0.365547082613481,0.15167141051077015,0.4162828801897578,-0.6242152166663314,-1.5089314381770196
0.6771483613282275,-0.12803046341732383,0.06540414309414287,1.8111378327804253,-1.3437459721767917,-1.893930031840978,-0.5183891823083875,-2.5242577557045824,-0.7578301860324301,0.12310461475753814
-0.1194099923164516,-2.2383829999661575,-0.21486508949086977,-0.4873585564011266,0.12318678094815388,2.415449405200405,0.37062315542792157,0.6795944291681464,0.813924083609913,-0.046798523424902316
0.9052964343482652,0.5351921333440969,0.732668791161107,1.7608280748687652,0.3747539014365502,0.18359191927912644,0.9502698288349305,1.1299224680873934,4.910107311674999,3.866999802415207
-0.11665186581231606,-0.9849171883419987,0.3840695388717188,0.009652615317235602,0.47797193560171614,1.1295480236708877,-1.2513511853046608,0.2624675284045894,-0.3780969224091678,-1.4169761282976119
-1.48562973738048,-0.7143098558277031,0.19433009569291074,-1.9058007475412522,-1.0811114147153937,-0.10107855654114035,-0.724173072664037,0.7499424611609767,-2.3954313512968994,-2.7449524986369696
1.0367075278957325,0.0491340822519924,-1.2565960484198635,2.680532742053362,-1.3662216143329848,-2.600753284354604,-1.6165850478689137,-0.5543677517709179,-1.3483850830417765,-1.8396864994772675
-0.32595603078719126,-1.0532168370915274,1.097403460267823,-0.00453277435936994,0.0939001783740816,-0.992088025617748,-2.7860979068210945,-0.26318876501476546,-1.9145769482452752,-2.6282594484518556
-0.15453848125907882,-0.7379829282234136,1.1900919633396054,0.5942172353463073,1.5758677412012259,-0.7674556873787788,-0.20257944623242574,-1.8731847865962272,0.8249339256064236,1.3565772653602386
1.5291825928538003,-0.16272532020792893,-1.6031210515071577,1.319320136289021,0.38711771258575045,0.6973676297156172,0.30259271095350626,-0.5219153359831393,0.7010482557961231,-0.02218940524193542
-1.2525458641850344,0.5537974594076328,1.6233526338663187,-0.8652276047950053,-0.5343908270204597,0.3764429579011707,-0.9961486534587314,4.043699609240246,-5.5236612064117745,-4.616480695196495
-0.024072742585536436,-0.8158355740822938,1.9976082204109524,0.15764462921762218,-0.05641751006005874,1.7059139695138013,0.07503829365214557,-0.2350018703332841,0.13301123798945513,-0.5756013270954123
-0.08436971955293697,0.2537992547804613,-0.5394384088946306,0.047778961320217056,0.17064481136824028,1.5742618039796554,0.3153686094133148,0.0866027582024204,1.8404098862675835,0.9333700752188653
0.3427643491075254,0.2658263672464367,0.813358343309418,0.8345822731786661,-0.03483231277671717,-0.13066057936122027,0.41975881848001906,0.7101948006611633,3.822349450559636,2.8034117912620213
2.187441813414055,-2.0131824219076493,0.7919705531093857,-0.30544870764238224,0.3795583756907498,-1.4551320223608188,0.5377479189669623,0.6084490575529462,-1.2665316866950924,-2.244811105836778
-0.3976624903708502,1.01213940189342,-0.15368898488329238,-0.6151603389950445,-0.9901193265840706,1.5980976760366707,0.12955043257257748,0.8032941628314122,0.4125153955805615,-0.11141368263428286
-1.449957701930415,1.4367736214136664,-0.7720007793387912,-1.0424038951446954,-0.1728769198917145,-2.2244089069205057,0.13161796364834422,0.42284244452155867,-1.6684308676327881,-2.3592099624681957
1.288787606909745,0.9194942407412708,1.8547806804505373,2.0985957612138053,-0.6066244150219118,0.370139754772298,0.45683560526120354,2.7045047164982674,-0.18934357713696992,0.2895088316217679
-0.517593045053375,-1.0557323388371989,0.12072394232099784,-0.1732644163260234,0.17077582650975806,-0.5149729102943565,-0.14049374917277965,-0.6754689591617017,0.11506332692202037,-0.30902498612595697
-2.0171713400000746,-1.210835222504147,-0.9468211628036193,-0.006150739647137637,-0.6209183784345269,-0.2376009780288521,-2.7958548694173846,-0.3760515385909814,-2.702901571939528,-3.1906121608064293
0.5346151160160301,-0.8518645057119426,-0.2600535180835624,1.5154458825185406,0.24562743781618768,0.132082305143125,0.5413102224469095,-0.4204287396233322,2.386020186802599,1.6042835433445146
-0.00954900144219426,-0.13378036271654528,-0.8743417529598609,-0.0019745657304432573,0.7312344379569989,2.682381312320876,3.277320156679059,1.2515084354197548,1.0629621175011308,0.22351989084411517
-2.050357395470051,0.8984930623281765,0.5765551042864521,1.1344595031390154,0.5271617554238076,3.36686546497911,1.835309091242416,1.943151963411729,1.677133212040561,1.3483209520960506
-0.13331713989051155,0.1100880190498261,1.7982944088681254,1.1194791515122646,-0.9432348556036881,-0.03096588919383507,0.5881469492258825,1.2643175359403012,-0.685798438266849,-1.3548800217489516
0.7771382524578595,0.9581296379638766,-1.3521006233690804,1.136691214026298,-0.514099342566414,-2.3403583524919287,-1.448699772756315,-1.8038899034053826,-1.7357372921426597,-1.1991195114903026
2.0770288865447695,-0.09205283880204898,-1.0624724506467644,-0.1234608276527644,-0.3648168149246622,3.6506778114098375,0.6205937088550146,1.0042240330601917,1.8051887801384143,1.1229634719383657
-1.063230013783395,0.09569883104539993,0.032900013734658944,-2.09740073928295,-0.6011433123702103,-0.7413631322309405,1.1075294172432888,-0.13457702481064054,-0.9221225942120971,-1.3421044020226809
0.1812351869147728,0.2955238689679049,0.623237219500951,1.7720873508504393,0.23224272494438614,0.6953113503512964,-0.09369426186673235,-0.38031826393539614,0.8673837707528457,0.058903942645239495
-0.10575367920042174,-0.4235945941955928,-0.5273121558713166,0.04803295658207313,-1.19055863006502,0.6399675433172792,-2.4389632568600197,0.5963659352216849,-1.9592030852601938,-2.560543486882562
1.1282391498463304,-0.6377919425266493,0.24834064985217108,0.2191282470802718,1.8530197998830107,0.9978846305191371,-0.15714303474557356,-1.0360165986704903,-0.3964543426742173,-0.5364915002315398
-0.6681022910108126,1.1567434278713373,-0.3218717106111583,-0.018493539932032066,-0.4159214775894309,-0.7215069243618675,-0.2567388279047007,0.09629294814776557,-0.9191099841272931,-1.6394617780827163
1.8796114965954989,-2.4075682348206104,0.2954071930357326,-1.574231103914908,0.07227370056916776,-2.651811793234531,-0.7404519047012112,-0.5827540968132415,-2.171762699810881,-2.570257606876314
0.6955699336795087,-0.06978529097964263,1.023289719525957,0.4563202217285966,0.9905115621408904,1.8063719123146935,1.6055594415417362,1.0945846883203618,2.5310170281485935,1.4945555176014265
-0.20080311488956973,0.0195889032855691,0.3937785634912176,0.03958092205799668,1.3921263304923328,-1.7576691961685342,-2.384548545186857,-0.4556443165046007,-0.9968379045623331,-1.645705963048297
-0.9084233044369767,-0.38490577702573747,0.8895716446084597,-0.37657245039709275,0.2878298514750729,-1.9153048715720113,-2.969903364991073,-0.362509149673357,-1.0347651877850446,-1.6825390719151696
-0.19086372373340096,0.09946331652704005,-2.1964085437625744,1.0883139483336994,1.679020131665051,2.272265113496756,-0.44929043348540215,-1.2190839946696876,0.3186920011508966,0.3193443659226428
2.0817696230293956,-1.1368487094139317,-0.6324162867721412,-0.7314856344259207,0.1719614511166142,-1.115192388978077,-1.96765840622609,-0.49233959726582854,-0.44636065529879193,-0.939818571747044
-0.2619392323795426,0.3096545897318498,1.1127327151495472,-1.2096530410835515,1.5129319004208683,3.182513306861563,3.0382879650240495,1.355245372360168,1.1198212514076422,0.5224464129321438
-0.7079699365480648,-2.3729255386678667,0.8891334642116393,1.1380961047642049,2.1458729753753314,-1.5094019699243701,-1.8185074838864592,-0.1417244061612854,-0.5971820559938359,-1.6511830019238989
-0.3174819952146618,0.4232656622756748,0.8246968885566032,1.5282540727169645,2.4697398421753425,-0.4939626308113163,0.0935006610749225,0.20477221265048662,2.79302447647317,1.306193326680399
0.10540969246106308,-1.2198586323238363,-0.03459002466182945,0.6768987284411209,0.6095612021785373,0.4791482585541663,0.6089023870127905,-0.8217227520878919,1.3206113219439621,0.8758088641165275
0.21760543777125724,0.9287677327682673,-0.9199787582344563,1.0439359632104663,-1.2983195710809423,-0.4468114333388107,-1.5954966365105294,-0.8649922349641808,-2.161492926285397,-2.464217319409894
0.5069911078365252,-0.4886494436659429,-0.3714993973519255,1.1003016902014888,-0.45502873786196507,2.267437206813103,0.7571102035289266,0.2663656735843112,0.6864663696723243,-0.23704046117460115
-2.0174269271747853,0.10630770190172983,0.5575477730981102,0.6033915482303646,1.840118512096983,1.5654985919724278,0.5769490594670603,1.6148152432662604,2.2334112497683214,1.677607448016857
0.33008393291058336,0.2969003386870193,-0.7341068174312878,-0.2610733011032095,-3.112859937704117,0.020694334195699382,0.6271977991483955,0.028373827901242488,-0.4013925203545614,-0.9047943204574982
-0.33728526493160166,0.6377283979623961,0.3278767713509335,-0.6878518944806805,1.121705003664602,0.7439542177327407,2.2417314364078016,0.8824878905498534,1.6248086242196393,0.623767519365731
0.8734833480068547,0.2043729645643284,0.08940333991736042,0.9086393594777232,-0.17095287348988647,2.3737108692326045,0.22512342045131864,0.4093993993184586,0.032082098347703036,-0.9708628652454879
2.597889046305831,-0.5497891193549017,1.3011697281524295,-1.2829897144997235,-1.3060763353413591,-0.8757777101458908,2.3683108613923762,0.1761067001991844,-3.3286936432213468,-3.719650672619416
-0.7662684004584418,0.8886544059631875,0.9342998080000963,-0.7436148476611382,1.2292597244690227,1.625663013883179,1.1897278564114762,0.8245038233566375,0.6091691237047945,-0.4269892721900899
1.6660403433499849,-0.9810646378601621,1.35320484021248,-0.35286319240533376,0.8290115594944041,-1.085975727844526,-0.9399881573928399,-1.155173989543015,-0.2917808697655945,-0.27422850738115484
-0.5884457968643262,0.8025145243598361,-1.077226633691555,-2.209766813740656,0.43761542791906205,-1.7463019981543866,0.5931001729524,0.17122111864478315,-1.5632381060903229,-2.294812949735469
-1.0744767838695628,0.6931705602909561,0.2863816478729902,-0.7614062358082825,-0.21535095646751645,-0.10336561702337344,-1.6004809483882538,-0.8420714005549929,-2.083399000842945,-2.207536920041652
0.648915062268797,0.7934353367369353,-0.20452122189395394,0.3160310139295991,-1.0887941522621571,-1.9248072449954332,0.4089773932371866,0.37827380857401555,-1.2038510043617823,-1.8686189501402022
-1.0215331189440828,-0.17988042264872464,0.10882954651576748,-1.666506254263173,0.3569806796770547,-3.98924415207848,-0.8574079185892858,-0.8514089304418346,-0.6233952925404465,-0.9042772408151838
-0.44528412595122774,-0.7637246995163188,0.783004386029561,-0.49878463873018186,2.7734738203309632,3.311997196725188,1.7191380299430494,0.8758058886311074,1.122067110443561,-0.0067853733997531585
-0.41478734659426225,-1.2103188021915603,-0.5345816058952004,-0.11981250869287041,-1.1083162752958726,-2.728808162006233,-3.2226091828235903,-2.3184535832299518,-1.5202394899374025,-0.6827130098431461
0.40059680973014866,0.5910969253589872,1.5252487135637711,-0.11972353370853184,0.01837206421407228,1.8907185240576916,1.8143211398818975,0.09670180762571756,0.8261253868338717,-0.008252165830938463
-1.9028985101095488,-0.890726286472826,1.074264504999271,2.17282979264769,0.8846765109399589,1.9754270076114073,1.3181427811261914,0.2299442887031144,1.417065622609418,0.011342212830002474
-0.23883393985054183,-1.2499597312651225,1.1988050537399646,-1.0476657707710126,1.953676662186777,-0.6904660767189462,-2.183759020091327,-1.723468872219489,-1.884747992097763,-1.3828577434831535
0.2297193667206903,-1.8056414559309353,-0.30769271694965833,0.3560050420567113,0.4313226409382578,0.6078693899130269,1.4066504471510801,0.8852492205190452,2.099630451911403,1.0577599006197334
0.22892209445820058,0.2113894456777169,-1.181016051075472,0.8977014797664575,-1.4674391891874903,-0.395983565872874,0.8281147166915617,0.13154723694720372,-0.25848401993759584,-0.9640828410133816
-0.4310624595964512,-1.2833075394353362,1.101750621638435,-0.24985997677979327,1.5128289456006807,0.54213728325437,-1.7700185345535009,-0.9617262619549662,-1.484186714196682,-1.6222203063346143
1.1583244353631101,1.0015976821958397,0.386503626073852,1.1399814940218627,-0.08785242234757418,1.6464130708875948,2.9642307451013785,1.135630108205985,1.6570812210082813,0.7835870877924307
-0.8619127646339316,-0.367425017963381,-0.02147579519568387,-1.1821417989208804,-0.1545998379880163,0.037403105838129,-0.9649576299906726,1.6588078658975036,-1.6298942682414892,-1.9005009257617256
1.2198734773718871,-0.16101712210073413,-1.8530054806156033,-0.5845682648479447,0.925810909232059,-0.8644100241227064,-1.1360976369893971,-1.8982339804136519,-0.0018796352375157754,0.6331771062128938
-1.0194145064086073,0.4511044178572554,-0.662900951871469,-0.28669826841357304,0.24248762542061142,0.4186774285555752,0.564874542248953,0.26080693005402156,0.8917500215740282,-0.02870353511072321
0.604406084889988,1.5894473338953545,0.7044597807860872,-0.5151496692913399,2.2199074238085967,-1.8508909589386147,-0.3657030765668621,3.7542289251889946,-1.3114707138857882,-0.367624632916952
2.0471679472022766,-0.035501139101158624,-0.3775499970806234,-0.7398059060609792,-2.2624386946063377,2.369167557603539,-1.4290824193353882,0.1847268868391178,0.6342475146479141,0.2462877919988119
0.08646358000527449,-0.9418363968359311,1.2673079073015827,2.1951554055736047,0.34779053880806354,0.13503806771415394,0.28837347986674533,-1.8698960216749696,0.05108892843796306,0.5811909090783177
0.4078617966672151,0.08377040252221478,-0.922829753058152,0.382392190093288,-1.1426050211604848,-1.4814131652378195,-1.3960438241943673,-1.4893469711645873,-1.5457670029044317,-1.3025287602159719
-0.3421905881529602,0.4113717627512394,1.7966535051518362,0.26073270511755187,-0.17960572711863965,3.3391216889394593,0.7130555496191934,2.514257871968474,-0.32484939290904835,-0.009162294743737975
0.13390396211350566,0.1951482717101233,0.3082362574522607,-0.6144374982196819,1.9308287597609572,-1.549345611653754,-0.11928045138304288,-0.16215257657385707,-1.1377403706337579,-1.936456608699498
1.241068760079189,-1.0299499199939097,0.12363887580217396,1.549833131699216,0.42539919563652207,-0.5988116546958173,-1.110482766471499,-1.613134809879181,0.27499025183512366,0.6006802059848931
0.2383110788304544,1.1976064944233011,-0.09457644778574768,0.34959100577707347,0.3207324123714064,-0.6043492702493015,-0.05010774086831271,0.15574290546663694,0.7051658439272359,-0.31800789996986334
0.5281623561566146,-0.34189849144426154,-0.5883448506594263,-0.09620061592518536,-1.2588136110266448,-1.1047417745175516,-1.719775920793811,-1.2237588646474624,-2.0684617291952145,-1.9825821082540376
0.10868618478504283,0.4188645158710042,0.003230804105708521,-1.1006582909805196,1.1688075376575904,-0.12153353836955777,3.2806176196150307,-0.6790343717656747,0.6926471857068814,0.33531980423664576
-0.3596254304405166,-0.8552178653485696,0.6716114078348125,-0.5504458255376117,0.6408348542006554,0.3250161684483108,-0.6225638414096858,-0.2888029962477719,1.3284609364445243,0.604287194090271
0.5408596947164656,-0.5407060872018065,-1.5345908995836481,1.1740796532723206,0.5086502812188036,-0.3965086168136721,0.2536347560536009,-2.238002418675081,2.0639839228388546,2.8183332638793566
-0.31211624821170125,0.08916303776091916,-0.3445557988344956,-2.2725554104938435,-0.7690722899512081,-3.1378843819998927,-1.6575956632487974,-1.0090814700976378,-1.4393657990613677,-1.492204152506884
0.9278906146622858,-0.5755445009236047,-0.10777288124154538,1.6128494567439091,-0.7475679805604933,-0.755487193168507,0.011020258689308893,-0.3456253211052017,-1.8232906325917513,-2.4584389128979267
-1.065646420878676,-2.5610290949741175,-0.6246004448043886,-1.537886804263732,-0.7241341871095284,-1.3396199886116222,0.3346698571339388,-0.7492740426267022,-1.0957991515602528,-1.2823432791075013
2.2473117508878566,0.2848332424707459,-0.47526751424576147,-0.9140546613640002,-1.964761731567246,-2.5033330423487365,-2.0006106971368274,-0.6614948925974105,-0.9990408188627022,-1.2980426264972758
1.6938516134875807,-0.014696318431459422,0.13605202159164392,1.0172374527035377,-2.5811414679010807,-1.0465961867873939,1.0055907853573858,-0.14031200914776848,0.8316014341220406,0.08402760507112467
-1.5313222137488802,1.3826239306872015,0.7624303750832808,-0.7772240370543788,0.6665306785918068,0.8233059508388119,-0.2747851794695624,1.816261209189798,2.5961478767054773,2.3143331760660715
1.064991828926729,-0.3961789071834388,-0.2229242215239355,0.31184216117737906,-1.7172683272029947,0.32154569602038363,-0.9777100268077386,-0.10674905803854823,-0.46347411756140655,-1.092724007712751
0.18562386195823952,1.929465436841575,-1.0575679346522808,1.0281931776222197,-0.8130781438485142,0.5658145087035447,-0.8081137659308107,-0.6586593521571804,-1.763161819596526,-2.1892536950275234
0.24003880447713796,-0.25043607706803095,1.8927772396382017,-0.574301779571448,-0.4887645880590261,0.38857996963681624,-0.8481868491095945,1.0327914371775595,-0.6081455789835057,-1.1801332530786681
1.586918127338561,0.20348617782229556,-0.4506200414484881,0.7691231201035381,-1.1024937338372212,0.9594454165258053,0.524849593611273,0.4034416447730157,1.437181908085089,0.702322564990546
0.8498113700492204,0.8309521671019773,0.3689557822953961,1.2144986328546812,0.6063560474427564,-0.42934923256315877,0.10739935097986464,1.7462335063514678,4.315495085303601,3.794983159572687
-0.431588899705396,-0.9266038873099194,1.6290688809430411,-0.6741186934220406,-0.7905848036101915,-3.0930687749961576,-1.245211936707418,-1.1496232499380226,-2.5761715804501755,-2.4735978117297646
0.29788015919117455,1.9934117110100713,0.47916291870351774,0.7567024515576916,1.786861923694649,1.419632416863638,2.238198254670116,1.5764815375906414,1.9413448159248956,1.3373207496421866
0.9792761757347301,-1.5147209266982726,-0.06326864783666095,-0.5538592064957355,-0.6405299476446582,-1.0238551098180473,0.441687168723069,-2.6451214607996265,0.3668770165948747,1.3063453244395378
0.6038033236908328,-1.1115963725749263,0.016258595064065694,0.0023903661718132074,-1.2180391077527648,0.44065475188223524,-0.5751683865429374,-0.1326386410862309,-1.4034688630490144,-1.9734483508561798
-0.2264329537973869,-0.16478379364338747,-0.055865101772624916,0.7929685650364824,-0.20331942151135748,-1.1677806345615096,1.008994343716878,-0.541899962828554,1.675384725724681,1.1354313025038225
1.0212486322707819,-0.9380966667863665,0.4841286360697613,-0.3608197327117312,0.2048168510714402,-2.265267917586364,0.3715877612416605,-1.064945916916158,-1.9501045916805535,-2.030363765785091
0.303052764537722,-0.7503280459732584,0.27573134660026166,0.09540111325100181,0.5390573471226334,-0.8872226753363603,0.0035824511851625385,-0.8339645263360318,-1.2346643993886435,-1.6070625184915293
-0.8126430619303417,0.5710062735545463,0.11835558803138346,-2.0981660381716383,-0.9874657136236692,-0.7244271214972078,-1.9001324322653153,-1.116010333998128,-2.159229025279078,-2.1462619979948485
0.43501032896683145,0.9698323195794278,1.293642782690081,0.6757982175137716,1.366195885537772,2.410448794064219,3.1013991854156524,1.986435215569065,2.5810478495055316,2.347615192367386
0.5651205743816953,0.5412575628742876,-0.8106240109823433,1.9357798118927865,-0.5885717731436537,0.174846199977033,-1.487379769679941,-0.5950665947805309,-0.4601251659461451,-0.9002417497691163
0.31212335488788445,2.1614874081237865,-1.2433675810691147,0.7176462177258038,-0.8807097202854058,2.012708789411639,2.096477842567223,-0.23956634669673027,0.4481770229462476,-0.19887613670584736
-0.4160255866864269,0.9827827356321315,-0.49252504614292403,-0.7935875840622344,-3.513381407900522,-1.8683034090522659,-0.13462877127935524,-0.5113407232572458,1.7623867362417,1.3431162765939675
-0.6778268984125148,0.794355279688663,-0.18105921528045035,-0.6771678380246966,-0.8779282185090842,-2.2120346760006764,-0.987017132329637,-1.631504301224047,-1.7802555655464807,-1.3171854518461343
0.5463947222487331,0.7371732207689161,0.3872436544888002,2.575362351326741,0.770285483005432,0.7001661490918939,2.4578922398006657,1.8687233891182222,3.5933808918856784,3.261505671374921
-1.3778720642731943,-0.7116106730412801,-0.1601326085412435,1.287170342181974,-1.233016903743359,-2.410829725397682,-1.7141607238684662,-1.5193193418612538,-1.6413579573783648,-1.353858865179201
-0.4059318079772727,-0.22474342639561365,2.4478162776180965,-1.9802961014376101,-1.6937269615649349,1.3854020665798195,0.6872391424380064,0.707922147511137,-3.2014614101772936,-3.455546027184573
0.8543949091486503,1.4442202191271858,-1.0970438376810585,2.663653100498432,-0.49210567130916544,-0.09552737162467095,-2.8406352554638286,-0.4827028716464198,-2.2052051378401707,-2.713957427346471
-0.45387140993857056,2.2916579385618117,1.1201095708811433,-0.8829562088673321,-0.4227026202807048,0.5566870751539026,0.21246637821435838,-0.5343623698488038,0.5387595402878871,0.2343971739849351
-0.4266619955419212,-0.4025819106149165,1.222660956130277,-1.248286620279056,-1.4068307791113275,1.3149600273963562,2.3226548272012284,1.4674893601977868,0.19986192080657617,-0.16196162917987356
0.8412330646140108,-0.6889118209639543,-1.0161298728362953,0.5053955400574028,-1.8043654501580906,-2.206100921296963,-2.3600447427512368,-2.0075531224012746,-1.5710658975209904,-0.9521676525763617
0.6284343873743552,-0.7987103206795985,-0.04953969109105977,0.7560454833224551,-1.3709100304795994,-0.24069782037437548,-0.18800974761002198,-2.94226879163757,-1.8270336286132232,-0.9352407120401985
-0.5277426774001698,1.18663138662558,0.2706967517706753,-1.015173054726294,1.897273795039892,1.6629564586114312,1.8265159943481581,-0.07676938451925386,1.5076272579042485,0.6680040726802701
0.9115736077702576,0.3324042841427464,0.48745636399089093,-1.1813429876506114,0.2320372933557735,0.3262631115621666,0.7474696584904967,0.37255983392067105,1.7929113366728129,0.9964620475766803
-2.216786870424293,1.553036377021325,-1.571234789504028,1.5229080492995999,-1.0140978738289563,2.197227079703235,1.6756165171213442,0.974999679911806,1.728796149283256,0.9317270099971163
-0.0881569335451602,0.4606417364067546,-0.2640540810223685,-0.9249233070438774,-1.212498887935142,0.4775379698421788,-0.7975075857590826,0.28881867258014227,-1.4579256944165644,-1.9014820425256187
-0.21754695120646353,-0.7452055955711191,-0.86804419315985,-1.1234516109867032,-1.6846292663572926,-0.2876924355191633,-0.21866053121472095,-0.9041666309330503,-2.942628449005076,-3.0721316852723053
-1.5607156667236792,0.2026432933042847,-0.05026704958990381,-0.5816103754904836,-1.9840487376967297,-2.866700620497746,-0.06428998629057914,0.7876393188668286,-1.702911551926532,-2.124880394026229
1.5482254081546627,-1.2788220068609624,0.7595547164291585,-0.22149988458801773,-0.6256612809731257,-0.6991469497390105,-1.5703587460742767,-0.9641475943934872,-3.2272595173802627,-3.288540567875116
0.26842164794053547,0.1053671440103533,-0.6459242589546096,-0.8980900404191784,-0.8859650465217732,-1.26239071387708,-2.464774488118082,0.8691939844649825,-1.1108140707649268,-1.6050899462404455
0.7184512031061315,0.8208320803395367,-0.13778547181517065,1.1298085658416406,-1.2872248941604496,-2.668743253335618,0.2737415376216865,-0.16003006789355712,-1.0066422026001696,-1.718126008451227
-2.376190889175475,-0.3255424219717654,-0.452564285572704,-0.3622199622103539,-0.6004936919325181,-0.027996561682024246,-0.06087822709836832,-2.1119985132343,-2.5064350344185025,-1.727966098142593
0.12104420830549818,-0.15127791586167053,-2.0884106758305276,-1.6522156814898876,-0.05014151486137686,-1.0917861546640553,-0.34653330997329207,-3.5081813117128053,0.03549568574652645,0.769853305905394
0.180853893482458,0.14460930748650042,-1.297908202063649,0.5029714316751615,-1.1663279717062398,-0.12078265238081753,-0.3761586969982754,-2.8154566697377215,-0.3879099968481693,0.4969763435951831
-0.31556756127512314,1.9422021229421274,0.590928451566511,-2.1769110697989613,1.600792836934168,2.6341211856051814,2.755502351655995,2.542477569025592,2.7305205477486516,3.0653968163078185
-0.9179654692776681,-1.4272985789892292,0.8554947113666209,0.7961017421519879,1.8442067469832035,1.2357390990339339,0.7956550514969045,0.39754276940463673,1.9195200924196385,0.47369030267368045
-1.271887201355947,-0.8200226487812355,0.2983589106516258,0.4326681946446518,1.0834381630155883,-0.12762521284190353,-1.777983969761439,-1.3919268064522297,-0.08122280328607187,0.06051251803695776
0.20054130469854164,-1.9633290523867863,1.6893903371969603,0.8316507894261469,0.2723401546114397,-2.0536309940106188,-0.09391313636696497,-0.4046484466191124,-0.5121138764941994,-1.2955532470295148
0.26254299100581596,-1.2686209023150155,-0.45413931496085336,-0.21449511208451083,0.05175199503823402,-1.499122921247601,1.356087731004429,-0.6673647845682142,-1.0463240061664432,-1.435720172392252
1.6849857405838944,-0.30601334427189014,0.7443564493463057,0.18169315779321116,-0.291053480314446,3.1429861304218596,1.8073354689569705,1.5858537874764278,0.9725314490503005,0.5522150898710221
-1.577105384628898,1.2459934845199456,0.3159962761579403,0.2683185257943006,0.7729779119105882,-1.6352950994677475,1.4729090081683078,0.13529701628000357,2.0158070948073235,0.9041412644200755
-0.9046745860622293,0.46220069877700953,0.7299133455197427,-2.934689389419432,2.4850329318128486,-1.8273036620833367,-2.022527983912092,-0.36345690703825384,-1.275106948136531,-1.8487103104318805
0.8667290424784978,1.5404101001639943,0.8168975449059961,1.1607376258257642,2.175693682631648,1.8951559839017458,3.2057932856508105,2.5455275455528357,0.7597947905504123,1.0600692364798434
-0.5180328837903743,-1.8440406181423252,-1.0103125901183203,0.48037156585977847,1.0948641390460454,0.5873180301213813,-2.19352612196465,-0.6629303759436057,0.6639916669687458,0.12098082369291385
-0.1412982944490561,1.0180198410451697,0.13112594801970998,-0.6384442642670362,0.02782728356153999,-1.6172451780858816,0.41835564281634696,0.06981782293149763,-1.311318799806326,-2.0582825954101107
-2.492608145620176,1.380250195096365,1.1770437931490385,1.6496322520757638,2.2251562896883748,0.6224088976977196,3.1229509041262897,1.0904067986779573,1.5259562674058218,0.3821092538973261
-0.5690866287604738,2.0585167536807454,-1.1957133011381995,0.4170349535565103,0.4484345311668332,-0.13551624599907175,2.4388250857086238,0.5222635181044366,2.2668254875392893,1.143542682234757
-1.5443659941847208,-0.357111492372502,-0.006975801310978946,-1.130264562642067,-0.04421018235225404,-0.7797715777741211,-0.42073616952478343,-1.2331993905638026,-0.7757136408336734,-0.6415834012725564
0.49985922546594347,0.15292309897423448,-1.1039764837140187,1.0166605821806238,0.36423069044318235,-0.13000501744400952,1.470675141025124,0.49542141690558317,3.258706253378791,2.0664735688493048
-1.037556596126093,0.5303161557189799,-0.6556285929101747,0.4135254833758908,0.794548759091334,0.018263295568312993,0.5140175466484774,-1.0608269443140212,0.5832638092800446,0.40133877055952777
-0.5168905019420053,0.4616172410654256,-0.2166492272562291,-1.1189023688675455,-1.375361770634487,-3.471887406455916,1.1991765055205288,0.20303726145044015,-0.4847436714607517,-0.8852259305929059
-1.0961648550266976,-0.14704910451057054,0.45285518885788756,-0.6789352442578966,0.8823754021533741,-0.013767971304098348,-0.9184733643891896,0.7764211371249258,2.1946601940907784,1.1823353393431124
-0.3835945939954104,-1.6091740489420774,0.3803071806364649,-1.252419624168382,0.2155857294137461,1.1583786643679446,-1.113113063543186,-0.9305582782869544,-0.29438490039957843,-0.47751288130059155
-1.2490881716722426,0.8754827638135397,0.7493674536575395,-0.4328486272346157,1.5735057828866659,2.460575432906186,1.713507319906476,3.274453229035453,0.8315383787775839,1.6719993261735269
-0.12950147440889465,-0.5788746076067606,0.47541917569221426,-1.5028749083942414,0.8613135868670599,2.2777988823581365,-0.483652566643084,0.8195000076664172,1.6060802948838007,0.717556295458246
-0.38821567398448686,0.2062663232325027,0.5141128497795904,-1.8688441822866273,0.5020667731393242,0.02760003764025684,-1.4454604514428717,1.1128711056156773,-0.6820910782674258,-1.3960563844389753
2.12614548218222,-0.32926809650643185,-1.6149140882759132,-2.447706206306928,-1.8769020760481305,-2.7318606665153924,-0.5631372930238275,0.6607042510951695,-1.2384505591767068,-1.4206820028708316
0.5939615006014857,-0.3715490517575615,0.04850482266183915,-0.6183693093305224,0.6690554077815858,0.2938521867077429,-0.4244748204491395,-0.5449846029656596,-0.032733050549044324,-0.5551714180148852
1.8083772724369198,1.0301368257882013,0.5165866670431196,-0.9487569541297921,0.5939136149680546,-0.4532565105196369,0.16400729684858253,2.4583056167702777,-0.5780564194180959,-0.3072242127600323
1.5718701402172321,-1.041987487087702,0.6930787675664695,-0.6924884488026066,0.1746552978704946,1.7893221676637454,0.3890866670357757,-0.30040821428330855,0.5420273821288868,-0.07506040769773192
-0.036712898356371045,0.40211384978494225,-2.261462027878754,-0.88280633759777,0.99161751532554,-1.6322220940546641,-0.5789903923418751,-1.3431268270980286,-0.32516710209548366,-0.12026640131894256
-0.9318439810982206,-1.1999251658745984,-0.9163481376235316,-0.40514440532395946,-0.31751679767241836,-0.6322694651655979,-2.153231508294716,-0.9265153243553006,-1.0192527556456188,-1.0831062401531562
-1.4336593780666873,-1.3234558348826495,-0.3746385657347635,-0.619964666857444,-1.0591481287939937,2.7101976683384033,1.9882680352989228,0.6650076683499919,0.5944841716367967,0.07819194452991707
0.4760484000812769,0.18025726139570902,0.01816263949468787,1.3597996044019722,0.01175480961744194,-1.381181945683124,0.22985599200029538,0.43517151458072667,2.652534835782437,1.5245940237705318
-1.1483424036362153,-0.2739233813461314,-0.22571800476165518,-0.8943107510835158,-0.5910818440172774,-0.7615268148356746,-0.8457274969459947,-0.711145245156306,-1.5319778500240953,-1.720571260126376
1.5395599829327944,-0.8312468871169645,0.13815026894157753,-0.48247632563774173,-1.5825254376941387,-2.6846234288547914,-1.9606224654474247,-3.062105061073846,-1.572644386288265,-0.6575974532481864
2.838652517745553,-0.519728256378986,0.37775426420531666,-1.2294564973297115,1.3243583891011574,-0.7177196495625439,0.19714226603502122,-0.4500316739736538,0.8217543192101435,0.28876026925242093
-0.4477361515010308,0.7088352822612606,-2.501726914576126,-1.0624996156203788,0.9905564155304388,-0.7906811403809533,-1.1103329263764532,-0.5265448164739743,0.5305381207698903,0.03283913163162688
1.492375661206387,0.13189888713964373,-2.165181930022025,0.7756110857191374,1.7567109704183852,-1.4996530815257305,-0.9140706808977263,-0.6544322252359505,-1.6375342768095709,-2.1715935894503167
-0.7997956384665902,-1.3780433111044423,0.154282634579977,-0.9453981408163296,1.218086906229477,-0.9163364179105519,0.13427881284172882,-0.36108308616855433,-0.46756458430537107,-1.090417691321901
-0.35814086527567307,0.9100489275278132,-0.04191961292767752,-0.8594413445820734,-0.24604993648883425,-1.4404398082357237,-0.3246696166954134,3.609781399102941,-1.0521198904217925,-0.10300758451243353
0.7159748729049622,1.2069112343217698,-0.20432255722538156,0.5609927520403538,-0.7502831557483621,-1.7081684919573228,-1.1269128921391305,-1.974431809250956,-1.7069703894714434,-1.0986523006114348
-0.024382383068426685,-0.1781184876149653,-2.079563696616462,0.31164108621991005,1.7603263731921377,-0.3741304763135491,-0.39922271936270837,-1.6819971402602252,0.32164589700294777,0.7191634071394746
0.480192437578137,0.7048279738861668,0.9700247186693591,-0.923500576956723,0.4331161817796052,3.0235842578875487,0.9917856975374073,1.931024429857449,1.3496473108908629,1.157215056727901
0.48989074499801166,-0.9561440020495466,0.8605514257996724,-0.3037078436613876,0.7461202310005708,1.1010286243831717,2.611652938843867,-0.2556790657416654,1.3469297484525935,0.5586207688053598
0.1312012380432629,1.315525447655103,2.950436422308396,0.3555933864439691,-0.2389624510576719,1.76295509302927,2.8066948529252933,1.862854237905119,1.2955424911273257,1.0574027977909002
0.058552967183184965,0.34830517002611106,-0.9839643770308343,0.4440891092386565,-0.3181734920491327,-1.1260067038688197,-1.0197291601741754,-0.7584767097708878,-1.0872366012742034,-1.4078241165060283
0.06100853739662704,1.3774524314700343,0.6936415577551952,0.32328851378401374,2.035030837722076,0.9061617178080369,2.641019165955319,0.6333999800270416,2.9380062997741163,1.559134670204306
0.015714990361422407,-1.1468365755581946,-2.1433975372005056,-0.971425234894168,-1.2681953309282814,-1.347208680974017,0.03213342157653032,-2.474445715787319,-0.9401737794149965,-0.05650932587684698
0.6200692528676548,0.9911433955607026,-1.327444566938418,0.3437437518892563,-0.6625682279962759,-0.5386446979755276,-1.4028811402553336,-0.5820587125879432,-1.2173001071321377,-1.6396788258677777
1.8747964867549693,0.7957504043040622,1.1573195358377084,-1.1115642570282878,1.3759080637033563,1.278596744996452,2.552205909246527,0.4507059345192137,1.6196546797582148,0.5301439206300598
1.6222757444220397,-0.6669069507172163,-0.39298864443397974,1.112233302589562,-0.47657071631099623,0.24353502587697928,-0.8884638554779505,-1.716684551409482,-2.433126902172448,-1.9572933634911656
0.15318582116457785,1.3427279105707954,0.5548911625080383,0.5644616377585654,2.293347778476179,-0.2898290745160357,0.6957314219795903,1.3249420801234255,3.46842304165821,2.671682505498086
-1.5555194775567374,-0.19449944307848044,-0.10956728747174334,-1.475029188459683,1.0241571362946944,-0.40146571701688516,-1.8500092947325597,-1.0479633891770614,-0.16933470658258598,-0.2406353696102439
-0.8836349860027645,-1.1866538051641395,-0.10025467135337385,-0.5201447556541975,0.08232086856769721,-1.2694398371160422,-0.6687714611290608,-1.6534091948231144,-0.911842923653978,-0.46660415623141466
-0.5001791370294404,-1.8403300781033725,0.9137791500736379,-0.36245232317897924,1.319885750669334,1.4278550456131378,1.3063225836785228,-0.08793413962648045,1.837939656935854,0.9202643614039605
-1.6481332787425984,-0.8865746062709575,0.32150335036260697,2.4022646969451693,-0.7465801557504244,0.3387866754270617,1.2219139248829456,0.4855041775875346,0.36869483002179154,-0.6548808703590119
-0.6949490340480794,-0.4573084932280145,1.421783906338949,-2.061315558311221,-1.0250757353770612,-1.8532668202345088,-2.2755581164666263,-0.5350234485165661,-1.6632229084350139,-1.994147666551345
1.7624451331112234,-0.8821558757043323,-0.1969441073158609,-0.31697758043826285,-2.008784314858652,0.2361163136492042,-0.15480318567739665,0.05107962190020887,0.2839511719548104,-0.21778193590738915
0.2753715008483559,0.05041896815239134,-0.6787066120753815,0.057596244413771314,0.17777090838261878,-0.3517247842061708,1.4414303579905983,-0.06920350266467445,1.5437377737710387,0.694172569739356
-0.6510075875189525,-0.6322816160749098,0.01662452264172797,-2.869624441678555,0.38004608151474056,-1.4511300108512577,-2.240284279038408,-1.6661176396031674,-2.681755661010775,-2.300564360892152
0.6045688200637386,0.46426034316432735,0.7938319403128876,1.4385086081631844,1.9362006433153973,-0.1241332463524818,0.5047870433527814,1.0518391531308129,4.95118728629019,3.7653754715048624
1.8289196121786575,-1.988708876551136,-0.4869703309858164,0.19821349787193387,-0.46261458821436025,-2.220078166366943,-0.14589083306298367,0.030250986668502566,-2.2108551473090756,-2.934428123877261
-0.17043870845009354,-0.642169135207615,-0.3922220713894225,-1.2268375678214947,0.39134263235154343,-1.696226591468938,-2.265184022290273,-1.888830570916072,-1.4307870682622688,-0.8642381536616524
1.635079204324776,-0.09786554415591323,0.5219302382924761,0.41235964186997565,0.6425277470460906,-1.3486500117059925,-1.2743738999338858,-2.0934382419073247,-1.89500911004243,-1.2378382744718643
0.3377787588796189,0.17447767050073204,1.5063207239027283,1.7622752048530965,1.9676211162854822,0.5283113073147381,0.9739311158571655,1.8440231924993173,3.3700912704359345,3.0439330227188885
-0.4272040006316065,-0.3578900482445715,0.36712995589619424,0.45656234572361554,0.5543523002081657,0.691785383443428,0.11713438381018404,1.7391960227730068,4.315130099506919,3.807961213138121
-1.1377675583374907,0.8011336139681293,0.8035630234633299,-0.12156883573641797,2.7677419729641697,0.6538226713050559,3.3085139994805246,1.9009349538577527,1.1496663499442648,0.9514381562988328
0.9057740632041859,0.045686183016539865,-0.078608350567369,1.0849513758918523,-0.8010890358537232,-1.3547361258028203,-2.266437227135244,-2.4807435757212875,-0.7196508095133319,0.14381267592257715
0.5194255042645556,-1.8615106057287683,0.8900708539863189,-0.4303509367336137,0.512792399699679,-2.0973478858424723,-1.551455389341101,-0.9398140680486877,0.08241385039123927,-0.1179308925590219
-1.39593318696418,-0.06124525383111729,1.2176038954345345,-0.372250995021897,1.856893545152357,1.8923924779971077,-1.7414439194467333,0.31620895669796045,0.42758473832636223,-0.8024371378570355
-1.0810079334980591,-0.11664520254082857,-2.490272732872341,-0.07755931906590519,1.2698168001331847,-1.598086043864667,-1.4025076533274732,-2.206002384101178,0.0006595950611465728,0.7825668147444987
0.031840060338049085,2.0365793825442537,0.17869358550896716,1.471493896931458,2.532945891123142,0.9151330851111207,-0.9007324693477604,-0.19966074786681687,1.3669319694014217,0.38171374242118505
-0.5578150589135092,0.3312185590245302,1.5247071546403221,-1.2656050394199354,-0.5888913876653115,0.24814214403675333,-0.743613295454644,0.631494220879583,-0.6282435298883262,-1.1602391412969926
-2.4798747767623968,1.374615827597967,0.30326553578383714,1.6333956021905451,1.1067003609000317,0.6226584192705917,2.5248982709895382,0.8781275499135381,3.2803513385476215,1.9511430364559177
1.3625883263935539,0.09590402963874912,0.7985540829471766,1.2552894643464443,0.812185664024777,1.231062738565694,2.600879485231232,1.089560716742016,2.326688363635924,1.2102740429796588
0.049799442662726214,-2.3352031783785976,1.2884995022481747,-0.12383771777016811,-0.8110475268162143,-2.926253408495554,-1.5398466265728805,-0.861401252492434,-0.4249052752868938,-0.5939111044437675
-1.1915559485518252,-1.4819026669812116,-0.7302720533186009,-0.7144138799148382,-0.6955445396923017,0.5573889961170223,-0.6311302924889158,-1.0418617636329401,-2.7794245483929414,-2.7489113034651593
0.7491967297959343,-0.3230869597896812,0.20168506442695314,0.37796223852355937,-1.53319330627929,1.1550780974065795,-0.5139239443144521,1.5696162164254714,-0.8090485857890687,-1.301966362666785
0.9714884598882414,-0.15046752559462998,0.685640536379399,1.706910872999856,0.03307328904672935,0.5758599297912994,-1.2916255929200477,-0.2090798407387132,-0.3882422025146155,-1.2752832104208016
1.3049650142017433,0.2286506201579726,-0.42689941246660307,0.629626501865189,0.35442572092278213,0.5906896890564083,0.9370827753128645,0.14263317871907835,1.1257627678572535,0.053337628681799296
0.2916580018235064,-0.1775622833798475,0.5406698269576292,0.9756458616662809,1.896824011093145,0.3827389460990805,-0.7519794187149799,-0.5293435005128099,0.30527408508828835,-0.347851369776131
0.12636674175864565,-0.3399575909624805,0.32474961484066467,-0.4233150490189398,0.8599947378527668,0.24984116847541715,-0.7524624533257819,-1.698374363135069,0.07429413563874177,0.565718138019926
-0.633249472064,1.5836297973305329,0.07243036264023096,-1.0359026045374418,1.9429773467559373,2.7869533852777075,-0.4799865684246851,0.4523521437642386,-0.6307420357205629,-1.8008067944727513
-1.1886359935925574,1.3007589340792176,-0.7643701145385823,1.8492472291674231,-1.3976194553028884,-2.2922772857159504,-1.0384173282395905,-0.8634069637648752,-0.8476121065036423,-1.1238115404134954
1.2249795048762162,-1.1193144584713166,1.6934543333639207,-0.060250140335680324,0.350069507182892,-3.3761867186872276,-0.4123270141922495,-1.1589278406603745,-1.4633423679815234,-1.5162394230256182
1.0930294067958304,-0.015264636302035452,-0.4280874511071991,-0.9847138503037599,-2.045567447340271,0.30796651046988266,-0.03137141638502536,1.4830939040799387,-1.0386423587732374,-1.435298203292671
-1.7305138633558625,0.40323600355623124,0.3673847368451622,-0.3209877605614452,1.189447271737475,1.1733698914073296,0.6128055406342416,1.7488001120432983,1.4620385330576098,1.1247876953807996
1.1541477057003353,-0.45725103873170597,-0.8902800870837312,0.6248910903802571,-1.3337615206718538,-1.7805594524163624,-1.4024946920784969,-0.40329799869691885,-2.4079521694057795,-2.9992925945051017
-0.22583406242984813,-0.19279941637809458,0.5701826348746822,-0.7104700630783414,0.7512851938428372,0.991003340791542,0.10956699175796869,2.4928117254906215,0.49216754379872785,0.8141193028661049
-0.4633782350298762,-0.08368763538376732,0.03839274159362996,-0.270878466948385,0.6011130316306527,-0.3301660839476437,1.8723712651468007,1.1422240472707885,-0.01362117509509675,-0.868328626028705
0.1656597695329652,1.1133750055785623,0.6367540404679572,-1.7861838229038103,1.9609770433406728,3.860530326306802,4.808026455422168,2.2393812800061106,0.47589910420131065,0.5720644890241653
-0.7821556005259841,0.9786423060989818,0.6254052360115062,-0.8206747191551824,1.7184377931884591,1.893184512953638,1.5612604863801591,1.9175712906220057,0.41524371737919863,0.28290310771488836
2.4067530152790195,-0.65842433985949,0.9742349161204126,-1.4682131491806825,0.1097391719123948,-0.09525047351504146,-0.06495305127803874,-0.42101403453986846,-2.2527460969846507,-2.7503159855238657
-1.5464928005318777,-0.08688522844355386,-0.8942349649870261,1.0620602971005437,-1.676115469212525,-2.000985678003235,-2.0430243698988586,-0.5718943014028635,-1.3297598582902332,-1.8761822335804856
-0.0308163902086644,-1.6723589447798788,0.696060754260693,1.6214399073679993,-0.23119275086988866,-0.037396489595997506,-2.0244165131383407,-0.5653108242345608,-1.246507833702731,-1.7620742843183672
-1.3769043831868162,-1.4621914479272338,-1.4314024051129899,-1.083499635485775,-0.521467526489862,-2.712863655964143,-0.16928683938554046,-1.2086303718391145,-1.3007448795543528,-1.1401307346451635
0.7084870254886492,0.368142367310504,-2.0660527691828343,0.8019122385718559,0.13333046713002855,1.080057398336776,0.05004211247510004,-0.2342439808402481,0.7625483335553895,-0.09369361541221222
-0.4507329975418107,0.2248644409511362,-0.6223510352376002,-1.7210513823497051,-0.26186007639116216,-0.7955882035104511,0.28364941666858656,-1.3780007761177455,-2.971806493484592,-2.7021405944049226
1.372126383040887,0.7696654735968406,0.05222506999919375,0.08380856746191057,-1.04355449117737,0.03403187121655382,-1.2622723340007134,-0.046887822259060186,-2.336957411261509,-2.9391253419943073
-0.1903419885321092,-0.6683626831531457,0.6798437804195978,-0.057961582213484686,2.028601146576184,-0.10776338032906943,1.3171849725921616,-0.0949741266776401,-0.14421593638881486,-1.09478397821492
-0.4543960995351767,0.6351323064173462,1.5787344029201047,-1.7761320077043654,-1.5125707996109847,0.3595759463234488,1.7064391873642641,2.2883921306577326,-1.6543105584439957,-1.513596264408429
-1.1148035693966636,-0.054507324932934656,-0.7542868815094583,-2.088965770383907,-1.6341345722520362,-0.1156745144709726,-1.6222616622056718,1.8752947320036313,-0.7830947451911494,-0.9720940505574698
-1.2964444809813207,2.570848630488767,1.5975860646954918,-0.8625917873320287,-1.601803450217258,-0.1292804062620615,-1.0168515963428215,1.4806536401717345,-0.6004138584520344,-0.9808039967884205
-2.3084037060305307,1.4054621527157396,1.1890742176637987,2.067228622864263,0.07173940550855928,-0.25993463438933284,1.2789729613959817,2.0028062685453762,3.55156089582745,3.370716371194188
-0.09036867228677099,-0.7204108714362497,1.2041777288098239,-3.026746113243895,-0.2132238965526615,-0.4069594719799184,-0.4792721660023726,-0.4865578727452196,-2.5786652166829893,-2.996316762073322
0.8188754383093704,-0.8757793202714099,1.0472599547650754,0.015300748405554732,-0.6082184305511067,-1.3356373331198408,0.08808337748148376,-1.155197841343397,-1.6990257145443273,-1.6460231546555595
-0.5009868053994475,-0.018640844107358747,0.8957829331738356,-1.8951841000225644,0.42427172491603915,1.5479000083304488,1.9900094814042557,0.79853685339576,0.7324275199742433,-0.02206309543666163
-0.08964467187768321,1.1872268559803463,1.66801636355784,-0.7915932101517871,-0.9094139771698004,-0.23541206735150882,0.38515316920267706,2.3088604040970275,-0.9815369761065017,-0.766500600163253
-1.0224502847531016,-0.22847924056183802,0.3012112913617605,0.14351802729077268,-1.469509774355593,-0.3497713600447334,0.5578540269890945,0.8922671165301312,0.8228103231094752,0.23044520486400588
1.4628629394580757,-0.26838626465789717,-0.4637282874450464,-0.5322884355573376,-0.05067353059439805,1.377867472451594,1.1520129561709385,0.3401767542791073,0.09702213058578338,-0.703583001571545
-0.6293251348816447,1.0635279271473892,0.02026071545295726,1.066520304582025,0.8679429150277903,-0.15082191004015638,1.8444842315727468,0.586893232926611,4.035142609897379,2.7029585558707123
0.0541777207207677,0.8986920745616364,-1.0935230054459895,1.1044442786423472,-1.0840357511759673,-0.4021251482122375,-2.328613622487866,-0.6931127761488848,-0.2909749926495958,-0.7136228539523547
-1.0046258108180997,1.1175814590831719,0.11242415830588277,-1.1404332244769622,-3.0129939905252856,-1.6897339548018615,2.0509407106644106,-0.02692507659758847,2.1902688343271777,1.7696235980801105
-0.5308109648344405,-1.9623989355953746,0.4703636157618875,-2.682732217341108,0.06963964295023894,-1.3688409469802036,0.061606822868206734,-0.3676174190119167,-1.332455762411716,-1.8734764220274926
0.27058518615345895,0.8998668406273236,0.017710138472720387,0.45342213054089064,-0.5932042707634362,-0.6421287258579452,-0.3685248719776943,1.2340607220621478,-1.3107549113722525,-1.9436143136629953
1.6390566598906315,-1.350429904806043,0.5572941127845563,1.400154138358574,1.516248678231086,-0.32225693158642227,0.28910557172166423,-1.0199100445192975,0.6141594457313866,0.4355812189896846
1.0865851495088767,1.0317433029423517,-0.3871832778159682,2.4557969812326745,-1.723709398768483,1.9990347534898405,1.2275107851144793,1.5484648812469715,2.309053395424171,1.7836326482137197
1.613421463056555,-2.4146364839664507,0.3224737985005182,1.0797192649690277,1.421277613005324,0.6439687419581919,2.297383130459634,-0.48633563966843196,2.932223826496479,2.2069929138178206
1.435986232090592,-0.8519266489703032,0.7047953333365761,-0.6293335116067241,0.0365220246038952,-0.7195017278459559,0.7026463740197052,-0.3546759043938405,0.25361633567013353,-0.29601424208206384
1.0168293856553199,1.089020494014998,0.6518009243587429,1.880740246395742,0.012569549521969203,2.608032982156119,1.4029158624777907,0.6116655197786223,1.7488259838398128,0.561560321476929
1.3039202666316236,1.6081466510786742,-0.847801993592358,0.04504633638444577,-0.76252965771609,-0.532003325417018,-0.4777060484885327,0.20271220462775905,-1.3735702308703635,-2.0474428941926095
-0.8466961934528384,-0.9218820847644263,0.29493529052916184,-1.7130450106446877,0.06940769724067403,-1.0309735134861662,-1.6390841454986456,-0.5101836541808653,-0.4126427764787999,-0.8559382715078654
-0.7423428990253153,0.1320865064007193,1.4032941380083361,0.6323600606673173,0.6931400363564578,1.9785592133066419,2.9633408602592732,1.1471896619112156,0.9556825827151476,-0.048000733975721355
3.322857247677716,-0.6929295801620058,0.47530702581589945,1.0792985166456819,0.5574727881112811,1.3959048002935144,2.7285831639560194,0.7507189363211155,2.566775376492876,1.343922115416326
0.8301687385617733,-0.9287719616996469,1.7730843986150109,-0.9607396864689397,1.6398724189021756,-1.1081957076023272,0.06774466884277075,-0.6248596055968597,-0.23325945634041562,-0.6071935301267282
-0.32978832562545085,2.0242291315934136,-0.5556077686398008,-0.3290844553190657,0.09894249176672865,-1.2487067787480035,-0.6204550022298196,1.7589823576291685,-1.9968566346214456,-2.3119645213016744
1.3021441549031159,0.2628632472339926,-0.730020651332148,0.7825344982622671,-0.8121583110541191,0.812661860194445,0.1917089880678396,0.20826017472994954,-0.10051805161030761,-0.8820254833970206
-0.6568888163695791,-0.4921475861582745,-0.09072413018150458,-1.515372014669996,-1.271394185650061,-0.4775005710554983,-2.0713478606333897,-1.8234117476061908,-3.140012285425889,-2.584450895423721
-0.4134778582966871,-0.21462610176248254,-0.9583611379774983,0.1418712934673343,0.12005871201383633,-0.8822203262996109,-1.6230231961929913,-1.1271855241289739,-0.9095553379647432,-0.9915321115925181
0.2628975242417489,0.4736227310247876,-0.1741853487402799,0.24020549844273462,-0.11691563040814487,0.7678422432279394,-1.3164557202564975,1.5988410382626972,-0.8476815982736943,-1.3098606028808868
-0.7986816508758198,-0.09646893663589047,0.4742850983281655,-0.4708350222772756,0.7465134447063976,0.40550783992288636,-0.32276367556189994,-0.16203869536718052,0.24224397187377503,-0.5857011652219208
0.19753553880169958,0.012833685553010395,0.08543601834736886,0.8071022699098342,-0.229871481828712,2.389591121474912,1.8818109644058176,1.8997174193987947,2.459472183867238,2.2230235006543113
-0.3535525639984052,-0.6649509996725993,-0.676503624135158,-1.682221329496304,-1.9597861611499998,-2.0098223319412964,-1.1984146520558536,-1.0430914642868474,-2.225194319192528,-2.279259160699233
-1.4953875592356025,-0.186456072424994,-0.8636251791243097,-0.025544391155827018,-0.6113456225582639,-1.1060280518257546,-1.6561785090578103,-3.00647157785784,-1.3285308931200162,-0.42249597235545033
-0.8132760866509499,-1.9295601286167288,-0.6267397453491667,-0.35237997953701794,-2.2240433909419424,-0.38565237576626243,-1.4088074950597742,-0.700359068412385,0.5539826551037111,0.23529664793784577
-0.6497379345061597,-0.8572471233906126,-1.1178282715470165,-1.9680437399925836,-2.593685488103078,-0.2729603097117894,0.8946104592390758,0.02121736649741801,0.5706418769218278,0.23696037040302909
-0.5705849432869206,-1.194792389138415,-0.5981423220005878,-1.3306952358646988,0.24057144758104299,2.3007005492411614,0.5992746608220334,0.09717949088099109,0.22001300483667263,-0.5165833583836753
-1.2880009172895035,-0.3022128678421586,-0.9427011506986365,-1.4734481998346403,-0.9613430584320829,1.0017539747312252,-2.6312501018044188,-2.025837970978648,-1.6687243901673472,-0.9835177473504733
-1.6800929917497487,-0.32820891176518874,0.84478295510729,0.7154574516994194,-0.006236851564342061,0.12593074415889816,-1.6513513173683252,0.13902859088842473,-1.8858023299239126,-2.858776088972003
0.6948737190080522,0.8992842298438993,-1.4863063914518981,-0.43992280340677703,-0.9990991474196569,1.3664127324167918,1.963557017855591,2.116849964845271,-0.5002705024380975,-0.4484879243811537
0.010394056958303399,-0.5408897910420093,-0.475147575366834,-0.6289138803150497,1.3059771515603544,0.5258037614248345,0.16097562948241662,-1.1713220221877663,0.35197308129006066,0.4246648991637867
0.9888463491707284,-0.7960654589944433,1.0829490018134496,1.858880341269034,1.1768230194522402,1.7790874110283852,0.7401913210313635,-0.25385451461208364,1.999265386001194,1.0092861482268447
-1.3774168754847245,-2.1269600203769237,-1.028771033690537,-0.8694089547126405,-0.4441985247035436,-2.363447807692207,-0.78994577242181,-1.3682353468201611,-2.314404657130034,-2.01883769299606
-1.1824742415250802,0.9289232222202917,-1.6484162483234126,0.2582199208258904,0.5294740463441454,-1.4975690652430127,-1.6298790172746913,-0.2873852758300241,-1.5367852870277305,-2.377034032644834
-1.6225306631356808,-1.3147879225106713,0.22477036439114503,-1.971935764565239,0.7513471268458267,-1.3539297426410666,-3.6499446942400375,-1.1152725975635083,-2.3388319944789036,-2.392345055882419
0.12221457171283927,-0.019770523693280244,-1.9734049290222546,1.5989018679406835,1.2654431824140977,-2.1760411396723027,-0.07642282124783664,-1.2411991593312108,2.554886641129922,2.5935342467622826
1.5710972106490182,-2.191470943320051,0.6275242021093745,1.7503150106094805,0.20575757097751202,-2.2568897819571383,-1.4228033765667711,-2.003964989194821,-1.1014889236413392,-0.4883533494122513
0.7645181762149413,0.7625264230501556,-1.6196261506624787,1.803057403095475,-0.3774329083501571,-0.5023868237352307,1.2671555278292466,-0.3760733253075627,0.34860071580344726,-0.29311950036420986
-0.4849855658689928,0.026657319818355455,1.757447337468617,-0.4762619556154192,-0.2615122372010331,0.691674497769923,1.842197226378178,0.8077518100413293,1.264061995722967,0.5482147560617995
-0.3008953033818036,0.966408666089721,0.4808344940391342,0.27135310746769414,0.4268694673664656,0.9472716031534051,-0.18450030771594816,0.7564057263950367,1.0607019239152653,-0.0029990580054824467
0.4973728763950779,0.2947117016230428,0.5066478846871808,2.094479355767067,0.7536194470013309,0.32048900376632733,3.2317194492895327,0.8768611913685879,3.2417030404231886,1.9304953724731957
1.3379764629699749,1.0813791327016344,0.4465802135887674,0.9362686685793913,-1.0066045771829368,1.3294304324059492,1.7194156282669968,0.4788006240658511,1.1038333738397492,0.32271929207050354
0.5891342207836976,0.9431424082687079,-0.8952157489460356,3.636434499856211,-1.1152163189420983,-1.5147313600927883,-1.422787110494566,-2.3377754809462465,-0.34839800798014964,0.47750174134381496
2.5541285603726624,1.5563428830855126,0.14204236557384878,0.8101742776753602,-1.8201817590955751,-2.102612455716357,-2.791364934683964,0.8049021819590506,-1.223880503231865,-1.883539587237935
-0.0514126276534017,0.7448802558884713,2.403568199191269,1.2181394839231128,-2.4958365604296593,3.943897026472233,1.3115158995201153,2.567569320344229,0.7964011301862314,1.1181656452559672
-1.4126783471314894,0.12389823849934142,0.7204454231339872,-0.7333615464268936,0.8722908354727417,3.2618257780393765,0.8332128921372877,0.6463775249674648,1.335176398337849,0.2995642622357155
0.643338239556112,-0.47384765009616486,-0.7699463660166357,1.9715730498462811,-2.017221709096191,0.8369439092705488,1.1904926721449383,-3.3286855728540568,1.2039793434853028,2.008504990000218
1.9053239615409607,-0.8434422518854776,-1.0499607187257438,1.4786363424295403,1.0892659212248081,0.87842630424448,-1.0082683616320967,-3.6683917061712283,1.240111379396493,1.8648734170068955
-1.846330868922356,0.5238991445871364,0.5207692507380914,0.9225438878941894,1.252458432373119,1.1208272167411137,1.0412600125782365,1.394536269487657,3.1856554288698704,2.3634797303561377
0.1828057869948679,1.513274500166692,-0.8475231355807222,1.116389840746065,-1.4512017111373168,-1.355824476657265,0.07029123303138074,-0.6165567851120103,-1.964008077752639,-2.4673989299919246
-1.049396119618541,-0.7894515897426455,-1.593555673492088,-0.9581251431903898,0.16772654880017862,-0.04977721817942338,-2.296650964795372,-0.8287078081602882,-1.044389082892753,-1.2868856107160453
-0.7894392731235205,0.033672332479325474,-1.338539138852952,-0.7299811903811699,-1.9943198726982483,1.6574339647141023,0.708837357680612,0.11998822685443489,0.1779112487246406,-0.2435997011725355
1.4537032929713534,1.2160600571168267,-0.7319463744066184,1.3414067924220252,0.4814095837094374,-0.1288605258398716,-0.018956591883455554,0.08574731724507251,3.1705982438282687,1.9975529452937115
-1.257895651583022,-0.11632222109180679,-0.1473196001569127,-0.6851812188986672,-1.0112763536604072,0.22980408329260166,-0.7854187486907297,-1.5650286270094285,-3.3230761561703916,-2.913845730714616
0.5342576003246552,-0.24345489020240738,-0.42258853677459174,1.3420184057129012,0.40713696902576757,0.10305580511410173,-1.086430255475058,-2.0977515168451895,0.8439095426832333,1.5177938269856814
-0.9754848474509398,-0.7268832210890047,0.5464975488512748,-2.23254718162265,0.4768963355944832,-0.3190252940955831,-0.7942242874578396,-1.7287540489705586,-1.7902382842814457,-1.3487771930492045
0.6438865198255513,0.17383632651144026,1.4865959642562145,0.22177743786197457,2.7923754824965403,0.5944732942790876,2.710622921367831,1.1574833773627058,2.1340834229187227,1.233500412148408
-1.1604817993504628,-1.8203186592070448,-1.015792410089299,-1.171461659365089,-1.0382834935296978,-0.4369244975671256,-0.24784659474993243,-0.028469767089869924,-1.6964064970768842,-2.1274068377317463
0.6579814086738591,0.013038838361373,0.55800904571419,1.8611000034444012,1.968263315331408,0.1355559820967387,1.3048044642103371,2.419819812705136,2.5797720918516753,2.7951674726362317
1.2292182141014916,-0.18597787047225955,1.7999959138049897,1.8375499336962853,-2.4692221266248433,3.3284819008650786,1.7770586104552917,1.0773708456855378,0.8417424242630294,0.057729779648045376
0.6187704726218702,-0.14342226192111318,0.9772200185522905,-0.1394846983428094,1.2007839324402547,-1.7241831386470226,-0.09448828992716729,-2.5132893977262114,0.4177811161736581,1.3183456356803096
-0.8695258567843444,-0.11181284038230724,-1.1796658995585365,-1.16644576656512,0.009586237461975067,-4.07036033530965,-2.4635400051308807,-1.7847704349617586,-0.22780563603945403,0.3083433674209517
-0.72330556808213,-0.5071135870821387,-1.0228678187484133,-0.7268535639032307,-0.9704666485976551,-1.4592944458898713,-1.18025775511886,-1.5911234180155023,-2.2797586993666936,-1.851124446050443
0.2734685100246855,0.4573482092734243,1.3841183844402443,-0.7477969806698943,1.3536961870294975,3.932595800621013,1.5939129790369684,1.0307542623450503,0.9184027858647295,0.008627732613236572
-0.6803476870977231,0.3135118529706568,-1.268023204167351,-1.811491113820069,-1.622233844452847,-3.7305817178537817,-2.902897169698959,-1.7492157255697278,-2.323801661416204,-1.826369533078441
0.16090800359576032,-0.08817817252153114,0.25814378842987123,-1.072413660332173,-1.8420494215003385,-2.1508996184084372,-1.3161823146324336,-0.9399468978885434,-2.5569031251076337,-2.6612687606173626
0.7775872037516941,0.024606684588674526,1.0063607560715528,0.08344701150252576,1.0650355354371592,-0.12048189480725946,0.040947795052996616,0.08377261967256044,1.2150026478809408,0.1163864757186286
-0.43356492263800633,-1.029515763510686,-1.046849225311114,-0.3671972910259698,-0.9211445707742856,0.4817544029157032,0.45948053245524034,-0.14594589812085856,0.04628554631145598,-0.46617687843361777
-1.124973762868557,-0.1873169347328926,1.7782387776680402,-2.7887163978152767,0.5141685460508643,-1.0270823158330487,-1.1432427513357086,0.2765340592782355,-0.8268407993961323,-1.540991276885004
1.1346889093415482,-0.7875196003213928,0.7501109174046481,0.8818889556255769,0.9304799156552914,-0.13946035803814238,-1.6439264138936294,-1.2601327243095204,-0.12658765052011367,-0.11524170355719549
-0.5022757717281672,-1.0409431553707857,1.3286189796109338,-1.6168250749106297,-0.08488580708052229,-0.03253553867192266,-0.058153536993626326,0.31877110057788205,0.035715115615104875,-0.599639301671925
-0.39922937687040244,0.441828392575619,1.0193229244459256,-1.0902739575357603,2.406076987546619,0.9380192185702675,0.5454301675541011,1.7719038664369946,-0.0705771478966962,-0.3116422272072126
-2.282771960527169,-0.21332433174385548,-0.8040768988867251,0.12652255184066596,-1.2905134415822173,-0.841269481776288,-1.68623016977743,-1.0228868026395053,-2.8255255035081657,-2.9436330657385557
0.9396613359481145,1.1245330224804329,-2.1997531282989224,-0.9922935668561447,-0.029719717700725012,-0.8661907561217004,-0.43068586076319193,1.2404021247053612,-0.7719482784867047,-1.330779636629726
-0.38581730371055156,-0.3000612835029167,1.4311690205657635,-2.329772995072081,0.5992908616600137,2.615899825730399,0.451099707941347,0.5322071133691288,1.8326122091466555,1.0595899819464707
0.023592528457458146,0.40517012183804824,2.2146688211413745,-0.17027879165686657,-0.627996964426459,0.4318709205685236,0.5668829336974684,1.9958871939843867,-1.999976618199035,-2.044515018417825
-0.011532840797551696,-0.41770375887108463,0.4262856275582884,-1.0586508776993195,-0.023353518649924965,0.40267276563943055,-0.4391670739517016,0.2831241406008379,-0.2828036565522013,-1.005020189949364
-1.455196810047992,0.5588410823590937,-0.4651951682757445,-0.11659068797579991,-0.49887065767194894,-1.1331096921986656,-1.2904751428966657,0.679749376296626,-1.2476692163481542,-1.9768006857281961
0.6706980954077101,-1.0187833292444775,0.924939210997373,0.5134142496181878,0.7949925757806184,-0.6994143393833683,1.0925554186704287,0.153045063157228,-0.46610667818785423,-1.6281551856703185
-2.4349631077532368,0.04005689148176101,-0.07924406332547182,1.361417587297888,-0.6001944771765757,-1.7187179599957618,-0.941892483592566,-0.792231899367993,-0.608353258374974,-0.9093599251545388
-0.7685352695917361,0.25124518468125745,-1.205725031319933,-2.3268688516801213,-0.705367258603928,-0.8308368066165289,-0.39908533443258476,0.06923194005936495,-0.9843128248347954,-1.385992095796268
1.3791006495564389,1.5729029445132645,1.2595802011470496,-1.2107110280372266,1.348107659626395,-2.010582801088866,-0.49942966513246156,2.24260704548444,-1.000079307450979,-0.8828178337209518
0.4602422524888095,-1.746290880005154,-0.7814506161107079,-0.2945769202596984,-1.9031818969832042,-0.9622389187236862,-1.7485722758869557,-0.8077816585651539,-2.171566219332183,-2.4113690966513808
-0.6823881863003337,0.34614728861450456,-0.14510365131783873,-0.6924028983033026,-0.31439863783922944,-0.5694961717862752,-1.135736437079982,1.9584350427295207,-0.7531692076399741,-0.7735889552457924
0.6478209835732094,-0.13674266779761104,-0.00651913175105317,0.7342034158156191,-0.3800235481998559,-2.676756586623143,-1.857201722527479,-1.9637067795384788,-0.7405063198282873,-0.10388572309395655
-1.3690497781335285,-0.7591608605596475,0.8315487157769584,0.5436859237681944,-1.3244608665216342,-3.1235980530148533,-1.6615977356256928,-0.9090062861039769,-1.9374784093103408,-2.197161295035386
-0.19226294163295507,0.48260150752491465,-0.029671202617738396,-1.2010095660506683,0.31480408221952816,1.3559702634961317,-0.09268067504895905,0.6138011383111296,1.2780536054059048,0.45768799596099496
-0.23217833037643706,1.724410228652698,-0.3996977763958225,-0.3216947302830894,-0.007910180799616584,0.3935344971989444,0.570464394189542,1.4121107698145405,-0.3208226808874316,-0.8592120716511584
-0.652217088221349,-0.14557937632942572,-0.49974495492000054,-2.127503069247048,-0.17635224151241302,-1.363866426706885,-2.3847815448959953,-2.4361162543825507,-2.1403548418041174,-1.2439198865093006
-0.5723972176311508,0.07000469750504852,0.2704224279446657,-0.8711267517925617,-0.33650832502462596,-0.09485559300447277,-0.8840248002301805,1.1093354020261406,-1.5219712223467339,-2.062246791349273
-1.9385092093966563,-0.9463108840144961,0.010689494172939849,-0.5829606636060234,-0.6851372210778909,0.5910327408582149,-0.009224488949763687,0.26548596191402507,-0.7193172180030053,-1.3169975446279836
-0.026892470741364024,-0.6397623527418087,0.47447568974082166,-0.7122275531293977,1.910392318705708,-1.2310139531304694,-0.8668100097613957,-0.3059620826973809,-0.7638155642137121,-1.412112883970169
-0.49820420446246544,-1.6601259710064626,-0.7386251647656416,-1.280228582644101,-0.5101777664877394,-2.2396218407752384,-1.3972322062380207,0.23519705153212445,-1.809390327800826,-2.3489895873743474
1.0505682108641867,-1.6009140942982305,-0.8072158147260242,-0.16891529339569367,-1.10842021475586,-1.855056668514814,-1.7968410527824092,-0.8058127081616409,-2.025638144411972,-2.2518041666705892
-0.8421276443188076,-1.1792896682089786,-0.879402398953365,-0.6589200949625327,1.0446832820914036,0.5481419382602905,0.6039785454474605,-1.1423832333690753,-3.116912175337366,-3.079293356835981
0.3402906640833721,0.1532912253731674,-0.7965373503777559,-0.45514478636093925,-0.7476728139265414,-1.1599686594594965,2.0956792962154016,1.70415804571501,-1.0343377756900396,-1.2623310379237385
-0.3383426576472129,-0.1208289653408832,-0.5049665471931073,-0.6750261552145309,-0.3056767795476,0.17008644551543584,-3.375155030021314,-1.4777454436842417,-0.32715129960783274,0.06303780054824593
-0.29065653686046494,0.9923886544169355,1.650337690324855,-0.279119688144193,-0.2580321212486445,2.2868532161580424,0.8665770187170305,1.2676077239431978,0.9797595685015819,0.42008870520782454
1.7101108304132042,0.27228316159084176,0.6971633530097749,-0.28781756918502704,-1.9142042107888595,-1.0843922122530185,-1.5721622597980396,0.3170923554030913,-0.758662160775898,-1.2158627589226019
-1.1947737494642432,-1.8140574893762016,0.6026698725417277,-0.7799031478301692,1.4517588562065624,-0.22796744999303725,-0.48921850017953034,-0.60041384408384,0.24267006223645904,-0.16840394141368686
0.25276334015112567,0.41315684234812905,0.08813263861596918,0.8913402130394599,-1.2825477993468537,3.3471825851972103,2.234397494652959,0.42768391571350356,1.617460748123542,0.8967979529080246
-1.4476788673043777,0.2481798238152751,0.069867235187889,0.38422219752192815,0.11572941742263305,0.37211149764624585,1.07427194525492,3.619912282206393,0.36110513526823174,1.1953382839810662
-0.9279736723880672,-0.2496940662666529,0.4584539467257112,-2.1917824958119994,0.305144060565024,-0.44847800015601397,-1.3656007737538405,0.5561175984705001,-1.4827633493046903,-2.1828205697516445
-0.5541816531189301,2.4785076572797364,0.6210466204779903,-0.9050717578576621,2.4446980956694864,-0.02476216393042019,0.37924714477200655,2.3043767879251567,-0.2647133505638554,-0.07744996511911507
0.9265080444985196,1.1428394513144213,-1.4985454592007232,3.166672179559152,-0.8672227893431363,-2.4971228247424753,-1.1120951720655812,-1.1750817987819229,-1.6679822253068095,-1.622475465917478
0.6668497610469359,0.8354719701925041,-1.2598799118923907,2.0593027099072105,-1.0511223266537681,0.4514616580496934,0.213581750949957,-0.19850175864776806,-0.02670367292996112,-0.7472084636340757
-0.9471316200411476,0.2290428955823288,1.0153003907110012,-0.1571900146025903,0.5538288324310793,0.9146440968604074,0.2646688922078677,-0.30776839835448255,0.9409456853932532,0.17982545251278026
0.401665913374741,-0.14667774350800014,-0.5399497227225342,1.4755662058040202,-0.1442752923314221,1.2877884816487382,-2.064964906897177,-0.06173596845843393,0.3265053329818415,-0.5948818879927954
0.03138770990614362,1.5723946732199066,-0.5176484973836857,0.17564372916073284,-2.2141232408962375,0.012531139013578607,0.1399468727582912,1.0471021945706092,-1.1033668695117052,-1.710848975235487
0.7003048361949358,-1.9460774724649574,0.8174659697152241,0.6825606457676535,1.4074312340170816,-1.8455892644921792,-0.024884747113883332,-1.7610260772885575,-0.4264023320605068,0.025478700286403755
0.21764160293783197,-0.326916864446144,-0.32618970909627876,-0.21000112030280993,-0.5609363234982538,-1.3723600651945196,-0.6950534377668658,-0.8884476234418799,-2.3535729372743495,-2.4699191278464676
-1.68920541839534,0.6084814152000851,-1.3062080929083517,1.3340601633697686,0.1209569900259263,-1.6197676258022216,-0.5289888508103302,-0.5201367399665403,-0.13786288527255208,-0.8039579295674083
-1.7796810342498668,-0.7603667520020039,0.9543590461073328,0.6127190124905443,1.3032146096893833,0.19102595099533226,-1.2364719211554873,-0.6958329161812442,-0.15889668037032934,-0.6675365576406906
1.7288749915316075,-1.329234673784256,-0.5164967633229193,-0.11556768856226295,-1.0372535408946297,-0.5252800109222796,0.9705768051150645,0.1278515192747549,-0.5775877119309167,-1.1691157761042725
-0.21218048555797953,0.625420536746705,0.17383348558670675,0.3628329666687137,1.5570833032365632,-0.02133649171765928,1.071046252574643,1.1690847680406204,1.6975518592034633,0.7389915787329823
0.4937321231410323,0.9326291523229593,0.5496002391062852,2.030940521213277,1.5773492379163447,-0.06614810846861774,-0.31542516418527344,0.15665502194795766,4.553677573129145,3.1208736812104676
-1.2922406442980605,-0.14787518128503863,-0.5049192213723739,-2.9513074643506356,-0.7450524421143664,-0.6055694501444875,-2.402032837947252,0.24544200800324645,-2.5603004103598295,-2.8990865280564053
-0.9775503811487818,-0.4833755531477998,-0.9806554678385966,-0.8175371437851261,-1.524667571132718,1.323229410041627,-1.143743283518647,-0.6406741244488725,-0.13753803656154595,-0.4344193174327937
-0.2745852589586976,0.17592360927036035,-1.656779776770165,-0.07821979074571228,2.224636323888025,-1.0560984241895832,-0.5050188858954194,-0.03942492590954538,-0.20660662738866636,-1.2114699882447164
-0.9252226240112021,1.1782035948354297,2.228973928509161,-0.3899540238457585,-0.8985687524789663,-0.287566998877722,2.5101380747308326,1.6354215831947967,-1.3044614608989222,-1.594780533317219
-1.958264731604627,-0.7061776941628688,0.08763685568190795,1.0676908916824321,0.24101791849883789,2.6241529567123556,0.08798664709161064,0.7634214657612416,1.1156591745490525,-0.011934301848111728
-0.2108999125765832,0.24272175982815852,-2.2426192182677673,-2.0301462652607762,0.4265939816737006,-1.7545648283889999,-2.1871941347913957,-2.1070433108771347,-1.0990333394688279,-0.40681195953446786
-0.2729275964119578,-0.6827639290856728,-0.2934367772829487,0.1021673965215843,1.2244734808473297,-2.0147577811900295,-0.5194667827282275,-1.2639316027248928,-0.4757680582274695,-0.4055531681008979
1.219853487076054,-1.4093757112130494,-0.947266787189165,1.0866017007491884,0.7833324899372635,-2.239490445200145,1.3729942330752947,-1.3502941659589838,-0.6632498634603643,-0.5659090558868652
0.026796251843681847,-0.003285197914466249,-0.011790367755423418,-1.793252118645477,-1.3665922592385078,-1.3278157809729982,-0.40369482674149204,1.0321336047385763,-0.6948221650273415,-1.0710938872266813
0.14346839094009184,-0.39555318696267316,-0.37565691063579837,-0.05297005526912024,-0.02545081610174349,-0.8879974167002399,0.1803901387956771,-1.7862852196207775,-0.0493195920837417,0.484894921405559
-0.18217664995745805,-0.4577637271800962,-0.6769439655816711,0.8347414998838532,0.1683482207548761,-0.9670729150531613,-0.5198319889248729,-1.0415801892815004,-0.27987369254730715,-0.49789848610108234
0.14989336010756021,-0.5002055657422964,2.5730919246424726,-0.45616750733150585,-0.03928216789334982,-1.7459369964291336,-2.5017217532154454,-0.7034774902106076,-1.6237987193192343,-1.9242264638015723
-1.336145280538355,-0.8682148092442361,0.5532663307510312,-0.4334831721762398,-0.059601499811824166,-1.850070670560808,-0.17893459590073021,-0.4683506291951247,0.41820353916552644,-0.050605689730269354
1.1471377853014244,0.9448211192948154,-0.9582762359486676,0.5405849887015279,-1.8145703480081443,2.0972756950129887,2.4992209526157394,1.0757760724460304,1.3965345155747004,0.7330294122254097
0.4453686210010233,0.1441131230398657,0.3985850639605139,1.6151656028632617,0.2562340552270018,1.0964753496584485,2.8983403457236827,1.3923326280072499,2.2645887515089145,1.4578279447424665
0.8291073287361038,-0.8801408344358812,-0.724916917104739,0.5751312758397478,-0.2835387212203332,-1.862656683007474,-0.8618629057167602,-1.7348573717510996,0.10421905171909862,0.5843880475021899
0.24028125908984896,0.5599941878106545,0.9292618975210144,1.0281335833313445,1.2866895646630825,-0.09057058477604252,1.090790399442526,1.709843555308857,3.2693992955274167,2.7598002932021113
-0.7401429031146063,-0.032423746100153146,-1.2155433246730374,-1.2555429026161535,-0.0649452847644667,1.6152086826903238,0.06028317773305297,0.19461261297180144,0.40611811067161974,-0.26262164322989046
0.2481256557787466,-0.06695869376379282,-1.4514244545907378,2.420362591393083,0.760591766820346,0.8160506525061494,-0.6014346051200115,-0.7329529921533517,0.5296185660390305,0.05247309571902714
-0.4892108693185042,1.6683093098531092,0.17542016688732312,-2.057151257055171,-0.2144443136540416,-2.288155519534079,-0.7051398727036933,-0.8029415225062462,-1.5926559461241003,-1.7848219217030168
-0.905778311146724,-0.8840974820136845,-0.10420689787928487,-1.6245346572164006,0.9386287964537849,-0.6091140511620714,-0.6622125972707724,-0.18014177096666384,-1.497847297941627,-2.2314608106186675
-0.8820346296819311,-0.11978341536996302,-0.3675545910878122,-2.2916468234175773,-0.9444875474915817,-1.0656701697660453,-0.9371520839927358,0.024603256212430202,-2.372931619137091,-2.7464353319433084
-0.5959383140153356,-0.44579734544625294,2.0135901507292164,-0.8802581976756898,-1.7604995869830566,-2.4108982849380007,0.8472345137468517,0.38444510386805625,-1.2474071842307548,-1.618998243671352
0.19300848115866268,0.3497790177713467,-0.435932627539421,-0.754825025148982,-0.11214410481967818,1.2150493181152169,-0.004415980030449906,-0.277555716584005,0.5405174721392322,0.006529853409271258
-0.8801057411873802,0.06329723259549797,0.03233256486187281,-0.7094328470773024,0.13045666047453622,-0.573646539304755,-1.8478830819217538,-1.0830302778718206,-0.12143851901802127,-0.15066384348468354
-0.9751860769557927,-2.090665942356416,-0.15045010470638295,-1.2985076461750351,-0.24661334301868923,-1.1335293284477186,-1.6859557820412105,-1.4672990396194487,-2.1344452388001534,-1.7810925911541076
-0.519760930353999,-0.8540569998333262,-0.6380411786222439,-0.3496066986576925,-1.5061314849636802,-2.8677329820872672,0.4915540463024146,-0.9834875042062803,-0.7515365997028925,-0.8363224897366864
-0.285520295280403,-0.14832174404418513,1.3413342807693327,-0.6658295019948819,0.1514595919449963,0.9668811305774982,1.390505055910868,2.6559635037896765,1.7173023771500402,2.146951650100532
1.7597009862632236,-0.8361990097382641,0.7891563801846477,1.1961847556575826,-0.44750570878773055,2.2832144495367945,-1.1522111147870266,0.418285161481909,0.9332383672678888,-0.027618279494072084
0.2581908284877978,0.332211778826101,0.5169351385387868,1.1624541039278289,-1.39810266444378,1.133576388768335,-2.080509761074536,-0.2777630715700711,0.07751048095697688,-0.6050830325634045
-0.005545633260782429,-0.01818401971938685,-0.10540189395672735,-0.8457345505689854,-0.6879353507988498,-1.2201130194263603,-0.206222707815915,-0.3309541488851438,-1.3421554837999325,-1.738348052731729
1.0986998780993735,-0.47888606897646147,-0.31801874992665274,-0.08609692053869922,-0.8959004436237675,0.5903405744286865,-1.3061164109361751,1.4415474348584008,-0.5177802503674493,-0.9605740073275153
-0.37531768750083666,-2.7625242554719076,1.8084725422695562,-0.7328658284446559,-1.8496139972571812,1.2088484644642548,-1.9097404503010627,2.8378870095991453,-0.8082262422494354,-0.21259362039159935
0.3911016198246003,-0.21878835344719966,0.9843134748105707,0.5195512098481707,2.918120753968644,0.09953462857710238,0.07737960577304359,-0.6764861479549474,-0.8340432162429011,-1.310751536600034
-0.7143601533218631,1.3033482006303798,0.1649156189317803,-2.2861682838049298,-0.32375310266115603,-1.8345363485761927,-1.1313417646818371,3.0455391461860537,-2.257479679047434,-1.530489616624951
-0.41145771546698134,-0.7461748521315945,-0.3242116809950378,-0.23681116725803514,-0.9952919145341775,-1.6981228472323815,-1.2778171531528564,-0.790535282919556,-1.3404326357315417,-1.5583381724354683
0.11634649279103383,-0.9031267762753505,0.42234856124053805,0.43943218388827493,2.2383755028413947,0.7434091823105625,0.3172145677173215,1.8847208068225263,0.4207270707788504,0.12460548265625504
0.9591881641999459,-0.018430622811330663,2.8624568174101115,1.8395919096970919,-0.036130221055253986,1.330278283072185,2.3683113059041334,0.7629726563091039,1.73674576243793,0.608479695989647
0.8441810947436215,0.30114563271754724,-0.31648161685414583,1.874112260139455,-1.1523276201505992,1.7951338002961368,2.60812549404846,1.175078321491895,2.121116671760214,1.3889305811058195
0.125294006250909,-1.0429990360791768,0.5231121572706848,2.3542257470609624,-0.3432555380710406,-1.937047103086495,0.8347012528750026,-1.0791967207053133,-2.3888501958249737,-2.3987276400314235
0.45189297923676924,0.09350015919644986,-0.23289337661034593,-1.0958929335757523,-2.9101078672938523,1.5428843895033078,2.6578094690320153,0.14599655277494283,0.711460583728086,0.3860361825325121
-0.21419194087388077,0.30840621173945865,-0.44724308520602196,-2.589760933779925,-0.6759318077976977,0.2601682768836254,0.02498530435734092,1.6176952488855862,-0.07522931566180846,-0.37053864519081137
0.3872790247406099,1.6323677808149029,-0.02000219002235787,0.405585077796608,-1.0331825666339087,-1.68754494800131,-0.4175516843179562,0.8692601993551632,-0.9102861629462736,-1.5881621666738817
-1.396672731028865,0.6611518142222081,-0.8944211337596634,-1.1918044830474022,-1.7105705604723167,-1.5178011135339429,-1.0933185424979093,-2.0245568941247405,-0.9264384248972785,-0.23761908653040076
0.47700822518195374,0.08667471071362058,-0.5067279093754476,0.05171129156907761,-1.6169646595524254,-0.9386359091569223,0.25177948584382664,0.7413044085015197,-0.701862974226371,-1.250713154746844
-0.38580950010049264,-0.319028297878134,0.06824185320743276,-0.12084383852288372,-0.9904357007669139,0.9127867566525563,-0.5601227712429478,0.8324323353276439,0.4565137213007535,-0.14427420687596104
0.02415792543136089,0.47562351076134846,-1.7566962016134458,-0.10942835023872247,-0.4779590402812676,-1.434783334163988,-0.33148237039756046,-0.5714810428867729,-1.8451275572005748,-2.2051209738539645
-0.11661751738068095,0.9239525083248857,-0.5914353334929499,0.4414671263086287,0.10487923151104439,-0.9544740559964368,-0.9952743922673966,-0.5550792427929121,-1.194779231812264,-1.7865332566428018
-1.3202508757056823,-0.5754314508589823,0.07395599482116125,-1.437350336651849,1.3592012137131135,3.1537459108828707,2.7433144311353304,0.4696199924149883,1.2934056755873962,0.25065603168752515
0.035845510846981066,-1.0727307310111913,-1.369876104443036,0.86206225315385,-1.0286274339927857,-2.6302318437232266,-0.10394860420416152,-1.2115113621889173,-1.230367359642598,-1.2248461922731355
0.9000886725001557,-1.4679015223326954,0.10867544610353981,1.2557474192194071,-0.15380594130474526,-0.5613913268577032,-0.005431211059899743,-0.4842403641578843,-1.3129213992909707,-1.9240910043000463
-0.2093759525273559,1.690057317740419,-0.6664550355433451,-1.628568978487657,-0.9265711157625198,0.18808132943167183,-0.07704116195314342,1.0941322103359647,-1.119630902198593,-1.5229911517795032
0.2999178978581919,-0.21611353814183754,0.24539653195432073,0.1709271663383785,0.7125303356988643,-0.06905794967153583,-0.9570724692408836,0.6558293832259616,-1.917402953703859,-3.0607259120679906
-2.1984288168291735,-0.36444737739726085,1.827867160719511,0.577828149291824,0.08145516623700658,0.9207380085290877,1.2998864081062937,1.0129869386256918,2.4389569481399627,1.5133160473969405
1.1207808622178939,-0.5953467750075987,-1.4371388772528206,1.554461219569896,-1.1295553480666558,1.0417685468556677,1.0673758934251474,0.6023197768730817,-0.09453293328755574,-0.9348562040478536
0.3674390140729633,0.29579774541772713,0.6545988812679456,-0.15323175417954915,3.20855396702071,0.0392546906492397,0.8450691305928104,2.184768661012388,0.21157823630733208,0.26346096386348106
-1.379939583529909,-0.8758793225779246,-2.210560262093963,0.514567515581905,1.264925846462525,-0.666882613022152,-0.8218697438247619,-3.0312352596820635,1.0615670778269344,1.9295256135015513
0.7884419154226862,-1.4060739833035316,1.4063467580225313,1.1498706538820158,-0.49272958246191223,-0.7325699433337188,2.5156149857205508,-0.6281888839192831,0.5219509418664224,0.08316042433871362
0.29078737743334326,-0.8765725458865217,-1.7126196414786015,0.7737324159901489,0.34472896256569757,-2.8963250259777893,-1.179608184024534,-1.9501678274003122,-0.6031783356928535,-0.052808956085504455
-0.7018484011821373,-1.9858532774533926,0.7435116758730289,-2.399060546802056,0.4664000407355755,-1.019774621940051,-2.053124822577547,-0.3033420289000583,-1.3793012042834514,-2.028580997231666
0.9905087038938989,-0.003610533345945608,0.33240998983428993,1.8545052642704705,-0.8233049468892704,-1.0697282193361337,-0.7364888783566452,0.03915189783023576,-0.7544757312043296,-1.5999598216925135
1.4239621415798092,-1.8826407565133216,0.012968539752522218,0.18777602909894525,0.6267672369146441,0.6794497705063678,-1.2781649613509625,-0.4122163646808088,1.4133523846423746,0.667134437285095
1.2721591833410038,2.016363100468847,-0.8221922445375903,3.1535464998525056,-2.626128952032868,-0.09806554551963076,2.3048575803299305,-0.06079082269156688,1.9515687807614235,1.150254004854536
0.9618937137501844,3.057513870885342,1.763637219390692,1.712257422318864,-0.6134154355716035,0.5593838287541354,0.08949583668704059,-0.2543046555428101,0.8192904068686393,0.11682273046007441
-0.375143101318835,-1.415727303984379,-2.029099790723263,-0.3538407682128982,1.2339243590994582,-0.9531903452641299,-1.0604744314776906,-1.5982964294878328,-0.4225535584324601,-0.003999195712437481
-1.0280343012760234,-1.057248910554449,0.6354888612392475,-0.5463436485824191,1.1036452927256564,0.8706409894738508,0.60946818580913,-0.07738061436854482,2.6097280257657185,1.7152382799621215
-0.18916086036035068,-1.6496576801954101,-0.8129685742447273,-0.06185711838197255,-2.56756971970448,-0.7694279494976942,-1.6848934119421994,-0.9516551747124771,-0.5037888258203225,-0.6668906990421231
0.02113421958624301,-0.10118859374447584,-1.7528778943406944,-0.5436162302341104,-0.11181781538782824,-0.08441086454042168,-0.2978034992341636,0.1470817652873755,-0.8954634840613626,-1.6355022638973482
0.3367979881008095,-0.7146813134117216,0.6007924688389709,0.3207246206202949,-0.19915352823697519,0.8853615238482642,1.0174138491165317,0.7739226149676401,0.1695624129879355,-0.7040554552950595
-0.7574911763379627,-0.13044330865153586,1.5108084895572205,0.03480459148727699,-0.9550508052593165,2.2890937234919986,0.3624896737103137,1.2678350099541777,0.44579438501169066,-0.09255073471833763
0.57606711697383,0.3086028275673467,0.01753733685769638,1.0010763363718915,3.050860355065288,0.7211586980218604,0.9555961012097214,0.5147375122264413,2.02954790832682,0.4741484733359045
-0.6744548558580645,0.7433220892207334,1.3727465671639059,-0.10465932613295381,-0.4469960662043859,0.8737545975538289,-0.6187524191836029,2.4432624706565162,-1.1322361125989193,-0.8149067363857031
0.3344362972861824,-0.6649535446869018,-1.7319344003145847,-0.3323599366038805,-0.18663270601050505,-0.29699637905736886,-0.4137097123530413,-1.8373450572850485,-0.711890078018197,-0.07147036278546026
1.2126473819215875,-0.8505231451177425,-0.6743570728844499,0.6026332784122617,0.08715766696843419,-1.03370620794071,-1.223880814253127,-2.046248581449175,0.7578602965894701,1.3769384614596805
0.5557126114767816,-0.9871281883497031,-0.9508181975236324,-0.07276195995175483,-0.9264469853786768,-0.4309633309986096,-0.995128017730655,-1.6525217853502867,-1.7596689009109212,-1.3213725881832916
0.3584504118551177,-0.28158977244021494,-2.1234833841816774,-0.8249517465153093,-0.8172150713191983,-0.8252048508436236,-1.0389199950556995,0.29570769894598437,-2.4927992953195703,-3.025944435998132
-0.46216694842564227,-1.0037298707840931,2.0762912400810043,-0.2979231658575172,-0.7346365789524195,-0.35113761756664363,-1.503917747899813,-0.47656214248127127,-1.3453369270194795,-1.7306520184164187
-1.6572497948884455,-2.841204290589126,1.5196093424132635,-0.6306672320277793,-0.4793937377815503,-0.5810188204746782,0.5707562133558896,1.6473576322259085,-1.2543407601764638,-1.4968181262988967
-2.202586559079585,0.989131483158385,0.34341017157757403,0.8353101872829456,0.6452688458170401,3.21846709177087,0.838337976995094,1.2443578323933262,1.370589928802029,0.41568998507614263
0.604676502475214,0.9492842076481455,0.5031445034249805,1.1648004762057256,0.3871516302573084,-0.025654857173292384,0.1309761841052357,1.5245698172967161,3.9816161889963277,3.2603333731409467
0.10741740351841926,-1.3411113773954015,0.15295828690190671,0.5143664433618195,0.42840426366849865,-1.4377597698339744,0.515738809341765,-0.9250691088876419,-0.50683940577455,-0.850570235671599
0.36082931279792724,0.850046137937608,2.405548715434992,1.788718908288462,-2.184897793031922,2.4252518674023094,1.6048621422890736,1.811757929891557,1.2406991565536614,0.8974872556574287
0.6422591516023707,1.0147256661190924,0.6649971965210953,2.0934846229295183,1.2992817209351535,0.6420289682554041,0.13265403953927246,0.5228366096728785,3.248672647922698,1.6926451596604195
0.3745637609743307,0.428934370761498,-0.8451638802418938,0.7540549832127957,-0.5116667438877541,0.7050734821177721,0.9890177244256491,0.18692000436960998,-1.2772867706298339,-2.119265923178883
-0.6361712168674092,1.5528661501449545,-0.9219047157856515,-0.17630148599658158,-2.3461797187684406,1.428811048938805,1.6662388793773046,0.8352083728311788,1.4925580570699362,1.0145526694535985
1.0026174731140158,-2.24936588324942,-1.0601393143426219,2.9642640386207835,-1.3360311015392814,-2.341898380008454,0.5324845329117289,-2.0109944298997626,-1.5053984780588883,-0.8396707956510848
0.5890966043347656,-0.4877991223252181,0.46359051509967536,0.9155372894877358,0.40670276058051985,-0.7978133316092341,-0.6487738145373985,-0.7847361773889987,1.0009424420257642,0.5134703550997974
0.6137695765412913,-0.07825961945408577,-0.1767055606262008,-0.08031817384212536,0.16741505694062925,1.813035624927299,2.8148290053257594,0.5006825968089044,1.165628981077906,0.21082981640617166
-2.1469917041274433,0.14830366391905592,0.3624220551032197,1.4818223475636731,0.25298507872593345,2.9041879024626462,0.14649971656727923,0.6781743205027124,2.049429930525659,0.8449873600923705
0.5005314547231854,-0.9820943686476159,-1.672700218022801,1.2978743039614247,-0.8008159793748831,0.802481566713156,0.6995944492598952,-0.9033399946434308,0.6042011959493554,0.3778410737787721
-0.3262402797339186,0.03582834277402493,-1.3954334982822791,0.005576874708736579,-1.391031787583087,-2.761426200623183,1.147347372225805,-0.4656557536079734,-0.31444800877843415,-0.7942954512423176
0.9327923909302357,0.5642202060328451,-1.6292411045699915,2.6818167611102552,-0.18459261847120265,-0.642948420555292,-0.7031139660256877,-0.553736222721292,0.48893855610153386,-0.007989034334688006
-0.7730417736110751,-0.9884035822591916,1.1760697428141689,-1.2129277066656703,0.7367448543774878,-0.6466122879485215,-1.8404989569042174,-0.04554399560491923,-1.1142971540652165,-1.924510644173838
0.5269417892723289,-0.08435592173786396,0.7838641285299338,0.5810584728231516,0.9181256761742798,-1.0356327457595023,0.41673870977345306,-0.6388309741823324,0.9856806175987178,0.3959492819030841
1.1160463088086003,0.18630344236275856,-0.2909478767471114,1.17814237675917,0.31506139499391905,-0.36058031280259406,1.6447729184853546,0.6498930060216715,3.152628220860174,1.9636665423019306
2.01215546507997,-0.32087111638902077,0.3856628370100792,0.3120034696402495,-1.8753905021308843,-1.5968903674646344,-0.9665832181960693,-0.27425271036298954,-1.6783727368679928,-2.302580084626255
-0.6761580679540857,-1.1156431502718116,0.2599928040527932,-0.21282944256298764,0.06142164554836205,0.32795140273030343,1.8285327724739036,0.19742229326557437,0.6510903558800399,-0.21047000163621254
0.430676582788771,-0.9197569211750397,-0.3155776996241103,-1.0709430846800712,-1.8035709769582489,-0.7617295711927684,0.8178790711063727,-0.08959929626456642,-0.5334545048341471,-0.9659900111756327
0.9501122224321048,1.3356881636561992,-0.33804643552050573,0.9775320909295153,-0.8486810162142062,1.5344634804476653,0.8084333191699165,2.070786196884179,2.7573469817865854,2.65660108739975
-1.7834010106842926,-1.150247982785342,-1.6421413156009677,-1.8027817388495644,0.3983747727297051,0.3699049763246198,-0.5793503413715156,-2.678651900934538,-0.5799366767765166,0.30967249268315333
-0.8257947927237422,-1.262249137889067,-0.9656116221341633,-2.0338858901237824,-0.0924473473438584,0.599444073982682,-1.2227480578552599,-0.6323758785886934,-0.016602719209945827,-0.35148330990613075
-1.9004113032609875,-0.6526584428729217,0.1916480330515866,0.11528966559885062,-1.97868860380191,-0.6339744246242385,-0.5671187012910489,-0.03629229315838389,-0.5759712836045886,-1.1691538625545967
0.6131679283336537,0.6342980271179659,0.17486218390608618,-0.016797715465934004,-0.5954316174915746,1.0498557564188111,1.0397777611555385,1.3869113769026717,0.46533098414139934,-0.016098326656279693
1.178025835418201,0.22652202038723326,1.2710002718734243,0.34409782174797826,-0.12420176631165325,-1.3068132054788115,-2.983303241811948,-0.030684829569105898,-2.213461031528839,-3.031017994705095
-1.3603511908597108,1.6840440092788687,-0.1637753942347623,-0.42162620979663595,-0.9480404497850433,-0.8580293369894901,-2.3605921698439296,1.2513266301347434,-0.7128675917006597,-1.1844477911220617
0.8511574734144571,-0.5087350809065767,-0.37901487204585627,1.2642512389202207,-0.4486584189975051,0.8023993163132606,-0.41238485420020093,-0.6535704648059163,0.9746338343936272,0.5559127695460261
0.03926237454842402,1.3011127784269663,-1.3356174758744805,1.154662821393116,0.21620138893963115,0.8139985108574976,1.6822376661219753,0.5464638431877888,1.359738091973413,0.19423035952946271
0.22389710606001748,-0.20841786537993942,-0.6766398967999516,0.9275190610646333,-1.4388080393953566,0.7070661606449422,-1.9392301706967474,-0.9266424884940231,-2.8285114428396887,-3.087048749607626
-0.7422319093567659,-0.8404999111202994,0.44016518591348464,-0.2267491122019537,1.5103364595062883,0.3581119540150066,2.3559118730635036,1.0452569914464098,2.294408953601966,1.3175261473612827
-1.0350842446130477,-0.9238584058034021,-1.7217728524139426,-1.836298656464448,-0.9237207584836764,-0.5250109424776981,-0.4783689364117787,-0.27270622949848944,-2.7172951002563233,-3.0995245639407734
0.23784019818899568,-0.21158761394998038,0.15601133562274785,-0.4830832465052363,1.0610301389091026,0.4522783024192537,-0.7043654567566155,0.22591691656531518,0.36608393399495837,-0.7090298913144142
-0.23018613006630154,-0.7284634598965475,0.7539990579718228,-1.6742819477573474,0.1412893009511027,0.4188684884536903,-0.002732904760313626,-0.6232372931159246,0.7071850931033599,0.30907859554973083
1.7043616635403633,-1.1110924925225003,1.0816895761221637,-0.43427132369530025,0.41623248571388527,1.530575255884983,-0.7299574042136715,-0.5463766259678923,0.21615480184593205,-0.31555840052532524
1.191854977265396,-0.39945052507668205,0.46271749011120294,0.6755599722911749,1.8470264796615175,0.552664626906082,-1.8413015456086352,-1.381247354177309,-0.1045286831053299,0.03167311787162155
-1.0762547606271828,-2.007799407594274,1.0332743525986336,-0.6514961472646179,0.2225758383920673,-0.6946941400935087,-1.9813642214303564,-0.44335356132925563,0.07749005147690058,-0.46861597692952406
0.3000082961665841,-0.3732321955212425,0.14112237319176216,0.4042875740569085,0.10344060210204126,-0.9127980233851304,0.9233526672944578,0.03744065307858685,1.8197003344797673,0.8931240979000572
-0.05655090819774617,0.16074839967782234,0.048823275058793685,0.3365604074846547,1.8754797854344405,-2.8720068127366924,-0.4727526253965521,-0.7933465197870815,-0.5509089017180981,-0.9197942853548304
-1.1678153817759842,-0.1114712327015005,-0.865326955177476,-1.9999037744734187,-2.2799234089242293,-2.288472498808913,-0.966810750826318,-2.044461598528562,-0.15193459789553687,0.5351079534281343
1.9999106733106613,-0.9417183858866066,-0.6945283066786475,1.6492592735379923,-2.51117900923382,-2.82948057804943,-1.005539875659664,-1.6243634813659655,-0.30444260548467106,0.07903067186225016
0.38117975606429033,-0.4609707292276154,1.339224055982321,-0.7216463169378532,0.7714820155483477,-0.5284710894735474,-1.1583162504554123,-0.6870645566735598,-0.47361645274788344,-0.8630023973887883
-0.3159296802386912,-1.9477558217689546,0.5205272814625012,1.2807717817329731,-0.17914208165193757,-1.4868688593209929,-2.3057551160552223,-1.6841660675837389,-0.8870811688458367,-0.42194315215863715
-0.38380966336498945,0.8272046401946306,-0.45660637482688826,-1.2594008542389359,-1.8579450631440433,-1.4884568645978478,-3.5646434243796237,-1.3364459648777407,-2.560745477775293,-2.3633193659616016
-0.8826352943447652,0.5442335464646051,-0.19017477297283972,-0.4978536658926537,1.6645721665096667,1.2709512887110213,1.9767573929500357,1.9565116103841285,1.019133977728238,0.9067358064546001
-0.8955968256856296,-1.965622037690896,0.23883964019753084,1.4694697555224938,1.2789496408918803,0.7625667241994978,-0.6030150216144055,-0.373124462296774,1.7634090820622825,0.9069040489160596
-0.6704639250085841,1.6083687368693655,1.7488891069043513,-1.4022876675489504,-1.3426571163484962,3.1394443429255174,0.7054642785040065,3.4881175149955475,-3.996681825303205,-3.1195140173360905
0.4718181981934443,3.1240660739287405,0.6504403073044633,1.2765153261609958,0.08488720527789462,2.3588589804249955,2.743752641516188,1.361976139391762,1.5027586380498161,0.720586608770232
0.30193543625945674,-0.6554841185577712,1.836195962738903,1.3819243039911604,-1.4449028179372903,-1.4655252233517584,1.1625065033900364,0.17438759836673792,-0.5980092981464884,-1.363386376789326
0.20091506935359751,0.5789655065696437,-0.4738940036621832,0.6313615931303614,0.5068021170386557,1.7236481684458642,1.4138267141841465,0.7475489604428466,2.810127533527047,1.664847600768228
0.4127667125556746,-0.44689915855328516,-1.145437159660104,1.5126381312418467,-1.2749754659760166,0.26819531557715265,2.31223976786389,-1.1865191322449602,1.0318239841943855,1.0342472660632405
-0.31079769740747587,-1.4077809215560868,1.167473186188408,-0.9417225882796181,1.8515652387103065,-2.0033434939646417,-1.605323324521733,-1.9697913853434548,-1.9231313949504982,-1.2555675481421003
1.4986685909251805,-1.1818794710256644,-1.258491440425625,-0.5420638845348809,-0.32846281521898785,-0.8387642456927376,-2.454389111179211,-1.7280075103509684,-1.248260051237124,-0.6741747964387441
0.352743541219119,-1.3144930272590594,0.2400016323115256,2.1170260964496164,0.7977636582505643,1.3572455423327778,0.8515065479165196,-0.12793225504286332,2.3438974629124596,1.229552081447424
-0.2653611370007473,-1.0468090225129933,-0.5777455435134646,-0.06580693386687153,-0.8740234216499376,-1.6800955099015,-1.1046280213391995,-0.9857668803730288,-1.6354312825862225,-1.7259790101988706
1.1965692084271633,0.8571212778924185,-0.3151921000114375,1.652425501332123,-0.28433531634288056,3.2487892825525186,3.6521209233854135,2.154443326668833,0.9652409759194808,0.998337297641085
-0.6859741663572161,0.4667903104959277,0.9876393158378204,-0.7529080587833722,-0.1616588951395379,2.28004822802845,1.4992866273708811,2.230240988091088,0.7195227131599258,0.8962852170045362
-0.8784970185656779,2.1215885785630153,0.07264487218234424,-1.833717007080866,0.7476288657924922,1.094412608448844,1.900821915340856,0.4046657857874224,1.4536271810668306,0.5906838643247687
0.047233453153223436,1.4668754900188177,-0.2863592057247886,-1.4742898978364003,-1.779615852976943,-0.2059689580997096,1.166702873446467,1.1185350766063764,-0.05085567911468125,-0.46026001396721616
-0.26919456037740674,0.9280143981048674,0.21106950017783388,-1.3380799052976196,-1.6554523558741499,4.503285835633208,1.396902324673659,1.5580857159110089,-3.1594475647855704,-3.5018336927679328
0.016515476763359828,-0.7951995733324563,-0.7101615126318708,0.20112501991276344,-0.4933494148789137,-1.6294781706483203,0.025735425131164377,0.45901045511810334,-0.1805926528671291,-0.9749496296884729
-0.03876604198100197,-1.4610488108068593,0.5278306704368687,-0.005818828632980555,0.9510571573337956,-0.41439358514454294,-0.6518982228806516,0.9813969327380215,4.195011643574762,3.1614389502464335
1.8619175838132918,0.8256607755274351,-1.3789978688220756,-0.6835038641099414,-0.1728714743176628,-1.8094234739061523,-0.234036790821613,-1.6046376117313024,-2.14459153478353,-1.6681083845909495
-2.1630787022082587,-0.5793879427916344,2.4361747493968355,2.1073984648535484,0.5947723692924451,1.5179377097240214,2.1119638453399405,0.5826045041700951,2.623179655761465,1.2301334594845323
1.45971836563669,-1.4596031712060127,1.3589646462636753,1.1818304621515336,0.3565290455151957,-0.021785451364867203,-0.6640471103717864,-1.948349652129575,-0.11765596851095028,0.4512754001289622
-0.9392585149406903,-0.12006085294994377,-0.9031189317361824,-0.2860714337093144,-2.3818367935676594,1.1735099080399278,1.3988323667516582,0.9181044361693351,1.9624280464701873,1.4755242761557017
-0.04985400160880997,0.5379191055529418,-0.6673861409051696,0.19095344013822527,-0.18421183054120838,2.9162743232400588,1.6709293730801602,2.1995089992295043,0.7519489349304458,0.8120106669371425
-0.2949451078925814,0.7346574690732827,0.8580882165356439,0.2731522170977817,1.4745883901184755,2.176661453136913,0.7205946635950582,1.7680081267153454,2.7804968174848423,2.3846686025817814
0.5191067463155816,0.3139479818114404,1.3780505009024002,2.8802214730730484,0.7019118038756333,0.6221366846390131,2.186308766103855,-0.17482758579328284,2.253836821386806,1.1998218404460137
-1.6184500473371068,-0.31559237997257183,0.6217540729398195,-0.02817489859408448,0.828379601351176,-1.0088550258518225,-0.7400036971506141,0.38650247925251124,-0.38102266002561236,-1.526169825055394
-1.5838997738591485,-0.6334286954955516,-0.8756959091225086,-0.6346014175506003,-0.7908584437487955,0.04116859089594693,-0.711046640152921,-1.42039913060264,-0.5404363820017906,-0.2296332599697295
-0.5518533769699802,0.1745977460003072,1.1120930905044217,-1.6250518757684553,0.663976117433952,0.7759927226961898,2.7523492565479586,2.00218240627294,1.6404337183294235,1.4935365198573372
-0.26966010492056125,0.44266378003132223,-0.3811342629245802,-0.2539601666652954,-1.8741599189636595,-0.5319813302529908,0.09947468394795722,1.174864551007483,-1.0349421718099536,-1.5774589584644971
-0.7644676377555747,-1.5666483858248454,0.5444523392145225,-1.0157998472950027,2.6922153771906565,-0.6958779732748974,-3.2592209889532304,-1.098350228898546,-2.271821540014957,-2.255262133562536
0.1138328643028251,1.0659580957196524,-0.5690892823733218,-0.16960322373038272,0.6575846288710647,-0.6021236576119322,-0.160876337490785,0.8812040658186266,0.46137227413785253,-0.5485900268957886
-0.010232939502650038,2.9038131881600115,-0.44551487672467355,1.605928116767101,0.8238970866784331,-0.2694460976274582,-0.09115577873893421,2.2560432470236282,4.743293178498812,4.775644818342169
1.1057152574833518,0.0946269720597523,1.5784321615979209,-0.14996690163402704,1.0322740191129114,-0.7883969818755999,0.43238601540890176,-1.556916065866404,0.5041802614222157,0.862725383566775
0.8151180225775664,0.049615117808304854,1.019115546208579,1.265570732249945,1.654860348313513,-1.7588858081041372,-1.2377881174764418,-1.1258871659873564,2.100543143455286,2.0207218048510684
-0.09250729995569938,-0.30171431440628627,-2.072481061705815,-1.0214834623581286,1.143629671991159,-0.11178776001721036,-0.5772368423607119,-2.161130143690282,-0.9081359064855947,-0.14263457812255656
-0.5098997329434831,1.078231346714565,-0.6689700345142663,-1.4923683756061954,-1.7521817481368875,-0.4911868173275287,-1.8403763352979767,0.5610798626024396,-0.04091866831884228,-0.3233817554378151
0.008955753345302304,-1.4681964808861676,-1.0465085180536884,0.3685849436481188,-0.9230992515767402,-1.2078894779549094,-0.09681708877075101,-0.6364906202495847,-0.8548375571605812,-1.262237459004384
0.6783169385856059,0.49305329426303623,-0.04005112941589934,-1.1596271271461958,0.09063346732407143,0.15062311090398273,1.663516339134351,-0.05376745624658125,-0.28701227881518554,-0.9495182997146765
-0.7434399196673063,0.7346967163564216,-0.4094024974082051,-0.4138352767421074,-1.0230518046740276,-0.8377789941562743,-0.7974371836782572,0.8016436110505949,-0.630801737261868,-1.1810097259329875
-0.9053967633037623,-0.01210874312385175,-0.8126145903331324,-0.23268026801669484,0.181194770660416,0.11089620189331839,-1.2639218543433444,-1.974993270522214,-2.137964325075794,-1.5033206124277285
0.3211992363834484,0.3588511648552125,0.25270969372393426,0.636745730768779,0.703046190495533,0.7109334528341009,1.4271208465530285,-0.23707925379595374,2.045968013586691,1.1025179295066747
-0.23304679683812474,1.2441867881977715,-1.0784379767868302,1.016789823462155,-0.775405789143669,0.0578120627155716,0.2733085858014239,0.8527423888481245,-0.21006085303147493,-1.0198578251884403
1.0492395419528828,-1.6726990254974572,-0.23680379594851253,-0.04385634907439118,-1.364361015949536,-0.9969798278988476,-1.2549784407857514,-0.2950542591540418,-1.2789528110843555,-1.8116384341141814
-0.25117524113493983,0.2364756283168407,-1.3836333775403737,0.08202406996906286,-1.722162057127044,-2.402891152629325,-0.7055818617483158,-1.8831432042537508,-2.1133101713953932,-1.5421221381963959
0.31053979237448776,-1.0007213232064063,0.5379986234016297,-0.8267181830293994,0.06370232489988514,-2.155063282599379,-0.8061026370737429,-1.3263885585033823,-2.5588757531353474,-2.370852192695521
0.343649521850887,-0.6754726413343463,0.5633936854936161,1.424144236044409,1.3786927148327806,0.7023781000985592,2.480840966941141,1.256634834723258,3.322667445394437,2.348283095387383
-0.673315456765696,1.713153280564656,-0.8480829504863479,-0.9717469628799542,-1.34134065621115,-0.5036639936077097,-0.5570819133230872,0.6674038277486698,-1.0638733467926034,-1.4789725554644524
1.3634986681566625,0.4381222253127949,-0.7812676409475054,1.927907377159737,-2.342696378924528,0.6054951804295572,0.31641513353605744,0.9174314176532308,1.8661853248725757,1.0983318698755786
-1.9356750697084908,1.4090564863872668,-1.2617213732928871,-0.5413219982054471,0.48450927163359137,-1.0388883622819658,0.03941106192209709,-2.377606143555729,-0.05369911175199782,0.8046702053955902
-1.2142159163179012,0.13538755923024093,0.2951478981467336,-0.5043208093335145,-0.311384414479304,-0.7781810113133844,1.0468617602968673,1.2472047650682474,-0.12387696172967443,-0.6488855187468032
0.5725895426529495,0.6627711467310614,-0.9582780620096755,1.889286887569035,-1.1985392808987925,-3.0945054329291324,-2.1528297526366678,-1.6454012911290132,-0.7848283960171278,-0.37697896730600117
-0.9345246237336307,0.08498465220950319,-0.9101168967243719,-1.6433890238466042,-1.4315717899550386,-2.1535335851793675,-0.026938329462348642,0.05715601680526117,-1.8064636392738582,-2.1713376375805655
0.18056478895562633,1.650492551438575,1.0044046762551018,0.9358898235581719,0.5753163365567322,1.053342957859867,1.1475261904916825,1.2386629235810356,3.9760114255630783,3.0152681298914628
0.7823664007615238,0.608951171592718,1.062356097802588,0.48681149455164574,0.6906211585666631,-1.1599614762923574,1.3640477861759415,1.8801409146808972,3.0879161472946164,2.7170206965618258
-0.1289822957796035,0.3144537619157962,0.7987688653996096,0.2708557118164866,0.4265863467074955,0.27384273633749645,-0.46142596011563786,2.9302898734154033,-0.07201234498510978,0.4715338128608446
1.014097448334714,0.9967067111835062,-1.6575938427172732,1.2637187348838974,0.046370461953375686,-1.2682107882494251,1.2879981947915768,-0.9468748181753558,-0.026012245963986116,-0.2854559340854887
0.06537242307814886,-1.1080229260321648,1.0849451187071881,0.09302150940989332,1.4257097063227127,1.903491744946737,-1.4634427572739477,-0.7424318547274693,1.7478310408205278,1.354108167083668
-0.7063092871118636,0.8444041864934421,-0.1637523297128993,-0.059573571542738124,-0.44418140331575673,1.878052149091322,2.8524029053520765,0.5078999406563498,-0.22629030743247544,-0.9923558954750322
-0.23277940303683348,-0.024754064875139446,1.0419976013077596,-1.3178045737452138,0.8565095462961125,-0.8717618857860214,-0.9845625437311389,-0.18175272389616504,-0.40984637270840363,-1.150794420208064
0.47163012846992874,0.8285546714700376,0.27693320464918203,1.9033330971103175,0.8643926360464911,1.9081499383569875,2.118474675941613,1.1036038686221656,1.9015003903854937,0.7629783848673628
0.6492466169657723,-1.958722734860043,0.3118719225722852,0.1439639102444783,1.616525018451643,-2.0348979198901618,-1.4814314031390312,-1.0818909481166048,-1.707720571845041,-1.7987286098436728
1.3363079471887613,-0.26539581613670865,2.14563201009076,1.774020836133115,-1.1391705094271285,-2.002911585625858,0.24902945112519126,-0.4182451512721198,-0.8915715238807411,-1.492529609803185
0.5175578474753617,1.0537625242284596,0.9662062526818178,1.428728496343639,1.9869505696535665,2.9733579540807713,2.5801603564016276,1.9616729136829532,0.9321835844170243,0.7052425750909084
-0.175922070796495,0.2763116625809387,-0.6451557062793483,-1.2367358178283423,-2.295405913783773,-2.190380310725978,-0.9858285971087122,-1.0242332733515547,-1.86396030097505,-1.9138308866228517
0.23309266264947226,-0.9246270468019261,-0.36889391795176235,0.13050813578893194,1.5439843636942485,-2.0280651333014816,1.7170589194107944,-2.272787394185438,-0.19279166795889158,0.5860887620422041
3.3149905857943165,-0.364558711701216,1.7845925135638936,0.3647330506207535,-0.432014343030408,-0.4241328962652953,-0.18867699157188556,-0.7869769152508581,-0.19241022371594663,-0.4726104122435386
-2.238745095682338,0.08012484487597057,0.8195178429635699,1.1773412014617857,0.9453633521387005,0.16351220942782385,3.1371880943740793,0.9855345662521029,3.127672029711919,1.9313815730449662
-0.5158795498627352,-2.264313462324248,-1.3020613469753202,-0.35853793932781003,0.4587326789225574,-1.4829014605470399,-3.5968789830188994,-2.6202442216618467,-0.6831471824790675,0.2381074345165719
-0.47526052570517074,1.615921896571574,-0.8389723872837739,-1.9554391397467277,-3.355266992477425,-1.0492373247457567,-0.2969957520791046,0.055017695616990714,-0.3040647374558082,-0.6018501039079839
0.41647365537612724,-1.7183400891944813,0.909454888114487,1.1233618476299472,-0.13079173852941572,0.28939110318203204,1.1675469135356875,0.27628555768604,2.5786176978896633,1.5520525059530748
0.25867425559766594,-0.41812629030678744,-0.4355953372978236,1.5032097702350509,-1.0954205119663305,-0.3554165983817531,0.3862764175191872,0.41457049940605295,0.14560205145259553,-0.6955234591280428
-0.34374079710986155,1.0099493926563832,2.2101439081534915,0.3850864287721165,0.2831110538932513,1.580424178137847,0.8568338392613972,1.6355036360905482,2.079224415366086,1.5119527420793266
-0.6418566803358754,0.9082724421235873,-1.1041237864065496,0.2493994428997861,-0.5966185359605926,-1.718347750612173,-1.8372016724339295,-0.7950771260655105,-0.6712826561979435,-0.9321223830198184
0.35204298979484866,0.21607951819416957,1.4030117760586882,2.9417448727556494,0.7130252120087599,3.556726681433206,1.9593163777554572,2.074712095492909,1.4662582449115857,1.340249601470228
-0.868107999401909,0.8777295438896267,-0.2571303280074941,-1.5625913828974436,-0.30608168750683606,0.5821262306545872,0.21331757430964826,1.0263005814755553,-2.8767236660345645,-3.3962145369950214
0.34701229913349524,0.7444840858740975,1.2703958070216619,0.8158481737194969,-1.0225419094970227,-0.12131977804641737,0.7742224252994692,1.9611168186101038,-1.501082816578485,-1.7100865279163813
1.003549802106776,2.0737196700225264,0.24688827503341315,2.709539886982513,-0.7106444315711122,2.4907002172715096,1.868626995650701,1.2565976612799683,0.33600710504600106,-0.34243229541382014
0.1395017789708394,0.5327587773016753,0.4844102338660186,-0.27556158600113995,0.32508301971300324,1.2952659685600332,3.3375064323440977,1.8814975491731762,3.361891881337675,3.095226155058086
-1.0937685566993944,-1.2292345747539632,1.0501029591484954,-0.5724614134185746,2.2233537257662186,-2.028089049906828,-0.4899642900094633,-0.7034257669472157,-1.8274629274132996,-2.1383120033532044
0.4974173095175883,0.004344988211538384,-1.3109963721449411,1.2643539526826322,0.10277484994856811,-1.9422581571260897,-0.5933744213215636,-0.9291007347061425,-0.4046781285534413,-0.6978193062374192
0.139845978519946,-0.7684175888389886,-0.7838256745625305,-0.16167951163843636,-1.0199401151046192,-3.432600067403131,-2.696433226550339,-1.3413513993323043,-2.046854694672405,-1.8451959807477663
-0.2752578789800435,-0.6926769988414264,0.31322408918045375,-1.5393776816794582,-0.7190019550464916,-0.14417198015915378,-2.451694108120944,-0.9659626292256489,-2.319830063655275,-2.3708030825539583
0.7120664126938706,-1.0439993060320216,0.13405503128150237,0.8331123259197492,-0.7880470027490988,0.6211715585877886,-0.31402942729407535,-0.4609943929930512,-1.659122053920334,-2.2067090996176684
-0.11990502781208992,-1.4832446459656115,0.11130909129409154,-0.6397458156308145,1.3307397859002512,-2.36912111681979,-2.4437445529626665,-1.5755322330578339,-1.488816926863488,-1.0805919603731813
0.01851019964011284,1.124509805821963,-0.585646530932927,-0.6860276245224958,-3.1537361855450534,0.41614719607165596,0.16225808837162847,-1.098839050432393,0.11764050080613092,0.14026586689988846
0.401515938208791,-0.31403731161700793,0.5565726873729918,1.7681423920122823,0.6127642365962743,1.0527754059702852,1.2253337144726748,2.1317101239420206,4.186669201908738,4.08313105025152
1.5635163175991686,-1.4460458466588555,-0.8598073643942045,1.2584485930228322,-2.2308062063245875,2.049013463303046,-0.42398764389131716,0.06978372174927605,0.08531852989443717,-0.6347297715454656
-1.7506652512357304,0.05060885962369634,-0.20208396263462952,-0.7988999760154764,-1.59125122249687,-2.404572178129837,-2.271491112894633,-0.8747888381678521,-1.960384089052386,-2.1047822076927103
-0.3077965244377977,-0.09184835744572659,-0.9032392943784197,0.31937085781443897,-0.28487610785065065,-2.243666935047584,-0.25045131919061336,-0.17717429140064456,-1.9909685469563667,-2.6894534186577155
0.5820919483984395,0.6540958778183088,1.7128913752173487,0.7289559599662558,-1.0206079665743466,-2.1720049190081907,-2.1329578088361396,-0.08526752640559154,-2.2192365977395103,-2.911764692262065
-1.2198333976825901,0.6927855769582121,0.8057047132054521,-0.8258481291239603,1.987884799532777,0.09870968168744709,-1.7198301261003395,0.6399341717259708,-1.1941771862479813,-2.3803707683926394
1.5126875077810666,1.3405631286876807,0.8441016793581642,0.8624384441444226,1.0549263868097862,-0.07919441670811275,0.5602450282441327,1.4784976340053393,3.9028227554916657,3.1515838564844683
0.08148307959148227,0.14807142263791345,-0.02118929397404292,0.8532594834069473,-0.41716518702388783,0.19801755850700775,2.0642240458825203,0.25257925959013644,0.735457026431241,-0.16120860167054218
-0.11041621986676904,-0.43449733695440124,-0.28746361025045386,0.38420709941383424,-0.7921685418246336,1.718274857494949,1.115351490127745,1.346269958781577,1.8428236896332082,1.2825224573761835
1.0384093167706334,0.9793711213973135,0.9654094006479973,0.09777269120703269,2.1866808615315816,1.1104502704046941,3.587069869625293,2.1920268216452716,1.6044972354377594,1.6213183409609218
-1.055312831323376,0.8122820061640519,-0.3894605595014181,-2.215937812730037,-1.6286825678852235,-0.07583824227751879,0.7892704053144919,-0.8878782571925916,-1.2862140734959517,-1.4706643991929953
1.2557505517459067,1.354717521303709,0.39751161725359313,0.2147697496918507,-0.2796727091707478,3.419709452908821,3.0321988079204703,1.9351649802501982,1.4403433520646387,1.2871168355637246
0.7818252786173,1.746421288810703,0.9159601506311332,0.2953593771705407,-0.5015638133015292,1.9842632513637952,0.8027169797604008,1.3625954084985692,-0.07286939780151391,-0.6259296479639822
-0.0402952520644774,-0.9145777751642424,-2.482947517208463,1.2414349862162686,1.8982201157055627,0.5464735947920925,-1.6216345897349345,-3.70318149302018,2.818317384810623,3.420114555085366
0.5746062318856208,-0.42265056264122774,-1.9677500169069124,0.7247103008224625,1.0165224955512202,2.270570534524501,1.1008243407693294,-1.5633986105436048,1.35579995760913,1.6436186025319985
-1.331312387904293,0.5681358300171588,0.15964805427202497,-0.4793064950911007,-1.2799145346651908,-0.6994170245212912,-2.212383079474465,0.005018535290334802,-2.5641065901018525,-3.06868757129764
-0.5656026113170499,1.6619448489057023,0.9926425085071312,-1.4041170904027358,0.09001489802547624,2.5484562636813015,1.1634616346661129,2.7592765765518843,1.087751219351946,1.5737842384649765
0.43735106026211507,-0.2257915724119313,-1.0332996204045168,0.467098976431647,-2.294671015256398,-1.0009690339523423,0.12011626143657861,-0.5153472510399412,-0.3879461640732537,-0.9561980425718303
1.3286864823511557,-0.3581954689967856,1.761910042711944,1.1937521567692626,1.4649408789224174,1.4171330291158815,1.031816723030892,1.522402617882631,2.6308396286289915,1.9438560029939869
0.4618774336950782,-0.17192621372173472,-1.1534393405751227,0.5798061677561538,-1.5746624928076427,-0.5132724666435939,-0.12489974453069391,0.01964112529235207,0.30256495823745644,-0.3600941020626428
0.08127879209424108,2.049484799645579,-0.5296945507199549,-1.4090569117762262,-0.9605153378336341,-1.27323103007413,0.2308453537117024,1.278643972139459,-3.150662169975106,-3.5349954363725615
0.38312579374891015,0.2170315091494881,0.16859168201789695,0.48348754508532876,-0.06078672756421971,-0.6634834442539664,0.7307172614960419,0.2004760548599473,0.20052090287912339,-0.7368847628352768
-0.013491641679527693,-1.6897849106259517,0.7748530137608982,-0.03349254270154457,-1.027220992565315,-0.907377064777016,-0.5395462125901146,-0.6847120191937544,-0.7346408684612001,-1.058229560555144
-1.0502630229511494,0.7181450319629179,-1.8286928550622237,-1.4276003664288464,-0.7151907000381382,0.8642906532870472,0.3173170629849096,0.040017636582504734,-0.7598002735513221,-1.2127446067642473
-1.5050870488268846,-0.2031169280054174,0.6562411227916376,-1.944719242193122,0.7692238385112947,0.19274737167005285,-1.207435674105471,-0.23425123086009875,-0.4267889802798313,-1.12401967753693
0.6262140535517744,1.2755293940151924,0.30850948640472214,0.48195937639010206,1.2282246487729847,0.31542230801325577,2.8294827600892583,1.9361555033516116,2.7252050904020613,2.448904275392375
-0.2503702976984581,0.036090204748671646,-0.8466608795050389,-0.950278508337766,-0.21542116340538697,0.6508009999827835,0.3996711833276816,0.6791743691716776,-0.8743134748195012,-1.5561390978399876
0.3695883673188445,0.1758122123954702,0.24220281657336062,0.2957245492280849,1.3767019095768898,1.681324846612965,0.30004903817662265,0.13248608173300402,1.7790125490137103,0.5856513688933351
1.769790910196989,-0.622626251762333,0.6445559704678564,0.6312472139059017,0.8559957095687224,0.6942430998095125,0.9305543503367975,1.0736788537209108,3.2891516766023816,2.222510699712103
0.9851610412026407,0.5573839519042838,-0.3204021896720744,0.7856218426307843,-0.8710010628752647,-0.3211339117975919,-0.7280167931935818,-0.30109009665287306,0.062204491584699206,-0.5659267222677927
-0.4990412193255396,-0.807908969255007,-0.3444498203873338,-2.3595197027995356,-1.155683846070342,-1.715573023134735,-4.231275761931444,-2.1373042751605125,-1.0458872905328707,-0.30871070279761703
-0.953922857832321,0.4546684669748072,1.7659863110375449,0.18083405095388738,0.424169304622371,0.027089082832214784,3.5760988812767494,0.6139283077621911,0.9434426208306024,-0.12817294845320915
-0.7721116538791085,0.8124732716477484,0.7390042085314265,-1.3900445625555653,0.8768486961891606,2.0396241259353283,3.74556545820674,2.4098685423661284,1.32163919062535,1.5529239748709096
0.516675368564144,-0.7599584385847928,0.3091702533473521,0.8125646667448547,-0.020391822619944655,-0.3709497478981085,0.9355109090499389,0.4714388656120527,3.371109606332684,2.3314412494555175
-0.807690331326956,-1.782991283462752,-0.0795852618233713,-0.5353950824284279,-1.401178035218942,-0.77356683063135,-0.13619136245026842,-2.6559915885017302,-1.7269035903097796,-0.7904921690905446
0.992704103651127,-0.4607678155931693,-0.4646240744057295,1.8455009690885031,-0.2656443642223105,-0.8110441579763992,-0.2232626369733352,-0.5683485095625556,0.31386739420599546,-0.18331131481258478
-1.413814008571032,0.7891834285669279,0.795559117855822,-1.2953089035520948,0.3926515993842623,1.1460069244205164,0.2668341812048055,0.5917083117471562,0.5788132076019361,-0.25355262476481244
1.595844994553103,-1.0009205660231808,-0.7918461195091024,-0.8832361564630917,-2.099185646197724,-0.9572894275554118,-2.17575739608866,-0.47303971950600343,-1.4673257226278178,-1.8751193573513198
2.3049589829056347,0.39731514148254393,-0.5002635954411002,-1.7880600315849167,-1.6136340403593832,0.08483234161427812,-0.11336967468564618,-0.5840560803278838,-3.032009378177661,-3.374310078960263
2.2413529899552787,-0.1004183369361553,0.08346092368100648,0.8750145669005766,0.6763740409992257,1.372617031256189,0.5901934750480378,-0.5712313161006963,0.7871759160528502,0.1013984564775884
-1.5621883789500004,0.9915271601511157,0.6781141105987296,0.584189454847777,0.5190406098791689,2.1939956423734595,1.3085101163674975,1.5552989518440632,1.4618283683959712,0.7820910430122158
0.13271479828248195,-0.08781560694039717,-0.24177757791150417,-0.43155838389765666,0.6751101708571825,-0.36274401385479793,0.6567894089616936,0.03765052532412891,0.7373310079892632,-0.19917893065518322
-0.2950961692778294,-1.2094545248713884,0.793606190040555,-1.9385130220279425,0.8377452079026165,-0.8906303784826832,-0.40404037268075677,0.14404859823789584,-1.7328283118303258,-2.569195519201556
-0.3307177590800254,1.9359302834028602,1.6752052694474964,-0.688315446320628,0.10005244412821424,-1.752649648943017,-0.8035252824321362,0.8094330843592787,-0.9479377367378742,-1.7450038958619791
-0.5100744165355716,-1.8389753945853604,-1.0465208694221433,-0.9209095265473235,-0.17682717868461462,0.3184153822964271,-0.6801035085257673,-0.1007288206216761,-1.2428382381548524,-1.825618113738218
-0.43144167557329144,-1.254584418516493,-0.3987129771544933,-2.2000728949757087,-0.13140683547767573,-0.8038436172639827,-0.5372095819935776,-0.799609843680836,-0.5089839013885034,-0.7292435902711012
1.0388434284751535,1.9814230039960077,0.5318956332539221,-0.5821775970082138,0.6848199643105152,3.411328260100727,1.6450864791424138,1.2752361736461404,0.5505459520520196,-0.1819455031525158
-0.27972699928469924,-0.40971487080323366,0.39692295151422347,-1.2959195801843548,0.10934022478668015,-3.3720305849549623,-1.1733057974656993,-1.8912194714565065,0.4437304858333293,1.017314720992765
1.270520635864614,1.3728021217662574,1.3523933356977307,-0.9638682089910638,1.0204801157823513,1.9627770961967381,2.6280820470692277,1.834081559569625,1.7624947001239937,1.526936059878114
-0.971980946376262,-1.2999964143442246,-0.46322801343468273,-0.21928614930936619,0.20077751974115177,-2.0598582248759754,-0.011713838520814424,-0.6613214342295757,-1.5043518457714236,-1.9399187542103533
-0.4815576798742969,0.15699910982142956,0.9492672876646446,-1.9677551519277243,-0.12080838445636843,0.024341585481022165,0.02585454471777765,1.33699919786468,-0.354014117172896,-0.8247170643561273
1.5731745773887114,-0.20181095465608404,-0.03660752733625353,-0.4749378419773681,0.217284918674491,0.6049015673420237,0.3206091252596779,-2.439865727458127,-1.5897718167117807,-0.7311196560176442
0.803326773363934,1.097456114426198,0.14812675501479167,0.48836396496348367,0.9126308009637736,0.10187360500172793,1.7012129781405698,2.2173904821090398,0.31013671083622674,0.28081537583994676
-0.9007854705397028,1.3238929053257484,0.671161072686474,-2.0486614039619315,1.8049544057132516,-1.5938876738753684,-1.340243455368356,-0.3632895912904308,-1.6874989915707976,-2.2653651792770177
0.21203411806343098,-0.00035863842730300504,0.7835093100758168,-1.0632458194640013,-0.804164831302325,3.072528065485586,2.5140804497310656,0.9411712246300237,1.0135145764674984,0.5362914171253943
-0.6010099962848928,1.2386609120226002,0.15435007193455091,-1.133872498608224,1.6748944525183473,1.4677736570441562,2.6194689233784283,1.357564665733162,1.039330837984112,0.45170665257813014
-1.2436932445036186,-0.6616972632200245,0.8438598128770856,-2.7940480188854013,3.304073201809733,1.6795232360124135,-0.1868687885576051,-0.6825918707947678,0.11935799263190106,-0.24212334054252382
0.23739541346131643,0.059540420975980037,-1.8751510181999884,-0.3188703098683067,0.34600116691020644,-1.470992551638776,1.489531998944571,-0.506781344639808,-0.32403641490710205,-0.8915084567945063
1.6059962706663944,2.138341804730486,1.058571513234389,0.6547543407632497,1.8413937220007246,1.7590979860998313,1.7265763243271355,0.7403472309183716,2.810891747532022,1.4420107465333603
-0.600657462238614,0.18343554607584336,0.32773043463561413,-2.512757886705068,0.08150838450547371,-1.1214089121582287,-1.2699733231337553,-0.14130992216782218,-2.0895706748771,-2.6844206001655735
0.20214955886535768,0.14020046208559014,-1.2566564424015487,0.004266203755381726,-1.265446779122274,-1.4805879106916175,-0.6810269561550676,-1.9894926329442268,-2.3059906282819647,-1.6534915570084006
0.24624867834555808,0.8467485079901802,1.8684132881734086,0.5461885144481122,0.1693960810098638,1.4786488230726522,1.2353023349502916,0.8720921637806576,1.1039005573369332,0.10377585080944629
0.599644937206944,-0.1598362714270445,1.2097532360060546,0.1985108221597338,0.9711787385893622,-1.6999492882973928,-1.0787712895189485,-1.589533357332606,-0.19659153340910013,0.1324310096262189
0.7547520140464284,-0.24089309153863997,1.3622787232207425,1.3065494711282255,0.9934447356420905,0.6894967274984216,-0.5135086731013419,-0.7457135666107311,0.7711616197273676,0.28191172339492815
0.8262899834505936,-0.5115671976711462,-0.11194062884867279,-1.5074947992909749,0.02138648161456394,-1.0667949496928428,-0.7516748138172217,-0.9573048818355806,-1.1272950110706765,-1.249332061872404
0.12083355935752611,1.3671856363177213,-0.29233808499447944,-1.4750582691784813,-0.4751391893455704,-0.38402259863748694,0.924489395383889,2.697995334780545,-1.0998062708100635,-0.5946461072860657
1.157273958654103,0.22095298890494597,-0.24708277903164877,0.3237102993493971,-2.45793525559223,2.0540457891234296,1.5540374533222348,0.7707896435299623,1.3543448727497953,0.8171095429764218
0.2640328984662769,-1.6317542634875501,0.9635639497540581,-1.120477654961922,-0.22418673145205048,1.256238115292854,1.409101060408393,0.7633129460744514,0.5610852446492467,-0.08188375255922842
-0.9434068618409357,0.0009155428914933035,-0.7523682905405421,-2.138820941647956,-1.0778400570144873,-0.8802424264722779,-1.9441331919649374,0.10138930028774018,-1.7586607762108468,-2.112407298572009
-2.0870642389926726,0.5539656435994647,1.2420577706809646,1.2341254762125544,1.5665102309977603,0.9545282722511772,2.32873335522943,0.3413629445029699,2.5047056330093525,1.0430670333955872
-0.030919253162319565,0.955102979846476,-0.12587932370822044,-1.86733996715921,-0.6821630999680144,0.6460078493264594,0.5140685133017784,1.016733033769425,-0.7027610987722662,-1.1275474840400683
-1.1608433415494042,0.9022995292590609,0.8638884860798275,-2.647007812826391,1.9421103549450507,1.252248427646542,1.514401711669414,2.1191854670170267,-0.1002398977038135,-0.12265086168218162
-1.798805963730174,1.3789769751049672,1.6740569748002703,0.8196656525414621,0.10097924734776671,1.5447591508697875,3.0968671618290733,1.3907824450646897,2.260801409000986,1.5151201147525017
0.690763690804267,-0.8356735507281113,-0.17155176617484114,1.511092927669487,-0.21131951208233973,-2.618449953987089,0.9478418178293219,-0.8272712758931232,-0.6360184802592168,-0.9228069587337648
-0.031156717334818836,-1.6633472404804917,0.40667159278631293,0.42296127231037633,1.6669673742194602,0.4901627054729548,-0.9495287065867688,-0.9039237793406251,0.13207581949405375,-0.1530308810617273
-0.49256683887813024,0.1716332548426599,0.5186964214537978,-0.020387397810827212,1.604284052928338,1.3312313324892266,2.4161575530873423,1.2757695194487888,1.164790098621633,0.3718314651089215
-0.6155971749619538,0.6938656902112618,-0.8991214811409406,-1.7311237549073613,-0.8907400544689772,1.566354786832106,-1.2792661315383553,-1.4459721781875912,-2.349880651878502,-2.067605598234884
-1.0249070864607248,0.19186113082468162,0.11126441236044397,-2.4157832831761463,-0.3754288287758175,-0.6075252349066393,-1.5497467716762614,-0.8853107681807204,-1.2631020632809165,-1.387824898214057
1.1219079519059043,-0.11736278140343094,0.650425481118329,0.5935059017057954,1.1784636677263411,1.4710100760541178,1.7515904257665977,0.06574008222513034,0.9771404915379616,-0.20224253734116038
-1.7582824191427837,-1.071169288526631,0.3276688628344652,0.29494659433354736,0.5435980468426188,2.3091372932605414,-1.394189242436159,0.18596488552243307,-0.09793269846152075,-1.1815161439496302
2.019226319895426,1.199530216927754,-0.18513116425082562,-1.260662450676979,0.052548475455048704,-1.1898289478472335,-0.028954773038434023,-0.04805853853691666,-0.554484241932132,-1.1984131432154301
0.09164388329781917,1.6524600472224624,0.24328061773194437,0.08899657757054664,1.722556282097417,0.2416423230948186,2.049621558092724,1.3125076328561929,3.089561408811613,2.320415388092896
0.5251064566545616,-0.8458648345986256,-0.5142188013987758,0.33611346527584696,-0.8307100446715249,0.17035672125288226,-0.6500132066279596,-1.1908815964801998,-0.7227268210158492,-0.7067170254931828
1.0837353989197134,1.1009600059050662,1.0323105686942324,0.005795522072951864,0.012799099122912994,0.34081750432776314,0.23767556913335797,2.9713400184323024,0.13342383582326045,0.7696681177019787
0.5863630005155013,-0.8241239710663832,2.5844299762153615,1.6058163661821454,-0.5167911537106975,1.2724386089803215,-0.7081853434793621,1.188956113691239,0.8838537424618493,0.12771818307391625
1.9376290811726355,-0.05680156297851438,0.6874253298068863,0.6723757086196593,0.11051867473446653,1.2987437166484155,1.5687404129048614,-0.2479011974702704,1.5682172557866085,0.7408597371175933
-0.1879855727165851,1.8135974496761171,-0.9580226900672267,-1.3986479538734304,-0.9036220433816201,-0.2977128963132112,-0.6871842861991155,0.5392872707805115,-2.436004165274806,-2.8724448123617137
1.6046956890878432,0.23232131070877735,-2.787050779016718,0.37140874693765563,2.141463898601023,-1.4011744986690915,-0.03254723885247679,-1.5384476191073557,-0.6385065253989647,-0.35981464477027414
-0.43209290054474,0.6381210996495355,0.12897131195254266,-0.5356190532857205,0.19800177139576983,1.2192290472625613,2.0907077849042865,1.3513837011207934,0.37262160727120874,-0.238455832713715
-0.3215709568626265,-1.9610500645135458,0.013745756595669659,-0.4012864516676228,-0.957529227424238,-0.3652260159344318,-0.07567646912111614,0.7760309312122076,0.05512289690170924,-0.5099560053219372
-1.1787542254819958,0.9176461283178265,0.0814394201154626,-1.0545463093645637,1.7185755081933676,1.381071413558449,2.198494087100207,0.9812073007474287,1.0566653623354245,0.1345744584470939
-0.8553663290879872,-0.17342442665400648,0.6725364295934969,0.21668920452591678,0.025585224963748487,1.7022412157914004,1.822796444806939,1.3329676215516353,1.4538650561741724,0.767283516771699
0.08422035222743667,0.5460244333737654,0.01488627414637131,1.5337503156561407,-1.318907749338978,-0.3574557758647589,0.785176506802955,0.6233964020749099,-1.0124603688851834,-1.8163392725354548
-1.2441147276965137,0.8696681571472488,-1.033919004791354,-2.114205693790991,0.22251730065935116,-2.4240659849182866,0.038691369199344905,-0.33029214565017073,-0.4393874418147511,-1.0210799093589524
0.34839224323715506,-0.25108850718330933,-0.4012455785508016,0.6039576306748916,-1.2170929848330234,-1.257650598687217,-0.5728061198741385,-0.9644313476819044,-2.0355517379347674,-2.248736722463378
-1.8025805308970293,-1.7078122805585385,-0.1046104605253785,1.1880720084889733,-0.5438857100991129,-1.7753453252911893,-2.049779839541287,-2.006747045671732,-1.7548450919327365,-1.086574587412944
-0.6143560859548837,-0.6194988754123383,-0.597179812231253,-1.55927105451901,-0.8350173259546881,0.1482121949263367,0.2883089166753082,-1.4012214108821155,-3.1580584370915483,-2.9014580931934946
-1.3027727042725683,0.8092316198361509,2.3709402409494116,-0.7064855574991357,-2.2019292670679027,1.2129557239249777,-0.001392331172197503,1.6302996733713238,-0.015758432145076023,-0.3488998777767283
1.0364287894784716,0.4236344039189704,-0.1303406310559688,0.7641729413203988,-0.854123953873884,0.14270636430101885,-0.7099978822384789,1.143659583907721,-1.542655492545046,-2.2310105726002147
-0.1614207984233562,1.711969336053827,-0.6043051635370643,0.6614676851738294,-0.24056542893291444,-2.075024586690482,-0.9770131310782048,-0.26358459480919944,-0.06202104747894574,-0.7712494706466448
-1.189730043953328,0.27306330053904443,-0.5224073805994518,-0.6219219932196577,-0.3257088415849045,-1.1659838755301661,-3.3278019179618994,-1.1598188599391666,-1.043936203388309,-0.9047801011553491
2.0052893853678944,1.9140580918496104,-0.2902962395327553,-1.5060099032198184,-2.1740757573450873,1.3082191159035519,1.877955366289525,0.38791529352414483,1.5884356598000677,1.340521039707345
-0.437218391343544,1.498711016018725,0.27460465110717286,0.3803130303263713,-1.2259388398461013,-0.42624831895540766,-0.22652798145154263,0.6170096158906634,-1.0690270766334202,-1.7190625705663392
0.91194694932171,0.7036503680777508,-0.027683542186519108,1.89447248937793,-0.2572439132118602,1.9396037948280225,1.443055998258612,2.1437115740624324,1.2411968435378642,1.2705712092474113
0.22374338462600651,0.32328292057674585,-0.3483678710715496,0.5067423987974663,0.06747435695475112,0.18551805717142356,0.2103609080457191,-0.22159187977405997,2.3917143155143465,1.5832951161810924
0.04583859973867904,0.42215034157692716,0.17035867811350602,-0.31725422681717,1.6359027728005389,1.8710740194994784,1.2284163567723396,1.5657526348409812,0.6449200359297412,0.16846573566058132
-0.06645351163825693,-0.8975828769102594,0.5799114068255234,-0.10106063741542406,-1.2510932684234153,2.5581559177372877,1.363805211556195,0.8942443611367151,1.2719426186013307,0.7026383191083516
1.2824590198165717,-0.38915544604401325,2.188539457696674,0.38698815996177693,-0.8506597379681297,2.83970973976495,1.7859892773524106,1.5007518077729898,0.6506900980818144,0.1665223062012186
-1.0495885236999298,-0.4826026150087415,0.5213167739683197,1.1890341243700924,-1.042432075789494,1.3019024428025279,0.16771850720477766,-0.534354040575852,-0.06753125023650319,-0.5961568188443702
0.7354348322624146,0.20974661396418856,-1.485434774925012,-0.2892892765377644,0.8480581630785937,-0.29050599515951203,-0.8070709470417294,0.8680160474763232,-0.7409578118672218,-1.7725080795703503
1.03982481965225,0.6434472807956696,-0.0703966120049709,0.8168315862378138,0.31075239021564743,1.101287587914896,1.1177955176853394,1.2664723907871522,2.413955696224624,1.52799710465401
0.3763956053147922,-1.4624088532633708,0.1740550791951617,0.3163636736167214,0.10130588424298073,0.8036246426191597,2.037170804230964,0.5254585878783872,2.469742877575519,1.470497420265103
1.6029375061710023,2.2728281247248647,0.5894239661038745,-0.8630622923551445,-0.8783954079140557,-0.7580177897208383,-1.3700402636045246,1.380707394721039,-0.9894582819075628,-1.363487613759727
-1.4545359806674412,0.6592357221546322,-1.484085762572277,1.1794947655087138,0.8871235977488666,-1.2497636628164501,-1.3508075628998872,-1.0235955797259182,0.4900104191030599,0.2745068366119752
-1.0572543748595291,0.9498751313589568,1.6295596160084027,-0.7468221837079101,1.0691135417269013,2.9688934671076184,2.8762238397226705,2.1047438032158263,1.6075634896344577,1.613849896792369
1.3575369300446498,-1.064779056248746,0.8520814419304914,1.1437482136989967,1.035342682720809,1.3611925048292701,1.6260578630004925,-0.2083807017136185,2.2137585392816046,1.1933029396433592
0.36287698175931343,0.8928825016050697,1.7590961295370957,1.1498943840788756,0.1914033850111588,-0.3644777242139645,1.9098139817319812,1.2746163529290007,2.969637515112197,2.0967601201205746
0.6617037120103446,-0.658285812776882,1.2213534434612805,1.6332356528740326,0.21844438228270235,1.5042741094354484,-0.7160783186736508,-0.9228900683638045,0.4384154976130729,0.12808841964520457
-1.7280273531698518,1.3556785223267662,-2.058372675255615,1.4668607769358624,1.5444531423951142,-0.4169131724753098,-0.03317426913608934,-0.13155167941891355,2.01350101300764,0.9093106527210553
0.31602968226571304,2.818899073018674,0.4839504548415957,0.9004506492147596,3.9015404031677194,-0.39373365789562587,-0.8982590636178974,-0.6826236974504861,-2.7752542848015365,-3.2657576780621174
-0.016170265832521784,-1.0630415648375107,-0.06744059700278904,0.7342257363011149,1.1270707433028697,0.6794206001907698,2.0000106531236,0.702515027450825,1.5150953168337593,0.2053598155853582
-1.0168715901435827,-0.20225552867300775,0.48103147036007854,-2.8389646592419857,0.374116736631388,-0.5289303551089442,-1.0990144263804549,-1.2465967830133777,-1.970458601881384,-1.9494489579912049
-1.3402193703109568,-0.4204329430818911,-0.273816927972825,-1.079726725686713,0.14727939320311212,-2.028091904241993,-1.2391330231256605,-0.8100382983085,-0.15302895370930936,-0.40607401838857504
-0.5090880684611896,-1.0738992606975937,2.357238969806669,-0.6093442836795157,1.2401734881563602,0.7831810460398638,1.6028692845904073,1.655626815686065,3.0147782814555413,2.6269356126850876
-1.381465617628316,-0.6568254135375138,0.2833698762400826,-2.137118178647998,-0.1496942434833684,-2.850988575890678,0.5222365865184406,0.056890577423301336,-1.0796293214109547,-1.6288401083643549
0.6904210062902149,0.6140943055693632,0.5872919494836466,-0.7201451263335299,1.635881628776218,1.0654050066714829,-1.7315927308193313,-0.2651926982291296,-0.6204700761730769,-1.321420529246909
0.39359713235171667,-0.14914511723429205,1.0665385444600464,0.28761987199343547,-0.16773683351877255,2.0068661302431554,2.4393325874403855,2.801363572671943,1.9838324997114911,2.514792156190916
1.0815163779305377,-2.4675829908870863,1.199332291887853,0.46266520825157487,1.3185988356581553,0.21690304352727774,1.7973039815765257,-0.23180015429428577,1.2508310884657623,0.3266823967919974
1.9630698377561855,-1.797000313507798,-0.8395906739029461,0.23809024677495294,-0.9969432750958196,0.7846235767868123,-0.4605844422200084,-0.5431250189639436,0.33700382625820025,-0.11226470239545017
-0.6907929707332897,0.23347545068340922,-1.7611104896229255,-0.9389697582541798,0.4924423440683714,-1.5900944363546157,-1.6553941805601307,-1.7598706351635736,-1.4029606238438792,-0.9041576966167963
0.048278276398453085,-0.49531708315498973,2.168119638399504,0.38689123244902235,-1.1250642226365526,0.9651786096334997,0.9366672184098664,0.36112637081036264,-0.316567116323951,-0.9858622249834361
0.4341457762189267,-2.7038266763913668,-0.3639520216113522,0.9085999973276513,-2.2390320369303875,0.8236238959986961,2.007674392269467,-0.04963746946499936,0.5481949016543156,-0.16393510113827925
0.9051177619357921,-0.5469317938200641,0.03360752448044021,0.03314160527852594,1.5161302540330004,0.8917225002825322,-0.22300965307563386,-0.9015223524314321,1.404782156449231,1.1681689268496145
0.5887917014571108,-0.540271340481765,-0.16268376677255422,0.5145823647903642,-0.29657528391741006,2.5772155735168556,0.843202091516888,0.5474365107407658,0.18707823200677742,-0.7174426367816988
-0.5937121898156607,-0.16250573572798252,1.8334698934182438,0.6364678200527233,0.128149548139518,-0.08557095678447468,-1.070709767573707,-1.0928547522492098,-0.6279894444051801,-0.788246140738585
-0.8377892227553817,2.131227707278799,1.3816029736534887,-1.1955295621794602,0.17417897709469377,2.5892512984201077,0.3668126316951421,0.9512902621966298,0.679146505442729,-0.0384092999201634
-0.2612763328082722,-0.6292826230676528,0.48735348571384424,-0.15023862313448744,0.9218192019277478,1.7828904444976312,3.060244395663891,1.667884879595403,2.0176780616400896,1.5592091320391326
1.5078102251492442,1.2085917560515178,1.0178820856171331,-1.3193582398044388,1.4018820214288226,-0.20765673321421207,1.1088734427298794,1.874355239960532,2.5729281520978584,2.3838625552446113
-0.025969057507909857,-0.035670404149657844,-1.591559599759865,-1.1099411661918224,2.223736237033245,-0.7662001652397807,-1.6022844504186196,-2.561667641092879,-2.0509613232176944,-1.1524532156113219
-0.8215528443268625,0.6237729692354995,-0.3393693470692887,-0.42658924763751027,-1.4447057266061614,-1.0752976854571656,-0.7892352707257904,-1.900795163650221,-1.8593321671050802,-1.2166557714846735
-0.5969820273971771,0.5776239380925725,1.3799456447417873,0.38177225686518657,-0.020727637737865456,1.695532877061246,3.602295254456193,1.9396890591956568,2.2685700964507367,2.035213470687845
0.04604028551394152,0.33692628122130713,-0.6201038810659043,1.0710553953671618,0.40706187393544635,-0.8879390089317837,2.9178781763999853,2.103505036357786,3.1262946258387516,2.9507146737591645
-0.005645748757875669,-0.3960273684090591,-1.852415097867914,0.7259677131790458,0.7963672074562462,-0.6626643026261987,2.1284215090408742,0.7023869474307494,1.7776538710249419,0.5349361413238576
-0.3134048532694285,-1.1357725820748699,-0.014434023857335682,1.2205272346002354,2.1769434642996877,-0.5489178740508951,-0.9231669418547137,-1.2351404607645833,0.0787524946053629,0.10274311452465618
1.2583459348950814,-0.11904252788444179,0.160961957793864,1.115997564389612,0.8115949231673043,0.593612343478078,2.0574830739080032,0.028639362082025013,2.6756657980252085,1.492494144322452
0.47339437460892314,0.014357539375570145,0.7082150975604998,0.6527565931587946,0.4888745608490402,1.9415492883254792,1.820028047396714,1.2213302640270696,1.5801581798965112,0.6478957334126283
1.3145106657686545,0.10233001736579714,-0.5097850698744623,2.448490291845234,-0.46072138735391927,-1.7660945206291154,-0.9486824829412943,-1.3018559775570124,-3.0949541795740547,-2.915785655296766
0.05907715225768649,0.9492399220558078,-0.30893316702231294,0.3365678802909252,-0.7602760398298292,0.14261323101598522,-0.30629074921282007,0.20181714845920756,-0.03454958608806191,-0.7567514778437939
1.2430073542203375,-0.14654426659419598,1.3928730504522862,0.2855564857540307,0.7479816310729015,1.613990097071115,2.6212813102331483,0.4347887882167901,1.7326121977167546,0.550084374859947
0.9194252502836853,1.2541616272938214,-1.2375743298828867,2.0613295525003554,-3.0822069503904395,0.17469546270210823,0.5239285522895161,-0.9321146658881507,-0.7908951806976486,-1.015050477796063
-0.5256397140709635,0.6399586499317779,-1.1772178658127765,-2.3715690753051692,-1.800366165291724,-0.7811622383539478,-1.5611082470009343,-0.6661429274897009,-1.6865239444302564,-2.0212988312897515
0.1587150693948506,0.7767023051421676,0.46766993007087543,1.3572130357143288,1.639482857822303,-0.7217913079974143,-0.2598549685410545,0.5132432773436346,1.0837139162110856,-0.4333798714700088
0.004026477723457807,0.6361968697398789,-0.8088347515288378,0.3204800426754429,-1.1447780974771808,-1.5555141252801916,-0.4227404359560615,0.7132762863687746,-1.0710797275639978,-1.7254014908036073
1.4649114295589167,-0.4662210292236169,0.9516176667456083,2.1676532682272294,0.43526150335219893,0.4978186691889652,-0.45294500023373835,-0.5663653500011009,0.33150891633751634,-0.32831435308933005
-1.442899847524792,0.9767489213405547,2.2736739005191975,-1.8797705597454912,-0.04988127957939792,0.5206685864806528,3.802008781088425,2.643560704631483,-1.2677596418376715,-0.8340213890733149
0.6412702399001009,0.007744225303719291,1.7656767305546837,-1.336065974618685,0.8840325167611144,1.1254416057043852,2.2038343154054307,2.600510949847953,0.22693356333955417,0.6148810874459644
-0.260008989889319,0.16608382707905742,0.1981353041564111,0.3717279231654074,-0.18222543527904989,1.06220536174511,1.2885224320186393,0.19666231315691265,0.3695978678945653,-0.5106362014932287
0.45334784831235314,0.7227884888255189,0.02747501183033554,2.0580822264403866,-0.8297966507866773,1.1224271385031015,0.9410787244831531,1.367441511206282,0.46842688628008206,-0.1440763946360754
-0.6256027805420624,-1.3852220162101165,-0.4418763638813399,-1.742792031141395,-0.6223262555672289,1.0771692712511869,-0.2580486866666599,-0.20269239246169435,0.5053193422821014,0.09628885753073702
0.3822701602735182,0.8110416167914215,-0.7377649566734971,0.788339333625017,-1.280344080428174,-1.442308533851382,-2.297870875389928,-0.5418915063125215,-1.4698668294513402,-2.0008587476920106
0.9077941483844971,0.3032942168051328,-0.25281632411827604,0.806124814338501,-0.1064294551302225,2.131213662658644,2.041870479811194,1.2923841676384624,1.3201102188164193,0.5751758183287293
1.8128720686196844,0.44629043838506866,-0.49093534712034487,-1.2946408942549463,0.15285505637237673,-6.203289267658896e-05,0.653549843689818,0.43423120904330503,-1.0898640987241126,-1.8492872167242669
1.0355068178989424,1.5237351182173442,1.4434659348622292,1.7418361275548548,1.4381359069845898,2.961476236203745,2.87516381743977,2.318484677238802,2.2371420073942856,2.3560099648553887
-0.867535400525625,-0.3462153914961551,-0.2851109158126727,0.14833060901343953,0.029786967274165632,-0.8645509974697061,-2.837229191831887,-1.534263033356655,-0.2988538715913135,-0.008304183593326186
0.1297967605375209,-0.737236942647998,-1.110248046487576,-0.0038673418584978525,0.4515473650689038,-1.0383841842975992,-4.2292518769017455,-1.3745542776337871,-1.635345547391866,-1.4985148554575405
0.37022863219602353,-0.4237414712819836,1.1148788160097598,1.8475749052495303,1.1130102891102287,-0.7486758261053605,-0.06411530978726421,-0.0510576492024771,2.6929584428688393,1.493459973692602
-0.284074211157011,-0.6290858833287365,-0.8822498079284801,0.4420264720873971,-1.8581664502208985,-1.4966279233270343,0.2684525589681598,-0.5738455494475374,-0.4672946302299323,-0.9819752612724697
-0.46060204806264915,-0.3503672672262767,-0.42577662827291324,-0.03792007273043907,-2.741048455282649,2.109132293636469,1.2293934911578612,2.0666889119058403,0.21437780655845617,0.14562582068559948
-1.0916868015416876,-0.6087397831640774,1.0116395824612288,-1.2200059265974708,0.6094970449935948,-0.34232554711742974,-1.5218188494923233,0.5191729461933872,-2.4713509367203583,-3.379534537996003
0.450152394260499,-0.32374262897464023,-0.11385365504061204,0.14761913449040143,-0.4337916607824876,0.4050450359264396,-0.13732641371006793,-0.4521188170061922,0.9070186021206827,0.4228899497535157
-0.05375828816085272,-0.06798242391203017,-0.5696903887651784,-1.7728837129244608,-1.3842630836562004,-2.3371919471657585,0.16735157654027122,0.12549135674913242,-2.307149831793564,-2.6509013871672424
-0.1434911602626793,-0.9331928514884853,-1.6188291481208943,-0.3418031162045011,1.0749806869311866,-0.14835948886738926,-0.7499639132145562,-0.9045104505070571,-2.022082296973074,-2.220687241818357
-0.5443543526528644,-0.1380692006155009,0.6083122708979538,-0.6610564444996552,1.2366584350499892,-0.5633098824087301,1.1067534285750047,-0.1439293196196218,1.6508712455641188,0.8213950658105118
-0.5065530132591644,-1.8268148971859643,1.2135231875825474,-0.11991436894512342,1.729453589727206,2.5619225702254393,0.19502902924607346,0.7676601846631562,1.6058478023014073,0.38803910814677756
0.5282878384548629,-2.3816987359433406,-0.22817252308445166,1.537645747737407,-0.023531112151902178,0.2774496987334064,0.12643219848738452,-0.10233157753068933,0.11985112000122045,-0.8180274196902577
-0.2504791088864426,1.269618646270438,2.173661393917267,-0.19441916142686239,-0.41734819054814326,0.8999762469701271,1.1997857730338555,1.6616459364670702,-0.30364468571415876,-0.5913061332471319
-0.1385820694977976,1.2864080563986169,0.024827482122140986,0.019427097137123234,-0.6252503858943742,-0.14936881095835836,0.6861927297908788,2.7623839611274237,-0.9641010344108609,-0.44516569988198307
-1.0185560997622563,0.8695133261761667,0.5233997713874977,-2.49171633363523,0.23880914762728755,-0.40825156188925193,-0.8218059570252175,0.05055121991109557,-1.419503881973058,-2.0763724478579695
1.1258618051633145,-1.667512386209012,-0.6726933577355527,2.4131419779243766,-1.6667841865546382,-2.595601608573074,-3.090483300006305,-1.7687587021591473,-1.6422939772710752,-1.1389537853800382
-0.40064292915058597,-0.14019746946816658,-2.2486209345327985,-1.0059629402935204,0.8436057242746181,-2.014386010349722,-1.2682357511289137,-1.4254264531858232,-1.3697137196075042,-1.1093822976825074
0.4422532584452108,-0.6640322003736379,-2.459126360230195,1.9879724081986403,0.3047321301352014,-1.812518183509945,-1.262494482843828,-1.2871228616430275,-1.2209576743882384,-1.1822496310178254
0.38883885875094654,-2.587270814241432,-0.0730460563068978,1.095623686137659,0.4939541138710053,-1.3770682247791477,-0.24990227228361228,-0.6530638252916728,2.08061735378967,1.466685455002748
-1.1443931986076652,0.012992145419560855,0.5447843896345709,-1.4156404838823926,-0.202610320784403,-0.6486666997055504,1.309873786619578,-0.24130621340469466,-0.5908399406175096,-1.0755018248667603
-0.9940334754434114,0.24458073813876088,-0.4109091811877135,-1.5006448767570593,-2.1862120267353857,2.025046329100536,-0.26423244365650544,-0.5594042298652457,-0.577278322577554,-0.9437621277843379
-0.10933727015762001,0.9732065119691383,-1.0441847427130533,-0.38672158829301484,-0.32007912010150763,0.2031421504522859,-0.5794708769568008,-0.31417398439418887,-0.8867806568243409,-1.3888845610714498
-1.1372761357386187,0.4380769155017864,0.10567816227776303,-0.6413818202996032,-0.01732503760738724,1.2608019197157152,0.5800696082453595,2.4604945242916445,0.42065875366224054,0.7463300588288737
-0.04599932221775801,1.165904931997059,1.041857660324456,-0.08706070202594612,1.8169381271386358,0.9968034525662944,2.411356131598298,1.525301739707694,0.671644880250539,0.13266868511656926
-0.07359511733444858,1.6936259948877228,0.3583824457411416,-0.6548729667047931,0.10383192505070116,1.3042956113740267,0.7239573606537368,1.5570567270622993,-0.9430018462957033,-1.3784765018353433
1.2623079625391338,-0.39022032680884655,0.3045858868650233,-0.5006156600392919,0.12732795280051407,-2.2652210804257997,-1.950857848857909,-1.2747276780025576,-1.17197038530685,-1.044635911514106
1.70338453142097,0.33865859457077624,0.29281718498194026,-0.3083405854444644,0.3789099642851155,1.6973009537305328,1.8881151709258468,2.8786284587273627,2.0080510133966154,2.5895713340808486
-0.7023353131655157,-0.009024931526600204,-0.09148521506440337,-0.5446783933152947,1.2606102556581629,0.502235955317929,0.09462278992705753,1.0525400659737083,1.4103020092321812,0.49223992456227106
0.11863555793661412,0.7589692138528296,-0.7685020607694051,0.6394705600464495,-0.0336421895883563,2.1241996487140944,0.24142214899061754,2.134630331116262,8.454281088754456e-05,-0.07350518568331843
-0.02660938865215642,0.6241535476935903,-1.2006569993971627,2.27511152200694,-0.11146126774427301,-0.1077397421121776,-1.4596757099821462,-1.2678177625805926,1.2053445549176942,1.327977123592063
-1.5358446475475884,0.07258220446588001,0.05413888466018157,-0.4840667789484361,1.0665883842482469,1.041500255530976,2.7123243752328388,1.0019081452580738,1.2759701688847263,0.3220568262727741
-1.1382527891775849,-0.09501622104869611,0.48491627137931176,-0.46949080467830345,0.7013571080160761,1.1556214500637572,1.5915616356309172,0.9477352941600563,1.8168458594466765,0.8748030898679591
-0.15739145772790783,1.619332429067495,1.3138778331898584,-1.0001949422866017,0.48895923264389124,0.15605736019041933,-0.08751010706458692,1.7372287119260237,-1.3929596668935522,-1.7452042001205612
-1.8153371444851418,0.07266779596571234,-0.24338943031763965,-0.8800380845989817,-0.06512111899749368,-0.7310357421685669,-0.4537785000543436,-0.7662188159586557,-0.6807832389468915,-0.9004143051572426
-0.114874777303439,1.4604784028643694,-1.1363842220333304,0.47340770858534414,0.5605317238140282,1.931464787267322,1.4084547720703267,0.46907129789388613,1.1079098917269359,-0.05671107104877787
-1.1682250843905535,0.19976517602231722,0.13200658940552895,0.01881871264633428,0.8180020949614656,-3.1407326948103527,0.35561302916180615,-1.52553843816624,-0.11736670208448699,0.17904180869812206
0.5151604037837054,-1.647391675826648,2.0828700782030887,1.8982679065664865,-0.325123434232689,-3.620226412175592,-1.3671497571801268,-1.582204221211864,-1.112857061506569,-0.7053843441580538
1.0053979910101105,-1.2243549554121937,0.990863556565074,-0.5787261013276729,-0.8713344653083153,-1.6759572863823173,0.29181767375825607,-2.497040261661679,0.2107750021225152,1.1198615665845355
-0.5276051857560897,1.4826609366218035,0.48555005042884253,-1.0914176184760258,0.04868707524103488,0.8124091637891284,-1.6318875928280314,0.14073380860423734,-0.29523087760240385,-1.0088826442130707
0.19755367376152436,1.0646190130275537,-1.183055523499104,1.0663762709749685,-0.923111432347146,1.8554532787761455,0.2759310266444547,0.5321200885787332,-0.03330207659137664,-0.8523152310718232
-0.364637490272594,-0.17721341741889907,-1.4920434323635678,-2.3810807558544913,-0.35487585356069656,0.20867123849234215,-2.3010102246880755,-1.3862793462376737,-2.3290485199725404,-2.0633476649102107
0.1761995124370075,0.29214356004483705,1.099923205296516,0.5370297233139927,2.410062878473207,-0.7705295102027445,0.9905779277868006,-0.631095666897776,0.5692504582210783,0.04814240366874112
-1.116446687878533,-1.3631070565583405,-0.3653340599360721,0.18866484043595655,0.07438587151967324,-4.573151900642672,0.4864040921135362,-2.4038902902883237,-1.5604072287672346,-0.7615835679890163
0.7346109064873855,-0.836942603690087,-0.09901335289125712,1.4327962601877742,0.19023903480501078,-3.0749870623912456,-1.0184748369197423,-1.1233027481371123,-0.9704639686723466,-1.0928838106853724
0.22725844498237685,-1.3798572923983994,0.823225531977673,-0.9822756343082053,2.1902021928338202,-0.7577487620944569,-0.4361630540124064,-1.3473079456565145,-2.606975188577683,-2.3886164302006296
0.8455158193680687,0.7594413781462169,-0.2506798851365025,1.0813001344901687,0.39179492853203385,0.7173029537412893,0.39084831385868957,-0.3146247485369488,2.082990503676662,1.194531118619688
-2.423310148783478,0.19623607115387406,-0.0687179862558211,0.7422056024502846,-1.196142931308967,1.9948820057033072,-0.9960929609682433,0.95523698885091,-0.3363956718057246,-1.040415407939367
-0.8651889331068314,-0.8769274280322511,1.596359253308626,-0.5892893732897532,1.3682026050880531,3.028344376253922,0.4205340520086964,1.6711731309752014,1.1462452388039917,0.7792245994387241
1.0370472037844372,0.8232692268645976,-0.46279619804682565,-1.7204930802603198,-1.4509605137002137,-0.6539456792474668,-1.1929581346573923,-0.19593968914095605,-0.5406327412341561,-0.9412119935232948
-0.24114589084500873,0.16965227348764103,2.0775041153576694,-0.3695376395164283,0.5813282374259895,1.7540192794453513,1.2320309023037948,1.4127569814932324,0.7262920354381978,0.07149100030781796
0.5521147990364306,0.058604618944314,0.2802568693715796,-0.6474410086118911,1.5893426095854772,-2.025995451879315,-1.105589886358801,-0.9972213225858928,-1.0159985600854822,-1.0867033243865212
-0.5987471497706791,0.37705451980853805,1.4973410911530733,-0.645728171531131,-1.8882624305859899,0.33229925734764754,-2.9945012402094218,-0.421110770872994,-0.28995096204564064,-0.7278228910091316
-1.1201726020722413,0.5466496980452179,1.4201740768075162,-1.2556181657542371,0.16823368621712104,0.05075618412502658,0.263121240149258,1.4569278214224126,1.323790191054416,0.8288659068334183
1.3127776983396646,-0.9878755981610708,0.43156130289017725,1.6639993108738311,-1.3308295510470098,-0.2742539985196835,-1.782330368701566,0.16750842706440883,-0.6172019224492706,-1.4220241813982035
0.2524476567181168,0.20105258670135823,0.2187501486841767,1.2481886091746268,1.5813174277592468,-0.17194847785462153,1.1668777739253562,-0.22401536991033405,3.1052303319225154,2.112244209946838
-1.2200935537978008,-0.4333544765699894,-0.44768607244006575,0.12290962046846166,-1.376723944081955,-2.2003301140410905,-3.1968092538218675,-2.526758266962978,-2.861134854921441,-1.9978274099124755
-1.902652526475168,0.35555726140762584,-0.2579952957759363,-2.793258870839219,-0.2807780173791375,-1.6404577257962396,-3.1807957746564397,-1.3229568327304988,-1.242364704687546,-1.032024379162106
-1.4317877453879784,0.6630522612940057,0.06282501775662615,-0.3563805674209103,0.07091470319119325,2.7597045307528543,1.9080454381722336,1.550218399752643,0.8842558181808321,0.42128576384958577
-0.5091701642587876,2.979355725625651,-0.9196178036798434,-1.9299025488220318,-1.6885877646422096,-0.4944010630482649,-2.0030787910733414,-1.6435700197513063,-2.2432578996586825,-1.825522161527217
0.2808709173260297,-0.4508772192419186,-0.36456285271639244,-0.86263513270734,1.068282336055614,2.1635570140704217,0.7538249148741019,1.295110117601884,0.5175995972593798,-0.17261616855645578
1.369075620351969,0.6520064439306769,-0.20803451333600698,0.5506815060924768,-0.6739106353147698,-1.2090851528449578,-1.870999009029259,-0.15972900818394553,-1.0072709721534587,-1.6773711326680056
-0.7659943339059896,0.7585899429364263,-1.5401731170420487,-1.1104074112400086,1.0250458089238077,-1.4311068427037312,-1.091955982498105,-0.691164368035701,-2.3001458636940595,-2.6587356555407506
1.3204989809735228,-1.100222604814538,0.3227462564883425,-0.6523873290804904,-1.2774271593372601,-2.5485287593397916,-0.5687392075833502,-2.14178223997036,-1.170310333379021,-0.3951009793459169
-1.8558086715763142,-0.3561814168426724,2.6083863456757466,0.5940732513214686,-0.22124423599144927,-1.646995953265176,0.8694942754706982,0.5931717109590926,1.6102791862334631,0.6722261366867699
-1.714640125259646,-0.7985499334040043,1.3293930912116374,-0.4360117284065789,1.694468676839524,1.2577163785092376,1.5584664940629542,0.053485537567728614,0.612182600192716,-0.4215016620141543
-0.7600955885126697,1.1706198546801012,1.6269061228685542,-1.1138164778440176,-2.2511369690540386,0.5479114822294557,-0.10616914826647275,1.414966040192626,-1.2137860530914337,-1.641793046217079
-1.6930174525132733,0.40525051582415383,2.35415330594195,-0.690825817104275,-1.0194937394810462,2.116537562796336,1.8594282393728077,2.1192548412445857,0.24720860516250298,0.31022089987940116
-1.418251989289978,-1.3671498238928315,0.4949327162890987,1.2933973605614342,1.5561860827631717,-1.5092742095446554,-1.0286540301598173,-1.5993836842148843,0.11007138704285896,0.4608762892941049
0.545616098241052,0.8338078080553425,-0.19739727301384521,2.3619320539715525,-1.088656845713432,0.40180515877866674,2.808273474829679,1.5209622261958033,0.283608714518198,-0.22323423447268317
0.10484533381264209,0.7296651315182825,-1.4887421582406226,-0.17774602308325746,-1.2459936521847546,-2.6398207671327745,-0.8576100458354393,0.19298214845192024,-0.9989094460413557,-1.5559815310785758
0.09102954351030138,1.948404798804875,-1.452454333222722,2.498272564708986,0.24341297061375172,0.642553068980602,-0.900908991047085,-1.104083759944652,1.1254225176995547,1.0093893555702245
0.1322489734438129,-0.07417487367292029,-1.4925295874251245,2.313079457307814,1.3666181271389,0.776695714871789,0.6235039829681372,-0.5235721976753633,-0.2213974760725348,-0.8817547218611249
-0.9117065703793342,-0.8933826903422738,-0.4808330675392076,-0.42477406924487193,-3.0739113700405736,-0.16601841753857527,-2.602533161592472,-1.3659778120836248,-1.9865313550927481,-1.7490905584897232
-1.4887648165049645,-0.8519024617549011,1.0049302696626168,-0.8350687327169511,1.146678638801891,0.9522904212811747,1.0950145246635985,0.565979292745254,1.7581856253673425,0.6691420960393517
0.8897096252242976,-1.1332652873220699,0.0643891352314263,0.2010145308296999,-0.9531487492278858,0.20829019056800702,-0.8546807269277592,-1.9988837112853508,-2.7341064698704614,-2.102460480135699
2.0056116638354657,-1.0416838356126292,1.89658768808458,-1.4655389025061476,1.4971309018572065,-2.046827414495511,-1.2718227454711424,-1.1930257294863025,-2.257574068500189,-2.190511924668466
2.0984519045756898,-0.6515488446673688,0.637615963566032,0.11531217450280151,0.5206791458805404,-0.4233827248693822,1.7697841604808993,-0.3567767757887951,0.9153969707487488,0.14691922752744158
1.4719570792145447,1.654871947714227,1.1903013700780187,-0.5210694994029805,2.5732821316032752,-0.08936483798581588,0.4937111244137592,1.2434973227005814,-0.5607811775134547,-1.2595064495267505
2.1192591581704705,-1.4736830738112818,0.4943881629013177,-1.2129150543212532,0.6902993220012323,0.8602798538033798,-0.18890868058892152,-2.4372186140113454,-0.424768525607286,0.4362787533861967
0.1415341364527049,-0.03149857334170422,-0.2980122398963375,2.1657596965901957,-1.134833067192182,-1.0960202985109457,0.16213450115868672,0.33975424195569914,0.04069218964867398,-0.8612584311955105
-1.9401199304898893,0.42473365871693275,-0.45805284632569904,-1.1010351541644865,-1.3382857776910018,-0.17986575604908406,0.19566112173634242,0.2631469163882463,-0.7804683781493201,-1.1824489885434226
-1.241723532144397,-0.06695267229565083,0.2963761063952461,-1.582163307440111,0.7043288664412053,-0.49002314103343203,-0.2549223438334696,-1.735505174778426,0.36950454300286384,0.8436545082762023
-1.616458348664343,1.0209808281349164,0.14082333848338383,-0.5023126750708029,1.9011586661246618,2.2014090186347164,1.5928475042927723,0.5356645602944734,0.5945432243848756,-0.6556376811520266
-0.26760211384521054,-0.22538028398712523,1.083165387662004,-1.760710854943245,1.7810143480527714,-2.792417190123329,1.2279551205667127,-0.7845606956095974,-1.3179366193627369,-1.5841900259555919
0.99180928437642,-0.2949136069221778,0.39756879014304214,0.030787606353725572,0.06724079175303521,1.2480740208141552,-0.7226218197136245,0.17448286037516403,0.3687194950318903,-0.5292162951336629
-0.9567739594369169,-0.21105143458820835,-0.9561573063535803,-1.2015512647010604,-1.8725188006747384,-0.32486055027879845,0.40818123539871554,-1.7241765563799516,-1.6733938968515407,-1.1777546161675219
3.842465713445812,-1.0457239850593076,0.9051428559329059,-0.7224187809852777,1.2164567785403477,-0.4845329573908946,1.0641770128543766,0.6535755215784869,-0.5486645803099113,-1.6521478637963107
-1.2414050081247827,0.9540054355099735,-0.18547681283220138,0.3480059741618712,-0.6854850389540607,1.3227897798186423,1.1962242618390044,1.2420568771924443,0.6557042166843842,0.05007812136390205
0.5022485834049344,2.33922696268692,-0.32833336417246417,0.07030925424324053,-0.5271691054008824,-0.8707051993640282,-0.2945047310014075,-0.39708759846119923,-1.9582241214974605,-2.453247503931841
1.9786431271304252,-0.9527309292448022,0.1350724748036078,-1.2936480836146682,-0.7064007042840821,-2.4030979727185633,-0.5436730237546165,-1.0154635111035026,-1.3000603869220655,-1.3046703490757208
-0.16563784107917645,-0.7108020086724369,0.522865238956055,-0.6889671021557461,-0.25598896606471044,-1.679338731814258,-0.5797011398588566,-0.7780111285520408,-1.6820537093113495,-1.8500813624156112
1.2153419362130167,-0.9982754539120204,-2.198820348231597,1.1020952902659045,-0.429342644416737,-1.6980450260047188,-1.8075504368730413,-1.623368795745312,-1.3546559257447217,-0.9463507610999122
-1.7967550697060124,0.797869331006573,0.9260828691216181,0.6619999441281428,-0.2575351009284945,2.665226455767201,0.60982152105731,1.0948229262471691,1.027232287969334,0.23205098911470565
-1.4570567959022678,-0.6335805743901985,-0.8912113125146394,-0.7432076447619729,-0.16175439896866461,-0.905986445461539,-0.6785751089834993,-0.380182902767386,-0.8664460596659771,-1.3277548112459894
0.6904569947473097,0.4990004826624159,0.20602365987731963,0.6498026484847986,0.21674445734983983,-2.6142160874895115,-0.24170925910069563,-0.9097299942956282,-0.8072038503753103,-1.1526815451376782
-0.8335635946843517,-1.3696325697324778,-1.890447225375641,-0.7002020771449629,-0.5298054705411162,-1.4924661705560338,-1.7892851687475493,-1.6505671935173338,-0.7427985749262055,-0.24259821126517445
1.0937494698039965,2.0654846060138343,0.6408553094840354,0.2234843183674604,0.014456870398041222,1.6948336604846481,1.1410468792391226,2.113331579083182,3.2002587434693632,3.125714600009609
-0.6966239798086056,0.020218596374938693,0.7179870632749541,-0.5274463529530478,-0.9359777501113783,1.9113578578254722,-1.4938661040566705,0.32871670056091684,-2.9158777103745903,-3.471330958015157
0.11975561029957395,0.27929191120278585,-0.7085029877352853,0.07616823168995995,-1.9875564641759738,3.7009495508844177,0.9341633420319074,0.5806147451870391,1.2238463935336548,0.7218318842245242
0.7837854168840646,0.28590111474709995,0.557407498693439,0.5642656724835304,-1.9408943833813272,4.3008048732053075,-1.4176030858002395,0.6374745999467848,2.039070443104482,1.4489773016978944
0.3482787384229993,0.24334807293773375,0.5462950218776484,1.045075157233526,0.8079963940214121,1.0257552061898574,0.033495296047614254,0.7961621071597997,2.54493448594296,1.2838074428765358
-0.8002710510394733,0.005290645406066015,0.7077388750032978,-1.8257987742114596,1.0213604797250486,0.8165447699873474,-0.2999815762829702,-0.8429744987973682,0.15112683605623456,-0.10876192287229514
1.5647205467197043,-1.0777981005044739,-0.47075995943021465,-1.3466787225274486,0.09111169801146968,-1.7977224687583784,-1.5935717377386005,-1.1076715938493207,-3.2430359106141653,-3.2617572493483253
-0.23165501780092984,0.10026139299825822,-0.33792700326201164,-2.992972781678116,0.334590165091746,-1.555165812532332,0.7909252097850541,0.022340314845096562,-0.28548170583405263,-0.958012728918104
0.8614157974702312,0.4610283480314369,-0.31156655395378197,2.105553126212275,-0.08311455142845064,0.10156656805775188,1.1474739243328456,0.8634618792558388,2.823027887840965,1.7326040531616278
0.9824260169396484,-0.5131907023479972,1.024750407850386,0.9817400322471632,1.1721971252767327,1.3327793055804025,2.1449051562998847,-0.22279995840454275,2.3806343607399176,1.3866708962364003
-0.7260806398829414,1.0894536501470748,-1.3026167424182389,-2.977698021716611,-1.751125539666716,-0.2367706823927021,0.21898831418928297,0.21500686338244268,-0.08836569394318361,-0.29281223935433753
-0.8522162820611925,0.8032520657761004,0.41515069294910323,-0.6412842547507167,0.3650321103050361,1.5478952364686362,2.454060532617745,1.2599899172197682,0.3823597327214586,-0.31113344466944504
1.4024672006163779,-1.0686380186754987,1.0069583719857653,0.015989843161975048,0.3360822404680386,2.631771707888637,0.385169586627088,2.001898092884898,0.10057958748525775,-0.10604856793516437
0.3325608637169944,-1.3267250250726932,-0.08908587696974024,0.5084833633711593,-0.21799292919201504,-1.2660264441229827,0.4690690178185346,-1.837134548835452,0.2919325661777866,0.843964438944161
-0.3339995198603367,-2.1726083025332694,1.1030178020615478,1.4032249082366755,1.1438093568674057,-1.029881100348934,0.037797568969862416,-1.5792531097319886,-0.3789278901518276,-0.04441395369610779
0.6872898205184639,2.1661778300938277,-0.3332046874371578,-0.20202171825531168,-1.5792922284995354,2.364325549162817,3.599623604478862,0.8721545452003758,1.4516039413454156,0.9260845218475453
0.6086182848261087,-0.5647585960987148,-0.6457079096207046,-0.06687014370229238,-0.37466727027281554,-1.5022663349670846,-2.055685935929771,-1.30195577077694,-2.034550041755641,-1.8329906310719055
-0.479618973871274,-1.2888479816998304,1.1801768478794017,0.7381191146804632,2.2091118413329958,-2.271499502261684,-0.23921808496403452,-1.1980863095455103,-0.6191342216568255,-0.6470093277533426
0.5961317389863747,0.8407555314343367,-0.023247606214887966,0.9896760938564855,-1.208963228264282,-0.35965210454252566,-1.1247938924904144,0.41884532322599677,-1.9553904901424062,-2.703759821231655
-1.0800208719501139,-2.0716187838924496,-0.5191364824131809,0.7137774487712539,-0.9346567538473811,3.721303398858329,-1.1605411793364238,0.9847176517588581,0.12483373179658551,-0.5939362498793339
-0.3422096557060097,-1.4864136623095168,-1.5069341075434046,0.3619618312009558,-0.9083182763239281,-1.0423840391527561,-0.2641550952856231,-1.1392445115785415,-2.640315528740346,-2.67476867828851
-0.46246815402592567,-1.6542233402798463,-0.5033862687240748,-0.6097824868631504,-2.9902068377094326,0.25180345535010096,0.5976620173898751,-1.0123514784457741,-0.06298414746090739,-0.11403179295346585
0.14347489404808508,-1.4170633268329251,1.201107983354259,-0.06457818514175645,0.6544618892975624,0.7786942966871809,1.10551520496598,0.16500643959583738,2.7031514512024923,1.6595046237099287
0.2891354096710381,0.8362910375245985,0.8998792463780686,-0.8425206463671052,-0.7819789001423594,1.1398327025138582,-1.2443347623399912,2.1357500416166952,-1.231327943972893,-1.1394926496279139
-0.7914367743398893,-0.2659204927177156,-0.06817072388204075,-0.9349189349685645,1.107983898304816,-2.956276619968304,-1.4038635563657331,-1.4071862699005677,-2.074402992297852,-1.8143607252476759
-0.11009119754771324,-0.09099525827397717,1.4891084012412081,-0.6125567923354797,-0.7027324521780737,-0.058970765582461504,1.3465790688509878,-0.7258510080862858,-0.560375680943468,-0.7570316613844795
0.2126989676031555,1.0045549125411328,1.1333812055603816,-1.444866775701813,0.19372349760966034,0.25568456917419824,0.9009235189387222,1.2311209082031729,1.2679459422988684,0.6578095786109144
0.12483535039421263,0.4732069007001871,1.605411097019839,1.4748843064532773,0.497552313585431,-0.1624574761299482,3.073943385249798,2.0585690354608155,3.9787457049193264,3.780203575800388
0.0608486146380071,0.6285943061606571,0.5692039739707149,0.06612160798964185,0.4559182003284613,3.265069587113259,2.6851369140080648,1.9165614913243072,1.310938950940658,1.016390856912701
-1.0199936599361707,-1.3222239913353786,-0.7887576720078775,-1.2211544765738036,-0.013000218835831245,-2.248547669321656,-1.7160807850747004,-1.114308063213805,-1.5119598948698638,-1.4871103541703046
0.6041648927094223,-0.17982046905881047,0.3247294046855995,1.4051068237775253,1.5368058859535476,-0.05671377077735207,0.42262499527514047,0.5166469826392018,3.811245185582371,2.3012201449359884
0.6557600719033545,0.7352546501347493,0.723573371082077,-0.9531940051591571,-0.7453801053429608,0.7378771917338023,-0.3438489935227723,0.9959905093184666,-1.386192947296597,-1.8746750641499221
-0.49100687841958496,0.4418367826311039,-0.5189693629877961,-0.28614338509517273,-1.2399494226886445,-0.8558290627196268,-1.1419877241568623,1.056072403196335,-0.2936070827394576,-0.8257273404228245
0.8043738468346823,1.7170816259345,1.359823847981079,1.4567154343343445,0.9847556071560049,1.4483299482833172,1.2717839709657655,2.1155684843169187,2.404464458995438,2.302253443678878
0.2426470408055243,1.7858309344490517,-1.3527127146031297,1.5352780832231465,-0.8972994070910628,0.32280725405897726,-1.956673874219553,-1.969086887678796,-1.5269829712390868,-0.8899420179002708
-0.7616364839040771,-1.0187261762865079,0.015683100255083633,-1.1940117485969561,1.1792413357949543,-1.280332486049851,0.1653137870346726,-0.7173742129565376,-1.4035113370358292,-1.729652320104265
0.10114102006141167,1.7667738935746176,0.8863497818262738,0.1928186387888545,2.14706953949241,0.9247483022514027,3.7849377082214786,0.7474676992935686,2.1997870421039267,0.8859544080261116
0.08574109025589942,0.5527209791035462,-1.5480093073601011,-1.2006568501651838,-0.6627950300935481,1.7372517888664576,-0.08420763871473719,-0.0372372315561999,0.03974780365564068,-0.4270163055853855
0.9807418324083319,0.4521969866557844,-0.19787574116966658,-0.37434510933560217,0.5770036266102172,-0.0600337714490804,0.238604577578687,-0.5036615525539021,0.08791873499446226,-0.49544770100911173
-0.2655264294958291,0.04115353524428008,-0.225208675630188,-0.07878698951357743,-0.2637098018652876,-1.2278912579185481,-0.2905671158242241,0.9139889887102303,-1.1948602772342354,-1.9444365022837042
1.5627677518661862,0.8759097035227569,0.5051889873153449,1.307968776722417,1.539642153705985,1.1235331586289712,0.07031547652921669,2.4626735859763262,5.320375009775008,5.554092831363784
-1.4820778585533054,-0.7221993535433755,-0.2876416615746133,-0.7887794457375643,-0.10031051969658983,-1.184321927522657,0.6466567142846176,-0.14646808128121347,0.1845773618414709,-0.4157240243636412
-0.07452274097301079,-0.07444871349995363,0.3971422278443685,0.6077681946099422,1.7588734306049425,2.6047279768658305,3.298287546027459,0.7807986514447436,1.6573689912932146,0.3264788428497174
0.16555056538281743,-2.2340998819975595,0.7545668902519205,0.5704965310013675,1.5774400220104732,2.174135222062883,0.3075005768817833,0.14060840330547553,0.7988727515001125,-0.4593437699609302
0.43904109194375174,-0.5275815247693897,-1.1826706439366805,-0.39537876542854133,-0.19792145604189793,-1.6444421745582471,-0.45438619605001795,-2.1602721766311985,-2.5509055955372655,-1.7202057721019035
-0.565151780823584,1.262223007555771,-0.16567529259863406,-1.2997670892093172,-0.32152492542049427,-1.4369958647763559,-0.15668994884007573,2.6701728255988875,-0.760813462532001,-0.25721352693682464
-0.5482067375740692,-0.14938016596577325,1.2148577085782035,0.22434846987678303,1.6853283630509346,-3.1306770923961875,-0.8777965479077174,-1.63638694978116,-1.3607349125616734,-0.9897974447579511
-0.6850136638812346,-0.10190624027270985,0.3661205289389197,-0.12810915012176993,-0.13831238834297588,-3.5827073489098926,-2.5134758910205113,-0.5729836011846985,-1.3645319246051617,-1.779974676563767
0.7042868399115864,-0.6606764601199013,0.3196018123400336,0.7831394735460522,1.6296026320910126,-0.6652843472168697,-0.16453320699965746,-2.120957753529226,1.257949090855709,1.9542906822344503
-0.70565349418156,-1.0230736165343723,0.18981744713129145,-2.2674711671557755,0.8804528177276578,-1.0766335302210448,-1.0824344887432207,-0.7937637074431323,-0.7657991313980916,-1.0955413112220558
0.5470013576755793,-1.2353050918264044,-0.7074940937082659,0.6589385424391052,-0.8389117251205607,-1.3020714608469215,-1.6041241401963877,-0.9830056909321722,-1.3522750168860533,-1.526577030895558
0.8914006684147218,-0.2880423141371776,-0.2599133369315133,2.362589778691984,-0.06940574376324449,-0.4474862495220904,0.11258591626117387,-0.12374743520135972,0.9770349866868191,0.052690799861880966
-0.34086741582861174,0.40574583753663335,0.01309374603605675,-0.4323348072360492,0.6652985591903442,1.7481541545255013,-0.7611704668456012,0.34294947274411747,0.7232000528929776,-0.3083195375080271
-1.6235307959440501,-0.05862326761293618,-0.622442300377727,-0.01359814750736088,-0.9290948144050112,-1.2863195337013502,-0.6079024586196395,-1.6123029171543306,-0.3125934259631775,0.08536957523089095
-0.2892542528428242,-0.0005265654314876941,0.01461826483460641,0.21933828911296183,0.5803719844350426,-1.106810842583483,-0.10254579071934529,-1.01372296615386,0.8975802595142206,0.6750405403088726
-0.2321387112883711,-0.5888807624506983,-1.4128149379643118,-0.2428096291476726,-0.15113121710542654,0.4319912354091454,0.6084339952390104,-0.22083316976387934,0.6713861218813573,0.050047608402010724
-0.17017115036559027,0.09815021426741162,-0.01764253638105027,-0.5658748874820712,0.7167601593095598,-1.902154663698172,-0.8940122888264842,-1.2044182460271582,-1.6833511504043968,-1.6158758967946976
-0.5085223837910757,0.5620691156394341,0.5211864438815896,-2.392751569242922,0.3260942142937216,-0.7876555153819581,-2.8695204041610243,0.6821269724528818,-1.6245830243707857,-2.31262663063577
0.41466885292172667,0.11525353952442909,1.1246770492882534,0.29691416607518173,2.192756274199795,2.4498095117148857,2.6579257918915813,1.1974035899382072,1.5297358947406914,0.6369660844958257
0.44484673354259324,-0.29504211412668435,2.3494857687674546,0.4596126030230625,-2.0360756455440066,0.8777625869373642,-0.8914026350622096,-0.2778443261050578,-0.26458841472406747,-0.9181877864673271
0.710341681543205,0.21675029033146168,-1.3405856870934185,0.03672885953826199,-0.04227289229008635,-1.645266255788588,-2.018076798113858,-1.15901466918607,-2.410308116346068,-2.3981443601694283
-0.9886900768063821,-0.6222733064302373,-0.20631377272113588,-0.46716891498076973,0.3960413393111314,0.2377057841315613,0.8631963251850769,-0.711537896793625,-0.7806177205656345,-1.1748010434969292
2.1930884244595794,-0.1172283839715705,-1.3908283262521604,1.4949349905263205,-0.6549788795577621,-0.7183084998229894,-2.545732842812829,-1.1303125583952294,-1.4164254757107897,-1.4256624533617832
-0.9610858239256571,2.7374552384390545,-0.9556973748894723,-0.1803300112793872,-1.9464157894954575,-0.9912708075564586,-1.8977324757961251,0.18345317402665973,0.12003149266433916,-0.3749345181353603
-0.2717966508552443,1.3063022099973078,-0.3820018313871284,-0.3345890473018534,-0.923122408190001,0.4555402100671584,-0.6476878578909036,-0.7474462697800841,-0.5223974034163137,-0.7502114677792893
-0.1850490167382758,0.8049686595187442,-0.7254478434616308,-0.11849185896361866,-0.8177004052398593,-1.207226803275505,-1.1726169855505932,-0.31990482676371024,-0.8190310165061819,-1.3107697813952437
-1.349495226411383,0.07089745373993296,0.5316531260829949,0.5108927148016914,2.1477443368440268,1.1091300118186145,2.7256918331487574,0.6705267405557217,1.5687048483115684,0.16429922195822538
1.1414210655005999,1.5323210587585354,-1.0464141567873273,-0.3332307273115953,-0.3703394624768003,-2.712065818204675,0.0487820467544704,-0.570167693019384,-1.5222308589869846,-1.8592640375078098
-0.898837912952993,1.3027453878847854,1.1476672786464628,-2.145353398731744,0.6641841019475747,0.4481646783387351,-0.24477932965064686,1.1984993068006795,-0.9516528000441609,-1.6577233528484867
-0.13106108945427092,0.5336116764810059,1.15707633475812,-0.5572446197754755,1.685376077713268,1.4783924150758594,1.7649886077676817,0.9365036650689358,0.46739482159874635,-0.5559648433114245
-0.9520702116963642,-1.9796213266126168,-0.5230901423886433,-2.837149351982685,-1.929989220395051,-1.46608261796351,-2.7409145819644265,-1.2441706159284274,-1.1405960321204036,-1.0564073130035756
-0.9249648074335096,-0.20317369047487413,0.45102126601210235,-0.40972098132292845,0.7700202241632491,2.6633036504740977,2.329433582016926,1.0323671476765603,1.4452820064847187,0.5270012490005468
0.7127340421359795,0.8895092060075268,-0.3224193064687869,1.3077497602622334,-0.8583715039551566,2.3192971578676325,-0.11515441840292362,2.1420688576492717,-0.684637209464285,-0.7101094171655178
-0.003033186125049145,-1.3334684112508868,0.22331776800514713,0.09886748126244232,0.9764822581965544,0.12773603450953774,0.3292530052964572,-0.3961050810989306,-0.2594193032240867,-0.9991162914299934
1.9823782853475922,1.6194155841717006,-1.8498595253960037,0.19774545265446963,-0.6021600854237953,-1.394033716356625,-0.35886606452806813,-0.09314326393114311,-2.3587186151712234,-3.0105595469435174
-0.9278614663679075,0.08828879238149191,0.45659745500358534,0.9414925907025424,-0.6815827930232687,-2.350616335929028,-1.3507444496483352,-2.2969836171827023,-2.105843469107642,-1.3078736705174234
-0.6094382360549232,-0.4230620630752563,1.5870302763213315,-1.3560044047316284,0.49201605504842977,-0.291184636874025,-0.6790836121263721,1.1359418362963747,-1.9181723067016978,-2.6408650850952786
2.243535710691093,-0.1954159637896185,-0.19195986211984137,-0.8735015385667382,-0.43797486166291344,0.36251771143741873,-0.6835406059030034,-1.7477029914423245,-2.357820905480942,-1.790442291147363
0.9990591368068673,0.1609066462891793,1.560526781100296,0.35207840420172054,0.3587619563948936,0.7232967904441563,3.532772169481741,1.8252592199685278,1.1993062828250605,0.7848301600896275
-1.354316376494763,-0.8947047507119856,-0.1750430866719144,-0.6098356233205156,-1.0046952809831913,-1.848448486963731,-2.482597846937614,-0.43806423028323865,-1.3106911232615401,-1.6880927973407862
-1.1311426341446402,0.47986194889587946,0.7937506251656267,-2.1968899827230666,0.3851739316604029,1.07500711823497,2.6041449281834157,1.7635966563360899,1.0526798898197254,0.6817904547522744
1.2383548383966068,-1.243146135912601,2.154857256233231,1.8229473098054974,-1.7514408345976618,-0.15232724153623434,-1.5486580703319988,-0.39759632401735645,-2.474653568162072,-3.1273339224152368
0.37283318739770793,2.9429099330776656,-0.9104316801257835,1.9815716590944557,-1.6761373028964757,-2.1071554666580283,-1.206619947275037,-0.8448373663439576,-0.5777316605504959,-0.874238967939419
1.393185913047455,1.2797837718473928,-0.46490045254776236,1.5655964204725692,-1.6542348506160658,-1.2336522574737048,0.9032665603223569,1.2257016930004618,-0.49169869397868804,-1.217721496950672
0.9683009764158884,0.28014729450123027,-0.3620805487444869,1.8111800459015177,0.054100424825359816,-1.6224799104351464,-0.20757937632307544,-0.6229552016747846,0.7077531700010307,0.16746264752210566
-1.5538282390857503,-1.926465762871749,0.23915585440192919,-2.2606837428227524,0.6083728848118928,-2.6237309906624375,-0.888876122891569,-1.5172657747447933,-1.0646427466113142,-0.7830576173240816
0.8222814724849464,0.7227155868712727,1.5181891702343457,2.316173868141012,0.8923645576821542,1.8988075861227454,2.620885072696944,2.5215878492029553,2.4694064190762566,2.7650967639971666
-0.3320014037552933,0.9243636892268624,-1.9691989457818138,-1.795295646311411,2.1302708745434926,-1.141978032925173,-0.2554355884828021,-0.30557483325078355,-0.9603235980586684,-1.5573615890682513
-0.1714600686739044,0.17024613845525818,-0.7409944941424425,-1.4445083941191263,0.5441845724622804,-3.3723469817335365,0.0500649166804894,-0.49293611677566956,-1.112819174567233,-1.6488804937794759
-0.9678675099043802,-0.2209504061838336,-1.348623890653515,-1.4635507077944139,1.863055172928316,0.057180418711923364,-1.1694461153394917,-1.4745263352796467,-1.510480695865852,-1.2134283574645375
0.0741358059860276,-1.2305539562644812,1.01725614273805,0.37021241279658124,-0.6828349536386095,-0.697636881827033,0.3386393236801517,0.5708188708778722,-0.5059991646522978,-1.274545935751225
-0.7465239003917126,2.2365230916670384,0.4976422300582793,-1.768259603085584,2.3888500927964724,1.9213567759723387,-0.14399579019129022,1.3542544652201607,-0.27521594175144504,-0.8243227272506193
-2.137143169255139,2.230884848814107,-2.01866051277746,-0.388510078761085,2.02821094192111,1.0478515127290733,-2.313431993184159,1.6588338331778392,-0.9776482182112425,-1.3485642419742905
0.941672899944418,0.2794728442355256,0.197366492367183,1.9579989671569358,0.4879192800387846,1.7964584239154966,1.0533974342676684,2.0874436977605084,1.9645750164847142,1.8137225695174866
2.365072891512304,-2.515341110055818,-0.14093721447153645,0.24515772524167534,0.37961607683682513,-0.9479498315515691,0.22664101277204932,0.6213966538808116,-0.4670974594066122,-1.5353235084465462
-0.21668973714433656,0.819525510842253,-0.5503130718178095,-0.5396072416244337,-2.691632495308819,0.23694031430681206,1.966080518502281,0.7102480631639625,0.7992756647169933,0.42779511546674953
-0.5080064256106117,0.1724070549838938,-1.9549003814376,-2.355422492294755,2.2798565387171337,-2.236244580203075,-1.877381580813564,-0.48771752874021285,-1.2015967840447708,-1.685031200386126
0.5620725891394276,-0.5640272839869304,-0.21544606663593963,0.15551616566006699,-0.6980852146145378,-0.5668373546577996,-1.8287728467959008,-1.3529036729632062,-1.1120713947388343,-0.9312734798923132
-0.9269772045951806,-1.1928156581974945,-1.077672581983038,-0.706036896012159,1.6948773138482323,-0.5502848755235719,-1.8116610917033567,-2.8110079879083254,-0.8619121212811058,0.07249368163120873
-0.42441690587766856,-2.4668360377847223,0.09680569256936802,0.37407404633838715,-1.355771199080701,-1.6377092021458146,-2.629341038908305,-1.2716182835471836,-0.6708356264349654,-0.6140288748587982
-0.25606492969491623,-2.028930527011336,-0.038399228443135036,0.28921015019738056,1.1344826495935936,1.0706821751343931,-1.0017472527860047,-0.5284663788568758,1.0729809896393183,0.43247693636601414
-0.11906510818729642,0.32403550177070395,0.4263786731984615,-1.590851909930452,1.2242335103268402,-1.3967441368680413,0.4907473838111116,-0.8253112492686915,-1.0419182708716515,-1.2917313239127988
0.9684170129213323,0.9718407448723783,0.33327419393477736,0.9960851587009809,0.19782591756784546,1.5028829229090892,2.939164723326756,1.7340397697827126,1.4096981699233175,0.9059126201283043
0.9553471934897254,-1.23744374043773,-0.2470179207258005,2.6099577960810803,-0.12882632828634205,-1.211815467729928,-1.6994593771920963,-1.368329071865618,-0.09036444369279872,0.1284309597957964
-0.3683481656600159,0.39025763666374697,-0.6771388088646745,0.06814998420613738,-2.1286706273528813,-3.0733988846105227,-0.4754963373038814,-0.46310400413712166,0.010158734256790536,-0.5221759420687462
-1.304931591837031,-0.21562192708192432,0.7485861240075188,-0.2708583393681896,0.46761189061282205,-0.7983168407701056,0.6826236708389197,0.10020049802198863,0.3514625526431111,-0.5915315373422384
0.4802112597949174,-0.7713965185591093,0.8009823013538516,0.8101895883328087,0.9098892844681388,0.49973320468364196,1.8400016861161212,0.02575906938403122,0.7289684410263101,-0.4291285644345805
0.026387571313395447,2.407610774637295,-0.098154995385049,-1.2867520756415276,-1.054866767507003,1.0689925975447507,0.4220172356282995,1.1127397049476073,0.05173255725814707,-0.36246611728558786
-0.3615305582077536,0.41181699596951304,2.0715182626557005,-0.9677971220228142,-1.2895351407361832,1.832070632224894,0.18113902079948563,2.124891166782301,0.28639682397393396,0.33763896432514073
0.7531140424752045,1.1605736078857154,-0.9278953515330859,2.4425542935934077,-1.463671124703057,-0.7328749961215841,-0.7275505111584958,0.7292328177202972,-2.141328470661382,-3.0082296666567436
1.029379545121367,-0.700991504002457,0.25487413964565286,1.1856849242740837,1.83567150291967,-0.13242596111293028,0.9359724789299979,-0.8757629699120657,0.9296602297158028,0.6075056840861752
-1.677134827415898,-0.5225499982495023,-0.7552337293908179,-1.2822176734752246,0.7805491882089529,-0.2821717677126153,-3.132367313447584,-1.9359544584797095,-2.248520267384908,-1.6238220878385452
0.9012000426490276,1.849171455954207,-0.2265680242971884,1.3481885169110421,0.27124366085128443,2.0073030194286816,1.455988409207464,1.4703180400233662,2.460310208877598,1.713257828906705
0.8728010523701815,-0.8695182851666042,-1.210062566701775,0.8197424289517681,-2.2386791077955017,-1.4040700514734645,-2.5082422873563077,-0.733765844293847,-0.622377151814079,-1.0596288220813526
-0.08422875310771696,-0.4758847375220445,-1.2496917442423927,0.11179801888627414,0.713145120627303,0.1517178290043576,-0.6853750663346168,-1.5785986668999819,0.0740432321016784,0.393400328836121
-0.8602514793556134,2.4779266897258223,0.5128755104808403,-0.12375169131517216,1.8709343895071266,-1.5350075465366435,-2.236581748969377,0.6777266440999392,-1.5784947447961957,-2.8531957326373263
-0.10003789743205505,0.208140639490036,0.6897114154529347,1.0312030906658651,1.7428592489806647,-2.115137335689829,-2.1243549249042593,-0.6234996013988532,-0.6626578683596803,-1.233102828084164
-0.5990519721199091,-1.5617482486384353,0.791342760960655,-0.009044297307404303,1.1077730706822717,-0.8231102732441953,-2.40122796763807,-0.9331321764041645,-0.5381423067019345,-0.7576052640905268
-0.9525802941266142,0.45757258051499194,0.2762897094106829,-2.756821648565577,0.4160689554894612,1.9024566096454438,1.6280191929184582,1.6851544690315103,0.40408697198888577,-0.04453299419253477
-0.19298061353844098,-1.4022393606691317,-0.42422050885492474,-0.665185755258956,-0.09296932279059467,-1.2756554538954603,-1.659439691481686,-0.4345272347618563,-1.7892169937241214,-2.2442533673505944
1.1919188594631633,-1.1236241674022445,0.9099884115921839,-0.6358225336135841,0.2234093584100333,0.6442148586898025,-0.6070520300174381,-0.10497144182490215,-0.5160043522293805,-1.2549262159224857
-0.8092474886792599,1.552142105027583,-0.32964036785265755,-0.6139977911363594,-0.47612271967348463,1.0958838798377462,-1.019959122251143,2.5874924279305875,-0.8060973062255304,-0.3435406343083736
0.6869221084828643,1.1047248436344517,1.9076351850380246,-2.0522204587858597,-2.652748626114506,2.287363838410861,0.4954024599388096,1.1528217645352203,-0.44199566862347495,-0.8779516484043772
-2.187321154186589,-0.6123110953122285,0.8541441302478013,1.5333375934792164,2.1764488814106584,3.2398728965900014,1.6530264669321333,1.4013864510321823,1.4803409207744394,0.707251394152467
2.028083211013526,-0.2943221585158652,-2.0932024555437874,0.031938012133893134,0.7364236914410758,0.24229132408939283,-0.46025737045025816,-1.9495032845158262,1.4602373958177357,2.072203763209391
0.9855197917776982,-0.2809773529079303,0.5634478292314796,1.331248811762105,0.5636395802332566,3.8238923287809463,1.609191720484639,1.5834408523094234,1.2996657900905637,0.6211256489027486
-0.720362612542266,-0.4320473060167325,0.26987559382018994,0.1309710519404671,0.45238549504628167,-0.09869360406005581,0.24136408067623547,-0.3394079089965358,0.21185331104802943,-0.5628890975353334
-0.530450048808774,1.4462021138646277,0.6454817006561743,-0.5873520955599669,1.5061325280447295,2.3361415243838257,0.8513858177401491,0.4691157458349029,1.540734544112134,0.35002171840108176
-0.04199611141227433,-1.0681811372225831,1.625559271363746,-0.6232278750235039,-0.8238097471182682,-1.5191935107301322,-0.6448889597449268,-0.16399973733307271,-1.8400875029728796,-2.315921176226042
-0.42940643766743225,-1.2874501749034013,0.01787612526733409,-1.6086792945112527,-1.3128063864863695,-0.17063912592562483,-0.5217076546418647,0.06826582698132933,-2.4128193970948866,-2.785539676083315
