X1,X2,X3,X4,X5,X6,X7,t,y,y_delta
-0.842657535124201,0.7385201540695797,-0.4863553240346072,-1.2426299959999354,0.7275032570464256,-0.5153806109049455,-2.6035827858544183,-1.831176480062665,-1.9675768702169607,-1.9247603754966107
-0.13370189486062387,2.3389339958386905,0.6435205462688789,-0.316112161532762,-0.38356026245443153,1.562254514266418,2.3319960378894926,1.5926751411910154,0.9095880661407314,0.4180712950691333
0.4789856733130175,-0.17852375469264048,0.317501326386829,-0.1505261513053317,-0.5227387458949282,0.44755326187937383,-0.5401330373623556,0.3146159013824571,0.07483232080938221,-0.4853473690789932
1.3273589533176984,0.05214368097691434,1.0559690713426129,-0.7941101533100854,0.40045049965623747,1.0020006054931532,1.2223192729991161,0.5912529997148626,-0.19898309258128521,-0.39172085087958575
0.10395554226892637,-0.08858530997205032,1.0268006230958324,1.62753422733613,-0.04571193302836794,1.0141369671170855,2.130301868214044,1.1265545039618745,1.3806795020264835,0.786812508043683
-1.0073394438072123,-0.42806171974677637,-0.26747403343374015,-0.4323442939403676,-0.11915112605500433,-0.7075009663831009,-0.5102201429439408,-1.4759246801616432,0.030069763093896196,-0.0749848797790329
0.05928558135834449,-0.30892267676367485,0.11983937714577629,1.0942369461861614,-0.36419675853429073,1.6470660408960995,0.8231052507089307,0.9904386065362643,2.105072085939178,1.2479187972845733
-1.2650795597068176,-0.6985894059485486,0.4781939749864086,0.47903359239334764,-1.0781321298925088,0.8213873211420712,0.9666828660571214,0.3394648796940089,0.37463082163299605,-0.3020971377841913
-0.10012383572744281,-0.05984397677902362,-1.3453657238936885,-0.3043173073306602,-0.08548994304325244,0.36217331896460925,0.7960787452285658,-0.40472413922917383,-0.02174782089793137,-0.5077147003359483
1.738876606040348,0.7433851642149045,0.05923788626761473,-2.328379063922429,0.8193998243573424,0.4453725422092979,0.08519801320110254,0.8528666589778788,0.4000960534338669,-0.24332557242640138
-0.16852809145854492,-0.2166525963997208,0.617349992119608,-0.729028163230404,-0.2770609716417263,0.07893914884053167,0.6120305986521711,0.11479761615454431,0.42779745443659695,0.3346848612917037
1.1598328445315005,-0.416569169273089,-0.4740863418283489,-1.7018923439286353,-1.7023846362332715,-0.40598963382629816,-0.5103016772719493,-0.5929920179646521,-2.608926148570523,-3.1029737094170593
1.123051018956665,-0.0003506170346357268,-1.351195055342394,0.14556149885283223,0.0261047854092835,0.06925832117109518,-1.4057428251594604,0.06733311786379155,-1.258731608521865,-2.027546646278758
-1.3693171100698749,1.4402356982721747,0.23190043547857062,1.0243697744243159,0.4336769795614735,0.11709328338509295,-0.021000787122150144,1.3694212350244634,2.815317213589765,2.2229825752361574
-1.0660828285169248,-0.40891190232489094,0.47259991940357027,1.1033565468069448,-0.29018229425652375,1.6114427197013543,1.119941849506584,0.5220827512890763,1.50162512293479,0.7815805601847441
0.386594866302946,-0.8542728914949906,-0.07066779579797021,-1.418885054494448,0.02887395494598055,-1.3834016470087453,-2.985639622604696,-1.057570099373883,-1.1327723248801267,-1.4368535728542482
0.4073158706409774,0.5911529627783422,-0.9397771368240554,-0.7884862155951576,-0.5295115677072469,-0.48948014314383437,1.2410793986971544,-1.2069833962413257,-1.9779845938083978,-2.227752539405046
0.8167445801301861,0.014277386047356516,1.0355082473335413,0.492950104956084,0.07961729676321092,0.4457194050838471,-0.05954930312890121,0.40177551115483845,-0.3511323126193,-0.727053212545343
1.9089460286852211,-0.8677525755918047,0.07656016004017781,-0.9152776217996472,-1.3172125720396348,-1.6589524069716535,-1.4926094265650305,-0.5398127294082741,-0.8032488624861753,-1.2908539277704434
-1.0988753783681522,-1.6964658901116219,-0.7839123507792858,-0.602628424353113,-0.026179933682489467,1.4322941714082602,-0.15739972097855945,-3.642031450433414,-0.7724456638479653,-0.21640963103536914
0.4501002027971376,0.2681289079761513,-0.05849865006433483,-0.09880603712160686,0.4209405388165671,-0.1374879469368003,0.36438559987512253,-0.0006636450740565292,0.32435323064079197,-0.25975360419581195
-0.4610346144754647,0.23258052184478648,0.4563520878126067,0.18819933735342198,0.7757000693020072,0.582404552530272,2.5281739140534363,0.16553010370772875,1.7846309874490636,0.981220600074054
1.1512077050071865,-0.9358382235244231,-0.9416414304412218,-0.7768849481864597,-1.3246521755201863,0.01658922568765564,-0.20486461148911847,-0.8097225074925992,-2.8259560933665377,-3.243342888467258
-0.09586639285567895,-0.860560043397924,-0.02929884595353838,0.0032364185139994507,-1.76944153427569,-0.5788503078350782,-1.3321260452764296,-0.6859086163671048,-1.688178949243828,-2.16109426446186
0.041059428788431336,-0.5975205921572097,1.3736295223616957,-0.7230731985413714,-1.4277314180948806,-1.2224878500682683,-0.8810949498076218,-0.4814021761495729,-1.143445039156997,-1.7338480829687493
0.19646962900726514,-0.07062458360873093,0.1394993134489231,-1.2391800323782314,-0.11382064557601332,-0.09126767798448232,0.06108255528098516,-0.4937123682585998,-0.4750656845954102,-0.9370137134707981
0.8939348075375495,0.25779170597090745,-0.8013383752270524,1.3893113726513073,1.656570265794034,1.265738355083489,1.496036047063508,0.4037113016231545,1.309406688416103,0.6540412637190192
-0.8855016270979023,2.0532454993129963,0.8659171308736295,-0.22397188677954258,0.4008636689973091,-0.5560039522455535,0.852810109180656,0.7263545499044269,1.845243666559882,1.0528226497473145
1.4268304666068905,-1.3257570857312913,-0.6883621607613833,-0.3086065838814386,-1.4114545791735442,-1.2598587896726987,-0.6388917879039838,-1.7657812018097192,-3.107265485907119,-3.0967498361479753
0.3235374751949043,0.13915155333108617,-0.48832582893669185,0.6758978047584194,0.2791041936545935,0.37539608816631476,0.22645635239074946,0.6929790310715772,1.1911992179817024,0.276842591018417
-0.31779830146727006,0.3401705780812073,-0.7382714900486409,-0.5537519534722679,0.732196358639337,-0.3630899671427458,-0.8201412298917601,-0.05259444701104443,-0.9301507923448938,-1.6869781657683864
-1.6764985199963924,0.33736811441807585,1.0909643467969319,1.0021592397202461,0.280655693029461,-0.6225128713660393,1.2989508887238665,-0.5469954324196151,1.720860787157121,1.1746703322842749
-0.9209862055752561,-0.6094641628767224,1.0641000490986834,-0.49134142864761554,-0.42952176173978684,-0.16007464920252334,0.732461880123302,0.06032283508567993,0.8468278743546955,0.5413140002264486
-0.2277961539961229,-1.3609959553534652,-1.3442661930897708,-0.7569240837305663,-0.9541482080409298,1.4020382103882358,-0.569527486670016,-3.8020542656455807,-1.8191427236296196,-1.1558329419985744
0.20044724886975465,1.0274790083251548,-0.904503773613338,0.2611074112856284,1.533394599053147,-0.36203178859024554,-0.3863491187340158,0.6242987696668373,0.018856445660204613,-0.2564691426975646
0.8319786425292662,-1.0036547407792757,0.26357385565322455,-0.06242342623700705,0.1667030604935812,0.24712492053713103,-0.16990869532915107,0.030477871977134897,0.024718010332123064,-0.6056828300861218
-0.37252308423696623,-0.09150307439310816,-1.4555731030925594,0.43388378430183405,-0.7802606591566319,-2.165666993980819,-0.7743345769430472,-1.4796630437253415,-1.8250009230072934,-1.9499326673027995
0.3860375802263607,0.03678394968021502,0.9536893544042164,1.0204669367695443,0.22233475715393586,-0.007534921945471673,-0.12117959211043336,1.5641947037354873,3.249383439554719,2.7360522397748497
-0.39602316797009796,-1.103779909409881,0.10130421389186395,-1.150111653460134,-0.5628202814710463,-1.996298579761489,-1.3166363009940922,-1.2251972728885812,-2.524952788114786,-2.776477885316945
-0.7831523710615953,1.7532614287206663,0.6042680521620022,-1.04736509917926,-0.09506960669617849,-0.13162649210981905,-0.18124133966980543,0.048888830668175565,-0.14142747229427416,-0.7097289156195509
-0.7690561858446164,1.4873478527375534,-2.3045205735214216,0.8132758205565409,0.13665606911697709,-0.8726213419191302,-0.33416638813223964,0.39737360213393397,0.09535412156393204,-0.6326211490149056
-1.513223886569089,-0.8747108396176568,0.756081905335165,1.9719959558034108,0.5831888222280702,0.7566355421344646,0.9276055200017796,0.14267936591978284,1.8565407578303335,1.208275229937694
0.040842690365245765,-0.9054193920178757,-0.18514808986068784,-0.67109307638402,-0.578893855991126,-0.3159427195171229,0.027127212315184224,-2.180244372106264,-2.0453638095928266,-1.8400750067868443
-0.035835730595342064,-0.9374611597394841,0.3499403442653443,0.10216436836312225,-0.879259687780162,-0.5765272352920289,-0.34090524289103974,-0.5606913036997621,-1.3587169545410125,-2.0781542231945176
0.0769544855073075,0.20158389490784343,-0.2871243654655326,0.33191409459726573,0.6401294466215791,0.020524275815680615,1.2433568785959643,0.19451554115909037,0.8216880335604361,0.04207940293025819
1.5087097136495582,0.208356233450428,0.889754798118886,-1.2127526782767821,1.0155838462762463,1.0806869402275945,0.40259299372511514,0.6830336584310572,1.5733753785597826,0.7210450557760526
0.8816514167235189,0.8417535780035046,-1.6307410615128954,0.10583369277325326,-0.43773970476178625,1.2840520489919984,-0.14181292940170448,0.7468430629530587,-0.5678062579565621,-1.1979333374316643
-1.8288815339540174,1.4749493114505223,1.4456165054688859,-0.19500753416748468,-0.004521109892436925,0.7066631818749016,0.7319781964088259,0.94477108604482,-0.23918774355497963,-0.5780554852485827
-1.0410339751702065,0.10782767835145107,1.746665986354479,0.1985884765443838,-0.20632968656660955,-0.4611034586245037,0.09229090422727926,-0.7859815990301603,1.6276550693567169,0.6531009709557257
-0.21218640753852083,-0.14444961973725423,-0.08524885455164305,-0.43557508419778235,0.20091916803220744,-0.1534543043043414,-1.1910418966292349,-0.04005930583048989,-0.5658240403949455,-1.3746529150762798
-1.0542177433177842,-0.44623985451026693,-1.508427706651173,-0.8651403155464943,-0.7574096651904301,0.013673570039960614,0.885380922243771,-2.935593781509274,-3.54557314516684,-3.0351511880762314
-1.070459999063366,1.951753432197601,-0.6575537473577363,-0.11049057842157335,0.0803553608379397,0.19595636978630587,0.4632371531603248,0.29830052976468824,0.4263853405102114,0.19107222964964365
-1.6691961178549157,0.11434805409398746,0.2736782678138202,-0.5919008390540976,-0.06594784510003224,-0.11255029366291688,-0.7249750646675128,-2.1478026713914957,-0.5510404167428812,-0.3954042251697035
0.40849651995526737,-1.6007255660514468,0.4295048179859862,1.0111990293095179,-0.18277344451658897,0.42449462818649014,0.7778697797649254,0.7921803753447999,0.09535939816086247,-0.3352129651903252
0.4325911204226029,0.7913072889913154,0.7660198182317035,-0.1531533666375228,1.8383318028721787,-0.477864147410733,1.1422033936347131,0.31061166442644983,2.052854617098266,1.337734026523337
-0.14251290100411534,0.8586297921429258,-1.2736762773081074,0.037073353990207066,1.0157266842603598,0.4530087109672005,-0.16053965180379776,0.10721623905810551,-0.5271406556633056,-1.6217842745523923
0.013708934883923378,0.5183556389166568,0.6229799854050009,0.4593441055279765,-0.49323176683668013,0.6976080968217354,2.25855939241684,1.920166320192052,2.6949642360218724,2.238320040282394
0.3936530434729872,-0.1973538161546889,1.9966153863857419,0.5514301588089311,-0.25731025530975316,0.18077661519735044,0.019599949249747117,1.7282570822295114,3.569305869485024,3.079355412390143
-0.47291385872436376,-0.44986647210849173,-0.24203235607555695,2.1129748397804793,-1.9494485454429795,-0.048310881657293914,0.21080755637053541,-0.10538106613899395,-0.137602142865533,-0.6526187562246748
0.9522460321184436,-0.11310160992152352,0.11319517623806102,-0.5465971421230336,-0.15151123115933954,-0.04673415179603581,-1.1647911081397369,0.07599986817575011,-0.39281079989977064,-1.049732151058676
-0.7207830600215945,1.2105514196635345,0.22347641768795654,1.079961253710752,0.724798777387609,1.2208251159255044,1.5276202063753268,0.5364780823169768,0.9190032396183613,0.3208396935049238
0.9191632637511911,1.4718002932282666,-0.23695103639792142,-0.3977276713654161,-0.4106591476038085,0.7612217441432197,0.8267613469326281,1.2504659841140369,0.2657792201591622,0.050402868680299084
0.8750184638496519,-0.03035285631911018,0.384508112296012,1.0542120507332866,-0.4487892594523366,0.7752759762014406,1.836994178827915,1.9942414416054701,2.3271913083547213,1.9606090365371
-1.6462987541607503,-0.1580916578987865,0.15667374632603331,-2.354683239822394,-0.5591494518768843,0.33357493841562663,-1.029117482274026,-2.1900254982088523,-1.110196181740208,-0.9094346267437285
-1.290638193480716,-1.434092761781579,0.5895579191652659,-0.6937890080895519,-0.7824432803890262,-0.3947743049369282,-1.9010138573074753,-2.319375465471433,-1.7071776234954563,-1.433055509206995
-0.2467647767848127,0.7979223717017321,1.3276859834943087,0.7039258524662158,2.801089347738423,0.35388775496364744,-1.131457971483666,1.2070341025605318,3.755241026242875,3.1466564456810744
1.5930616919605571,0.069050699268372,0.6109152566665824,0.10518549067825804,0.11741254942653412,-0.512520472040598,0.8786993437069416,1.6589997083700334,1.601977449139986,1.1330175893094823
-1.2253651750041126,-1.19252362079166,-0.14347622980571442,2.282851515753334,-1.1523916851657205,-0.803775015956753,0.023961933771369903,-1.4336472636267599,-0.9505123804337409,-1.1084306153033225
-1.1187849093686801,-0.32451971026489684,0.8253890667728982,0.6345667679130699,-0.8762741561629379,-0.09313071788044686,-0.12331398529542636,0.008982511769986545,0.702451843361967,-0.005504838020754237
-0.47840085123145554,-0.946760077250825,1.095060751887263,-1.1628478253796626,-0.5836993291675812,-1.3981805279652282,1.1767463852678972,-1.486866007044524,-0.9966049459199555,-1.1129287130542922
-0.7774470710989866,-0.618932785494137,0.8585793663995948,0.8129186316848875,-1.4386530801226458,0.9858269359810816,2.6202752751362977,0.9935025014447212,1.9915220416186252,1.0538788360888258
0.9916983442176627,0.45394081499419275,-1.2695638297334275,0.3640286186885005,0.9269653249543168,0.0743304808417803,0.09434944181097246,0.03893779427650035,-0.10626077817377921,-0.9317571506510598
-0.27026649165028344,-0.5010130713616934,0.7656611750295905,0.6512399317308081,-1.077973554552316,0.7521251776072866,2.8511451584871064,2.060336154614484,1.6066266308329866,1.2780290020234735
0.569693317673522,1.8195703562638397,-1.3728666166444974,0.7891717364868496,-0.8206769482426963,1.015746285055903,0.21391383297500163,2.172917832005618,-0.3295835254904432,-0.7564066617445768
-0.9418319364486006,0.39436266381886703,1.4443942941112655,-0.7614987914187786,-0.1413367889561733,-0.13586214569809493,-0.11715308573583855,-0.21021121305760065,0.15666831895677197,-0.4361806251936263
1.4510324825370369,-0.1336421279157075,0.3237590328360099,1.4610898334207851,0.2642280509199959,0.18067260531674612,-0.23347987419457084,3.1453465527111915,2.5227733024248424,2.714331252870954
-1.191164843923408,0.09276083891333105,-0.31462499304608726,0.1582085484863406,0.966774743466555,-1.5805946980193242,0.2509376818035277,-1.9136131898846624,0.15264971928952298,0.1823627962075287
-0.6673208783984187,-0.8678291925160501,0.1499980287205515,0.5499528597086762,0.0877358081120938,-0.035680437182721736,0.3169442535946943,-0.7328745669890312,0.35276439945053184,-0.04609304150414839
0.6672946474927022,-1.5260573803556219,-1.5084773794886168,-0.7644855799462257,-0.6125229178472988,-0.10289279661045014,-1.4450500047254846,-0.37858723958624374,-1.4752388304038995,-2.0272883091885507
0.8185398791451759,-0.16683749695578656,-0.2456249950222677,1.9128422247005177,-0.3644409885149003,0.06588824818964334,0.10565109697426217,0.8500989742702146,2.634283136657614,1.4039356228221234
-0.5457594209151986,-0.4442527183052627,-0.5880676237424107,-0.4967348048622459,-1.5427367787946975,0.9070224633597245,0.444676010669656,-2.8906823087339166,-3.4466315460745642,-2.9467410150826767
-1.3996652521302522,-1.552375704770007,-1.2933533657529717,0.8726516425959265,-0.3689730193150622,0.6037754845001089,-0.8021295495549532,-1.96870507634246,-0.8569859524378758,-0.7599958104260185
-1.8284249015102954,-0.6951667397924297,0.254028682534036,-0.2026931947429855,-0.9438800206985437,-1.0344583956791271,-1.3387149864308123,-1.0035649816073073,-1.7162123588139107,-2.083792224989376
1.1520718932655216,0.4649464906155753,-0.5886619802429881,0.3720889336534693,0.666434754419093,0.9179113912456326,0.5698197940599874,0.6362545891414981,0.07014463803216331,-0.23897957046654583
1.2460526202313984,-0.34525095254029126,-2.116519513010185,-0.08863443652622915,0.011679142768261874,-0.6165855645951949,0.40948389894006443,-1.5180738822519646,-1.3285677911662543,-1.4329834066829852
1.9163260966253746,-1.724393968334986,1.1789404032673396,1.159741865049473,-0.3386927976471369,-0.7461264591412643,0.16076502625194572,3.2584577285908214,2.875832601130375,3.121908091690901
0.25751340895705316,-2.1178965198007056,2.522536709873723,-0.38823416808725764,1.2176799736287167,-1.3755763732524122,-0.5692271182186154,-1.0777220487837513,-0.3971410442172988,-0.4156087938426153
-0.6137566534206981,-0.950841260287077,0.5832381217373316,-1.8366259001812626,-1.069928475122138,-1.704707062641055,-0.7383927181439178,-1.4400671353724743,-1.8654396005838318,-2.009106964704915
2.4183548932414234,-0.33409436313871266,-0.4748088781596575,0.6407194842449575,-1.4742399135634794,0.7478837777708075,1.5496211351811744,0.7950093710771653,0.31398810456358983,0.052659615451605135
-0.3691831821647176,0.43380763981439385,1.2479917953112072,0.19634195513690914,0.7126165496493458,0.40427939747849984,1.510300565802023,0.31449008251496546,1.0810753299834808,0.47506508864660224
-0.4844309507953596,-0.08380722740407594,-2.419991292590233,-0.8522641675907747,-0.47790046687143145,0.13243648668059824,0.10790872143096408,0.010240638451262551,-1.5264164980304036,-2.1652511170847553
1.9147691532858244,-0.38074371075483204,0.6130976911156887,0.6433645537278463,-0.09463296745037764,0.30053177470386716,-0.5014830368973061,0.7181313568889274,0.19279004342991302,-0.244530844284495
1.1289336602993205,-0.7517402681886217,-0.5775077684460271,-0.3631902714711536,-1.393932324260606,-0.12600413502440844,-0.9980147099210747,-1.5106831632675886,-2.4836290809724657,-2.5949869094463276
-1.587737758419125,0.13939025056080256,-0.5121327274560049,-1.1396020092799304,0.5021053028098991,-1.2623189392784164,-2.167029920895337,-1.8388420061420674,-0.7994420091368395,-0.757461244144622
-1.276728416798355,-0.1918032796392574,-0.5519107262872727,-1.0671251222461247,0.16837464402190006,-0.5858667776767535,-1.2100806482689204,-1.6622835196364998,-2.1848860142622026,-2.224319983563424
0.7849235971248621,1.4066877297519949,-0.6860827493259988,-0.3623915702357142,0.6167900363044777,0.2950639475456699,0.8980052683242736,0.860552646811592,-0.31793729524298825,-1.2951845491554088
0.36907195260911524,1.007932000569409,-0.4298103708369387,0.4406735962702939,0.2302690638382766,-0.3249702937632787,0.2182176274465346,-0.49151562504580726,-0.32620373772551714,-0.9431866050216864
-1.4819868444650415,1.6612735558951202,-1.7308713074212694,0.34999768565991657,0.11471438403673902,-0.03485716119497084,-0.24109420128570958,-1.0867405408840518,-2.8844363443862853,-3.2631671282299224
1.6740457628525243,0.07299052730070922,0.9041127029363721,-2.09150213252939,-0.2612006880692269,1.7563289541264577,0.14777118778370002,1.2093923200845826,-0.17391271659978996,-0.7604017751961641
-0.3826058811721673,0.27118064471901704,0.3774699064387695,0.9494204455585898,0.8650208567517768,1.3089578503571033,1.7024892221160508,0.5335239614832513,2.184991316725097,1.4897832141217557
-0.8191739194302932,0.23898139348969077,-0.8158824187123783,0.780914634293876,0.20363184348104832,0.25876900242127043,0.6658252837019853,-0.005044385114691408,0.16703365470203563,-0.3507609235694299
-0.9770173070115173,0.3998314375063834,-0.18025986402941344,-0.9210139586132688,0.3211106045464192,-0.3619308362025492,-0.7401115535043872,-1.4725010273696635,-1.7018607694027894,-1.835494620432828
-0.08291057636398849,-0.5647273036835353,0.38474470734372757,0.24602131361295532,-0.9827645971191518,1.5357091473903066,1.402755503064081,0.7216940626384589,0.2773037694778711,-0.39860962929049365
1.5303023897476953,0.21311080977480215,1.0882428221070044,-0.1992778844231711,0.3494595098812342,0.612050298559771,0.5717712934917727,1.694890030450233,1.6824169873021577,1.232785964487982
-2.0178768427494775,-1.1712841904752336,-0.554741996705251,0.45878599358936334,-0.7328807687180834,-0.032865653562163366,-0.36994368445535164,-2.635091827687881,-1.266217773080978,-0.8890447593865765
-0.6795613679187846,0.7156552264667169,-1.22532694420801,0.28389633788165525,1.5898067696544593,-1.2046884980628978,-0.6728927927361168,-1.0169459649289858,-0.9925851124904839,-1.520668425467158
-0.15395131534573947,0.5271482435563501,-1.0769336651189176,0.05190346068664692,0.7462549253113966,-0.35213476476230926,-0.02524778029223529,0.03336696782601989,-0.9497977320788148,-2.147917428737747
-1.0570861927204247,0.08004394175444596,0.34596986281651715,1.3968259017453597,0.02478483258153115,0.27102587963105007,1.2708020819749177,0.23419031954288494,1.0454180281803391,0.4466699773217329
0.2833364597523099,-0.9686889506396934,-1.291913392103053,2.7041495058881333,-0.9712078363780173,-1.5312785194879104,-1.802756160771651,-1.0709335545239318,-1.8755869119297022,-2.1986582086515387
0.6663884977911708,-0.0691031228378864,-0.36767581757200285,0.8207697319449186,-0.016201612637217172,-0.14375556729832817,-0.2583228858965124,0.7003159609045966,1.1137290327617528,0.22458995117413388
-1.649676526894154,1.326924321680232,-0.32031518659313024,1.4828498312342193,1.3015465601275813,0.20888582500207453,0.4729031475421235,0.6841837033479652,1.2415592333556638,0.6176193383895938
1.4853298062904958,-0.7745968263528605,-1.0278176227975708,-0.7052694547602176,-0.7225898210456745,-0.22882085125849816,-0.07597604898161736,-1.3975784951116352,-2.3006238821270286,-2.46455695788001
-0.778140348799658,-0.6304277948960281,-0.8732429023176543,0.5249156893863235,-1.171319342464283,-1.3276665318906111,-2.269056270326363,-1.5472003101461032,-2.490590877275885,-2.587018135598444
0.3357298764569689,-1.0916940056393232,-0.2845914007782827,-0.38623106332059065,-0.8054381820990688,-0.025976520679686588,-2.3378692769158373,-0.8964452092464764,-1.8711459128056835,-2.257296861209478
0.5672014738380645,-1.2129454898387628,-0.31319652880468385,0.025054186089218007,-1.1452929588596255,-1.543011720089516,-2.1701153434369056,-0.8265980504218493,-0.5611651289945279,-0.9375838358702901
0.7900966799114236,1.1350053608023425,-0.6211940850745657,-0.6489312994608971,1.3564041123018573,0.7577256545706106,-0.163589633024237,0.6498487932565384,0.41893107912497035,-0.21708707868272156
-2.071929429305768,0.15820489159666587,0.8903253585756592,-0.5580631454775453,0.13868333494967183,0.584632480472696,1.3206013257087383,0.1945171291907698,0.8300286619468449,0.03933574731030648
0.2162563540803604,0.8074664375693368,0.333835509591328,-0.07207603675707738,-0.10768097415235278,1.5128468665434005,0.5929065799840457,0.6986696839634023,-0.012001987786394719,-0.33204876995589155
-1.116928810006785,0.38240397433393675,1.2252775491440404,0.7647810261278759,0.6880790622449469,-0.31184972509735087,-0.8658162996209074,2.2825473692446714,3.03787005031043,2.8201401871898444
1.0136389024898966,-0.2462674312596598,-0.4867941370977504,1.2607958072188963,-0.44472467181340425,1.0375499485274284,1.9421394976315094,1.3778980776244278,0.8974212816845967,0.3362116346658638
0.6985337989397375,-0.6295901258346678,-2.229303878141395,1.8551072912597535,-0.21429434836565042,1.0694408546313776,1.106587583692712,0.5759783773282862,0.2540978780593702,-0.4227818914910416
-1.1618657900335492,-0.39241919074678305,-1.329963443214771,-0.20447414641755285,-0.9196535220710793,0.6339167714122332,-0.05682821736216691,-2.9411633194965967,-2.6253803558329745,-2.1160519629942205
0.2370094016541961,0.21847632013251123,0.5580512354985205,0.8337458446961201,0.6208230858549807,1.40756605105819,1.4688509312097284,1.606672282352114,3.2283375779084613,2.726795331905916
-1.507794497159521,-0.19810950864725055,1.087824847345872,-0.17221159260373034,-0.7933721713630586,0.46191656774357925,0.8020005804926353,-0.16316456347644645,-0.12667756940516645,-0.9262832441052562
0.4463648506719066,-0.6664995861717198,-1.4244005148394354,-0.19386855918414378,-0.12638691744037012,-1.4544481852520161,-0.990176568699089,-1.4014796797495217,-1.4943492687722433,-1.6535353820853822
3.0164154841802064,-0.5590964363255094,-0.46288526446072237,-0.4671677237682536,0.4054969016147886,-1.7495492223424582,-1.9440226614974379,-0.7276116771943176,-2.125735510369622,-2.71425579269373
-0.07454589715257881,-1.0232010131659395,0.9448051457869804,-0.4868988195327285,-1.0147589740887717,-1.0292847275153791,-1.4133160919397967,-1.1617958196318563,-1.3240742069676892,-1.6165482154124025
-0.08305913060720309,-1.0173910372899333,-0.6810286433068726,-0.5313473826688331,-1.7426411355135443,0.09881053017710732,-2.0358599239801873,-2.24916081141878,-1.9295314093665583,-1.6943627514144917
0.8920591094804706,0.9961702627626365,0.13581376638442075,1.8458485575885577,1.0254753713067009,-0.20257507406507647,0.23099068877262402,2.255948501697244,2.214619668417635,1.9866492788150762
-0.49398039301057933,0.9267809485699545,2.379716562773497,-1.4994417634023476,1.1117381457208904,-0.46316538001153285,-0.3999701031199623,-0.031115649465297185,0.1583801546995593,-0.27671252321177275
1.627154453569321,-0.030530713263211558,-0.8808331673512126,-0.9335207234105262,-0.10014611185299721,0.009285418348654609,0.08382791646602461,-0.06689456944862837,-2.199521811618059,-2.8614978748657136
-0.4073533038853453,-0.10146682279054321,0.02623579980184688,-0.7446329642777396,-0.420488658677935,-1.244347635996341,-0.7913620617881557,-1.0845247768081852,-3.04684337212957,-3.395616009184515
-0.4261206635131253,-0.4001899628325158,-0.7627454048917158,-0.4401519797668351,-1.3864581046141329,0.9289976545614784,-0.45888346359068666,-1.5648689035908283,-2.0390190312081455,-2.1241394295719602
-0.09545273332865127,0.36934706753832314,1.7228847105993663,1.053190927547646,0.8174470779267079,-1.1560231815223165,0.693709720368125,2.9687892041535227,1.701310114635858,1.8081091609731246
1.4281899039851285,-0.6116248370413304,1.8648270736747912,0.36367809341418594,-2.322659083778901,1.262903315501218,1.8423476060445745,1.3556539405706758,1.9699120542907624,1.183728984149789
-2.4598335705222754,-1.5021911726958619,-0.08481151170933274,0.35609295895095505,-0.3304222570121576,-0.539687354932392,-1.0494498965755363,-2.121958660258848,-1.6187136381238734,-1.3994627183644925
-1.0481629160710357,0.0822821375577624,-0.6423304718732236,0.5107843329217692,-0.2034885758532349,-0.11278538544513683,-0.9619484603502573,-0.9350018920581465,-0.9118538087925824,-1.2773103414777465
-1.2727434957018897,-0.38811026281147365,-0.8468797920135387,0.9442520758150357,-0.41252078388171787,-0.03986881021142907,-1.7893608783928925,-1.0635424627580914,-1.6480166762025266,-2.0180710214499973
-1.3213346988936414,1.4818800376191743,0.6146689865509817,1.1533797894995812,0.27287606835169126,-1.5944690363733498,-0.21414522314732237,3.1930961897492764,1.8555625765341908,2.065382008133238
-1.3501392614066379,1.743864172590021,0.4144976367027666,1.336980653227354,0.4922963432734334,0.3337214145518532,1.7448457219714573,2.506040587513969,1.4710535862349385,1.359558350542315
-0.7331054495088715,-1.8677730613060164,-0.45013210348156996,-0.8912331567795541,0.02596347946052363,0.510082374590668,0.7568514312034195,-2.7200845871282904,-3.1487538598360745,-2.676132194720418
0.29016714559636136,1.2868287932229985,-1.9236917124520783,-0.8522188199914884,1.8855502465005238,-1.0129210759155234,-1.023286834604148,-0.9616205967961795,-0.6962388896305503,-1.0198259809656802
0.28785472331029316,-0.5901651058424481,0.24169838508093466,0.4206377887135265,0.1428700871239179,-0.241266160053146,1.4909455887166136,0.22075084899704875,0.642918810784247,0.06262149851116393
0.7746294845341036,-0.35311223348495635,-0.7772362659059326,0.07210207867422115,0.338064831299306,0.417418865161285,0.9050557107286938,0.30441887889466923,-0.10582038864393817,-0.748514602748162
-0.0674950040580849,0.6181987175425361,0.6971998167024773,-0.30372913156109516,0.5675431158074906,1.497584329695,2.47574260902279,1.5064539995024298,1.5271930445778712,1.016881106797659
0.3570671177911656,-0.10872544674146298,-1.1810207684496055,0.6050642041931854,-0.263973040574992,-0.29188007155988516,-0.7658516507858334,-0.17110079680179072,-0.5728214309675288,-1.142523689425713
-0.9705547803156436,-0.9420368617299655,0.37851194269416105,0.00403973581619402,-0.9664730625258028,0.02810425813913814,0.39289441268883835,-0.0456533301118055,-0.08202879471545693,-0.5601549626902915
0.7463100190245157,-1.2188122791104679,-0.035135352829929564,0.6600971867629198,-1.7068535557394733,0.6180094832959143,-0.15940348349665326,0.31266393626948075,-0.30472818005263375,-1.0081736205924963
-0.7106580988843655,0.14167274440784303,0.10146673256921997,0.4846390423853336,0.3462518597866001,-0.5542491502570895,-0.3556285590620074,-0.2714773200658869,0.2193764515108082,-0.18449014018239326
0.017211404503519788,0.45366947674262803,2.046826925144022,-0.7163151020990134,1.1981984981775873,1.0102780644005975,1.664566450007506,0.5596193373292943,2.9913084981605618,2.074803851644833
-0.5822406430705023,-0.3120966992569647,1.2863798353608213,-0.2998517224446893,-0.5297782561697151,0.11313030325043807,0.22412224793224647,-0.17588128853878793,0.1969891742448704,-0.4025869613518505
-0.2776706771873622,0.03921601604277493,-1.8435585660552087,0.5155904186411079,-0.3901490270742739,1.074068303726772,1.2201475878003247,0.41428492735254085,0.046938509406784346,-0.4107843598349492
-0.16646447345295454,-0.7287183938499381,0.1301447113913572,-1.4743491379793023,-1.5091203973646488,0.07171437342019849,-0.14137817951785436,-1.4274341340543866,-1.9852607163704783,-2.134704239445761
-0.06373935603655213,-0.6587014542544055,-1.4259941752297602,1.4522204981974034,-1.6358905731895217,-1.035213526141373,-2.394728366864189,-1.0511498560360366,-1.3165463632256116,-1.6276982190867961
0.02684367993635397,0.9440692724896822,0.6224825424174166,0.23967607665137747,1.7851168829024633,1.7804170244529445,3.101475355723707,1.5433613713594978,1.8831003747250492,1.3821394906964934
0.7865793416008641,1.3960314420656486,-1.2301960879851643,1.384822650914849,0.7764209502215456,0.4884577833534117,-0.07081916201702998,1.3971938067108334,0.6795583292165148,0.23686709067651623
-2.353132852849199,1.2968659146737684,-0.1769973392732596,-0.8086859619531881,0.6515656887119696,0.6036028165985213,-1.4198427341903863,-2.7175888458001687,-1.4870695531672884,-1.019871471941202
0.5477716556411163,-0.33247485510848335,-0.34161368476114407,0.6807058063420057,0.061242437479954615,0.21656611533000503,0.5925776541081317,0.4854051490646987,1.3614948053169509,0.30802406391693976
-0.8782363844611698,0.03639972682362705,0.5578750950976057,-0.948271228694759,0.5658117794176932,-0.8398225536273662,-0.9550979521638223,-0.5774589914374282,-0.35839894107376696,-1.0089045623723432
-0.1396965621755633,0.952616232070817,-1.2365130748810793,-0.9989674269490383,0.8243200210087849,-0.64439585338373,-0.915193767553747,-0.11579849437313361,-0.6001454520362977,-1.165326603131549
-1.4874204065400722,-1.9389156954349331,0.6143775607278684,-0.8068000072828123,-0.1305163585193621,-1.7129951529964518,-1.4768978550822278,-1.5564542301185467,-2.421838530315977,-2.549736940497108
0.7646517090980425,0.10088895889896846,-1.186161748769842,-0.5996313096246525,0.08707959470712076,0.3395892935282785,-0.5130050901418313,-0.9110893747977374,-1.341900484286335,-1.7099223493662117
1.050491243888554,-0.6987167782825086,-0.6199630663441041,1.6582993721220107,-2.0098492092575357,0.49047402574695614,0.006360371840247736,0.4168695383008236,-1.4286442400847277,-2.9135646406400855
0.9491614847851427,-1.4073820715670349,0.6472608054946617,-0.022995784696002063,-0.22331815760784468,-0.3470405812378221,-0.1432963632494777,-0.20451465372221383,1.0523773683054396,0.5910611025148057
-1.316654501929268,0.6671761133414764,-0.47247281225127497,-0.36986343728547333,-0.0055113914158536614,0.07286627474107776,-0.6192995308195404,-0.28143653145069747,-0.8678725226774835,-1.4433589331362684
0.3404953400601796,-0.7328341363014708,-0.17071511365674574,0.8484849479110159,-1.0812969438158768,0.46628522205872086,-0.028998948316643514,0.42005111403907824,0.2529667785951231,-0.11592996289787005
-0.3936110865276132,0.4771836184922668,-1.067303220823668,-0.16047399614205216,0.6780558157877499,-1.539277541681103,-0.3346872288244471,-0.7783662664665063,-0.5626159392456944,-0.9421963165854523
0.9512723091571298,-0.5048835113479013,1.4034547025854058,-1.2679652988719103,-0.3641828943435307,-1.0015719435513264,-0.2881494894909712,0.3070781405261902,0.39889152479934603,0.15287011061431133
-1.421009951290674,-1.4719958737699723,0.21699894925735322,-0.48270272362744054,0.48909615537414036,-1.5511576803516849,-0.6603866262538267,-1.5148696876299486,-1.0436008712935017,-1.177808816699601
1.15019663006913,-0.38476369325430426,0.3795344610917177,1.1858956369949962,-0.3212498371625215,1.5227490720818484,1.9590749230432356,1.6174401843114325,0.8435207340908918,0.41387096994793127
0.8214778998530379,1.1619593762870828,-0.7114922779404254,0.07832841960544919,1.2924309417857698,1.3151963040325425,-0.06858876934567526,0.6063249291208112,0.6364195021361655,-0.011754440147151244
0.6866895806271696,0.3784020069686208,0.06604447096058458,0.22832294393662983,0.457002508780008,0.7485270344347008,2.1477429743494114,2.18702515162747,1.3530727519277441,1.1018372672403902
-0.12428820498127686,-1.1696967076672022,-0.6903154240161379,-0.6462140880210865,-1.2990850938490912,-0.2776564884928743,-0.21626614506077943,-2.62032846757147,-3.270337361072593,-2.873856822562465
0.5004281101238653,0.5401827006751544,0.2926544932469062,0.45111568496376747,1.3273476547758603,1.3841806972047337,1.2626576323347547,1.208567957172932,2.178860148256352,1.5781267076423309
2.1011857153216584,-0.9307328161739791,0.145432077492713,0.10828781797611242,-2.5004573139421837,1.310996459430352,0.3011460743207384,1.517719780137684,-0.41502774732854353,-1.1086493385385132
0.30556148833840574,0.4492106549590545,0.09620027589176786,-1.2468489042948956,-0.07592205067637081,-0.7054586375513336,-0.35999612915604057,-0.3362066499617248,0.46817727810904897,0.08159875102602632
1.3308232872569175,-0.041888816077295755,1.5499605369216791,-0.3610175016871699,-0.1124072103092976,-1.0776132804978182,0.5131142614700647,3.1682422830888357,1.5244764799688812,1.7282479601732716
-1.546703017708016,-0.6909946992476056,1.2282340230329765,-0.4958178254144852,-1.0863629405901012,-0.6119877294118155,-1.8471354214016544,-2.0725023718519098,-2.044634420774565,-1.8527125368665165
-1.1553103376809941,0.6533952822590574,-1.318806225430344,-0.6984805868625547,1.158965846569625,0.38089631807857816,0.08075766758714067,-2.149124455574884,-0.4539023054665128,-0.2890880638725315
-1.0442284393881316,-0.07701152109091867,0.39719481476437474,-1.1478578086767315,-0.09412632599161874,-1.0968005358061013,-0.5054837181493743,-0.5943275600765726,-0.26784391226312587,-0.6665227117172245
-2.0145722789329006,0.8042735218166691,-1.7657532480964704,-0.16619845200214584,1.6460921560059207,0.3048096045900741,-1.7138437734187137,-2.6133874598222198,-2.0302330438383653,-1.503303234497659
-1.1515998473103872,-1.1567254310072994,0.7242614034098239,-1.5025792131169768,-2.151291942979292,-0.752482259011283,-2.097266867720749,-0.8724241986597567,-1.5511216608798029,-1.9380547190490889
-2.489681929783549,-1.270680229979114,1.647234957185341,1.667779196963567,-1.1316099517540192,1.2799754870649962,3.0267219685250693,0.5808682550244704,1.6478570608507257,0.9563106357022568
0.12107842533483085,0.4667889703883287,0.9834039722365016,0.6685259936730058,0.6167529400716076,-1.1683801772621734,-0.3821909400673147,3.916953586970218,2.8497667167640497,3.359601726281733
-1.4566591087145833,-1.5442889889372997,0.4784938794280034,-1.4028393565845831,-0.6828692108893333,-1.6101281225569273,-0.5467732355974074,-1.2673768918892772,-3.1721509807189046,-3.4186424064751644
1.8344568960594827,-0.3556016396780411,-0.5333724392004193,0.11254847363751802,-1.2390386634156654,0.6208172335766287,0.45338714457407175,0.14983075081047753,-0.9137443344886851,-1.5558123376230122
-0.022650977806682664,-0.5301221895472555,-1.3446211719379766,-0.9065548361019276,-1.0039033976959606,-0.10948078751817515,0.45826024711414226,-2.1852631501413735,-2.186199850261175,-1.9788013930482689
0.3911247552314477,0.05664834104566974,-0.14473575639823338,1.9088113916168898,0.24532817521198436,0.8228469383354723,0.4743589234005724,1.5829262350809952,2.0825686266944397,1.5781027771423695
-1.0822874644728733,-1.595226343594712,-0.2557908275874477,0.9493918924665171,0.1510568798112822,0.1885971596124444,0.1856060317011578,-0.5105416285579566,0.07879832362988404,-0.45689182900539393
-0.06605804814076378,2.2498002198538694,0.9748958693911591,0.3828276101711276,-2.398647546315039,-0.003540065161869166,0.9935439709520009,2.2347706152007727,1.0519134824447436,0.8206387176314762
-1.7427332397446074,-1.5755110920783364,1.7134322510643605,1.476545856317063,-0.08444495237800453,0.11067045586078048,1.575157218205634,-0.14000006349071867,2.3403130396963983,1.6685389224571625
1.695476518324293,0.28263734833547516,-0.7277951483070282,0.5129329599079138,0.950133768187147,-0.1615800859963586,-0.30853243688368526,1.9795889134541387,0.8806613897938196,0.5733003058467958
1.4840726391967842,-0.36743849492884173,0.003956462169616424,1.3075271538459583,-0.5404291298814569,0.31309606552951763,1.7102741465351743,1.8335735305118899,1.9729512944623404,1.5137545930644094
-1.2241958345392903,-1.1198110513208592,0.5054215658477412,-0.4312242871812327,-1.2067339341509913,-1.5833817036668445,-1.2758425023693412,-1.505613450899803,-0.5169026363656761,-0.6174805202530176
-0.524196771578051,0.5164106060240274,0.22980662704052082,1.934049707354906,0.33950163192332494,1.6928778727671057,-0.3010251778277605,1.547383000260995,3.7136998154324035,3.174001594516952
-0.4214713022999421,0.19376258884229208,-0.5344455099312463,0.4926349081763987,0.06866976889574689,-0.605704763870097,-1.9825294742620851,-0.2391037450949401,-0.8014329628137922,-1.8651991620429909
-1.0015313733732136,0.2301712786079134,0.8724569220461851,-0.6759087027492767,-0.3104006880247521,-0.6698419085604799,-1.5218179173034132,-0.5799099000862771,-0.8558975187141358,-1.5350154510714327
-0.6507829994266494,0.8171789417007967,1.080002634575938,-0.07133218473178972,3.3168695784904614,0.2161070356758813,0.8747180674709824,1.3913244155763986,1.757377970773558,1.2159922963568253
-1.462144451082659,-0.02807788765664972,1.115498419103099,-0.06359911394125921,-0.01047564929047095,-0.4050966393983629,-0.12468680666000412,-0.37668293189965574,0.31193425333164954,-0.1157983236014063
1.400508021737082,-0.061668051160571453,-1.2629681868550928,-0.8550445579099437,-0.1237640688419235,-1.0890223389791314,-3.088411379118015,-1.6698424633911693,-1.9642474764776467,-1.9994808690391064
-0.17229047450319873,-0.019808518042213268,0.8984975555584086,0.7881088938606454,-0.039201589518560585,1.1024928916148855,0.5705631859841214,1.1946874671214376,2.9002440199316233,2.2504792506932625
-0.3362179825959036,-0.36077717136984255,-0.04523648640124305,0.2893997386670032,-0.8935009587764617,-0.21768852757280133,0.13205783800770693,-0.18085377385179582,0.1271990708799241,-0.24160676683044413
-0.9724785989443814,1.0316419408778197,-1.4116756857891222,-0.7772439149453023,0.22482312032090557,-0.41315026333011245,-1.9240558461271975,-1.7712577760087531,-1.512928650771228,-1.5001340332349629
-0.869612405543078,-0.6437072400756281,0.012336240209705864,-1.0624713340096592,-1.604232022514914,-1.6415689491338683,-2.6508831304442144,-1.707897510645885,-1.5234475822937683,-1.5404933820321676
0.17693186731286378,-0.4213688954375734,0.39996166143695133,-0.599977914039147,-1.578377249782828,-2.538429849511338,-1.138347728013853,-1.2164415831099276,-2.62029764725972,-2.8805604616738627
0.21370315503901402,-1.0722602228216125,-2.132706706307043,-0.8697811836880639,-2.1401127182557236,-0.8626333630692988,0.0028257620637619774,-2.099581383771773,-3.5661367313678047,-3.3971806279337584
1.3409228109184332,-1.1852361575477004,1.1424542239824127,1.4113928068232933,0.06972869423212469,0.061469655867744666,-0.31761499210485833,1.631353253234537,4.111647652650602,3.617472410114029
-0.11587110336606846,-0.33051817452582627,-0.5953881601527928,-0.5291886578319149,-1.309357969027177,-0.23910008005835037,-1.872854893008764,-1.7902690154902698,-1.7046455465147645,-1.6827121026287253
1.0067071711125497,-1.2025732704146121,1.5482375004181133,2.082060770199606,-0.8872768321826969,1.4465539115499106,1.2370046251020985,1.3821420734759713,1.5966024355098325,1.0589595683312996
-2.3792418427733075,0.8382275643249836,-1.4148868032955753,-0.7197462209968711,1.8291186177776484,-0.11040970254523541,-0.8913947298468134,-2.688684707320549,-0.8757048328179121,-0.509017994409068
-0.9085715670247636,-0.5850048151676891,0.6210646371156885,1.2447958983881493,-0.4431121458648372,0.45962778008740385,1.2618390812813989,0.22457702819624975,0.5843306171731736,0.08851307423744992
-0.6452652535163322,-0.2684639752481834,0.7529065549971694,0.5864545179543599,-0.8422247618596677,1.4360126891701532,1.0806323014290051,0.8859106332848175,1.6452628201100026,0.7992466799132459
-0.9160170311275727,0.3198689347028724,-0.8044177601847327,-1.3543031152676577,0.8376260602070358,0.9223961255264503,0.32353548936965376,-3.3281544946526678,-0.18183609929739775,0.2721720685487574
-0.10319629814145616,-1.3121732138947784,1.1671107482400676,0.9038240387778826,-1.7320092038437491,-0.268047581023249,-0.05829395105143831,0.6586822881580829,1.5465088930740292,0.6753306383488824
-1.1974400286337539,-1.6020227209785163,0.8719730246809597,0.6506698446963469,0.6755978098878792,-0.042054943193524486,-1.3015409470374852,0.1439679128035497,4.348512314230278,3.454139720249582
-3.029755652993247,-0.7769062947473201,0.9593283408969455,-0.34436652709281645,-1.0712167051425099,-0.7471148869801789,-0.7454431704716987,-1.30769792000101,-1.4653182042241073,-1.6988258309060527
-0.10660083200569746,0.36882322525938005,0.383836853583827,0.8302356002316013,1.2049957315591882,-0.6478136112504511,-0.32175357548617123,2.6483458158942588,0.6400430451348789,0.595347527050913
-1.3339626176934045,-1.9666658512662611,0.6310709654454432,-0.5275663765081707,-0.023911185943593316,0.059209583206915384,-0.7832735990143562,-2.586629274019557,-0.9839040302963181,-0.5693764505242831
0.4410479399697637,0.015840815121864173,-0.6631267225137482,-0.14629437792035796,-0.18936904967177345,-0.5773976426295836,-0.5624182994340172,0.02707078898613663,-1.1853985300668324,-1.9051035453346576
-0.4551060421071367,0.9756339793058336,-1.3577893665107788,-0.9121350289243891,0.9609140551352184,0.1695361150923779,-0.6923747429705718,-2.2033591076219756,-2.0480350838093395,-1.8299412142269769
-1.3389779750030333,1.2737330603896297,-0.5778191809356271,-0.7676795204944882,-0.4896905495302091,-0.9187675639874024,0.13087847364828087,-1.2808565311148936,-2.4631192026564066,-2.6826715558613414
-0.6845176690432806,1.030883135105035,-0.583016819993945,-0.357031334628299,1.8488854980656155,-0.8127924482297315,-1.0118381685696471,-0.981056802250048,-0.4718547509511407,-0.825370993259706
0.6057078656195413,0.522448507878948,-0.2966090322757238,-0.7771529123039899,0.5423036727976331,-0.7137364179974035,-2.738610659541333,-0.7055070774560264,-1.6763745148438143,-2.2314013011378893
-1.3557046117998988,-0.11300991161331864,-0.020452805998300048,-0.2044095659887817,-0.3516191621886799,-1.7244745790622202,-0.694432571826704,-0.7647926345534853,-2.1341049895265423,-2.710619921590026
0.055680772296549226,0.32700327476087165,2.0476034320726955,-0.2473637960743551,0.1613127597451987,0.5949164974306382,0.32168070533234344,1.5339675888184807,2.5416387153112154,1.9668284764648405
0.006407519062349004,-0.835949215665265,-0.30508759219036624,2.3218269284146915,-1.0673813131169094,-0.2331469453961197,-0.620980470726614,-0.43669619503779167,-0.7844763608860297,-1.5242742532648317
-1.1396525595115343,-1.175711997992777,1.407856796948385,-0.5229691331778651,-1.0549514496451367,-0.24536892925932263,-1.5992355606246886,-1.2634365555085423,-0.63856224226875,-0.8409803216089837
1.04097572656308,-0.009655692529909523,0.19840850422482598,-1.5976320911509465,0.09471842902796912,-0.45678365980941504,0.019539203578546327,-0.056684913303353325,-0.44182639073181756,-1.0020942252060618
1.112002612590057,-2.641037183203438,-1.5917232402879768,1.658055023009358,2.1946286916485924,-1.4148925506446974,-1.0353579568968947,-0.3852883598477613,-0.334830704947108,-0.40867248300891845
-1.41825808757678,0.00405112881487048,-0.2259500336550898,2.0851653472439056,-0.0790375765117408,1.1179960956095192,0.7863286285973948,0.31892131000076474,1.598189191456396,0.6326887142180146
-0.44074087009951507,-1.4939469077369747,-0.35766621587091973,-0.20182656282937325,-0.8292804252211781,-0.18655674093352476,-1.6290471006271248,-2.4462193202167604,-1.2876257703037348,-0.9797165741000896
-0.45693628346947235,-0.9444537918916159,-0.5188964650109308,0.01637117254740893,-1.501336206564543,-0.8825305027175243,-0.7620121288534443,-1.2101352339869575,-2.183035054010807,-2.4338167777235853
-1.6311719194965344,-1.0389603378626404,1.010235479831569,0.16454415458120286,0.06240288085326717,-2.111130155310339,-1.5054139210133126,-1.5331277477504335,0.3075098844782087,0.17029684999587508
0.7016498675894879,-0.043255083266650875,0.3126072672624136,1.0936693493872478,0.047198086850439636,-0.08544850743203425,-0.9939363059751363,1.8192491781632432,3.622775096164731,3.16418859452016
0.9800370208766094,1.4776149452266854,-2.579556246472783,0.6589054857834534,0.22499501316418163,1.5261932597357166,1.2214946210869397,1.3893303986421268,1.3854945173260997,0.6443762515138701
0.08396460277933646,1.4408359757801052,0.5032335469522928,0.5823767678263296,0.34442830262788476,-0.8768847454205075,0.577716758206591,2.429603061137405,2.2770967716166535,2.1267423012660642
2.916132504235064,0.6933103208977301,-0.1676256023556739,-0.3884949586193145,-0.5512141043592501,1.3237165374292614,-0.24456782229498014,0.439479625532708,-1.0103273260413412,-1.8479045573720492
2.349058165612366,0.6522237209448158,1.6970148990346654,-1.6849729123653074,1.265509898417394,0.02658970768753799,0.4388935414734835,1.16041549121734,1.3425974980487057,0.7598346225785717
0.5762810948766062,-0.6404430061665723,-0.798454770793792,-0.36540335640117877,-1.609669261583512,0.060474968735020895,-0.45518584553162633,-0.8885861620326767,-1.0163810185876758,-1.3953171518894734
0.6092668022229967,0.6517317448904922,0.1445691483499419,-0.260896057961744,0.7775774553420526,0.5111797496854589,-0.43233156075021645,0.3719047971465035,-0.0168041516432339,-0.2725109787957826
1.1153615275832327,-0.600173059504355,0.7044407951392433,0.3060006702584056,-1.458875908292992,2.021569917924894,1.6489151795725896,1.2091396306334667,1.1449806057638625,0.3214861820278271
-1.2443361024754225,0.05548906045492237,-0.32479329723480904,1.0100408052912448,-0.05245740116913618,-0.5855502547569713,0.7746412981831066,-0.022666070883879064,-0.562245156680073,-1.0748382440854394
-0.439077938187014,-0.6476632525082078,-0.32152009454532654,-1.151349084297493,0.014126340845047713,0.3769399738467153,0.006956823518092903,-2.5915930444645334,-3.372418739612943,-2.9553667642137644
0.3015176010368426,-1.5621446978917326,-0.2805857722262987,-1.938100923924359,0.1441757672330754,0.5033365667242948,-1.3569660521913036,-3.403104303658959,-1.178986564621289,-0.6062347435078308
-0.603600430765339,1.2573011797804927,0.16175613057925958,0.6991122529457365,0.9554839823812489,0.04218522867352281,0.8878299903790224,3.2871463399027485,1.997632673641366,2.2511343457755033
0.8981377605047312,-1.1329340472130924,-0.43931545344707257,-0.251985171144399,-0.40025908801244725,-1.8914661714101149,-1.952684929803357,-1.136165290278776,-2.1677536305845138,-2.4635699960118322
0.20417053144115807,0.229955460445671,-0.025494512796831712,-0.10722824137026389,-0.2819046900114871,0.26709793954379973,1.1326141062241115,0.28425216793643193,0.16310829074349426,-0.2068046852515233
0.6600142828630252,0.5603919295632508,-0.2809762657343798,-0.35361556234054936,0.24729975945493954,0.33787172853738484,-0.5232465320055487,0.1731356251444956,-0.8760351786395573,-2.0469353085901982
-0.21938976592605555,0.7567191903632422,0.13793430671743487,-0.2990067121224054,1.6475246171519236,1.0399913846731113,0.3937637340480107,0.7242327757507089,1.1246236762958186,0.4961630972669447
-1.1431399348840923,0.8944565436817604,1.6450798499489534,2.001047000922737,0.437998522749669,1.7325139878785207,1.2128411155637886,0.6121134045820458,2.832005951198108,2.146886001783048
-0.4185719857334244,1.0184266956766577,-0.1099573509116477,0.6909035451710797,1.6054511584509452,1.6056648321736986,0.5333259166233132,0.8324834875277497,2.802543600656347,2.0662973332314647
0.5134721760965133,1.1501709911220306,1.2495713071979988,-0.43679479079807026,1.1434900962318153,0.7837552019175887,0.5546536166462076,1.8872227469258671,3.1297188107168523,2.729814076762806
-1.0566913390401742,0.15649950915952132,-1.3611463659158174,-0.3785514696361582,0.4108243263734297,1.6622196643669622,1.487656615623663,-2.810458885923927,0.10200031218493155,0.46914628775906975
0.7366511629223526,2.3794800881215847,1.4249432532007573,0.17163745752486548,-0.15968920985001234,1.7126733417407365,3.1502633868349363,1.7104826191480866,1.2032158170674767,0.7807268907671603
0.15391665869643706,0.4863993774756536,-0.4116738858582893,-2.249488962120606,0.7980317811583492,-0.26759107102814333,-0.7937753222535746,-0.5501827730848856,-1.6793632360833772,-2.2401312535110787
0.5560812496893097,-1.3253289113538091,-0.9500268093616606,-0.10668144207001719,0.056637779655514975,0.44929995949937473,-0.9214676020755125,-2.1041653245108636,-1.5612609572745266,-1.394114696685898
-1.2789786870084985,-0.0652328593615651,-0.21383015164426805,0.6411272121675456,0.0423154303814796,0.004728824313720986,0.6355936455935955,0.05319252984369405,1.2507451720051532,0.5036949475965673
0.9394822549212528,0.026507118402994266,1.4934381508929089,-0.6197606533464911,0.18086166818851807,0.07248986598535023,0.865995753202449,0.6113014961813094,1.0944192515256859,0.39718341808759317
-0.311406621139634,-0.3708314109694852,0.2774844099917105,0.2689062970700499,0.12900731995942538,-0.2395808938672921,-0.06536357151442368,-0.479420871106183,0.4842857485725225,-0.03615836446462484
0.3002488788797856,-0.857550115285218,2.3274733337991442,2.4778026921099134,-0.5981104047860075,0.6877227828340874,1.623281112300468,0.5662332597251536,2.7805905039768875,1.931642749154205
1.3980774803585139,-0.49453073526634234,-0.3467314345669967,-1.4902051594210115,-0.8190889219284542,-1.3514941695778946,-0.8552771850711562,-0.9288857797051717,-2.724352804219169,-3.0961798088083947
0.07915874340251809,0.129614140165127,1.2196431513129251,-0.18061046418308585,0.33977376753373745,0.5050665137390837,1.1330495124542679,1.391146590957572,2.0922906413036517,1.5197798885518436
0.9914022464816483,1.2485670805571263,-1.1697018215228872,-0.3459116441450854,1.3881618782915015,0.1297298911624456,0.06245799362307197,0.7039705478733458,0.1315867105012562,-0.5716614118392432
-0.12466783276241526,-1.3964747974803,-2.0380419726481214,-1.0167884626457795,-1.666078615707391,0.26208681149716817,0.49154650242858233,-2.2591184826343222,-3.9603563137031528,-3.718191190259085
-0.7839646857383296,-0.507136890765083,-1.017903803118028,0.780203828417761,-0.31257642650123874,-1.5704597927468702,-1.1529922206490308,-1.2335505381069813,-1.2839210178458975,-1.5264045011203007
2.778476355096445,0.48871198721615383,-0.1117927482109806,1.0989332846698399,0.5813117000065313,0.11828592157732676,2.075094627601818,1.5306408677676067,2.0472319311211087,1.5298404657130136
0.5696644768864004,-0.46731928722572336,0.6289110856494574,-0.6172286271008731,-1.5255956054727169,0.7378219391707228,0.8699861620992311,0.34819066714409175,0.7637068002887779,0.5489283727121426
1.4167532280408053,0.2614507699040164,-0.6375921371127837,1.0151879303349758,0.13940730564043802,0.5207018840474904,0.29500812758416,1.1357308780289102,0.20024848345003543,-0.1405633484860201
1.0779283939207596,-0.06785393169822873,0.7516502367264684,0.3249583797190784,-0.168044887940624,0.9240878736634199,1.996704462418872,0.8013344093678858,1.4900269608643075,0.7791332773243494
-0.9372900635503615,0.3650049316020144,1.8674796500298176,-1.207535715545106,1.4449168205255911,-1.5887643105432536,0.3492065721114482,-0.5040374039519574,1.2242305549910109,0.47397173770347945
-1.59042345243254,0.5018927500716267,1.116602954084211,0.3584341485180923,0.49337571717760353,0.6475932667102047,0.13710904590032863,0.6645497192559073,3.407007530788134,2.6203398577445554
1.1280796862634608,0.003185080845269419,-1.2874723760355151,-1.405978959170245,0.04360658209990208,-0.44445568119604956,-2.6172375002992805,-1.6189466416044476,-1.370529043262771,-1.4295356888287247
-0.8389125147665742,-1.6056921027424955,1.4394249982837886,-0.5644767573783528,-0.1194321550694634,-1.040233230347579,-0.667797744761099,-0.24894939373020264,-0.1569542856829585,-0.7871961451600333
2.3301132323251323,1.4265660606425563,-1.054788952254361,-0.6646908258056593,0.5925380910526565,0.6154520189101652,0.4889547440692179,0.9560806059927899,-0.21754537003173957,-0.8167667981531804
0.3323801455424536,0.4586205580853113,0.27218033681211556,0.5495861450858547,-0.2463520010898741,0.09045077196269005,1.1267872010386015,0.24428335083239983,0.6716223096533958,-0.003916596352977732
-1.4199942134203956,-0.6171376424412649,-0.3280937912692373,0.0028178812542697927,-0.0015052402926485353,-0.2300725206011325,0.21181760683801304,-0.209941434535458,0.17173243389945525,-0.15314622339589556
1.0913765254727759,0.2653853236720176,1.5700247934051481,0.7136495396991757,0.8325293480561016,-0.6244871333200511,0.06971982647926438,0.8810906618143846,2.464059138813239,1.806977950290656
-0.3083022348115398,-0.9003195459243132,0.032552087433694456,2.058476431559012,-1.6481946499137277,0.08912452801732276,0.7506018041889903,0.19325824685572604,0.7136746785231662,0.2577798801915884
0.1772074579875009,-0.04657214503050123,1.41631245214187,1.4611564160091028,-0.2015044072386078,2.1733957110175064,2.0392538529283746,0.6648941760999783,2.1370336918332686,1.4588436520420398
0.6620772565535269,1.1286955563191627,-0.42062933094981286,1.1384159525407762,0.8112751980642443,0.10786548896428123,1.5704580040501426,2.3797861736833146,1.8334596899713103,1.6623073418805137
0.07094320255857409,-1.3895379837257889,-0.38962356219240085,-0.8480948355877449,-0.5407032326122032,2.0736322895692507,-0.17159078041871756,-3.2536958763665185,-1.7877441687528555,-1.2065652451744495
1.5085580622602324,0.9585808761164591,-0.47201454081252414,-0.8380746832124673,2.014724368168239,1.22492900594085,1.3001105427339863,1.096850412538931,1.0588608902583636,0.1766935607958033
1.5598194130610237,-0.04865947200929591,0.8664753807725726,-0.33082319655444775,-0.05795850816740818,1.0686244476750013,1.663026229489175,1.635421203349507,2.063085457856064,1.4786990190004081
-0.5940274662688332,0.22413688049214978,-0.13154445569579307,-1.855165986608004,-0.43965372909031997,-0.09861286279173373,-1.6520200328740209,-0.04899501428847075,-1.002945807052789,-1.6127796652481796
0.7903024932340805,1.2327752954301938,-0.5590163174999272,1.3856980807860566,1.5298758627329534,0.9301162598567629,0.07027252754714255,1.916411531066218,3.339878897186622,2.948024019666868
0.8525442395619995,0.18190516501405044,1.174182206473123,-0.7447817746867861,0.6363750272188349,1.041049216538327,1.7454842667706942,1.2493122780985249,2.308857002689713,1.6207473094822673
0.25134123001906866,-0.3232593317631853,-0.10924225630408026,-0.3640423265639316,0.08489634315201644,-0.7221449495918734,-0.08658026865075663,-0.46357057136354796,0.5483663662920126,0.3353419888218634
0.3645084188612683,-1.1380933325133014,1.3509768082132858,0.8042411431060378,-1.302463036730792,1.3053693376344266,0.698496964801046,1.7092732619692077,0.714576258277981,0.32878566172969137
1.9110236155825702,-1.212661447502401,-0.2325925223943223,0.2469319140470107,-0.7969481175202449,0.504086082530182,-0.3619145669517129,-0.03163660024259057,-0.3798299117810163,-0.9413870006397775
-0.09314496976207363,0.9292272256541029,-1.247143410402882,-0.15491301965421556,2.2562811665538827,0.16459400739699626,-0.05194540632593192,-0.45576495139318196,-0.5562747235849721,-1.1765906828352088
-0.8211208452947106,0.961304272622397,-1.4855792802222667,-0.9828398157242014,2.150607743345362,-0.32754989556134845,-1.0599373529508842,-2.067670969886536,-0.09606374933376749,0.0311468780052504
0.3325258818776122,-0.03360934072957395,0.06620213041111908,-0.16982583737068596,-0.2591044732931641,-1.2751827478875923,-1.9153402324932771,-0.25093541829888116,-0.8483461158878669,-1.616810083673066
0.1770404482758991,0.10745626427972872,-1.396714765437694,0.15729977682440507,0.21303978330103324,-1.8839446506415194,-1.9158236166665006,-0.6568615430835882,-1.7334217699077878,-2.264504872587265
-0.3525844702442052,-0.5467185943344225,-1.2298738548638934,-0.013939892576221318,-1.3348469212870118,-0.8453094568285701,1.475817055081958,-1.8777578984963577,-4.446158683548129,-4.380713703503986
1.3795299682448776,-0.1665688516679133,0.3621406860811209,-1.3222689527423288,-0.16811269262719294,-0.09386047615630488,0.27910408667545317,0.2849264557849515,0.5663119725025145,0.35987730653370353
-1.5123733565058883,-0.4684493343791903,0.43653941454059925,0.5710396792776612,-1.3642131049340505,-1.0997129358933093,-0.4498958605642493,-0.6560317344749551,0.5627601800802343,0.46716701100399427
-0.608246951176949,-1.2091287222229081,0.3503489520327112,1.8344373396099005,-0.2600646360036738,0.6409030883031713,2.107869469912843,0.1973140608145435,0.6622702542055715,0.1473358447912177
-0.617898381359143,-1.0682356973317164,1.8259933629536858,-1.0611043304899304,0.3666114974259007,-1.1606975202860583,-0.14500528255823136,-1.1410375335657401,0.023922852828692664,-0.15852657896184313
-0.9153042955038351,0.04417746387901594,-0.33580279900008086,-0.3330103424690638,0.36428748308852416,-0.6353749173442511,-0.12392847992977285,-1.4059977440119662,-1.712404101110215,-1.8961831971450436
0.614465769906568,-1.0828703047538129,0.010533150713117511,0.2985011458714637,-1.3976223834304553,0.15238601182140926,1.3934714204122618,0.08828803466920643,0.5440188142108459,0.28932157133499214
-1.142575229831725,0.08379328471096853,-0.10116054522079175,1.4009988854699527,0.008866560564863901,-0.41137069722920183,0.48257078189660263,0.028445080081340335,1.7915312551277542,0.7044306390665253
0.11857394113657521,0.7052892627223435,1.3072225197329461,0.49971276646486373,1.1248986566477472,-1.1205985308211215,0.0382871829763672,1.8697414414273743,2.1734661661933807,1.7827899872129342
0.3806517745461298,0.9716141735429188,1.9710087385149018,1.6595534716626765,0.7269534796042556,-0.29618332454235735,-0.3068897920649345,2.177120518139469,2.1090305235703557,1.8453151482780294
0.4858427425871472,0.8781100798880724,0.5165666524942529,1.271795259945093,1.4362570664741545,-2.530049868299763,0.23031502503687518,3.1672296929835557,1.5282198022263316,1.7267756074069949
-0.5524103765912669,-1.7116392320980278,0.7005810658404218,0.31809007159035024,0.17943412853188664,-1.7629743141830465,-0.13629778896499312,-1.5416084937709607,-0.12183927115978133,-0.17127262022066472
-1.5389327403740996,-1.446645824189436,1.324509218622242,0.5903226950417115,-0.1186862965696589,-0.9447476455847803,0.4354257442432077,-0.380391120145093,1.1250655233385958,0.5478719440152449
-1.531592481728239,0.18015424662598736,1.4211603350058368,2.6690738270170007,0.6982490347120213,-1.7741742666380054,-0.5195370810121396,-0.6624396907709628,2.322786510011009,1.8278130581588834
-0.8156964716154262,0.531360836124144,-0.701409109117947,1.4860427193963106,2.5975985672625512,-0.17116955881700896,0.8052725543479499,0.0283539943056548,0.7406046666188224,0.21951959300510993
1.0462837777316571,-0.021194079070903767,0.39914006330746504,1.4609840918291876,-0.0032323090790410403,0.5051304817046066,-0.04004665381302089,2.128575326071125,3.1237059583627387,2.828071544175126
1.1036272405599021,-1.3899508909611056,-0.036821854557217724,-0.621086409747395,-1.0513754594322604,-1.7899327878137417,-3.0930894278966954,-1.532160970605429,-2.650885984570423,-2.7541288546625906
-0.1463655586229836,-0.7727831082351444,-0.7537650433358737,0.0499595670711165,-1.0393496387824508,-0.5221688611255225,0.8592793230176226,-2.238540499050686,-2.2261362978905344,-1.994336171739856
0.5763035429575506,1.4296208343343768,1.4369303439376175,-0.6374608864051429,0.9375880045099909,0.19190562437303973,0.7026403687607825,2.4742448688912413,1.485437870851327,1.3605186809860557
-0.06963473855235824,-0.6707842954423362,-0.6333527273899073,1.8810583787298905,-0.014472340908432635,-0.32789578357988836,0.37490831413889164,-0.44418083918035095,-0.06703663278179278,-0.7129842775071918
-0.8017880005139035,0.30853001760696774,-0.6652104083754455,-1.007787574253346,1.0275878585747904,-2.4389369554259375,-1.1186889748501632,-0.5507209198615322,-0.07485676965466626,-0.46446554488141834
0.4248878728090586,0.06644007474875259,2.6730766787675764,1.474080194914652,0.7861478710620323,1.4638030962248232,0.627511685621252,1.3731054096068305,3.1594287505046554,2.5954019653597147
0.286128153242745,-1.0924970703243853,0.05120970059118608,-0.076723903054085,0.24362257651327945,-0.42708311266521415,-0.42432249563583585,-0.07626135070616791,-0.09368775063484024,-0.8728453422090379
-0.9319432294816185,-1.0189452194937112,-0.2201674832699024,-0.5892950755879188,-1.6439791113649622,0.08144392070656098,0.20558168005222088,-2.139817922579985,-2.7370545165631386,-2.5490879335839796
1.048872370339135,0.3443386020663936,-0.3009164848810405,1.130104954710848,0.8530882267591784,1.2668798251346025,1.157935977362473,1.323882583850982,1.8326299521716642,1.264042244543041
-0.764622923546796,-0.11554677912244395,0.23980444319603275,1.6707435029440911,-0.5696847773196991,1.4827581789940214,-0.23141525257077705,0.7096926223964819,3.713446474950116,2.3754127565859102
0.5323169088300087,1.2451488218251738,-0.8244646609894709,-1.5263942959517622,1.4984650191777278,-0.0839524398464717,-0.27027216179124236,0.0017444059779363474,-1.1601373428034862,-1.9124666810696542
-0.2488193583222647,0.563094043945177,0.11543296329067725,0.8807723291729268,0.93147427494859,1.1108145866115273,0.8641424671505911,0.33825441433394665,0.6026358269124892,0.06305475995770127
0.5418973632522431,-1.8593798012771126,1.2739238805411806,0.19926429426278877,0.029759705115607632,-1.4203685421356105,-0.6947126047756157,-0.4913046564622676,1.2203564092930401,0.5239623138491147
1.7870492365842798,0.8529013789637651,1.2683077859348753,-1.5831404339129467,1.546576559833221,0.8384429538494963,2.4990229400408905,1.5311158544560801,1.896968166800522,1.3743375918499012
2.220693901037077,-0.3443325234033652,-1.2905590266142104,0.31670131648513616,-0.7002259068995695,-0.5373832772644693,-1.2039517148034078,-0.26456659636225793,-0.7725707875148845,-1.3237655914082975
1.3668603821648093,-0.09540462519347394,0.5861476707316927,2.035939039066416,0.5410524641282369,0.27413158256401304,0.9982242778955764,2.6394192256782825,2.248762230253739,2.1989054191661417
0.7356395131955231,0.9232914047813228,-0.3197220856049504,-1.3190333508422771,0.9229665269172045,-0.36147370303125176,-0.509749149293836,-0.08700814285540084,-1.1536300933340136,-1.9780521181712207
-0.15587679997124604,-0.46381487072378014,-1.9347047361411462,-0.8091506159485085,-1.7386900871964166,-0.08317787281585531,0.17236139806729545,-2.90885408060058,-3.890864055769061,-3.3905117134767386
-1.2694121988367384,-0.5338101569037105,-0.2617231007218964,-1.874807296336278,-1.3322042673625871,1.0808756820741467,0.15079277408025388,-3.175970045510285,-2.138665608032625,-1.5678855636550102
1.150023452251937,-0.030211704634780134,1.6618590589257136,2.817377929006138,-0.4257923434309938,1.8740492315164192,1.034122829533287,1.5532182723524204,1.774431995134929,1.279856415726344
1.0407796714836337,1.2461827416317794,-0.19973055422175592,0.052510330121884455,0.5083816659256872,1.4035772286628942,2.8909747343141747,1.4181903901173318,1.2960635132402618,0.6901537353975133
-1.2417081159587908,-0.42590901680338616,1.5864437258433686,-1.2499985618168359,-1.3143596398516793,-0.0018554028593612548,-0.1623526717095914,-1.095111949218449,-2.7865164518406065,-3.1414176079946063
1.5298561417938772,-0.7727792327287479,-0.4343378331849098,-0.43966462595736777,-2.0689323953193335,-0.2629127412594273,0.5783402961660883,-0.6566640888511801,-3.825694117083727,-4.316526452504483
0.4425359962541598,2.0212151969304872,-0.40755479468228134,0.28226406827551187,0.045870213441132734,2.0984504155334944,3.0488069578354526,1.076570512879784,1.3016903063554057,0.30018064210103834
-1.2276392608034445,-3.2177474198283673,-1.9407957596106966,-0.659742732962173,0.3113013791936472,-1.4091511392457556,-1.534733281694776,-5.029828194431909,-0.8858233505590231,-0.368328524811603
-0.7076147838418386,0.6320320599024565,1.3247374114891164,0.15405675206312167,1.7994476398357748,0.62476620125236,1.3650221394547453,0.686342368901466,2.3573772021295025,1.681819445520492
-1.8323411031933123,1.627710668604838,1.2479233817524398,0.8998163073327822,-0.11602255002569178,0.5185342271916273,-0.4918517225054455,1.1382794829028464,4.603791484046331,3.8903106215052423
-0.2957591636266061,0.30530153561337836,0.26149609727918527,0.27249805482632655,0.9996331761932846,0.40120897664890787,0.39692268890024585,0.18644979080488178,1.359809486939622,0.6760989581467409
-0.23419747112286854,0.27920057434266426,1.212748637134253,0.2088943640861427,0.46469999105831644,0.9244077790810874,1.950095065706137,1.4776427935287062,2.3072112213086506,1.775593128406726
-0.1523151934295495,0.30438414518903656,-1.7243441165591284,1.2382738935935695,0.26355063277796503,0.014508166334543049,1.0219185397378419,0.2756628871723321,0.6403213248944777,0.06430469146664503
-1.3765521771386038,-0.8992303661066892,-0.3175948983654464,-1.2973242926388437,-0.0629844167319299,0.4688449587575241,-0.7523797365777715,-3.143428536626514,-1.8358462179742103,-1.276226143198835
-0.04147581672291959,-0.950758984789011,1.4573563416517306,-0.24928716760037534,-1.2896804234438957,0.089938342770635,0.035781070162802686,0.3577970559151793,0.36707444502062736,-0.22383367210397392
-0.8400995324913413,0.3829603932046695,0.0572338883874349,-1.0452968824086906,0.8130733345468449,-0.9635346483801779,-1.9111090611684203,-1.5110571928118,-0.32078299795646237,-0.4064479578615414
-0.8715008101368114,0.9161071307149936,0.41185190324126203,-0.07984045202440485,0.35832993106054867,1.2972178634054135,1.7404078296636245,0.707225323036284,1.5336747815684872,0.6885682824080761
-0.22150725113594824,-0.053864297303484236,-0.07437737924122188,0.5730414273313625,-0.551283818281142,0.25932023641619184,1.0048794471902167,0.21645426461689368,0.10972842706098487,-0.5676842464067738
0.5207218472401927,1.4778853795725655,1.2041147815704034,-0.021592579612535773,0.14057977001137417,0.4467479210288043,1.5712241570624568,0.6188230327712418,2.4830865950622942,1.5816316951064027
0.44478939769723924,-1.5334969593570524,-0.19601177142901788,-0.6837003200867505,-0.1877299564186222,-1.4162744745599931,-1.149127425268945,-1.7119654260210289,-1.9361283617047405,-1.9516721495370184
2.5945572585265615,-0.3503753002269827,-0.4635555815787953,0.6800337777405567,-1.125612096761852,0.21009893387024403,0.5525913391171211,0.8366849280570513,0.10104054857527328,-0.3329106974973117
-0.8678575084727981,1.8585681238210838,1.7903871050666056,-1.2024557602871273,-0.6394040473664595,1.1666150253591374,1.5369598851479007,0.8805190534568306,0.5502409883133477,-0.050868445229577564
0.4520871643710194,0.9083347162148429,0.14130593700060493,0.8245476507909019,1.6085938768798655,0.33488415639948654,2.2806923996928097,1.9832947841793114,1.3711763738247666,1.0317450173593867
0.18491851162352058,-0.8763287420080721,-1.0554178089341626,-0.2852032802361423,-1.9425219425709386,-0.6757939241980504,-2.131547337055329,-1.0094614169259875,-2.0820103443947398,-2.417335625315805
0.7046861655622317,0.21732849814937044,-2.720264478413518,-0.5108857986647594,-0.12581864857661507,-0.027782199029723592,-0.7938932079784645,0.1548500513812705,-1.2622353397155324,-1.9861539924373117
1.927843249287687,-1.4930439002086218,0.7252673199078363,0.9655704860840295,-0.7800274916164798,0.8685223878465358,1.2434355814773803,0.4819488894689352,1.4445726473877725,0.6436041469600509
1.5147062005721343,0.8919944291810363,-0.8110124867221902,-1.4948615799685943,0.16980943900798062,0.011095124661209852,-0.6340323634499127,0.005762551449631448,-0.40460567349682663,-0.9922580684880582
0.3919123599301553,-2.5072530288632184,-0.6297954580537166,0.2757675621588896,-0.4220017224313706,0.3780108468357264,-0.09571712157055379,-0.5737090583102065,-1.230472252747947,-1.7514726661090005
-0.20063256364579274,-0.19182782220588146,-1.4101196786374797,0.2654470024803504,-0.9386946403461608,-0.7083633950147722,0.38304943270296926,-0.12957970093713123,-3.493719691786819,-4.212534039295683
0.5675144143231603,-0.5883333816626153,0.2508332640618665,0.7286587896943669,-0.22209114078418402,1.7204230771476896,1.1593409961840047,1.685364561418936,0.47810476956080006,0.11249059459785238
-0.9384478750928558,1.834252122759618,-1.0184850907822278,0.14344867928100777,-0.3248287440377581,0.12298589257652948,-1.374789345830734,-0.3948174297869174,-1.889390580031642,-2.5002476574665016
-0.04390296128003394,-0.66712913995113,-0.03498856895190643,-0.062182652050031054,-0.6970621458533456,-0.08548264081498502,-2.1251389367809894,-0.5480187537620758,-1.3701916009078392,-1.9320730959266874
-1.5415027492875386,0.5376314974862337,1.4677295368797714,-0.3396309329129671,0.0775555895847232,0.652240317701299,1.164174712733251,-0.13590130777194387,0.75274288000001,0.09125812931410184
0.8329380390188884,-0.33918772531848634,0.3640613287899858,0.7835239629911582,-0.5736763114193135,0.4633887384183336,1.2595824651606544,0.14667077617482138,0.7045904301383751,-0.010942039174671188
1.1200569607657378,0.1316084064715121,0.37555394236114614,-0.027031155988042555,0.7296344222088429,0.9948382893997899,1.472952600021011,0.7768503542612006,0.956941080346424,0.37516342287433097
1.1035804409821082,-0.6314625760939432,-0.40178520156621583,0.3933911831788234,-1.5775109532045,0.9190988597103518,2.45490979537835,0.40825542941934767,0.5891036517573562,0.2586516056510073
1.4844346158824877,2.6513886095617747,1.9562848117067133,-0.8008402594891724,-0.8712722062068674,-0.6541799869093041,0.06406239620014387,2.7887938695938206,0.030982445739648812,0.04322579072294497
-0.2232478144205896,1.3206699282335537,0.3717229419940646,0.696391433640991,1.781008045284315,-0.2845598528958341,0.6040642125716755,2.7291089819138854,2.158175446557629,2.1510785173047484
-0.1561358759356173,-0.7406140226507467,0.6277335747639075,-0.6832127906416017,-1.5532691595010033,-1.3395467226607487,-1.443084834182849,-0.8098474703299781,-1.9347078357928997,-2.374326259462541
-0.7677458201262121,0.2380378335547614,-0.0577161863888753,1.2774707609496787,0.10255518196644026,-1.1864507046209298,-0.08045566040889145,-0.4417855010882492,0.6113525024451859,0.0563484948126492
-0.6923555790860386,-0.8458299632250585,0.6369518143791841,-0.3754674362051726,-1.5475564655234773,-0.7051471774068692,-0.635601485360034,-1.9245902402392114,-0.8760563391425336,-0.797202532265517
-0.33548822278964147,-0.9771171822549565,-0.5227818792414952,-0.28573215455338263,-1.0843178688066597,-1.086800767498281,-0.8885985724218233,-1.1069022036654035,-2.9048732828096715,-3.207128012894299
1.0611709416112733,0.5425736098603455,2.2603348960731786,-0.41792566138762566,0.7709137082473544,0.8539487008305233,0.7948931820772784,1.734947827086334,1.0525279414867383,0.6419869700345235
0.2102185730256027,1.5534372070639502,0.8668625619981059,-0.2318341117850665,0.4221491233537989,0.3000876976069503,1.4008094096104475,1.388841796159754,1.815930872667032,1.247441784329048
0.8579988731097826,-1.1995997338558129,-0.359468105017753,-0.025136881777015636,-0.2792604258849961,-0.9213675606092129,-1.431337674772043,-0.8105932124173436,-1.491541476086477,-1.9425345687682607
-1.1313782792683902,1.232845305994036,0.014149838627286245,0.12266169808678083,0.849854888143423,0.8205288461973891,0.8893673179594848,0.1711628900383485,0.1795170854577376,-0.16987640475174814
0.37917497750426454,-0.4128795715663427,-1.170212829109688,0.18895539479716733,-0.5151364846475569,1.1834316034953973,-0.08985524594194225,-2.7136019784436356,-1.492878035114779,-1.0798913400856172
0.42511573031740035,0.11402116511978458,-0.46660427829065576,0.7710511210026869,-0.0843667482349574,0.18353211701404895,0.1359243232334282,-0.06611778323857875,0.024173202602973055,-0.6367256313246326
-2.173267256389909,-0.8196250062702377,1.4131746967842014,0.09327412725296927,-2.2444198336380383,0.02104571211689027,0.3243946308210743,-0.3708935315295008,0.005118159969373953,-0.4041130299273197
0.69375924896716,0.48401249605281266,0.8640163862049779,0.4412067790893084,-0.6009347365250466,-0.09582571319902493,0.5886753600178136,2.3995318609012104,0.7179520150266643,0.5731505846125918
-0.23278732381064604,0.5657940920330753,-0.9641069872636979,-0.7762955082757688,2.303040189290825,-1.1709513154850186,-0.8699642893321037,-1.7553739099421581,-0.2830695579731477,-0.2786997076208615
1.5935045288362626,-0.419820754385064,-0.20815554645500847,-1.5670571018596575,-0.48965181811844305,-0.7965010155160499,-0.11226686194552671,-1.1206057509870404,-3.135178883476772,-3.4315728236830774
1.5049199412951468,2.4833812660202166,0.33280351436147354,1.0053503631302376,-0.9399430525043607,0.7804055483931412,2.36195109872218,0.9000618638767972,1.4809897243833867,0.6167428581787734
-0.7081567618922241,0.21802340478816082,0.6687269838094895,0.7466146640758711,-0.6401770091970551,1.0753269757268018,1.4787151580479474,1.2204579276007017,0.8278890382850362,0.32708799611323913
0.2987189385762233,-1.1478620292952335,0.27138873349866344,0.4451194083303962,1.3886230376083382,-0.47231782390255406,0.9456484380566094,0.21651345269761482,1.5318889756098522,0.8750576108754707
0.32614921153018206,1.0103951775427176,-0.5863319852619711,0.8646189243559074,0.587577932036771,0.8001795537033883,1.9788264177793033,1.3449181932315224,1.4520262597292874,0.8694359373284564
-1.6621614835536265,-0.8860738706054198,0.6591393148122946,2.1658511408727934,0.009855535059520415,-0.7318003416476747,-0.005988680290870296,-0.6171918565204997,1.5288188872992248,0.968853458128096
0.29576215300346087,0.21604966463253777,0.19398127562548248,-0.6286946348321328,0.5148586240346236,0.23651004958769747,-0.3269242063177718,-0.14518313649923553,-0.1957399330152047,-1.0479000372478882
-0.165512658396074,0.06951438529245425,-0.39472502001498405,-1.0368770301757582,0.260268430979421,1.9052943172582366,-0.6417469471693475,-3.851076093858708,-1.4504742677501086,-0.743880538544845
-0.1249531095604832,-1.3898380808424278,0.31483627796386876,1.1624683426225733,-0.5892270746482859,0.3479797821165802,0.7923750043253384,0.21635031414956993,1.0486611636195906,0.2604939390786537
-0.9369822557000673,-0.5957770682294671,-1.112312947593125,0.4670638589083045,-0.5933965019730751,-0.7450129709411757,-2.7940014773051463,-1.498421918031954,-0.6867546409254699,-0.7950617537557076
0.07477519776643615,-0.8009885865205236,-0.5585449305608758,0.374967381595466,-0.5303392459274671,-1.0975563109515578,-1.7868120649494634,-1.5914891828387274,-1.9451104635027585,-2.02239871761169
-0.40118871456022587,-1.4269653081523301,-0.08723208309965656,0.5610877617111866,0.29172908951414434,-0.2810136355734214,-1.0863828518044931,-1.0729707277287894,-0.3569887640636846,-0.8252433989513102
-0.027105701484268864,1.4615211849734437,-0.09924678899019664,1.1517396782637603,-0.4710174380948413,1.777922943529728,2.1808887909082655,1.5673345382045485,1.5423263955894408,0.9873638219023089
-0.478321891508375,-0.5881050089725022,0.8795668159970043,0.5299307954225044,-1.1868873278768726,1.0585667627049022,1.8920715184068873,0.5137432815219606,0.6176635181672779,-0.010842450211480871
-0.2818380880531679,-0.5311867547308557,-0.10172956593427242,0.7386831639857406,-0.21653118161346263,0.3615350408214828,1.4511515740820944,-0.05522810253462594,0.5110114823048895,-0.0884216410294667
0.9866273232497142,-1.606587051354138,-1.8023130713722642,1.4169502425369442,-0.49609159484831833,-1.1839125037826181,-1.0795068149622349,-0.6151786219809812,-1.1403073729746596,-1.6716353799091819
-0.5374345743439543,0.6640959385464507,-0.86312394409488,0.0818633560493912,1.4083452861647274,-0.44500775851943175,-0.697325712069377,-1.1803504113114742,-0.5531569210658234,-0.8260658031004994
0.9810212852631188,-0.08109309237656116,0.4118516866161772,-0.3900574823996207,0.1318794317318102,0.5296043590829751,1.5681562598729883,0.09682149386226702,0.7256226702124973,0.19746242131551284
-0.09130386605582634,0.1529878304535041,0.3306811033032705,-0.02808406507254172,-0.5785882052609437,0.9036034160651538,1.4756173669272208,0.738262048549239,0.26141233487276255,-0.41367345908441944
0.0469814638132098,1.8792240134418576,0.2945625018059743,-0.3380929747781708,-0.17250488041899076,-0.05897710838352477,0.351535545801934,-0.24295657377550306,-0.6564206198417026,-1.4733486917100425
1.3158840257667175,-0.3785768253831362,0.3528799266739717,1.7763927867453402,-1.4453408410368407,0.9994853837757479,3.3333925906267297,0.9264658492364961,1.0717107590418795,0.3986583986831089
-0.4586717691219922,-0.9255472780668218,0.7278385888884124,0.2204002466124044,-0.049276604712612526,-0.05066796616837402,0.4110117455731863,-0.16880321733116915,1.4206175710421833,0.3908647303224299
0.6899190418602589,0.12641307839587182,-0.5175262428574199,1.2527846452629932,0.4584946907314583,0.5753994538167558,-0.5357449408479917,1.7933890567752822,2.271907940161322,1.81192822844835
1.3148187235701287,0.6217275700837492,-0.043952446174611415,0.5840987748168158,1.226038162442936,-1.8960284418254707,-0.265124900770766,3.0149451393007594,0.5755054424170345,0.6972512632884416
-0.5072389470696107,0.1773170238414961,-0.3785265298027322,0.962194024270362,0.736773852526315,0.5883247019569968,2.0613759608163176,0.36870384826294916,1.6684293236753258,0.8245677114112127
0.10636972285719029,-0.46142053508487746,0.7710728942951293,2.718849450968221,-1.1497120707364328,0.8572437176057577,0.8086859804215102,0.6649055264469061,0.20875925348228608,-0.17149178493092587
1.1826622063193228,0.17205568679159208,0.2863544404187682,0.1200258772316129,0.7633623686475837,1.2592209923437134,1.1751418081151779,1.7805044500852834,2.0908691572940032,1.6531417151004835
1.2233137081123282,-0.6753027878731819,1.5774067308157227,-1.985008325574484,-0.11664380154325948,1.0073130676057094,1.2782083148092278,0.6864595129069324,0.13904232020996315,-0.5239219411767247
0.06470797104763217,0.3724218884273218,0.73306483026494,0.0008465027735997805,0.4660093065137279,0.45392705739172245,0.7619612429917395,1.9597608722532744,2.727311852680468,2.348436067416561
0.28905475073144904,0.5091090605541955,1.222834075336799,1.0792059637693512,0.7775527820877393,-0.11713751316380182,-0.9376418608163976,2.330666549710332,3.924046770923185,3.727705370207148
-0.20024099307389936,-2.2750932471305725,-0.34332885037471106,-0.9109751793934692,0.7053345886223433,-1.0603387147832133,-0.8963206781749974,-1.5415580252705603,-0.9747028820121921,-1.0652562867471298
0.99958086493255,-0.8087072054782255,0.8378502171744704,-0.3005633458836475,-0.3495963041258028,1.5767387427447352,2.5881999256938704,1.2681407048180509,2.1380260878461215,1.1584387305256638
0.8024645930095897,-0.9976138029327394,-0.6136549716922408,0.11655222205243061,-1.8814939092562017,-1.1711098715939452,-1.3721433174553652,-0.8416359196091727,-1.495168381177412,-1.8927027499256044
-1.2473088731092465,2.7959073491753625,-0.17065435544221114,-0.9858314902485962,-0.910811761361084,0.040180107211536475,-0.879051452882025,-2.339814362709582,-1.4682632014903463,-1.1975947458869534
-0.8638316302555533,0.9269744972463029,0.44223672986300083,0.25225243019622096,1.1985490043435625,0.08593256572471153,1.8551200233794758,0.27192445365779844,1.3176179861960255,0.6830762052152608
-0.33027832074915076,-1.4059375999410917,1.040916187186637,0.916647897826319,-0.4715924701749539,-0.20555861461212865,0.6139217506278077,0.5563677745404498,1.1299267359757503,0.5137072273092085
-0.8597579469001629,-0.3316574999664214,-1.084396364130488,-0.5825129781223759,-0.22064822663178724,-0.6834487239025604,-0.7096442569963737,-1.946402049157943,-2.122324736412544,-2.026243933064892
-0.6372050994814729,1.6969582718275087,2.285326707287757,-0.3078502919706387,-0.021003800828910332,1.569838038853712,2.453084766334248,1.5082499384260346,1.2288018392868572,0.7338104416878464
1.3112886014520084,-0.9250848638676655,0.7004314930450378,-0.2849883504063118,-0.9389615170725627,1.080559239307112,0.35118320942612713,0.6772579445583208,0.13994468401612203,-0.5584929350563629
-1.303726371465458,-0.6695273845849733,-0.7267303700516795,-0.9487364513870753,-0.7172899095903811,1.2089292672203567,-0.0011750210659670357,-2.572352354041614,-2.195196262704534,-1.8229859894194083
0.9066111825972456,-0.760187241872074,0.6931008760703175,-0.2865060253195975,0.18747918472696368,-0.02847364630973251,-0.011639852358641685,-0.10097852591676476,0.032021922412448056,-0.46095714433083396
-0.10058885117618782,-0.36058868687720796,-0.6431048965748398,1.198943056042588,0.4754461587766128,0.6081457253164381,-0.09207821442544728,0.2909339112815125,0.45720854261449934,-0.037433316836347846
0.3867951237256111,0.0574037349472723,-0.03297143749329112,0.8135806466148813,0.6611334945457177,-0.46652384082837306,0.2559538704449626,1.7193825388860513,1.5411762386294348,1.1075915894551154
0.1666747588992006,0.6511441403985031,-1.3422670363545381,-0.22662667526662011,0.4262717877645871,0.289271744007377,-0.5348614679867213,0.3813184304802799,-0.7445426924376504,-1.5027005935766065
0.2787873253297209,-0.6661200057329592,-0.38338928510403525,-1.1247525824676583,-0.9375805238400423,-0.785819156839729,-2.4162272449929043,-0.7337178455465809,-2.2197794389495824,-2.6645691354816137
-0.1341343268767317,-0.7428732926127325,0.49171924939676753,-0.18577258432125748,-0.5878464326029198,-0.028104018715399026,0.14716651677057302,-0.24300478153201016,0.13335747918801633,-0.19109738799874687
0.43721942077303544,-0.3297775971673981,0.25960809555460235,-0.500023519471687,-0.42636940446977256,0.40905653363827205,-0.33058251112090375,-0.15019018205714343,-1.23381975940706,-2.068216026908524
0.7490221916637343,0.1311639909865744,-0.6645948367380958,-0.5250910017056087,0.10322457268428059,-0.5792414933025194,-1.795071372498393,-0.3698990877927612,-1.3165542493717965,-1.8914382626370725
-0.3033544841454937,1.5230060932170804,0.18984709660974972,0.8005268827008206,0.35346812440777303,-0.8438611011314721,0.16820452714855497,3.3050266751740374,0.8197811399107804,1.0664766759731061
0.43887414057018526,0.736774171893526,-1.030631915468054,1.5168692978611082,0.08590955792023125,-0.22697894203871977,-0.3377704925439866,-0.3940834984885664,-0.14955388961904093,-0.7674126633540148
-0.44461480186681646,-0.23051350364768372,0.6132144938162626,-2.1812629887905732,-0.2936372082251099,0.24000093531594463,-0.007124740978143307,-2.611026385831246,-1.1865468167402178,-0.8226859386917937
-1.3179078902512231,-0.9980413720495854,-0.06776409980588809,0.2601793372306017,-1.3881697864645264,-1.3312274597349654,-1.6050497272810111,-0.7082243493512822,-2.492721715831597,-3.04600544076789
-0.17766223280923107,-1.0658239922930388,0.12476334159738023,-1.1556049361355896,-0.8313209001237829,0.3895113457659803,-1.2357961087005953,-1.9539273909254888,-1.3759853502969102,-1.2785898127118878
0.7505090167698643,-1.615380640923347,0.6985306850035063,0.20584141457682656,-0.01022583764438989,0.5596405799517365,1.2792085851720254,0.3270376890535168,0.2386894302805559,-0.14145519262979905
0.864633210199608,-0.3709416509313948,0.29448692379632657,0.6824081511127045,-1.1580597181689622,0.271445945789326,0.3806935332532465,2.072652382376599,0.8555404062173908,0.5671565979294095
-1.10750705859573,0.934647569449641,1.1191735751713108,1.4060058604011136,1.3075434971127,-0.3027128746336202,0.4083940322865959,1.29067259619333,3.880120559477735,3.295177286052859
-0.3904282321268576,0.5910571757615057,-0.2127549539446169,0.12820643435930396,0.4295701571699006,-1.164819197850004,-1.0751464065760863,-0.5886266263100973,0.14498555288031684,-0.11570685904104161
1.187200997102751,0.35229466158742834,-1.073045850150283,-0.7849381274720656,-0.04102152633902101,-0.3287192635575631,-1.307317274432159,-0.3241790230039253,-1.793903632019559,-2.3714618000523635
-0.025812891872024357,-0.4799425449444568,0.11965431491212358,-0.09458809955708876,-1.1117710262819465,0.42678625847299,-0.04209916822792381,0.33772821809415554,-0.6709628742382068,-1.4308162604301355
1.140800898625718,-0.22881061535485997,-1.0616269523241146,-1.1864009520472885,-0.3632200379925908,-0.2141884321456301,-1.412334692773211,-0.04184259526969436,-1.5995928488245812,-2.2290717740264543
1.4846861839653125,-0.427839802804129,-0.8459594537997357,1.832875703500006,0.23153906256965529,1.3432306663504252,2.208404993008475,0.638674143783568,1.1390735418137998,0.34115609258259694
-0.2187630433000253,-1.4002727335709697,-0.3604122579099467,-1.7209269524551827,-0.8480112695062119,1.297546995388773,-0.3211745822950391,-3.5762554142375143,-2.2597955107766867,-1.6089328282202071
0.02436547417585969,-0.7568433280477643,0.35320188963677324,-0.4010677178727178,-0.30725522559497365,1.283449563562911,-0.2535464578956719,0.6888312807547377,0.0299818909761648,-0.7129728802671411
-1.4982891231217277,-1.3394558740763036,0.9918228579860253,-0.06384754470062728,-1.1142965052689329,-0.9062670312840978,-2.0124276423136553,-0.5778276413578001,-0.9017722055779822,-1.6213804423330767
1.0278357466787853,-1.0175801638293955,-0.10465559939265973,1.5307740888103643,-0.7530480343450701,0.2421486841820917,0.3951304255244627,0.02144494796006835,0.5888835321721125,-0.05033224234722561
-1.4008131745477375,0.04477521125368064,0.032530571705958286,-0.1703497433751978,0.04900500534048848,-1.6440451003792482,-1.5334894018697396,-0.6145358452241809,-0.37310641514135634,-0.8198342032021669
0.014801546333604813,-0.25862595612509937,-1.4451211105241821,1.4391890220428647,-0.34400383317376243,-0.7618830794738479,-0.7918797108845235,-0.6787465691630705,-0.5576725431232523,-0.9814943711457387
1.3903598432512194,0.38648281361350006,-0.44830549153622923,-0.2978642387654065,0.46994316053076735,1.5071831507928453,-0.41821641083017713,0.617832506999139,0.5491346164715811,0.19127923523027557
0.3261620217206658,-0.37422393107034874,-1.8655732240191243,-0.11011173540993188,0.3533107995786974,-0.6969196663722459,-1.4398388661812063,-2.2462299874895186,-2.1837458659486035,-1.9386248963120525
-3.070305787787486,-1.2917951545580375,0.9596663994673805,-1.003532412065679,0.13691351305505195,0.03489783978008565,-1.2994227488781918,-2.1347881816435383,-1.340482834086322,-1.1019673352888515
0.9674396723315875,-0.3743630229071584,-1.3790586637517097,0.573627444274055,-1.624087621592425,-0.281390884343291,-1.7473011139125856,-0.45716180987300764,-1.5319247457990044,-2.062703945805072
-0.33268179913503915,0.19215709071097128,1.6136458275002132,1.9568892806402802,-0.2754096179324016,0.14382380620476998,0.7286804768314166,2.944338290750209,1.310151938168026,1.4043681594693498
-0.30695612751052537,-0.25287272383201553,-0.2145178363834998,1.1338083254426679,-0.841915039792639,0.7590709873081873,0.260212752415263,0.13478123977188056,-0.4632549372895967,-1.6417119115908765
-2.7552712761598843,0.999695548525052,0.6557398763722686,-1.6908968676793137,1.266324304312688,-0.28401101077486446,0.903739883585413,-1.4792169279325793,0.7104981883205962,0.7292440640042629
-0.5181572334360327,0.6463713879325361,-0.48895003089263916,-0.18401701307358997,1.5026777353658511,0.4003991196284516,0.03950512564920361,0.2848805734427593,0.5500507045673113,-0.1387291244656772
-0.6907179112708578,-0.971198887202889,0.4327980278402682,-1.8153104366080386,-1.3345210903019162,-1.2340698292925225,-0.6635714292871472,-1.1110327794083643,-0.5656917170779565,-0.8461351499799405
-0.3694310320301227,2.0610994568190892,-0.7542267856293856,-0.20668158044085758,-0.028383760328802743,0.448445483071647,-1.3079710703120468,0.34725911735070036,-1.5410584490318548,-2.542431142244399
1.328630554109342,-1.9994244170946458,-0.4922075355323292,-1.4462797497100681,0.20029860046630904,0.15037958254842773,-0.8374882397242579,-2.353388056065927,-2.0941374953292193,-1.811990021012305
0.2708699065985763,1.975932699631653,1.6719882583494474,-1.449389111774834,-0.43620477338976354,0.08968349094883254,-0.19056237297960876,0.9666759240246781,1.0244624365277295,0.3104848137626465
0.9099816020346195,-1.0725612441790449,-0.18269886674613317,1.3004355076913998,-1.4184606633969836,0.4546648460679097,0.1510097587249779,0.6715974116492226,-0.1502264637923818,-0.9213840362596333
-1.1654995868209603,0.7011622699344715,-0.44315139658712005,-0.5279898148917622,1.3194739032779383,-0.7095232583583665,-2.3390690005535077,-1.739560688143842,-1.4401905956924277,-1.4428089753720181
-1.164190765590837,-0.2292319474290589,1.7996383251661265,-0.2479462362134439,-0.061473657753510824,0.3382391072661522,0.514737506336823,0.12931999221015578,1.5687092086708008,0.5496796075192444
0.891466232291136,-0.25900875699386666,0.858008445370037,0.29221018300765245,0.10769799295677851,-0.011257500485702177,0.13150968164036092,1.452963740253935,2.075288287709231,1.5260708538299665
1.1838161108312237,-0.08889933369342097,-0.38627468170308565,-0.3601672222072333,0.0008341030504363245,0.31958836145341074,0.3248881757619948,-0.47762685854786513,-0.04220245665459177,-0.4462125983051859
2.6018750186609085,1.1113371302435355,-0.7358159390603194,-0.8028412771560866,1.4699167667349817,0.453946078785028,-0.24197085213126324,0.40657636119127494,0.36694204189252166,0.23077154749237205
0.4129196783486239,-0.9749922061472317,-0.4430166454620211,-0.08844273602857207,-0.8316550466002156,-0.3454314976555543,-0.7805925928830717,-0.5054957150464372,-2.6584171681437634,-3.247216906500329
-1.5092516230756792,-0.4820113656543146,0.9907086263391718,-0.3465469185783819,0.007216240495242721,-1.309733073076267,-1.8446125364091102,-1.814522436060325,-0.40363712988680156,-0.37045670002780584
-0.09944210437002177,0.834710400177224,0.4316954889050091,0.797788851019638,2.2543940181213937,0.04888154994343158,0.7106646836239328,2.0663842907334287,2.435650292188716,2.124179705383467
-0.24953561465929855,0.3744878850620065,0.14888747706041708,0.18347583761678732,0.9701518785162009,1.384847143655341,-0.7405924921776601,0.3597691204297948,0.26171177628673037,-0.14890855069842213
-1.3519483325570378,0.1758104981565168,-1.4768671544619756,1.7211720822645364,0.37368531089705054,0.5158535441878043,-0.3406564342199928,-0.025966609454393996,0.35842707194581463,-0.2693220339993596
0.7864178730428895,0.2720378377375075,-0.9945540941293979,-0.9853170138505493,-0.3381722145004026,1.022841353913141,0.2634892838370353,-0.4712281797925308,-3.4411499202246105,-3.9926292164583175
-0.9712814290025413,-1.0473151659287327,1.3267651217997907,-0.39702203171113687,0.407692702028317,0.013450709024864227,1.6076680206708596,-0.3885045191162633,1.697499054515593,0.6465916242722836
0.7400295385838473,1.2779812569694895,1.2227837315769097,-0.8422790536714758,1.1674224432297993,-0.1338418615926114,-0.02797622979086664,2.3410296396307464,3.105750736465624,2.9038950705791073
-0.055870117042104435,0.1139082147458938,0.4245579942304693,-0.2369489630743299,0.8961833317957862,1.25557633518482,1.3315428715284816,0.5747030684636711,0.0343470607320302,-0.3147868893492639
-1.5948781145089324,0.3705779371055532,-2.4483376721184364,0.14331402341663232,-0.035156232492887685,-1.5401382315387475,-1.3031660968136303,-1.388650831153702,-0.7346131157718311,-0.8875100812880695
0.3071965787326553,0.2617508391449311,-0.04751687966656814,1.4729486630726047,-0.6250549254425324,1.0829113555461132,1.6930242484600073,1.400544087015847,2.5179636369577048,1.7117428021500425
-1.657648188599777,-0.31899981436721836,1.5548963528617599,-0.1910583985332261,-0.16647774413356237,0.8228382045172895,1.3190776271977493,0.3244183915234485,0.9860890101828589,0.28346073477855105
0.49646296815052726,-1.5214588616039282,-1.5828915409686557,-0.3971174319399153,-0.758785701480839,0.42877322132251067,0.6526534613718726,-1.952499402537398,-1.3455645365273845,-1.247416235191922
1.6231529807302407,-0.8450524722834988,-0.6428060626758324,-1.4278588405137198,-1.242233875588943,0.2002698348861155,0.2093363998514336,-2.5716071275508874,-3.060156621167802,-2.685226874535704
0.23133388936688157,-0.28539872616524486,0.049740553303934044,-0.5681492777747104,-0.5435768943340578,-0.9425107659131949,0.5113464123195799,-0.9137337663852108,-2.249715741941459,-2.664412089755906
0.5430676107561042,-0.15045773681118887,-0.29949627392707934,0.8516972344167897,-0.6122714699500342,1.028687335130404,-0.19962774079158752,0.4795669507789489,-0.8182008271505075,-1.8414394402839231
0.7534683426831444,-0.5789081822575745,-0.1166913965110358,-1.3001008120813637,0.2257254501757412,-1.5337106594627339,-1.2589482361964306,-0.814730676531329,-2.0384342064668304,-2.4914053743867077
0.3826175205531708,-0.6856560531903266,-0.5860070762084454,1.916926551364526,-2.002596305346967,0.3368323720182255,-1.1801108105673297,0.19523706643749333,-1.2907225906219497,-2.451170624316446
-0.5713587028461404,-0.5354898384023021,0.3315794151059471,-0.7320514266005362,-1.0638699029582301,-0.45282198063269774,-2.1448822363764037,-1.7265302839548073,-1.4148864316850518,-1.4230123710983271
-0.664860095425672,-0.4468852436909038,0.7869288289991746,1.2277537038308124,-0.6772703411128963,-0.8443418690553097,-0.9959474350082839,-0.4708888261045271,-0.13245010384286104,-0.29587969570427247
1.508401867300195,-0.5573815894607552,0.0429609786735872,-0.6838179625921821,-0.3676533322775022,0.40077632334368435,2.088533672477638,0.37144656671340304,0.8703338824591174,0.7654857809746787
0.9598090974886785,1.147046729067016,-1.1858988340192784,-0.3434005028270809,1.5368816742076168,-0.1615840692318452,-0.46195077147911906,0.12442475763280637,-0.3246119523438558,-1.14061939836209
-0.07535609256446626,0.8423067814489479,1.271207146718736,0.08485660552734574,1.1380672550882371,0.8552398655198198,1.0863568792591418,1.7977910150151348,2.83182136137202,2.409273422197274
-1.6707919784952008,-0.07699401808217801,-1.7539091807790257,0.26790311826695284,0.37337104630843926,-0.36904104588519904,-1.3668029634602663,-1.324513801904411,-1.975849588483972,-2.1985357937543424
0.7092078471662328,0.2279599308656438,-2.5686514943105165,-0.6541974052657654,1.420844386207524,0.06291617945555256,0.13898512759666543,-0.38474197284709993,-0.41144063116165724,-0.9281634112489705
-1.0989640375862781,0.1627606164423002,1.0599767325754539,-1.281196641793883,0.044691823941671094,-1.127665156576788,-1.285377626536928,-0.9633628949134034,-0.2099610426296269,-0.4788265793548592
1.6796243580545278,-0.32095468943953886,-0.8510395849843718,1.1020654016555198,-0.5302203513395682,1.5077861938044363,1.1566736150928705,0.8548222818890276,0.8807704424849987,0.4271112342932171
0.6456737919385097,-1.1361078906740891,0.056176656277274674,0.051113113263662975,0.12965587142508894,0.3880087680252104,0.21684016604159817,0.15542710950445945,0.42407483954583625,-0.2330053344085567
0.6098173984500086,-0.2507604571544159,2.0391952128481923,-0.8818564695601832,-0.9104462901888879,0.974127736379242,0.20623358684301146,0.51667906855339,0.08888326367937076,-0.4327656686612427
-0.7735722747384025,1.4331950878850352,-1.405644571645058,-0.9217745226927877,1.3675286988288153,0.22416617875126027,-0.04270156943914047,-1.95036915594883,-2.72521353172853,-2.6177195048991875
-0.47154785729521664,0.4606604259178984,1.0919102268805039,-0.7495184893222353,0.238262835311418,-0.7767999974674641,-0.01831983241066462,0.08503336337224902,0.46717287451779105,-0.1646512478055771
-0.8263430287302882,-0.46489330937159873,-1.0675171515485353,-0.5990264242079716,-2.666779940232891,-0.03120563664589615,1.350123139868775,-1.4643217013347924,-3.6208067172105105,-3.754644868316095
0.883098529442553,-1.0286528001043738,-0.09322292817130265,1.3590003147838636,-1.0711288325464576,-0.42991634659710953,-0.9745453367486322,-0.2559084880672151,-0.47275004768212003,-1.4277031441381247
1.10509028150716,1.2167335903131096,0.3236425257742313,-0.1250558985921621,1.1740995631517412,1.464152328214002,1.9456471473728874,0.9868110001850969,1.502814342677845,0.8731333295572938
-0.0355944835824064,0.49396228069239073,-1.1460460295467745,0.1602940783623104,0.7866819039686642,-1.5793798828327492,-0.5672134728956,-0.7919096433997661,-1.5728634243373205,-2.1742076036891413
-0.6122211976313531,-0.692096268338677,-0.6097466735407903,-0.9162482798145642,-2.4995881860721507,-0.5345225490960005,-0.19664600049768705,-2.0546207027301215,-3.9080170794674913,-3.7593807668062578
-0.4801080729005097,0.4265063415272244,1.8078133214384544,-1.1056246306213546,1.4211402782396245,1.1791314524107104,2.1377392926978684,0.19648195835560067,1.8210297058983105,0.9914677384565249
0.38328778255344353,-0.028571392429038472,-0.6904885537241454,0.9530882230448654,-0.44613104116978364,0.31020534481426854,0.14178257896600072,0.1607957533274395,0.26522238786730873,0.0081443827114408
2.114638658996905,2.771096888618284,1.3723300301034762,-1.0074755163716982,-1.4331970705173849,0.25665890635988264,0.2957050050999387,1.4476216134194786,0.5707605362760597,0.14909697747291956
2.0037922517009528,-1.591536836706378,-0.14482029266606897,0.012807446644652479,-0.6094402425213324,-0.14537198560812226,0.16340112608293256,-0.001917416977492939,0.5785835685495788,0.3379598075250041
-0.30627539858704644,0.5036408768812437,0.7751054925608831,0.19661652007535094,0.8323175053061496,-0.5158352197590443,-0.16789351522405915,2.296383493403651,2.056848507747973,1.847657053270365
0.3971959378534967,0.8711818977575112,0.22787439332007617,0.25292449207858686,0.7726030565622828,2.0192170720106057,2.8329126090938725,1.4140533379231826,2.0146148940727358,1.4509325941356748
-0.6774365997988598,0.5464616788403133,-0.6771733633806117,-0.08063779640661184,0.2267749891084183,-0.2867901446194497,-0.3311786967477821,-1.7315037603309726,-0.34445498631764115,-0.3494077468354173
-1.2092233130053902,1.7288757707719686,1.0318947191518173,-1.5276012982185216,0.09359660773225836,-0.6574023667358375,-0.030796425349374767,0.31600408665833835,0.4063084167876101,-0.14970346183791805
-0.7436209047661092,0.9351840194650491,0.7273336425836685,0.6273905716482271,1.713666226200727,0.9760504858062594,0.0579093381290125,1.9002830852599353,5.111906414328532,4.72281463100612
-2.517677723077825,-0.45324358923635,-1.1419147265936127,0.5040363253805389,-1.325141826690873,0.5225377954569618,0.8847798548916412,-1.7192018500044828,-3.2786695549915263,-3.2909293027766426
1.104545229734057,0.32219964426551334,-0.14214066194362165,-2.907787644588836,0.24008080439986834,0.19671830886874353,-0.9041900073715504,-0.38884780893972093,-0.6580343643848675,-1.1752287491220292
1.131221979235454,-1.0904690815520521,0.8163974949697552,-1.9259436002393655,-1.5524430692725462,-0.20477546304450667,-2.0118538235275376,-0.6035963818379202,-1.0465848765981005,-1.5175264558851285
-0.38548189549954515,1.445474191289272,-0.6808492725345483,1.4054790383158717,0.6991553594265211,0.31880613455349815,-0.5013960504624184,1.0730749825500703,0.6162803804981634,0.12394679371895567
2.8068239652958087,-0.8800468802321569,-1.1121165904905785,0.9198632094539861,-1.3911580495064688,-0.07740217468523392,-0.9754245460871872,0.23864642116813037,-0.250062814776592,-0.805758917893227
-1.5733838479852456,-0.8175373687618553,0.8314031223081665,0.183940156805507,-2.008074834152042,0.31344119723603964,0.5586189257653059,0.30043789600847615,-0.12069500998984775,-0.9986019763070269
0.5585672929663869,1.159651159043814,-2.140063589372779,-0.913584780408832,0.7232192909631693,-1.5167133255552345,-2.4049373526709616,-1.0334485184670985,-1.5949803811148793,-1.9197054629527293
1.8067769141219518,0.6908832123159608,-1.1211859027693747,-0.4996883687608736,1.6291248887031604,1.1620289087010078,0.7282553751543712,0.6529585814167352,0.13019209993163297,-0.5465426519765271
-0.032678022845445284,0.09127598958528528,-0.14137156311880614,-0.703045073609407,-0.021449231995155416,-1.2470711404123347,-3.41631079443095,-1.4583095511602433,-1.871002919900135,-2.0121945447525804
0.7971743220131808,2.772532047510605,-0.3916423293371809,-1.1268579383222597,-0.5741403359013013,-0.491797916045407,-1.3093677373735253,-0.2331397452078442,-2.2860960785482223,-2.89948070123185
0.5842257489024857,-0.4213875818934226,0.06172060040449684,-0.726047022714368,-1.7066394045262627,-0.11764057140827378,0.3028930385450943,-1.0296403525073883,-1.4310571064898312,-1.753023709382544
0.09968326112714558,1.3878478273132027,0.1910841683743107,0.5402302948502047,0.3272274439338805,-0.8270366023434426,0.415479741019346,3.1468923775483155,0.8703993691037308,1.0483615310358374
-0.7471438679179483,0.32160793321088493,1.5078247504782136,0.5553010116087905,1.415688013802658,0.325564023695059,0.6006944088261728,1.6520624720308303,2.379177596411551,1.9075729221996558
1.9913857181481465,1.8332538918130619,1.287206422786943,0.5836645876288109,-0.29837761105968463,-0.20433058970393367,0.23359019963617533,4.479824099700553,1.3947192265887838,2.0597628579628586
0.07932178730761884,0.16553710327902973,0.3916345447268532,0.7115461285264407,-0.1656806495618644,0.8428113086822504,1.0465869344209169,0.7665127567271711,0.6093856399817562,0.10534223293035605
0.6731066748320184,0.18426680830565945,0.14509905233564288,-0.28386483035090304,1.1565884719076636,0.3001123044276034,0.015693429695253402,2.1871168804730674,3.1435864858797626,2.8360834061261775
0.0017394631025522635,0.007357648065886079,0.29151256621113314,-0.6867908443715454,0.5132336268585438,0.15691191373235075,1.5296644758260107,0.38750044286781377,1.191793987708851,0.4052677209938906
0.02642178248483924,0.20066407027580271,0.31866548578530673,-1.2950295683983057,-0.3273522991651369,1.0844025712133765,1.4698652314627734,0.58925703680799,-0.1542388096130048,-0.6995550075590027
0.21891925243605534,-1.0998169209673934,-0.580873796126918,1.2963811223182617,-1.6660487898675695,-0.4264619510602187,-2.065141271765511,-0.27808978101362103,-2.611163303660696,-3.5677338526489946
-0.10441554543493883,-0.17483335594183047,1.7362608544561542,-0.39434809327594395,0.015778149922552775,0.4667090923064631,1.2594095289151908,0.1349617406380966,1.98732359594062,0.706810712996943
0.2722956707366179,-0.06648577954425931,0.4727645818693575,0.5910931332755583,0.01417314104097736,0.7972730070897528,-0.27529845911911965,0.46210226451488434,1.8103581670477311,0.9605423335094403
1.2479722072752073,-0.24362810211412203,0.8580529554681953,0.451054186760023,-0.31943010136633876,1.342727416026658,0.748641597470497,0.9594209618340238,0.8656164454666564,0.32083570679456064
-0.720666689367542,-0.8581252617510093,0.9423545037576547,-0.0902401242732483,-1.6271240505530007,-1.0665750589922391,-2.5427498887836135,-0.8878024977768332,-1.1116859734973175,-1.5402396472242919
1.1160626901781692,-0.5532992070393744,-0.035511280496176544,1.211363935137498,-1.0671307403912744,0.6394165915375689,0.3447390981936975,0.2035020031211876,-0.0007982921410727706,-0.752977052748125
-0.8591521916992996,-1.0120511498248712,1.2173421734432783,0.6211774605113801,-0.9253777603332843,0.10091571998334589,-0.47836739586203353,-0.14791145061949856,-0.13669569072003984,-0.31031689257946954
-0.5372066702058635,-1.3965611086440817,0.8137495730839757,0.2693025026984223,-0.8284701159118908,-1.0967925534285716,-0.3997871919216688,-0.46441362996768404,-0.026523460178206216,-0.5899510948833686
-0.9883297126802194,0.019039668423770317,-1.6980785369199334,0.9461995434890397,-0.018528102741515257,-0.7124085475690212,-2.1375680569237097,-0.9383084595925807,-0.9327922202169955,-1.300450106743694
-0.975362593494822,-0.7874420387303162,1.5932004105402187,-0.3626579720550345,-0.7246495807074461,-0.7278094563740868,1.035475183983038,-0.9742726691384702,-0.6268553598395535,-1.0277705344996861
-1.2175707078129312,-0.10010960548768112,-1.3310519924269357,-1.1997310753981303,-0.19894934527005484,0.8368124302058829,-0.3349024425255752,-2.9539353464901077,-2.5869902283705404,-2.075270968188194
-0.27944401548292525,0.7685642701007142,0.45361404611024236,-0.5277948009532294,0.8310928791946498,1.3188846246907677,0.7600851374176536,0.4434912961978632,1.4870565314087874,0.5388481149393232
-1.408035084659236,0.3204440206454634,-0.29483988195839267,-0.5094352172645853,0.964345696454918,-0.3090935392069233,0.6850154972701783,-1.277654205348983,0.7994231972807017,0.745530800917791
0.4529236955174468,-1.3124570687059984,-0.0827048815736923,-0.2315526734622314,0.13670349389439684,-1.9049404143951034,-1.8916509767342764,-1.007328578626249,-1.0587403106451334,-1.43195790259516
-0.13987010796154242,0.4428799673320097,-1.9703043588037057,-1.1379631603119864,1.5477127102403854,0.1695637768269852,0.11133989934275701,-1.8060593605248516,-2.1830156945358494,-2.152219360852943
-1.040582998613119,-0.4319163649127252,-0.36621259890678215,0.6610884423180141,-1.0336261160694775,-2.0391397074993347,-1.6957916417348433,-0.45667624900965953,-1.8161170636935204,-2.5201383966611495
-0.2528721213614845,-0.49681968356402423,0.47193288941362693,0.16456793001002795,-1.1369065420373534,0.6123914380255266,-0.6021295761214986,0.23675090865895684,-0.3423946357765785,-1.4195766091988358
0.1469635789079249,0.437533051278543,1.781133230954633,0.9213789791928911,-0.6464377303126867,-1.1393829831738693,-0.2686343556803711,2.9394352474825105,1.048206866659152,1.1377880237102276
0.42256988313480587,0.31517478590480863,0.7311316769645474,-0.5170504796304531,1.9017652092151343,1.3024923769452195,2.210404728839306,1.2280635430293345,2.2371147047077184,1.623169030153155
-0.6003587991871229,0.005486075155243367,0.18586195978481512,0.11732213322224694,0.3538219492700459,0.7283786845958027,0.6235039637699732,0.19172644029756652,1.1782898499530488,0.20966418064238973
0.7204756030183778,-0.36705494477802775,-1.1386845567504686,-0.16713394956268263,-1.5457157942720459,-1.2106650864031752,-0.27975908345388234,-1.1871113883481672,-1.9671375854629813,-2.2258033756403153
-1.5550458124698514,-1.5784814273463081,-1.174900386568191,-0.40647703399344187,-0.5282848839996228,0.012335772675257206,-0.8057552499416564,-2.9396835173233966,-1.3489575704593744,-0.8589730075723874
0.15409322247683127,0.07002741518355712,1.3426454486559234,-0.8560207524766487,-0.2175971534087496,-0.4157844809785306,-0.11216263722550221,0.5030661022830272,0.16496343543247383,-0.4223967773236047
-0.26354803016787043,0.5201396899092202,0.06934605724182313,0.4754455476953901,2.115140645203704,0.5917639583185912,0.11323955744026765,0.14680034995413827,-0.3693945083082608,-0.7297932534770877
2.482243632190845,-0.3931435398669287,-2.0989207654228434,0.9288342291428967,-1.4200149637868003,0.13504413023922823,-0.38886786152482106,1.0833050629781522,-0.13361345845927958,-0.6206330819156767
-1.1956080763302548,-0.2313374691278227,-0.3718202983509266,1.2499888407929425,-1.3365100338465137,-0.2957632862118659,-1.0733179606600143,-0.7683666415388368,-2.127186538999795,-2.7479277772763977
-0.14850360980398525,0.8602799554954529,0.18669953358626695,-1.4146918057091757,1.2566785808038934,-0.49514528523854084,-0.9929359810508288,-0.3369282999069348,-0.0652475941289533,-0.5667691966689188
-0.7464314716466438,-0.3534269644628992,-0.45926501617824317,-1.0679768017025772,0.20817569755689924,0.0972239576145667,0.03802040921570382,-2.383474129628742,-2.448328649838647,-2.1430251614317988
-2.195224532892318,0.3097529451318331,0.937369541119728,-1.2731865168752274,0.38030446134480156,-0.9080976732129393,-1.2564469175399438,-0.380845594847636,-0.510750896405258,-1.5725835024070012
1.5589050648400664,0.5030591929106756,-0.48030654520629296,-0.813529479028525,1.2122361246394373,0.6408610927363998,0.9595100268123519,0.25514388707170854,0.21853307404459774,-0.0998053077211809
0.5838369061313327,-0.3290530133969333,-0.392126530095135,0.735044772620595,-1.5870307042051248,-0.17449089960285805,-0.20614167602419387,0.041509312152478606,0.098811335494564,-0.3364808601681033
1.660154253386794,1.4655481898304994,-0.5745961732436712,0.26145967086939587,-0.3753042525421948,1.366245996374145,1.0170300405304022,1.0537623980934196,-0.2586117128253735,-1.2053810968213803
0.10346782851342748,-0.7695579294708447,1.9881893608133634,-0.9203249796322522,-2.6755057361968566,-0.1260757102144351,-0.5776209968062611,0.050019296958783155,-0.9020046760701275,-1.6739644924653552
0.8341109682836599,-1.1631509597154484,0.8977561901996911,-0.6434693672877517,-1.296538957861162,-1.0853862154998561,-0.456120680068986,-0.24689044624457623,-0.07406710160713992,-0.5127707893051671
-1.5670830632334207,1.9815582075621991,-0.5270791916936465,-1.7505022371447396,0.4831103936809768,0.1479905782656089,-0.6924314685463162,-1.4867349048800478,-2.267155886374227,-2.3918372813419184
-0.289699954819221,-0.04980060995705692,-1.0847656661177296,2.2040735217262513,-0.2987194863612995,-1.6825878309065314,-1.1960488460910637,-0.5762599513113261,-1.2988505256506988,-2.0732825365719405
-0.8269027590884398,0.264398652661375,0.01708393826883118,-0.2326992367804855,1.311210761781264,-1.5028144454989176,0.4739859736341948,-0.8360189580111292,0.3365865466592489,-0.011228705835624242
-0.46150696117504775,-1.0559301877093228,1.1401171246289576,-0.10493609070318577,-0.6908980670352638,0.9589303678499956,0.45453468645771344,0.37518086803808515,0.570614478590543,-0.12341112732304725
-0.21394197548467203,-0.012244948084521591,-1.3154222793437567,0.5468977772443109,0.45644868971693586,-0.8322043553801547,-2.027924680498076,-0.6127193765050853,-1.0334762520394656,-1.6530351731686905
1.1563132160269367,0.179123921364068,0.22548958060911872,1.1834240957643665,0.6997573875523336,1.0053458978913359,1.2350703283400595,1.6863299016560442,2.5228041081055763,2.0595706610569917
0.04989290396227862,0.11179154523995537,0.3859584904032925,-0.14744930836251277,0.3268592210931316,1.2767989365394872,1.4536289999978163,0.5906916617659301,1.533764196797482,0.5522210321374271
-0.6633112032214942,0.656218308577699,1.6007074169721622,-1.9197887107928686,0.7103890503109254,-0.05020906633446498,-0.2560867498667285,-0.5880183234736883,-0.14851353931539635,-0.7689918384160075
-0.820261672530799,-0.27769577876390394,1.4613087632030226,-1.372817206229812,-0.6141463906913918,-0.01862325510309981,-0.2747922326410974,-0.421701994160941,-0.1583021111198336,-0.5721815615324
0.9042383210368832,0.16448588409544598,1.8500297353879311,0.2710140184072355,-0.4795282937168941,0.14238153122487884,1.650876646330583,0.43059442260951575,1.8971915839331026,0.9630893363669137
0.4925081519189954,0.7514986023793765,0.04320996851174817,-0.20871626466419127,0.6169540278111434,-0.35086126624554126,-0.71847290683658,1.1895189929282424,0.10249364654863646,-0.21101952280522518
-0.9178503486803566,1.588837464167938,1.8785130470395586,0.08071267371364761,0.23055706767534717,0.16766420274506721,1.2526263991015232,2.0955759004033956,2.2374608078593434,1.9364746294699346
0.18233436477730888,0.41560686674710723,-0.532646557084263,-0.5709339546172926,1.5107543991559984,0.6934616848132237,-0.6185704284995031,-2.0229840292047956,-0.8533962353751091,-0.7282186170094396
0.5184632883713386,0.08367020529417828,-0.33317117402971136,-0.18708645046757247,-0.01736790552154238,0.1763027035040797,0.4510935358700384,0.13793494807653164,-0.44580925577746516,-1.1456196443662068
-0.9972358021912175,-0.3657777340292684,0.43542358960226607,-0.1030993803145334,-0.5890162419767233,0.09092056160826509,0.17432768363150686,0.057951852294622186,-0.44924207720243126,-1.52315786187927
0.1625749838793871,-2.0622349743766955,-0.8124684863446419,0.9151163731337789,1.367190472588161,-0.08442394548206199,0.9162311321588481,-0.10356735080100565,0.5766667341373073,0.0516509308570481
0.15312742614010336,-0.007997990874337954,-1.0759147152687154,0.05291452873724581,0.03858351947765548,-0.9216579039064403,-2.78046763708464,-0.7385808741552634,-1.673871970416666,-2.1443403766385747
-0.6373719885104715,0.15859892429350955,-0.4448152636476009,-2.2000542344476757,0.584296761727557,0.14850213260631945,0.0027771395003243216,0.06589201883184126,-0.6526814934772788,-1.2628147388019761
0.699923281698347,-0.9367804578990199,0.352838958818081,0.5344498970380633,1.1134183273449632,1.8902515385857792,3.1969062074022165,0.8996667985960654,1.7366619885888412,1.0981586858098755
0.8969771944319775,-2.427705527980468,0.45192606064486057,-0.6514053259648602,1.7471329410608316,-0.30437879618217006,1.001481221027,-0.6825456495969865,0.7786552719076595,0.15153531246535898
0.9455539952096357,-2.135915038159859,-0.4599553970319466,0.24633493166899315,0.45105964731029946,-0.7359001213384236,-1.4950674024693817,-1.7778585977217891,-1.405086979292717,-1.3839838943228304
1.9810100938983548,0.39776977147374926,-0.2321736660298635,0.1510519129829024,1.2193972906736086,-0.04302076743206071,0.5033120984820443,0.14818968060917959,0.3379756295280034,-0.08954531840241453
-0.9788518846476408,1.0552165729215677,-0.908695918098123,0.5598563824108369,-0.41075140078383476,0.3554496016402914,-0.7470432733731208,-0.7561293116846101,-0.7634280783297742,-1.1682384154145309
0.8391602425923316,0.020049380226045382,-0.5266137190796941,1.641283898583307,-0.08206547118943712,0.787384773797466,0.10589975402699037,0.357834181440257,1.6186888735684841,0.37035369877684426
0.08162839515889526,-1.9975646369048725,0.881091592807947,-1.0121702702209132,1.0344931401921176,-0.21943561301354586,0.20374469166641673,-0.8154524982612543,0.1342892044205395,-0.28441974989689667
-0.6142668486095209,-0.6074733824239865,-1.2087915467796373,0.014777470790795976,-0.5741501370057034,-0.11310822730367054,-2.257454145271539,-2.1874010747114507,-1.7732028116463474,-1.567663987967976
0.07352750376008316,-1.2209412166813869,-0.5614894001024116,-0.3369474278075334,-1.8233679751575846,-1.963295458245907,-1.5136934840871819,-1.0766626838336117,-2.2716799603920865,-2.579615177137522
0.5437367065810316,0.9921669097370149,2.412117813828622,-0.07380926007994054,0.48750298578452056,-0.2229219306956769,-0.6559509529051752,2.348724203950802,2.256909409936979,2.067492447885952
0.09267385229588583,-0.5860425007257679,-0.9213790819397066,0.41684523690273534,-0.0153754919237713,-0.31837331198563446,-0.30491305210959374,-0.23497504407668202,0.7162616111426112,0.5367254355404849
1.448436612494934,0.10797002706942176,0.2734376656332314,-0.9371884109406332,0.42091681631760736,0.2905636200641465,0.590843817093045,0.8570960937521434,0.5675611995428559,-0.1276602207112087
-0.08023015296347628,-0.2038435812565339,0.17470288796453023,-0.6209802996256096,-0.25204195623389736,0.3011841077126889,0.14287498767339105,0.09845631374175012,0.1565942388461456,-0.2149380523686425
-0.9345061576928579,0.6769515898467102,0.7403112509221069,-0.3962169033753423,0.4010431144819806,-0.1680738147273897,0.1918689380305343,0.320730361900562,1.3124716992733338,0.4133532183674602
-1.2380501888691655,0.9535332636294795,-0.10317834608464263,-1.171017251564969,-0.3955456693932109,-1.3213176909114945,-1.1837033455188766,-1.2542900657701188,-2.555449388577653,-2.7915699823223683
-1.8118028738731151,1.1314708147035932,0.49330216461338483,-1.7864181583262961,0.9231309441981129,0.1990149079606911,0.6600418850839824,0.2014862263707996,0.5659912597684651,-0.037063369740480745
0.7634873588709757,0.5219739581634857,-1.400727037596751,0.2859114185008617,1.4151015929290245,-0.6537125901329638,0.20497132200525203,0.21474632655496773,0.1610643787393091,-0.5232849863550703
-0.5063773708245792,0.2797607843893883,-0.9221084806351364,1.8783438461464277,0.7655808414300385,0.22085445659062475,-0.003093744201681514,0.3447335501790849,0.7831205297153371,0.19557178279704915
0.05667791223171492,0.5322683897850922,-1.1658738483459956,-1.675803736014178,0.18097046283005602,-1.205081984999473,-0.5603255740384766,-1.1438321171210295,-2.3643055630039815,-2.6436131597638353
0.08647650656515596,-0.6709180634662678,0.9786419745118862,0.10683980784879396,-1.9792050483884003,1.619294756745175,2.0838266922388087,0.702302403700666,0.3976296229365343,-0.28324096245070524
-0.0032635394344014404,0.848951201832037,1.1418522365178305,0.42895199930494216,0.6583240518625828,0.3702546378617475,0.8458906844434102,2.1053667406015526,2.3223348401675854,2.027867049667399
-0.09324115817545547,0.4898726391080733,1.32132334450042,1.1564835679904735,1.0566829545784606,0.11707881901019603,-0.2795906622520007,2.41753446612804,3.1362491596274875,2.981063157671098
1.9551755754652815,2.0118270828034666,0.22774312900015764,0.6921178607847653,-0.8395900428418296,-0.9558253204243735,-0.384927900220195,2.911770454205666,0.6774383896802134,0.7485320804816582
0.04010943220431033,-1.1840848780977562,-0.18118677140441214,-0.7212221067002923,-0.21899665173353822,0.7128566597356494,0.0856124983877152,-3.548214145350647,-0.20032974343416687,0.23777007817771267
-0.6035922949003656,0.6558671925607712,-0.4830372665103545,0.19511998206243553,1.152056993159198,-0.28946125619714896,-0.31392667268106333,-0.5257789848521859,0.009724965841446803,-0.5617386861919773
-0.28013924264819745,-1.531578455327966,0.08554937412031521,-0.9426338627740833,-0.5676112463251188,0.02938168246599593,-0.4894462881012398,-0.42907735159430693,-2.4627707912314287,-3.082759946974366
-0.9549053166102877,-1.185028715199093,0.6666769118016294,0.5035831954971821,-0.9257205970301312,0.3408364128984947,0.007022644261557465,-0.3734710779034766,-0.08832153115083882,-0.7838656781278255
-0.9471518105354815,0.1657268618928982,-0.8065805878891359,0.37152935655628727,-0.17114968447041468,-0.10040114998076138,-0.497450842380617,-2.0575891514175506,-1.1962449555929413,-1.0543645035142704
1.2959161957403478,-0.2406352078901503,0.7522086730095132,0.36556095293131163,-1.1915008928944326,-0.8078780546599409,0.15460379935659696,-0.1522707543909887,0.03627025858503846,-0.5867093493007179
0.3315538961651118,1.2306994488105034,0.37864915301257396,-0.2963972710628434,1.7268930830818547,0.6639389424013133,0.19134855541726514,1.5544823102286733,1.4536690897552145,0.9707867240528874
-0.45750536674026543,-1.275747506799559,0.16340889111107534,0.19364065681239737,-0.696701709022665,-0.05453889700024461,-0.42890803175177905,-0.7687387249684726,-1.2707012420823471,-1.815625938328345
1.2127504656702284,-1.081498180939279,-0.7414129023443209,-0.03143374208292075,-2.56649172935348,-0.7630186627516529,-1.1784303470417743,-0.3819626600753,-1.9795790801698951,-2.5420240760521993
1.7360629011748392,0.12422507371513405,0.550647365875653,-0.5189307654930267,0.04887714335561999,0.5140404622305399,0.277057648605683,1.0987441636201936,0.05212254144047779,-0.22368662413295365
-0.031094403466102403,-0.770186032141673,0.5274943406353648,-0.46023977372673125,-2.2093047311436824,-1.7945627841781056,-2.86792947866914,-0.7585877139451346,-1.5730209619884923,-2.0195273877194486
-1.5198387825331519,-3.1566147480044404,0.3408044657190399,1.2715335292613414,0.16562833576207386,-0.16455021789175683,1.2989934438891462,-0.1547619346676454,1.8669727017872497,1.0850298468678437
0.34062633620318894,-1.3584774293370854,0.2323560230411666,-1.3691326013061818,-1.5687955535443905,-0.9081336460497718,-0.5996427780564036,-1.1945364127316243,-2.667374576246647,-2.926241145412486
1.4811176904753263,1.3890799283637383,1.465267936491558,-0.13065990508980774,0.1962780553835558,0.09108940807750987,0.663651935779633,1.7681595323504582,2.2267369201648552,1.78455505440606
-0.005955968427636724,0.2062046771554037,2.4327980894897574,1.0098897770528499,0.014961038687220207,-1.319543219567219,0.32648879216931026,2.6868929542758044,1.4657118016388264,1.438907210685647
-0.4064260459771176,-2.761407674575501,0.26678902488487916,0.03918624189101022,0.2600930346747039,-2.1506794079109306,-3.4035269941208437,-1.3339742183762486,-0.8058593033506942,-1.1147846999608328
-0.15768713609862284,0.1407478405480031,1.2558263358757165,0.5555710023530174,0.46558618662186835,-0.23902794192804705,-0.2010637618574752,2.619964225557061,2.893200460078426,2.8335635531463774
-1.8661908010895962,0.790177139241312,1.1183253646889804,2.1249486064444367,1.0862979349677455,0.23473736296023795,-0.17297086726176275,0.6978201474742366,3.4976160325530903,2.8146906882866727
-0.19599696003445216,0.17035486338451658,2.1395251687382597,0.4112448980255632,1.3193519259981346,0.08050736770505867,1.5504822100776585,0.15445688705801275,1.4606364672613,0.8300995844136153
-0.8632568193565234,0.328339528311816,0.040647890607722406,0.2091574193374207,-0.28343533297709866,0.3343635626253688,-0.6020304311827396,-0.10423846288646663,-0.3582760641468473,-1.2940815437022402
-0.36681776210543643,1.9505427833044287,-0.23052908769360506,-0.4616056886875028,0.38686713557659363,0.1350767630892641,0.018369081851685842,0.03228235130291131,-0.1579673944613822,-0.7290607402397603
-0.7526619863483838,0.31940140828972247,-0.042189212996845034,-0.8750233515621836,0.6934934859783499,0.42796321135143706,-0.20041164737472306,-2.1137042037976457,0.36239385471834473,0.4563413413566333
1.7298437731847185,0.2011322800036931,0.46446498730841895,-0.800362480071272,0.7310335096845799,0.03157485513297298,-0.15524016381662362,1.0245669587114128,2.794403776048989,1.5206399256232515
0.14243051283085342,1.1387608659639643,0.525744686120588,-1.466963229321158,1.4821963578248027,0.05958274289197651,0.028349130763662925,0.02538783879995693,-0.04261338804202158,-0.5165314432234855
-0.16460579432909953,-0.5262362811009671,-0.5434821577491454,0.44475149015053744,-0.9206282821230167,-0.4020720696444443,-2.552293103486373,-1.3311295859543162,-1.5628256042138668,-1.757616323698683
-0.5914335470694746,0.7833119046940842,0.32901374677130574,0.8464530342631238,1.2263444252394065,1.1213704032027485,0.6143892758907842,0.7439619706738453,3.2423995507944046,2.5241536413228154
0.4733160648434791,-0.8910049684341058,0.5196287825874527,-1.1590089978831335,-1.253522737121651,-0.32546772928718204,-0.9985911860954618,-0.48901194318568225,-0.25567156183340733,-0.7252550713352979
0.26208232204084575,-0.0540649978577904,-0.5396276268768041,0.6812512666602023,0.17743136535926238,1.2676151434966347,0.40661695682313104,0.3200968453047587,0.23857733472965142,-0.41941077922031245
0.9176044740491857,-0.4736917502566352,1.1689830530652505,0.3703241346578278,0.7556909566803462,1.3070390650955028,2.52872903883746,1.9124744856013725,1.7661766272451254,1.3958162932188412
-0.8213109882665667,-0.9838298932712704,-0.13872316032211196,-0.32024109492079905,-1.6561679400017135,-1.2767899011117667,-0.9055603700112372,-1.5195084273729973,-0.9884023059071174,-1.091719670195249
0.7133511291364435,1.0393539978188162,1.629391729351829,0.7647777699592602,1.473140437325903,-0.12396524589238445,-0.11714135186132846,2.569210858478355,4.545342164870352,4.461373759569499
0.06678110355923043,-1.9452877605485055,0.16461638381234908,-1.0381296046972814,0.021880975020487414,-1.618163134222622,-1.7015010324798767,-1.5547944622906216,-1.475456315162019,-1.566146835681463
-0.07391537067723628,-1.1415510815602097,0.277467009494108,0.03295249947059558,-1.3843896118462196,-2.07064571332409,-1.6534891846329354,-0.6852875761270971,-0.3043840061343511,-0.6873562814943328
-0.5857901132849475,0.14330307277254456,0.1843396813413833,0.03583558703025692,-0.1815203284647735,-1.7794422955577074,-1.182554293470768,-0.6103721185278035,0.1681761608035538,-0.07013386147143785
0.2715503829291527,0.6191349925045522,0.8207796998631747,-0.6990829961467284,-0.3234666012712094,0.060302171633630997,0.7394118135885137,0.314573437196512,0.4370576318061683,-0.020084612992858908
0.440616803042458,-0.5545040630155806,0.878794865667164,-0.2393170290840627,-2.035190831117138,0.7913801360008568,0.3731592311932759,0.7028386103534947,-0.012113342175232134,-0.7338146408504868
-0.2826396065331194,-2.1279825358559883,-0.5065112239518939,0.7316260230985387,0.43518054666406514,0.10960204785594307,0.1078773071688318,-0.614343814995979,-0.16364283769913116,-0.8406142971349597
-0.014468812170914674,1.26764591603344,0.486367362579275,1.378525835178744,0.4652855382712884,0.32985351759075476,1.8017998495615362,2.3759384348645725,2.629659091725781,2.4551130459589174
0.5235046296190033,-2.7025049695727392,-0.5092890943960612,0.6441939428033294,0.2911471698720002,-0.20492390710132222,0.5406502462533778,-0.009010867701241987,1.1328897284187147,0.6481585299457145
1.6515975753505108,2.2731225008935616,-1.310860634822174,0.5938773697562069,-0.8849157925605237,1.5512874237959244,0.6925318286945323,1.5429236680373222,-0.4689167894979695,-1.133477385644761
-0.15655318621558653,-0.18617602545108722,1.0370218358157293,1.5867483546120333,0.1415179290877805,1.2745296887749733,1.2665289192582148,0.6222319232102018,1.3009898317803554,0.65753770992822
-0.8113145492458532,0.24086942938858688,-0.5400324262975214,-0.040349074201388654,0.18748747182775363,-0.42481009804082637,-2.420487530859954,-1.0207724384091732,-1.8992196754413189,-2.308264485063342
0.6826538191581614,1.5597354660530303,1.1436355152502258,-0.2864015145049807,0.39787802201490624,0.5151178488135695,0.8490754744995457,1.8566185231923615,0.5681694163892816,0.21838885812086883
0.8671273861017007,-0.3361882018558521,0.13503813932847558,0.2414665804082644,-0.09660254943700558,-0.2996709604739902,-0.21102882928788458,0.4660240197262022,0.7313528609785644,-0.02604484281422953
-0.5210978576104768,-0.25026011806783427,-0.22967134855464066,-0.9044851581074181,0.2677917375182008,0.1666972621329669,-1.6478185020042697,-2.195278065334294,-1.4290138875814211,-1.222462581094457
0.32214743003329865,0.06483945743642071,-0.7601312795609371,0.3283842332644519,-0.5045933752651673,0.444981584064145,-0.017109058744434247,0.12172149616884667,-1.7518072461146181,-2.709456060913488
-0.09948448928482034,-0.28429824539771503,0.5595531542873565,-0.9606188301728922,-1.296547193003546,-1.2700118050271698,-2.2976976590837843,-1.4165058122726601,-1.2054747321907158,-1.3552984836725495
-0.6136834169720538,-0.3841886807095873,0.7541191801466182,0.29088270227920376,-0.1734622035294885,1.774524628210697,0.9741750325380456,1.1138747812996301,1.0171445679883118,0.4675377141955011
1.1937812908775174,0.3049418282075775,0.21692931637162474,0.32128776018434485,-0.7503721618174075,1.3619859909844163,0.34580105807467354,0.9828981043033573,1.1657755326965529,0.23908901092252252
1.1463301880960066,-0.4877778844187299,-0.6337075884011628,1.8579377176802632,-2.3487048214655637,1.2228214394222254,-0.8526637470198135,0.882090060024609,-0.14405941731079752,-1.0270869877248956
0.566633620546445,-0.1555589510561774,0.38224968823535443,0.2861590558051667,0.26781469593468343,1.192297274617133,0.36466505326240506,1.380434422278559,2.3491580077851184,1.711699398512102
-0.3229301441772977,-1.5671655122447539,-0.07571621198423252,0.08604549275786672,-0.07286870256650929,0.5866575428187625,-0.8332415738743748,-1.8091648609776403,-1.8766788553072673,-1.835489864658534
0.1022637408648137,1.5116054424674774,1.2615684315093036,-1.086203783251322,1.1207141626557218,-0.9707625101827175,-0.4510549765071249,-0.49551447160217776,-0.21999621383582357,-0.3327481591589702
0.0011135606061596732,-0.04826588954750826,-1.8189088293522346,0.718648104186586,-0.03884002820239265,-0.04909944990455295,-0.3097146196977621,-0.5163785228831375,0.02916163578969866,-0.33225291645940236
-0.18776069585707375,0.6061160383113045,0.004194504954646658,-0.17127941464979415,0.4367521166485758,0.20203691135228852,0.08840585807365248,-0.2768049269737906,0.418938755369608,0.38093522060884
0.1807836510232461,-0.19357962096561843,-0.5533703844480543,0.5189152491173844,0.5010863885585366,0.21350954556936835,0.39197951876536596,-0.3293831159735108,0.03561900714132862,-0.5630358006338583
0.6488399074838845,1.526376347682012,-0.5220001798197014,0.03313035481999787,0.040570514040562555,0.8151519412937676,-0.008626168057976447,0.5402786180508343,0.22527429842403224,-0.09563433916312314
0.4541068962418153,-0.4985226545407278,-0.18494528389277817,-1.100659986986447,-0.1693278910101229,-2.2985688489890883,-3.0836081941590443,-0.9806677577924938,-1.951629053984686,-2.3060892667112105
0.518413665154608,0.6999611382688526,1.383928908785927,-0.024848265087820377,0.6107765313645914,0.16934108508929474,0.3522899683989954,-0.011290799723961964,0.9109724797232777,0.36315086046128264
-0.6749956975232126,0.05915326168882946,-0.6088935019400484,1.0017007229864028,0.13682406413090414,-0.03873533898392156,-0.05928161686835334,-0.19033662714719113,-0.05872130727243263,-0.771480847765695
1.7699889700301994,-1.0255502035999828,-0.9635222674417834,1.556357128456928,-0.765024101802655,-0.9008268670743973,-1.3556629855364384,-0.5163463644223693,-1.3138023467892355,-1.9533871930479425
-1.4918530809377664,-0.4226683001929745,0.37633067293527184,-0.4226685338350134,-1.359539958999442,-1.6498182158985728,-2.389895475809068,-0.8718679514032743,-2.1001503371678663,-2.5229102819492626
0.21445734149138668,-0.9767947365106062,-1.09677467513612,0.7830700967958131,-1.115797806593329,0.05655393541726056,-1.007256960473442,0.29130953594220366,-1.2723326005967244,-2.0461929943016113
0.19814392834550276,0.06820624737087304,-0.67028266367019,-0.5468624209412184,0.5763014522753037,-0.8927129102118099,-2.5228653600788298,-1.8882532179153766,-1.9321312507509985,-1.8596235135638164
0.22042440656163165,-0.8736368241436051,-1.5184227798640901,-1.040930586618626,-0.27085930477293174,0.1398812776662382,0.689468899457464,-2.21471121008134,-3.417926829029382,-3.195012496329364
-0.1417962409089847,-0.5727239000922645,-2.191087793171923,-0.36893091997547967,-0.06679739169985888,0.32496834367051497,-0.011571410333030996,-0.20816799806732655,-1.3378263279955276,-1.93909635161752
-0.09479144450397724,0.7055009455288431,-0.06851847365527723,0.8500460611750972,2.262566404266182,1.3401800574168208,2.2409927309424837,1.6169993095034048,1.6657459140508797,1.1926597836913184
1.6594956947350117,1.0225955860331788,1.5825506007039765,-0.7238998881251374,0.2696173744895183,-0.47021934619593553,-0.5963098748557998,3.1478896646754313,-0.010620520674619716,0.14440109537215373
0.9448847995273632,1.2388530166217238,0.553290989590316,-0.02457661132595744,0.36073522785921347,-0.06044900067013054,1.479073808933373,2.7111542899245338,2.405170641484891,2.388360846582403
0.7655676929088511,-0.23104763820639776,-0.7536056641457789,2.5043202262841024,-0.7482949573572049,0.5524810644254952,0.004119546304523533,0.21734532293729625,-0.4218814725345964,-1.3303618689998085
-1.48604989366494,-1.09797954202394,0.7861985425884752,0.30545945774935607,-2.382924526134212,-0.7301636728153423,-0.6126449641413236,-1.3915300423809156,-2.4937240611968035,-2.7774155950842214
0.7430188067287313,1.0663295034352853,-0.2418381217673725,-1.5681022066571417,1.1065699289513202,0.22904672583017982,-0.08712156052934378,0.09073845856879313,-0.20743935437537445,-0.7751976190453036
-0.6372600128092696,-0.2000018434102855,-1.129900566673458,0.8440771956013438,-0.22557131771282168,-1.620923966651239,0.8176674213253845,-1.0206184698833347,-0.7825982426855971,-1.0915680559978012
-1.7048777391708991,0.32324777326902937,-0.4966308424245983,-0.49420711663906197,0.49931680537830614,-0.24768445936886085,-0.2282066575847982,-2.314449114803239,-2.6165343955375233,-2.291614727456347
-0.04288377169279166,-0.441815151442613,-0.4333495139947289,1.0384745126898824,-1.4252113635671582,-0.0984862753780392,-1.56909946164948,-0.1902400465323067,-0.4834936812616576,-1.037528774975748
-1.1173860606249781,-0.5896323414476076,-0.4842215530585351,-1.184207992318843,-0.6819537844130866,0.36495865822864326,2.22831731406973,-3.7164672173490847,-3.5591577215027828,-2.834128010005216
0.5288695399147698,-0.045765354661009436,1.025018969197335,0.24355803553347022,-0.3205582167975728,-0.21875597205837521,-0.18176933940977236,0.23516704452602055,0.3540882939217348,-0.07110383423912942
0.25822249074358855,1.7847051192685306,-0.6117347049478925,-0.014930551295535563,0.11484253265440678,-0.7425905225160812,-0.7169024475121566,-0.2858776986603554,-0.015375401957062218,-0.4214088163163303
-1.2851882108432156,2.5338400625663686,0.7599546862679095,-0.7536356461467163,-0.9541931561084422,0.20631212691282622,0.16673334212559743,0.2718737085251069,-0.5329055210494457,-1.2769022793337137
-0.3501747721256159,1.4238119067713852,0.05324344152405699,0.5162622937976368,0.4077491595742571,0.18967762183080933,-0.11325572001985096,1.9788908093116768,3.895412001603903,3.4562649154127962
-0.4777220707620972,1.5496525712798621,-0.15778640125352308,-0.8916805358554528,0.5842074768884222,-0.25858791719633656,-0.4466331269526588,-0.4962352371098528,-0.0520167941627665,-0.4239651035866785
0.0961021962479065,1.5206572333860355,-0.5697102158342179,-0.06409055727256648,0.7523384575512901,-0.17062414350534272,0.3223509020914682,0.2548983599813472,0.10402342427729407,-0.6053846885008664
-0.9894419870673337,-2.473079930708394,0.21315251795603757,-1.2055851884430089,0.7358584855997674,-0.028678048509619386,-1.0557122700402946,-2.3800983747392035,-1.5891729086250916,-1.2356663783770478
0.8555688278324766,0.2601568994528324,-1.2667895376400882,0.49670211789414315,0.1329541586123485,1.3559517142195063,0.4313860841953296,0.4180777624007519,-0.789430798465211,-2.127520170527145
-1.8476617525798076,-0.9076502015308269,-0.5436480590452007,-0.949690134718473,-1.889581654214034,0.35586953277594124,-1.5070354840924236,-2.4529732440430303,-1.242012783826616,-0.9199071831721057
0.732119509792626,2.659922209574965,0.6914061599053699,-1.4741538364125886,-0.08229874578926621,0.8091825722872796,0.3166582354300923,1.0828894878137985,0.5366185930216167,-0.08265278926921432
1.3376159230991893,0.37875660119854065,0.2672702461335837,-1.052093436246178,0.440392635432278,0.78560211000471,0.5564615268059809,1.3343701749341133,2.02190220701141,0.714835309512827
-0.5882719748592429,0.8328137563809236,0.9552372824756776,0.11568108603225961,1.209986390846624,1.6315772386317537,1.5508062094298958,1.7874708695781405,3.302285565701708,2.87021196433915
1.2641958662437176,-0.6786078784307641,2.572173142923452,-0.38192086164125705,-0.7879241315046979,0.9653531361571933,0.3504853627552724,0.22213418980057753,-0.5772185268584173,-1.8260880722721138
-1.1966394384351848,0.3170288950297176,0.6545915036857393,1.9382526734440255,0.5127343996960008,-0.8658134310938812,0.5310639879118423,-0.7136074832084196,1.7228860618180253,1.2475217476018525
0.5532323462689785,0.6162538479941839,0.10020368615771122,2.1177825136990682,-0.07582260349533465,0.3143251160064213,0.06879126884125242,1.7010492189196142,1.7436985433241419,1.2950211257819466
0.3558303608769206,-0.11238533609778444,0.8136158765216377,-0.7965387051434626,-0.4874094256908382,-0.8075372550719173,-1.370137088481466,-0.22344610543301408,-1.2827999046133391,-2.27183021185182
1.0237417532012643,0.3059224595303092,-0.21187705414233748,-0.658199783272285,0.9708687170838439,-0.19276193049029003,-0.8432620369124663,0.012720761552683008,-0.07561548318845848,-0.802538876016335
1.4658702948975268,-0.005400210396737532,-0.930045645217311,-0.3368657583497929,0.03055255906804015,0.42549084802312276,-2.652912673087467,0.15866523542401434,-1.2387966250816818,-1.9633399008212493
-1.4283567313494125,0.6239867815066132,0.17864579605474296,0.6466117253107015,0.8511168070856452,1.2599788044863913,0.19277368856442312,0.9813498056957483,0.47272655136103214,-0.06372454911319503
-2.745481204216854,-1.0348209150535612,1.0523506825929205,0.3000878239496906,-1.2197570618976514,0.363871439271084,-0.2519098206555438,-0.9343676016210978,-0.3914798639254749,-0.781072114029754
-0.9051143416171696,-1.24035724618635,1.3263824772301578,-0.5106893228835406,-0.942433952155871,-0.15876360687792088,-1.0659169138892457,0.12181166503458996,-0.1381637237337825,-0.9307991657019814
-1.9074776237284687,0.7491815818996013,0.618069188369362,-0.08699142211343869,-0.026230445573020456,0.8133914017055557,1.397451422217607,0.26429373158523933,0.4073096407673906,-0.1341819811801115
0.7787339472044079,-0.33737550872116895,0.6074127227186846,0.5885090709459718,-0.9799584341637304,-1.135819549137368,0.06880746361076145,1.5412703498348583,0.7128053196889592,0.29586806889197403
-0.716342901833777,-0.8298572232433041,1.230643604515486,2.3633897763121627,-0.6150302953315716,-0.018391323691741873,0.42788849667207063,0.1644108291689291,1.6882588272888432,0.9903403214687233
-0.07530324743289862,1.1375465670802338,0.5590867184677156,-1.393956601915223,2.2940593145549086,-0.027150952228884195,0.1920899084878016,0.4908095447117656,0.8240136502840485,0.17702658559742376
0.19987280514649713,-0.5947723713894044,-1.1415758380620098,0.17138820604696867,-1.1265248715742384,-0.26996082316254144,-2.157715869175557,-0.3999133598649197,-0.7625483614312445,-1.2889147884254601
-0.1391799008324947,-0.9451454978656946,-2.534755614489171,0.4191988110606768,-1.5427924505565755,0.4627749513608123,0.1740155188134509,0.1855211779827588,-2.208878624158766,-2.998317999931359
-0.3951436145281467,1.0525078672302184,-1.0904671916710447,-1.4743490909641175,0.44577152297286976,-1.5673037052657408,0.2326261860786395,-1.676783419290798,-4.785154338047898,-4.8192720558629025
-1.3210115132055322,0.7824717135696952,-1.073817687705595,0.6507865881116568,1.8858380160256707,-1.8085653713327448,-0.9060226463539347,-0.7087605936857494,-0.14487010898294295,-0.6559157331280414
-0.10297924769157155,0.46170545226251447,-0.34656062880889954,-0.2406249756014169,1.7302707747251653,-0.044157388045337184,0.6410235288283468,-0.11231368136100961,0.519249766753191,-0.12721127730464954
1.0720308268180065,0.7571119634160797,-0.2868509605592492,-1.2249814494496034,0.8477360555779053,0.4438024381513507,0.23976191957372323,0.5390856715778627,0.008955219527036984,-0.5293465164324427
-0.23188477575736693,-1.5154243128454228,-1.440013259220547,-0.10419842690934006,-0.26495603984245136,-0.24588504599438255,-0.6358157491930525,-2.3766987333329754,-2.2474814315271887,-1.9538041609926127
-0.0070783241875237626,-0.03844307815592604,-0.7136416346065878,0.4083674915509895,0.30606131651610075,-0.46603113626719517,-0.29898541060234124,-0.5182569340866501,-0.4104352297940456,-0.9264267113000552
-1.309505875487671,1.2062215932354097,1.1737985184834416,0.8155705179576769,1.3407404865598336,0.4592515670277205,-0.10489347391295184,1.102629528188635,3.185358521443817,2.558891836087461
0.5109066093917192,2.990203690651128,2.1126808204806933,1.0056914420088439,-1.7213840223643568,-0.9165050700410221,-1.319391424808772,2.901233406972535,-0.2878615579709769,-0.2286696282981413
0.4325118962020118,0.3939308308434733,0.02619337420300927,0.8572117587514002,1.0467662191009768,0.5680624516120711,0.80283403270066,0.6411972949221663,2.805088550003992,2.026642528087897
0.22256228883072032,-0.2079747807476294,0.4098876087609357,-0.2776902431040048,-0.45490488825577136,0.13258383973712512,-0.6626943853218374,-0.19326093946030465,-0.5048398196176137,-1.2160063394852947
-0.9080927425280577,-0.7746534058757798,0.8091635056098732,0.6313458152013128,-1.6959190081897355,0.04052656627690465,-0.322944519745078,-0.5490549350651653,-0.12184373470235596,-0.6051132128234977
0.14714039366131892,1.464121618446812,-0.17058093845218306,0.9613599410159006,0.42071538000666003,0.19280950208258474,1.3472526446077868,1.62411379842768,2.0100339385357846,1.5110434835752726
1.8485772111222358,-0.594216542535085,0.020100433848911914,-0.18956130601184107,-1.2770159182843965,1.5490814539054836,-0.02863960823139887,0.9348290499987191,-1.0482006370585695,-2.0911905670786393
-1.463414200725878,0.8272567102286862,0.5424007427281661,0.16187853659642287,0.5969038123098943,0.8860269710905543,0.7153953278026574,0.9437360614872412,1.5033029985854904,0.8724294425760617
-0.09985375533309081,-0.009033954151240647,-0.5632693493179015,0.8106104833528524,0.189857811448148,-0.4912932403852037,0.8610345350116184,0.7073935719600226,1.2866109604032214,0.2918811618928885
-0.3666323074205506,-2.4790579164112074,-0.8643791368550908,0.4272418912982564,2.5383727214822183,-0.9740728640439826,-0.18946655323871886,-0.948044559569682,-0.3475575040437234,-0.8949773598059745
0.6356659702545066,-0.1685452336692808,-0.21133253065574617,0.7717787354854398,-0.3821085967147564,0.11975837316900739,1.0361011738894441,1.6419241731801861,0.7588789562670128,0.34177787511291396
-1.6729495968041925,0.30606754640453365,-0.5174235834214389,-0.1690820009523924,0.5340422765196006,-1.4548834987909065,-1.7665507453304032,-1.7883680350510696,-0.7839221038763599,-0.7648188910507261
1.2223468038564353,0.04453778563196362,-1.6715437173520262,-0.8168545448797837,-0.24485440953953416,-0.4774012907245239,0.01732956537925201,-0.2738592599542391,-1.3876363113594783,-1.9640256866499328
-1.5612906783536296,1.0762814527109548,1.5086433636308276,-0.8274816030419301,0.888566757689209,-0.31433878794090897,-0.9137795333458753,-0.18068091511344656,-0.05805710024728339,-0.28663666483710015
0.6083760092863042,0.13925517340973068,0.03797215910936643,0.3586971154273291,0.4955129971117848,1.1597948083944516,1.199376369775646,1.571350455742909,1.2141128692028786,0.7481214906291593
-0.9432543307993573,0.7187753060022617,-0.7237659781287877,-0.9335260124661902,1.637831632958496,-0.7937515290394495,-1.6850901310684883,-1.7120757191542477,-2.1991827627742477,-2.2172979736308145
0.0843672613730358,-0.2026762091282162,-1.0044255109180957,-0.16298489992840223,-0.42715163997765204,-0.16463480391276847,-1.3505400368686034,-2.382539073933245,-0.7484023283535823,-0.47064583894062895
-2.406199682620934,-0.15672284300273304,-0.09233585133137043,-0.24318607102791295,-0.4833030408837868,-0.9009893410014598,-1.5641610944620388,-1.4929236926224547,-1.1243828467286212,-1.2385564782792227
0.9156741859441969,0.38577135673445145,1.0771677644177313,-0.3844388362589808,0.6104287943611109,1.9781417311699898,1.7249691323182144,1.5433548370550498,0.985698354758764,0.5254065964500501
0.9123473990021462,-0.023639195445091934,-1.0057110158841043,-0.3272232950258443,-0.13075354149351606,-0.11421100756160874,-1.5351443111278518,-0.8542867233009881,-2.216526285648703,-2.627927616843907
-0.7082145851989754,0.5107278185871763,0.13400236113589228,0.039710435674267346,-0.521883513719788,-0.37004449904250314,-0.7342441527945005,0.08461559607440552,-0.3315085485243873,-1.1283148479237568
0.9737575304788161,0.8349462368092522,-0.5520143097528626,-0.7910764232928108,0.9040641265132259,0.20537970651412243,-0.4553753333011822,-0.1584672241678787,-0.6192220944352108,-1.2516055693012247
0.11991853931421022,0.8043943535283287,-0.9334934222632022,-0.5060390790454197,-0.2922695059965207,0.45151586147731065,-0.7333015625955389,0.47637848376501435,-1.1374452603875445,-1.8309047648605137
0.3675837057202881,-0.20653386105375685,-0.35941935951843823,1.275736728802683,-0.5296043207451425,0.47738145984303326,0.4207205779539422,0.4940702770186953,0.40072626540024564,-0.2667916457365886
-1.2399535420004704,-1.1524725800502502,0.7782266766654478,0.459226854659246,-1.3658966640134946,-0.28374702530844376,-0.6464365079321943,-1.0674309418245664,-0.2145919000402713,-0.45565729009525446
0.44537838255620754,-0.7704609371788306,1.241893047501421,0.25985992507722466,-0.6317468848439289,1.5136482621695155,2.060151465544573,1.7066783552086784,1.885120495153242,1.4058301558215327
-0.16878022779983878,0.26464592369278944,-0.4087663227544732,0.4665938307241325,-0.1764654799667551,-0.490664300898885,-0.7269080864851294,-0.16017406132692413,-0.11392692063099805,-0.6277131223677921
0.35800312850981597,-1.531298368830549,-0.6041276866718956,-0.16091920793850006,-0.041535596141152265,0.4382349022235754,-0.7721262536802016,0.07574382451131001,-0.9209271887012496,-1.6574332678731811
-0.4842212601282212,1.0552703797139307,-0.9089006679263966,-1.431200611648065,0.9034532737223614,-1.3521502746655267,-0.2777057618702473,-0.6451301812246063,-0.29560491615146445,-0.7173376739302424
-0.0016343085317011704,2.02450935936354,0.5183576287067063,1.4189492983047098,-0.09123422048155899,-0.396138359083283,-0.0052483415068841355,1.6268363107278714,1.9874225066988132,1.51054685265838
0.19845078137576605,1.096688327255547,1.9154029825021777,0.7597015829422104,-0.06624928222984083,-1.0701674114117439,-0.4208846535115357,2.578874792916075,3.2924169726535464,3.2118940957405764
0.217944529443229,-1.774720240458271,0.6532587448269888,0.47118321936794905,0.12362072494991037,0.02260337967843873,1.1183321241947521,0.3140186414529965,1.7726820118853,0.9624748960970141
-1.6806039601197176,-0.1636548454774868,-2.1290005344580427,-1.1093768134328623,-0.7772279175240097,1.366967522342008,0.07375416082402736,-3.789722222859305,-2.1812388291249016,-1.5116432127863382
-0.8063466179530163,-0.44066261194451234,0.6786854885099454,0.05994696971748613,-0.14581586710084848,-0.4527072540873578,0.24457898372783185,-0.08261747824937446,0.3887582219992003,-0.20868807118160548
0.6967049114358698,0.7930357125581912,-0.6922576649847489,-0.87341943730988,1.448115447204505,-0.18841255667414486,-0.5940283812879532,-0.2820047413104185,-0.08154178717556182,-0.5018613194605734
-1.4980958028952789,0.9156574910005476,-0.8414416936682457,1.4055115225218717,-0.10026760969899451,0.2996532590331087,-0.4755240858769554,-0.6554487405910524,-0.5727520868869309,-1.1706821474664504
0.3350883748796054,-0.5979377684878128,0.689359010815147,-2.0099993956818936,-0.8062009138632497,-2.853256451640869,-1.9670431312465373,-0.9696284581515774,-0.5217894590739494,-0.8435806586189851
-2.0043601614914692,-1.063687138302684,0.09052129368200641,-0.8225362756547149,-0.042190879636579526,-0.07076056156667616,-0.9288496610050744,-2.3942013862411624,-1.748770592044967,-1.4382968630361788
0.45499852055521106,-0.369812068223664,-0.22889699712476025,-0.03170623131637306,-0.0021650187212426397,-0.5162720492157392,-1.0741021929034529,-0.37603629328070687,-0.24355742908764888,-0.7057063832292798
-0.10021463834538473,-0.3145059790722696,-1.029899218758986,0.003626070097067616,-0.9168867463546451,-0.15052027958729042,-0.9639815849545014,-0.6098597595572697,-2.639809646983995,-3.1439630049731324
-0.7200868539395472,-0.23228146850864606,-0.3574548080737256,0.9622231938793723,-0.5391176886483734,-0.07650138660002107,0.48853693438609874,0.028647521521942082,0.20576571735972787,-0.13195896969937226
-1.2929478626769866,-0.46293222955691243,1.0870920059022229,-0.5790600208753431,-0.7657581626976512,-0.6031743616385971,-0.5882922927628783,-0.6409463642725277,-1.5437716090566302,-2.2883973359450964
-0.3447189752302062,1.1688863339261353,-1.2910777206384372,-0.334310393151787,0.2916169672560365,-0.09900033644659079,-0.3613309913792184,-0.8301233294772917,-1.3090176892641785,-1.709926820365359
-1.34186345864125,-0.41746122523855084,-0.3551310302886466,-0.6899254324172858,-0.20769516968828716,-0.9962326869262332,-1.5415142387673866,-1.389133406650168,-2.129236522753593,-2.3006079348506114
-1.8698623490468398,0.009687040753667013,-0.4518847890591016,0.9496327134876293,0.17767946150148398,-0.21713463537569522,-0.4425831773800687,0.11217225032677913,0.826525709933811,0.048514159848423305
1.1399639154069192,-0.906687815169643,1.808059865974943,-2.575312301295169,-0.11934972764925822,0.6404657801882514,0.20842830579155258,0.3357993880852134,0.40294088983881815,-0.25366111060294616
-1.9079483425213792,0.25870055902521727,-0.34024828658546574,2.147405633865356,0.6762743101304697,-0.20944550847787935,0.13723344528775472,-0.49976489926188117,0.9915442072020897,0.40641054213240035
0.021843252316644926,-0.1646156744532619,0.7670068654226851,0.7533214867823856,-0.045452419002555366,-0.5007246823323406,0.43472640679966046,2.060772278659156,1.3700183908833607,1.0671095120243108
0.4125722618294474,-1.5293969737610806,0.7202597940711476,-0.6331716949700466,-0.16455104627281592,-0.1097117949585441,0.32550180644461235,0.04691167998158252,0.18536338278316017,-0.29484779336236666
-0.004953091985008972,-0.7045239517704867,0.4836040574842804,0.8374964329097995,-1.7581189590134108,-0.19300106423000862,0.986486729681238,0.8163667871055323,0.5048073410178788,-0.0893313247274914
-1.6304177658593164,1.1670418223297592,1.8139951865033292,-0.04525380283398677,0.3970930140626891,-0.01098287207330273,1.3274823937772005,-0.7873836562760073,1.368250494169092,0.7365076380164504
-0.09832606422197676,-1.5473852384949396,-0.050479119218976805,0.6330668813193971,0.40710813506904486,1.3608116396074155,0.4485784203331859,0.6575899744353148,3.3056980802897664,2.0124615893673954
-0.7113773446841719,2.4753183614444834,-0.2861923261489081,1.219212191506459,-0.9809982783442988,-0.07854816233344974,1.0691107072313708,1.5760718824522768,0.7207305115465662,0.2397457184152858
-0.09819650933998003,-0.25477730020464695,1.4645545183066964,-0.09125594853170164,-0.7961472524533683,1.5985671606952518,0.11829969406086738,0.7376256383415787,0.7481021882723897,0.10836168148751602
0.24894510335584452,-0.2541000101496743,0.22476901605599955,-1.639682778915897,-0.44587286662154835,-0.8812739065749111,-1.6226426731081722,-1.8910936277892048,-1.8187750457054368,-1.7491543782761108
-0.6737790411070839,-0.0023952778368549936,-0.1071658387871667,-0.6183318030285774,-0.16637224389341912,-0.8679493184187896,-1.7529478982834221,-1.015876720308874,-0.23238538179176405,-0.5153555566355386
0.61261958008153,0.36709539488141657,0.8841376714784382,-0.05227815269701304,-0.09811970192207764,1.174281751926275,0.8217805169417589,1.228355348674779,0.04733569431318507,-0.31245098359821843
1.2098105842199471,1.0792732239070717,-0.989964715940064,0.38157942873815637,1.6324721852508826,-1.356486861268142,0.10399455622626644,3.9505331272565103,2.0747113153519416,2.8159125702709193
-1.4061729078810044,-0.38091320430169484,1.0178438045862357,0.9422139088861502,-0.2601365234630826,0.4017502329766264,-0.3753406958748191,0.1313414320075355,0.14534792588498702,-0.26536998610729257
0.8313646623500136,-0.06393630797625179,-1.5523660481427324,-1.6052825488861773,-0.18255732415652784,-0.4696616344980404,-0.06967918833669229,-0.9005028304427616,-2.0786361012545695,-2.4582701157040865
1.4072886609374584,-2.7250570984210634,1.6008622890944817,0.16495607152745453,0.8122909812190281,-0.34871751021691244,0.8986172719912511,2.6410424081101755,2.163994797456559,2.1149769760592685
-0.6683969107051924,1.850781898091777,0.9637552610274446,0.2731071827329996,-0.021242697750149586,0.07793462451825661,-0.462739646583326,1.716250625190187,2.235802548420367,1.7708457834353646
-0.8918537766067133,-1.1189792993425038,1.0433673636873484,-0.7281285375336866,-0.4151930696423352,-0.5833798408543115,-1.0305482806815585,-1.0827820721503085,-0.9509518541821228,-1.2905171754346818
-1.7479790807853253,-2.206078708526308,-0.5582898468791769,-1.658012333592983,0.16938522058753147,-0.8076095283687079,0.32185791222567306,-3.4580767039310913,-0.9495905147069603,-0.3777710259224383
1.0783935561002815,-0.04726749865122637,-0.702459925027123,-2.016167330491837,-0.013736805424791332,-0.2543527321948402,-1.1157968776888891,-1.3727912437438672,-2.9206927401430116,-3.0984190469526443
-0.33169435400022645,-0.02489027074656116,-0.5863723394728505,-0.2619401236640855,0.08186999399862424,-1.5710220994637236,-1.7988482662909813,-1.250815888557133,-2.105247132432433,-2.3567621866829533
0.5540526190433568,0.499260962419948,-0.35411787782339604,-0.7931948132074308,1.4698618005423216,-0.5890002730036155,-0.42536823638574284,-0.7431177646846661,0.03228743939165424,-0.23856661684379388
0.5456067634580076,1.431482369644134,-0.43397531102315173,-0.04956573264741622,0.6594884911829659,0.5438098284117057,0.7797946244208376,2.0393133268421395,0.8884711757393936,0.5851488095091135
1.0553984717340763,-0.8414342323946816,-0.9831616439728909,0.2039622440031875,-0.5764799652202768,-0.284981206566992,-1.1144059944426308,-0.28548821645143485,-2.032339407001855,-2.677478232974449
-0.10160353454512562,-0.1775670600723573,0.2430743113843377,-2.1666661942781476,-0.3211370574233224,0.5347274783456152,-0.15469160739827986,-0.6732060253268799,-1.288762858384335,-1.7481340447836886
-0.8241992058531548,-0.44640548438254957,0.293792085124417,-1.0843834363371556,-1.219257535952839,1.2596784103966214,-0.09274223214877714,-2.7128199984339245,-1.8500913471208533,-1.4284645975608494
0.44672329652008375,-0.6882159775673435,-0.36005036570306215,-0.30742739203787595,-0.8558544242588939,0.38665135095184333,-0.005731522574694892,-0.7252738183053395,-1.3167485315119016,-1.754496390021305
0.44230204770144066,0.32467676223175546,-0.7657861828035887,-0.3839745214087492,0.732854885316125,-1.6341974586362982,-2.7180692186512228,-0.9042575807004761,-1.043243054937517,-1.4253311907394486
-0.7521660682088205,0.12792705703927917,1.4920666653317416,0.5612503561625339,0.262183956130111,-0.419407385290705,-0.5444047434685619,0.6611068947889114,4.459892572413395,3.6310627850001738
-0.18242444162851149,-1.3369481358996684,0.3179866675883816,0.8411925387517555,-0.6115667328088873,-0.13214143093470182,0.16112366717488502,-0.07513320139680328,-0.3444851420807369,-0.7866145790470043
-0.10585053505947314,-0.12664903371014344,0.565295278075034,-0.309169566720466,-0.709439235832065,-0.08119387412139911,-0.5176620395219212,-0.254236607818424,-0.2451949883431105,-0.7489951091991126
0.2370369671024876,-0.4202270427651181,-1.524643959356155,0.9853042241731075,-0.11813462574692513,-2.0494177451823816,-1.0708934654107745,-0.8834271350280908,0.03653687686014795,-0.23563497407242262
-0.6484817443173996,-0.14517839106879152,2.1431431482329946,1.0272033741723503,-0.05004076162048507,0.6595904398751858,0.34462641743975286,0.1536816876104936,2.193774792202716,1.470129183403427
-0.26879361047268296,-1.4982689932481037,0.7965996967499583,-0.04279267854767226,-0.7512097028241769,-1.092793812486193,0.29570792372598986,-0.8923485431030267,0.4523205062669544,0.34887663028171934
-0.5264506807531034,-0.21254577964938517,1.8569851560973207,-2.084636825387057,0.07146257520312332,-0.3423436459977851,-0.18549081547835433,-0.3736595819347969,0.20227505990175776,-0.05203449768589008
-0.31111542343536025,0.3063220362517597,1.0580226119332667,0.030773609596948297,0.03705689344297758,-0.10117382528730445,0.8035886112625461,0.6603003214520378,0.5287321308337808,0.03696073430100022
1.0780118374235048,-0.5423576373317169,0.45490028202938526,-0.6504464178125912,-1.1906802594172154,0.4212828953148705,-1.4344599926107393,-0.21219514110355353,-1.0291266723885064,-1.630242438943567
0.9979033303368761,0.354811463928967,-0.170249872021118,-1.5507105928710037,-0.7811675054898805,-0.5368350550909613,-2.5781230676585833,-0.7022605997400375,-2.4045179956141203,-2.8642521676513044
0.42176620459392594,-0.8350270218770491,-0.39541072325495125,0.4902780752484852,-0.9899292536426577,-0.24837387930775753,0.37628075473438694,-0.04108458731078882,0.18993894185936178,-0.20780414361233324
0.30821273533319615,0.14557737574683244,0.7227899412472286,0.4370623401620113,0.054674420762181514,-1.8706021179496033,0.27457591102929696,2.92259439523455,0.9177438642616708,0.9983916930128522
-0.33045014930544464,1.2582751829964913,0.7886685989659358,0.3437005206961744,1.2522206946663452,0.718350992715808,0.2072336870003318,2.018008996647698,3.526062219031118,3.188381484775195
2.6004077884451897,-0.5830140904391645,-0.10408495183212603,-0.37776236703619687,-0.3272226888619443,0.43080555774884494,-0.031391843392622465,-0.20739647116022772,-0.7668918898488934,-1.3631654233394603
0.5533097716710865,-0.7912445505408837,-2.044649223828952,1.5259171167177374,-0.9248687764498416,-0.5177834431333417,-1.417943033844073,-0.18254184688035288,-1.25743399557215,-1.9768045116598842
0.08993691413439124,2.5466002904047476,-1.269665520944352,-0.6917279016263835,-0.9022081031002291,-1.0182552253984365,-0.29055606120028,-1.4588776594149981,-1.477130169323264,-1.6117479612921934
0.3854505948214435,1.487751763296727,0.6828635732918162,-0.610595249154609,-0.45638675058932016,0.11721722670919021,-0.4598403491942622,0.6994050443806243,-0.18220273312547675,-0.9755774322383706
-0.9211024704768739,-2.1742591407995655,-0.7035239417112735,1.5834879304779612,2.2481483378998455,0.14381134942568063,0.3119367880115581,-1.837706540255628,-0.16243347362397842,-0.14536563264240987
-1.2121769314309634,0.2994818914553057,-0.8953554520806105,-0.8836529554596343,1.1585756967592655,-0.09776036975018179,-1.420451472970703,-2.4600939811531894,-1.7382469627707293,-1.4026347774497776
0.6716167138059861,-0.6314052121375018,0.14977137386109385,0.05416435038960852,-1.8502054424937668,-0.20620147606825479,-0.4369892684070434,0.5095447795792619,-0.4595980343435573,-1.146860812511861
-0.9938006911181101,1.8419409923544745,0.09942129332340054,-0.3175870652352642,-0.5536857552911799,-0.18289301690365808,-1.5099949210504882,0.1691018635761896,-0.9474251360222744,-1.83875092914169
0.39082224862215,-1.002756753767013,1.2006421109730034,1.2767392058130438,-0.3979001527329685,1.7593301506019514,2.102808347020017,1.5481663940881811,1.9605372114053816,1.4600866830557677
-0.15310695746858746,-1.3693162940332484,-0.8337030162180604,1.4245341450558453,-0.5438091416827164,0.5382089195590949,-0.3627654015888242,-0.5151784856807649,-0.555340715707041,-1.0748715638468054
0.9410962730783765,0.2766146629079063,-1.2496491412525181,-1.76042993429307,0.3671945966508922,-1.9174593856350302,-1.5535884950203274,-1.3409330157510149,-0.8765421191629907,-1.0620673104440352
0.2377530468209268,0.7536939195899418,-0.8194069560434002,-1.0713676013011706,2.223562757814011,-0.7633618866635759,0.1173866195682399,-0.19008774837960662,0.38626492413024804,0.09224158720054021
0.30093257840415394,-0.8683079241771438,-1.4608018782609955,0.10867680193610249,-2.019771263510834,0.23428118673835463,-0.9678787363085442,-1.7376744133836843,-2.086266309051231,-2.089277862649242
-0.1921900723867512,-0.5268697097533419,-0.9524414096642214,0.8189300723506812,-1.6909974572161444,-0.21479238384622124,-0.26607822375476353,-0.49934483135055907,-0.7069546860823812,-1.1937456979193088
-1.2343938248884971,0.2961825116593346,2.141789853100852,-1.1616980783836683,0.017636014030325886,-0.4152532135361642,-1.1924502623987299,-0.7805347755560177,-0.25823441307823425,-0.6242411486350128
-0.46094072385755813,-1.1668597790756856,-1.0070548147676066,-0.01775376548855835,0.1612411554993498,-0.028713312657312254,-1.5253468448023704,-2.328497928981344,-2.104660877971987,-1.8185184957016016
-0.254451487238564,0.5250026454463699,0.5991634592516089,1.0998417409997612,0.1657293206901871,-0.9291464146745103,-1.2743573400549049,2.86690407977769,3.2373217573201964,3.297508372575212
0.6269865493930045,2.1905558677745476,-0.39040008733836007,-0.6055763231807356,-0.9905324993511901,0.7113967812714336,-0.3364434120680181,0.0626404423914741,-2.2319398105530253,-2.9255208729827653
-0.2570341468810689,0.10417024657308561,-0.19545437498134657,-0.26375334104936476,-0.3045680749380125,0.16533978722572917,-0.8023499201582951,-0.6986465555444134,-0.7565323153067152,-1.1814098256766798
0.06736595131140535,1.2324328426854119,0.5219412843776824,-0.7762739019642532,1.990279304055799,2.2807111046209787,1.143729140335615,0.700457581795038,0.1786720651395899,-0.23239322684602803
0.6201379924648978,0.9113145680116835,0.5883670476540852,-0.25093861817290214,0.20123437569411684,0.045409714134892226,1.1164544678900328,0.16418290521688794,0.6561693946276536,-0.04070574261876721
1.1335347446572452,0.8425196928081182,-0.5347921199835919,0.06967921610805401,0.41769637120290803,-0.23929242398860306,0.2670613359525847,0.7212206053195633,0.8414844741572007,0.12390068741030813
-0.04132862841627572,-0.5512390837361831,0.4282712678026448,-1.5024454880047524,-0.9629222301497474,-2.0110495025290183,0.009587184966106055,-0.8578346356144982,-3.711424947387676,-4.1520566266437555
-1.4057478479783871,-0.8998186115484008,-0.2168520682949575,-0.6261634402746321,-1.5561941643359383,-0.6240279382238996,-0.8839103928340087,-1.9460703588391597,-2.2188381273913995,-2.1228029712197944
0.023717957046404177,-0.6784717373867537,1.0952565025638825,-0.23022881648826263,-0.7654317645310342,-1.0817070903219392,-1.3531843831031702,-0.4832645856273523,-0.4702454774479468,-1.175133380555508
0.2075897240991416,-1.2682550965917196,-0.26598502969052285,-1.2165665788547406,-0.4708858593509869,0.06956274873769955,-0.9016708828967276,-2.1946533778031565,-2.0758335602499596,-1.8651779057871076
-0.4772532488968259,0.7904412150179717,-0.4437359008207367,0.3231514679507811,1.9970018659746098,1.0992025409962172,0.6931231930147587,0.27537860767666045,-0.04398963801462519,-0.32097990425105954
1.3888657085508935,-0.9515203658768353,-1.5548956512378167,-0.04821422648868916,-0.4235035516059429,0.0736407891654749,-1.5150087251671072,-0.4544323440394797,-1.4156069886811171,-1.9453000366908706
-0.15955201417213286,-0.49052842126109997,1.956981627939902,-0.05496569341577843,-1.6932048738228365,0.21230641030491038,1.041221023706233,1.2414018591812845,0.9863320442989059,0.2518756980239685
0.35978952408556086,-0.10276998563288048,-0.5586740225361079,-0.3162215757088759,0.07393479723411295,-1.2824240910864946,-0.8697224245387813,-0.5110307730651054,-1.3622103778306545,-1.9185929872597467
-0.6069394220616905,-2.150081083249176,0.35613374824133587,1.1248337370844592,0.5314340472599678,-0.3121041235601356,0.7983432771896511,-0.32514192041364376,0.8701381399739039,0.37918251610043047
-0.9637986294753588,-1.216142857162555,-0.7804992780532322,0.42177553706749316,-1.3623197812553407,0.19043070805642037,-1.3791251349066758,-1.2300693898036275,-1.3168876310709938,-1.551305302647635
-1.9222332984229744,0.24736902427521434,-1.2024098142294908,-1.6988784917736446,1.5169512907579095,-0.5154466337741481,-1.0461801320938342,-1.748218300037422,-2.656596254196177,-2.6544732644718607
-0.10579409925082786,0.08295994898404505,-0.9350530735879675,0.9900346593313133,0.2943233471117495,-0.35102307281883155,-0.08181458610373438,0.21044190051487022,0.629166620125803,-0.033193194185413666
0.050927395997144256,-0.12686650267021365,0.11547428492325143,-1.044044165692549,-0.30989795245209006,-0.6170438782340193,-0.43374826092980123,-0.3927728672066631,-0.6315652515853494,-1.1367210069017537
-0.42365604023477726,1.5820196936215023,-1.0248773574224481,-0.09378073402380502,0.14315633798601157,-0.7030337937054226,-2.1006346962666065,-0.3590014083446604,-1.9258454857121128,-2.6011979777346674
0.29558255034297826,0.7682970428421383,-0.05616954746251019,-1.4974462943797449,0.9478552293145341,-0.1018368957077358,-0.2634889669119552,0.4229603145596522,0.3440768425356447,0.18599323400180245
-0.45890206606926837,1.3800865349883014,0.6636923223918889,-0.6771749139021145,-0.014437774994004227,2.374805657919572,1.538642958098626,0.47588373762956987,0.7914362240531922,0.07092291686964508
1.5148081219439047,-0.9789743104200699,-0.4110868751399734,0.04104684195700741,-1.5667144445907415,0.32127417569731825,-0.6073046882082543,0.03155548459988963,-2.1588266867973758,-2.884014089721359
0.9297189720722948,0.8233478499340797,-0.013585312946881046,0.9338502018126669,1.4622217825556683,0.2995232195756967,-1.1028151375826458,1.9666097325171512,3.671598970259018,3.3070134210063604
-0.10894968875432444,-0.049071231085751045,-0.3411204510276615,-0.7255437224900985,0.21024392972954853,-1.8305575982415294,-2.2266513333510347,-1.81589878075164,-0.989189256256993,-0.9571215378680733
2.062160797187701,1.3024437530135036,-0.462799316918838,-0.7231109685455641,-0.7240797226503942,0.22835453208343653,0.3214649093553231,0.06953455521803331,-0.23668726861775102,-0.8222436581009009
1.5878132029820005,0.3991881578841559,-3.148260985129915,0.31918093591580626,1.1047756019466957,0.06575405222946507,0.39906728684716675,2.454858816894948,1.9509046701047759,1.8120160674644041
-0.1223932953114143,-0.2892916502868891,1.3893277717431114,0.5746633556256131,-0.5982298087980985,0.059119398397513234,-0.03598778478496878,2.679681600270028,0.737105566494646,0.7085328457441213
0.6493346074045772,1.1211851107061614,1.0881633537953006,0.021470167846730646,1.169604410662446,0.4076074497570019,0.8634647367070717,1.340619792734644,2.0809401748027714,1.518911341429762
0.6704006423091102,0.17803457843663062,0.5886840123084031,-0.3799204616939091,-0.06789015190117659,-0.44074672308161,-1.3858898512140838,-0.39129485781992157,-0.7177696790972857,-1.883708937930064
-0.8031804215725911,-0.04758878561747178,1.1850152229117112,-0.21336864890781146,0.053585821400190234,0.49091885130580376,1.6972616417053237,0.12839257471231183,1.4521688304376839,0.5147456744786252
0.6337371376162816,-0.958370782046971,0.9402761670657734,0.10852590934943081,-0.7766562083507951,0.10982842469710533,1.6742799047870522,-0.010881597546912536,0.8605189087956642,0.26471747608385043
-1.3894198637723205,-0.5886395420991463,-0.5075878547209515,0.6706360713441487,-0.9230860668925087,-0.21790731124268936,-0.09686284857905736,-2.3134246876508824,-2.3251262286675334,-2.0303041038177603
0.5969790325756033,0.650541898497046,-0.24970935471488173,0.9039724597103239,0.8222348331775922,2.5252387654205606,1.4539100233382944,1.2792577821104305,0.844960149070748,0.33566351187659327
0.3345068936417545,-0.483147626408139,-0.7253967011514828,-0.1320927375919131,-0.3013771714707031,-0.758153004816362,-0.4706009408206794,-1.1175847285200107,-1.6481868446360406,-1.9386160624280515
-0.478053878026537,-0.14790030686039435,0.9389831404346036,-1.4283452356983453,-0.16022296561954424,0.13873575617630896,-0.6011330487704095,-0.9238222133682886,-1.1874341901899603,-1.6021913175074824
-0.2794720412618326,-0.12104954266047939,-0.30857309964415836,0.42268622560372354,-0.2659716623644624,-1.2187916013388205,-2.218835683861067,-0.44842489707173333,-1.5304276956172442,-2.5007830805256024
0.6895899930135586,0.8031788940795022,1.5297899493263432,-1.6140106721555743,1.6702280126862683,-0.2825129170911792,0.22359888103120246,0.746058280028266,0.17004384055191757,-0.2677502310169507
1.0515597010517475,-0.8157087025260324,0.9102815375938588,-0.6047307752215614,-0.6102663935989294,0.7424839369414851,0.8574227580603319,0.6030584019247127,0.4160316997605005,-0.2134645040620916
-0.44319052912558715,-0.5702926706889095,1.5114773706989426,-0.30180595073620287,-1.7552330507453346,-0.4903423608565995,-0.00780746275522759,-0.03426402490197164,-0.24269876618365654,-0.8701640071638145
0.48896223846420267,-1.5409571849972312,0.03596600683410839,1.3369778275415105,-0.6033934851761023,0.11012955784279888,0.6860219439052179,0.31684933753877653,0.9599935554240635,0.11838704548556502
1.090908954284455,1.4897759577644685,-0.1343321060129969,-0.1406520576686533,0.9746806858003345,1.1661689885959323,1.8175367966644735,0.7965599157431024,0.7497512471468906,0.1693778459381442
-0.15338242491313847,0.45359406236097405,-1.496830644511986,-0.2232207275906791,1.664344116278989,-0.6190537647882126,-0.8849571363256148,-1.2850478490702844,-0.5218160317573043,-0.7062685922489816
-0.3067989751801093,-0.15679818973431575,1.125063838571447,0.777367028474151,-0.19769302926839732,0.6843708380336699,2.1980754208065374,1.7224620137434388,2.2040132303264515,1.7554555544785428
-0.1737040614389916,0.8958919054060763,1.4568614196595158,0.6871543162652107,1.2806379219281456,-0.19307135615912466,-1.9558844058610585,2.385348584052756,3.726846539543186,3.5562105579639045
0.21053429599106524,-2.9808797449180298,0.1478817191598551,-1.9546016117146998,0.7950636168063406,0.32918608090316087,-0.4913578258377681,-0.0536547790616384,-0.501091244129294,-1.2525761609692971
0.5530317533557015,-0.7526730392298828,2.1358814098959313,-0.0915455246348528,-1.5431725975129575,1.564674636916703,0.9808649345089078,0.7688722911535361,-0.1490317819959477,-0.7402395232544107
-0.4670922332179581,0.38723673773682254,-1.5256999481737108,0.22865101163498439,1.8568767143380345,-1.0702344063343778,-2.2254971345534678,-1.4524619278136364,-1.4110790219249956,-1.615551977802282
0.7555063841249581,-0.0007872891614265903,1.2097253051729364,-0.2446747534705788,0.11343114503648755,1.245104115288537,1.822554041374367,1.3344027519022468,2.003414117107588,1.3865067647201472
0.28234026425127173,0.5582253440287548,-1.6557065769304493,-0.5178857461618167,1.4573731029300485,-1.1893906469575088,-0.32316310376319546,-1.595559576012979,-1.2161222214158545,-1.28513535112973
0.8788988243647375,0.14803411019293192,0.8127105489630532,-2.768814069196154,0.15338023877584564,-1.2383225113888652,-1.4120537980353007,-1.20857416658885,-0.9037144432169327,-1.183395768803341
0.20121222905623118,-0.40781982776413617,0.7860504701363427,-0.3494587146146747,-0.202593809220519,0.35091895694569053,0.23781767832643141,0.04811215732650599,0.5172018801097845,-0.09877206158765811
-0.7349513641926833,-0.5310302997333957,-0.7488351308581114,1.6790452528869815,-0.679287775674929,-0.76571080698421,-0.8285368364582442,-0.08953811299176895,-0.7456798649085058,-1.7536138373609291
-0.7850423139924211,-0.6213295648835225,0.8562686847686951,2.119194094103498,-0.10501865506316277,0.04302873555776221,1.4326246479535576,0.894194529264182,2.2954745260942984,1.6320608620934536
1.2117171882220594,-1.2063381472728958,-0.1580242235797248,-0.773889710226041,-0.6692459783868302,-0.8452983988705935,-0.6556600591357702,-0.5752742002758201,-2.6359239567540547,-3.1715363966219083
-0.48582524058666765,0.3211568880373979,0.2714560626276808,-2.27603667540029,1.0473132413153519,-0.28021667019767693,-0.23409614746383017,-0.33533073033173144,-0.48962481631455723,-1.2789309197905872
-1.924419230201888,0.5436217872964287,0.14153137644305033,0.02906039360250909,0.6731514266328317,-0.0815404590854946,1.0726601475843298,-0.10097260857988372,0.9784622879094079,0.14270045220377242
1.681997337983366,1.10997328012881,2.7897932305846656,-0.8120323348357131,1.1326149042596936,0.9926002716584712,1.607541821138184,1.9007905134967522,1.549331382410232,1.170741900977208
-0.9040442242940052,0.5203811809710557,0.19282426981448017,-0.6498314195608798,0.08956677929919954,-1.617676189041528,0.6454869324689108,-0.7008612316531576,-0.7247996513493572,-1.1817410467189886
0.2533312483488431,-2.243955842718289,-0.2827280222346786,0.4734463239663851,-0.4878926539046212,0.16885743595565036,-1.0675152671880626,-0.08577356206773196,-0.4469524263411936,-1.15590389243818
1.967394751189832,0.4014225389521342,0.6178067727522377,0.28398277558031687,0.12167728980333636,0.15023491657919885,1.7850331075921375,1.9449977008830108,2.3516930179097195,1.9699056526705756
0.48591618091728184,0.43343065348624116,2.3510549929449187,0.5852600646138439,0.5117127532922723,0.7649320346785415,1.8361730026516996,1.8841012995576432,1.7725050563874971,1.3918135790386224
1.4183137910436294,-0.20435977130890348,-0.37517213445728,-0.04930034815402537,-0.5064189396208101,0.7947394546622567,0.216294743630293,0.7175456633268122,-0.4033908489771657,-1.158034337330432
-1.013251807366665,-1.125614246065395,-0.015347104042375074,-1.0508550835179877,-1.417163270237134,0.8445971643986067,-0.1601081517916028,-2.825883259193373,-2.3572113034848887,-1.8889811589789147
-0.30383654260950854,0.14555253893088374,-0.616944936397062,0.09946915003706476,0.334163763595564,-0.07898390123268459,0.05486913068268834,-0.16366577556886813,-0.2301613231048204,-0.7847057543616687
0.3964467541711139,-1.2202975007589663,0.568615494185337,-1.0962131758083478,-1.3812586898872348,-1.125288419455655,-0.2959484855505764,-0.7982540923721636,-0.36433766489996966,-0.7482370667289591
-1.0094229560787613,-0.18322010118835985,0.57432367272035,-0.10084669089579934,-1.0681667280054226,0.12942708882798856,-0.6041605721727068,0.21502402984190755,-0.29747878124571214,-1.1103058296367052
-0.46129106444624746,0.43324063164222076,2.11508674480116,1.140840154799878,0.7047784594211896,0.269512742944048,-0.4636220557602515,2.3020266469177537,2.526331481247662,2.318352181253422
-0.5818410763180278,0.40311907097847105,1.1500734795785128,-0.6132276356703246,0.5878864310631668,1.8713718644978075,2.542605175263032,0.7200403003385971,2.192810769883647,1.3122898735548305
-0.011923514685817278,0.16742809215682466,1.5066475370601335,0.24892874374327204,-0.13679036633569602,0.629418059559063,0.6580745071731604,1.7378668779694442,2.325207280488759,1.8706772405549281
-1.7645091542668287,-0.8561765225521251,0.5275520215949926,1.8226619003772142,-1.6753354669250167,0.8242440702928515,2.73754214184712,0.1823619395847516,2.0115562119484833,0.5690438309040273
0.21522781954366427,-1.889392457780938,0.027233697509558744,0.9516301167183786,0.39316696069897716,0.5842261525949197,1.3066942060369862,0.058919111640584956,1.3247815586862108,0.5867815980855755
0.1401283922995289,-0.6121628736367577,0.7744337624098012,-0.5556758585199404,-0.826345535940393,-0.18047512992908282,-0.8202983556594434,0.18060055336081848,-0.31008486354629705,-1.0302707146243335
-0.8663544967402892,1.7390819380441918,-0.21893159370607743,0.3105457257703701,0.05354178552753782,0.05968938192403016,-0.3641238482965339,0.09226844700851827,0.5661952538589012,0.1532974663940616
-1.9909948105636146,-1.9915132505160205,0.20748765258766982,0.8049236835708867,1.1758742302982348,-0.6532309841166137,1.086218120666438,-0.9905914641058294,1.3984753327675818,0.9780365395963262
-0.27500818431118373,-0.014004066640051993,-0.9992172822297773,0.47852326685175256,0.3931724120965853,-2.489896391785178,-1.8362296452116071,-0.8015421400203371,-0.1196533461982967,-0.4193782085121287
-0.4591666482385211,2.69617080179567,-0.4231003495296958,-1.5387141989550468,-1.7513467259409379,-0.5757770198093145,-0.12269671818951897,-0.5967567883772238,-3.4107965600734143,-3.9068560837718604
-0.8841537734659194,0.11679146196562049,0.7801131200458831,0.9906379538353608,-0.48164486453544986,1.4846336211730295,1.9222567675081486,1.1324214039407645,1.8149607211879153,1.1884886492047846
-0.6449302505140276,-2.0999632740040517,-0.7509824876853864,-1.452307955708227,0.9906439222112229,0.23778330593211305,-1.701007226478283,-3.545349406130642,-1.2712109628081187,-0.6561427115964277
-1.3314695093032258,-1.1958081962212794,1.7232742681507973,-1.2234056679006622,-1.384095652488445,0.020292783335372235,-0.40795241252711945,-2.309325757591691,-4.68958920683678,-4.3342911286102765
0.9946101555916919,0.03332928402980191,-0.6976139082492492,1.5408580792303666,0.4814608616258932,-0.17070691952201295,0.3886327626661286,1.9556320167961823,2.878824419364623,2.45997217086781
1.4880375699358255,-0.49260433429196215,-0.3206054138463358,-0.46294579110370737,-0.9445591568171555,-0.1902909317248776,-0.8649732571239822,-0.060837294088106675,-1.96881972207398,-2.640826459195668
0.5509751871941844,0.2691089048458094,1.1537870707832154,-2.580488149956586,0.8220721347650717,1.030712255610461,0.7349231190693772,1.4008992204117365,2.575586782474459,1.8679092168826261
2.3657097371224256,1.8839479328020539,1.4185549172678882,-1.5738680370534386,0.5289431535687542,-2.2119086180140224,0.006760076188784936,3.4516550990514965,0.7975991968324214,1.101235715835484
1.494497104869489,0.3812341127173185,-0.28190353688398256,-0.27781548244523513,0.722477781096327,0.7263422150247038,2.4692829523473883,0.8512502019115877,0.6505741481702799,-0.0382883223368497
0.02534308352812213,0.02843276700986709,1.0066198267103146,0.7531418191591691,0.1745324946346825,1.6955277797865027,0.5941679508291116,0.4961737920251741,2.862874443828437,2.085055933464971
0.30485265291087554,-1.0845037933934838,-1.0952023353578628,-0.41159460388516267,-1.682236898853194,-0.728977029614264,-0.3451873638079297,-1.6477049306994753,-2.4821486735297995,-2.5281772048555498
-0.666875451354523,-0.3029003655134586,-0.917481492496688,-0.14827155873112793,-1.9479478279701103,-0.9087835749141646,-0.5202166018967653,-1.5097688273994692,-0.417027457450883,-0.5262340901647771
0.10211966901784982,1.173314651091013,-1.2017929736922484,-1.1263725105719353,1.3740065586630608,-1.4965803983319335,-1.4951011354240051,-0.7343297156693476,-1.873187592636154,-2.352159301572387
-1.8630903442969702,-1.3497279484629388,-0.32122386240540113,2.217367440788524,-1.6263754853847705,-1.049348678039085,-0.7264953131841846,-1.9355251096072792,-1.0410131084327143,-0.9542162629161768
-0.2818572079817423,-0.7877667171141187,-1.4040385205223764,-0.285044062430148,-0.9287566223387281,0.48262543520233164,0.6180301990890771,-2.7204407058530915,-2.836024570377631,-2.402754017943963
-0.06430197960204871,-0.10967383675104486,-0.5618973185071048,-0.04017898580773001,-0.2053958480088424,0.6594926754950212,-0.16705454204770423,0.7106317317313164,-0.7958905151494722,-1.9440071912752792
-1.272904588609141,0.18313311654885464,0.6528862325481499,-0.16993941428825343,0.8790344406395171,-0.11882368029274845,1.0722605619714898,0.07124840977819036,1.0003899006621446,0.38408418332107735
-1.757777944119697,-0.07867240332646737,-0.4694758789002347,-0.5535696867783207,0.06261095486717844,1.445385340176792,0.3952085544445624,-2.9420120581360862,-1.8879434842316463,-1.3634081235994697
0.32631386589563555,-0.6823867178495139,0.3443339122339698,-1.8597069068465488,-0.21971920230485054,-0.07497743624705067,-0.8827762141715202,-1.507533281204789,-2.0499241190607522,-2.166006310159599
0.5300495279981793,-0.21551909982483303,-0.6317131800809963,-0.8050202313144452,-0.5990201793656553,-1.5066718118260423,-0.31753366277650985,-0.821862460704899,-2.91773120530169,-3.33814697870106
0.9946468620886354,0.045999702484456007,0.2408498826729379,0.9392051347039647,0.506452285489567,-1.08262405516374,-1.246793009872624,2.485984208538629,-0.040925133146040515,-0.15460091762327055
-0.40935627639807454,-1.7627717476839426,0.11584301069756532,-0.7603049279464381,-0.3504949810337908,-2.321819150718164,-2.6618048544316575,-1.4731002964944762,-1.834984309611652,-1.9673264618259811
0.26459160715039526,-0.19448072879860354,-1.7809131878590905,-1.2464473710292927,-0.7427413648976665,-0.949034792504656,-0.6313330430259605,-0.38078944645672674,-3.3740942987105216,-3.9370571264486394
0.12070424438730909,-0.4041917532832629,-0.02923619344821729,-2.4051224930634816,-0.6143003041518038,-1.720576142531157,-2.8432807105652875,-1.1295023717158739,-1.5213366237877124,-1.8018974839625783
0.8141202388387185,1.0601514119653623,0.14848300199665723,-0.45089943999121285,2.3574643808308418,1.169729049790855,1.9903663757344159,0.5222553814621307,1.4139493772047032,0.6205586212623936
-0.09324855666499221,-0.410870295807504,-1.2469641144492285,-1.8866110755509244,0.08551914498607205,-0.12175103448319513,-0.24334478137843524,-1.959910697869743,-2.8369915195298057,-2.7337368217624083
-0.5115555000647674,1.8112690109897986,-1.3952756272148576,-0.44914977605708845,-0.6762082375458456,-0.07340823900285709,-1.2957745761299604,-0.38703456796836133,-1.8919395056868034,-2.4466812840680867
-1.9025679667129332,-0.37486971962951515,0.24943785367470683,0.39022762348078954,-0.6080052928967092,-0.8624623590769102,-0.3323992993375513,-0.4060944812904629,-0.049465676981356205,-0.49424770632725196
-0.5086263228052306,-0.8739738717676904,0.19405210403525683,-1.7195077975777564,-1.6663035286359058,-0.09050243071116351,-0.8674444592393877,-2.2386120600676023,-3.7146403722366825,-3.47872362066765
0.1532007355025287,-0.46977574284892115,-0.017155915094436446,1.269490280886441,-1.279025728023466,0.43408802659647727,0.9224532048667947,1.8438393855178041,0.6138482277703268,0.2838091526487243
-0.642355214379831,-0.6843580645252664,0.28570053605646784,0.4833382452423708,-1.9742694359803714,-1.1962228109457893,-1.6686196844376213,-0.4343212703232291,-0.8460776633629096,-1.445750293135145
0.44874934179237214,-2.033587132609775,-0.5921132590072994,-1.0624253665731946,0.5553640598998384,-0.3276806194637114,-1.1602066452770945,-2.609906881428803,-1.1731194613769458,-0.8099383127933862
0.169661421529756,0.7287155981368189,-1.148139532769865,0.044881176481228184,1.1355094771731111,0.6565982154526926,0.4925104221026674,0.06066508777807178,-0.17780313772954068,-1.025878713932785
-1.4106741140706685,0.7262265816145599,-0.2590137746623919,-0.420961916325842,1.5740385429552635,0.646794424008245,0.5956078345458463,-0.340688975151181,0.11125393513979491,-0.4663580625550552
-1.6717190521935286,-0.5080695136249331,-1.2694509450317701,-0.6384864777976544,-1.2189934362935844,0.6909460390814701,2.284025986594841,-2.666542123851962,-3.9528593389797537,-3.537855212977406
0.24848631795961512,1.5538151195312737,-0.15191565074728555,0.6690416453691986,0.6947458825809836,-0.06981959767774694,1.5628454938554404,-0.03252420302048464,1.4569916248165407,0.5625770243825214
-0.2536382364523341,-0.12796432658424597,0.4178709679994095,-1.9213856402320502,-0.5138139998763603,-0.19793351288944783,-1.3689474354349063,-0.3953108999889869,-1.8439078129712956,-2.4425637613979068
-0.6329091920256218,0.8841297721403223,-0.045573229762282876,-0.8259407402584347,0.48658448827528644,-0.023282609813488175,-0.8086890323778984,-0.28542386810753817,-0.9812283251288324,-1.75679254857154
0.9264987878641775,0.4964133006029862,1.6589262478029567,-0.8430533522783314,1.4244780016491427,1.287838842817653,1.7448242346260876,0.44473660451717145,0.6532233876262044,0.11510251678245154
0.8048622127616222,-0.7319056070713961,-1.0379211966019986,-0.5890494388073917,-0.45155825654713,0.13914161458267293,-0.3295149335129234,0.3631939525752337,-1.3098696325205261,-1.9870101627136398
0.4251848498697107,-1.3875173058156955,0.476361594725538,-0.2720500227359735,-0.6570271636822724,-0.2277478547314227,-0.06478746963438542,0.10595020017367163,0.21520553340691426,-0.08880989225845703
-1.3258946214699203,1.1927665836229115,0.3551494572382011,1.6001553190998252,0.7633574200821536,1.6363198312413347,0.9349751694990709,1.8053549956288637,2.9568019297971246,2.5369455256431155
-1.9526185091759054,-0.5477653318334474,0.5408825541517394,0.15684085070932344,0.5822764918316009,0.07371228849998501,0.04519176510093359,0.6133677924589884,0.9953209547790856,0.4017589707188771
0.8903172363941515,1.308722468822053,0.45331822021605656,-0.8885502634146387,0.7658657400497504,0.6709790794785034,-0.031378560837397776,0.5214533768521376,-0.5083093198157285,-0.4999457895310782
-0.04397911482601576,-1.1560419430900435,-0.9404706343583731,0.6965605352646272,-0.3165365760583392,-0.3068769368495318,0.17052408755921092,-1.7304843116684485,-2.9926753057784667,-3.000825175931066
-1.053908911510526,-2.13575997693497,-0.1421947502358677,-1.0114257661127553,0.7565747014478887,-0.2054267043868681,-1.0581631028849197,-2.6781833552981023,-1.769047469575597,-1.2868581838543403
-0.6026736637413594,1.1141605008007258,0.421639686125116,0.8853052354684505,0.09153600812910878,1.0101493069294936,0.957556884710115,1.117605122227846,3.0633786530268257,2.335365166578116
-0.025822588881252995,2.473984565950474,-1.6797957695752128,-0.7768395992086308,-1.5173995729331349,-1.859989305326208,-0.2602499462454817,-0.5913342212200056,-2.4756223072311423,-2.969674520850586
0.27431886625178087,-0.654044990534857,-0.19504506594602156,0.5683505358043074,-1.4374857681812108,0.478543224373757,-0.41197340673398364,0.3570584160912583,-0.8105603956897761,-1.728021149367195
0.6436069110051315,-1.1061191048994405,-0.11049380225821495,-1.267512873233036,0.13843441346414975,-0.23690858967930056,-0.8537627146335355,-0.5593493880243767,-0.6643348570159187,-1.125406166747502
-1.3264054628166688,1.8711573025371002,-0.9555488260238765,0.21975218666555352,0.09461002572486649,-1.2641971764487803,0.0024387912629028063,-0.470292364208959,0.18611004992548508,-0.16551750641977714
-1.3858010728448424,0.7891578255677676,0.48430975448911434,-0.2589030724478212,0.01063305238496215,-0.7441663988591158,-1.2467456940905604,-0.5677361113433699,-0.2412617891995435,-0.8214719648751638
-0.9570291766224733,0.1305322373732095,-0.28248721873922394,0.9938380975417648,-0.27551416156312925,-0.21681255703153993,0.4742386281119094,0.04301162360315737,0.14796248003826346,-0.5196597754528648
-0.84856798678925,0.26730326010570543,0.6881330888760384,-0.6037289585790216,1.366743007280919,-0.5820205065757202,0.7865422114719176,-0.19427770698032154,0.4810679083241711,0.034090235961374865
1.48941025694138,-0.8900001920881749,0.03562007995702327,-1.4016845344057427,-0.15922713010684209,-0.45577431357284864,-0.17244171549305717,-1.3919858067923845,-2.867519957237784,-3.045693915648143
-1.1027859141077045,-0.7922857418363393,1.2195332569964792,-0.4727990665434369,-0.30647910869157746,-0.4806196639888623,0.19963495726285727,-0.6184703328541965,0.3852535727220309,0.32260757530382267
0.9285113285945736,-0.5862399781520786,-0.5538768846914748,0.3762138236478774,-0.5280510840633164,-0.542514168139407,-0.32846242933701275,-0.05522112302065352,-0.8724107396095212,-1.5791872044052149
-1.4573102525579849,0.44395223246652243,2.175136454792771,-1.0904536252993962,1.4505914640574575,-1.5126969837850648,0.12673083816935404,-1.1826350983755063,-0.08763049696471054,-0.20909644681081208
0.8293765033324834,0.00795533713380054,-1.112775150803669,0.9887833908795435,-0.1615845115722226,0.387595049748169,0.7948733238638357,0.44343114185118127,0.268066574818673,-0.11496818346107618
-1.658872914579343,-0.858929083650973,1.101055411964768,0.054421294863489594,-1.212898462765045,-1.3068813353942121,-1.089523896558601,-1.2149180941039042,0.11210331475710689,-0.021755321687809914
0.38388938883276014,0.1367275158286098,0.06977310600771171,0.8647384201409141,0.2613619604349791,0.9339527001047143,0.6729891891532674,0.601486953041451,0.8301528132022657,0.2657444450739859
-1.3944415526600509,-0.03720259589220577,0.46463201146884503,0.9269322606621334,0.2678481727459578,-0.6879763376208532,-0.5629278004287036,-0.6047848733422494,-0.08933407461250553,-0.2869588451976798
-1.3659418829118055,-0.5437988399004869,0.001101791644499916,-1.8805797941046853,0.3119835337142053,1.177944929140241,-0.5725815004732111,-3.2362833970050233,-1.0029589318745207,-0.48176509787140576
-0.349980859386186,0.4177607680941634,1.8417349907621596,1.7721776494374897,-0.6103381018144067,0.7388112082028737,0.5780400698621098,1.9723366931125341,2.426452090823809,2.074498107296737
-0.21345193130721068,0.8585276546989463,-1.0432350871004228,-0.3212035325099861,0.9799749601924097,-1.0384741938437634,-0.9749740740043676,-0.8816667679614413,-1.544373318071611,-1.9950488797298647
0.11297167360499853,0.5797422280672959,-1.469923106038771,-0.06542301910201936,1.0776958398051582,0.07387512223011972,0.42119909677613043,0.015409261467388857,-0.3370652308820975,-1.0213112779341684
0.9213431038934305,-0.6297777093076996,-0.3571945896527534,-1.7583507504964049,-0.43083484202479516,-2.186899089958425,-0.14303128673769022,-0.7916514942088821,-4.236175376882727,-4.6819126010565135
0.7485513513618499,-0.04945613726774459,0.38284671810760146,-2.46145163236973,0.10506106935228966,-0.0579376597632051,0.6115535802965422,0.04875828834298074,-0.07672608271344694,-0.5548407652301929
-0.35468646972775425,0.4462780383467557,-2.5033536418709046,-0.35357488893833317,0.2322896457531184,-0.999401331078655,-0.5545434632907785,-1.0158297110140575,-3.309278545059136,-3.715827308269892
-0.5942693658826804,0.950556080096831,1.405865575382365,-1.9397371106823842,-0.46109915819570535,0.857168256906969,0.552839921428336,0.7939200088951485,0.1084129146179488,-0.5878703378741091
-1.059324686138579,1.200768839591533,-0.8970117346438311,0.7413850102506068,-0.26693747319725225,0.30223197102755817,-0.2515138707348803,-0.15271207744421308,-0.21799955323991865,-0.7197251386747119
0.11143287475339705,0.12738562722889343,-0.5469670304817696,-0.7776579216860499,0.10415402238482147,0.2846702890140671,0.49519206802121984,-0.21453609645867888,-1.7996467521272579,-2.4658983869186852
0.6542900157636355,0.9885125965380388,1.1134466753140462,0.3254290973204644,0.3274457020992767,0.6688746852335787,0.452087148736417,1.3244673589234799,1.9375401383215374,1.372299796007314
-1.0183256062425665,0.30689273274113754,-2.328787651737853,-0.7200799445884353,0.8691982721790379,0.45726487842978075,0.045688009570274024,-2.314462820930537,-0.632669627078541,-0.3998344216136134
-1.5536540703360315,-1.2041358062122596,-2.596856237362223,0.6153228921241777,-0.4202438990225493,-1.0353929186153301,-1.2117865523866937,-0.542611617341449,0.06391160868489021,-0.28709330002361133
0.42110314484579975,0.03687709725471227,-1.0756287061786354,0.8375142946254273,0.21262823217807986,-0.3507214891202557,-0.019625126884843802,0.8906376828213055,0.7574537854582013,0.004113912864851937
0.9196264344476188,-0.9654528546585468,-0.5624582629763498,-1.2824860752752036,-0.8535042476847832,0.08239231676038035,0.2933339639696555,-2.423416044034322,-3.433796840977795,-3.1183654031722954
1.1275080765412193,1.0166550312537366,-1.4885766917306873,1.9848167552524651,1.6412187605354118,1.0620406814113952,1.715168754229799,1.6358910734692018,0.9801168875351439,0.5464357901379544
-0.2298708938313691,0.5580441153652793,1.7233043978447025,0.6886702204533969,1.8754939093335992,1.4794709838609976,-0.04465528133794194,1.5028303328583565,4.415924190343011,3.8892195259038997
0.17715570643517678,0.7864914739041512,-0.03404994936145668,-1.7489394610480036,1.8241150953048664,-1.9586011577696691,-2.461058300034407,-0.5912607025172815,-0.6636404294676502,-1.2507027317931358
0.09617477234887316,-0.3834965118166957,-0.9051503877410658,1.7533892510088267,-0.852780675181973,-0.28218694479210704,-0.4493682970386052,-0.2316127757265377,-0.7031465278295521,-1.358016718156844
0.5606369912266981,-0.062991749190337,0.33252518388695745,1.6529728735536797,-0.1911237414987879,1.1840876171604875,1.2857032483066193,1.8245723888395786,1.863005459571072,1.4578049659026449
1.43430616629033,0.3201112053627898,-0.37274135824109345,-0.3721583530247036,0.7451826931043944,0.10962950886596583,-0.21454914645991005,-0.022985509501786516,-0.47596003863811515,-1.4967545152366366
-0.433346085744292,-0.2281877281022792,-0.021455539085201106,0.24457006426103148,-0.404701190451202,-1.202254411717346,1.4269221527696274e-05,-0.4746873462623208,-0.5405895064148062,-1.1063650233763809
0.9823827441119737,0.5501922518520685,0.026453124562576463,-0.20133943925535405,0.5998419409776379,1.11162361694823,1.9514154407217368,0.6057388502048919,0.5526566707877875,-0.032756846266654496
0.007261711680696124,0.09354980050457139,-1.9500829905133776,-0.2639283117217718,0.20102409914075253,-0.09657374116059142,-0.3250305446384019,-2.461426395050897,0.043009776246103026,0.3244447545598863
-0.7114821466748842,-1.3307891651299535,1.9992775462523158,0.8557743557823883,-0.33429545704830593,1.1310807235118456,2.232470186120045,1.200938930147018,1.9959635210706526,1.39531297212597
0.8741887985561214,0.5041216236371073,-0.2812013194493509,-0.11672687290191187,-1.378081772052216,2.324011076019012,0.05434541398180143,0.593716722806254,-0.8312515751382916,-1.5147076084618674
-1.042002571160748,0.3201596357484937,-0.8423734419119816,-1.4500855951510543,1.117886840138523,0.2317346868053125,-0.3278019936947897,-3.5272018290006413,-1.8276717308774226,-1.123564897233995
-0.18486533646477005,1.0678241189444393,-0.5601734981249366,1.751988247191698,1.1378496278182606,1.3950368562820004,-0.32097327787447927,1.712738171583416,3.7784042192394,3.283964119677652
1.200644271089313,1.2298433818835155,0.8075239043516719,-0.03204097945799665,0.24798487410637027,-2.5368636948896626,-0.5276413484098117,3.606263339553698,1.5067622425790395,1.8990073681212294
-0.5633307912189413,-0.5708541628364648,-0.5107416426450393,-0.13965370254199336,-0.4706527373125517,-1.147126928989775,-2.7112410192743717,-1.1881947484702096,-1.3656452320454449,-1.619423806585937
0.06090951235069805,-1.2231812192990124,-0.2417333924056154,0.470671129402504,-1.527476591428596,-0.041380303731521684,-0.7522428274639712,-0.5037707701075061,-1.2434126168544222,-1.7785470755375135
0.9936485144351813,0.01879736882834506,-0.5548587054013532,-0.8230676520063565,0.12396585591434645,-0.7292443534291171,-1.528887284365663,-0.2206584193944071,-2.0984937304606195,-2.786313293595846
1.163468530076534,-1.5981657737516302,-0.4274429443809022,-0.8546609286982363,-0.37893399512017506,-1.3135263701773967,-2.267188010522739,-1.2692861786004566,-0.9092738623060281,-1.123790487054671
-0.3826068224396563,-1.1388464578735167,-0.8788458826448738,-0.7818938958892804,0.024906103179227923,-0.36584862777376415,-0.4918670115485083,-2.1925950179863167,-2.9821915292113665,-2.76552447865683
1.2233927463041332,0.22275482698006618,-1.3850926155985546,0.318054233773373,-0.1269406765321322,1.2972292837284947,1.6245060815302197,0.6893422878984474,0.2893838057297596,-0.0008551401094263333
-1.5506866621657092,-0.9170481058400567,-0.7533022356790804,-1.0320610901702563,-1.8831875469117874,-1.4086344492334477,-1.8456722270958337,-1.740317126237539,-1.7555277015550297,-1.7572830217211899
1.1053553257043454,1.5908449265308795,0.766541361795486,-1.5995982191816698,0.15231860197981553,1.672748452486427,0.38396332249289933,0.9360473255905983,0.07268426875376932,-0.5008168771597032
0.6095059070129772,0.15989899311074499,1.8899823400870384,1.9910316218390556,0.22255968502446832,-0.3694666301321312,-1.4009607547701746,3.6888332461417175,3.734616887303276,4.159962061332661
-0.034362727750613685,1.0256408557675458,1.287767803651608,-1.0913475258825642,0.3333765402113503,0.8480970484895682,0.2662394221695723,0.4575057408234241,0.2807985029463139,-0.14627770822663344
2.1787753811475916,0.3580141707319467,-1.5893607898521656,0.1989749040928127,0.7012943182026645,0.029322171865355268,0.307474596883758,0.12956183970987578,0.2655972368323959,-0.0012753095038782192
1.2069106298418453,0.8071331305958553,-1.1176049937598904,-0.6767681147819716,1.3162904457604494,0.5026605806324655,0.04413319155105799,0.3247257147506085,-0.5755452857804544,-1.4236214130215998
0.795796006537875,-2.367381062907037,-0.043895676551851934,-0.9269253221501488,1.016193293550081,0.12448595536658791,-0.5388868595071531,-1.2520807094778243,0.008801539877339448,-0.13668786931026755
0.6451610549761841,-1.0702504535461481,0.30673040108089283,-0.6367208978179173,-1.0583673277521168,-0.5362700528056132,-0.7762733095406014,-0.2666055287880816,-1.1428909797250877,-1.7334548792799231
0.27106644677604375,-0.07938366942603851,-0.8409227120524042,-0.2154788982799673,-0.32586783281067533,-0.597079267616379,-1.0121046423365037,-1.1080921185066546,-2.3225444336460597,-2.6255265267423904
0.7652044367148889,-0.04397838344907997,-1.5547586659016177,-0.4945441837557889,-0.41235291013486874,-0.01395035579269488,0.37781217078399876,-1.519693442485854,-3.147753397312477,-3.2558945204232557
2.5616605716487597,0.0516964183976734,-1.6522885763639916,0.06900868923061748,-0.3597665817328494,0.12806758594730358,-0.9371098681435353,0.08710917308404997,-1.657799687013705,-2.367924008704912
-1.8757504259863143,-0.8871164796306187,0.3340010822369202,1.5672945606158302,-1.0597555627358808,-1.61160781961499,-1.249747594624432,-0.8682564025505937,0.03459636646473589,-0.29846650811626113
0.8789960061209678,-0.8182387867328182,1.167553829051146,-0.11710562512257418,-0.5473068212194685,0.6308481070927662,0.7960794624817786,1.3471155655991232,0.07244606962152655,-0.2409939141558889
-0.381285503608099,0.7779691646038235,0.3738024640001281,0.7112082287520484,1.829949189774355,1.4009032256012626,-0.08285964679275137,1.6701498128065664,2.763990225446488,2.296037251786768
1.1365185949440653,2.2726137539824425,1.8624361046334852,0.28356959170330026,-0.8042981141804411,0.7335112630412629,0.5045808974146755,1.796561308162198,2.430890628299551,1.9435634582436148
1.0057591217072985,0.14186141191990426,0.7839552410516527,-0.32342899150762267,-0.07460938311950299,0.054587489841615947,0.7867807788038422,2.1948591246421785,1.4441046174380567,1.1817259193146699
