X1,X2,X3,X4,X5,X6,X7,t,y,y_delta
1.956138114627363,0.9976000489353904,-0.5435536726996807,-0.4105894463746059,-0.7380086470895935,-1.1031428552167124,-0.9207710325836501,0.13396986744274303,-1.252539935705257,-2.4481026268833643
0.7141583824062466,-0.15147832390897015,-0.6546768384500902,1.0748667850985778,-0.7029452460703831,-1.5210548602215406,-1.275667852787638,-0.6268527571392786,-0.8205566160408198,-1.438784563939277
2.398920266806207,0.8090454978388973,-1.0308667290465963,-1.1754845459867342,-0.9206565167631887,-0.6441797728469214,-0.7155666621012469,0.02160984510490367,-2.174199158257676,-3.316296001066756
-0.22763082667636247,-0.48848027303755226,0.09840678994893627,-0.39953561491757633,0.10331242981191532,-0.6004941902411212,-0.651722247561973,-0.3603113580802731,-0.44858747254917175,-1.0133460693351384
1.0610220578397265,-1.7233415378350618,1.2957788240359964,1.4746530668546314,0.625234745768441,0.1516451316050645,1.0381987807798105,-0.28486243050059423,1.9428963604491012,1.0246804654837842
0.8216001285788305,0.3792206265721255,0.4673173198151363,1.1535423133001168,0.5217139286271948,-0.17985067835049315,0.43358166394453557,0.9818796132834713,3.2819442137840054,2.1113703906758046
-0.44406861696637334,-0.014111713631686191,-0.7561820537613414,-0.7287536322843202,-0.7468415463816456,-1.5979392688944378,-1.5443234446348884,-0.443979833995094,-1.424881616053683,-1.8746539327543286
-2.6039715453210053,-2.4913252979199467,-0.8280164725223079,0.5481414360604305,-0.9697645607868431,-1.2196779516881204,-2.139763050248109,-1.1083966671862309,-1.9044625700192472,-1.9594292961351345
1.7023218425164743,-0.26567607473456945,-0.06067453896320191,-0.07736180077954617,-0.08452535754334703,-0.8504265405839933,-0.6332451643674553,-0.29632950809225833,-0.4458203307866278,-1.1110707778539393
1.5595683915869814,-0.47600269239205173,0.6724637147923457,0.04134854100417132,1.1033792609612532,1.0621351522996403,0.38445624704201664,-0.07607904114877945,1.337466945247771,0.3120446609912191
-0.38203721260956347,-0.7013930667822038,-0.388465163764965,-0.7541508686290045,-0.5384976050572582,-1.1746199334041658,-1.2074672138832858,-1.0815404505704806,-1.4428198782449135,-1.4843765015506996
1.5151022848877844,-0.6086751683025238,-1.0525593818076902,0.014658320344850845,-0.7168286478971845,-2.186805704330918,-2.040445379578221,-1.1428999470917638,-1.7486267507891704,-1.758126449682318
-0.5652323610517752,0.3569714012698269,0.8292117858856722,-0.6609866379637753,0.8279251357490147,1.887677624114499,1.359128240712513,1.149848038133566,0.728134660531125,0.2582512696209089
0.3710614631090111,-1.3772561682761655,-0.4930282682356576,0.2063470919430937,-0.6820700073386553,-1.4209914985066407,-0.9739586249058532,-0.9655807128899576,-1.0075969244704976,-1.1041902762434752
0.6216583839535759,-0.6836039167147702,0.5005941118404645,0.6961553013513216,0.4754455198360422,0.03698315321504653,-0.17405792919288635,-0.3007753453735529,0.4871370412640935,0.013137163421408193
0.429310297795957,1.3333668534938754,-1.9522190989307233,1.121419975052958,0.4744275009130381,0.4318210267247184,1.0809872232397388,-0.11547210327844032,1.7547267696590805,0.7092521538067695
-0.5677134037404296,-0.5273924272160206,-1.0499037608887074,-0.6618366783872115,-1.0436785914531417,-1.0561232180349602,-1.887446517400369,-1.24820810887338,-2.5520791104340192,-2.4624970785809466
0.8692936314309821,0.7470879307419059,-1.755414812692165,1.122615727036034,0.09241218423698701,0.23301137162442156,0.4143474574324601,-0.22279841942829376,0.4946454483522409,-0.10728158631028978
1.2600348294958117,0.6596925952823247,0.549044629340254,1.1780145343005255,0.4626818949535748,0.4548485811079104,1.926731845741247,1.4604919527650833,2.7493752998544516,2.0911727004270504
-0.08675736801318734,0.7962971727458781,-0.26921423649943355,-0.07683600586595832,-0.5199413948457419,0.3407487916391215,0.2802426846984998,1.0097817967541205,0.009514645121236717,-0.567435381922728
-0.521392476017196,-0.645959374221926,0.5292077977645427,-0.9955147981846787,1.2115536089950065,0.006616567660711115,0.12517557203450014,-0.2709093099200893,0.2339308528277253,-0.676663696260339
0.007650062079665362,-1.1299725882939755,0.36808953317128407,-0.06567994185556544,0.8878624012161687,-0.03018545424313028,-0.038966117713764514,-0.5767150488492614,0.36591708239708914,-0.11153705001488708
0.6904836984805077,0.03550462346298119,0.1484259883170056,0.36741861125147046,0.3899051815429746,0.07123419106069721,0.07569373035107729,-0.200542991828572,0.15026239982180567,-0.26393189383727195
0.9313731752537311,-0.7715535566460646,-0.3924762817662346,0.5661411254842883,-0.7873334409213326,-2.142311427465759,-1.3690276716968133,-1.0437408582918108,-1.6231756786538414,-1.760942780907711
-0.7239931601744894,0.08056658182907094,-1.2447300892759923,-1.0394918629993335,-0.6465923891350418,-0.7145849938132448,-0.886608758061553,-0.512948518219193,-2.528480016878719,-3.2747933203073005
0.2525603511446291,-0.6134085830474715,-0.9631904353374262,0.1107696674080908,-0.9598612975308416,-1.7469683333738621,-1.0518129632740691,-0.8532323042468054,-1.9133784402988838,-2.2279646986347266
1.1790220144072447,0.78973768317721,0.9065028500622409,1.26543223299783,1.6816104403965122,0.06896120559013107,0.4667929190745226,0.8046382417233039,3.1415168384049412,1.9503844071505838
-1.4534891921522906,1.030625191180072,0.34882730243651194,-0.474262500284522,0.5637600729332342,1.3635103912370592,1.3262530841152709,1.7495887694719283,1.6673197109673683,1.2589507682911358
-2.2789732231390056,0.2675392801034734,-0.12442537386515554,1.3213328391838766,-0.22713376760821258,0.2727720326409898,0.4230083494753726,0.3401315915746228,0.5143911141085518,-0.13735163285561816
-0.06674234424807238,-1.484326545400122,0.08024957357778345,-0.11870820889383657,-0.09552908006778493,-1.2064575457157305,-1.056918677014103,-1.0812813498956864,-1.332279660492528,-1.416320003118516
0.3016027203976902,0.04310204083464152,0.615862948101001,0.2628354383599289,0.8380496995357335,1.2618774264519184,1.2543601524602783,0.9248064002193157,1.8540514942609705,1.0143567535308182
-0.09612029184439808,0.8836809051013714,2.3402410945706653,-0.10494654119131866,-0.8054867473566503,1.2765503370315217,0.5701932623742545,1.5930228789247651,0.10436791401533133,-0.46580846318879643
-1.1140920323093189,-0.9521830997404219,0.4999711480855613,-1.0893773414962622,1.230748704733027,-0.6591227743102761,-0.5791014862357872,-0.5665043379479864,-0.20748033272817348,-0.6909227361485525
-0.1731603969264861,0.23574727496028713,-0.08391770588767213,-0.3036262266916343,-0.10069096033335101,-0.1715972409954901,-0.3288199660723765,0.17100800833917035,-0.2161938410222201,-0.8028074108270603
1.0400276455112416,-1.400130352105354,1.0137671829399528,1.299183666235411,1.4639634786101623,0.7988684716194263,0.19645607842696375,-0.3616479591409723,0.9435654947264738,0.48299254078951015
-0.6274577897773849,0.4673996229359447,0.921122211662966,-0.7154504695078858,1.5569929706726802,1.4134542418867686,0.8436981696081121,0.5135910448785815,0.6167616201546324,-0.10187411933196923
-2.239020812324174,-1.4983675145177489,-0.3278005477259345,1.2321731571145098,-0.4828132770866674,-1.2466493947564588,-1.2691056811652321,-1.517319497077884,-1.0336736703919438,-0.6067868085862129
-0.3149942143049843,1.1637438502585564,1.6606155397479105,-0.5799277941823123,0.3222662659948149,2.0582684603418553,1.9785219389614874,1.5236780988502179,0.9317607343127217,0.4527268577014903
-0.16095234510042714,0.5568449419559819,1.1911137218432213,-0.2937968125944814,0.9228468997635935,1.2424342227799838,2.391048852734566,1.805492547751553,1.3855122162572397,1.1410498875161343
-0.43131584691783936,0.34269015326103,0.10732414902523565,-0.8310316057962711,0.03656372385218937,0.42992957446652214,0.3681816023137716,0.4363988044110031,-0.045109778349067625,-1.2348005723126398
0.8210966229516469,1.0266172494197812,0.11758835221707499,1.4799067255854061,0.1940505869351015,1.2454622654489087,0.9944277941623303,0.528546222012483,1.6032789227707664,0.6875972692241007
-0.1868789572325744,-0.19134172543202302,2.3884307766662536,-0.46105494866385077,-1.1286339342486547,0.04883787135835534,0.2568692322940074,1.0281593149651613,-0.5532337723851571,-1.6421026359305149
-0.4530218549855517,-0.23083486868981257,-0.35142207839142864,-0.7192761082236314,-0.7048234268241499,-0.9206907153478844,-1.5037300747326934,-0.4042422689626174,-2.1498002385349455,-2.9549127592668696
0.18296720174401215,-0.2765295639796098,0.2591084160490633,0.029823674463208133,0.3338119629062427,0.8769043114511004,0.05592074929333013,-0.10497855764360653,0.4379371168732916,-0.4359200088449898
-0.5493519985170133,-0.365957973379403,0.41316785973159265,-1.0151442599775704,1.0589055304899282,0.04876719852646655,0.06298207378756589,-0.01771870678670237,0.3270544011273546,-0.4883160432740546
0.9524913496944716,1.4317620231429369,1.6785014485960241,1.5208956475481585,0.14619170914173363,1.0955039945983607,2.5204148380978038,2.3110892009302964,1.9585738966858912,2.1000024457410773
0.5491299858403347,-1.3225470053367083,0.9361208468451949,0.6833424146660122,1.503528498537723,0.5043930283223862,0.7160410935860282,-0.456144368020807,0.817465047891185,0.31266142726700447
0.5303383277703563,0.38774313814896605,2.0938189336452484,0.3090044657409018,-0.5938888004571927,0.7856021909020159,0.2510141718837307,0.6842446151416983,-0.034355859450458506,-0.6250756451887811
0.3940747940945566,0.3465798274560878,0.6491793013227973,0.2536850094535955,0.6475862852839687,1.994328936460143,2.0187216896201816,0.9671405401838,1.3092490798152387,0.662213126660395
-0.33310297138141787,1.3707695602273307,-0.03264066599326735,-0.500886620146329,0.022824983227454368,1.2976291053294726,0.49273248399394276,0.730486375227339,0.3604586808009805,-0.5867794962930359
0.8453175230762654,-0.7117054096568367,-0.5278941957969157,1.5282167128683402,-0.684904784170479,-0.9662361337618474,-1.0154263991337404,-0.7296399804069721,-0.4700798803933727,-0.6940682270389329
-1.1862066863174145,0.8928117622538342,0.35770731289686897,-0.7052179461381811,0.6520334791203375,1.3575316800226833,0.9605018132251418,1.5479812481280228,1.646753643587676,1.0343556166073142
-0.5341486955913671,0.43309903710454883,1.6125471643765827,-0.7645159128934367,0.2279059788996519,2.143726766966401,0.5882982378800199,1.2070268167417688,0.9868183350136277,0.062039304715819955
-0.8890150144530292,1.2495591248647184,1.268038114265371,-0.7409990211786078,1.0134216877902071,2.0235815420484986,1.4530998973263702,1.0052263713477798,1.2576829920173,0.4689430228745341
-1.727465998975558,1.0444583749046596,-0.8716768327943645,-0.12555664833544003,-1.2570857397133617,-0.3199417323751516,-0.2736924672779072,0.3992007952889687,-0.5725895404330379,-1.1089985394451018
0.23989840572404003,-1.4451915141926677,0.9717077451502806,0.3094011929383008,0.41298831581922957,0.43239840114553973,0.12783714782185784,-0.38121965762719345,0.5306261662557725,-0.21811856082189723
0.05204807216748541,-0.6557371208047167,2.233995522155382,0.16845431009103798,-0.6357310521878157,0.8324042690962956,0.0849329348923831,0.6288204226210772,0.03013842572701196,-1.236649158754612
-0.22526772040784337,-0.01916774990757924,0.6329075712419469,-0.3705516666065659,0.6089197936124092,0.3273967236295081,0.0062489147060353495,0.004500817945778807,0.1768681390126151,-0.33033143457668895
1.121866569932915,-0.1358537385177531,-0.15432314987506734,0.33124773180891987,-0.2721908348200852,-0.6743081576356459,-0.7774902561136654,-0.3697803116547959,-0.5204966890092685,-1.2642736957209328
2.081587177606501,-0.016410338796297205,0.08948126918878388,-0.6297161861968423,0.1368665750823269,-0.18056847724291705,-0.21140730464931123,0.02126584611753534,-0.21648673262739734,-1.2375613930142182
-1.178610146172449,-0.08125798869794323,0.3430359666529776,-0.8619674346716512,0.5525860766373939,0.4561183692037506,0.24931768850729916,0.09026367681011849,0.23190720016242422,-0.6845577619628676
-0.7771741373647483,-0.8092555783276038,0.8157678839208559,-0.9720674395752986,0.6012285961466496,-0.1688032493596407,-0.15619624333814128,-0.20395087835503156,-0.04259862331747037,-0.9802981442138347
0.48739623809186416,0.2303049551095869,0.3535162506901632,0.4811008618239063,0.20331970224827473,0.331884332559138,0.172478591476033,0.1790328649592867,0.4436225314417876,-0.15575972541825733
-0.5644780046033268,-0.6377087065195816,0.1906058235514282,-0.7831400438752503,0.3140329850219404,-1.2250151750520852,-0.8132922295629845,-0.5032105843116517,-0.6198678950965405,-1.2278077899331066
-0.4527836284032577,-1.1414517230796752,-0.9498702481284382,-0.8057054056991712,-0.9285033080654235,-1.160614967168996,-1.2720479039324604,-1.0116991254308183,-1.5802928723731693,-1.6585726735987414
-0.009958315281810766,1.3895381229125854,0.7893008203415045,0.10165476681494873,0.6043089304096934,2.087947679296768,1.6695493116659927,1.5191669648652741,1.3226940128130873,0.923549860541373
0.10143119203017927,0.06935908425329096,-0.08080003984794173,0.1056384221729558,-0.14082758719196875,0.05983268778174354,-0.057894209802955066,0.10616941033336737,-0.023961253061915648,-0.8363554051118982
-0.3752916977431484,-0.9613664070860947,-0.26600325250920337,-0.5137821238506586,-0.48580776501327344,-1.2235517824151907,-0.9627208006541141,-0.7900892479879873,-1.1244475957148423,-1.308024328558127
0.09431953364496808,-0.1521379269230286,-0.9749622331975087,-0.005810785574058036,-0.9829187379950369,-1.0310022298823,-1.0590556715890116,-0.5682528463813797,-1.6049418089157481,-2.1321774744909217
-0.8420931459691606,-0.06009670861186817,-0.5606630967462984,-1.0407617103705291,-0.8398850586772879,-0.4298466910684346,-1.0132421195665715,-0.495744199200354,-2.7062610592141096,-3.4638387061537106
-0.46539492317535025,-0.698937766652119,-0.3118193846585261,-0.875679665801244,-0.4876956033244663,-1.626310878840554,-1.2626001865456342,-0.956579947544767,-1.3167086879433716,-1.4163615433774146
2.5374870255842987,-0.0027066170845981585,-0.4131783784635981,-0.7517334015679262,-0.6294145985708917,-1.48559123466435,-1.1104495553385298,-0.254156124724773,-1.42751488440655,-2.0820166998176854
-0.6728708539877511,-0.568406516901102,-1.221984910087796,-0.7818114536797409,-0.8139267853383612,-0.944456419198132,-1.583877630057811,-0.9959474885265115,-2.4586927305988016,-2.6112297431113554
0.364570527013855,-0.7729842236527623,-0.06616464238649129,0.8695118272250151,-0.09041528794137865,-0.47485056093031974,-0.3350747597133986,-0.6126840427315724,0.01366033090413385,-0.6204738024418995
-0.08408105467647146,1.9481921882632829,0.8497701674460102,-0.17338250069753375,0.530664516546343,1.6189542915458348,2.1278159906775898,1.7658480449374898,2.34250661520156,1.8747883220321406
-0.13072159131776148,0.6205567988491724,-0.9283606072650676,-0.2942038204792377,-0.8233077008788474,-1.1158795925353349,-0.8320849773304685,0.03250238613467042,-1.0225500273342867,-1.8022315640599762
0.39056373687701534,-0.6037834956961262,-0.6494615557355168,1.0071078444706507,-1.0062261692004715,-1.7905947360314234,-1.2112351802152042,-0.9111288706814172,-0.7997250729290802,-0.9213034025853782
0.5808458448260441,0.4937632421401611,-1.2994740980406057,0.6965999821407994,-0.5476821861008709,-0.42901127161933156,-0.40922965327419025,-0.1398135320916228,-0.35090519825265565,-1.191656252207376
-0.12254426785672058,0.521427569411866,-0.9808038766100441,-0.39394843270386976,-0.991322003622172,-0.9381162281258116,-0.6295413188860982,-0.09482917700127218,-0.9854050985991942,-1.5003637223439614
1.2942461666055323,0.39676030767969966,-0.9151480062837664,0.645960995537149,-1.2042510579019459,-0.7988668841217329,-0.7440006054756118,-0.22508997593142155,-0.6034358085625344,-1.0434399169852313
0.5631125233569155,0.5965810895995437,-0.5929534698093437,0.9730472333543851,-0.8672808269691944,0.3550614820077306,0.5678389098391967,0.4242178116024927,0.2521006307914606,-0.9950072930657134
0.4224930660918872,0.4229955767030164,-1.119569776935668,1.015144178240265,-0.8455636468530494,-0.7355929409597038,-0.61854831475611,-0.23615369308372064,-0.503162776236952,-1.5015922191577733
-0.29995296057573284,-0.4252892441241875,-1.4177984002736181,-0.4492131138554036,-0.5814072648027083,-0.9748934679852704,-1.9307628104856032,-0.8872320913996194,-1.9611934153471138,-2.219713054556942
-1.9612040109103197,-0.6877066312900922,0.2736575840712856,0.06259452424283454,0.7182765085925706,-0.008384588385053779,-0.14484338029826224,-0.4131957273234148,0.22815427949658196,-0.16582738292105476
0.8179593319466922,-2.1023039218630606,0.428337669841398,1.391077725674577,0.6277208752930269,0.7315865214031557,1.0261192698667965,-0.5173388827006076,1.2770041556449625,0.6900974349067164
1.3302065027245007,1.2213048467383778,-0.5548529317353001,0.5599997932596611,-1.0037114847416115,0.21110902058358721,0.01990390486181373,0.5780195697041242,-0.13184860441849336,-0.7692762561399168
-0.18505900418668442,0.956527914574412,-1.3553849834320097,-0.3478143027795794,-0.511492353600865,-0.8664001563450362,-0.7502720428600043,-0.08121245804634647,-0.7410403189993012,-1.27460622372093
0.0925142538711169,-1.1676794061795508,0.020247937959262902,0.1316023331016995,0.2478432626024121,-0.6748409045140605,-0.49495528210889655,-0.6840972954484315,-0.07907259390246646,-0.6424557165060085
-0.8288979206041388,-0.08553709541767196,-1.01329155228209,-1.0679856554272458,-0.7168333955621953,-0.754517593214695,-1.4747877354546106,-0.8029326138027746,-2.55845787463371,-2.9130466891684157
1.4361489334341089,0.3508737474828011,-0.6665290761515511,0.3780719917032767,-1.1698364569125619,-0.721641076599038,-0.8374668093256565,-0.07623278976369341,-0.8806789106362899,-1.7553691186670397
-0.9351477702141113,0.845389881454772,-0.5880173671527558,-0.7434468295571757,-1.0197124397719566,-0.3129311382288501,-0.21594804706323847,0.6049515942034671,-0.7275471560737545,-1.3517893545842623
1.0554572824347817,1.9870138565550508,1.6801638212992926,0.9175068730311252,-0.23634726374593615,0.6077058267120878,1.337788205926141,2.4853027572934865,0.5388566428328828,0.7231881526836839
-0.4491833952619753,1.5705411725268168,-0.40374793675945314,-0.7997936393669266,-0.5933084381947458,-0.02501592491514698,-0.09518828900603182,0.851609861239373,-0.49267730185971037,-1.2619093080643127
0.5154485827955229,0.7665396311060786,1.3536819930817479,1.1265818717710254,0.4293754818343269,0.16848914116653074,0.3403575677436205,1.6589997254624744,3.5143505950692697,2.916294629279551
-1.0881453928868203,-1.367175363210752,0.5150506147165679,-0.7250546919173074,0.36463660643472096,-0.9295043833033299,-0.7325319369344686,-0.6287661699394603,-0.6458823810603448,-1.1745403134488985
-0.29362247231644584,0.6210264315108996,-0.9732553898960549,-0.4347523192429608,-1.0442175480300444,-1.1713346039014785,-1.239149769481847,-0.02932474523404838,-1.6049043355119026,-2.6266781836715793
-1.9515168022893572,0.2464803277564691,-1.0635602578372363,0.40507769264835936,-0.9834413897461443,-1.6038918427026785,-0.8367907263756316,-0.36263788141819064,-1.2592883634944747,-2.0735853501731265
1.1885770439763033,1.2204727488412879,-0.824102267030692,0.5187512691207506,-1.071788746667841,0.5456240009720741,0.42562090557404575,0.7962914130421908,-0.00510567182075327,-0.717006082108431
-0.4413007650408775,-0.008583249069473482,0.016280004497588513,-0.7892457266409163,0.07755694519188232,-0.2503444562424217,-0.17685046786713354,0.12318462429224628,-0.3019543339220414,-1.1420813160108383
-0.164838128476974,0.24535395521704217,-0.5865726457353111,-0.2998577935283902,-1.065822852051353,-1.1999774701663342,-0.8748228924426089,-0.1130192585310722,-1.0790662116569076,-1.679623670385311
-0.02240943070101913,-0.5855151489612545,0.2926308538143509,-0.061333911928413413,0.7525047480785323,0.41690159720738634,0.19806290122295278,-0.38913035244585137,0.7211304683375045,-0.10770132682226158
0.3161222604233278,-0.08880653308535494,-0.019908409174151053,0.8455242042775212,-0.03675929624823175,0.7368287249862369,0.2910597870864429,-0.11417675828428092,0.40106338003523523,-0.36352822129952933
-1.2361103523376953,-0.6076648358207446,-0.38040462697070976,-0.8990548271062409,-0.7329830141953246,-0.6061471940948397,-0.9088467716352195,-0.7125597639231702,-2.49935028602995,-2.964056041559435
0.6690724353127248,-0.6084066473759329,-0.7457891682475305,0.5646650223682691,-0.7556404499271593,-1.2047060584226583,-1.0065587786474837,-0.8640940117866578,-1.0716399738959999,-1.2873692219285395
0.2641786177987455,-0.5622819909569946,0.019232118518009402,0.09866225835966835,0.20132249981622485,-0.4498611589873464,-0.34579091920109484,-0.4949739647048397,-0.08364320011330934,-0.7484827868866103
0.051070916556978006,-0.36490507164056374,-0.3594886104958266,0.021634999059961767,-0.5058572194496587,-1.0191470135621366,-1.4673402054182558,-0.6184298187573991,-1.1825143396967173,-1.6334564465893089
2.1340590417131446,-1.8887106879252598,-0.5288857377820426,-0.5452345561024461,-0.9738300596854798,-1.6343795881261043,-1.839295443720056,-1.2527597336000587,-1.9074372167153937,-1.8365754910351457
2.5562243080217377,0.14066190918125426,-2.852166526923082,-0.7926027657821264,0.6398159524519821,-0.7074462296681594,-0.7030573513713916,-0.6511456397520713,-0.36143153310300363,-0.8351235457588508
0.34679200111094366,2.0457163567069,1.592761966178866,0.38042373118373163,0.2876972270479686,1.9026224882567184,1.5088001318101047,0.8410456342682032,0.4753785783714186,-0.0045949304221487575
0.1120282106519817,-1.6871541236853433,-1.3285491194539774,0.2823689947531788,-0.685926897085748,-2.1652189812326434,-2.305145047257283,-1.9984269231862388,-1.1638494824417662,-0.7041199206785506
-0.2928446111470181,0.530197996125027,0.46857626864499424,-0.5647566733686767,1.1198051064279313,0.5620889479369312,0.579533019214653,0.4042142903163566,0.8160575584459839,0.033616551993124695
-1.2531254179866296,0.6791737533081194,-0.2655546218888092,-0.7430438861559109,-0.5016855000697203,-0.554747009445119,-0.47116124292006484,0.18320658612256055,-0.8356410019274383,-1.5694926253075374
-1.8376299291462928,1.5935127873882642,0.0851894004276679,0.01726732607562044,0.20739598745598495,1.68011087436867,1.4812685582640717,0.5922295818210552,1.0861609879220102,-0.049793679299668527
-0.65272961834764,0.6473628727073721,-1.105008525660845,-0.9387531701500318,-0.6967526593314063,-1.110304552845341,-1.1521565150225885,-0.012225448831135327,-1.4781315892713185,-2.3186045795551977
0.7087207649079741,-0.8330229436938004,-1.206247070067421,1.6189261102807857,-0.7461612970817761,-2.5742705985764185,-1.2208377392020195,-1.8240196655677243,-1.1204609140897261,-0.33869364920189615
-0.9539039657947476,1.758527931453575,0.6286338455274382,-1.2012639106866143,1.2906232466151089,1.4156293304599175,1.492549303958012,0.8683658195974188,0.9045643442839458,0.09555401399397907
1.3108751564904695,-0.7774456903860998,2.066088093630167,0.48739391530705944,-0.7105970873987523,0.5567610076330405,-0.12372599001712048,0.4538372689690545,-0.048099450069272714,-1.0652496515878915
-1.2516059105624946,-0.6736288950412415,0.8455563034370275,-0.9147308850717444,1.1010554150541698,0.59463790023508,0.584346128972444,-0.11452934843273237,0.5960261499082713,-0.49290042879479545
-1.0157125701928165,0.32590525820348026,-0.41505161802568086,-0.8994680579659743,-0.8309391606795308,-0.9496841481178535,-0.5205556016271452,0.17364945510743784,-0.9957897308758767,-1.593543252625944
1.8464636983390725,0.6268409574216635,0.28418398659078736,-0.18285204032606242,0.525352345657117,1.3096264521720002,0.5329822617265891,0.447461856708225,0.4151530752940906,-0.13080401879541775
0.5694115553683448,0.1208190107652205,-0.12437893603617148,0.6965320482720664,-0.2265924671969309,0.3180240519014808,0.07613942590161567,-0.019438462724155163,0.4017416838301758,-0.7500949741036856
-0.33568232464642966,-0.22230696613446016,0.42788372646222367,-0.6633589092436617,0.4780077718608548,0.2839447956759946,0.42826415523678246,-0.09666060704648773,0.28933782586303747,-0.8171721322250581
0.1763312448616245,0.10104500270334422,0.7986581748563273,0.5449513433729747,0.95894744188749,1.1673565169744853,1.958000645929197,0.5848721386031256,2.322104248388924,1.21101599447473
-0.8633154707279679,0.4760474722931555,-0.19217044881288842,-1.080670420655066,-0.32884833467302377,-0.07598417451739611,-0.0243830182450575,0.6213028591485905,-0.46964431028265335,-1.0365582935877897
-0.11724766359213025,-1.2308543921393327,-0.1604083795498256,-0.2108055022591227,-0.3631698000300808,-1.3972227636826033,-1.581294597598061,-1.137646852555782,-1.9042934262389362,-1.9226143587208517
0.36798161704927,-0.13538652985886784,0.7375991670397302,0.9805684197204092,1.0780924210386098,0.9230598481305066,0.9054832513895205,0.1184684615194862,0.9187181745201363,0.40035016463426915
-1.38201004948519,-0.7027088244417455,-1.1127543661424837,-0.5311130163677946,-1.1006854597478335,-0.5824610133167903,-1.4501628659741492,-0.9651812994126486,-2.853821325808145,-3.0790955120396335
0.35688579096564516,0.16133645598349017,1.7219031367014177,1.0319773463393014,-0.020314031222710607,0.8332760665481069,1.6488241568909512,1.155032521909728,1.7917628010712272,0.9350383373015857
-0.22673381822468056,-0.07895979195649243,-0.956087872869982,-0.4047074787219692,-0.8097855072738691,-0.9681610908551258,-1.8810127422502272,-0.7497114425828031,-1.9628865723799425,-2.3355895657249883
1.6290298078776386,-1.0278562775087134,-0.38857874843524237,0.015348837112027142,-0.655441864012828,-1.9711498664421734,-1.3610427365485402,-0.8363850404409725,-1.043930265232629,-1.213952289581344
1.1982544062222256,0.8219900690683144,0.121556217992972,0.5537210521343867,0.16041221250319113,0.7553231374137503,1.2622962906423931,0.7517654067008471,1.4513125221212986,0.440285696416852
-0.08102621704835061,1.5652401534403948,-0.5871487816877622,-0.059357138682794436,-0.6716741478263386,0.02979035199543935,0.14792451901160258,0.646345654780861,-0.21704919037983603,-1.4795873525566356
0.8766613127354472,0.021125315854112984,-0.31759322310620225,1.4980501159393542,-0.6235720534309799,-0.008443319453679488,-0.10230918810537437,-0.14058479855655132,0.05705208537356092,-0.9033345945543264
-0.8779570422591233,0.3571476734397995,0.7780690774156112,-0.7812400729096661,0.6161477290369882,1.0528713428469738,1.4167769358507667,1.3099375148021053,0.7090255608566868,0.2602789676774164
0.14832699701339963,-0.3670375751620108,2.076186305075333,0.06558039754754831,-0.6370845037862405,-0.3678208325586184,-0.2876168177787075,0.20924042482967997,-0.5148797128475491,-1.3959598367822303
-0.16487910196275563,-0.8389439875460368,-0.6526411920403437,-0.29710183839472937,-0.9664723913283878,-1.1208771710456988,-2.1979051152188234,-1.2933207065443677,-2.2209498577483036,-2.0928847888519786
-0.11193836883129292,0.4251317408200321,-0.31444400924589244,-0.20019040644324682,-0.6338244531775814,-0.8158680258542611,-0.6285485562610585,-0.01629035322563263,-1.069625727328885,-2.0708015270524673
0.8042128264938021,-0.8753069817007201,0.6504522155485438,1.3546386353438515,1.445638799152996,0.5474774955219296,0.583045395600643,-0.36905585481251313,1.8819009549390344,1.0807884412211253
1.6951778864718399,0.4400240807352678,-0.17680487658522676,0.12173473536365503,-0.3343216809896458,-0.24388696636099144,-0.15919467324963765,0.08438282135011217,-0.27518040619782563,-1.3433409860873229
-0.5242199458959381,-0.9717353082988989,0.4934229701078542,-0.6297049683117216,0.8809119470325135,-0.4271074855294945,-0.36193920933633855,-0.541512189606338,-0.060525384133112675,-0.4299720698847482
-0.9696024560186812,1.649875789035782,1.5748880495587227,-0.8733540242068873,0.21986060487481163,1.0199182055350464,0.8742107019331957,2.398580523573278,0.5428180259558799,0.7732510736651974
-0.1488600811229541,-0.06274829061457449,0.8367167777370086,-0.26638069742042214,1.2517173108108202,0.9653855083495417,1.3784508225717247,0.25191949038377837,0.9210090681374912,0.1181318061657626
-0.7359249548348596,-0.5490523902314858,0.7736847566946631,-1.0212726306173554,1.1161714662423545,0.517454242727456,0.23483959506622104,-0.12753044700554364,0.40129004334833374,-0.6187784809239816
-1.2869818965400677,1.565079124700791,-0.1632045957404595,-0.8617281422326539,-0.40696043071821625,-0.6549685542455226,-0.525886882421792,0.35530811207264074,-0.9150476625572344,-2.120451826913384
-0.5524739522825776,0.21710142119986964,1.022704051972917,-0.7554890951630343,0.40271916238398914,0.38904023932778864,0.6464305875575898,0.5405819587272002,0.24918886184074251,-0.3679496082381448
1.7620419196239625,-0.8784938349002184,-1.5890511825283964,-0.0649331880471431,-0.22324036143434647,-1.580043934992411,-1.9930023532547347,-1.0914891393603134,-1.449746833687799,-1.5175523172106975
-0.7431858716910361,-0.011872831637810133,-0.49481675633414207,-1.0571230664311002,-0.6428663133167788,-1.5524375280966554,-1.1598448364838683,-0.3056737408543643,-1.3679479360333942,-1.8685623319437765
-2.3586594636335563,0.8848888888101265,0.621749715897545,1.0683613540780763,0.5317445647734947,0.8617971908439844,1.6099895199213357,1.7348181955214321,2.0174427393746255,1.7070478911398035
-1.0743804848451568,-1.0907423951972144,-0.7572199433027206,-1.1082165764464253,-1.234259404514545,-2.3365884879244616,-1.4997952137274915,-1.5957380400962216,-1.845901502600456,-1.6050235863626678
-0.6253594967007502,-0.673525054211148,1.2747451646136527,-1.0532141590331863,0.30195382555968553,0.042642616349968916,0.06863907163494648,0.27100260142736105,-0.0967783604970071,-0.718532747059812
-0.35119341533736287,0.1311862617950419,-0.4601728819959862,-0.5035631040276309,-0.909541928452419,-0.7229201019321803,-1.4409274678015933,-0.31048366527779137,-2.033912957984543,-2.9256931006620537
-0.1759743986859393,1.2745927817986689,1.4058355311474124,-0.29909687629001247,0.351274208156575,1.4993827155246506,2.94379985152682,2.6060315351911245,1.27686968246693,1.7923682519296829
-0.8932693177224484,0.5320992247738973,-1.3241182296606573,-1.1622619738998752,-0.5248260376509983,-0.9100535486544273,-1.2012516008557763,-0.23403037692062623,-1.9870271595390874,-2.8928026901856954
0.5048627740688724,-3.160956862744128,0.3552942457651039,1.227813844582935,0.6856917977176902,1.1456942432304063,1.151404306507463,0.13546312983418235,2.0358912946339185,1.0182732868138409
-0.623354394713518,-0.8935389162370175,0.19092658544286514,-0.8024825402977178,0.691607047798778,-1.0351215856075113,-0.9206713481403989,-0.7592638308729316,-0.4104442618954983,-0.7893807553815071
1.399042939549469,0.7157923761706163,-0.49281835975461014,1.0519714264624365,-0.9399526394518725,1.4047517526651823,0.6314347983879995,0.5613409268230345,0.5318424464750612,-0.7796623212722411
-1.0710060211143373,-0.03245257658428409,0.9773469684423249,-0.928926548059842,1.4279709895512864,0.38582188703043707,0.6096662954858848,0.388564903111389,0.18308842604549141,-0.32989385923672343
1.1241296435771255,0.8929564167033337,-0.18895058997147177,1.1139309615282245,-0.31820061739740746,2.041599138037779,1.1352256295243115,1.0684128048310908,0.5395079064255075,0.06896508187031958
-1.6631826899457531,0.3479279249154766,0.3891059318597294,-0.06622844849128118,0.2876816061987733,1.0900136868764325,0.4982451568028396,0.42673520400213116,0.6314200109761743,-0.1897669436031604
0.8074958146644667,0.9376505943862693,-0.9812905583173349,1.5107922929365198,-0.7542877661367389,0.9531311682961202,0.7676228972715221,0.47574492988223965,0.30993535473597444,-0.4121504417298838
-0.45948508433191987,0.04825688033871294,-1.5439136953911965,-0.667394475031068,-0.3433786101577208,-0.9863705910283223,-1.3064791646569627,-0.6610002772668684,-1.0498443626405234,-1.3086320397280922
-0.028128839630815618,-0.25854418547798325,0.07486583149631104,-0.0831739499527398,0.18757027913147412,-0.2323304932922361,-0.26355083197971907,-0.1368328093621567,-0.1084551768359239,-0.5569895723031661
-0.6595381060831947,0.3147229612382893,-2.0823369720932514,-0.8144001775829217,0.6960442091269191,-0.8859500351657696,-0.5069152065872128,-0.5717223882418427,-0.3125945222530333,-0.5911823322518504
-1.226264725603799,0.6803120270246485,-0.7959356340735708,-0.75004110259193,-0.9184390336438638,-0.8717931795227147,-0.6321119376484949,0.24444852154373256,-1.5366111896338863,-2.732325469713694
-0.6835828003011816,-0.24823903004259287,1.0499733043418016,-1.1802443632961799,1.0037047685583083,0.9517222027143136,1.3757275335423778,0.45909203384940545,0.8255560973707294,-0.25273293776627614
0.7669318379536849,-1.350576478782854,-0.02656402312891283,1.2740021376069657,-0.05190104159288462,-0.5959140947142841,-0.5262420211975813,-0.9354053394864733,-0.051880356047714196,-0.2592107291673824
-0.5887262957754273,0.19660178146199017,-1.0396655282680292,-0.7043175212714763,-1.1214879725115081,-1.2389768257980314,-1.199227751378157,-0.36939289487955873,-2.032266745210563,-2.737073859210139
0.8079463738138181,0.22948050431960396,-0.8315139589768523,0.5834719501951675,-1.042757704862969,-0.9677980107120873,-0.6682143225659212,-0.26383450290494725,-0.6431286147085142,-1.0689725017049971
0.2921692372189136,0.9951376944069862,0.4150538034252565,0.28186287953961703,1.093324804903956,0.5017646396879853,0.4117644039571553,0.5980015062734823,2.165023763337354,1.0532792698090494
1.330222802518952,0.5728862639157295,0.7401344190025778,0.35027182819300695,0.9331795211456729,1.3675413777074228,1.5570011441486225,0.9920144075440266,1.872835589764106,1.104265537381503
0.2102623524703409,1.2473649598297538,-1.489975985575393,0.1680039260985885,-0.40530544627613385,-0.48349607802581185,-0.21275713471860966,0.028321165123865122,-0.34822755611385403,-1.0045759535609962
-2.5106262277075038,-1.1911833730129098,0.0819274885030541,0.3985497925231948,0.26189878950020057,-1.0259426689996634,-0.8352848957836135,-0.9591524086898346,-0.17265992015773712,-0.3283301162562108
0.0006176971214339272,1.4834287854909463,0.3103782895041252,-0.2531816476097,0.3509578299824716,1.7050212407392895,1.907174115126395,1.1419431531194177,0.9551202032345002,0.31768338326852086
-0.4047252668810658,0.43539352840188095,0.82524039013817,-0.7966358614887166,1.2073476355199477,0.844490590915317,1.1626434141249948,0.43350392649895164,0.6910096145727689,-0.07410984536974313
-3.6031154228908946,0.9351893953289787,-2.182088297063632,-0.2742122519910191,0.9960430604495737,0.7690161312043593,0.5179863010972903,-0.22659739334662865,0.678139660135684,-0.12240881351046591
-1.3360888185842528,-0.26224457920043776,-0.8663790320306758,-0.6966399068361022,-1.250534086450031,-1.2124168233262482,-1.5364188378732473,-0.7848188330488372,-2.358516189407096,-2.7081848634213537
0.11296680957106743,-0.8630794117427145,-1.214596994437835,0.29566235521905426,-0.8225234520295044,-1.118541248182146,-1.8937557899836799,-1.4010479714298998,-2.013536084046862,-1.7472605634945344
-0.9366967217249226,0.8031681885489923,1.285397790574841,-0.808869465363275,0.3301318454936586,1.4083298565058802,2.4481476130159274,1.3651813609140082,1.3753871874827306,0.49374323344594906
1.7061034400429276,-0.47400338084777016,-1.2108249619232907,-0.017533784858855473,-0.641106771210272,-1.3271132727018466,-1.2886165835436414,-1.39014778554909,-2.2986890547300947,-2.0129543114570088
1.5126420529284461,-1.9223980132364533,0.6110781731782106,-0.051038801514096704,1.1025060273698006,0.033119764621188486,-0.07232178804640621,-0.4819293279474022,0.2591394237018819,-0.10863150767396683
0.6188181111845719,0.8264442350721126,0.8233026026459955,1.006635432213624,1.1318850455775586,0.1394854627369183,1.1383794702302736,1.3376729588003569,3.6327972327476425,2.7655739495269707
0.24787479230382667,-0.26698893438010013,1.1098974302868976,0.5821397126886463,0.7238709494207162,0.6747713725244855,1.6097564256994443,0.13042003671856306,1.708462101950504,0.6557133264009919
-2.3347254451861676,1.9446624296843107,-0.4321793223962775,1.387717058201878,-0.8547481061681893,0.32086367678141114,0.40447797661920953,0.23325198015928314,0.20881752012242644,-0.8617453642700815
-1.6212851350090582,-1.0393939292669516,-1.1481280951452082,-0.17811136575227815,-0.9608328063212976,-2.329450753514328,-1.4638071717045806,-1.2356705025220358,-1.5130189805234882,-1.461930340465554
1.2717241735986484,-0.03070620242974276,-0.27748296373485304,0.4447206598791502,-0.5524091486522564,-0.9385448495567138,-0.7663558942497208,-0.2033452060864371,-0.6576884005741505,-1.6288649430528193
1.5402841193023533,-2.3241628882476295,0.5831645556012205,0.5273079727825876,1.4160526233092423,0.8582602624482025,0.5907523836145532,-0.443838494278728,0.8148368694814705,0.2842865776893498
0.635745629345805,-1.505511321575285,0.3899506862831591,0.8124346116034272,0.9899861341056093,0.3331223640508468,0.1607862130269795,-0.8123693580781217,0.9573970909809736,0.6260850341223344
-0.7333995908375184,-1.20111862885959,1.6278757011770801,-0.8738249149402318,0.33149971719388965,-0.22768595910499415,-0.17819301566298362,-0.029195156236339156,-0.20052463208266963,-0.7562369550043168
0.7814084119904385,-1.0515483449435392,0.14543367110039637,1.5277053729934993,0.016131219202761116,-0.02244457690124091,0.20383042167301513,-0.6015805582824297,0.6630109199688181,0.016017973542581915
-1.7161859412915104,-0.26521114502249554,-0.7586275772530203,0.01632069120925381,-0.8526284312427035,-1.2190847781780987,-1.8704402420168351,-0.8367433761212412,-1.4573923138961973,-1.6975925382251278
0.818846759627029,0.9683870109140673,-2.9732367449919797,1.4089941922018443,0.49160411920217106,0.642417878557936,0.7386079959545685,-0.16942571450157354,0.9858222413178525,0.396282483259509
-0.6453107710505074,-0.5932336084538623,0.250509688027771,-0.7698989979411206,0.5858585445510228,-0.5664356985172313,-0.47801674854908205,-0.41805816960060704,-0.20502576813224366,-0.6435430155950607
-0.44344927962770836,-0.9972723262942983,1.389181649881751,-0.6002911938103785,0.612077420972931,-0.09634216205696053,-0.07807971255064744,-0.1600597306993995,-0.0019914001312047597,-0.47165915562157024
0.08366935179976172,2.323148891437449,-0.15188294820207437,0.2290995251667357,-0.3173888182562381,2.3121930897052425,1.2034203441162854,1.0641607934433288,0.8699179734874758,-0.16827085609998682
-1.2129944951734777,0.8310270552131473,-2.287090040663043,-0.6816991807887931,1.0313011456174404,-0.13916166035926963,-0.11860433439210522,-0.26394104206976704,0.02858709202762083,-0.38414201594519903
-0.39178096402410084,-0.1262298984529392,-1.7533434618090962,-0.6282530544163155,0.10303915579545689,-1.3788426907553735,-1.6787793835603753,-0.9086754177759663,-1.0376985081387262,-1.2461120532165428
-0.9276817378079122,0.5533024810492981,-0.6644676109534318,-0.988624908476898,-1.0715766883606748,-0.5592188934148175,-0.9555515494660425,-0.02561914713401403,-2.156595103303806,-3.261772761552696
-0.24229341789768397,0.8157785651393457,0.6738348217989016,-0.4269261611909217,0.7980592748757653,1.6768842582072496,0.9381603756538195,1.1598933089821135,1.8840684813809923,0.9690963421074427
0.6292218290563371,-0.004972004471499673,-0.8743702144657041,0.7210986012926661,-1.2070017067972,-1.7394068631988218,-1.0350269820063447,-0.5290068667969953,-1.1777263761718326,-1.8131013276448613
0.6354108537020807,0.4948617183777259,-0.7083227205433694,1.3713375297980817,-0.9310210524120233,-0.1242944310166523,0.03710843251041518,0.0371756100540077,-0.14571424100408814,-0.7318937174128617
-1.3173947242363222,0.41979303269973806,-0.015498262390456482,-0.6258488758065094,-0.02825190659780296,0.10286421987981911,0.13332551937914752,0.5061598351659777,-0.10482932347452575,-0.697777710693685
0.5798838602310005,-0.04002909459626776,1.3266075114208378,0.3448081259461121,0.6541113492989135,1.5595204316925875,0.6754052295040431,0.6647151944286888,2.185797691530067,1.0010819972288563
0.6124972530198574,0.08598636117537833,-1.1741916309277067,0.487497738816549,-0.8927431116974427,-1.02352160043949,-1.6999807299395793,-0.6645142922694254,-1.4290850567051696,-1.9436213052169413
0.6294245252361753,0.9096983123352113,-0.10491719668780966,0.6574778929961468,-0.17840563896484996,1.755784970972706,0.6290454378389697,0.37685305904609495,0.7782453110655182,-0.3782177793414985
-0.457109680733957,-0.6496237749628937,-0.5500574614412247,-0.5912721719251612,-0.8305396997871283,-0.5455171467999895,-1.565596671880862,-0.9135614138314244,-2.7598443304942,-3.0565101051313053
-1.2212676182720568,2.327611841677596,0.7290657036665981,-0.9532890766317743,0.99699275340573,0.7583609999370734,2.3544365191079857,1.5004354304448357,1.8311114266496737,1.1393537229313384
0.23536611510259772,-0.3434223843924752,0.8777495210834039,0.5714767726448142,1.0915881966825414,1.2153759338494647,0.973138712509328,0.274619205396484,0.9083523334162407,0.3491377854235963
-0.4820332659957151,0.5736720961406485,-0.7743488210233881,-0.8896247122476961,-0.7543452572728591,-0.9679721467221677,-1.3189167609183652,-0.17918024868689333,-2.0812093953975634,-3.0825698530331436
-0.28218232258340264,-0.5809950331846153,-0.08533503681244305,-0.44923029928309266,-0.16364439823350865,-1.3608167524280117,-1.0468809264426886,-0.5006663723741651,-1.2296762300862845,-1.9500267427420774
-0.8575570726276229,-1.0400007671893912,0.4738470354880841,-0.8985932756641267,0.2694624786874287,-1.2019753019432047,-0.7008467116902455,-0.4793380490721038,-0.5700700205966218,-0.9848632758694111
0.7103609542486923,-1.3885812427184847,-0.4547195558122066,0.3411461141223436,-0.7661596390284181,-1.2153818769802562,-1.4324045956947018,-1.3280328933417016,-1.7265455585428624,-1.5586498172290315
1.1253292591962736,-0.6881956821213057,1.5567447114457746,0.43575255072281527,0.11641486907410209,1.3603396662347678,0.969224447660793,0.36042447162360963,0.6952691305542181,-0.12472856090806184
0.7658186960742135,0.8108467742029452,-0.5345796322209391,0.670646193831811,-0.8280967452846787,-0.018485491354182287,-0.061987089346422455,0.2431240505482936,-0.24663265871659817,-0.820937521399016
1.9176123962382483,-0.47876381747384994,0.8974538609186393,-0.33324061013495065,1.4168776028331613,1.2890633808909704,0.2647503364861077,0.040881581464662545,0.9384019440881456,-0.04909487627556411
-0.9731176501652318,-1.5856261463198276,-0.6422333023722965,-0.7594015060036702,-0.7021361593343666,-1.591043003108785,-1.285715839144115,-1.5986395648082017,-1.5819248485144324,-1.3441916240842942
-1.8603034630993152,0.7254513782704445,-0.2634506670901241,-0.010040008677082074,-0.4060868762353472,0.7312207309731011,0.9436453209264595,0.8829752160204235,0.06831445580506598,-0.5270416026143627
-0.5520549488988278,-0.1756550500348904,-0.36987631918839037,-1.0413213622685367,-0.6494118630055687,-1.2805649887627408,-0.8955153676936894,-0.4290046755900772,-1.5446507801477283,-2.0213582579211304
-0.04568152714362128,0.7202264233961455,2.0921637953438275,-0.2306796007722034,-0.741268982465334,1.4027230379853848,1.3673580600938675,2.0429593792904126,-0.07435379493236022,-0.16765706840401956
0.5797167066932706,-0.09765305110891273,1.2997006100534987,1.3880816137698317,0.729093460465435,1.5145554150725549,1.2363062776500926,0.6246368518813883,1.1869586300553527,0.6425784597237602
-0.7538377071512881,0.9775579238933109,0.9804161936894416,-1.1026950450861088,1.1172337143097362,0.7263027940692137,0.26856918655251727,0.49286406256774346,0.6559496782274937,-0.16898381715053873
1.3222048220195344,0.025361229457987952,-1.1227598121876055,0.9391141422323006,-1.032969060291437,-1.768420578253822,-1.4139589407941577,-0.7284069641241948,-0.873748125796453,-1.169384418501095
-0.9861508354720567,-0.7798170046146604,0.332976208744673,-1.1673897613985285,0.9059736911928906,-0.6495096136335136,-0.4183632839160081,-0.45457589735051496,-0.200428853411661,-0.8839435977393802
0.2808960210965905,-0.694538573694012,-1.4482407028504336,0.19250265100751782,-0.4014039803173335,-2.0208360528660876,-1.5479474062933376,-1.4338808693053677,-1.6682607543191856,-1.3598904326506507
0.9761091778850802,-0.40210263717038847,-0.4119776739671673,0.8089836956758318,-0.591955564747382,-0.915301620749869,-0.7296267299096059,-0.7551440649174673,-0.6468958755689305,-0.846824850910159
-0.7372608505749922,0.34429938074958527,-1.2728281009209361,-0.7258828720123555,-0.8232440128992413,-0.8606477931527609,-1.2394797260529036,-0.3890502386951701,-2.2999657698292695,-3.150208104645563
-1.488035470633728,0.7806075992723993,-0.12583663288981947,-0.4328610072745929,-0.30195217451617073,0.6151350135841459,0.40922798903594154,0.9017058768563064,0.0045232687582566905,-0.6838610754711083
-2.4777930635182006,0.3750684212859877,-0.5827726091497378,0.4280541184252424,-0.7145625453361995,-0.5890063294100596,-0.6160234912004514,-0.044990895499348496,-0.6256698228320062,-1.5535584400648577
0.9521793304678061,0.5495744385829217,-0.2993479764669092,1.3074944249480196,-0.4783615070425848,0.1017258840552969,0.24211177770298933,0.10786040006340117,0.10245302909397028,-0.4679245723565816
0.16799347545295368,0.45298644029496976,-0.21515267002154986,0.343191481562305,-0.41229229816154433,0.03668902907988769,0.01037494345395673,0.17667376911262456,-0.11694303310832799,-1.0441418924624604
0.5212034747037724,-0.28816930206500485,0.41521834103231203,1.3625449580860338,0.5055568001008023,0.7592421501256391,0.5234074990143972,-0.045061290549049574,0.6364222858211357,0.17774999102685485
1.1120314820953148,0.7607624925275114,2.1796062114674912,0.4097722706996725,-0.817532069526649,1.3444416147702274,0.7963347495323598,2.490157270895512,0.23528335574410408,0.6273846033908435
-0.8093903336303898,0.6047362534196613,0.5295542247858964,-0.9678628225219851,0.5823643114991489,1.2604997641342597,0.9301628773776826,0.5806658209706104,0.8626545992463408,-0.3191237563323361
1.2634202965210144,-2.3455628871506975,0.5865731654269027,0.483222631865554,1.3744115273327444,0.5090878481885973,0.8589458711090358,-0.3545161945314751,1.0532283029607927,0.37485436218826307
0.23782827207297183,-0.1843561424175018,-0.5980276992553929,0.5037608196136831,-0.6817779137238047,-1.1593870813274623,-1.030085533990271,-0.48047161287231926,-0.6810763690608177,-1.0009833698556934
-0.7101913284757487,-0.5529050021163224,-0.10987867522837556,-1.160420526990082,-0.11948518103584793,-1.665003042359445,-1.6514584309782485,-0.4864148598206267,-1.6308146258442318,-2.3231471766925464
-0.9336174757919723,0.5793445501289372,-0.7403954867880472,-1.2177530247541446,-0.7984186469468323,-0.5386336321353798,-0.44088144451800737,0.3481545070356771,-0.9676063301195024,-1.4724400856422233
0.5652356237202084,-0.1448633281031491,-0.6918903218820246,1.3728601459362302,-1.048961545074523,-1.3151987886430165,-0.6390693850192624,-0.6032237192774,-0.5651128124082916,-0.859624122058094
2.57069652920825,-1.5880580159753928,1.84522248670685,-1.0396467293721476,-0.25366749610646366,-0.7045550303086284,-0.8711333675208374,-0.11976830309609054,-0.8808160363328688,-1.4340106707830569
0.14199231465537163,2.077593965954404,-0.012835882570285596,0.35602637728617564,-0.10654037144588593,1.4677803818008925,2.5303596643443655,1.336832904765633,1.542930482070356,0.6742474044109062
-0.49882712020078146,0.4900927334043352,-0.3941296132564361,-0.6348242650268943,-0.7388710104497956,-1.1201716459672015,-0.9690625573002881,0.12035864614561043,-1.2546799411081953,-2.2014626171527287
-0.7991555342749028,0.9720159349435206,0.7116548737588005,-1.1379383020232432,0.5662387855903486,0.8017499916184688,0.397877236326302,0.6912261407363001,0.34479404334800423,-0.2978035481476499
1.308133045408993,0.41056575044184873,-2.6921180042611312,1.0058186186231304,1.0528084493590875,-0.05215987006723976,-0.11264913923288519,-0.7081522355790554,0.4762631142501772,0.24908053585272613
0.017686178536799463,-1.6890332238592245,2.2152186255807944,-0.06458678385139591,-0.9806172272092167,-0.6009631086889665,-0.5338863608247094,0.12309628319913529,-0.801115553570939,-1.5332491705355342
-0.48141586979116485,0.4886522143900308,-0.09289116842774191,-0.8373950737397056,-0.1934115334640126,-0.02749560582571209,0.16510946169440918,0.5975307542435035,-0.2718200918715292,-0.9109793969283584
-0.5902571014662094,-0.4416386676058561,-0.262038981147954,-0.9114910434015363,-0.4055314113863978,-1.51541407074121,-1.0047832615404468,-0.6661182459911398,-1.6849924611330207,-2.0872965278284474
-0.4435699239422073,1.3729954604020356,-0.03561830474797647,-0.8493371767584847,0.07611894166386422,1.0569047386264996,0.7878603945690427,1.2945133625126237,0.5159689228643448,-0.17956810686039637
-2.4394551241393865,0.5483521988804142,-0.5636794094422802,1.0623312153818185,-1.0175060903447835,-0.129082221023254,-0.11882550199685141,0.12356895339341538,-0.2218678600444563,-0.7869144864335085
0.9482220080048309,-0.3035766775521543,1.2292209701885204,1.4283843026833567,0.5203200050055412,0.7119663755909558,0.6435984319876978,0.5076645929510187,2.7483393055534755,1.5098827094214469
-0.18859896289462527,0.3311267637582176,-0.6201596079681718,-0.35495893937102924,-0.6917025597613713,-0.8971283081184181,-1.0588557779972145,-0.09669877941713881,-1.0850102936478638,-1.809100510586384
0.05076890292026253,1.1387651313758236,0.1447322076244024,0.1286097177346036,0.2726701058026757,0.7300549813299121,0.48659143237208324,0.8027521271274946,0.8800862525913259,0.16884397121827827
-0.7215717253866616,1.2404465591829423,0.3578403923695676,-1.0293710013331925,0.8604346245284299,1.2556045376723768,0.41047463481066454,0.7031758391722529,0.7629152039384596,-0.04190479296762292
-0.5670969678096408,-0.25343765695966874,0.8831918459060909,-1.0343518638135563,1.0240598013004125,0.5128433657526638,0.6050239659500952,0.14400726686917595,0.26554573678212023,-0.3662570828640477
1.0218213520237536,-1.8695249155875147,0.41736831350909637,0.8369562869219472,0.376064221793437,-0.4852531022711248,-0.35242557940791375,-0.8564194859625496,0.14261723613883331,-0.03729014606138286
0.06361752874625744,1.3370573208137289,0.4057406910262907,0.19830509337418306,1.0593079780977332,0.8354437799846234,1.8558765458647666,0.7230748900794814,1.7442216762796132,0.8583057071838792
-0.18966399053258967,-0.31966403088298856,-0.9803206761436282,-0.3535079260347037,-0.8013301207886603,-1.9839446163897765,-1.718750960428165,-1.0083208166498354,-1.3077200209399154,-1.382957225575503
0.4700634051409655,-0.8597485107384937,0.08114263619794153,0.7051837195038306,-0.14107914328652854,-0.6095634009917549,-0.5040724498306938,-0.5549610051837015,-0.2563129603005605,-0.5643308409950526
-0.3928197194622543,-0.35873906347881157,0.24687016173757215,-0.6609929381713923,0.3205517809898557,-0.39700132264123544,-0.32016390238186354,-0.16575017359719646,-0.25935859071288003,-0.696320546284741
-0.002994180788853681,-0.5810121396684066,1.3138799424928072,-0.23629982596809665,0.7926166480881685,0.7846315568793121,0.7163356842758797,0.40980795509273493,0.4989659844957136,-0.041823845254679345
1.525795481504267,0.9612249232758212,0.9781001890437845,0.32138779033830595,1.4067358577478335,0.35298022518321936,1.5030291377735394,0.9403123625869511,3.042727902354631,1.837808165732607
0.8403139167281153,0.3807220364135084,0.7020528471215396,1.6918714886508703,0.6995195258195008,1.7506285186521215,1.1531104514442914,0.9493406312741394,1.9287246226308832,1.2745807000901728
1.1240663621278582,0.21085652890496923,-0.7843731122940476,0.29479765976263156,-1.237644405487258,-1.0361211016204068,-0.9972168439231779,-0.2574193630543231,-0.8911287359750526,-1.4573281149750823
-0.7589282309978871,0.29828284573983194,0.9003485807462814,-0.9739422216656124,0.5740708303668024,1.3576683331380108,0.39738887420996405,0.5250648503938585,0.863587327435809,-0.38658767843265973
1.203883623401818,-1.632027247437755,-0.37108759021283505,1.0199004335722561,-0.7450330039948945,-2.5127450400243947,-2.066155370162756,-1.4945590128807866,-1.491914182404254,-1.0747102059011566
-1.3389602530024638,-1.1121037909446727,0.37173724296172767,-0.5244083333661489,0.6597742596234994,-0.85277370180974,-0.7368297641201541,-0.7248369165867578,-0.29317702910974464,-0.5035140817727117
-0.21287226011537608,-1.3332389738294412,1.1254437520930989,-0.3448907310929348,0.9509253922261695,0.06666855411612027,0.1488623099439944,-0.3047236011647789,0.5209714274801026,-0.22520823025200065
-2.342890572134789,-0.32440483697663036,-1.2189796523820626,0.7691905890539256,-0.8295467154460922,-1.2765670136207334,-1.7009092100920784,-0.8273329487990846,-1.2235701910445802,-1.544034962757665
0.4554570782626515,0.7612619431036,0.5702471252134573,0.3880004023490183,1.3274772236527048,2.1606742876968665,0.853243613003901,1.6044833598757964,1.4295031046853974,1.1207500349247714
0.21606764488699398,-0.669665743772601,-0.2033522778824771,0.29887549603589725,-0.3376800951566893,-1.172932828593163,-1.1089083196492642,-0.7207238081386917,-0.8435097526231136,-1.1968189916890328
-0.4512029483139093,-0.7633531678589368,0.2990417561951775,-0.8005015937109622,0.05589504102275861,-0.9569235362361076,-0.7446353819352356,-0.42951705663364265,-0.6522006946520239,-1.0095055033903888
0.8274978027329832,0.42572258935363244,0.9222517922300681,0.8456307207236885,0.45772806511820074,1.0698519531654038,0.9854613273437302,1.1193758233071145,2.150326042323063,1.3421598196354037
-0.370442787735722,0.4459853108074625,-1.297508499881036,-0.722435109881573,-0.5481911965399094,-1.5545144511462556,-0.7993824140138823,-0.29434475182460174,-1.2997684100668205,-1.8916607365217049
-0.6454408899689046,-1.780226681786819,-1.1526840401096863,-0.7731960526300614,-0.6591194455501734,-2.5425660973458584,-1.817255864802161,-1.8747668051077588,-1.526573779603711,-1.1694651781399767
0.48470985971244,-2.937552151710583,0.1679746386420005,0.9671160228467146,0.10714653204706381,1.1466797976526086,0.3629564536922615,-0.12213392225409102,0.9268341862776719,-0.05699361930401359
-1.5354652846254244,0.1226287672923747,-1.2390888422669404,-0.358088715268422,-0.6564823463024406,-1.4778382247325008,-1.5285910005172265,-0.5663934695978305,-1.8208562835782192,-2.4119731131828104
-0.1727616664683283,0.49541981533324747,-0.13610509577047825,-0.311354145273691,-0.20329859246974197,0.29603890684998296,0.5921639944169054,0.6059142626191427,-0.08316602057456614,-0.6531598642175244
-0.01640644016172533,1.9204476895370797,0.8110237499962665,-0.05311938292079613,1.5041245910844865,1.0597558375612464,2.0996666065004392,1.2318409834059143,1.981183902436903,1.2083007257632827
1.0523047478221552,-0.01548138250104642,-0.03182478699509217,0.8608092063378608,-0.15609713391937785,0.2472229496601747,0.5301218266482107,-0.005458060702125546,0.3818607993537315,-0.47089873851511027
-0.7703106949544629,0.20556066818534344,0.15779328822345576,-1.1916453379777079,0.5134953969264044,0.014067787196250396,-0.09197350026139048,0.1413242894923559,-0.0289015989025556,-0.699966017397672
0.45091200734595605,0.40656441994429315,-0.39488422594994016,0.7851847438132569,-0.5349068574064613,0.06506574477157759,-0.11066560642641154,0.21739321620619678,0.013049232176100871,-0.712588370676327
0.3289143346925091,-0.6796859294447958,-0.7292852382263132,0.39918834331546943,-1.2219622679573487,-1.767219678745628,-1.235577130622241,-1.1238995929019593,-1.927020913745012,-1.9589983196138716
-1.2936463791803223,0.5595565810955355,1.244543722108202,-0.8117511011891736,0.491650578059898,0.8666701064875633,0.518640914108662,0.7025439375096648,0.8231094971234295,-0.19703334956629082
0.32293322605604724,-2.647771473937485,0.5414947351681905,0.922097237389157,0.6717459401197727,0.3958716383898573,0.8527549900329492,-0.2235475474054845,0.8121066619559214,0.28612579988608117
1.139307410625459,1.4734954704373215,1.084581368088377,0.4439918058301852,0.6616571062635607,2.43612766943145,1.6363679533775557,2.3321832271572887,0.9151795257171741,1.0044278348199798
-0.5697072976373362,-1.904420364046253,1.6956230286597613,-0.9322964296649955,-0.008029175915529829,-0.9079737498260971,-0.6495949123408985,-0.11453456362516126,-0.8154111865788715,-1.9154558874784002
0.524401219687976,-0.27713775054257267,0.937064999830689,0.4167299728795623,1.6247290063912097,0.7581364831792448,1.8017241927643728,0.4048167484389867,2.221488360977558,0.9410306327005266
0.28519563757524163,-1.5765803090555361,1.0380207240482169,0.5173096799003815,0.7122541177261857,1.1813781568599788,0.868306981595942,-0.3873307175919011,1.1222817485287373,0.33995648181195587
-0.3153956199816815,1.243827827873047,-0.25323761053449595,-0.6273052832065791,-0.41778764602536145,0.4097137002695697,0.18893050151891957,0.8137888165748128,-0.29148412116499484,-0.8246910612174796
-0.25383477570795426,-0.6380417623270916,-1.9539814521366783,-0.4492956131221536,0.19514838873342372,-2.2726145444512196,-1.4720323382201788,-1.3556386286717508,-1.226402148840121,-1.0008564257907306
0.8794716402274266,-1.0408860390146406,-0.030577041480933653,0.7032816487960337,0.030930687733598028,-0.7387595607891058,-0.6600799976371373,-0.7961888770173516,-0.17713957509351158,-0.4520421015637801
0.14089109661750684,1.3456088786803648,-0.11510031778325348,0.32982615595079257,-0.21148146028616246,1.3137433533313565,0.9811707626517362,0.3902413217452081,0.5253936659537538,-0.7064346938095625
-0.8560739768420079,-1.021952586626538,-1.0411006266981004,-0.9962477194895575,-1.02853473101182,-1.6375943363172334,-1.1665385306710236,-1.2719778961174013,-2.2824045876079246,-2.1919021392647213
0.5256044873384582,-1.883953180227844,2.1002664854061197,1.3542024155417147,-0.5797134880132948,-0.22327595738960235,-0.08011193886998648,-0.028331228407271133,-0.05232969000438924,-0.5729582206413966
0.9980689234755266,2.2659021341881087,1.4876381665354332,1.2610748944839503,0.18769277473215534,1.8590539071753407,1.4175054594341217,2.147266036437176,0.9266884127664787,0.9235843162596142
-0.04597053757777595,-0.5876490660411673,0.23102889323410827,-0.09406108813417435,0.39949312398909775,-0.41345692401207795,-0.3682706781252235,-0.4389277007777943,-0.11449844943827264,-0.45987576217285075
-0.10483641551626115,0.20132021807887862,0.5077789045234189,-0.18139094913088852,0.8259473970437987,1.618397340241307,0.8893010445299658,0.7964369326192109,0.680267896653691,0.1697802576473913
-0.5813602563574494,1.1614801315035932,-0.4931280983490661,-0.6909076649347138,-0.6599860640350368,-0.19203598427981317,-0.09065013458627066,0.7232015356332426,-0.6155647344256402,-1.52626391522737
0.8760183147397348,-0.8072437096111604,-1.0530535136546733,0.45138629208975367,-1.0790560248649055,-1.223378154041422,-1.8994421734777087,-1.0225414892542992,-1.2275247206784217,-1.3158005357033398
0.24860295869889204,-0.18175906422519705,-0.10095065860060808,0.25284675956150754,-0.1573690194531489,-0.47463827262545033,-0.33974770822241424,-0.23653055944911694,-0.25739807376430923,-0.9531325533411689
-1.844682089171121,0.2190413047969676,-0.7208956177124479,0.13499959822758217,-0.7983329168359714,-0.7525311010964921,-0.8342303519818264,-0.1860983645152605,-0.9237599834629096,-1.6129040485167006
-0.1065726786219484,-0.7025146218736799,-1.9078661964534036,-0.19172974638722998,0.6330419926312377,-0.9547022530284517,-1.175958217438237,-1.4066069521728968,-0.32912172456228983,-0.18247542930630212
-1.7758883752643515,-0.7220080645485718,-1.3118340525052432,0.04075260408577604,-0.7718604321573481,-1.1221640420143413,-1.7833405729084015,-0.995678977255338,-1.9507523319497684,-2.1170183809135277
-1.0505803717204227,0.5462681116470581,2.2047042081292054,-1.149447592806121,-0.6153376492910321,-0.08881350290857772,0.2387601582012492,1.0529902792634038,-0.7074048188030144,-1.8316753551202518
-0.6609991253976089,-0.9297928651117588,-1.313047583616782,-1.1644041846864288,-0.6009460180986852,-0.5595911062359391,-1.5025969156111993,-1.9374056820268908,-3.145824760164755,-2.3131582500894527
0.0825617546418744,-0.035914624456923894,0.1734080640718001,-0.05793921760417911,0.008624778071866235,-0.11509597061456962,-0.12011123379762477,-0.02655847701258788,-0.07347848676802182,-0.786245875622843
-0.45113064389956103,1.8033724278892946,-1.229789333051758,-0.8426916521827665,-0.9374285489081606,-0.948218292497153,-0.931273891687347,0.28724427513843637,-1.4685507087431706,-2.5698723875573473
1.4835747239208132,0.5438417163178451,0.5872617599787731,0.4696910422559029,0.41535799282481767,0.9809593710224582,1.2066749092129336,0.33198400386039706,1.6926626446269692,0.4652442278009865
-0.10208386550564537,-0.904739065734405,0.17533869770878568,-0.27661746470439585,0.0722617622013398,-1.1106547387221437,-0.6035471657148201,-0.5721217026379716,-0.5047434310038355,-0.8296043133933448
1.2109925873686134,-0.14293733965795422,0.13512940996944064,1.0987519040373803,0.3471903142649696,0.22365734747257754,0.1089349168365147,-0.024204946736415274,0.4500261688126666,-0.007672060146899945
-0.6601527619729857,-0.8858762040976143,-1.9905312200643275,-1.0873388955460654,0.6722757902865257,-1.7480007719564974,-1.256242129463781,-1.2874322654457646,-0.7854332261366407,-0.6799707077495736
-0.8965648617283142,0.5481500992023034,-1.4961895571866217,-0.7517981780159162,-0.4082615854742718,-1.513451035042725,-1.3160586517420434,-0.2794638055574641,-1.3221828227329595,-2.018770421830015
-0.715036949000875,-1.0943304127378353,0.25509013085524895,-0.7962387487490925,0.393703814042747,-1.8719223543833041,-1.2971569404273142,-0.8632465422870903,-0.8592401569085693,-1.1596314121388467
0.034683777427810376,0.4760624486831455,0.9023870489099879,0.21770045511740604,0.6141008602549937,2.3622105567317324,1.5601144802786648,1.5977307427682756,1.4514329982592147,1.0851329514191486
1.2315678059351227,-0.6502221443361358,-0.41302099902708184,0.6101960568909511,-0.62186848686255,-1.799137506475079,-0.8278108471655862,-0.6913888912899718,-0.9581993713385585,-1.3564438295035914
0.5492889505769819,0.43604277140615566,1.6768754938698975,0.428693678577452,-0.07686413690046451,1.7272253361196497,1.0773599415886768,0.8996270247453193,0.6704347959091846,0.017534674116110475
1.7043733703493058,0.5103438761079101,2.088094717736857,-0.08324551920470938,-0.7457511101070848,0.1386959960008342,0.3125005268851254,1.04149497434557,-0.11417526552129853,-0.7088784488619508
0.4041750789087635,0.9961304325371025,0.9547184602854565,1.0676333864276364,1.4654868875482834,-0.064143665801397,1.1534828864861084,0.6221392547113804,3.212577453643227,1.9262898931323749
-0.7228594125830693,1.6568437114652237,-0.5857143222801341,-1.1919978901361372,-0.994754509193284,-0.37872327572271736,-0.3134766319478175,0.6307302214606968,-0.9025978569071242,-1.5572075483535393
0.04456232525464398,0.7557671499712718,0.013942712042227641,0.1450992910786301,0.10093651521573627,0.8845726362585192,1.1640039848910873,0.7746478931473059,1.233026888903827,0.10376061334765682
0.1214276580422864,0.3037625157743552,1.3855996836251032,0.5068284708346755,0.30470791141618747,1.0884307502924928,1.5398009068774505,1.4795754527780374,2.4291448444266,1.6951678778298882
-1.736582795244913,-2.0224084675844494,-0.2531882639327235,0.1311935081512298,-0.3973704106815826,-1.2145609562772257,-1.4931432611629019,-0.8750761569558605,-1.3543668689726716,-1.6446397542837456
-0.19805703221024895,0.5592209962516271,-1.0174638145039379,-0.3735441702580503,-1.1502977503980152,-1.180085762434269,-0.8676225858638769,0.040550903470893865,-1.4994014163541376,-2.571073704891755
-1.0790167319848798,-0.14803080365476168,-1.3241877366638573,-0.6982497982607844,-0.5953009920386608,-1.6078151604320445,-1.6035716274769949,-0.9451897422456608,-2.09244652649957,-2.284697914108068
-0.6229379726080533,-1.1593961717197223,1.9359369545337621,-0.6850626640489476,-0.36661064879190874,-0.8089229226982501,-1.206914953004303,-0.15121421734251275,-1.318391196512192,-2.3932487555251374
-2.4381394608378457,-2.4792163661701405,-0.7433661278309108,0.6106557846488045,-1.2189909065087532,-1.1006599394759349,-2.16690851614104,-1.1317978419019339,-1.8402230559479043,-1.8650585610578656
0.3515162449445266,-0.40803519924865816,-2.070040742932849,0.4825604757398861,0.28488714238452995,-0.8490277615081702,-0.7427718075172709,-0.9582310081511134,-0.08242316041036385,-0.2519345552727773
-0.8925824303811462,-1.220034011268116,-0.9059944911855103,-0.9583266314822771,-0.9661306236831847,-0.39610149323558186,-0.9189394517618907,-1.8813175754659057,-3.2621663423908522,-2.501033675917828
-0.6285661911250429,-0.8176423615080725,-1.4841409761519113,-1.12303232277195,-0.43070938665835706,-1.2019240341196042,-1.920340979598627,-1.9517112898813107,-2.4173161582504625,-1.7249924248498116
-0.9573926880264205,-0.4211516822721965,-0.6575007040031269,-0.8577565589006978,-0.8166985290595896,-1.318724630883335,-1.6426985234026772,-0.7016410099933388,-1.6109091447819242,-1.8945714846773356
1.3215563633351266,0.11070085193433889,-0.7394615403320965,0.8454588374176427,-0.7307071073319037,-1.0143172877092708,-0.9207593350960983,-0.35464621909328425,-0.683814575825654,-1.4457645744159777
-1.0246241374608398,0.9341699350517569,-0.9895944861033174,-0.7159254384570644,-0.7335489849720847,-0.6226199007421119,-0.5027813549138249,0.1813163393226246,-0.9423498837330314,-1.6188567115871657
1.336974596509605,-0.5593734251712248,0.6534636111787777,0.6063653868759694,0.49873418617700044,0.27843021706579996,0.8626535492380308,-0.1077035358070777,1.026490454907902,0.19833600267748927
0.6047439666182658,0.028521641985970774,-0.5853215036688166,0.48612417472178393,-0.6893318313080004,-1.3936602592155318,-1.1148987205380305,-0.34576523480587296,-0.9286553837066049,-1.7261463159489296
-1.4177160196763052,-0.9826180023834667,0.5953562035404114,-0.5926411747189803,0.9715703681720347,-0.42281523647261826,-0.3320860124377335,-0.4361619354484106,-0.08108923589197396,-0.4134954639874806
-1.3777365856468788,-1.1992484849239409,0.5137826921166196,-0.6724181576610377,1.343232299301209,-0.45217361626396974,-0.40834651367599223,-0.6431486601965384,0.011428568256935612,-0.5479186433055694
0.1683813289238106,-1.5223178170123666,-0.4516259770594906,0.6688789626465693,-0.6157473395754403,-1.7542681732973213,-1.2085755936460052,-1.5022283482586472,-1.6445486250584407,-1.221627616377611
-0.1019032844091422,-0.15224619811080178,-0.24621052184329176,-0.1584423593357764,-0.40035148302172885,-0.8487361575506625,-0.681019296825951,-0.3245242738321549,-0.8165919478578695,-1.360383965466927
0.6198317852912333,1.384002499596669,-0.38108484709067597,0.4868088964322828,-0.5559350318399314,1.310910795485198,0.2434668529437233,1.0147626370768579,0.2044147410113732,-0.3208216287768996
-0.314746577992605,0.2221226720484781,-0.21482442437260021,-0.5036928948415819,-0.4193242799187603,-0.5977273988892469,-0.5519402008304334,0.22022974774862306,-0.7921642474390328,-1.9286532427526168
1.5016178064444898,-0.1428456507384327,0.2868296133426456,0.40276630452450396,0.22893945349046835,1.70972869130074,0.8902604587512742,0.13824156527225684,1.0958776981485288,-0.0853248209529385
0.28674966949887776,1.3099166153887594,-2.103415082449736,0.34490334888148655,0.8236594930855832,0.9779459871722885,0.5205004515093985,0.05150497620619947,1.4689712878055425,0.4696489027611137
0.23199580668107717,-0.28689110545348984,-0.4706212636377594,0.6390705821067455,-0.6508266989049037,-0.9723737120317899,-0.9819406099152289,-0.4779327928711312,-0.943899430319101,-1.711636706515953
0.8795452264974419,0.6299771993388992,-0.3919503525753847,0.8012957181049194,-0.5344282153872288,0.42682818775486336,0.2756264352694363,0.31529031664232243,0.06937187826753435,-0.6194548342546328
-0.8977798273132783,0.07028828856745907,-0.3854411489353303,-0.7510181278468573,-0.5482962500324956,-0.7979080188516008,-1.166066950454347,-0.16226085659223247,-1.5887475766924326,-2.5052520579110675
-1.6252298586711516,-0.5476451887403355,-0.2827656263361131,-0.17633639970553125,-0.5239102268121504,-1.0184929232401505,-1.4482617733466694,-0.7659070721086919,-1.0174560257936067,-1.222663834393272
-0.019498682595411508,-0.563873642590274,1.0527470418465332,-0.08082454164866656,1.1106224004248422,0.6258017754272975,0.1319774945335687,0.02291073101992002,0.4809652609120941,-0.032597646373632605
-1.4784745328258646,0.261185548320076,-0.45156810786492824,-0.4722489910910095,-0.8598776347065771,-0.7507319578334626,-1.0144593881005137,0.07199412460824728,-1.3989867466003132,-2.4441031317288564
0.14005643751263958,-1.5180975192158421,-1.9146508238180535,0.31492484378083785,0.36651242161590614,-1.5579749988452833,-0.865762091646934,-1.4783516387388231,-0.287652409112007,-0.030212136068536177
-0.31961029698763943,0.7624962807989626,-0.9502941042319908,-0.6266903068187752,-1.1726381573444107,-0.7363004567762462,-0.8641985506209794,0.09523874932571608,-1.1573798865573512,-1.869110748520327
-0.4279713698023622,1.8564529884959065,0.8221211922609684,-0.5849584113639995,1.4886648661330952,2.261618757490897,2.8712473910392373,1.9950038256125917,1.990675860080453,1.8109613295702691
1.3872252819324555,3.0227223763569935,0.046371859962422865,0.25831905452200166,-0.06885089794511863,0.6445723870708024,0.3227970906526991,0.23106763048021628,0.235734553296341,-0.5347075003068128
-0.6273294525319238,-0.8844251634764779,0.04628857682980074,-1.0453574244353887,0.19992741068174608,-1.6878329726621417,-1.6730805366884278,-0.7424798212860725,-1.3072685045549386,-1.7731409808235359
-0.7077500057138164,0.15413813980063862,-0.6963908311674799,-1.0261646837897669,-0.8341635297564473,-0.7723204455043415,-1.2781906713403386,-0.26424252664477876,-2.3091449705874347,-3.217034001283794
-0.3769819414017963,-0.6809169911938077,1.695703098656247,-0.5968830932843348,-0.0535546145999748,-0.33994454605955443,-0.21728890186904207,0.0908267025423137,-0.3788374519879211,-1.1595922635849063
1.460021161853969,-0.15136802247571926,-0.2714944444659949,0.28030738321778825,-0.45652657016485043,-1.0218934945190317,-0.7446448480438911,-0.33126945933267404,-0.5532870408867,-0.9666836850105217
-0.11196788763502354,1.2274748742403865,0.29860451979210034,-0.09156923743469,0.4378925368547884,2.5423669060319427,2.4394854248720517,1.224610637216788,1.8738582808042925,0.9719261767682229
-0.11606125573234935,1.6065442537569197,-1.2815904357956889,-0.19858768747630548,-0.5949843489920144,-0.6055010719886821,-0.42950681817930436,0.12625129204090327,-0.5815113895374475,-1.1135980133420955
1.034771255972269,0.49246643848548477,1.3725108645569022,1.2615319601162458,0.724198977784711,1.3785026187009377,1.0736128054219647,1.1474222790561306,2.119587278955505,1.473942918713479
-0.26126067627322236,-1.4536707880736717,-0.4983120698344726,-0.4114868643594024,-0.9683629362290563,-0.7794843045965338,-1.4511555100072098,-0.9243378037031524,-2.6646670848921223,-2.937577144024135
-0.046322128832961634,1.6523790263615916,-0.8082063580639145,-0.05855341054210594,-0.7807818575225841,0.09994589473817184,0.5548037887855771,0.8477827097852557,-0.23395878735750011,-0.7820227507274864
-0.8156743088415013,0.17237033295897156,1.394406000094153,-0.9275388304623586,0.4136974362722228,1.1818636625991035,0.712857866117307,1.1212013459388388,1.2451816785658976,0.18836857294959708
-2.662611727269714,-1.9812881341200606,-0.06597846390075465,1.1757769613048088,-0.11724706097081006,-1.1535084306326415,-0.946636506093134,-1.2118437075598323,-0.3544689005812009,-0.29569593688854734
-1.2084899636107178,0.17543838483412688,2.42214345599754,-0.639037962650663,-0.9487300923820465,0.3166031698195097,0.2491130829056687,1.2175225026082261,-0.49721265968615913,-1.2695750461393422
-0.877322079982871,0.06200979137182765,-1.6577251112477684,-0.7501155486555344,-0.21350184223087568,-1.1682244072313575,-0.9255797011001822,-0.8572179021607008,-1.0707636251497332,-1.231212949220541
-0.16265240567928094,-0.4817214213958811,1.0765974333571595,-0.13471508631500462,1.3017414425322515,1.0015800687673095,1.3055569749851033,0.14897438797014817,1.2803684951621328,0.24511417192923163
-1.0172259376536152,-0.043603190784503455,0.2711344967232387,-0.9194018904545365,0.09942080627877065,-0.047573893694363156,-0.04969347320163703,0.30048434345105113,-0.24942472541529462,-0.7916383884311651
-0.6727700938916799,0.33378832560905974,-1.8392371641194327,-1.0621978868641848,0.20667579345904183,-1.0532649246022896,-0.9729169975491196,-0.5807441967131637,-1.1526213997480568,-1.8190033890887811
1.0293830506578816,-0.8490198379076107,1.074325476222878,1.0678308248471986,0.4733965249190946,0.5731035671294316,1.4326300876750306,-0.027393492060439506,1.6653899034637916,0.6423788958044886
1.394523478890312,0.016834896177880837,1.0923911644113986,0.9788833479170215,1.4033324363470858,0.07211310356939186,1.2488830515718874,0.7459557029310979,3.052810531220987,1.8722964242843618
0.9689553611856698,0.6008940911016543,-0.7093685555906677,0.643605252884311,-1.2094502439253751,-0.4998143025656694,-0.357894337087812,0.09538646199859349,-0.48638449791935434,-1.3828429799633088
1.7931798267492063,1.7938479563906595,1.385060140485471,-0.1080019595338134,0.2723606271797405,1.9596758457446004,1.3745005131891819,1.8643382204586496,0.5160324251206212,0.3755428792769203
0.015544289307907605,-0.12049567845257314,-0.5723904977762181,-0.024882725628357413,-0.6633868294702935,-1.3491594497168145,-0.9247815366871297,-0.46187624447100367,-1.303244095209055,-1.9068972888447697
2.077853175117436,1.371850041510917,-0.4544670095378159,-0.697627266567375,-0.6223445160666157,0.17960633516329322,0.405895810077983,0.9579120359648977,-0.38736975272713353,-0.9002738983409095
0.7809466216451625,0.023433950983356648,0.6059242162594866,0.4853490871546201,0.34315579322988504,1.4842432677570834,0.8683615623863593,0.6709101091726462,1.480125613464733,0.5182437907035775
0.6631311141666727,-0.44482383315491253,1.6014065922530187,0.482566502887585,0.19231105227745265,1.8291249926975013,0.5808240488725313,0.4534517604063258,0.9537768903649464,0.07861391880450187
-0.5946267710144366,1.220065454790533,-0.23648911067895131,-0.813907701682581,-0.4076727050914817,0.7002284109775598,0.9481242053659293,1.2129377017035154,-0.18971590689279622,-0.675232724745843
-0.4411076931056943,-0.5282904157881582,0.33050688345368046,-0.6094981296415485,0.40262259166122,-0.3772909684122387,-0.23044594027860393,-0.3019304315347166,-0.17458488464234972,-0.906725791934134
1.1652374117466546,1.643822316013159,1.57586362138858,0.5380627201916016,0.4651929206009243,2.3992855801354,0.782054891200073,1.0501074754433788,1.6805294706449745,0.9330797596804805
1.4911758504594872,0.8792781743866993,-0.12531093789087547,0.33358230449388665,-0.2637031834593284,0.663534548804868,0.12827539046344727,0.37261094202819733,0.3698892269848196,-0.797308617453417
-0.23181405582842132,-1.63760399475946,-1.6949750470188323,-0.3771071329363823,0.0233897753355948,-1.3026425201969856,-1.5943839382130591,-2.4698372370278836,-1.1246575150253784,-0.028040943327470466
-1.3400241670310569,0.018476781044924104,-0.1429112685161575,-0.629455379162785,-0.31663124346718874,-0.8991237961558164,-0.508622400804031,-0.052674982877153415,-0.7092556478257023,-1.2712322417957838
-1.195121344232016,-0.6241931294306615,-0.06618219657441261,-0.6349657252490168,-0.09294252574354789,-1.0335468176223197,-0.8857836609676557,-0.7130183843500872,-1.113757572566065,-1.458982612249759
-0.12362562129441111,-1.8694891300079108,-0.13871759485132973,-0.22574055633715107,-0.266977523694387,-1.2245624850171597,-1.4255936269671863,-1.30652149307164,-1.1391695227437062,-1.0416133412527748
-0.11345314385912311,0.3947173303742419,0.8973407556377601,-0.17263745926456536,1.2755130625904363,1.6749386186569906,1.0358245294832538,1.289418335890394,2.5542640631736266,1.648368133047097
0.026008920381240214,-1.6408163999742431,0.688782653216319,0.07736181053305594,1.0431639575851535,-0.04717532901416553,0.015614057399224529,-0.6728795412350114,0.3725573209905551,0.01246897878539209
-2.7192819421949115,1.1336670880501483,-0.3617057768085947,0.5779785387557276,-0.5081147558060217,1.5472925499650143,0.6238240031422613,0.8607604655007278,0.3187899713103851,-0.3424357067654298
-0.8857594218733058,0.10798357336445072,-0.9759313535041596,-1.236385721470047,-0.7560027650749084,-0.9256087376631394,-1.0096012901560814,-0.4310416214383062,-1.9710877403844447,-2.537464577353884
1.1588669776156668,-0.3627354448690355,0.6379469683526581,1.0169987858364338,1.1538760777159158,1.009508371861545,1.1843048947125159,0.08156797646424682,1.1949371929013057,0.5789151864258153
-1.1419622939358778,-1.9272480377049788,-1.1947998842319554,-0.6655420177471432,-0.6741901022852463,-1.7983834589260714,-1.4629178239200529,-2.1382509263458314,-2.301042510696727,-1.500634743958355
0.16116954740572684,-0.14051331069863196,1.107732626023836,0.30595925151083747,0.7309058944520832,1.5855313961345188,0.6656588901351506,0.17505220876505878,1.321152812054691,0.3836831978900409
0.27559625281309613,1.0429699803060462,-0.5503802733521991,0.2573714489164203,-0.6991815501935895,0.14787327940660944,0.06315569469984442,0.5133891550831078,-0.2487250277717823,-0.7885704445684332
-0.3284930782703043,1.130078225936068,-2.0778807665779166,-0.5247531588231907,0.7752322528386022,0.48323532533769653,-0.02164932767326705,0.07672153284214457,0.3325437254308228,-0.26309687705462753
0.35308080475721426,-0.15899043296266702,0.7303648915189388,0.6476145293627262,1.5505597708601466,1.2009147637426745,1.038975498150968,0.0029559590144522807,1.9397201174422645,0.8109964200499125
-0.06397020223369199,0.08375025811178753,0.6416662564562994,-0.08217623342951717,0.4961219940466895,0.5497000341944379,0.794651775033314,0.5377021375226666,0.4829272135465347,-0.0626563047086635
1.5450112056540724,1.499523979114463,-1.1405098269517595,0.0704757990245786,-1.0585854312173437,-0.49771430722182586,-0.5136245174380561,0.1322053732555452,-0.6713585067428205,-1.310960589938432
0.3759581257734536,0.28625411159700775,2.0427675659940143,0.6180679011956545,-0.5145882842297194,2.062435621471816,0.7650445456908308,1.4618418317362174,0.4568471626293101,0.06409424481955799
0.31810314744439705,0.7658954648459242,1.7804656838493653,0.7704211333652953,-0.10309837202777204,1.095187342061188,1.0902703008732957,0.8511269263910156,1.354050948927445,0.32414624740139053
0.8251916142240864,0.7697582883848926,0.9853814579733797,0.5734059338534295,0.5473977581580672,1.2751682195467735,1.961660001537091,0.6807389026495192,1.6218306056452292,0.742050917474193
0.42964946497865725,-0.5186544966222015,0.9100184119738597,0.8720169244846188,0.8616528915249088,0.7309970458908832,1.092140154254449,0.06316973902484177,1.3383912322322593,0.6015148085464492
-0.3972334399073116,-0.23303601925261078,0.12227830998083102,-0.541886356296621,0.0989376883832197,-0.5183754370875246,-0.4222036008748287,-0.1699173264008339,-0.36427417966854225,-0.9414485334919429
2.15317591093901,0.4980533012617085,-0.32987612169784514,-0.6814511050909821,-0.6507219245948147,-1.0817651142425577,-0.6832538034691283,0.09973339368656577,-1.2993839021582207,-2.304819736770927
1.297708296125851,0.12768218150690552,-0.4398213225430313,0.32049095617193546,-0.6920381525248617,-0.48258067717730146,-0.3621535667115391,0.04685665507586198,-0.46304568721581174,-0.9633121288092079
1.1624019846115572,0.5011032161821114,-0.7686743849757633,1.1957193863047533,-0.9916974363596597,-0.6780961895298705,-0.39516228287605054,-0.20038647869508125,-0.3911520030560655,-1.0014063753592788
0.269393139499569,-1.0264064353223945,-0.2964868979023769,0.1883659175774524,-0.582229961948281,-1.1766363916851157,-1.9857004939718013,-1.2891747008187608,-1.7909333578900186,-1.6480513781922626
-0.5022082860003356,0.37346158124048007,0.6307610782911922,-0.9675555426919484,1.3656643610226555,0.756295057357395,0.7652900614739258,0.4642610533101684,0.5978367353924896,-0.1645928564678417
0.06273747286997883,-0.3824390853280441,0.6904448182042615,0.023751173680659196,1.4204243625536916,0.612089374669753,0.9030861990327219,-0.09567556148828814,0.9705896866053942,0.12478499492383642
-1.0393274454914372,-2.6936970119457695,0.5474077642581461,-1.0771663594139427,0.7881363293173733,-0.27875324052333794,-0.3852334442897207,-0.20174987274650547,-0.11931082655066158,-0.56964432563495
1.313335514629607,-0.2069994801298067,2.0946457727870635,0.3541166771457454,-0.585507158094522,1.5169505155056826,1.2686116774482654,1.198285358797504,0.2150957513808066,-0.2774451176611247
-0.36639222107425473,1.249090444598211,-1.0616679188364089,-0.7290894892657631,-1.077287273949982,-0.31434997004153076,-0.21537702933570357,0.6367440221244385,-0.7568162814616519,-1.4512536182636744
-1.4305033951845054,-1.2770296955782414,-1.167599520632021,-0.4370656562683275,-1.0317410472968918,-0.5730677587777491,-1.1552502047888178,-1.1380368889193584,-2.786659587662319,-2.804470471442431
-1.1137159555771634,0.4450145359576902,0.1364988509030639,-0.9505895415846797,0.39716623725294836,0.45011481443427437,0.8133023867211794,0.4080669453512541,0.6262488844279532,-0.6875559063488221
-0.689769076738651,-0.1682582300405596,0.662186905283884,-1.1867610796813817,0.5682749401162892,0.6229834708971775,0.020701569043629353,0.379747488047922,0.11758440900588563,-0.4963457149340643
1.208966259299103,-0.3981446227488342,-1.6568414263514935,0.7088737511132297,0.003913332672761949,-1.5573590596243148,-1.200382879334247,-1.257722453214935,-0.4288632335110466,-0.2987782274997113
-0.15674899843388174,0.4795418206517788,0.5598934604519097,-0.3064891507315966,0.37052262543299835,1.100093537895953,0.9855449845418525,0.47989679396520674,1.2510986930774852,-0.06707743410487002
0.6432221434954388,-2.0207314888244206,0.9467245936097813,1.0323180331891548,0.9719699567602597,0.30296021282241065,0.5976708633271686,-0.39212281753692574,1.4834623084502707,0.7892591152418356
-0.5984226634224237,2.548117980361764,0.046215766414903096,-0.9097855836946893,0.1283406653653335,0.36844092713557924,0.5846300252509191,0.5938162884964985,0.07224329469812389,-0.7311723764826547
-0.8467713732673716,-0.6633058760041061,-0.5410409140485353,-0.9558762404214217,-0.6836029039123745,-0.5014939799244509,-1.0696185430183942,-0.8267265779334809,-2.7759654397377456,-3.1804523632768005
-1.9728599441589558,-0.7683080852806912,0.6116702539749387,0.45909232156599317,1.096301636025066,0.7338633695849541,0.560815823937303,-0.3275135800501432,1.5618243991818173,0.6532664715082606
1.0355654717584253,0.7007534158918537,-0.12168227969898539,1.3254053319944183,-0.16932339121841805,1.508379782213199,1.094571366269088,0.5192140557037154,1.2139218297921333,0.17989474138640868
0.9296471789427184,-1.515697827992814,1.2848170277795379,1.3962437497316955,0.45382792951255846,0.508824996676783,1.125477968431257,-0.28936028041824186,1.759969066438976,0.8136679428617215
1.0540603527015346,0.6708381889815624,0.590966197689795,0.801999624250691,1.209008266269145,0.3598117278739664,1.1987921525098202,0.4986047129366783,2.7643180947260215,1.537327501713755
1.1005998564702182,1.7488450458705236,0.7743262213458973,0.38510414330695003,0.6994379461087575,1.3599529721748713,1.1933511060135857,2.2817057183479132,1.2185199328529093,1.2947250058223796
-0.3605610791936858,2.0558737403115495,0.00999406185794493,-0.5056162603546024,0.24192778481902133,1.5126401398396259,0.7409680742452304,0.44745769209072284,0.5908705934668265,-0.6056295143653428
-0.07793822136147623,-1.250756108640506,0.1865546250787608,-0.05723477018612522,0.47080272165328774,-1.1934701050738385,-0.9250307192072128,-1.0117910823891338,-0.2802097237329175,-0.35878913023031744
-0.30206634839244423,0.7555841791959015,-2.6714028231619187,-0.46248854279797647,1.5778753264639076,-0.1015399074754293,-0.12810216103746674,-0.3284018697789777,0.20021455999535942,-0.4131790608670777
-1.0021864063910204,0.8581631313221708,0.5953636850235727,-1.0234368821144055,0.5761525414900573,1.7581001184177516,1.5645103723349916,1.256191521308544,0.7035339738262877,0.16815974114395843
0.7883689266625167,-0.5774044780843833,1.1687405211199298,1.463911093389596,0.5753694720472433,0.6885668666154305,0.940753170620407,0.35691977757569177,1.5451626616322205,0.7854897268005048
-0.504342204318016,-0.14254714981639766,-0.08933178550773806,-0.8073741918723342,-0.26897657622627397,-1.4305784810879825,-1.2014877553597767,-0.18631541968310927,-1.211147849913874,-2.0642439021456003
-0.9642975761627893,-0.6982419981438349,-0.3989752238669278,-1.0457307243724054,-0.7629187302611355,-0.9927134183840182,-1.0448735525085038,-1.0434849847276597,-2.4430181636601125,-2.5420102182586293
-0.5148433774848316,0.6903767624447901,0.7602560247859349,-0.6332501693554848,1.0926944511190495,2.1286524033779832,0.8334930230020392,1.397881090810239,0.6847865527424778,0.3421867332827472
0.3824994729169775,1.863374581151796,-1.9398753696994828,0.7473863008392877,0.6750182206798471,0.8644722684640108,0.8056250376504688,-0.1233557005078047,1.9027527194507272,0.8113060070584399
-2.4927217573667226,-0.8819191057903476,-0.614927275674408,0.6650136932331355,-0.6853325911396324,-1.4640014146065112,-1.8959842798487418,-0.9608466110910094,-1.298248918977332,-1.4935437598405525
0.03022549364033412,0.037594492254728135,1.4310435167869404,0.270145825491957,0.5285810333881157,2.371282339972989,2.2050331822787133,1.1540562409016575,0.9723077873508288,0.5045448263189403
-0.37663678025505865,-0.6477584992110237,0.7836639403405223,-0.6913054450702995,0.8292755728434346,0.1568037778781225,-0.10903480998160867,-0.09466872497459623,0.2688659197439562,-0.4014165799516374
0.036087398076205195,-2.0095035702490835,-0.10422489603643215,0.16217193405884028,-0.190459302010639,-1.3151954494919857,-1.1769185977678833,-0.7635004925920834,-0.9703000798925521,-1.4051066094635793
-0.6954525003943945,-0.3170366524142975,-0.6488066854956044,-0.7158838981046463,-1.1368232251012702,-1.3988068503178452,-1.2897384620483392,-0.5645878466570073,-1.358038910257621,-1.65905134868206
-1.6115576972003585,0.12878590996501516,0.45952715100590547,-0.30380597071515814,0.40967412097305184,0.8482038963785552,0.4013020919829082,0.13255802055517668,0.571900810869918,-0.45510868478975475
-0.1120325872048678,0.6242993681035359,0.7800478054847393,-0.29118365676290403,1.222272796252912,1.3545050833030436,1.244735058913501,1.4675704651876373,2.595089600186247,1.8260253459885687
-0.42693193241647215,1.0387322383463602,0.370627085821323,-0.7369073882018479,1.0713605779792261,1.86556775107952,0.8069932020608039,1.2015087650510103,1.7444166478471164,0.8787771728135699
1.159130691684496,-1.394959034578283,0.3015911464012548,1.271925153100181,0.867661972755273,0.7659785417890684,0.176396290090992,-0.6218347494411306,1.3868737583259834,0.8654478987290406
-0.6943372393041982,0.49786563146449314,0.7036861614126659,-0.8867925554254416,1.5485297084534178,2.75800983021183,2.4256877786360866,1.2492609364364813,1.623850157857018,0.7383426843399914
1.4442275509972087,0.5136358699510889,-0.6318692003192142,0.7069883661438314,-0.7801132487921013,-0.22948074772010935,-0.08248523067259761,0.18996606233225977,-0.3282933517367004,-0.8219826692837422
-0.5716767241084054,-0.15593771078780205,0.6008354648836347,-0.7632137799816137,0.8939630525263239,0.6454126627452376,0.25050787037652544,0.09820812307355109,0.41913300214738486,-0.3169161448309666
0.443934750266784,1.1270182305644563,1.8856518296191367,1.102260743856922,-0.31732612172948066,2.7949813965581654,2.7269926922001284,2.221343780511828,1.5314106585324947,1.606833484538498
0.4262833025877837,1.4203029725982899,-0.3102217792757583,0.9776723510003305,-0.4551854502129449,1.0913603000120737,0.8843473739537748,0.4858642592125872,0.32601827756762947,-0.37444022691315243
0.14611502855252917,0.22133344079946837,-1.4275362513928347,0.10362498132979854,-0.5248068858973644,-1.204393058098977,-1.0151236826624452,-0.4860441650892379,-1.1613438330101173,-1.7976986425696588
0.7251697349467553,-0.8415718324102457,-0.8637476319922047,0.5421736354253476,-1.189477055073147,-2.3507062532945167,-1.9368627686866253,-1.278339806705188,-1.2164337638490652,-1.1370667938067482
-0.5314040862302454,-0.35658637966029566,-1.2911173305297947,-0.6778199295077776,-0.645564712968636,-1.5482613776859562,-1.7997107706037039,-1.2187699831637826,-1.656931973109505,-1.6146930572294067
-0.6403547214686315,0.5402022514364713,-0.009848852218635207,-0.6956505226436225,-0.04966717636296863,0.49203138748887426,0.3416087859340734,0.49509587058949,-0.038877955788415255,-1.1847446312351382
1.3440543312508277,-0.1416100777573894,-0.0664006462048602,0.41844878183476286,-0.09607169330421136,-0.04446969512788233,-0.06438611200633353,-0.1711469484216448,0.14663248573667192,-0.8877673498405112
0.5134153599657588,0.39256379682307263,-0.115940402565949,0.7828314457053294,-0.1374630996027793,1.5910124338050855,1.3105511987138716,0.4568935591363128,1.1457527399883867,-0.10135643174329813
0.8230361230314933,-0.7386428910681281,1.6749673573339707,1.0517300970865524,0.14471304723390682,0.28078883040958225,1.0964042590971586,-0.05269885296411722,0.7885754650548766,0.017690958822957344
-0.5173724499116754,0.8152016730012476,-0.8755144985387993,-0.976680157778323,-1.1940503536651872,-0.5778011055043896,-1.1035838002544265,0.026379214925084674,-2.05803693941667,-3.165475204249095
-0.2707982157358023,-2.7244949424915847,-0.5980823770742696,-0.5327475248991572,-0.8284995396745685,-0.8332475530492284,-1.6326047609226328,-0.9110923965031236,-2.4475915745363515,-2.7059381348357032
1.2008983815195478,-0.09513476426402609,-0.22148675188779518,1.2086092617743713,-0.412308179836697,-0.18610361039306625,-0.13418911734250522,-0.22988524388345946,-0.010981285157106951,-0.6691063526344389
-1.0351157480974948,-0.049065277120793185,0.4475263580986073,-1.0469735315973372,0.5845968415097125,0.04190045376124954,0.22828625734825594,0.31887357111604014,0.09599666661855691,-0.47062776528041694
-1.188059678783867,-0.3353985138656528,-1.4658853985655866,-0.9250081833318197,-0.4683130815961224,-1.659619032570134,-2.1877527138424937,-1.4093974095116863,-1.619556371017425,-1.4627028891853833
-0.767663681232385,-1.0058679980427896,-1.3106417487383508,-0.8389423196668078,-0.750140740518695,-2.2508857474332724,-2.028772909472527,-2.0048845949832588,-1.8809023402982261,-1.3657994573155616
0.7838633784274339,-0.986413958133511,-1.6632962234565853,1.4677293514472054,-0.18309333905619546,-1.0640954974118606,-1.2595478239147524,-1.3600448648077392,-0.3353527945204531,-0.17850756177100346
1.3777030557375418,-0.03076414790766248,-0.05145808066991552,0.154820917324212,0.03774764732957597,-0.14374838634434692,-0.05543174250422448,-0.10919256442333328,0.0056035028992306585,-0.6281078320986317
-0.9682669319082791,0.03454291333496973,0.5782857061883071,-0.9741422755386578,1.3490828364270973,2.316719506838011,0.49120593897728526,0.725278544493712,1.24282700105763,0.15187481539176828
-0.9542692164800898,-1.1875098932546406,1.206257441644743,-1.2390776881269894,1.083462215311202,-0.35785754055418817,-0.284131198149851,-0.23911558312173017,-0.1543844912485226,-0.5639855387660397
0.5364134656727468,0.31553658742550833,-0.15662717656261127,0.27471661765704974,-0.29208139421349527,-0.008937634399040183,0.27531819858388235,0.24779530686636542,-0.1191447292770907,-0.6510011504276686
-0.1652199761573959,1.2117484372666367,-1.0686508200597808,-0.3732208748782192,-0.7034174290010846,-0.5769665398519971,-0.41909349252628525,0.2325112253886355,-0.6612085874423537,-1.245651058309923
1.1050958619894133,-0.26929827076336904,1.7642826943481345,1.1827880575665606,-0.14704809410775127,1.3058742055659203,2.1993096061259743,1.1087286834604908,1.3560076367096285,0.6146597337286756
-0.44119140952670044,-0.7912646302233607,-2.3229023703109535,-0.7999244670418331,1.4759313781118986,-1.994544025622423,-0.9812623146163685,-2.2204834017040116,-0.48327555557223406,0.3117587629813477
-0.703488041306758,-0.3749451986437885,1.4178289434645157,-0.7798305719930032,0.8591322871857364,0.5709017395688482,0.44040864571306,0.0701552030556751,0.39654758613520197,-0.3606609549996474
-0.8421869420693728,0.4063788448200684,0.016389609876720394,-0.7808283211838433,0.08714232961967364,0.983326077277033,0.5367999089006157,0.6664642579668908,0.4447453649688321,-0.8412749550710897
0.5678640595543758,0.833108521222243,0.01515805712375573,0.9256952590582652,-0.09159226740292736,2.1910434787974324,1.7852709511363871,1.2073383682154786,1.2577344698438222,0.6012639619410322
0.6981545340508879,-0.16221550698176448,-1.7433147015141492,0.895358765301674,-0.025306992699812576,-0.5129764683429594,-0.4761214599099705,-0.7956801583936425,-0.048517964356395216,-0.4743614770216059
0.6426304993021733,-1.04598349863858,-1.8309212995977808,1.4033433736263798,0.05803229014975955,-1.171464837881239,-0.7966887471394422,-1.612312752331439,-0.002070991829901586,0.5293452875283885
0.784063832999343,-0.23806977518830044,0.5124803832432523,0.8624136953395953,1.0174297073729097,1.5794257276589196,0.593076878770075,0.15483681385749748,1.757909310614729,0.8634914702638802
0.25815481522116984,0.7946328117980381,0.4511927252570217,0.7543177317195362,0.5810431491231114,0.2518836272306418,1.0375114946400115,0.974382874039747,3.082614681410169,1.9018060507257457
-0.4426281455439157,-1.3501362618873516,-0.35176660389690795,-0.6619680367336376,-0.7004265403993468,-0.8383173170965499,-1.5190019048565668,-0.8598141104178691,-2.6430262593422436,-3.0050740183991493
0.5608149661637856,-0.7134027127294401,1.5821846312855663,1.4409550100413409,0.16455580116109986,0.8913874119882969,1.0698179612513472,0.2377710632851058,1.9484726463181783,0.707368994446584
1.965012576926916,-1.515676225575605,0.8688986443737328,-0.4030427712809909,0.6882238567059363,-0.28375947889945696,-0.2653876555335165,-0.5207218703579446,0.07690506717418999,-0.4950368227639494
1.822321206847983,-1.3200246536156202,0.16058606960560143,-0.19942717002904037,0.22857652853983484,-0.9427060503228659,-0.8815668312223377,-0.6658510692614867,-0.46865776304077367,-1.0277788469234255
-0.7237026861012219,0.07659272428985466,0.02056549692033857,-0.7304271443340384,0.06863423650431559,-0.4195095126934726,-0.33956695671809495,-0.039358552139363005,-0.4059340369356922,-0.8798634879338353
1.7193730433725543,0.0982942732450617,-0.4271827537809047,-0.02253069898082443,-0.6468684390801365,-0.7628990828281538,-0.47661399004364136,-0.0460563040890935,-0.6724026252240911,-1.2525160189226099
-1.3396932738514913,-0.6114374303611438,-0.7717925983160864,-0.7428307859778505,-1.2030991860432374,-0.2307837054551854,-0.8106908851501331,-1.277502415610738,-3.2781600236831663,-3.1263512996033973
-2.2305481277925003,0.3279879459032738,1.1575964112719386,0.8113673208687154,0.5649150286932383,1.059053285560207,1.5734677757855378,0.7209647376730187,2.4385160865284203,1.3002358499138678
-0.3837393843608449,0.6467667702168506,0.12605095323066828,-0.5410622698982203,0.025422992352734236,0.37371230358135477,0.9529560449828546,0.6903959107082215,0.23839401495260565,-0.5963565392791574
-0.8079068243652078,-1.1675405333808189,0.9413621396327073,-0.7918996371131376,0.5218073205026365,-0.5400389334661747,-0.48757159686012524,-0.3869965830679798,-0.23944387950632595,-0.9189124192700364
-0.3877308236864092,0.11325888563475155,0.5794518831711953,-0.5299867858321731,0.9746844868265512,1.4281095877328809,1.0282176706724842,0.5250212443205223,0.5729038806930545,-0.006658411570033648
1.195271589121057,-0.0426363237336901,0.7844145429219537,0.5162682282908839,1.395455357294288,0.664860468001204,1.0186614955359563,0.2715060260261063,1.2041769653383487,0.4877026137193451
-3.7241099403378968,1.832536432039376,0.8332751103648441,-0.4402765047189546,0.268444184513438,0.6963970603829301,1.9206345383990866,1.0618845476807448,0.951997809094676,0.12617495858902533
0.24941220187618393,0.2777959027610862,-1.156119744875702,0.66757906835174,-1.0409159379085537,-1.3035835382742713,-1.2037547536948725,-0.3661078292086559,-0.9824857836160725,-1.706886261073022
-0.8990520742074272,-1.009655762876329,0.4832892314325138,-0.7417239609035468,0.34394433122293877,-0.8729192774984338,-0.7435259077911178,-0.6134810053198876,-0.5607180878435917,-0.9638141029795748
-0.4082029650820833,-0.7001907901000486,0.4885084684635175,-0.6152650898876337,0.34974943465250646,-0.5628376412270135,-0.5150819718810612,-0.3564835614727754,-0.2916051059209291,-1.145229192896302
0.532087413400189,0.07518764715698854,-0.18719319578785643,1.375413264634112,-0.3157801357194392,0.4127811400765306,0.45459208451536925,0.03616409190842447,0.4341904671346118,-0.3838437925578441
0.22636860627267003,-0.2869809726340058,-0.01735798025903659,0.2113318748185479,0.028203854696778143,-0.13818863853205263,-0.02721386747913976,-0.29564308789195376,0.08719554883442249,-0.8705302617564025
-0.20124619455773474,0.013857724985591482,-1.338413399615342,-0.36925507322889484,-0.523879010432188,-1.7419417620071762,-1.3964169385973983,-0.6090378524456006,-1.6825466136903944,-2.2205490154117458
-1.0520221823372393,0.2941404563299296,1.4862581193150886,-1.0387966642104605,0.7968724883437723,1.0532217197037765,2.3571999455871557,1.6906534389856056,1.1357739434928122,0.7677848183474476
-0.5522073514409944,2.236467029824147,-1.467251612346394,-0.933359091836174,-0.37963427576514075,-1.1199103298574316,-0.9539569829290778,0.07776548080338022,-1.2289310866458696,-2.2949617098107558
0.09417357806288419,-0.11201439862419253,-0.7250302222857251,0.2992477600147895,-0.9044448856021201,-0.9076671307686703,-1.226775106827997,-0.46207262336954663,-1.0508173095869169,-1.5458121992150324
-1.5114144695973084,-1.0371304308142908,1.0844820721734376,-0.4148197461044936,1.1741682660452826,0.14720673046484528,-0.12771595634097455,-0.3378159431824792,0.3772111662720847,-0.24114202699747758
-0.772057414000346,-0.06843298347201986,-0.0007240931494273198,-0.7946433487221634,-0.08280123351285433,-0.8426193657731131,-0.9063713446918772,-0.24197056771922917,-1.059232542490798,-1.984368509456589
2.039692922647679,1.3653427427544451,-0.5788984158724314,-0.6225554053060367,-1.0726438681036685,-0.40605114721504026,-0.3562496803480473,0.6335326145618062,-1.0183323182114763,-2.1896196582823215
-0.38832876955646684,-0.03356569408971905,-0.9043532499250806,-0.5642455052354239,-0.7448730936120467,-1.0674527428993676,-1.0032335556758096,-0.5834239418171668,-2.323843887888877,-2.9957999534881887
1.6201752539735923,0.3012430016919336,-0.5565738659816788,-0.08348300081909317,-0.8735447855993063,-1.4051972573591578,-0.7819050316497913,-0.15302426940067923,-1.4158541137060854,-2.417425825596784
-0.6449678939992219,-1.8883875244010442,-0.30918750610113255,-1.144092283196971,-0.6036811002811879,-1.801171391562307,-1.1937234223959952,-1.1997858385967695,-1.809136709792485,-1.7793422276003297
0.9712445259380774,0.7826480177687413,-0.9587160539489383,0.5147008069688566,-1.0168054675301876,-0.25303179056994035,-0.1757913611815339,0.2234135349244945,-0.39138060913960765,-1.1529365084031098
0.7597868246302169,-0.21542858068688694,1.4968639879151975,1.173641580700459,0.3866980361268239,1.1911557519030163,1.9455127932962877,0.6146617042066352,1.2659130343763614,0.5874549225085571
-0.716664941451489,0.5612672277257903,0.02431352839547878,-0.9736525745236093,-0.045073972198807176,-0.07749478627511158,-0.14942345205570606,0.4427512597061996,-0.29117567266725985,-1.3820202755708682
-2.1860267469133854,-0.7542936131700553,-1.868987489193986,0.23261321304530613,0.3996183772039097,-1.4474710109004714,-0.8475091854511825,-2.08961018459718,-0.24054499409220828,0.5912261561901174
2.7292748700566287,-0.3738863784558847,-0.016345432508099982,-1.0869870254138767,-0.016832503863792564,-0.9545884726197977,-0.8433732171644459,-0.339841452824271,-0.9086806675970558,-1.4506482055728147
-0.6592950049063393,-1.696562756384478,-0.4909166560379768,-0.9618825097699965,-0.6111566249622818,-1.6263023112447161,-1.7404295365744813,-1.475421769264568,-2.4039491040881114,-2.120736689898998
-0.05107346862253948,-1.6966365760043296,0.7154699163496091,0.01282752821632821,1.2349499475953878,0.226605336261127,0.5781345791550528,-0.5619349105441341,0.8859447981437463,0.19103296139081136
-0.02676368650447694,-1.0873279705515917,0.003927827570532257,-0.12930208205777632,-0.10608893826852725,-1.6625469321999844,-1.3540741213169658,-0.9655454995847831,-0.8509087710197791,-0.9407543009566426
1.1418554395839722,0.9716247070358371,1.7596845450766327,1.2120175760657088,-0.10953685965623841,0.7973977669282845,2.709235967677623,2.1928714761680994,2.309691923205266,2.3587378516678195
-1.0503571124366617,1.5316632248725857,0.07463784869316847,-1.166292418062433,0.25600145757733683,2.2060252216513705,1.6243849983860112,1.172945209151472,0.5929389648927061,-0.22625117020415758
0.40080523829065356,0.3546148486757515,-1.6994633264563785,1.0769878633561567,-0.2697153123568011,-0.7153352053585335,-0.4246855271637766,-0.5113168485741775,-0.2136779644710359,-0.5353216409570858
1.1038189181111175,0.8994980380642676,0.23725644045453964,1.0117609186560186,0.6447936730886622,0.2903406045210036,1.7938679845054697,1.443830044236213,3.250689849681233,2.4970249547292815
1.2689095595776527,-1.192817813337555,-1.2761074702484072,0.5435736178975179,-0.5654563065720726,-1.2508670941561748,-1.2335894445490214,-1.9566114090233406,-0.9167119258179397,-0.5245301828515573
1.4046666803056607,-0.677125296801367,-0.0983179297264134,0.6609934064744006,-0.18675318060285673,-0.973442788642475,-0.5573713564937081,-0.6116826653246459,-0.333520906187792,-0.6247023463153283
-0.2752935145342299,-0.4414921464667149,-1.137402392264133,-0.43394577593551764,-0.6609207258255417,-1.2741081920914865,-1.366781960540528,-1.3341192326578124,-1.346205888861609,-1.2565654106154196
0.29547364335312265,0.6742413011704735,0.8664408463986776,0.3234530163417502,1.3036662614762755,0.6965497276118267,0.5903063840985118,1.2761843802654977,3.0138800035888136,2.0956669096031466
-0.8994164793728541,0.86936899733186,0.6114819899495977,-0.7607800354041073,0.7515236965547268,1.9123830294855422,1.8014610318187518,1.5781945059333438,0.7142919097699426,0.417799058466316
0.41646361941866633,-0.6481741112718558,0.32526338397801857,0.7807082965607505,0.9162371323006756,0.5307358514228602,-0.009999167461684944,-0.3736124421311253,0.5023271062921177,0.1389221922258797
1.2018888105592853,-0.33986676853745734,-1.5578458446146246,1.2350514116809357,-0.27410087183344345,-1.9502060239716728,-1.4739242637163308,-1.4467471763577024,-0.5969382131178583,-0.3346488232101551
-1.1446270968166643,2.0527449807327276,0.027524623471278136,-0.8246635569893435,0.24320627587993987,1.1913096575088507,0.5514449361688198,0.9005385460507574,0.5627338434356375,-0.32152691298489233
0.3259018743232376,2.2328570344265923,0.9887656247248503,0.4220081139017139,1.1927848755318662,1.3768340934827321,2.471932644214778,1.3824925835426514,2.232062747237493,1.6266880696757449
0.8478731926051303,-1.5170622469786217,0.21695102438483216,1.261603513803446,0.19277068927850005,-0.5501831198195245,-0.6255821861515104,-1.0305088442717907,0.06494410982833983,-0.010641849344947454
-1.3493490333448352,1.3043427880039307,0.16568258072432618,-0.5568135062578778,0.506532926613266,2.1245769249423145,2.4618331495984176,1.7563593460651914,1.086605855324942,0.7863398446243857
0.14166065733565997,0.5166638202977525,0.6397694518817808,0.179855879446787,0.7087318004830532,0.9671240136245687,1.6689690394921168,1.1135672718089562,0.8607355224525014,0.42255330058561036
1.3597733814779085,0.9158846316951758,0.03799806254935876,0.7149473752157419,0.04966427140044834,2.162664813889711,0.8625277402065444,0.8470437069168234,0.9800564408625376,0.279934302662908
-0.11926252112705,-0.9688550183271687,1.920647353173364,-0.24836914778600783,-0.40932837263377253,-0.25495692215237137,-0.19090783014608448,0.28032353388614384,-0.4165149620802241,-1.2336951579636262
0.11788867345778883,-0.09764665475309552,0.04649006720112582,0.2989709342057557,0.1217220544644546,0.3864620480892696,0.540621017065311,-0.1332193227187605,0.4345121368585887,-0.5831871344829649
0.559967191363383,1.3579325464263,0.3903609500499994,0.8851162080387939,0.5525840848943904,0.42498562832603753,1.0224566531660482,0.4625279494560778,2.278470808017948,1.0867433629808083
-0.45218688652338157,-0.9494398749515399,-0.7180129561028067,-0.6322566294358553,-0.8969119420536796,-1.8706016792793352,-1.8767769695842853,-1.582760624468808,-2.1743665250489563,-1.843434632299313
-1.2743470598731956,0.05365018330376442,-0.841826472200155,-0.8450071380288897,-0.7447023293530901,-0.8000878625766423,-0.8480179046186437,-0.4974147911609188,-2.4578637909376937,-3.2050049089284736
0.17088824076502598,1.0140128321641744,-1.19412731255105,0.35388133261211047,-0.9838212875049663,-0.4749031567667476,-0.3781142851408613,0.12345565914093781,-0.581375829288986,-1.3776961706249469
2.239316513768317,0.8396097674872124,0.856057389116138,-0.9285243306833223,0.9149745752289461,2.4869848158433348,1.8789816276150144,1.3615072338322678,0.8757973647523799,0.4212085746977037
-1.0024853475210638,1.6471744501286005,0.5130070204100717,-0.832264698154495,1.0460109954353671,1.5420923334540022,1.4596459994269344,1.630460768177558,2.2567035441941523,1.6319258258139504
0.004217686428792812,-0.7263077003595884,1.4728603022967173,0.03595752176503965,0.1204363917446857,0.07710532304008903,0.35109791288708675,0.220931630596312,0.12346726368245874,-0.4253186056394354
1.1888819465475908,0.22709223945655818,0.7016155784900829,0.8459416107456574,0.7049162492033567,1.3640843119781743,0.9680677160551048,0.18248023508607678,1.721266394390882,0.7609639767345979
1.5723064760129153,-1.0400397529384584,0.8010875110152053,0.3712898732578875,1.2851544215778385,0.687788449652924,0.535987183178685,-0.36786985366234926,0.7490782733134081,0.21160609171325206
2.5775159847900557,-0.6731417850791376,0.593555150281868,-1.0439816059991802,0.5181503004188773,-0.47687855713747074,-0.3873604590966229,-0.25083575854641726,-0.26405654840408976,-1.0765518287447684
-0.24765037536162054,-1.9161393989252355,-1.7421765747713858,-0.4860848876900952,0.03689220823376619,-2.4383941795527417,-1.8380568622288815,-1.4141906110885238,-1.4062717654563928,-1.149732084616341
-0.17018452500080875,0.4945036056302864,-0.5465476921753952,-0.31839700679367217,-0.9306211288733722,-0.6084377041966376,-0.5625161469948873,0.25630285357216726,-1.1608687954151575,-2.388649711983989
-0.3997667742678764,-0.21801148118306926,0.07484686403335748,-0.6846596692109538,0.22666148287485893,-0.47598442675915975,-0.347055397997656,-0.18531007404657204,-0.31565206185237155,-0.8959367999573851
-0.2218650895048816,-0.5083960463146855,-0.6237986252345087,-0.35589096970575207,-0.9987891645534998,-1.7396019024840998,-1.3407489806649453,-0.8551470222768739,-1.3259925426044747,-1.4833845709462758
-1.3816856475571688,-0.890867896140042,-1.2240855310567114,-0.662351952148629,-0.6178133811002777,-1.0451737458906856,-1.3365245185760048,-1.804009878901122,-2.3273581694121823,-1.7567612801633783
0.057650026410631744,-1.3134076971860966,0.8656491268847489,-0.11415351301441026,0.7810021493494346,0.36873449870425457,0.003175462669726292,-0.4853243336264077,0.6132135307877846,-0.14151115561240893
-1.1051902450190536,0.14091271917092066,1.7092444947360492,-1.0622343662399734,0.07810559282014619,1.2789941226501615,1.0742726657186554,1.6165271042125349,0.4897225002858425,0.0007351528938770828
0.048725486571646055,0.43468051627882476,-0.3188098736106068,-0.16028887495046246,-0.5830286412821679,-0.041520087968744485,-0.008458005976507144,0.4457287936914147,-0.38100566290029825,-1.1480691646827976
-0.16806977516710933,1.073046431957236,-0.30473903157684074,-0.288461740337699,-0.5967755903297052,0.6673791340773566,0.2671288660191559,1.0080957809755515,-0.07923357302316061,-1.0406409803868104
0.24730800659361107,0.8969544597061465,1.459021707354937,0.5245995886828425,0.20632068616635763,1.4068530869785378,2.4432494844749266,1.3404032454420913,2.2693947065351496,1.4021333757157766
-1.865351649585834,-0.45357282830694046,-0.1365590499982591,0.1491992125707816,-0.2508435542409345,-1.5910710822483443,-1.2815396729535566,-0.589169028082552,-0.8588394226865965,-1.4155603285139111
1.059870654774132,-0.27237972235063856,0.08506884450037402,0.7283203498687364,0.1247068946778915,0.6328407440059453,0.40842816644496804,-0.21261547430098643,0.6175947477676944,-0.26081289309383143
0.29947192047781634,-0.04207547751105744,1.174337143268697,0.6873509311450459,0.981025752019881,-0.13665440506948762,1.331070412979493,0.7010266361674936,3.073994592083847,1.8002011658208672
-0.1098924158944563,0.15880559897415972,1.0074126500374732,-0.23294330618299341,0.685090733289879,1.9847478305749564,1.8236226275864356,0.47091542363363426,1.5857863690170235,0.33048362866300085
0.5276394875269586,0.920734632442949,0.05293021284862511,0.8136489763277706,0.15482586212126698,0.679459901389139,1.9288248599221094,0.4784331257365501,1.7896483240188443,0.5144140787894463
1.765274849370613,0.13597669007527258,-1.2252817474943491,-0.1857127201652258,-0.622724135557755,-1.7401748210134713,-0.8391511042974137,-0.6049614555482575,-1.004341515213804,-1.261821309125527
0.9254907372552661,1.852521932546181,1.1193093573346382,1.6919266463029667,1.433597846136806,-0.0422127149169064,0.32730448931599904,1.604212478194266,4.3395491483941,3.683184967813399
0.9146831732841278,0.5933808370180276,1.299300770952449,0.5786368129087166,0.33511818896510914,1.1612789176863412,1.3233468134927602,1.922135854286561,0.9691646198382191,0.8472432523767828
-0.27167476751160796,0.39552686821654404,0.04981740863963571,-0.496396319971584,-0.026448910130461127,0.27300801756844206,0.6959559799232213,0.4490983541148503,0.030859672147482614,-0.8590971085009906
1.9352512704542941,0.6726821736513947,-2.016638350448377,-0.40165810625160303,0.3121272177956391,-0.35247538806731876,-0.2808247478374402,-0.3189893587131423,-0.1113830757734472,-1.0050509467798465
0.09310336394909113,0.17116139840700897,-0.6555169916261456,0.26633736063908947,-1.000242917650089,-1.348684255867347,-1.2641109604364236,-0.22864104712910277,-1.2341422468250778,-2.1577241807890246
0.9200073454512951,0.6666701875012624,-1.3603943201470874,0.9855465557451223,-0.4967633119297949,0.00015428643989589402,-0.08739591925484498,-0.10684450748517514,0.027625284774750056,-1.050997667144777
-0.14806554712425643,-0.7792389560280096,1.0144657819172511,-0.26310355198974994,0.8338638339238339,1.0874925477709758,0.18241523030013332,-0.11630577959499981,0.7386700463199352,-0.14107461920298758
0.26544290999769454,-2.1926811426679325,0.8729077511538001,0.343685120894682,1.3446303444643337,0.987873604149765,1.1854906631972666,-0.30536673549804605,1.3092237748516191,0.4370822009989148
-0.2262754788790505,1.194382372430137,-0.013354573165143562,-0.439682140630473,0.26228198610573855,1.9138848279262943,0.3170683758983445,0.6920592513249241,0.665390710524136,-0.24486911822141808
-0.04186861738155249,-1.1774509724925397,0.5225846717211619,-0.09958754632809375,0.9576421923178157,-0.05900374722055703,-0.12149217912395859,-0.5413295865458652,0.3570622176679352,-0.11075348441928592
-0.9651592089910379,-0.8005358212895661,2.3469941904006517,-0.7567038642597774,-0.9124503674947888,-0.4188475763572095,-0.38989499283506435,0.5667254853556869,-0.9690776270600951,-1.924796299038404
1.117203605145953,-0.14331589365526315,0.9491451541820312,0.813182116646394,0.8324025892671122,0.7153408670982484,0.8532616263105566,0.05930041391240615,1.3345685820029043,0.577696695748512
0.4036305453961546,-1.6596394400690953,-0.3262222833137387,0.9663507107273305,-0.48457759237283016,-2.153940038952377,-2.0991765641911617,-1.4909832204716882,-1.1973448832471254,-0.813904791469555
-1.6998820887883326,0.07023562708364914,2.59018706888737,0.04883507461719737,-1.035455331558119,-0.1265802732186015,0.09755649596626532,0.7048375320070699,-0.34462996877705643,-0.8776262727087298
-1.161131780181691,0.8194976277930959,0.2130994721958054,-0.6554837942271611,0.28722743164147013,2.400015654667188,1.1081012260106236,1.3500912348594867,1.1035613033722813,0.3540417951055852
-1.129991052920468,-0.9729001008685414,0.3243348142598016,-0.9394660650454779,0.5247025949681958,-0.7258783533161048,-0.6352342584006794,-0.5057605854286367,-0.4222301144960006,-0.9485510596803509
-1.7262543047753809,-1.578846373157831,1.6830550111563867,-0.06530017839926551,0.09442770030115025,-0.14904081922701895,-0.10648294478706408,-0.13631838607300673,-0.02798460123387524,-0.8634137449797815
0.5208656440604714,0.03259884818674659,0.04877264899693108,0.7017803970870176,-0.029785880358746852,0.7917776874305307,0.6055706228987843,0.16481531603495087,0.5116237895963733,-0.27603482649732586
-2.1453287346262813,0.5083243352471377,-2.353410975686503,1.057255680146577,0.5433626426637145,1.0585802200547823,0.91031080490046,-0.4705371641072991,1.4569229245171074,0.6734000128270788
-0.3144322299769832,-1.1531772309032415,0.35789193665253133,-0.45592878576062523,0.6341359243398452,-0.2896042203602549,-0.26465305200958644,-0.5621566787082746,0.09318837736282562,-0.6036306209159774
0.9441998090281116,0.8120408556313062,1.1150631875552435,0.4726350971809845,0.9866729299117577,1.6336303493144146,1.7698653314333923,0.7019731955318361,2.1007905761304704,1.1249479985438957
-1.0788036874044769,0.2710536833461886,-0.49979294896920906,-1.0869184905288602,-0.9648955128757556,-0.831635050880473,-1.037043197090199,0.005964875075804815,-1.2274924967249672,-1.7941584697155222
1.5558337939803202,1.7801673200141768,0.9782899410391487,0.4445620614185623,0.3955947413643914,2.353368524309913,0.858811995593693,2.0288472245267033,1.615588911554232,1.515025644700189
0.1452940155952053,0.9294130001525707,-0.6263450514167095,0.3028686906649328,-0.706827124059254,-0.2509852981986477,-0.15447701384623302,0.28094359571947836,-0.3249932602374107,-0.9113548127464993
-2.2899970835470325,-0.38126906047853604,-0.9882658497739805,0.9659720491730288,-1.2149841075188783,-1.6972064663718114,-1.6376293295534687,-1.135175771587525,-1.5269151015207312,-1.5499173009514013
1.9244535263777798,-0.4890038544043288,0.32875716979010644,-0.3434701705314672,0.7498403200705268,0.2506161875982277,0.044862189489565836,-0.25501473170550637,0.22346261828491137,-0.3021595578824119
0.29042527562921655,0.08808931476595686,-0.838405286468712,0.3116546340244045,-1.187677331949683,-0.8370149145742767,-0.8053208445043765,-0.4273847784202168,-0.8484865580539191,-1.1978823944520907
0.4954105551364047,2.2197747080432557,0.41588754310604736,0.9827787507061508,0.9208006360828316,0.9480734124556602,2.248566759142924,1.1533786300393647,1.1343079083266927,0.7198362336210491
0.22577910449817976,-1.0265848812039204,-0.5044750939427994,0.4029220681279829,-0.6409587773133267,-1.420566400482217,-2.0486020536069,-1.2608585440025986,-1.2117162416055367,-1.1345465805603285
-0.07055887821562061,0.7563250030117109,1.553435433570336,-0.053908251583809436,0.6001108960115381,2.1775174136554267,1.7366794378329788,1.86058899096209,1.0692466673616405,0.895498303400657
0.12904308386377986,0.6369239991130994,1.4460257168306867,0.20898105015035653,0.3947221246876995,2.4060563893771105,1.0857374683098615,1.322292474790498,1.436734635940889,0.8468449932970447
1.3849015522909858,1.0990677153468706,1.7612545047050527,0.5184960543938935,-0.1960674881076218,1.3012409575201003,1.0423226643717334,1.211856578150956,1.3359022057347678,0.43622982667130644
-0.8941927263447709,0.11651236646038056,-0.10675213295863534,-1.2559041194001528,-0.198262040426406,-0.6523444120182587,-0.5876499962795029,0.15495532701311493,-0.8979144464949874,-1.776814589955097
0.28736016438471434,0.16536716380166994,0.8227407511532613,0.6881781256178464,0.7145395504866048,0.7528181113136415,2.4105807865526385,1.0072428500019808,1.9041370184456925,1.1627119498585745
-0.7162235574378286,0.38946551130125345,0.4092800848091863,-0.7320219676188395,1.1016975897046548,0.6484579607941257,1.407248821680565,0.3580257108765314,0.921568221923058,-0.05440864453845563
0.004229215205285221,1.6082110193669628,-0.001733023372075842,0.12428556162894942,0.06306936828476865,2.443066592005354,1.859312108117478,1.5343473891463133,1.556586870125918,0.9097093700270769
-0.029642953735086453,0.9463419999083529,0.5718435275310636,-0.031208323707902046,0.8574537757334445,0.7303161478573704,0.4491659278020842,0.5137199554739524,0.8766102571960094,0.23479592991869613
0.5019939434822495,-0.46064882220171977,-0.969814846422109,0.48540847764868766,-1.0186170837594246,-1.6113789567853887,-1.2785249331650332,-1.2272596373164097,-1.846852259367395,-1.7692499764515341
0.9211967260654856,-0.08484126661202773,0.5956848116670067,0.676616379354973,0.38498768120587956,0.2924855666161815,0.280951679759224,0.07211135303372551,0.5047196135141325,-0.013943957245161634
-0.46270143921510515,1.9249893730805443,1.200720989420749,-0.8444616374117049,1.1184900207167499,0.7945191267230666,0.9637998636695391,1.5281129775937476,2.1714751747351055,1.4502308331613294
-1.034974901186862,0.35519842081014524,-0.5174636229554518,-1.1721841939613762,-0.8392977771572813,-0.9309030511269303,-0.8547367988872728,-0.030262422820316492,-2.004822689871686,-2.997249669094486
-1.6706551364291082,0.8428932224773411,0.452434750119913,-0.1321484467394644,0.496699092728358,1.6855949191817963,2.0045341051542924,0.8722483097138896,1.7224722129596253,0.6089662871797029
-0.3528974698660456,0.18550755289493276,-0.5290097700324149,-0.49893346455750553,-0.7420720865546163,-0.7896428605092756,-1.2283859654407856,-0.059078333288880375,-1.5059101603774068,-2.5070747074488113
0.34679280489708725,-1.2912931699167307,-1.0346040991040408,0.9276955841388145,-0.9974852283775552,-2.1708072897946273,-1.1352163296254765,-1.3433586425471313,-1.3873333749194792,-1.214283376706706
-0.20478152363452373,0.4634732046996818,-2.4584447255973814,-0.39085727519332136,0.7017714121930295,-0.527920741547355,-0.354571811214103,-0.6501396264461277,0.0010373560552814631,-0.5007504451635725
-0.09664981456164151,-1.1640926834096692,-0.3536040161565715,-0.1935575432964376,-0.706400194228118,-2.1913697380881554,-1.3294647511589668,-1.3588577874496452,-1.6047232847365225,-1.459867631542597
0.0846126480187211,-0.7276823661948206,-1.0463102466867853,0.017787375488250767,-0.9094231609691648,-1.1639353675404882,-1.1079324055385742,-1.0390229809905158,-1.3421304800291738,-1.4135502098130024
-0.31650631559953524,-1.978507322603713,0.1776002431244913,-0.5163593118173088,0.10294587931112903,-1.2516627026640936,-1.3259307196170624,-0.973084022452189,-0.7658617225171147,-0.8683145017436706
1.5003418424874484,-0.7155206716834599,0.25185739425799164,0.3930412602709564,0.750779199719821,0.5434219304585861,0.2885843574249859,-0.4528840581136508,0.6605823427164575,0.12181777145910117
0.37250111137134556,-1.018518036618988,0.9583807102321372,0.41510398972207696,1.2632111797930963,0.43862310785770425,0.7363355549116619,-0.2887242785444997,1.0703035645458756,0.3659122568669729
0.7327618955840947,0.8072804882725565,1.2427255248267859,1.609666726644989,1.1760964000646565,0.10247012873573927,0.647062997354358,2.084518113486877,3.6255104592957723,3.549954914455495
0.13494253982913326,-1.1734583649987032,0.8985795544852406,0.28640460288098485,0.3989575553863033,-0.14013383942771318,0.03396606742759592,-0.46202421849571773,0.4126740939199247,-0.2772743493319716
0.6541422341845926,-1.2627965654267683,1.260217198282006,1.2602203268351486,0.7489808361962534,0.20728830054790207,0.37044719004573257,-0.24018090068991005,0.7859043265306096,0.3379677497368134
-0.883032759457708,1.0804413759366789,0.1806232733615428,-0.8398619802014909,0.17511465288850597,1.6591767755358904,1.1546412880829426,1.5028355364039678,0.2928806814656449,-0.03630713977791282
-0.4301223373847865,-0.17127721230754625,-0.8592565595891075,-0.8498682371503916,-1.140408485910223,-0.24192042833407212,-1.2499854845190728,-0.8061599459804004,-3.033061441480024,-3.455686622451046
-0.7277170209764238,0.007740155966619027,0.8135524538058093,-1.0141406517454616,1.083322651602862,0.4202050543740359,0.8256407190915871,0.50057065065375,0.6844308860409521,-0.12716066514718805
1.271255695338612,1.4920318249060718,-0.3632930173409465,0.9133312022558593,-0.6305581582401558,0.09110257551344361,0.22059779716262654,0.3523113750253292,0.11795250496248613,-0.6637980796100907
0.5948606109702667,-0.6579842088081883,1.5826641261490961,1.305500659515308,0.2752536554082619,1.5558729874919637,0.3253555807326849,0.07577491540226225,1.0785149468925008,0.32303373651374373
-0.164450587810521,1.7404331353820264,-0.521271654633086,-0.2836286490076176,-0.909330015314368,0.5320410375292246,0.11330365019595157,1.2046052633244155,-0.26372298301044866,-0.7105727348748694
-1.1711561444321397,-0.8166692976646858,0.5024911041917781,-0.9516592071573711,0.5231647570753228,-0.8150435016043905,-0.6123828662039128,-0.3947423896403718,-0.3534751199440006,-0.7082777705354774
-0.9022606739095327,-0.4164993627285703,-1.0651950477913503,-1.234198238420112,-0.9352956339660735,-0.6686583028642654,-1.075751741615508,-1.1939316464413425,-2.748949318444731,-2.7119002584699143
-0.8594286245910857,-1.0477460925263895,3.367987027648339,-0.9406387872571748,-0.18564766240030955,-0.9389001260603936,-0.999943026951665,-0.03346414386854172,-1.0782403637671147,-2.2249659384104143
0.9188731729076643,0.002980827136530076,1.1243779719443412,0.6546269364578341,0.34174893934516326,1.1460862288543439,1.0266811666924642,0.8676989993361627,0.7795305104599185,0.2791330948034561
-0.4186904126266256,0.6798495372798918,2.620747481769326,-0.5758173842270494,-1.1697103774240531,0.05078270517821254,0.13707155222407968,1.0749053148201924,-0.5651612916468299,-1.4104986014529575
-0.10668758697213489,-1.2181078881623,-1.3222432533140713,-0.2165915185499449,-0.7108278641840287,-0.933888737471785,-1.7812932814487124,-1.1793820275458526,-2.487331174592978,-2.45524204905193
-0.7780014621645326,-0.5008806334351666,0.4541931919227494,-0.9924729498424786,1.145735181166973,0.19397102526469379,0.03998594012408412,-0.1487683606198718,0.21864741732344528,-0.5276923574515805
-0.3407327468048303,0.36256537585052445,-0.18611508962492787,-0.6015499610326729,-0.31562237123253567,-0.1268015447427223,-0.18751477673808487,0.47465626772128766,-0.3582350779986401,-0.9391367927742794
-0.5298205211551573,1.2996570348227763,0.019911021788401487,-0.8638623911443088,-0.11786088194629352,-0.13925242983695327,-0.03950281710101095,0.48810304296302337,-0.3352576778129726,-0.8629560726813621
-1.1118995913568248,-1.4638683503918082,1.2992354449369046,-0.721604785945263,0.8345949207166224,0.13342135990340287,0.1931315078522139,-0.2993260954005985,0.26353793916237267,-0.602482051864688
-1.0181768289558677,-1.9100656473768394,0.2099928156999402,-0.8081661130305934,0.06426581462717804,-1.7120077179579416,-1.1681719664224035,-0.9622640970135667,-0.9385101802141919,-1.0519844679286168
-1.0151988083118042,0.029904789022584057,-1.2622161882612224,-1.1651894394025029,-0.7050784062308092,-0.3439813151874622,-1.3517712795530399,-0.8083008332778908,-2.9350140789221055,-3.3360502030152803
-0.49392765181875453,-0.26450978600826225,-0.31875759655635694,-0.7764134256720931,-0.6429172763042978,-1.0895780363131964,-0.869194246467436,-0.39952790424694345,-1.4262510065044471,-1.9317966927077121
-0.04621827930208022,-2.207027322068836,2.0537410267599348,-0.13087915807882824,-0.5619310546275349,-0.6134654734705389,-0.5642568590058396,0.11275254423427059,-0.7451770132956115,-1.7398563218471659
0.6857783454987579,-0.264515050392875,-1.5882506255081823,0.7564892984233134,-0.22463701857862065,-1.46953425537982,-1.404386098004775,-1.2851429853070016,-0.8654573875149012,-0.7193209833003797
-0.05282251563862666,-0.3215795702771666,1.36731121379105,0.0398583472451462,0.5457620156192581,1.3108366136376166,1.5169147411260684,0.22626193427923458,1.3718300430233195,0.15837554554157351
-0.5091458716951031,-1.4015274807116305,-0.5435290018921726,-0.961734318729228,-0.7946664368480665,-0.37248406026282566,-1.3517811405370905,-1.437612454177761,-3.2168243902575497,-2.891121733898471
1.8880286062496747,-1.06942923549168,-2.4637456712828123,-0.321674150503808,1.6202832262573847,-1.0260169995431276,-1.2446915095101674,-1.2502065858753713,-0.3535617921107794,-0.25362285899641235
-0.8631414475990813,0.24385218572998357,-0.7342222290079691,-0.7810483287603793,-0.8715456652656773,-1.3885888418476302,-0.7281092445521762,-0.1378653792038637,-1.2433711748154608,-1.8074650137779553
0.038515289553682615,0.3676112480092866,1.3664766868727165,0.08904255332186631,0.43485800787698126,0.8073815641864905,0.8286103666673768,1.2410595429540523,0.7640362357294772,0.3505429552189687
-0.3107166215103861,-0.6803827084215877,0.7021177545817711,-0.5743787802990709,1.0848999165556132,0.8154096189401597,0.7563388730585212,-0.1810608295676172,0.7531801727538211,-0.2718203516964047
-1.5905102344909974,-0.14980388344593873,0.10654076731430702,-0.24602583354411328,0.3327042518866651,0.029470475823799382,-0.09673938771425677,-0.05890061618918052,0.03770093822504468,-0.4825684850952855
0.019378787383932554,-0.6741482500417897,-0.7744590259302226,0.132062998569584,-0.8052180386759212,-1.5315042114536668,-1.4305206837312883,-0.7871588233566387,-1.0364003919909843,-1.2295700635548419
1.3652377565515943,0.9066431531198696,0.28229917278767624,0.3383811037570038,0.7985630104801946,1.2968689304395613,1.893444149878425,1.0556384469645497,2.529753894512828,1.5355539903468343
1.7648433868582691,0.36046530740805427,1.129089473132538,0.0154462866472799,1.4475194388418688,0.6163037957762544,0.9615373070958999,0.7538427295034399,2.230390590070121,1.0423398666094892
-0.28778954465024187,-0.23638763873518703,-0.8374903507618359,-0.4597364164947602,-0.7530681046140101,-2.0837179999577944,-1.8313627062386901,-0.8707200898103169,-1.3355275257001924,-1.4923702814809925
0.5537312818632841,-0.5402202064912188,-0.8992556155016371,1.1076774105658076,-1.2478477299446777,-1.5425225174730042,-1.72882211155071,-0.8298936339256058,-1.261779641989425,-1.6461870801360479
-0.12131139562808313,-0.20112379815914735,0.5683251280757344,-0.21985046008443573,0.9205166496212293,0.3977997083559264,0.10398214094552743,-0.022957508114986105,0.4718916309947454,-0.09947840867666055
0.8346009522648883,1.4857937443776223,-0.7748768306529241,0.5299973926894356,-1.0580938889448586,-0.17895871332198957,-0.13412381670246862,0.2607019857911627,-0.3350149138946572,-1.6163330238523574
2.4896164864395254,-0.1202746222340423,-1.792832514256249,-1.0442784829934952,0.021514681334315583,-1.200965525923947,-1.413920545203542,-1.2765744323290713,-1.755916497291997,-1.634855568255659
-1.3811553382220951,0.9240149462233526,1.041707570287363,-0.6750872997681864,1.3881267062560836,1.543552632619351,1.4333768198243404,0.8535745759238129,0.6255911667403629,0.09433161610828725
1.6085815251229125,-1.1479743372768845,0.2971205727197718,-0.06401678935961139,0.5671437315720668,-0.6718468741095056,-0.4502510711219724,-0.8483978991465216,-0.020248799735681472,-0.3554775509259664
-0.3988193613841096,-0.9913284015651248,0.13697106947273363,-0.5493808429600657,0.24810542424276377,-1.0868922699885124,-1.4295876494636868,-0.8834308654854316,-0.9238142145119922,-1.2130383652794343
-0.03367698489119779,-0.0477821232087922,-0.2766520428421374,-0.0645835674747716,-0.4578891837252569,-1.0445992327436093,-0.9816028161968005,-0.2567459895605616,-0.8228967185064227,-1.4647880968965585
-0.689388090651401,1.9902542080191126,-0.7226211658584544,-0.7395320616237544,-0.984748178548327,-0.6974511608081767,-0.9555951690566296,0.09016257711910661,-1.178697132433987,-1.875986552206973
1.1684921628338134,1.1874723375541552,-1.344520143099885,0.5281252357348979,-0.5210423005670803,-0.11745956484028629,0.07286542417553034,0.1676342785223203,-0.09838988706401962,-1.174162759020131
0.5174732280001353,-2.0394520755248773,0.44853330480310705,0.36451079374904427,0.9248748137335625,0.1780466271916851,0.25787909011750315,-0.5928092900305955,0.4990105085699367,0.12093978492552175
0.29429118292853107,-0.5532592650822673,-0.49896365622745226,0.3129871602238264,-0.8971917328916599,-1.8223312860823322,-1.3579148814908761,-0.8684432024153318,-1.0260738502372375,-1.178259878412155
0.8182681436812446,-0.8165752077194419,-0.715970542758933,0.3827477019104586,-0.8686150499441193,-1.6027439013893556,-1.9550660386286907,-1.2715601594686596,-2.013432693422947,-1.8781760898330793
0.936306181564135,0.17532091079217182,-0.23704027751033352,0.8951354237045006,-0.3791733228669145,-0.15105467327429545,-0.12325091526804317,-0.09324702865992684,-0.07304187789508648,-0.6176663453414633
-1.424991993717252,1.3378258844081665,-0.02048537141443536,-0.45218978441813595,0.002150504568272482,1.7401049369083375,0.7360641286753065,1.0656598668896435,0.6186316721761584,-0.24807398595479216
-1.3703336117047114,0.30365468382619676,-0.7584143354431085,-0.5460641142652449,-1.2348371926805906,-0.8444408202537859,-0.6675807856455697,-0.1425218355207248,-1.0432181805811798,-1.4729566608080351
2.904783303726104,-0.1215947802971676,-0.20655002132216815,-0.6447496875711514,-0.3650534999504131,-1.083632845609253,-0.6213352848823006,-0.23339205972570762,-0.8225659692240637,-1.2303500122665287
1.8024913636132096,0.4595603454158074,-0.45917690135527056,-0.08027964009528729,-0.6167846832321471,-0.5907047400931985,-0.4616423316220137,0.06908341348155872,-0.590286507839392,-1.17404615024041
0.635552069398475,-0.10720340091401104,-0.5204947082739099,0.5819276228357806,-0.6563260331489056,-0.7533732726847484,-0.7889916620346713,-0.3868479288396857,-0.5868896072802029,-0.9481261364021111
-1.3308450573804658,0.2785140725817271,0.943971726506662,-0.5585134299357402,1.090784583787191,1.6368240836961916,0.8473021442550518,0.7114190284443093,0.9509659297483684,0.22978594275662423
-0.7628117255534657,1.744454064368715,-0.05480073613915598,-1.0513671445963941,-0.026118402399885304,1.2611690864388454,0.5126851758697814,1.409504110814851,-0.00430553119800825,-0.35179150401052184
-1.0830742414991665,0.2338522703676622,0.27266634309820287,-0.9501807409361663,0.812967604000707,0.31129682146808113,0.06932362737178477,0.08244106869970128,0.06444244158303758,-0.4390651434306142
2.3609476413534165,1.1023430975962947,0.6958108463305294,-0.6901544074838469,1.2885673331251928,1.6009807123943423,1.8825340424196413,1.050112877263935,1.8845040721114406,0.8389607349430188
0.9152458365037548,-1.7418730123325818,-0.2862747261881468,1.070221263223323,-0.5026329153185596,-1.7105936483958373,-1.837252011489102,-1.490909162399427,-0.9499512787676989,-0.6555803614063428
0.49297994279691637,1.6763603664515356,0.2719998316887938,0.7955363917654975,0.43150654853084025,1.673015119315378,2.199940303551201,1.8900797412654247,2.519526516510176,2.247007296092443
-0.939735249207404,-0.5909095394655343,-0.08055492885603992,-1.190388881175193,-0.17346714691863016,-1.772497040305221,-0.9440808772826363,-0.6551079255712722,-1.3904641082735347,-1.755763470123287
0.9297947822422736,-1.2135201372785085,-0.7334348389793334,0.6704216479827017,-0.7353451463243105,-2.453233673728781,-2.0788988706356504,-1.5630885535414527,-1.0450926981009623,-0.8030576272062709
-0.7612907954073248,1.1376541857861642,1.3341332023065295,-0.9491955238004254,0.9369278696094462,1.9855832398600795,1.055053991251049,0.7686711870443343,1.308758054942029,0.20839397504067472
2.151248039088971,1.479859366888168,0.6804373907295926,-0.5717711920619624,1.6889239083039,2.206422229183447,1.0318065313964644,0.8921655027680967,0.9784688309785106,0.21545978795396353
-1.3722443767446892,-1.4447727870949572,1.5735468899084502,-0.5360535440257455,0.10222387500488093,-0.532389415415417,-0.44546406506179453,-0.15228355471358815,-0.39800556214440785,-1.4092443987947518
-0.29296269486401477,-0.2499858811014138,0.8843929235297189,-0.4807463853174926,0.6467196261232803,0.5863281197070438,0.2555537538192322,0.16601967892077063,0.18380214179282575,-0.3234091751584254
1.0597879374078198,-0.267753231402552,0.9585063110526957,0.5275827587906371,0.7892510769523533,1.388267922602183,0.5256492532137996,0.48343916640645845,1.5708102500645635,0.708387491782094
-0.26413604451035555,0.6437114274215311,0.2124151004757369,-0.5070656416153455,0.42664375100393465,0.850803947436925,1.303109290146082,0.9989417433300912,0.4674174853683847,-0.02211820684428925
0.5354617235242857,0.8582041565014191,0.7265460595428691,0.6813636243574189,1.289579878214064,0.44265076143750043,1.0440554141480587,1.3575120414884503,3.0493565340415425,2.2694783004546615
-1.2535504082601039,-0.5263347102733112,-2.0967307845078715,-0.5935506045267204,0.1436139308397389,-1.7837726239478702,-1.229160025831097,-1.0216340251437768,-0.7660237318279962,-0.8368441448980684
0.8874845594104913,-0.8167800601210559,-0.7355417811520455,0.6409277827798684,-1.1599472385763436,-2.142664191981076,-1.7085746843080079,-1.2553184887009283,-1.295592900888359,-1.221215321849769
0.47557032673224536,0.013098183830023636,-0.7457841451003788,1.2725886015790862,-1.0604702226166587,-1.0395960922981826,-0.785691186134865,-0.3214939036467405,-0.5881315721712309,-1.4737965011897955
-1.4831356056001757,-1.6486094473946238,-0.8427858865802039,-0.4608343072299427,-0.8601836163241195,-1.6219755192699385,-1.1681496385160646,-1.3124668350303417,-1.9835605294075234,-1.859909231622706
-0.6584171171727966,-0.591767088784987,-0.40855077110095894,-0.7255653868841119,-0.7577899932292971,-1.064787514304832,-1.1151215254598246,-0.7888505687455178,-1.9442109517544457,-2.2414470478026676
-0.2784759293836243,-0.01764415063908596,0.5226186775421701,-0.48877734726206434,1.272358876783868,0.7794350723670918,0.45254208117140116,0.37893639552663866,1.2599956971450628,0.16607276977882124
0.8816716001454185,1.857280690813019,-0.011274272151360872,0.8291072293975537,-0.09394296557649297,1.5835609231910186,0.5832736482183148,0.4143619049927794,1.029840521315942,-0.07719625186111656
1.9312158005188917,0.1918503330775367,0.7826618389051736,-0.3869348421704746,0.8319355889489392,0.9198872974669566,1.0147269711538727,0.2608530403894611,0.9839196610263676,0.00825809670981139
-0.20282968509132476,-0.8660969028887431,0.6676904587866722,-0.33792157413606244,1.1185820733761382,0.22088579204694592,0.10674159180536315,-0.3278244330960488,0.3213362478368521,-0.19836901240744484
0.15860643967661342,-0.8619090317079301,0.2860638107754427,0.07474249242552461,0.33874135717696074,-0.3904269671932693,-0.33376788020770326,-0.4917179503079687,-0.04522645230989076,-0.42771983682946413
-0.5170659716468317,0.36900649946352954,0.5575919110284868,-0.8524968943890678,0.5547300815075634,1.4210978462341695,0.6838701858232904,0.7867146057301687,0.476698794772503,-0.13862020905796202
0.291994554663615,0.22591689955108712,0.0477612212969257,0.679356836471037,-0.021806857686412058,0.5989626641550028,0.27883976749871076,0.13815452267317246,0.29656019585798093,-0.2935069498285597
1.4418355473874396,1.066655035476608,1.8237381515110458,0.4569231930215503,-0.24472618364115356,1.5267134122761696,0.6039209382787315,1.110655259534376,0.6739526841833083,0.03903308074698396
0.8482877205142887,0.8468874687633022,0.9536399904925786,0.9671507975607144,0.8587109009785479,0.46574782732760295,1.8061324775897418,0.9382052155719873,2.9214455375280264,1.8891730309711787
-0.8658869684253805,0.4137470909853585,-1.1246721636559898,-1.0395266740116405,-0.667686000133084,-0.5858523477758499,-1.2583337801241192,-0.2496580881535459,-2.216055419905184,-3.208202680091278
-0.02271570078952998,-1.6801839503856013,-0.8452913135735456,-0.16745127509749452,-0.7496871991857427,-1.1184676738517467,-2.364646936010322,-1.913288777607125,-2.47476379932532,-1.6728566431074314
-0.2538130192695984,-1.0600437178183924,-1.3398084034357327,-0.492256257280299,-0.6109624678744137,-1.3844139199595866,-2.3208660841493254,-1.909645060383626,-2.20858454182276,-1.5516515121991545
0.6732199232384678,0.07607012336741893,2.8702612927505244,1.339743953488154,-0.7352543998883091,0.7815504663036563,0.9045148069084803,1.2602150144625819,1.4122385335299035,0.44770534195996375
2.7431595680832666,-2.6982369057356967,-0.08252179011352997,-0.754874830930059,-0.14823162493449502,-1.2702197478451536,-1.4781202647639855,-0.6083301325032131,-1.0708675643117913,-1.4440686122370174
-0.5998899522398381,0.47894682243615727,-0.17846158121618505,-0.6825151530203049,-0.3101605973412027,-0.6546028355650708,-0.5608945404841846,0.19628137674068166,-0.8071786338317917,-1.954737254409701
-0.6021721677513748,0.49411559790526577,-0.463504687196905,-1.0451505237860392,-0.8812998387013846,-1.3682777370895143,-1.3111463289204084,-0.19726228237748733,-1.3803040482492803,-1.9116456174351593
-0.5884362913790956,-0.812435562438655,-0.8655385077052524,-0.8380538558273777,-0.8772633087157425,-0.3512437772638967,-1.0313786279214658,-0.9801626092868636,-2.98321262790502,-3.1861526929802606
0.4576444799430251,1.1145376117456487,-0.09579435592357059,1.1486045770332247,-0.17501415036638224,0.8622326266126987,1.0894269952251348,0.8306905647748032,0.8929591822485123,0.20641797903438938
-0.5082678331803441,-0.3337874518691077,0.9922824623000293,-0.7332972977977982,1.0662796512456725,1.2619469797197649,0.848533326764658,0.34991310866554215,0.7914891707533418,-0.08356046442328104
0.5258921183906781,-0.0911292354540955,1.233278614021554,0.41271902648519104,0.6416894926873049,1.2386348865646164,1.289921331684065,0.5089835195206863,1.7949115527571833,0.7317936362436002
-0.40152063909705027,-3.3283645198672245,0.38919834296692274,-0.7145019573506345,0.6425871966717294,0.9775668512965217,1.0635142548485494,0.3618209650347519,1.0899427604734184,-0.21043114413026487
-0.19195699510303213,-0.8707411252069419,1.033166245707494,-0.3625602106075437,1.485046573584219,0.3873515718396868,0.628479500333748,-0.0802061253894791,0.8716461837486251,-0.16946342528921288
0.5245944882281756,1.6282333904985042,-0.36311097303660794,1.1966465788250544,-0.6440108231357969,1.1851185230518446,1.086050060009108,0.735297662358228,0.8776524704013514,-0.2715143973567378
-0.26700607065462645,-0.5853948843266434,-0.5620417266642767,-0.5262448879195332,-0.7475145654466026,-1.451337238692228,-1.5596563328102353,-1.024994954905199,-2.323444779519026,-2.452735386450965
0.03486186002926205,-0.29469702653478946,-0.596415232237993,0.06957957018914293,-0.9236900581542952,-0.9560453747202149,-0.9567671850552291,-0.5978417070117619,-1.7702353248503924,-2.3614008862430134
-0.5602201139810467,-2.241307641536503,0.6633051651715133,-0.6544253592731714,0.9940956611181553,0.3807316753499891,0.09720531507516549,-0.37140373577674496,0.3542797243936358,-0.48021728034541133
-0.49496489232209495,1.0468761054779094,1.064674891904938,-0.8439314073359613,1.1392452772972725,1.4916887101381908,2.0707998510001984,2.126058288659253,1.4374583182026566,1.4122119494792766
0.21961043327866026,0.2963791550850433,0.265307450383668,0.16340551830462613,0.5359499132067025,1.5382024386009998,2.033880469832073,0.8164842235738736,1.8128370710568922,0.767737677970283
-1.8818992060079083,-0.5877799798511287,0.3242427791738071,0.17566129112745751,0.2233652326342317,-0.21026726166953613,-0.1926630397782533,-0.32120795954134657,0.026753182956104557,-0.46084019740786425
0.8882665308134854,-0.008139595970599642,0.4858993370713189,0.7545488556133587,0.5525459657979168,0.8930331051764433,0.5395939040574529,0.13894143173315843,1.8967865395220924,0.7254843775359515
1.2390022680211468,-0.3901217478456836,0.33208931980219913,0.6019536882478251,0.4486029529397073,1.0664768165380536,0.6952748888605862,-0.19014298288356318,0.9035565793707174,0.10428820153109478
-0.7833740597463759,0.748256865547763,-0.14272370664645598,-1.2434723944209993,-0.43153765208079253,0.5724469101089982,0.3626531617876443,1.0225796158162874,-0.42323817197703517,-0.9358019019563109
-1.653352445538579,-0.956265527325549,1.60855679127294,-0.1294355015152546,0.33563086366144557,1.2390023930970089,0.7070393725978217,0.18501244601231978,0.5342721625804132,-0.35400900249862943
-0.2217854448834851,-0.5300960027463358,-0.13959245755719343,-0.42249479957387504,-0.2561997078828615,-1.648121015391702,-1.7606742370029673,-0.671256840178563,-1.490772697777154,-2.0060306469902045
-0.6011450482778031,0.05401117164204198,0.9511066214346771,-0.6844633758351862,1.4696013366611103,1.1438800466475314,1.881672149943173,0.8716684477702072,0.7770000103083751,0.1634709008569722
-0.038399104759858735,0.04534060998962494,-0.7746284199854635,-0.09294859160553055,-0.955083780304887,-0.9627701838653282,-1.458770955429439,-0.38411186290845584,-1.7130301185036452,-2.5044294435795367
-1.6939276008737545,-0.4669102336047422,-0.716384658180775,-0.1453957640180986,-0.7256902060522605,-1.6434975810257704,-1.0480070904581038,-0.749320485110112,-1.3506577162383067,-1.6337967941697975
-0.4673537566348329,-0.7103167406758465,-0.00045651854802272566,-0.8513148243948887,0.02093114070709284,-1.469034845483653,-1.0324703851751253,-0.5739697369644244,-1.1779199038779657,-1.7300820188203823
0.6314110408121011,0.002596768169435624,0.21038942299620148,0.5331250073621367,0.0848673894739555,1.2608236401171156,1.002360848665678,0.043824615968961096,0.8522544555800292,-0.29969555998390884
-1.4512693173446645,-1.4097774382795984,1.6530703706161702,-0.5346668261269373,0.09437995064686268,-0.46775965234330397,-0.34092172713698976,-0.16786611913458965,-0.3195113541620593,-1.383612548805449
0.17721818260714028,-0.03460949401114279,-0.590105335062343,0.64368794342863,-0.8898304423434232,-0.9880961231308782,-0.8263185625414816,-0.4010784113814684,-0.6660944294816781,-1.0197412452162982
0.8327046783199485,-1.0146416230244761,-1.1441520738699895,0.5485782781604379,-1.060100153104362,-1.4987730480107282,-2.5207614561356277,-1.8499178426045568,-2.0323187812814827,-1.2847778838182689
-0.06824018647189947,-0.4512672396406639,0.04720199568147466,-0.1355969416643225,0.3112974292551612,-0.37733402923071424,-0.32184916704792277,-0.4327702764157195,-0.08831593320799162,-0.6587498195825914
1.286155993396515,-1.3150928048852268,-1.6836128183330556,1.1381973361177065,-0.022921403708186888,-1.195734570996419,-1.2277647275238783,-1.3963424956143864,-0.2983985633453328,-0.16749476082362566
-0.08982319578383356,-0.3659890653990965,0.20078572680099918,-0.26555522897815,0.44525445492603394,-0.047710742412899104,-0.18758906220597826,-0.2803830445452078,0.22376399546989414,-0.6404522252899718
0.5618568709457733,0.0974854239406662,1.5784802968286784,1.2763322411645766,-0.01257841736525342,0.7514853344168595,0.5599701014126546,0.6350878490609878,1.605887414388058,0.5385477950669425
1.7455676870884174,0.6794572414687692,-0.8444543661954236,-0.06661755449478782,-1.2246825138604613,-0.5166678509856528,-0.4566419519851824,0.2878775495853254,-0.8667320299966452,-1.9186069200333165
-0.6236958437862962,0.24017124501162174,2.016924318722913,-0.9877051339736213,-0.593397608724036,-0.31907241291274435,-0.22326464457304834,0.7175244207681227,-0.8769467450522676,-2.11989361173091
0.057649813869444594,0.6539576587563372,-1.146399387311138,0.19051676906248982,-0.7797498072214084,-1.1548130260649931,-0.9042629727966823,-0.09371573721987819,-1.014378295519801,-2.080439689598656
-0.5612320438653886,-0.035165789867983493,0.912341992758278,-1.04652677863973,0.6413059630102708,0.6217081844198191,0.6345361934946229,0.22617706794763248,0.36539088148647436,-0.6169660329289326
0.3953478793934341,1.3114201821925724,-0.04890592517854785,1.0709526733821197,0.08103844044066244,1.0708654973783056,1.5327138346065512,1.3077851141352266,2.5121100843672157,1.6059582815952247
-2.040689875630591,0.8214846026018107,-1.1173526703828973,0.22441223544294586,-0.8624854424057379,-0.8339920544030601,-0.6426043719959932,0.004061203975048722,-0.6944247835254947,-1.4114148317440336
-0.7588144999273592,-0.5019958111236771,1.1655716664886735,-0.7522829233212567,0.7758781813168308,0.15577160004840057,0.2354098388783209,0.3280475586221931,0.257121018244172,-0.2826638369091529
0.33529996717786625,0.20410423787253903,0.23357466545952318,1.026970294885737,0.5248997546740078,1.5308080670357962,1.6004653695455227,0.4618259510170388,2.1149492481576013,1.0243239746423627
-0.04413508557841817,0.5815599939117198,0.20856483524567448,-0.0275251731689716,0.4479924774081919,1.1039568077224948,0.8043403929294192,1.1082873682170393,0.855069470631018,0.34235499918681667
-2.0528235541489064,-0.11013141088951231,-0.19133361829743312,0.24794340482535923,-0.31562282117234286,-0.5025223091143041,-0.423855042982392,-0.21722559979909328,-0.39998970647010573,-0.9495109614642588
0.2979743829189914,-0.28934564078693137,1.3789721619709006,0.880054935081439,0.8565927989667174,1.2787326212215446,0.3811587877211246,0.2380467932333684,1.2055175736718438,0.5492642276967379
-0.951697025510942,-0.9333509431238501,0.08135840929327157,-0.8162951840124736,0.10138659458261493,-0.8803953998518015,-1.068539609691868,-0.5844850493712468,-0.8103190719084372,-1.1991660100764836
-0.08369533844863901,-0.9386299935603167,0.6857932232917345,-0.15191167293951738,0.693959521838245,0.33036168767437224,0.07898879133984832,-0.4020920817968947,0.3856227632238405,-0.27690951309811385
-0.25004714419527135,-0.043424057691269835,1.6043678842437132,-0.48405969719635933,-0.08109264021764247,1.01467443011858,0.49240722813595433,1.1104242554490695,0.24840188253849477,-0.31524423650341615
0.04631847486702139,0.8706912153192874,-1.1917547945879758,0.013290655830573803,-0.6964753334793463,-0.6263289336907849,-0.5019280945495252,-0.07658530498687056,-0.6981002425932623,-1.138667691929164
-0.6101806265162056,0.34671843161263716,0.4938566692303024,-0.7366350769604355,0.33685316168407864,0.8123190865277496,0.8073760189736847,0.6610623710417469,0.30247158663937623,-0.33949393068503664
0.6385080378343804,0.21377983664151318,0.12447716516096194,1.4756933329608335,0.39565202109306863,0.38483789798938206,1.0781252324148516,0.15208112133544655,1.7566263672108038,0.7699002206308374
-0.44588376496756027,-0.4323531291597073,1.491722447178251,-0.6645707310686529,0.1151009368998712,0.7857945072877887,0.6081334019973101,0.4437739277947538,0.24111832387918505,-0.9643548615673581
0.16652040660965872,1.6450810184181135,-0.6934627132297032,0.10881441493971605,-0.7500347044878671,0.5719615767077668,0.8009933994262725,0.9112591159007007,-0.010271788707590816,-0.8570963371885121
0.21678094219394317,-0.9562065716723305,0.7695801896859777,0.665907334399415,0.5728047897821832,0.521717642817944,0.21771078136201566,-0.3517268409457714,0.59568445021139,0.097871107063174
1.7929606253281474,-0.5768334821436262,0.16923519976226137,-0.1427351458778285,0.2581428120263427,-0.531825753614808,-0.4893488466718165,-0.4791271793324571,-0.19602591844344447,-0.7814621027330907
1.0137540099211242,1.9404368596195656,-1.2851782608485882,1.6002346393184066,-0.837742221225736,1.0106639056286446,0.6233239308600538,0.5029558070035116,0.7828171247040197,-0.5000378674303945
1.5490304480819228,-2.1179739360816567,0.5421713690732345,-0.05176852644549346,1.1531545596173258,0.005997829408764747,0.12276853155373561,-0.509819965394545,0.39367878587293686,-0.05615368175995837
-0.023786267432714166,0.6491332644038942,-1.5302646792536017,-0.04417470343280471,-0.3094884965248622,-0.8933473719978987,-0.7317581735190211,-0.21844637956442028,-0.7620856637783981,-1.7466250986207283
0.4144081750686687,-0.19752129273952285,1.325366345333127,0.2012658191032955,0.21853296240244885,1.5099707232048591,0.8219409630309769,0.6814489813295946,1.5348510321359832,0.2995146359696733
-1.827076754186115,-1.9512837489821835,0.6671328708981087,0.012836394631024428,0.6481395498457544,0.05791156119186346,-0.028869873279527676,-0.5607713420085191,0.3975180189252399,-0.21202217348366667
1.0483771293292339,-0.9753040631309361,0.95155303310223,1.3201773419605245,1.6162085801409658,0.7758095530395233,0.7058310953235574,-0.25216158146559875,0.8598979020026839,0.3860633813438358
-0.7240863116169628,-1.8602352738107755,-1.1172470631730202,-0.7683071809640911,-0.6805419111040373,-0.9492535612698926,-1.6629557210888024,-1.2167476735783036,-2.7349636144360505,-2.6657001574526222
-2.083296578141098,0.056332601403435954,-0.3968664851283197,0.7616298333593192,-0.7928746453241982,-0.9199643714717459,-0.5224619783846272,-0.19281025415671416,-0.635243315030785,-1.5715266059150754
-1.7202233921684011,-0.8242788043334555,-0.9177442187375863,-0.0004381014275906068,-1.0588715309677008,-1.3128025081221195,-1.1761134712628043,-1.4894397887150999,-1.3152135990373937,-1.1500316887273483
-2.1225565565604523,-0.8847140564862427,0.4597296592225069,0.5848189091344337,0.4004860634220143,-0.25192479451591676,-0.05222377833054244,-0.49649257316153683,0.24715865338538945,-0.1312728579340371
1.6792411686601996,-1.3547374528588834,-1.3567934385180043,0.21520925891195136,-0.5660753625337832,-2.2842354299549905,-2.484363103435024,-2.243673791808678,-1.498360827844579,-0.6374114105168753
-0.06439663249605351,-1.077675947872689,0.6686371033899078,-0.12086361400480285,1.4174330734796674,-0.32146329742486907,-0.25481476071637393,-0.408709209767702,-0.00920581334403231,-0.33838775025676515
-0.2856717839823662,0.826861670917996,-1.2446634426585743,-0.4924924374973219,-0.6011294124632431,-0.6500154800177567,-0.6957206820574987,0.055678063040601834,-0.9493680101320318,-1.7189425662371187
1.84251739448003,-0.046838585627289056,-1.4654096540243318,-0.2093011348542399,-0.4595340074309032,-1.2702419881356963,-1.132627371692866,-0.8693545140109463,-1.880874305205943,-2.213084475200755
-0.7560231471704597,-0.3256473257939239,0.28915618712180774,-1.128602310629233,0.7692792722687414,0.0929808602034878,0.0643696733052514,-0.05103495536860289,0.09337636606811686,-0.6758042877718314
-1.3206813824776344,-0.9045512860052513,-1.058201080596518,-0.7379368231625273,-0.8087048151902902,-0.9164415813136099,-1.7244118254734644,-1.1603924314144771,-2.6812298249691446,-2.674009401505227
0.20751123832185925,-0.974374727762386,2.0432678573226366,0.1694881126637992,-0.6735442122236317,-0.3737423812706058,-0.3155865349568195,0.18906418170689365,-0.5110159294859332,-1.7637304197681183
-0.2079993003318461,1.2549874026999364,-1.8984517380315993,-0.3794359173329026,0.6432737064400962,0.3328297475107499,1.1186075256413721,0.05791423161226062,0.6590713266389695,-0.286024700841454
0.3022984660084242,1.0089863942092636,0.0647064808470053,0.2244426244316855,-0.016067105004845247,1.554678573370982,1.4428670965914687,1.3732191798353481,0.3358753906535488,-0.0061513281939018505
-0.2905842662877126,1.7107747066014205,0.5601349405402355,-0.5590922662925101,0.4054065325700304,0.7751284646691506,1.2966517084458644,0.6031905521595969,0.8487530190077684,-0.2279554374038904
0.3863653190741416,-0.9212001101761692,-0.8460568439434877,0.41364726339226765,-1.2537164292092402,-2.0942123425701222,-1.3819218985960295,-1.2732091218918693,-1.942421023486391,-1.8163724006616535
-0.46348140221374334,0.5037060885507918,1.1337764069452025,-0.8942774113895627,0.8088094064789423,1.1883842371707571,1.0362443784716588,1.4552073094445381,1.357671261615278,0.7668841771999386
2.5619796873229723,-0.4419315765008415,0.26199487090700824,-0.886857281851824,0.3828554594553676,-0.5212606657564596,-0.49933478061867836,-0.25642751871910835,-0.3444693731291122,-1.1460171123819194
-0.37270991142782456,0.13019959968200895,-0.25740066338003803,-0.5672251261073461,-0.5107474649363098,-1.0131090992033394,-0.776818977943519,-0.07584608773939394,-1.3845236178705085,-2.495816652492636
-0.6464446599521844,0.26778785766826935,0.036096580270713684,-0.7989184396850173,0.05501754840049471,-0.26040151628410946,-0.1825609933247148,0.13340879888082496,-0.3100731847098997,-0.9452091657958253
-0.21224974373089547,0.35870878605599893,-0.7778675090408328,-0.3807013070904931,-1.0474660501570774,-0.9723487252164291,-1.0595236759245559,-0.12400002197575784,-1.3196338307550743,-2.0458128100446817
0.5341057058072645,0.6537720219072838,1.278186194703852,1.2670805335082196,0.6856286475327374,0.5031668575258829,1.8086706830383952,0.7477107967445014,2.8159434901448352,1.7144215906275209
0.026542055272900756,0.2868502187260954,-0.42367199215010803,-0.009962563385242817,-0.7999651930744421,-0.682084095906712,-0.8297698470525239,0.048951918813803806,-1.0381843860603719,-2.1804760996418038
0.4636426497463097,-0.9528220011573247,-1.075942489446342,0.365858718614212,-0.7364577655611024,-1.3802057402654324,-2.1161529734948012,-1.201098962772733,-1.4660549427727962,-1.4255941715850005
1.0807700542229488,0.1326359905990804,1.368838511017915,1.1157119462116112,1.0719998331652345,0.9572665375818522,0.9437050107128931,0.38905254499357633,2.2271865017854195,1.2499862637886756
-1.0853373619256705,0.11961035938976047,-0.331123471082463,-0.8718748208059013,-0.6650519092631761,-1.122743012092135,-1.100636390776451,-0.038668482051132186,-1.8069299872368116,-2.923536284111225
-0.8109580110342619,-1.7446888416769473,-0.8331015182663872,-1.088294829758828,-1.2434227157103568,-0.772937734630359,-1.6991248079438377,-1.0866834132850725,-2.7364959426690745,-2.799333304580531
0.09812805139502805,0.10689126407337286,0.4406055980210729,0.19846621599762018,0.5718709031295943,0.5997860891170599,0.4405389960251049,0.33085470376233483,0.5170519322123561,-0.013756334861727337
-1.1466761192051127,-0.7281663248077005,0.7901051830829784,-0.864523658751344,0.5705312912088226,-0.36053926209145304,-0.2725081263793102,-0.19599918887229947,-0.1722184724995277,-0.6084336134431373
0.22336433686958931,-1.0366854707019457,1.249486814223241,0.7027852801445664,0.82601712624255,1.1646820230600214,1.429895195365394,-0.032667934665099096,1.941995151574015,0.8495938603703818
1.343793940567282,-0.3323691704193185,-0.4154803839165335,0.8717961784442927,-0.827908356391796,-1.3704065153367264,-0.6993579548742617,-0.5223896366794711,-0.7516184302935764,-1.2225266190359136
0.7424451635005624,-1.219549770106465,1.0491249422229931,0.5778563982799146,1.3961433637332508,1.0945695555133899,0.9010378708015938,-0.30646098007253686,1.3910842012103481,0.5641348302693238
0.5272189394350789,0.5341762259871606,1.421451013641653,0.3161786133696007,0.7952080944923468,1.96694239941807,1.494948244268658,0.9798614402369952,1.40032640771631,0.7704377906774547
1.3775921582951516,0.14155536663039356,1.4203556911704756,0.4134196222954181,0.36111893926518446,1.2378937530015874,1.3589152072512731,1.0658127137609181,2.024081941559826,1.058825960856945
-0.1717238820574454,-1.3330134549600838,-2.042417173968095,-0.3217884053866037,0.4725514807159117,-1.4069496010874254,-1.423802494494354,-2.1048768580849506,-0.48587594916757276,-0.07225195695512365
-0.8975527689896986,-0.0378707259664792,0.681656300942681,-0.856106246424518,1.5046048032200723,1.1823084953371887,0.626798192358305,0.38596365193000415,0.8586701695156366,-0.21595761489593146
0.2443680709785853,-0.3048477652644336,0.38444193457603076,0.6374949554459669,0.5876348880722974,0.20796179953560454,0.029688113455675624,-0.14985628322347916,0.45117601480083436,0.0067197632554515385
-0.001156775652574074,-0.4732498529764978,-0.28088108488092556,0.14902548039369948,-0.5353370315763307,-1.50646860865898,-1.0203280369403724,-0.6422298656015035,-0.9200831776464699,-1.245425894861024
1.0355096564165303,1.9944491579544537,0.07681768890291175,0.5650664771188778,0.1550264450170161,1.284671047510186,0.5982130228146144,0.9311945721118927,0.5879628941811905,0.11013039718565742
0.3994001007513493,0.21784529044003545,0.6063087133725993,0.3953544473907976,1.0919635329989268,0.7484504846298197,0.6909423509327369,0.5077217531473455,0.8625374098631435,0.3247328827943329
0.277215975467622,-0.6232433373372829,-0.07709434320185404,0.4410957182074511,-0.21045440591962472,-0.8014400823095067,-1.0472127094197798,-0.6086322057530617,-0.6020368642041176,-1.2053971433587538
-0.32927637265045634,1.2110719242581556,-0.031969813117661096,-0.6242372245461141,0.012864278697389042,0.24387830281820563,0.4321013492935146,0.65223302481196,0.15063403440136075,-0.6993763741361579
-0.7867304279973042,-0.14113528772863193,2.327029435404095,-0.8502630355220382,-1.106218376609358,-0.3298896186571577,-0.21548148520561944,0.6022133788305553,-0.7530121648409136,-1.3145302750945251
-0.5054428160951292,1.5187549290493068,0.6480582325393428,-0.6562903617426089,1.4310160209894978,2.1476157894178893,2.1951203242174584,1.9492698898435714,0.6824744285996869,0.5797411609879092
0.18921408463574876,-1.7433311240063905,-0.27365704407895425,0.5059423922984065,-0.4923064868787292,-1.2399117872017127,-1.7201908255403229,-1.3523380540961392,-1.2870939269902895,-1.105447041620185
0.3951024357334838,0.21577894346555213,2.5815070061049976,0.7938662921766121,-0.7431025614567249,1.5918947747892362,0.470479425684622,1.5249348364244923,0.34562547732929966,0.007296864692256877
-1.0657736154650315,0.19833206124794367,0.037816767128740277,-1.1643528198648936,-0.1125245486047016,-0.8853633548459091,-0.7492752399534086,-0.09095780922223418,-1.1624102173852353,-2.152948130896595
3.069938827111326,1.1496148484768594,0.5115901283696409,-0.5222022677200426,0.7214635765776469,1.8053638474806282,1.681695356083311,1.2686638344445151,0.7445104153231407,0.3226559537868774
0.8916497886964531,-2.104482148363509,-0.06242599894413952,1.2948295443353854,-0.08347468331091037,-0.9646949737248699,-0.6831875050719954,-1.146204873061238,-0.19988766508275485,-0.2078633647075102
-0.026005265887349752,-1.589413340948346,0.003018586809811415,-0.011221805577173838,-0.058028347190601105,-1.7962719627828723,-1.2706546116430524,-0.7668161837880217,-0.908394321541169,-1.3478594976697842
0.14861528956677109,-1.2884672200722245,-0.8533334790718526,0.11857770863914616,-1.2475791880626539,-1.6697952621523284,-1.3136298134859485,-1.840288091816677,-2.0826624336413087,-1.4648113012629915
-0.28316346592932595,0.7695230247788704,-0.2396278650128495,-0.4316374872342291,-0.38333249042792095,0.1932751971333248,0.32482808974371824,0.5976815764953896,-0.2519960790981055,-1.0856545563850846
-0.44181634680743653,0.6198441829046137,0.9735055671011206,-0.6031987328037095,1.2471991408624554,1.2576973252499888,0.7989454807897529,0.7242102298376311,0.7169337191656502,0.12113911145369531
-1.2480279136943997,-0.168165259424467,0.5598700377888385,-0.615505232841203,1.2247267853788268,1.2011300656918156,0.8474593876301375,0.5805910271815191,0.8910963442347212,0.12381799543737693
-0.32389135795704416,-1.1517283440070174,0.07069756726850251,-0.61792454923162,-0.04507327670242953,-1.1725008932035705,-1.2464195448253,-0.8295181424564936,-0.9507530065483886,-1.1574007122329526
1.4039761787324117,-0.264159061433072,-0.3918694893747603,0.5879752008937549,-0.7864517158890525,-1.642775451017011,-1.0198073289142853,-0.47564903938543956,-1.035093400724176,-1.68640274445254
0.7524206838566041,-1.4114078233611569,-0.5271296211253055,0.3790671622070654,-0.943490093808457,-2.5712284619474435,-1.1751000003922258,-1.6731290289462253,-1.2487409824959248,-0.9512277022465613
-0.49026302212390904,0.3635596731670704,-0.08482218515406628,-0.8372655925927708,-0.14340133631671168,-0.6044984290334654,-0.5509542188766157,0.08698565143969084,-0.7574532131559174,-1.7934167152485883
0.6983903350761661,0.7214263509364838,-2.227837394644017,0.36722351024309585,0.4140188622542328,0.4176865719122098,0.3665399494166018,-0.3526529645227027,0.8000705147893254,-0.09058863387692348
-1.2396495300922006,0.9126524431351375,0.32156642582749567,-0.8287407110137779,0.6617580084969704,2.530383155056057,2.0664818029829712,1.2801569800054766,0.9939332893156648,0.40365613400777045
0.14095482142004395,-0.7911392892242309,-1.3915757725879283,0.510079939818503,-0.49761863577300564,-1.5247426960485242,-1.832905937152851,-1.3064680285237653,-0.9351419322230158,-0.8421879000656588
0.45055776088046356,0.7796637455617295,-1.0268987627672053,0.9903328578085063,-0.7111538534955228,-0.15828556927938775,-0.09910982874150427,0.06404943397460203,-0.13402765989581597,-0.8596438211464221
1.0730129064991412,-0.8405581394861897,-1.9705594311479657,1.1382316104301156,0.5477747545330528,-0.30386719426746867,-0.3502059025300287,-1.558868471253775,0.5607394304355318,0.9935108362446112
-1.2786210580677426,2.7842290805523375,-0.7042630451596095,-0.7987726197422275,-1.1994300590783917,-0.642788639301751,-0.8275432598119209,-0.12483435894591113,-2.007914420628584,-2.962018376715293
0.5792499176842829,0.4772637794572442,0.790274531061864,0.37222784397667164,1.4501954526157625,0.52844887700639,0.9111094777788491,0.5333048720680003,0.807655988151594,0.2751993413239552
0.9552211554455944,-1.5605750615752705,-1.3556807032112468,0.6711246375866629,-0.498826722682102,-2.1833904977191487,-1.3228734234443074,-1.8947672233994803,-1.0778914876635348,-0.5287278348462938
-1.3741568442179701,1.129201978483589,-0.02091847493465099,-0.679390914339884,-0.1535585925526927,0.8341766560648749,1.3334179132974415,1.0447804650560584,0.33743951214260504,-0.7344774133442531
-1.5990335752360723,0.4673466949886616,1.293143683353461,-0.2563845158859186,1.0214400728209942,1.3866997557925187,1.685044714145252,0.7872586698558421,0.7068230562707178,0.19168784180849593
-0.10636627171382619,-0.46994048428706553,0.4539180327597513,-0.1991829935346307,0.559309639400447,0.056811860175067175,0.16340320480165005,-0.38348341536019726,0.3983311984511152,-0.4521597576282653
-0.8020332029196366,0.1825586959478893,-1.6634537315153362,-0.7490868739567207,-0.04229566326811316,-1.161673145896888,-1.8241547614994649,-0.8053800407038741,-1.421318337544919,-1.7682430854397864
0.19501827805244934,2.7801660419390863,0.9169366383696297,0.1971136770677823,0.40878023320768975,1.7733772053926762,2.2001905028981863,1.4834498917484962,1.8629042712853674,1.257168020562289
-2.051091199683963,-0.29692566034826234,0.3099350604031267,0.5036660838263857,0.5855175416452417,0.43767208898234716,0.5374237459795412,-0.11668288259023606,0.4467366899164316,-0.019016080182395784
0.6075803003071718,-0.08855740189166206,0.9107628512910659,1.2629835730397707,0.7651363448853316,1.2497559653996935,0.9296540268734284,0.08678246643299001,0.7218099572344683,0.25015628537299056
0.021678554914642507,0.1778203092940789,0.284046821594342,0.0399671271924943,0.8455674467158698,0.8970250044991592,1.4893551322457452,0.6439200404751853,2.337254776794829,1.0446136474081473
0.17326294998110625,-1.6511954137152496,0.6844151998063144,0.004671139251797379,0.7688182705244508,-0.29267403694815,-0.1984376078967046,-0.5131616570632722,0.13465247493025276,-0.19534108636102138
0.6401145604952918,-0.6787511679729216,0.3070337404157917,0.9881967205616339,0.7941560666376912,0.19618068559882595,0.2914912003939002,-0.44536055074117775,0.4767450951563873,0.14538161427045046
0.1890050612324131,0.7523414237696333,-1.3034016540345634,0.22436783828357973,-0.565944259653075,-0.7750884640271825,-0.5363057474564095,-0.09170897036203482,-0.693345118848494,-1.6092685211783841
0.37296967365227823,-0.5929992831327954,-0.3860314784117485,0.2608321503254719,-0.7740102555287299,-2.1355048262067933,-1.042852753447363,-0.9425996099471866,-1.398187867833687,-1.5705704639654876
-0.06611352051750942,1.0180793244689668,0.45751828351731827,-0.25343973730904673,0.19383535950524625,1.9053578662417734,0.9636413309035231,0.8502192657798785,0.6335709122527757,-0.0882298182832906
0.46967680957790636,0.10708406931907012,-0.07858576884044821,0.25262937720306344,-0.11339939911968545,0.33814981598549054,0.09153998536912233,0.23992233435488358,0.421097475080748,-0.7533399664441609
1.3718995735791752,-1.4810585494858848,0.37199027728426215,0.21840010044653466,0.7640350943121946,0.012011141742370335,-0.13837123583390182,-0.6435475884404516,0.5678822862255962,0.05881834331985511
-0.685259431578469,-0.9605483227921936,0.31283573945768745,-1.1858767206514997,0.7944947442187194,-1.0351562220897417,-0.6597697313700486,-0.6343835470252758,-0.4229934203002505,-0.6719565981496036
0.6955237017056809,-0.9914232760019314,-0.9789851468825832,1.113294967423761,-1.1252463290275476,-1.5009478986259888,-1.4338518968429288,-1.389957514870089,-1.5932297548303846,-1.3209607961102998
1.254740897542909,-0.5973003948035672,-0.8209090549259096,0.46912179374522134,-0.7547034420412587,-1.2902626394716565,-0.9686627864981453,-0.7923836179513024,-1.2112100862824589,-1.5184090248968856
0.2663605076761887,1.2432476336580898,0.8859349463091809,0.6803658254872648,1.0725169546688993,0.29643617533494404,1.7953528487836152,1.2658994027529031,2.8446677612827194,2.0414233225675327
-0.49411076440095053,0.25540644875884816,-0.06661422343727623,-0.610413018859268,-0.13248206149046354,-0.4752300743368857,-0.35626602495016135,0.10445145759060817,-0.5606377606456492,-1.7197748765235021
-1.020410200578173,0.2384988798216622,0.9932975290905834,-0.880864863776141,0.8164809052521322,0.7573972350895579,0.9800473104721905,0.39849692535222236,0.4418252189481141,-0.23360293432928614
-1.468999467571088,-0.3462212608297864,-0.7069822567580007,-0.40444339761009584,-0.8772075398124043,-1.3176398592228653,-1.7280133796680985,-0.7768329195419567,-1.8478909788314681,-2.162335235300876
1.3371278378553497,-0.2604602802909226,-0.1435518587961588,0.635772197437682,-0.2712392402456817,-0.32785942793760403,-0.25750435162449686,-0.25349297638182855,-0.12474346750565701,-1.0479535335379
-1.3740383438701598,-0.44984713201997223,-0.44428585186966396,-0.5651934457572683,-0.5765313090396323,-1.613880523992504,-1.7699722136993352,-0.6407848397795234,-1.9383008716220385,-2.4504285223726483
0.9088107348928902,-1.6552407652627554,0.523321009719114,0.2916727389722556,0.29689692110041765,-0.33639171244926186,-0.25706756084296656,-0.5479421816674834,0.04765899180664163,-0.3768871708024472
1.1924563194384221,-0.04549659029831182,0.7083790991776158,0.5466942874459475,1.3644471029415002,1.125782062328591,0.8611999482833729,0.6984239524214663,1.8409689298181697,0.988647318230995
-1.004885376122164,-0.28553176404165803,0.9600087355222687,-0.8550637805490519,0.8366532490866309,1.182189603365548,1.1315840564817747,0.5446574130688111,0.6151602119909184,-0.11151008796890599
-1.9620676845816238,-0.48230564691529537,-0.09286961526817841,0.6660694250667383,-0.20807349984109463,-0.8694708342567663,-0.626423863237121,-0.5207205373646958,-0.304241539651218,-1.0027493282597622
2.090587438711427,-0.6314135124283784,-0.013413564465909501,-0.5994269761304178,0.046665015164260956,-1.9058498026244406,-1.4453202000223655,-0.6895173109138621,-1.1464508524497643,-1.645056767765348
0.9454792958727584,1.6068218691534863,-1.139843022127629,0.7767078300701994,-1.069803486466604,-0.1575697619257228,-0.032276169027897955,0.2273761165319831,-0.2513951492170287,-1.4323501605075872
0.034205886980838575,1.239302132018946,-0.29687235887991825,-0.0885614934425725,-0.47274413824006467,2.2046327172328257,2.056209845457873,1.2708999889667432,0.7020047607145126,-0.28273696109942725
0.35317146981025094,-0.9607973632744345,0.5099862691919165,0.6288079674257067,0.7950429004335509,0.7011645589587211,0.6150555764114083,-0.4919123245191674,1.2544169417248276,0.5295816994468581
-0.038319555246968916,-1.67342644165132,-0.374409753123839,-0.05527544644298446,-0.7535854151662958,-1.4332930052254447,-1.501496512644593,-1.575726103228924,-2.2168113070003175,-1.7880958947580226
-1.5485277517190876,-1.0716868870329443,0.20324649850687024,-0.29819533719372115,0.6510299327389019,-0.343958647561571,-0.3221422767386231,-0.583980613557515,0.05256961021025139,-0.4484519505740466
0.270123716425628,-1.1083079805911698,-0.24056138497311716,0.7317352649468503,-0.47572967243188163,-1.7492648240361572,-0.912695991658637,-0.916458493316464,-0.7234190396873301,-0.8786182243300391
2.24795377399239,-2.08898393381981,1.7432517318921552,-0.639821012417387,-0.28523141203780594,-0.6458593092331136,-0.4968601473603742,-0.0562497898908578,-0.6998394031071491,-1.14373500786819
-1.308397407837661,0.600815961123021,-0.7046747269744218,-0.8128627515128086,-0.7225753923866919,-0.8322343299695394,-1.131091939032763,0.06557513368766069,-1.4879450248441086,-2.469402920496485
1.0644681007437737,1.37876713843045,-1.3909710707737384,1.4967531224157158,-0.5392420580980164,0.4755829095919466,0.7245781856046253,0.2333848995652085,0.2852043935579149,-0.41852447716771196
1.9987174986685041,-1.385429393467344,-1.121178481594676,-0.5388429337115668,-0.9604705980380833,-1.0343385878437121,-2.2896307776381066,-1.5547936170622942,-2.312543770845879,-1.974472170774554
-0.03786187894556893,-0.3590359928572178,-1.5367282813854757,0.08449231678145391,-0.3803739213632129,-1.5958918284679426,-1.8080059278173786,-1.0170450882859148,-1.5224787935888635,-1.6723675173572887
-0.8363550354419634,0.3450632784617147,1.0635202671333408,-1.0198103700350971,1.4362734438577334,1.41103815917727,0.7441518072855337,0.8548649146340606,0.8672243527533194,0.09993294192296329
-0.6202422600637956,0.8861654312310154,0.18798334589798482,-1.0280227510628144,0.12731381342571485,0.7358095470540795,1.2351874642941456,0.9673863313931693,0.49431194832047287,-0.5962160726475285
0.36565104626792083,-0.8266060790828402,-0.49816202703673335,0.4466583071474845,-0.6346673282597126,-1.567565867095164,-1.4381850527745337,-1.297879791381575,-1.8059692990592848,-1.6310805723205692
0.3341310849236503,-0.9111690326582267,0.7111032484170775,0.5633819151091316,1.5339256077019576,0.08920768484935879,-0.048407472990194406,-0.3652361860047959,0.41818803134555804,0.04240003032654194
1.3865432387136392,-1.5172996348274714,-0.9476105510368641,0.570593954262195,-1.2280898389667085,-1.208527585243403,-1.6543894434280622,-2.0039772328099557,-2.0349985687086884,-1.0936385124872612
1.7977891482122337,0.7500823161468454,2.2461066772875395,-0.09075555295026197,-1.0302574038084276,0.6862959366749317,0.4841115653526986,1.1089956337516969,-0.18266730601278464,-0.8757089873389141
-0.7570542851638034,-0.3267074368829764,1.8589976423048975,-1.2274651379697883,-0.27500110130517896,-0.2800381048537036,-0.19092056246939076,0.5876800716399148,-0.6898701227327487,-1.8900194567825057
-0.7623264879052534,0.7257325047540312,0.07401955324326386,-0.9809773752728815,0.28788742883151514,1.308962192546919,0.5422488095477693,0.9247254347671537,0.14510580494794775,-0.3488819407784848
-1.334004712242008,-0.10882053071586294,1.292863693546612,-0.5327569863058769,0.9662859360889334,2.1149288954123207,1.3411046351486626,0.8524345748106821,1.7522011190421136,0.6547067497210657
-0.24129198587139813,0.766454024673708,-0.7857002465063989,-0.38930792579210005,-0.8776336030555373,-0.3323030315402423,-0.1754644765437359,0.5256217506649289,-0.7258109835816723,-1.657005445774238
-2.132809464996447,-1.777560909669373,-0.08882515138235687,0.9073621461328004,-0.1567533314578557,-1.075427727369881,-0.5810344222411241,-0.797913030901324,-0.2943015209620024,-0.5039619405166211
-0.8666651834815975,-0.6181672415010941,0.32669108628847243,-1.0023984727174418,0.9857140268144606,-0.4124103961333661,-0.3109812664290656,-0.39836723965806103,-0.09397589178438041,-0.5480309514752589
-0.450072899686961,1.4333797991069197,-0.1310451519996963,-0.5783066733323804,-0.2021295815637671,0.9767399909546857,1.188941480765663,1.054966894428639,0.32230141287252834,-0.7168719973088628
1.164737392332294,-0.4242911836399862,0.7280628677911432,0.30007198596691576,1.0644923212885342,1.2861417058801872,1.5278732131163717,0.2072526608360588,1.0492184109868734,0.35565054557451975
-0.36375284751718,-0.1336832394002731,-0.8952018164806425,-0.5156790165651929,-1.0887847366913759,-1.089738751816932,-1.7627082127471605,-0.7842271552875273,-2.0109028419631443,-2.322569449393421
0.8958125603179707,-1.2368675843441552,2.0231683437667676,1.0303792379246954,-0.46099634452875554,-0.26477440531029833,-0.00418655437677834,-0.00980178540514062,0.06514188443158359,-0.7361465353229183
0.6588103571508481,-1.1349158450746422,-0.9141710839756746,1.2453535505103595,-0.8396787758767461,-2.435163337760522,-1.2568547498967497,-1.835763499950391,-1.427047090490118,-0.6686151755235787
-0.5460022572886143,1.0676127411461231,0.4048505081226876,-0.9268123419602221,0.9295652876881946,2.6579874273423147,0.7498714899375047,0.9496225654914792,1.1053781880202282,0.28862622206780736
-0.22045837777090158,-0.3953538190171372,-1.206662796157966,-0.42727044210500853,-0.626245398307557,-1.1474554533743193,-1.8410230982389448,-0.9468527352145986,-1.342638848457843,-1.4654926717588248
1.317657110163131,0.16544943431323048,0.031076238304329845,0.2603917243785009,0.07997627341139252,0.8055604681886334,0.7027785311850636,0.22105074491827012,0.3326145086227474,-0.35373723098278526
0.4160621866812687,0.4429461154874529,0.8212935165754542,0.2831565477939858,0.40968996122481854,1.6723163295728691,1.0475001018898684,1.4352799289560165,1.4838303709514653,0.9719850039335589
-1.0536084921654776,0.07239914369723043,0.06293883599786247,-0.7495006346644792,0.22694339681039427,-0.29281714847487406,-0.22294240905609575,-0.029904913033487038,-0.22995248417542444,-0.8708136241954078
-0.7088939518315329,0.13646727083990334,0.0240297553423751,-0.8877562999995331,0.18851153497426643,0.04261079308553792,-0.01836476691717101,0.2889742413301544,0.030547880953957482,-1.190732847530867
1.0915641885942426,0.1106405080243874,0.6223533291135459,1.24105334207443,0.7037778726253293,0.3144459253388317,0.7632659292210788,0.5419390063010486,2.978888718005501,1.7178000946831031
0.9598581449398033,-0.3112160224448217,-0.32834041511878626,0.462118067042657,-0.4976316626828654,-1.0530812956704403,-1.1583403519059685,-0.5182215583797353,-0.9379619803983331,-1.624793484154092
-0.34639769609965093,-1.412017060626353,0.6925515521728377,-0.6116556255271336,1.1087559479320845,-0.2543247902290705,-0.25290276158074637,-0.6056342652732973,0.1374158169896085,-0.4614570796702221
-0.9761600108356452,1.1904613766885308,0.8347611130450572,-1.2225948388020145,0.6621367852393055,2.500066900432478,0.7700158981590691,1.5608857322991678,1.1020077119955216,0.5818964307128364
0.2413888934683403,0.10696221962137717,-2.1902906518222744,0.3183172195708252,0.7611298790714687,-0.49334898546996175,-0.49331041590482005,-1.0230795387011615,0.15960437073553244,0.06778072669048975
-0.8460254341642423,-1.0218950802184006,1.6102307524867445,-1.166271674222496,0.4661701940300199,-0.22769533115816148,-0.1983472483587761,-0.047340046297514114,-0.1847042117780777,-0.9855073680968844
-1.3712895770156956,-0.09686898873638985,-1.014226258422127,-0.6965931249525023,-1.1960064272271418,-1.0879656287171326,-1.021030742974766,-0.8086345048452159,-2.0260093105925323,-2.2996109750745477
-0.6976572325557332,0.027386331937310483,-0.14727618254785343,-1.0225800977026063,-0.2701469343480783,-0.6958775949068982,-0.5490761235022783,0.0010126089766448187,-0.7499070082273895,-1.2316976539895805
0.5172391167267468,-2.1246112663449686,-1.6564642880933844,0.2104389947431119,-0.09067959939535765,-1.5948239162242943,-1.371173709202144,-2.155754273260519,-0.7723435009940948,-0.13459412467177456
-1.817690862955775,-0.5448458062924558,-0.0865652643949184,0.19101540974531822,-0.12668119896049748,-0.894821946902466,-1.2002063458023422,-0.6527651573301789,-0.7057166753515448,-1.2235608844677104
0.5161676351853508,-0.3275568102021631,-0.07498436746812076,0.694008658129812,-0.12319542790715807,-0.4502039019473647,-0.42585644243285437,-0.3836463489235243,-0.2036900660126544,-0.5568023145800762
-0.07049100821652957,-0.009869143548209157,0.3199602188678497,-0.059965969979873954,0.47598873121203955,0.7870575853446025,0.8838707275639561,0.0995415054628128,0.7663942742809841,-0.19349002027880802
1.4878833786441743,1.3705880563920658,-0.7187919262301132,0.815734275862382,-0.74402856408572,0.5149107813653995,0.06438624396517421,0.42647788469161874,-0.0051103184900771065,-0.6669209266297799
0.4204841273878133,-0.2809568171113917,0.06611578535061419,0.8362245375682906,0.302882538719487,0.11607879538240803,0.11706775473971943,-0.2446642162215422,0.49099763548142594,-0.03968864906490982
-1.3256165356497855,0.28659036553906236,0.7515808343081115,-0.5393476286160719,1.138726952858321,2.4180253050288156,1.1250393078804246,1.27676426732077,0.9116313509025975,0.472778161775273
-0.559610626136307,-0.07955201087507044,2.167225454911879,-1.050800811456135,-0.6461518651212922,0.10853805711470724,-0.0295259951051261,1.072728705526835,-0.48440183581168067,-0.9947825667246486
-1.7262142561749165,-0.7084948162978821,-0.2596641187878759,0.25930766226095026,-0.4078349249492641,-1.0134079542399703,-1.071691764518925,-0.6393171937147112,-1.1350023806158334,-1.7231639637609035
-1.5791791809218707,1.9053431192562555,1.0740110117507338,-0.3122539958270065,1.0054649481917084,2.1237821888551185,2.48333775655386,2.0186467734694236,1.9146193007096362,1.7848331070095649
0.3561103300815969,1.6051025795284954,-0.7525042532974375,0.7583374328757437,-1.1673245190368116,1.5674059663764452,1.3352379904647846,0.993701522648993,0.40093728561495084,-0.5411840187549001
-0.4832695116241951,-1.6270794122553764,-0.1376342812987831,-0.8711741928409689,-0.2484014088810672,-1.2264059909442047,-1.1042914234687973,-0.8536917949170695,-1.5754931260716878,-1.8230867126913937
0.9687583000124468,-2.0832664528272997,-1.7920463255868035,0.6606224021059751,0.3020622623735193,-0.6288217226947788,-0.9266298257791377,-2.3696537688905965,0.19147890782265709,1.3202757373624816
1.6817867642624997,-0.4615142703129854,-1.3979318188230292,0.035456746950109655,-0.6229345099960304,-1.2807654269072153,-2.1278311728978885,-1.531776784530742,-1.1636086344884182,-0.978974692935689
0.3982522761677984,0.2727986726259067,1.0795134699041617,0.27812531854898903,1.0160005033573998,1.8495657684853033,1.9764003376162094,0.9780751283511235,0.9435001901358793,0.47367863974254404
1.5459306055181483,-0.18185117583148772,0.3152689298046621,0.1083530221117192,0.4109794030902783,0.8464580635482546,0.5138900464358745,0.04256835332739736,0.8025742600850341,-0.17777501322469927
-0.29999012800440483,-0.7187962975929335,0.9621171331250915,-0.4664217432246509,0.9966526218468261,0.6076633699437007,0.5305516812179846,-0.1284984121604838,0.6794553795666302,-0.2216918267833276
0.05584708695583476,0.6819265432167579,2.1143751445048027,0.12173826663298307,-0.7878566841115539,1.0420819832134578,0.4355775726147364,1.3045438959878117,0.11642136753337563,-0.47463171813952443
1.2186397952906545,-0.5378180602492367,0.016288090577386644,0.47484306970047746,-0.0692513476481033,-0.45065707922018894,-0.39190823665401664,-0.42397904728104235,-0.19014013370826507,-0.6033142618772894
1.3707106265385676,-0.26875017509329135,0.08274162862994774,0.3691452132844038,0.2499601265768428,0.030142062432763267,0.20380047209272595,-0.16546688856457348,0.30984111193372205,-0.29476032514070505
-0.3044925145783815,0.3176378634390689,-0.07828764908872016,-0.48556152296470456,-0.13765098245681925,0.034920829819187274,0.03715768272468334,0.28129293331257776,-0.2549799051282118,-1.1752583895458313
0.2381412782118121,1.172969519991499,1.454084447444655,-0.0029815088046647453,0.2502310019516145,2.6999701927796917,0.9626163465925901,2.41463710344457,1.170635532553313,1.4110335174020827
1.6243680478851215,-1.3440106911850078,-1.5011279397290669,0.3995247315236976,-0.34726672720750973,-1.3904225951553193,-1.2802813269518938,-2.33650492543159,-1.2200880613277552,-0.06804494773709041
-0.582161806377386,1.5239902775145615,-1.5675157849842885,-0.6680541745932562,-0.25138311601893676,-0.4173266902387386,-0.2874940845354578,0.20231844412812403,-0.4905852780692199,-1.0378044334640093
0.7437386830534305,0.20869816541935568,0.5674383472166235,0.7249960733480304,1.1446338600888217,0.812823250911139,1.8501335914490866,0.5792616485583946,1.2425800194234697,0.6349897450334597
-0.7084624263882698,-0.9324093940638899,0.8426239623435268,-0.9776200805941077,1.5890188166663914,-0.45028883822892096,-0.34553840587367396,-0.3084002495527021,-0.16118760772446747,-0.5832498276234876
-1.362097193118638,-0.7740850593034059,1.1472464246521095,-0.5602520914559852,0.5349770101137384,0.2826800415824883,0.5246544985353105,0.044578430436263666,0.33966336698035493,-0.5189442998937954
-0.3382742762620166,-0.7918275814658419,2.009593267426466,-0.5121168384406634,-0.6035531103521306,-0.39040055961865416,-0.29414538162005843,0.32436758056927334,-0.6242936776629626,-1.2585859344581267
1.3646529798150198,0.5119641303181132,1.1735808083002213,0.8359807559093917,0.8972748087520241,-0.12844344586326362,0.3450550433266974,1.0120126656707145,3.531343705614824,2.36901872702865
-0.5656320729079547,1.2647431334618549,-0.7773128287841129,-1.059274847418984,-0.8898536005078956,-0.6069894788108747,-0.8540175609901204,0.2879381947531834,-1.4634695914713447,-2.4610838642784834
2.1399892740242685,0.9469309274096571,1.8702999398216271,-0.577772729184663,-0.3055143366106557,1.50340248009565,1.2570917797997956,2.0990770728284067,0.18063706817943792,0.12491827994977574
1.0799752338814028,-0.4105356124547719,0.030819491744131632,1.4134900292451902,-0.08157765738905906,0.1653132152356118,-0.06332198538314043,-0.35905978344179446,0.4976146764474292,-0.23558513766262035
2.1132383676336515,-0.15377497724332093,-1.435923224271714,-0.5342519100596562,-0.5060932618584778,-1.1911100310595673,-1.2304586954869148,-1.0531833210682122,-1.4545827949618353,-1.5205941982093993
-0.762245434905,1.0474884094923822,1.9308628549687956,-1.021208525429369,-0.36224484131947016,1.022864900971444,0.34278121950603163,1.4865725688598912,-0.1868368341130095,-0.5482215600844603
1.7704527475918186,1.4506180722807627,-0.9820151058506803,-0.11828270101574648,-1.1798455557766059,-0.023794675738106258,0.12337168820248776,0.5834197417572897,-0.46848099835338364,-1.0337287901234158
-0.2219842093457282,0.8924921043151919,-0.12196374560457128,-0.3635918442608679,-0.224339975221016,0.27077691970363593,0.029288424535812985,0.4886028983094083,-0.09890047951154146,-1.039718250081741
0.18082756142081238,-1.512053724379355,-1.3740801912045666,0.2278073722402274,-0.5554123050856142,-1.9147486462635925,-1.4798416753453771,-1.7496216885416338,-1.3011096813188523,-0.8933896248757043
-0.1803862733154106,0.5588239175350317,0.8556077500176876,-0.3386680411232078,1.6069675954609208,1.5180041171355019,0.6437022366831378,0.6689760004535736,1.9295364730276523,0.6294970459065357
-0.40058506139177225,1.3489049438867249,0.17730365266904452,-0.7949586843474161,0.5057516119386785,2.4439578218125098,2.1796325661716596,1.46765741518546,0.8514664001441782,0.39569461078563123
-0.9557926864644151,-0.6622966398108712,1.6100784310088596,-0.7431159351624319,-0.07608761865280043,-0.21227656775213077,-0.0010753755216724378,0.38522061689491005,-0.24206501273159314,-1.1670321815364362
0.049352526561175634,-0.9587276431932613,-1.1395301699271683,0.01852630987811904,-0.8738042140058223,-1.9363287707755004,-2.0531737073031677,-1.597688893561149,-1.2957799221575916,-1.0677409467320913
-0.10285892284680781,0.8844037363820951,0.47108102748094816,-0.18049662331446725,0.11571973807058777,1.3654289212006099,0.7653256824864652,0.9789568523636036,0.3737804502277515,-0.12678750006021636
-0.3740412931249743,0.36136761400222545,0.42216470857442867,-0.5800713373635364,0.5786155288012328,1.3451104485438234,1.3265597501523614,0.25677627933793046,0.8920220589372477,-0.3422637661914203
-0.3881126385417272,-1.5603105555567887,-2.751591350938642,-0.5425634688716898,0.9092134269409258,-1.36595299162294,-1.181135577448798,-1.430469360456815,-0.3757498071039693,-0.1808913219436249
-0.6120705534415611,0.024456901806264617,-0.024467860945950035,-0.8278054552208548,0.025564242626375078,-0.7333287248640799,-0.4992513947331135,-0.1557826631236445,-0.5458396844715916,-1.0740320514729091
-0.3659548813154603,-0.9810351130547185,-1.0566614426447223,-0.5095515995228309,-1.105202117391527,-0.7880294188267443,-1.650780392148173,-1.2927373346873057,-2.6007863573032775,-2.4617675081434265
-0.040695148044105296,-0.1407084686553953,0.7945831596797599,-0.09150115409366867,1.365971654971476,0.7618720966439543,0.8202375752617553,0.27606299068790763,0.5566825750604946,0.018846783891721647
1.576032806290482,-0.8541027856826209,0.6301609282006194,0.026578073369204147,0.7961389782841538,0.2957026836825778,0.5106202599878462,-0.35733580932664377,0.9870040835781531,0.09160338847896234
0.7559639075923646,1.7742985015673416,-0.7419505011198188,0.5436000921299039,-0.9176403906936598,0.19082683901131872,0.7421859615113826,0.7269390975209851,0.0779131725184234,-0.86214699774615
-0.5950546849047864,-0.3185288380293568,-1.0239331864094623,-1.0956351161135058,-0.7125700792547381,-1.0950427751271283,-1.529715281876552,-1.0283207123108913,-1.8702550510914773,-1.954308254247229
0.7943360276599203,-1.1764604688943436,-0.687362706272433,0.9843718820162296,-0.8035665702905697,-2.51469471968388,-1.5776756383318273,-1.644096081426548,-1.1819969627821465,-0.7975664356060046
0.13886846775192213,-0.2611466159174659,-0.6887305054715318,0.36387315057180797,-0.8093364158227206,-1.1199619892475445,-1.4849152488100426,-0.7696640208498489,-0.9433343118096713,-1.151679176023691
0.9492821826250272,0.026955198503858063,-1.3399026104827565,0.5024845092352501,-0.6716176662545201,-1.122144861814521,-1.0998015991917904,-0.5724192901437746,-0.971792192801823,-1.4588930360329826
-1.4176960329192538,-0.7370841063732512,-1.4987542277395738,-0.5905401524142554,-0.38025860324008626,-1.2283384608969146,-1.199423200980205,-1.2794715752914905,-1.436994647768837,-1.3549587521799755
-0.28465721817817935,-0.5436079515965206,-0.6321396015928242,-0.4258624246512083,-0.7188015044050988,-1.5944046455837777,-1.1656094760312041,-1.0793288756447574,-2.1536507111960526,-2.2246500050353477
-1.5156146204412453,0.13739141398366095,0.08160137714361777,-0.3912207754778194,0.30374463892823333,0.850743316939633,0.2707003899895337,0.3531477187177819,0.4050760849349325,-0.43114350319331446
-0.8724121170633244,0.9259043233759554,-0.3069671865359063,-0.8475778354491329,-0.4534651513551824,-0.4176784777608835,-0.3310469085592637,0.4462703752998205,-0.7815762816792876,-1.8043633705095805
0.604832817366741,1.9492144764471797,-1.630313920765408,0.31103407238635616,-0.1422675431890048,0.2214024121203746,0.4138459197208801,0.2014843224343426,0.25880172817594127,-0.705779478473364
0.13348313671931997,1.6072965785058304,0.38402756497570506,0.03708565087537982,0.2563851503380098,1.9307948379829802,1.143079683770979,0.8379099162097402,0.9299116545076225,0.1614847105202171
0.9678138748296142,-0.03829694082778723,0.8029188506131332,1.170387967808565,0.9483516062469461,1.0901205330943584,1.351041049696107,0.4552945986714362,1.095739911387454,0.5550921139331927
0.14452853972721053,-0.06764802152852373,0.6299682180402232,0.4186926282648466,1.0909682271467807,0.3973362150307112,1.1263913527332154,-0.0919627829281788,1.6816421176627376,0.6542113700654231
0.5248098489264024,0.2153453716003604,0.26277773353075073,0.8307101886155087,0.4491666293193886,0.9592800981251425,1.4624071499975948,0.3553339251020746,2.222780299338936,0.9376608302025957
-0.26695948995189744,-0.24428438709294276,-2.022562090142723,-0.47211442598962083,0.8002215577884935,-1.1124946089349974,-0.8041137123973806,-0.9755680305244157,-0.22029383759006033,-0.4291531730111536
0.8383090716396502,-0.30974921912786946,1.078920224732163,1.0032133256207472,0.9149169837072492,1.9813367182223132,0.9003488429827478,0.48841742097199825,1.07945017544284,0.5311145098953666
-0.2619132318867234,-0.7848713287365428,-0.12220588692829065,-0.48587304345009996,-0.22169463035335368,-1.262474260137273,-1.0873864945259628,-0.9392876337415289,-1.6600831460463161,-1.885087478183848
0.4974755012980857,-0.2614754509853923,-0.42391353476856414,1.0941994584069388,-0.7324553183603266,-1.4929347939812267,-1.2101671881832614,-0.5813166689925247,-0.7963661509174117,-1.4359583732129988
-0.38551125254993523,-1.310013962858525,-1.0451494419686707,-0.5405302865724892,-1.0490039844480872,-1.9251923309829693,-2.1990872499417233,-1.2754558410097572,-1.5002436088669018,-1.438644277737273
-2.4275319462236666,0.7455590646127269,0.16696633107226272,0.3609820478734721,0.014061998935273323,0.4219588216177954,0.848608151354616,0.5502563146396977,0.4720832493393709,-0.17914948003722397
-0.16845968878287762,-0.5161828738540764,-0.07548719938705108,-0.3052758455101684,-0.05278141521486862,-1.5112776305841626,-1.311167524491822,-0.5469723505868265,-0.9511366218787878,-1.630312296571066
0.6889554708937319,-0.7895334238684952,0.04461092591625731,1.2926240589422442,0.1799416621898402,-0.2911831355060251,-0.15108028256577682,-0.7837050502600604,0.21941884369305067,-0.02630596508423451
-0.19415289585821424,-0.9393504297003231,-0.9658854751412497,-0.35585707834842173,-1.2284104382913157,-1.6995179683977746,-1.711326287363018,-1.0641238303232539,-1.5395526781682574,-1.5936522929505386
0.2923420583772474,-0.697511510410568,-0.27679673171120817,0.47049852133352194,-0.5526667921994242,-1.0430071136742403,-1.1488043044715364,-0.7212414039585372,-1.2319208802142323,-1.75164999676473
-0.11996300696767148,-0.7594005638581439,-1.397028860130353,-0.21603300022747493,-0.5705516017170849,-1.1093509248688118,-1.3553922056860728,-1.0040559447935575,-1.6753727668678349,-1.805916027936695
0.8698333770805798,-0.8378916051411728,-1.321878891431183,1.117382750467574,-0.6314322949961182,-2.0697262582542457,-1.0705011689207946,-1.0875489259650641,-1.0713570177904153,-1.1429369640047435
0.5079098260614787,-0.48549880789028926,0.3815139290611505,0.9902017106764794,0.6391940151986499,0.3639781123375454,0.7959790676122407,-0.20599192392090743,1.2198195084360401,0.4954487568131093
1.9620014681752573,-2.328475538759243,-1.2610077776076798,-0.46030239364586445,-0.6610199054639291,-1.7937631521459696,-2.170960259419666,-1.2835018238077582,-1.5191028195158744,-1.4391981101383666
0.10472172680098082,0.5641034671025275,0.05910843570241942,0.3158239005281486,0.1821814333588615,1.7463449325157248,0.7835209168174813,0.8583872235672514,0.5591620551627697,0.0469476601748777
-2.141523257797122,-0.087962444557412,0.05756998639029649,0.562915892381276,0.07955764257679258,0.28324975425158666,0.1959703981643331,-0.06297987674746922,0.31772805992506625,-0.33484007346898553
1.0646473833796546,-0.822431256427622,-0.3054123795244267,1.0143315862938602,-0.5546590884551926,-0.9625225068822966,-1.1088258831836506,-0.7032060409551434,-0.7719677927445089,-1.2898276571008036
1.3256510586769052,0.6286715450389129,-0.3827223668562562,0.40349568104762906,-0.5286404957650574,-0.05080151823311511,-0.006405129388897372,0.20970468895001335,-0.1885584272842079,-0.9078792748235703
-1.6666870298768095,-0.3538597070023947,-0.12380706012466886,-0.24118622836382908,-0.22777742171468812,-0.8777244971626141,-0.9282087265153766,-0.39510879476772515,-0.6429231789540308,-1.0182613798650975
-0.27284341468658974,-0.01180167502417878,-0.07147847715643206,-0.5007118156939246,-0.18305304514747656,-0.9301263862280627,-0.5892080618622175,-0.035895298463146694,-0.7256244875456946,-1.7550126049873263
0.19324749039201392,-0.10793732043759091,-1.251883608295731,0.36426130387975536,-0.7097734758704052,-1.2317510622900625,-0.9487364799899377,-0.6993072877117499,-1.129123726285108,-1.490360229662972
0.12295128136270404,-2.6341542256678077,0.5032889893483412,0.16020314370486705,0.42066186187040167,0.16515349021205455,0.1248395255133013,-0.2249592697457482,0.4429285021536006,-0.2688823951999712
1.3590347844052473,0.904323552398608,0.5313853052648753,0.831681589036578,0.8649557963275791,0.7523215960072642,0.6456318242041301,0.4002993440426872,1.3938800854354327,0.6787334919514914
-1.3068755104443956,-0.8733470921495461,0.2650918387314999,-0.6277531221183994,0.8834646292846455,-0.663383056464824,-0.4976957611701218,-0.5225199065583997,-0.16751007486737912,-0.4628880592484681
0.7403597049198581,-1.0525922722448413,-0.2439095073676578,1.4449082897777892,-0.4049097156185527,-1.5365068403837283,-1.1143012709497269,-0.9787166537230082,-0.5223988695942657,-0.7337827176336124
0.0791412699540689,-0.5296634025431594,-0.5173969994767696,0.18677998401030713,-0.9904107576398016,-1.1185570599184511,-1.0466033026209016,-0.6269767022246646,-1.3720074241937346,-1.7989790782368984
1.1716677993502527,0.4103257001645737,-0.6160930140209838,0.6055154142704535,-0.9112607176469967,-0.6316048860512491,-0.6388513911348543,-0.11667761567103196,-0.7140132077762935,-1.6112291369841032
-0.02628147622873004,-0.6210819892429008,1.2133015816629873,-0.05990194046124544,0.6644924726587287,1.320210116316001,0.5265261688748597,-0.008882906626584516,1.160053723324733,0.028647323729716456
0.8285281479536353,-0.05439774605143757,0.03924508336669348,1.6449037415645456,-0.006624318947257984,0.34428818664726407,1.0935577854186116,-0.09598906617512881,1.3137984470571344,0.22065217402548684
0.1640645115918484,0.1410213981786696,-0.6986845456629139,0.3852565685312759,-0.7173834110774018,-0.9470051263961108,-0.6177845104922783,-0.27922162648311954,-0.729967748292713,-1.3022132125112276
0.16494034579248143,-0.003362490049215133,-1.145918850832319,0.03141981713991776,-1.037640934567777,-1.5670585799647765,-1.6479297551925955,-0.7731777189297218,-1.159861434044291,-1.3395630103093816
-0.02436455358266504,-0.8257327912214455,1.50258797670974,-0.0716541267498185,0.24319647475838718,0.17133037294716827,0.020472197243451867,0.20421741250237838,0.25228548526027206,-0.3702490465408591
-0.7315826207565802,-0.501644659529599,1.270591536904672,-1.1351935663225057,0.4950177322363128,-0.05012814371476215,-0.06192357522787593,0.018324677416466706,-0.08355761917507265,-0.8649827656080608
0.163273411945595,-0.6882573431616578,-0.5457207255677785,0.21201195425114866,-0.7798607872433962,-1.4500054954019814,-1.7918536580143247,-1.1480046526201146,-1.7207859475915,-1.7259225583352422
-0.13328254718989704,0.21566052874797453,1.813746364974595,-0.2909170387846934,-0.2172777923998871,1.2513761377875685,1.3062493087009361,1.0869131476568519,0.33332873587357487,-0.3982519414057881
0.12057100601890419,-0.43123842596059214,-1.6814117267039292,0.13070934219882652,0.044185717131862215,-1.329469693984018,-1.4174722530838044,-1.6288764781420286,-0.6646335958238968,-0.3946518637934152
0.22922029017380974,0.8624820363471766,-0.6585684646919466,0.29556216560924575,-0.728544692700925,0.1777468692460284,0.1349847935983222,0.5315051371848738,-0.1260584394057323,-1.2098406013124936
0.0193233489145587,0.3506366180434965,-0.7040704111310816,0.07966176811059826,-0.7547499281450725,-0.8218657952134334,-0.9370834406815357,-0.21628370875605737,-1.1459992279987294,-1.9932483047601788
-0.28636503867514196,-0.051514726682113904,-0.5047878571688381,-0.5616071979088861,-0.8879025865933979,-1.5750059654581974,-1.4317475992537165,-0.373574838691514,-1.6184227643398872,-2.217043999989534
-0.9154915114460284,-0.964056399285265,0.27677392225819714,-0.8531118903434035,0.8545483180472613,-0.4827003608833959,-0.3386997067432191,-0.5233251692734733,-0.044437223231761,-0.7590622189899412
1.6393998915535752,-0.8035859039682048,0.3517354701644317,0.15995128874817838,0.6591046630626253,-0.0349366977755203,0.07290940335672885,-0.5541681124526059,0.4608890423912254,-0.0921632140107139
0.9407195607345652,-0.867229020753439,-1.1462779830706573,0.8274953990284228,-1.049380750056538,-2.4166325804304423,-2.116773143926252,-1.7229648023589277,-1.6176560496540575,-1.0767377007761432
-0.05799544934556769,0.9328488994372798,0.3602473175803761,-0.07480069170866785,0.8083877524657095,1.515250337662861,1.446515546591471,0.642089813425509,2.140199184545456,0.8616187604260583
-0.2628624138147414,0.5246103872782398,-1.6714818399533855,-0.4031259333232474,0.10334226196494824,-0.6344983504092405,-0.6158789147473748,-0.3427593910660561,-0.5150518972200597,-1.3800418390922675
1.3615039240759372,0.10696776426255213,-0.08622144817329054,0.4662745484758012,-0.1554527832876292,0.29766399823316325,0.4049474790899987,0.1438235046032622,0.10010955464455272,-0.512817657687191
1.129422860214114,-0.6720139832122336,0.5290689587376897,1.4119679151003184,1.507946484631698,1.1823288341572553,0.7372076551234457,-0.29026785695519586,1.3607419621608556,0.7301557669057992
1.3106733631315155,-1.1389791882684168,0.4344421351112778,0.3884850992120542,1.0433101793286705,-0.2494481721026581,-0.24373595006890364,-0.7307293061784652,0.23927569815919725,0.02219019517422227
0.24125043647650335,-0.7296155414923051,1.633723568900458,0.3794676333626915,0.15936645392939544,0.4721955367080749,0.19097303574691774,0.3148793672387995,0.4799484528068647,-0.16680117189040758
-1.0903439951196245,-0.8609649320884559,-0.9352400226505909,-0.8697860636595128,-0.8097643462847229,-1.2890206526158936,-1.299218900595033,-1.573859024570288,-2.525853977524727,-2.159259634109984
-1.3187172156088391,0.019407890291309723,-0.4595782497415401,-0.8089509416409115,-0.9014237667418165,-0.9862891325395098,-1.0183349698986914,-0.26542151164505257,-1.775860525102353,-2.482789825357878
0.1863328149513515,0.4012554460239637,1.1026841377114842,0.16464842443182437,0.8646917413907463,2.3106537034267403,1.3201982264475212,0.8066920537997677,1.1608842310832104,0.5344938334729279
1.507085471973259,-0.6783636996293164,-0.9334904823848286,0.07932553709707982,-0.8563239678816198,-1.3908913325728727,-1.3299076477438183,-1.4761347238819136,-2.42227345787453,-2.0416269158766602
