X1,X2,X3,X4,X5,X6,X7,X8,t,y,y_delta
-0.33650366783299873,-1.668865044802425,0.636917784730753,-0.49229107665752403,1.5248742524511283,1.1888646112097325,-0.01223718395691159,0.38643619452861566,-0.4829235687546627,0.13914909271891523,-0.390278265373735
-0.4713956503514486,0.425706492819323,0.03833492454283682,-0.8451251596589503,0.11031632383308171,0.06286411944506594,-0.417555598522014,-0.12637612099216178,0.14587630659563638,-0.36651041449009664,-1.5094343831993706
1.6614952377312366,-0.5469294317287547,0.5364859579786398,0.05115532347199045,0.388222378341019,0.9491196302803245,0.0633399690344374,1.2079848260777624,-0.09628203081898695,0.10857915681386802,-0.4479463147071767
0.4576754680268018,0.004737077495867158,0.7970284792583685,1.2675821972636683,1.307340452064562,0.5617682002261934,-0.2682833127533203,0.974130510433919,0.7021219940813352,2.8426535924395946,1.7425305963241264
-0.6849842600668578,0.24184808052413084,2.3504873702400073,-0.7946919212195784,-0.920081590184589,-0.9552510263955715,-0.29935980975186316,-0.7041713335007364,1.3884799125626524,-0.27206840801500487,-0.6526114021046089
0.5650540800849899,-1.0646354852878726,-0.739467246121078,1.155820524518181,-0.8662300063712373,-1.189252830882267,-0.7590775091272718,-1.489466197764355,-1.3862631631460394,-1.0665673843276444,-0.7825333249471899
0.7186036090271457,-1.7873597255793043,0.6458709729713584,1.4431151182597421,0.4104313477778223,0.5628095240969185,0.752854143334347,0.8354436912594742,-0.5033235283250954,0.6903384319606268,0.17960877737525108
0.2806163414880914,0.4801860131455787,0.2736060798880134,0.2193900512406694,0.7295917688670603,0.5408777208795711,1.3972109680986744,2.1942202675098588,0.5632396460729843,1.5452096114303,0.4280456212634135
0.7089464221534039,-0.60699085468029,-0.511973512956983,1.3662552684555012,-0.9341142275542563,-1.0465949037138849,-0.6808468410337575,-1.502658913265505,-1.0416210914798727,-0.5485755569482768,-0.6121653027143791
1.9828932107456754,0.09974411415536284,-0.2560168060394664,-0.4067600016881309,-0.5100474121126793,-0.7299085992771684,-0.6968451206512039,-1.3855164041725123,-0.1329986608155827,-0.8361293164525134,-1.6218777125923753
1.5803281098177269,0.6565935918103387,-2.0430920759401707,0.22227652685986882,0.7854251697758884,0.916730894381715,0.19743720065874598,0.9745902024782429,-0.4525093052843871,0.04620943137012601,-0.288837559714891
0.1399073640923143,-0.014772578334809905,1.835630566708636,0.5440430995663144,-0.23344044431586744,-0.32544166613814335,0.70685975883077,1.032076296864651,1.3705218416417846,1.1555166863229196,0.5382928823246194
1.7704806514784344,1.1568981560747627,1.7052956035554883,-0.09106135799599645,-0.13230596513493145,-0.1996866323409227,0.9000368107342654,0.3634050530021819,1.1443706551667034,0.6172357566006693,-0.05420613705530263
-0.8598367917721307,-0.37200910782611063,2.2548144733801907,-0.9355075315304902,-1.0086588271176633,-1.1648569648066012,-0.8581577241925324,-1.4564212081815093,0.8118538933018115,-0.7431690362132267,-1.8228563487893181
2.0660153364160454,-0.3223523181477317,-0.6968929513598852,-0.6252877685818024,-1.0439971435093633,-1.04516268860573,-0.09266066265218123,-0.9703620805615957,-0.8660569241780347,-2.516400442078484,-2.8578458917916687
-0.06610370411055076,1.330557351837161,-0.7398006611718322,-0.008545284596296499,-1.0554274882364079,-0.911377461722942,-0.6799937933968498,-1.2656700209925555,0.1045251897867135,-0.7072681116015502,-1.6633259350420384
-0.03425041865589764,1.0085504799435212,0.6142763816684704,-0.10187663694694897,0.4197443950921341,0.9433185546327181,0.8939410368096432,2.2781833700445526,0.5713724723957297,1.2573058570101643,-0.03536703387206808
0.5067707365061868,0.3329528086217573,0.0709211602304015,0.9407296313520259,0.02218484651564373,-0.03191345894718399,1.085069099621311,0.2038023318014499,0.5278243419432501,0.7155154595169396,0.07041698148641766
0.7943489126494729,-0.9326337670148084,-0.6264721880277827,1.075973374227635,-0.8210055826787224,-0.9925622253101968,-0.5433056442528807,-1.4897061500729654,-0.8417103844927647,-0.545135258899316,-0.7546993678580248
-1.0886274284188486,-0.8748092855056386,1.465811676196344,-0.9465004815456869,0.39151943416559526,0.5489815600194103,-0.038309180535814225,0.06279672046204121,0.21005528213372296,-0.11256319659614014,-1.0870424233231488
-0.9952777189138782,-0.4191876305484369,-1.202259615014765,-0.8168020113742239,-0.9639140383458334,-0.7452198073357199,0.4231264703536754,-0.9525013406711627,-1.425899479520583,-2.9869309978443677,-2.6572998738284914
2.0960859269830623,-0.1554140240088153,-1.6866581194807053,-0.7369800035258887,-0.1286853929303308,-0.31104249048078336,-1.0406643811499756,-0.8080854547271256,-0.8196382070938477,-0.9372635246328168,-1.1144793536067432
1.356402326195392,0.29724340026312335,-0.08628278082608681,0.5679022131364421,-0.21948580344305257,-0.3141133313328792,0.03862799358810415,-0.04967671562033034,0.08957423576594162,0.1520163670082146,-0.46117540062363543
-1.0295053911953003,0.3595909175994283,0.4140653245901034,-1.061073726121568,0.542117998868265,0.6046900933393853,-0.1714129229292079,0.5324040744048262,0.15565980206846824,-0.1560198180204424,-0.8047374339811708
1.1144292308684633,0.4618091702710211,-0.66709626632104,1.0971585677160605,-0.9344207399100244,-0.9562767301673585,-0.15363622027300544,-0.6101731676291295,-0.2008850090340379,-0.13084385389166373,-1.0517838105047823
-0.9797362806024049,3.2108321974402183,1.9464003591218944,-1.0888189016376897,-0.47138138005855873,-0.7024987136424246,-0.28372903981477915,-0.8789518905286026,1.0386413435939,-0.2507665854652771,-0.7988418113014166
-0.4076274054722217,1.914629433152783,-0.3438989083123206,-0.7783455596079655,-0.5953221044827043,-0.614783529236911,-0.6103100901684065,-1.0462516895243192,0.49178290916249057,-0.5493136684140645,-1.4919675098405962
-0.8102746947141026,0.19894152050271632,0.024088100949521945,-0.7550009938787557,0.2490289755151321,0.2418511475275383,-0.03442720463191393,0.06444297913015304,0.19590180838699173,-0.050240695071449265,-1.273838074334873
-0.5607790488028802,-0.38474483720651925,0.027579218698775693,-0.8149537771474837,0.014854610289888059,0.13074134534884646,-0.7948200880172294,-0.5367786973466737,-0.2699858275086791,-0.6881238752932962,-1.2378602067439906
-1.973121165684993,-1.715288412553959,0.04954667686728246,0.26146693784533226,0.1712212870677159,0.23601224921251582,-0.49314441159300554,-0.19585947068031004,-1.034085823227809,-0.44007288787256843,-0.5155267894847521
0.9332403168293991,-1.2615009045245769,1.5893929889228862,0.6278001421953696,0.006221013863365016,0.0827752095675362,1.1431536694229325,0.7714904118523841,0.11199749577558717,0.7468214814419383,-0.31898289550793346
0.1819831293122655,1.2766721196373285,0.1906926202269599,0.27981320925635833,0.6806800282777984,0.4645687914743306,0.402454378690854,1.0557006339184931,1.6335370905554332,1.573771300489632,1.1723193560504814
-0.24962929377558873,-0.6166133963895365,-0.5894131318070559,-0.3901724701953615,-1.0937137775768428,-1.1135392056755768,-0.19633262693522072,-1.6764223944789025,-1.1425569532585196,-2.5468126252154617,-2.5599670101414027
0.8192518571924262,1.0052352111427527,1.3578825814049884,1.0215169474194488,0.31929922452381065,0.8970261366677964,-0.04480954544327034,1.6393649267099653,1.933949240960779,2.694801323889332,2.435996918351193
0.6194533852352548,-0.11752416284170825,1.1038426008328142,1.2499430300062058,0.4728234851194667,0.40582529825265,-0.2237493496902602,0.3827125297241598,0.8123378031756177,2.845353218059296,1.5924774359632177
0.5920216502135054,0.3803661031722496,0.4327913362615619,0.4500262657453237,1.261945466169686,0.5895055573687294,0.5957314326248038,0.8500839065928536,0.7889617784444866,2.3604939490308054,1.264010697956088
-0.4538853630907874,0.6662133928635603,2.5610354569358837,-0.789887257471454,-1.250023082156294,-0.7425046379954456,-0.44097456976232763,-0.8070570185094254,2.044011961984818,-0.4621777905888661,-0.5156641627434626
0.5220211323992756,-0.46379615451109046,0.23814311524267723,0.47491394435416956,0.2900357886715873,0.7168916566099834,0.3741420728411444,1.478651198124107,-0.13872415789511178,0.428432415570708,-0.3167451801946141
-0.032138950613146526,0.37254538128183495,-0.061275532307489666,-0.113658106406447,-0.1100506805604502,-0.23242830449335988,0.1840820336005128,0.1810516975781009,0.5264968850600787,0.48156919284884225,-0.704830205165023
0.08602175159763249,-0.3943965437575169,0.03973843709895609,0.21668186457001704,-0.011014830645189856,-0.025873184368506164,0.1896341847565009,-0.07988285896862747,-0.230909655499107,0.021123582068505786,-0.9441757235618817
-1.9521230619144048,-0.24084808464119742,-0.16744940853264972,0.12509892663493394,-0.2902961436036776,-0.45022287298950125,-0.49136026301013586,-0.7606472830921825,-0.31631640874597194,-0.3862534123643552,-0.8192111527875305
0.7936915532399251,-1.4908623150771976,-1.7367852497421399,0.6374713551699044,0.1606938542044208,0.1829419713300639,-0.44720229905471365,-0.05661737644989073,-2.3285695815462666,-0.35471492802511717,0.10527159211745749
0.6659822720241133,0.8856437413934171,-0.07960684461358161,1.2317516146027212,-0.09539174857829497,-0.20381797781134006,1.2437223805428463,0.3145920223223958,0.8219994192330048,1.9225768460151424,0.7798029400153619
-1.062842409648815,-1.0668126519518055,0.21866862446558222,-0.827327461429954,0.4164276757633731,0.23833116764708878,-0.491744625777245,-0.3216035074572544,-0.45810470838488093,-0.5311876397112953,-0.8753895308493239
-0.43809030430339363,0.09596117847435633,0.33218501647468773,-0.6258982238191004,0.5735137383467486,0.42651470994495844,0.36353246211623974,0.6273107744859548,0.2090426354692155,0.1968664761555112,-0.667106172153491
-1.085326747542029,0.8442091307998735,-1.005554459297583,-0.7017922208403868,-0.9421503109954885,-0.8795607011198421,-0.6718747641540657,-1.6944930346614742,-0.11235637126170146,-0.9098904655090474,-1.3764923803887734
-0.8434336286506366,-1.3214108755368226,1.2654803685890044,-0.7559582397782059,0.758201554204917,0.7487384435993492,0.300615752731531,0.8648674861655418,0.1596619029398075,0.42829951268936706,-0.7872363188063464
-0.20236132614474747,0.5333834508588022,-2.75268681183954,-0.3539795640761934,1.0599272825429282,1.3781321532723496,0.24335438232569406,1.067399164292487,-0.3167757445365824,0.05882477192985132,-0.3963693965489849
1.1778662738574364,-0.1519745777877925,0.7284703493829988,1.1745996981729707,1.187301082049471,0.7895840927388994,1.2955458799884163,1.9621570586275718,0.40172959452951207,1.3939416556330826,0.7085292611528607
-0.11964912530795117,1.2143361899851095,0.8838146748796093,-0.15923563579680985,1.057612250633134,1.3082823891155173,0.6748376448193857,1.2443134099514932,1.536796084266779,1.1903823495883317,0.8027758761935225
0.7024213650660476,-0.2536435224507079,-0.8391326281618401,0.5878281173179952,-1.2569951177740615,-0.7377575803271702,-1.1893254950444523,-1.3334429759765947,-0.6488204256332655,-1.1778890376418856,-1.690794747551362
-0.20885178038375082,0.6803279137346903,0.5780179787606894,-0.3573867841447831,1.4258129476957238,1.0663056319664506,0.2986381774250062,0.8041796972687383,1.3040208378643616,2.520704109385542,1.5702426876779334
-1.1727830889704878,-0.3446709332696225,0.128285177065771,-1.0377910037460525,0.1414905844483943,0.27638037640238844,-0.957620939397859,-0.5823654175247959,-0.1372889861688662,-0.8349601866834234,-1.842617583631296
-1.420017433339692,-0.37255519911170026,-0.8069811940134575,-0.4491640183073236,-0.7748062972802566,-1.0529075193083048,-1.0643549116167281,-1.2049674117634963,-1.0944685844179647,-1.722446812553654,-1.7724054819693313
-0.7490385603617662,-1.0015028995938096,-0.49993504371347086,-1.2283887304737384,-0.9199870106267556,-0.8372097154569919,-0.26064754817438196,-1.3578684309412725,-1.3150240621836708,-2.440161788973469,-2.2973345098934295
0.7963987847652308,-0.055011265506186034,0.7464019354770063,1.133603901730019,1.129647904713735,1.5950492117434831,0.5926225950621403,2.4745914617580733,0.35127522357824814,1.5441313607401228,0.7686336526400958
-0.14949123571765263,0.7968029130252396,-0.92008836150361,-0.26492984945055853,-1.0132049796338207,-1.0086863384266054,-0.9209045073481771,-1.5655548265825552,-0.2168995671597712,-0.9460564119107676,-1.5172369034205615
-0.6013553219452636,-0.895711063676826,1.0416177126905213,-1.1033176666987352,0.6330339089505999,1.2095715255742736,-0.24749379590341258,0.8984580238544795,-0.021482304232406074,-0.24730405000448039,-1.0048609584513957
0.7092445033639634,-0.3057041060562893,-0.8303436585654879,0.6272759185958449,-1.1616746161581148,-0.8787655891764605,-0.8775612656900769,-1.1383775877326814,-0.8064723423855082,-1.1986486196338766,-1.5452069890290845
-0.4392673453770401,-1.539356166441692,-0.42075874905895994,-0.5687043535983558,-0.65902336614115,-0.6444380495069602,-0.4494980352152286,-1.4133865135854753,-1.2202885329486273,-2.2951684259556724,-2.2192219012068652
-2.2183029316412313,0.08285830748018418,-0.2920805258873652,1.2425303868157034,-0.5225130326655102,-0.7437526375326389,-0.0037256058599420203,-0.5499451266477042,-0.22402236548131715,-0.019534676319291233,-0.4601265242068572
-0.0838680470912376,0.31905081732529866,-0.43600152413907856,-0.08746438489526209,-0.701875957351604,-0.8949564746425022,-0.6818101102358022,-1.4296064570884346,-0.1080176174255267,-0.5602715889589542,-1.0202246137749547
-0.09302458429435002,0.28002687192924064,-1.2221717019060523,-0.23735522024833428,-0.7317910757771331,-0.9406956528299082,-0.8992976346507257,-2.1542364577162996,-0.5643704741125043,-1.5798683690668713,-2.271855247244504
-0.18076698692409404,-0.40895001020870636,-0.1907365600180557,-0.3099223838469183,-0.38147488297337934,-0.48452438631276423,-0.7389588636708687,-1.3052302660512902,-0.5194728060516998,-1.2491534603285086,-1.9813345800017397
-0.4716816551785737,-0.5335412245946036,0.6017350636748322,-0.8994259480534256,0.8381146524280373,1.1830752710164678,0.5448505117231259,0.9088500368252924,0.13246832462945687,0.31289012053636905,-0.8643641937538569
0.7873712746230999,0.5336745571690007,1.3747056984793293,0.4037512310522836,0.8989766038467133,0.5694444337839601,0.8576505309756426,1.1224803952329707,1.4036804013539854,1.5767878664462753,1.0736968703903684
0.43890144936641023,-0.7317244056586227,-0.7120446834528235,0.3936314733284942,-1.0088168483108781,-1.2501652066326996,-0.8765411385010488,-1.2610590408067983,-1.3826918760612796,-1.4102229595773326,-1.2125276061689036
0.06406994168689487,1.1027967819282205,-1.9900692534893378,-0.05108016429442794,0.48222140244378686,0.35598058445432873,0.036378941062829566,0.2065157368761468,-0.2455080309444343,0.06745713235055216,-0.5426976410033028
-1.8354765464781193,-0.5464286239429064,1.7502127849993279,-0.08361392084378036,-0.3188769534965238,-0.4798750805636816,0.633784775688462,-0.04260706454823052,0.5340425983492624,0.2838307076541676,-0.8671636765923846
-1.5638879204308829,-2.019480397115316,2.1292683869387052,-0.2909914628996533,-0.6459679221267955,-0.7635472826989537,-0.6591774906806072,-0.933813715076475,-0.001504733580826801,-0.6166977064323695,-1.2785033150136145
-1.1049935327657099,0.015995769665802902,-1.143341961844546,-1.0069993806730066,-0.7114570687311543,-0.8856305488859493,-0.8964515495332487,-1.5104019839714624,-0.667591399624423,-1.9574304941960334,-2.4070822256233924
-0.02689594201873449,-0.8949254672250472,-1.2758142827277277,0.08728450861982026,-0.8462804637320276,-0.706915789179347,-1.2313280268027054,-1.821560700076192,-1.0450518017980037,-1.1825376402798817,-1.2589199953186616
-0.020339372085888496,-0.8500486145072065,0.8707348150253543,-0.0034225242156713936,0.5094237251228344,0.7293077404974332,0.5883435031282255,0.8155339391791092,0.021662482820057914,0.5449806958621395,-0.4410595230469697
-1.341535722961922,-2.4558217601784866,-0.1569902914552233,-0.6965533106614874,-0.28130364733743674,-0.4205883506061142,-1.174517906990596,-1.0916106713529028,-1.2860261861718045,-1.5260374858710386,-1.4206763745489703
-1.4868577604803304,0.2963817150424582,-0.696259573561879,-0.4569630610957527,-1.0601322668190165,-1.0733457754945026,-0.8920095672948186,-1.2394745751079712,-0.3203091860434404,-1.2506369296967437,-1.8320201844227257
2.154012112159769,-1.341051408980469,-1.9207435616132298,-0.8458869988264943,-0.041688339914326605,-0.023922175741081075,-0.5828040443893465,-0.776645157222989,-1.3052635114926974,-2.034638586034062,-1.8484125387306156
1.7839799124463345,-0.04660294321393615,0.3017608617354176,-0.0908819351397383,0.3224288052870319,0.4491729223480514,0.1582595110527216,1.1262206739170544,0.3172166268280239,0.38597940621395216,-0.38850647445348435
0.5857705529460211,-0.9476806437474085,0.8269993337419873,1.1566133518459951,0.5480044867329907,0.3187934046018164,1.126701986473171,1.3942790112622323,0.015839647527324596,1.3244958745411273,0.4202319497809896
0.5627628532388863,0.4681313493119411,-1.0613704947809668,0.8280810426569942,-1.1267016987310974,-1.0782990517832298,-0.8182717969992628,-1.402531075516183,-0.45967826997957817,-0.7491700421246198,-1.4579135124815659
1.4723222896204509,-0.5813994718261604,-0.47181262301627375,0.6386510439210187,-0.7120449803288421,-1.042478892421859,-0.890200731485895,-0.9929338540583716,-0.6735603885530844,-0.7847021694543884,-1.3633385692726396
-0.1313088314414826,1.0181272832917785,0.33788861891886685,-0.236882351325158,0.8230868955924211,0.7908112742506911,0.3423403013656442,1.1428450911344854,0.5620233131251611,0.614252352223716,-0.04479279904716063
0.2065979092407017,-0.8373312194934204,-0.13422175102307535,0.397395752872054,-0.20974172073263486,-0.3023690710517789,-0.539087620460845,-0.7509038526195566,-0.6176990097412344,-0.44668960452583584,-0.909360775078808
-1.0606280740780598,1.239003544965356,0.9070481186481221,-0.7839067894081132,0.6934103394319093,0.7135907908332165,0.47856480500843857,1.0692131760921477,2.0228695319627166,0.5785579526599844,0.4986872693373907
0.9536284106161999,-0.686189598892918,1.7296395056204692,0.7585140158468955,-0.04080381810603689,-0.13936533962875855,0.2042706508429814,0.3113955069650544,0.14664646688204805,0.30174610763795806,-0.25893531782121704
-0.7411929544679531,0.7029955711663021,0.32607554629636976,-1.2111087178412212,0.17311749726886821,0.39802381011114385,-0.3185046032654536,0.18440947132497187,0.45304434596713156,-0.2916211476794339,-0.8208564046176362
-2.0237292435795076,-0.36762608216558906,-0.2225000140467554,0.48140368305134884,-0.45502596522360106,-0.7054148579885625,-0.6244590210262245,-1.071154728403469,-0.4947389959674363,-0.4876094800793287,-1.0636264783069962
-0.25979415261296734,0.20618328544580675,1.297097834254387,-0.5030507312831665,0.5052888981014715,0.19617857178367162,0.6680568409647072,0.5045045772656596,1.0204252990007272,0.8849446571487567,0.06392187974261895
0.3629682600591517,1.5938236534360744,-0.17210668854896974,0.33312983057621737,-0.30821749280205507,-0.4101368255344892,0.5303793968649656,0.3154028841252954,1.283802191979987,0.46810122160788886,0.04558849151842258
-0.48285509697962786,0.17363460768756428,-0.45779998410073725,-0.87860054524461,-0.6783885872070808,-1.0224945383715087,-1.2474732279823204,-1.4333556185074272,-0.2522876992752479,-1.2674630198813546,-1.9104927893385077
-0.7519049058991714,0.4706271325719296,0.10852653141742774,-0.7303457957985993,0.15462322257007757,0.269608069102333,-0.45200115639580196,-0.15824601362115945,0.1316706674323204,-0.3584688609588994,-0.8412321787658303
-1.7508621583902233,0.31223159153621866,-0.29616963873788676,0.07511023947141765,-0.5960413199468373,-0.8936241133015524,-0.4841702652321522,-0.9356166238313021,-0.06568920778707142,-0.5274847723106244,-1.5556687982823576
-0.3197952527181834,-0.7779574383829116,0.3478066692483856,-0.6378363970085603,0.6278712540580669,1.1023016028443209,-0.19935023366764681,0.8653861420014104,-0.25521307318566105,-0.16332356414282823,-1.1029201566008051
0.39088090642155476,2.367344275594502,-0.1985672898632026,0.40961638899198227,-0.33498602288896423,-0.40700036967077396,0.15598992133951467,-0.1549573951442677,0.3198820913737181,0.1891102948711952,-0.49803504681593624
0.8094686115019194,-1.7120469328524275,-0.10014618395741312,0.7943685022065391,-0.19492290243505977,-0.2737203033420171,-0.34099061644219897,-0.5319982620193385,-0.7979581043574422,-0.3004791270929945,-0.5994551323035815
-0.25268400176192124,-0.5770843565219201,0.1961922407561026,-0.48946219303682603,0.5904164355892334,1.1666545504118664,-0.03685918858209378,0.462997295083671,-0.19789229209785933,0.0712503257571409,-0.9572112852030942
-1.1159539931321625,1.3222567869956148,0.8949039478280533,-0.7189197252875428,0.3817887963878207,1.017285524562144,0.6509356042721333,0.9406085398903072,1.4023825095072329,1.034820749191787,0.2863738065757859
-0.10182915674992829,1.0204692907236974,-0.7391366308331112,-0.13728995945145878,-1.223533609870629,-1.0279669146647377,-0.7132690909354712,-1.0773882377483468,0.06437712570489326,-1.0696075586110054,-2.2078593666961757
-1.054928961131418,-0.9568962424344989,1.520766795830926,-1.1522221845611815,0.057912103818402616,0.19571861500095944,-0.5539358490533612,-0.25796556154417877,0.19853047072964802,-0.43494793483726185,-0.982791073200315
-0.7163069760986144,-1.358874019342049,-1.233927656143477,-1.1831142957077507,-0.6579918365150432,-0.9064998024959212,0.41227518892504306,-0.7726211005635933,-1.3415749696568442,-2.892779883022064,-2.672149991700026
-2.482603221985533,0.44645687109456134,0.49876617424221054,1.0141867483212355,1.12121444811114,0.7337501831099512,0.22918096146476408,2.1649650027809995,0.47399427256877746,2.262597938405374,1.1846873803196667
0.48951016764020494,0.11482088051964925,0.9227009998443078,0.5056411685612112,0.8146410663947127,1.1182953237636324,0.9916869450060853,1.9366598461981395,0.867443490713629,1.0514046185861539,0.4722391492437772
-0.1836506014843592,-0.6687544610899532,0.3386555660574945,-0.3129419656305051,0.5394810756650599,1.3219448033374985,-0.08553669273866102,1.0395512810688454,-0.25447861764636814,-0.07529857701134729,-0.6521862192907756
1.0878178814200472,0.5591679978731849,0.7262238123679902,0.8307733296867592,0.7304387997996653,1.0043620803480238,0.8813179581736525,2.5205536417014143,0.3282976598278998,1.757128654688624,0.6722816591650681
0.01711069174442481,-0.16673211464767143,1.1980901066905718,-0.026102719794986802,0.4869855545985217,0.3476542913210184,0.8027113995270646,0.5266568075319737,0.8989747330988844,1.1508062323409425,0.2782639213434404
-0.30602649459456355,-1.4394391889980798,-1.8054547726061987,-0.48832161852475037,0.0394738600465797,0.1625309587092611,-1.1619315092601257,-0.7078757811726581,-2.2425211596524104,-1.134331172380684,-0.3697855048321014
0.2440783359226515,-1.0809789154803144,0.009752474827148019,0.06803782601767136,0.12446722669469742,0.4111670284430598,-0.5360089543187387,-0.054561874197325805,-0.5958164410367564,-0.41824417473877473,-1.045705774348187
-0.7347867627297163,-0.3018215829994992,0.042686194371991545,-0.7612440523416037,0.08062801605042061,-0.007077779550733812,-0.9012865931553485,-0.6646124827397994,-0.18671708979689464,-0.7130391976108424,-1.587591684389799
0.9460541000879654,0.7634632410284008,-0.38865122151083376,0.9863871815292891,-0.6138075876187745,-0.6438516397486547,0.19642331503373295,-0.28639716648170305,0.3231693461313209,0.16952262920489816,-0.3853239688545853
-1.300612127603469,0.6809382713888944,-2.051383946561377,-0.589875692767712,0.5833552609486419,0.516548844938819,-0.38251302141861865,-0.1187509429644068,-0.44909398596266,-0.3435520128956402,-0.7525104333249619
-0.14543878326412824,-1.5438380079966985,0.45710983449651593,-0.2531993683483822,0.3984366381781605,0.8622012542762718,-0.4195898399542139,0.2634179177748157,-0.618503208776409,-0.4291457895836689,-0.8895948102023705
-1.4279826968335765,-0.34324809843860893,0.35250295817590194,-0.44688027981031797,0.7908858894284857,0.5264628269431959,0.6641219599899139,1.132451081987599,0.19359993823299693,0.45365260039541155,-0.4169669908079565
-0.20685630681762407,-1.2258707696174975,0.42910077603993024,-0.3907896867399733,1.2439840512389242,1.5058551788002608,-0.07708091016434494,0.7984313861090634,-0.4183661035889914,0.037890614062844025,-0.37020723605419886
-0.7054340864273991,-0.07695085583806915,1.1252943700468057,-0.7259948639160712,1.2007599814037084,0.5506420570039438,0.6198947251562128,0.7347499187110624,1.0550622152661981,1.751564798327022,0.6517129363801311
0.07597495645812676,0.06174934188858955,-1.171033282701108,0.16870871821204092,-0.7300254274575132,-1.0483608742499833,-0.9176325832360971,-1.745321605571275,-0.6307154479432293,-0.7496314907105959,-1.0323378460879804
1.9473166882936035,-0.5170052115241306,-1.1762459361231703,-0.4173913552188046,-0.6846852870010047,-0.6991601593446543,-0.9737401799788177,-1.6437561528647304,-1.0304470858413615,-1.129133304367496,-1.1897868176643855
0.782581122630598,-0.9265325953416882,-0.06957382688209866,0.9030049132028737,-0.125488888183636,-0.20296458037205373,-0.16066145687541278,-0.3054742781750609,-0.6774564933930414,-0.15511959024772173,-0.4251317699141448
0.4462474552847632,0.004289420780777172,1.4929177969538279,0.7052860933815954,0.18818959847760683,0.5900764254608136,0.6787107793985215,1.5203954955640764,1.3366538366616074,0.7639133967417794,0.3904914401821088
0.13011529960967824,-1.7833175384298967,-1.0990956170937054,0.4242507991637765,-0.9511798207742358,-0.9342758872917143,-1.0345853164908168,-1.434876310297998,-2.326536307275192,-1.5256855639739433,-0.3649116599534089
1.1464324068279377,-0.8275218484131777,-1.4898531440907326,0.8889534242670126,-0.4039243518134569,-0.6384147911706469,-0.5020890807075375,-0.8445239353220619,-1.067330196658415,-0.5493030823583009,-0.619758045428861
-0.5533248149441553,-0.027601141475264053,0.8584609284933925,-0.6841187265070209,0.4937879358224182,0.6025705446450383,-0.0309259555115918,0.3775377477388555,0.497381107899237,0.09546183185725704,-0.4650691578380427
-2.9547440517893966,1.5971429505535968,0.09929472321612653,0.8982440782996057,-0.023559740517213268,0.003157575427967081,0.6470351171149422,0.7841613268292156,1.2446384967095934,0.9077437690461162,0.4453925481430173
2.5267505021666095,1.3471597996522584,-0.035592235725281016,-1.0425883641635663,-0.23751897599749777,-0.3199310260349063,0.18397061170987608,-0.12875012677599393,1.1780431440140857,0.08958439139368016,-0.8051555465877513
-0.8693095945064152,-0.5888277138722248,-1.2144380648559794,-1.2572972132486064,-0.8760030291838546,-0.9271633026502968,-0.860546275631655,-1.2327151183827805,-1.2335402606137207,-1.547746897841909,-1.5063562021588557
-1.6969166364008534,0.7707158705830094,-1.3506652904181484,-0.10377781969349673,-0.7062902989061559,-0.6530975979424283,-0.614988696317043,-0.8599451051492147,-0.3808942611876862,-0.7217830202563036,-1.1028448366730315
-0.1586773611097672,0.23138618701445962,0.540999732320936,-0.2811674800513961,1.1922382755088938,0.37788918052755516,0.32927306648950977,1.108441075819342,0.39732220648573136,0.7802473483583415,0.021732706555202402
0.8895468260220178,0.6317301588131912,-0.7647392438474697,1.3298593650469406,-0.876048495848515,-0.7374963753924392,-0.022201754308406783,-0.5403256106624503,-0.20516142225827083,0.001522205736958382,-0.7931283410767641
-0.7628979210024294,-0.8949450901052766,1.4220349321291261,-0.7394469703691711,0.1598524863641257,0.4319250935919728,0.015740607811430024,0.6359203717729507,0.4828551634612628,0.10268060178029009,-0.9369398051057282
-0.12250245038020488,-1.2080502634434458,0.17307744336705924,-0.21694588902401266,0.16906798168196685,0.054760059197619934,-0.4451407046802737,-0.4235561654983185,-0.53816018587926,-0.4684540044013197,-0.8980652335273105
-1.366228234307318,0.4922505478550694,-1.3167243311968413,-0.6032877984396985,-0.6520205408970144,-0.6732497388763469,-1.0419467236036013,-1.3546844571677064,-0.5127406603523701,-1.802494698699749,-2.539713591063516
-0.5923531940527746,-0.05735737193791776,-0.2382992720550038,-0.7200952897460757,-0.38289244195868277,-0.6051655937569985,-1.2164604039368894,-1.742918277030445,-0.23684960597964583,-1.2679899701940096,-2.2047133979785145
-1.2429955640744594,-0.03525819180877407,-0.8832186797978139,-0.7009451495394807,-0.8641809969579547,-1.1427590748639522,-0.5891568195083272,-1.9254557328419801,-0.8535209485998585,-2.1580807289057327,-2.4651078621710685
0.3574875856515344,-0.690346814709439,-0.9971107135642175,0.6940302673991616,-1.192493072448157,-1.2275410047662143,-1.2298776650174332,-2.2516560323400068,-1.1470644017218987,-1.2889199794634985,-1.294852728636464
0.6116572858644355,-1.8684185716899806,0.7672096381259715,1.3400586030157573,0.9267118859522453,0.49881544974218783,0.9266108065656622,1.2546134262870623,-0.35524280962830296,0.47367760996963815,0.11543894676568114
1.4453402399240118,-1.0960465809367064,-0.7831798930425677,0.5507504210828463,-1.1202117191358671,-0.8363813575791221,-0.8236826635254444,-0.9507054588939516,-1.085200274937154,-0.9147584403503534,-0.9529991760769522
-1.190721694928314,-0.9541848730423151,0.32035967126397896,-0.7211397015990815,0.7167446924742593,1.1643959214963047,-0.34621641108022594,0.27701010942420057,-0.4228388445238219,-0.32951599303470613,-0.8379603776184114
-0.7700523184153545,-0.2864508649466152,-0.3318322603298757,-1.1239777102826705,-0.6700142832371069,-0.9204403736623744,-0.45524591426652933,-1.3097437822678506,-0.5601281887959405,-2.2741172340140667,-2.9455939219004468
-0.7216868172756912,-0.445075797161228,1.1095162784699206,-1.002467386626764,0.7596944833890944,1.4313282438185098,0.5076495990451555,2.259308436955455,0.7973281360704156,0.6824548832952365,-0.2867027379499362
0.0070856696244249555,0.5499526230726305,-1.1875867204762947,0.2311489550995388,-0.9910172085380955,-1.241452979959275,-0.8185150703639237,-1.9049207975020328,-0.49795343452271723,-0.9996426691375262,-1.5313369035996063
1.1920751032349737,-0.5494218157371416,-1.062980192938373,0.521184437114456,-0.8447287586425528,-0.7204242369557573,-0.7433693223084007,-1.8455703470338247,-1.0919952990484256,-1.2716595363580034,-1.3490289838979583
-0.7841378867764646,-1.8172841333401966,0.9903690573433999,-1.2360565902471716,1.4155722540955462,0.7854393311200802,-0.1549534439641485,0.707240278199203,-0.23496958119754968,-0.05774463026587982,-0.9201057087506891
2.1989274707927633,1.1303813892714032,0.7470313712951622,-0.920724087272472,1.6258184560529056,0.4139901637870792,0.49952614003209583,1.2464656708975628,1.1200145939239579,0.8252737875716137,0.2690711843490533
-1.6999553889274237,0.18727474445902986,-0.7136464662723465,-0.01976607343375667,-0.7687990432940983,-1.0012528910592244,-0.9068687336567641,-1.834845852223497,-0.38970050028056247,-0.907521423105117,-1.47659685810491
1.2637306537692405,-0.6287861188087025,-1.50107892571824,0.7418885260954639,-0.34944738668933617,-0.548161412005434,-0.7971899915837564,-1.4444305832805577,-1.3968281969393836,-0.8919388404762398,-0.6081854289547304
0.46293327662776423,-0.19020118410208603,-0.13836559190019873,0.9824909636505322,-0.15558287544486943,-0.2861837758125181,0.5789383430304152,-0.007774335033124248,-0.2638725875488394,0.2140206496429589,-0.3841546592588534
0.6125909188833878,0.11435163514408714,-1.2109921392751648,0.6640265797779747,-0.7596359230008259,-0.8455241481111304,-0.5763008376287139,-0.888637845849271,-0.6024589754488957,-0.6307709489963842,-1.0648660354785708
-1.7351304597732258,0.23786763300263136,-0.2896450232447986,0.026130280026007542,-0.5803938268575615,-0.8728713807497537,-0.5796876326658256,-1.025067618061236,-0.09527951517851892,-0.5379156427210355,-1.35856987015187
-0.2676280726768071,-0.9639042851774636,0.7179875701572281,-0.5162591394660291,0.8352232052719046,1.4686793449506719,0.2822261946960818,1.5419287632527623,-0.017453353143353223,0.12254241131067567,-0.48999758652891734
0.7363964402548351,-1.9836941454124384,1.1993332536960595,1.2239522063099566,1.235307586297628,1.2995140964127938,1.3800189883569045,2.8442959337583242,-0.17418727245303203,1.321959085996109,0.6413479610068524
0.623061413141803,-1.7188736811719856,1.2377992348716853,0.7603326267151976,0.3872614975935353,0.5475795434324118,0.10073486560254363,0.9042923305395012,-0.02195566739540923,0.5293207760753912,-0.06593877122262581
2.574972118184387,0.35029675687009315,1.739186813143588,-0.8996345265220688,-0.062381019916439545,0.03577162966089811,0.44296326505729405,0.435730506951227,1.6916266797248516,0.2395995124365023,-0.07786709818291082
0.4445304417338116,-0.2003844069911848,0.42392929545836666,0.3565476281996855,0.45545041063824293,1.127224962929695,1.014940473534431,1.6079194572653113,0.1900172982547842,0.7112808004806402,-0.09626448904841751
-1.5996043016417592,0.4604847924853263,0.4485002852857446,-0.26344425604106436,1.08061699305689,0.7864369798434779,0.6233621725942382,0.8599078453063782,1.1029884939351873,1.7812591405994604,0.8556394349462764
1.9459642728810194,0.1954775343577447,0.7029477010702286,-0.3555564467672298,0.6337326012528474,0.8726851825263349,0.8167288832781168,1.289626899216704,0.34901525468996614,0.39361550998062356,-0.325319314038221
0.9070418933364051,-0.7826913481210253,-1.4897738058500531,1.0088922022071176,-0.35688644473654874,-0.5640271446858952,-0.43932715170737285,-0.7950176452120283,-1.1642092261767576,-0.44268242741189767,-0.4369586385456873
-0.9833650747453748,-0.6596669893859286,1.2166758991279851,-1.170067263334236,0.9420877806419906,0.521856671237145,0.259346817062041,0.17169774653020067,0.5660017995657113,0.03270152333910534,-0.4793778681826011
0.9622017571075254,-0.5227690022346055,-0.288499219712847,1.2586791736805782,-0.5458511156962987,-0.6358148311577834,-0.3250850596251479,-0.585816523455664,-0.7161385824590313,-0.3024991369743032,-0.5231195312054785
-0.6755595245508238,0.2610464550698394,1.1798995073817147,-0.7073334597203765,0.4495348325197886,1.0038814897869033,1.4047379328265133,1.4704824754774315,0.7838751119278012,0.9043990203096508,-0.33191410005154665
0.5577642258207945,-1.3190601350421989,2.2595431908133436,0.7906940649662991,-0.884693802173082,-1.1736491081687848,-0.1322424583096969,-0.6877213349283166,0.3057833753596538,-0.10626904156265791,-0.6139268247692937
-0.5390563835264193,-0.2750153505400373,-0.5843929090225948,-0.6938921396133296,-1.072531773727775,-0.98235376327567,-1.1648092417575053,-2.093384288215585,-0.698643723798028,-1.3068059829503826,-1.5555541169557554
1.0007538881207214,1.0333501977963597,-0.5008236335417752,1.3548339087706918,-0.933626548911655,-1.0976552282793708,-0.047742188134436675,-0.5350957515555467,0.34380256984206575,0.26719948355263656,-0.3863815694198461
-1.0390263760612606,-0.3383519605810511,0.9308804165409532,-0.9758218805425365,1.0895419562815498,1.0967249454956791,0.14572785952258513,0.9513521747297939,0.4885031019660402,0.16043496852291805,-0.37007244079619295
0.5371757509386349,1.2275904852949933,-0.6011294805993256,1.1725572004956375,-0.8153350370697261,-0.7693851533549069,0.3434234039727897,-0.23146339945330402,0.17151515320173266,0.32899139545621003,-0.5850395827528965
0.7409352229042406,0.3351929689004636,-0.9688471655472566,0.3518317505503323,-0.7728223236949775,-1.1103256077254526,-0.7622183186134516,-1.7591050619933828,-0.4392281276432123,-0.7384213300408307,-1.3171817802102188
-0.8321380728954909,-0.22513618783551403,-0.16798676521250155,-0.8211488636820253,-0.29277723838495967,-0.4361697764495438,-1.0242041638708708,-1.0034235029599778,-0.30475333827827367,-0.8534752745491289,-1.3348714246987665
-0.6728235170902137,0.46076222880702944,0.8131702634463854,-1.1756287384600792,0.8915622718090243,1.5479513430017842,0.1904821255916474,0.7623079191154938,0.987708145400796,0.38591706915587226,-0.16403769782192573
0.6337961139243489,-0.6237532889010926,-0.8962685155385185,0.5654806289590693,-0.8255393589432363,-0.8983358923403411,-1.1879723170381118,-1.318568388361688,-1.429556532240245,-1.3418288892582346,-1.068509697187116
0.4772784591260626,1.1009908680510743,0.26240285280537323,0.5691459697444309,0.1321445606824885,0.055302031470924023,0.9876026768702824,0.5474788073455749,0.6756450681571374,0.574651028567834,0.008233461275462137
1.187582978503727,0.4652397682844341,-1.4787030345977898,0.2745621596869189,-0.37456108491074414,-0.47512304839972586,-0.5232117850052245,-0.6501235964432756,-0.671285544288443,-0.5561974202150325,-0.8219240179829382
-1.519500706120175,2.15938809793811,-1.5715412723097475,-0.3860122151951459,-0.24747158025763646,-0.41994011217696925,-0.3676162624547922,-0.5033122226267398,0.13547529011304377,-0.323870141088008,-0.8963872602434834
0.28618008928538846,0.9953670287267038,-0.7431979356123676,0.9078529420644815,-1.2050391756582777,-1.2331180116144334,-0.1594976126201137,-0.8132132829283779,0.18508287177552263,-0.01270244749890188,-1.0048405519623282
0.552391376596451,1.1896892028259731,-0.8364283757599202,0.4565955898729324,-1.0373144092117603,-1.2501251694979287,-0.5191907489134739,-1.543947664414354,0.008348167558581657,-0.439061358102228,-1.4092854825421735
-0.12490866889171216,-0.09520395945544502,-1.3268986857994813,-0.22992843563631493,-0.5222247358097276,-0.662431435898649,-0.659616190826469,-1.0664501118429177,-1.2150382549016971,-1.7788229842478342,-1.712664137731928
0.5467308129443761,0.19904487742848556,-0.8452229239062444,0.9765204760363886,-0.7419579845925286,-1.091200678977078,-0.5934467826407546,-0.835652537978341,-0.5712303556349776,-0.46968878726619323,-1.0544394516563869
-0.4446745984819291,-0.4675773606780658,-1.10404706428827,-0.580121825261865,-1.0087129687293002,-0.7425872374503921,-0.9102606154413797,-1.9211472832965606,-1.2453389419003038,-1.378010214140062,-1.3298509276603057
-1.54652639822712,1.4683101290207512,-0.3724858669341067,-0.33290412245240913,-0.7439417976819909,-0.6795286580423273,-0.24848294879582206,-0.559392950425585,0.7463389819578786,-0.15218214259655066,-0.9814202741883737
-0.4698435604281808,-0.6744630993526196,-0.692570139715244,-0.9164086457471093,-0.8479010273174045,-1.1676199709684336,-0.6919681124884425,-1.9097385517529764,-1.288482436061325,-2.0740015053213483,-1.9633959663910319
-1.7494912043572008,-1.18102053992564,-2.293296715926146,0.04713879411299922,0.8080076254690972,1.0159254413526935,-0.3928537716927599,0.4817937473029199,-1.6423887305460614,-0.3926507575773366,0.13349924087242312
-0.38773626630617697,1.0281984923572596,2.4527277455291427,-0.524879533903234,-0.7565784445444872,-0.9666857512511571,0.08852154376129542,-0.53647173439873,1.9029076645703757,0.01331253691457435,-0.1850372458864852
-0.5121985652681996,-0.11815503697897632,1.331696053079898,-0.6590017009411246,0.9125701780883223,1.2696391151082491,0.4749756439633122,0.774505434071488,0.8780776023456554,1.1365084305598467,0.14572839582290412
-0.7062900865028152,0.8836991355450251,-0.20313075440677347,-1.013453715463015,-0.373193377331006,-0.5215414542704714,-0.3688608165115246,-0.8330179140579492,0.6500491741943628,-0.3503930888965229,-0.9488478195127285
-1.6679279971952035,0.7673893648456482,-0.0560290982878447,-0.09085873281576463,-0.2314080502917411,-0.3103194652858151,0.825883022707478,0.18613489803299552,0.3685007459993812,0.33806011065828007,-0.9642654763348013
1.5975754344739217,1.5587326689340202,0.8891981866694064,0.014022414024164848,0.3433538809525517,0.4556721166051345,0.114604823064236,0.8076329311851311,1.8684645953014056,0.41377434849387024,0.2784656129638485
-0.49840267827187074,-0.1196383788719073,1.7256199808560968,-0.7806497033077893,0.050098123440972066,0.04413526815408872,1.0437343268761912,0.2833012019744173,0.9559049278623244,0.5897053771702008,-0.5899258436188104
-0.9955834872865154,-0.769295044141607,-0.2450985708724515,-0.944628775225715,-0.39711522000078026,-0.551131588095794,-0.8257457920128778,-1.5409326360903053,-0.9119208652614557,-1.6128357247248766,-1.8081808054027484
-0.1273445881526046,-1.2058870099774308,-2.0013294887355477,-0.2399357454677694,0.41362401544015726,0.2413282320295015,-0.6935529748920847,-0.31975745807579425,-2.279565064914261,-0.5417762964511569,-0.035639555894723354
2.344133753469771,-0.032424992418938876,1.6565627886317593,-0.6882658979899746,0.29901873816766866,0.3083234866757702,0.5412787919817608,0.8541086233213979,1.3870491768043922,1.0797015942569077,0.26237475567150265
-0.4647286244586424,1.2212397044820142,-0.3189869981649596,-0.9043261938226582,-0.4660123671312941,-0.7401781845725418,-0.5906106853533468,-1.1888327414061128,0.6115964302944343,-0.46724526042164827,-1.6707244490861535
0.3333495723234633,-1.867751205764912,-0.19319828732840663,0.9942925571249099,-0.34554553419504314,-0.5230453670281856,-0.6159419418764831,-0.7255394254926812,-1.2395708811100454,-0.6147482237860734,-0.5101145337602981
0.04410424271405358,-0.8786074589635463,-1.1027880926721882,0.033284743779021714,-0.821006839907919,-1.0973101804348462,-1.1541344302970924,-1.2944155544955052,-1.147106356370539,-1.034217695954418,-1.0376232902285794
0.9221257057402209,-1.3089594499707788,-0.26517246844127895,0.4128320474444493,-0.5278032153526498,-0.805281311765018,-0.7777307646234132,-1.6455623231021503,-1.3323151901237376,-1.1247537292104253,-0.9602319568997252
-0.8605331471106141,1.773732077668466,0.13709205061244673,-1.1697564622808143,0.14391851466731193,0.010949793805000468,0.013168159324097935,-0.004798006548918935,0.9393453027822237,-0.03665948265293477,-0.5512308411854933
0.6445870330881295,0.5393034429891715,0.974044504167991,0.4646665678872976,1.0692586418891221,0.5664674105266373,0.6815844459844046,0.9707723304834813,0.8245598765187889,1.6546622610515733,0.8412202562404022
0.0060121606316663675,0.7431922376144768,-1.8062196116713531,0.07770636710701673,0.28518679087267046,0.1703622447726873,-0.08200953077020293,0.1070588666376649,-0.5316771771897016,-0.03801733654408562,-0.7738179762568795
0.5249594318148534,0.24216882387791627,-1.38372752406997,0.44143806114442996,-0.6509537654322333,-0.6556405434899816,-0.7304427988138517,-1.7599875051938887,-0.8931633890835398,-1.1678169447250104,-1.4780068525468986
-0.8251101446202962,-0.8185692756208959,-0.7757520239561425,-1.2047496684660637,-1.2427558762503312,-1.0093429502916362,0.014879410154459302,-1.4809459762971318,-0.8609439104618369,-2.756715009561417,-3.0587657545253255
0.9685675334942406,-0.2430527566774868,-0.14263455224790192,1.5162557800356702,-0.26111415839264845,-0.35760208405680827,0.8245958538076132,-0.0816316438342509,-0.30873369779665305,0.41668254288583545,-0.26865513843798444
0.2321896418885842,0.49250532105279526,0.7317137446987291,0.2815134831537902,0.8892478723955425,0.230742677998306,0.7869116780884523,1.3357024711862162,0.7677029221270537,2.0320441086729724,0.8928861352215391
1.1859570655570462,-1.193607188101802,0.9960877995583681,0.39304608436928357,1.3788517798649618,1.2273916825483515,1.0741004031832102,1.723276391416701,-0.11647183686138349,1.2504377677225311,0.37666572109412433
0.7864679142303221,0.9095893070522739,-0.011463138800678065,0.9131555227710636,0.05544411142959424,0.14693186895883414,0.6478956839094557,0.805177602349348,0.3328481248775937,1.3965469487877478,0.18450122266864877
0.5683800564450578,-3.3472780983388963,0.17670600902816605,0.8669800054248653,-0.009052420799503441,-0.2721933519838861,0.5192026386056168,0.2228392487220165,-0.4405484779382429,0.35521353673212525,-0.43322282649404287
-0.6576069263319664,2.0159871565631025,0.7486872367627037,-0.9633785610035556,1.135885413158962,1.2391965384589014,0.7551885316423372,0.5803548067965381,0.7829935596376568,0.7028282647751568,-0.07552275185947074
0.93993871622907,0.19721923969849517,-1.44959713730859,0.7076571280181587,-0.49590823811654355,-0.7860804141320457,-0.7247737451450035,-1.2054832682722554,-0.78009890783396,-0.6459246187118043,-1.0328352547886746
-0.8103455421327359,-0.28442456093684465,-1.1378183761865375,-0.9412539193027979,-0.8971126493474996,-1.149340270605784,-0.28550473878005256,-1.1049029293645831,-1.065080955873422,-2.460966913940512,-2.5509583495401014
-0.6863181832781144,1.068847885052869,0.7973242058355008,-1.1812686890398696,1.0183055004810289,0.5467964498529974,0.11249379178621524,0.5365384917255271,1.6084456552378423,0.3732942712627667,0.11434704404377469
1.063929298619556,-1.0989686636449922,-0.4179299602635442,1.0436786634792128,-0.6379298628975626,-0.7498368415325932,-0.43067284701447883,-1.141878127633777,-0.8030093085067542,-0.4278156376811643,-0.6190811114583294
-0.4273499989525029,-2.1527199418437544,1.216530898591052,-0.5988889670459754,0.417534811854994,0.13766461800594978,-0.265536596457527,-0.20405384757509315,-0.14564518947117205,-0.2272600960321334,-1.0970496256707714
-0.9043594862544708,1.1735666838567724,-1.5842267054163448,-0.9850590726999843,-0.22184582068326078,-0.30301078652709473,-0.8590974991710552,-1.0915625778241587,-0.19999483649710748,-0.8158347091206866,-1.3459266714836295
-1.148602994016611,0.20246250214498368,-0.4759869770211508,-1.0682983365905594,-0.9139128614152051,-0.77188414861247,-0.8621303126108887,-1.60665329304742,-0.23988742963474535,-1.776599517433517,-2.5706779745685133
0.8614390401784523,0.17896024833004512,2.974830882495985,0.8388458945291891,-0.7927854796654138,-0.8563565827345977,1.4172453163272019,0.4998481410793955,0.6104458991434756,0.9142009099692296,-0.3785838484639272
-2.249095279009462,-0.49679188357263054,0.7429109923662309,1.4670792939972896,1.050020256348352,0.8584986159284963,1.3891326137066558,0.9071048167441882,0.10221443080379707,1.7624154900992137,0.8901845945566426
0.6759674558242614,-1.4371816794456191,1.00209855027503,0.7828019565428173,1.500242345225518,1.172479479297713,1.1055837710760843,1.2296678706900566,-0.07400019323567286,1.7021599025930443,0.7735507410955612
1.502856505830557,-0.03851355603262975,0.3423053587787426,0.4354884813398729,0.8311540702103589,0.7628711788495957,1.0611240431232434,1.0183762399524154,0.570168111813895,1.8547916064341703,0.7187009339942944
1.3461233323289983,1.1891850927199226,2.6750588735100598,0.843831869922019,-1.2276512222432772,-0.9771710734189158,0.25847986135834145,-0.09624045005754456,1.5010071910203293,0.5450877072196688,0.11477351285500814
0.7083124731286766,-1.263681601520785,-0.17502761956649454,1.3496317015736972,-0.30001255688128986,-0.44178973082309486,-0.3377360117371917,-0.6838493614697886,-1.1341285562890642,-0.28531938348884567,-0.29707754227819083
0.016648501150127344,1.799242234278497,-1.404222410603073,0.15646885676963201,-0.456032490399642,-0.7112220038757261,-0.33384743187353666,-0.7132826632042877,-0.04110656676449352,-0.28252828013484504,-1.0675181895265908
0.28433821432961526,-1.3235660297767164,0.8830933634259975,0.4051227494386606,0.5317991131087725,0.7527328803601808,0.12731823478863016,0.38633979189423373,-0.14012261980553098,0.17950263117094853,-0.2626322933885749
0.8748367986622974,-0.5298119943627185,-1.2817908211617823,0.8897743179478858,-0.5660658947165728,-0.577582364760078,-0.6689053218091662,-0.7942867612205982,-1.0401066297493382,-0.7761504754291074,-0.8977576729207818
0.2362744199791637,0.8826475155619552,-1.1421666459329993,0.5132021966891469,-0.9353373768227905,-0.7541957385414018,-0.4609142079637134,-1.1626062289897445,-0.14276861775861366,-0.4389804382284732,-0.8699155252531121
0.6065884849718672,0.3772001099838319,-0.0705992213157765,0.9668728819380072,-0.12917481304168715,-0.26241734085622664,0.32335397382759157,0.8757438518285373,0.1584673519390199,1.0541648923298113,-0.13045230465427096
-0.28948049247345914,2.5236648166133078,-1.1143251824145166,-0.5531782590019958,-0.7298716230457197,-1.0098217480104765,-0.7727177496843518,-1.5018863207358764,0.18526552293454285,-0.670023271531987,-1.3888032536305097
-0.6096525695074343,-0.2562986694798518,-0.26771380420194546,-1.1101070558927872,-0.4221710092051795,-0.6112588406497976,-0.9926929985422484,-1.2545998677967343,-0.4087261977644339,-1.8546661210469388,-2.7024860514449527
-2.1613347713626156,0.3193717732600556,1.1551769219539274,0.9732785220859386,0.816316397897407,1.11401018599565,0.7629225514335094,1.5757311179727522,0.5535138845557389,1.30171908265303,0.5950841568614081
0.7300041475235123,-0.33091281869029593,-1.661821932619569,1.2026901309678788,-0.013345240277033973,-0.11588533781839676,-0.2207360020137024,-0.21633913982413147,-1.4186987919621499,-0.1383706220856869,0.18698451864313242
0.5426691330837331,1.541600647424604,1.3720039271674627,1.295216966362236,0.9588468625281515,0.6231656691824893,-0.3052363213545403,1.0676287036538372,1.8633914535643055,2.9254389643526877,2.6354117837025766
-0.34604789494001464,0.01893705983557975,-0.22089339202884456,-0.5124214960242767,-0.4169002961349174,-0.658446151452142,-0.47627155571523305,-0.7387300955963476,0.07379739869765675,-0.5077421894181825,-1.0245880745976343
0.039729740030878376,-1.4803325835211065,0.4887656117754151,0.29898803688325143,0.8798186511431884,1.4620242220190418,0.6838382803038974,0.902064324547713,-0.43170418512426845,0.4483994367707055,-0.11921568345177223
0.48015678385395005,-0.9585238878939027,-0.05881543950776516,1.3484305549004973,-0.1410132969117327,-0.2000172871980222,-0.1384750529513935,-0.2760002263842851,-0.8501579971949231,-0.13519286450782925,-0.2945863187169595
-0.2912995311290154,-0.48428645898644884,0.5597528837996789,-0.4885957682241925,1.374806199545044,0.6007007996157737,0.40848056782779407,1.565927201971518,0.3418816302149954,1.1813282312776765,0.023422000893056967
0.15296993435190262,-1.8302756870208436,-0.34199754352898015,0.35851369591195154,-0.6807218105347048,-1.0279746152566482,-1.0375609414033002,-1.155814507436475,-1.1589699364717265,-1.2428904967209353,-1.2376561784495634
0.08244256178563084,1.5148976567252372,1.1642943326453115,-0.04017747077375192,0.36691867771183156,0.1403097906252235,0.6482173185139345,1.1067525025626346,1.0861157566436748,1.2035234750942818,0.37791201304957234
-2.1045085784505524,-1.2066325833327933,-0.476977967520994,0.6491050342389073,-0.8015979483722716,-1.0800171234897862,-0.8287442078274283,-1.6429205619887968,-1.5029809228119713,-0.9331624423019329,-0.7032725554611192
0.118192769654415,-0.9289069578637803,-0.4648062977083446,0.03309338048950103,-0.9136394714307513,-0.7528246436942043,-0.9183243294277281,-1.3527886899350967,-0.8245198138503694,-1.668094775778664,-2.0320252278361095
-0.3083964490508451,0.6398561831247274,0.5223153665684227,-0.6056502074337013,1.0964949823210006,0.6336385143559549,0.46678899463884893,1.883770447166605,0.7239309061576549,1.0953043895133732,0.1168392263524738
-0.6483977279400237,0.1931844508678861,-0.8130975898205057,-0.7337074668857607,-1.1998854931734977,-0.8195426234502537,-1.036803357560644,-1.7986459231706022,-0.42439710289864213,-1.5209810408678863,-2.0286244490221703
0.7315059077736342,1.0264606936207283,-0.7182377534910066,1.4102905628848592,-1.1555375145624005,-1.1685506708307767,0.4242603545407373,-0.46663651522314015,0.28967340302629313,0.33856063273811327,-0.5832392109223892
2.2704175721350244,0.010225437315509229,0.09793165565210024,-0.7482675865983716,0.37792734902708736,0.58044965751448,-0.3923673313944567,0.11220193687895294,0.021082076625473532,-0.3296883335060937,-0.7905253703218246
-0.6860829313115999,1.0867663723617813,0.46573908865349584,-1.106586410948271,0.5837706642822643,1.0280299862271693,0.2391006942289075,1.0763134337296616,0.3733810706575894,0.04934486743171936,-0.7614109283549171
-0.007618421768867516,-0.2661636270942707,-1.1184576667990191,0.031363621300152134,-0.8247863316436941,-1.1590583481157781,-0.7071890186428091,-1.6408759276895224,-1.0954705955624742,-1.0117373874544218,-1.0408682971334768
-2.156196879152391,0.5410823049241041,-0.35954750134779484,1.387687217089987,-0.725425498029247,-0.7117405184057758,0.36081837642346914,-0.30960114412454237,0.27913086240121004,0.365968606813042,-0.3178997908442013
0.5556152399711874,-0.7658146627356196,0.9155773183454552,0.36173036657866847,0.8654460240566987,1.1368891178666198,0.3936263114184355,0.6639416903379701,0.34613097679542604,0.7681382239351635,0.13722947584382522
0.7504551418157884,1.0971089141754435,-0.7696133011412196,1.3552771118614397,-1.1712684371015623,-1.0218064534495819,0.5393500228734105,-0.44796096042126293,0.4059874183775215,0.22733141037496862,-0.44473816784331804
3.6167821547868035,0.22787712873720664,1.0128081703519587,0.34349637008371964,1.153445791751163,1.094891261127931,0.5371557494237849,0.6379356788072035,0.5219179109428624,2.1258441288492587,0.9034271166944042
-0.902987326170759,0.6655935089153009,-1.045747914925574,-1.21810432709909,-1.018224545905949,-0.8417164580987043,-0.9065105689185857,-1.2484699183964374,-0.3096739359292648,-1.9370530618631834,-2.657732363550176
0.3826736101285319,-0.8226910478897462,0.22411170037481148,0.23791520885439532,0.23249194115549598,0.33146115367889356,-0.07448510283009474,0.47207589086935425,-0.3880610886916964,0.048412578422700824,-0.6955312983516228
0.763817859442464,-0.34885797085806475,0.4168006904844236,0.9239208767230696,0.264119985431269,0.6418987272531025,0.838318542277117,1.5035340205935679,-0.09338549153299458,1.3525607488985885,0.23384615488355714
0.2718883168865916,-0.39029738848034273,-0.9587937124208071,0.3356900834404734,-0.7351809812350562,-0.6902074878358946,-0.8342261455326048,-1.4870205001529762,-0.8363753095900618,-0.9550963637361383,-1.2015202083583507
-0.23992268290924282,1.6640727931072896,-0.13744361855426193,-0.41594506160862876,-0.24942105722523764,-0.37756820381120376,-0.16896259296406732,-0.3879979777463317,0.5651053657642228,-0.14664940410188948,-0.6826318599750348
0.9988512993801709,-0.18112399524402176,0.12817922120737038,0.7507161891538736,0.05158757518882985,-0.042098293988472056,0.64795678762618,0.9102859393961548,-0.06373479098623908,0.754706091250283,-0.29336038805804665
-1.2309037755821817,0.11231545484343848,0.5280589995216014,-0.7504315424517581,1.0020796823488771,1.2090736015821657,0.4301738462368085,1.6780248311879262,0.5965251582116172,0.36808709478762436,-0.21736518833299356
1.707987118246516,0.13841727170226661,0.662178134511793,-0.08342920181476204,1.1459374301952985,0.5695596058465837,0.34058385675609226,0.7169756399091537,1.0870864717916604,1.9394637653960207,1.0161178112453177
-1.7954371611820337,-0.35361968062279087,0.25456642951067404,0.03639260172235596,0.6318943722261844,0.4865337058091853,0.8384432380671575,0.3444055174452479,0.11073118722725157,0.6751276526570066,-0.23832794762130477
1.708145607098739,-0.5425517854873899,-0.7093927199595221,-0.032066122855021306,-0.7242314852918206,-0.75058349293127,-0.8480245547554693,-1.645787512676794,-1.1767825776581835,-1.913412264757628,-1.8844622688156996
-0.9226576659818652,-0.9754335773773625,1.0843771961621687,-0.7829574660824403,0.6921093026393129,0.6490792086615982,-0.06518110818643172,0.11216940312676929,0.07773462535519035,0.01750227833278474,-0.689455693441285
1.1153976171537727,-0.5923926306862078,0.551878666011218,1.3437800841914758,1.3783898810546193,0.6936913005724997,1.2598942823853478,1.5357756387661397,0.014433554432768171,1.0798944007833466,0.5256648553920631
-0.36671190752687655,0.5079476129276271,-0.021876252903101603,-0.6916147267483292,-0.10591980389482558,-0.16869746337147945,-0.35196719686917477,-0.39482146290775166,0.272120724091644,-0.31474848589686794,-1.500093235308935
0.07841853295974839,-0.3655631006001454,-0.12492704074693463,0.01319126843064207,-0.23594619434523523,-0.3565980044077953,-0.5164688665034126,-0.5959757580476805,-0.38074180742871333,-0.4956232807188428,-1.0351137329685036
-0.07333874185489336,-1.8117960895207317,0.8102084780379006,-0.06686828533857186,0.7601977445323334,0.5096496090141904,0.11474424757271162,0.5538601584906838,-0.35491398242081695,0.05594978997506088,-0.3863605069153142
1.3284252219087145,1.2280987989022227,0.8894033205221873,0.7974974317733831,1.6178990211739905,0.833608378259661,0.47067682780761066,2.4363171864898856,0.8472031609690667,1.497896253046079,0.885449286104846
-0.18310268221324705,-0.6687274019560746,-0.41791010236950205,-0.3387896181440095,-0.7177467933497207,-1.0451282757702571,-1.093327897111596,-1.777296449592125,-0.9489168320552213,-1.6557503915369247,-1.8437804100441502
0.5015022663070262,-0.890696134246435,-1.1722046665019126,1.1275768079415507,-0.6430548167400931,-0.7247162889704173,-0.6527680925602868,-0.9103474998228706,-1.8794248362483632,-0.8488850074315816,-0.14495323583939124
-0.7827085200973961,0.1652270832944331,0.20190641086947825,-1.2399659948036363,0.12226178670548885,0.025249315125750224,-0.43552713112826474,-0.36314863375969825,0.2635445502380611,-0.4510009464979274,-1.4179555141540816
0.2476878270320051,-0.157608218239626,1.9689874843964572,0.0797931970997646,-0.40980372797495374,-0.6312560976623672,0.40993907356813664,-0.20126902644030722,0.47851022967449486,0.3282129181374487,-0.8915470778746193
0.8599959718183782,1.2178602661499422,0.041771819295307794,1.333047856255507,-0.037063616928520324,-0.1140718349210431,1.157845236012974,0.8938741204250752,0.612484718290574,1.926302474922878,0.6915873325106913
-0.3394799428533149,-0.9733397281815155,-0.29496142816902693,-0.5110618153525088,-0.5911788018960783,-0.9181304760503464,-0.717327177236666,-2.07371858373999,-0.7041744096145809,-1.8707340812541144,-2.406445869794097
-1.4644676556523488,-0.04688983614922437,0.5123573086332017,-0.5144596080930158,1.1111754025449485,1.1568389712743843,0.07493254716999859,1.5268418103166015,0.3608963022808427,0.17635244475208386,-0.3287623451115612
0.3986637550732887,1.9150580679618592,-0.21148562008497018,0.3182239809770667,-0.4078319858054171,-0.47098541585335685,1.120058677340031,0.3815180164634587,0.5515375966363567,0.6801177193005697,-0.5766165993553231
0.9215267329223896,0.6947924349648087,-0.2076758222465155,0.9595813844240447,-0.40413719306376833,-0.4745082870109773,0.5700122470277009,0.3503539708341948,-0.014170885071571937,0.4687264882295025,-0.5700644001676642
-0.9418349233852886,-1.2536411523818731,0.2587344402629835,-1.239709918009994,0.40177108129629013,0.5601302572466087,-0.6874131816323668,-0.2773637221542171,-0.5987044789360433,-0.7772434251020987,-1.0960261887095086
-0.2923917942216293,-1.1334138744855042,-0.19984651330455577,-0.5315173624352257,-0.34062637643608856,-0.48718434936535615,-1.0532442143853367,-1.6721987973983,-0.9785168218017485,-1.592558508681953,-1.7623791753799356
1.3824261937942321,-0.785319762900257,1.2616231832344467,0.5725767365294033,0.2842965161494253,0.24512845765839852,0.5022984716321586,0.6355936790384232,0.19379769422331716,0.7926624451010634,-0.06951601981749853
0.348387210706063,0.16011181060774055,0.6124776508926056,0.28151713408599777,1.215808782089726,0.6158466557125246,0.6232231667061254,1.3820723063256959,0.2605881268973125,1.2445469057818788,0.37022087403124526
0.25898733182796635,0.08530967170377202,-0.9889351935102285,0.7333160474711137,-0.8090089405165222,-0.7498051039393673,-0.9295521099653166,-0.9308742855906393,-0.6489285540423355,-0.7586165401096022,-1.2581380162829225
-0.35282259515793774,0.9247400109847985,-0.6283618811275545,-0.5100989524444871,-1.0799512349620268,-0.743061428215042,-0.7611468077920176,-1.7492553325886864,0.20156508840166454,-1.1165016858642662,-2.240585366466979
1.010891242349992,1.0935541638747053,1.3944265529225284,0.9573578100097339,0.2510905634672512,0.43387316502933654,0.29036811626280334,0.9486543977627226,0.7108954631666882,1.0685154485459063,0.37819720959526354
-1.2227163531243928,-1.3820485120154329,0.9903615910218054,-0.9548796891131333,1.2945750248129069,0.811463083249516,0.44345850177978424,1.3239652831121251,-0.09011326158677208,0.3198300984997062,-0.7516065350588428
1.2621032665090044,2.9708827579142016,0.4541831522159785,1.164578617048829,1.3018771076465452,0.6571182317913868,-0.10978302332783221,1.2764906982314295,0.5888821935989218,2.751995026445981,1.6062593341093396
0.9845178999486839,1.2999587990797854,-0.536151794037057,1.331985692921789,-0.9954228440186029,-1.085147712573724,0.133752987643746,-0.7756471077518581,0.23817943324973376,0.04831428857703271,-0.4793300498098879
0.5035979761220651,-0.0035467294515754435,3.259875444371792,1.1906933998145124,-0.2892368414996032,-0.39719510991391793,0.24211146508691217,0.07870049357305163,0.16746865111760834,0.3051772346206755,-0.2362750496985569
1.5345222778561054,0.28119377596837686,-0.017420003238705413,0.21055486296477424,0.018468842011933058,0.07540891790451144,-0.16671189973352432,0.10104702007351662,0.02442897156932468,-0.035319588451167616,-0.5246139768668974
-0.3361769285573369,0.4009418311298712,-1.0302459932898382,-0.5299888909505106,-0.9238145714932747,-0.9436526421888571,-0.7980706156119167,-1.502643257209844,-0.43577632642781994,-1.618456627251134,-2.2754073279641616
1.081824845349273,-0.3201605254529031,-0.3485761912808188,1.2340999631192802,-0.49323344079784964,-0.6854114571711787,-0.06738953349122878,-0.506767651031175,-0.4613302985678016,0.006439117022329896,-0.6593469527543091
-0.3026066068150576,1.323005008910548,-0.7471202087494357,-0.49960141335663566,-0.7606289791217709,-1.036997635987751,-0.6778536368220719,-1.5055704792055642,0.26577670477198956,-0.5821332781804255,-1.2851382674955136
-0.8380349781245253,-0.2423133465837904,0.033552502104314035,-0.789446538186434,-0.047967821666531074,-0.06091584755587637,-0.8998538170710625,-0.5942229879756,-0.09000111820203115,-0.7841721713697932,-1.8706789535884083
-1.2024529505918995,0.1618722487942787,-0.33512889355339553,-0.8745301411481715,-0.48214746867692637,-0.5341990697641188,-1.240728731772958,-1.214703238468974,-0.10609050925315038,-1.3116150895485927,-2.3167850981608464
1.2853894081593695,-1.4637003865488991,0.13116408094614332,1.0810828794100218,0.14193866259925736,0.2999945158434052,-0.12103267734696853,0.32689562494416363,-0.6066122067380583,0.08934624542804445,-0.21592428326442048
-2.220533219659671,-0.846202554233482,0.10762352809341726,0.20600954335663646,0.4665533915772162,1.140580402054296,0.03583108049422247,1.3626160376549956,-0.49807759601494406,0.15419521832779615,-0.539242989284134
-0.3842458846696675,-0.8950166315761218,-0.5213180238000035,-0.672044151752065,-0.8095124547689284,-0.7237155439192071,-0.7425957034537081,-1.6418788499358388,-1.233395028685632,-1.3225591933818457,-1.2828712825557678
0.3122176998263557,0.9385913588853524,-0.6308113107383726,0.11505033607635562,-0.6971821031913737,-0.9968301830876107,-0.350089202003125,-1.0735462787541952,0.1720892250754864,-0.2927847459790661,-1.34303632580356
0.057885649496922376,1.8768457753053474,2.4701361734943124,0.27408040579624426,-1.1863018686084272,-0.7989416806962277,0.32441817932300465,-0.39200861576675206,1.4238492339411932,0.14473760239570946,-0.24507999183505255
-0.2850135032540218,0.3004161800440486,0.6956439686651233,-0.42985855686840185,0.3891192502600217,0.5132719701647533,0.8799508903332419,1.165658286631471,0.9328667628465376,0.9203749981727933,-0.037968048158458646
0.6367765552389232,0.4363883030370875,-0.4440993306232912,0.3930302016623745,-0.5996461863444376,-0.9287247870525215,-0.0800351147592551,-0.8589562974574199,0.11249251775665133,-0.09168104373468908,-0.8543515180506314
1.577887817402104,0.860312287513492,-0.14965822700155812,0.5022542057930353,-0.27811477718072614,-0.3593081326083971,0.5369698821434853,0.3728487638753153,0.6450029315666092,0.5587917652405442,-0.20323532866453087
-0.6292467317187234,0.15459449265467054,0.14412303626567158,-1.0567625960399525,0.08576678441083023,0.13418966910929706,-0.538170394530322,-0.30732115941371657,0.15760209989826673,-0.43434844826176094,-1.1656975559975322
0.9425728347260354,1.5849742173772305,1.508703500841846,0.9434905994633465,0.6614107216014765,1.3352868511926321,0.5265623302531374,1.707313516144727,0.9691496270389535,1.3704296202424868,0.7564627754818251
-0.6397492717356033,0.3657777186546254,0.7754841791196578,-0.7322148590015427,0.7444677144893154,1.0796704286372503,0.3381520737622741,1.5755512855369225,0.5611855750497948,0.3463636453291697,-0.322651638241623
2.386184654623786,0.5057733398954938,2.3583790873715187,-0.7184667096497093,-0.7002712979115713,-1.011344539316318,0.09369264298684613,-0.616227147220755,1.9734448164105856,0.13961782681132,-0.0850295277155518
-0.2288176767379809,1.1371298861544235,-0.1334832488164336,-0.44488792911329156,-0.24140668842729118,-0.3495637666582564,-0.2127032858221519,-0.4706893705975714,0.3521005994206683,-0.18292195272647072,-1.0035130063710742
-1.4088168813720159,0.6035840522391036,-0.7114749028482357,-0.5803029371366539,-1.170471328611723,-1.0994313763849688,-0.7174936941631945,-1.053164351942098,-0.10398650128955782,-0.9303626090910397,-1.3978762947703145
0.1399665814015058,1.1667173613649662,-1.309816721609523,0.3824228070527805,-0.628074616838807,-0.6224530516563732,-0.294940252048827,-0.6226732347687232,-0.050644325879383334,-0.2581287689494352,-1.2640627730506426
1.2456764022076883,0.2842684879150289,0.49615522418233404,0.5713039986745725,0.9877522926013658,1.6358705902000312,0.30023660426796345,1.4122840774494,0.5508295555912239,2.4818320697072926,1.177584982985473
-0.15150152047465212,-1.118698558823847,-0.29599895176521696,-0.27574789786890763,-0.5711028284681549,-0.589390430003808,-1.2331905517130686,-1.064769098850283,-1.1251273151585135,-1.2799549955370282,-1.3000539461577685
1.1755863538340585,-2.015100408172482,0.07321806573314164,0.3781722670553325,0.26252118620783194,0.44750254937381184,-0.5093394596483464,-0.012250882109156785,-1.164833796717197,-0.4510249684809784,-0.43738546254379296
-0.4878046662987234,1.954732813445433,0.037870654100911665,-0.6810198361580744,0.08837452082890387,0.11793012519806963,0.6670154058255818,0.47975117198953815,0.7694737813084042,0.45047742934357937,-0.727966806079757
2.0831546004711314,0.17842716822777735,-0.024261287871874024,-0.5801045074079153,-0.07597336831489943,-0.0642954564372443,-0.35632189042627205,-0.327424155865009,0.18585502340962706,-0.300149495074343,-1.3162198427722673
0.12010365563145659,1.4676652550326685,-0.15263309309365294,0.2880342913891085,-0.28121724048650065,-0.3642813303336104,0.1606914822325715,-0.0483262538486723,0.3631291979620191,0.20101908528243298,-0.5125077985180497
-0.39277181605706013,-0.14068507219666393,1.4086708404627126,-0.6164524414761782,0.3986129117950642,0.5457605878667566,0.09620881440399637,0.13229492300195142,0.4790857593323803,-0.016611547051302744,-0.5344213318699955
1.4679613359323107,-0.9122008693988682,-0.6567205835861845,0.3299338519642111,-0.7026860689685286,-1.0441733833016569,-0.8255097132240119,-1.2979958869238115,-1.054795125417646,-1.1177962564395127,-1.2013178505318713
-0.11760068105386871,0.1707984179868902,1.4446356788936503,-0.29334879620440435,0.27365567307301025,0.5809465407400134,0.8199548068809683,0.6114574209396527,1.272101400967677,1.3661307615636276,0.4536003550334401
-0.8580493238820052,0.769732122057865,0.857936615413959,-0.7962803273513037,0.8976975476902979,0.6285911666432609,0.4305038259344638,1.9278595417823292,0.8930386197963307,1.190822629639131,0.09398195989255932
0.7399414039645511,1.632939566780944,2.2913456821044558,1.3232589443574136,-0.8463400905337357,-0.8358349565678721,0.44029137540590074,0.09740434233741456,2.896492538581032,0.9706831847434914,1.8118784392713603
-1.5681375636508368,-0.19188577930743392,0.19301981875134513,-0.2617748596054571,0.5159729134731688,0.7707358514650848,0.269516536754902,0.9537966624926718,-0.06303443805956023,0.2666840883038337,-0.7356112308101492
-0.3878565148310411,0.03247186678172635,-0.756758093116045,-0.637715388169719,-0.9246613138218289,-1.1605515852108887,-0.6337084389327912,-1.2277613993279712,-0.5128456706513901,-1.862015195714533,-2.4924441624459543
0.22117191568660297,1.3870630893817055,1.3021688328135368,0.5824538992561962,0.47101983330497665,0.37497006759982493,0.4265380034345505,1.461106022186839,0.8666772988319137,1.7912214170347132,0.7919205111318738
0.014233635297312053,0.9907004875217645,-0.7046063821453774,-0.1298795782799458,-0.7791857467970114,-0.8182480607610165,-0.8967687241855048,-1.5059380437990788,0.023368503977222635,-0.7766341125097493,-1.8667568295395731
0.32577821152985337,-0.28774527768608965,-2.6820764641583366,0.43846176473857107,1.181949185610906,0.9243453397164597,0.1106202190635198,1.1320236375464374,-0.7985798844498911,0.3256672348243611,0.07202413278324976
0.3017100117920516,-0.036290460115486145,1.3888191269593155,0.7093537285598877,0.7314332177481921,0.9421773494689337,0.03049190498045861,1.3937950550731375,0.99199383122739,2.6657479405377362,1.5423406226004728
-1.996314603842784,-0.4808817479339478,-0.5408818741126552,0.8237013545448775,-0.8284598785254444,-1.1390631858600662,-0.5837569124577264,-1.558116113042666,-0.6997310868304641,-0.5942954204251831,-0.9075511993586443
0.747345015300662,-0.6369905392804035,-0.9905439910730486,0.45058030667390003,-0.8689432729510821,-1.1796515456410195,-0.7388263157916388,-1.8328276429746084,-1.262169958674977,-1.0853285289891117,-1.0065761989174729
1.1141368906436462,-1.2262377781925429,-1.7611868376785627,0.4744992205561447,-0.05214611168965798,0.04485301615747379,-0.9421821160237025,-0.7395899911699012,-1.930237274599285,-0.7568485641495424,-0.021741101169203254
0.08496192505465058,1.5267569276880026,1.0389547626670097,0.005975257259800873,1.2328585071447467,1.2404139963722156,0.3961436452178089,0.8004636702568724,2.1945146573925576,2.519530639215461,2.569255219553399
0.7904806937564158,-1.660707426644655,-0.6870957064883975,1.4425372956850673,-0.7752712635909398,-0.849572796470562,-0.5986237648395768,-1.2523222983365767,-1.5411191287666168,-0.5798845563395345,-0.3880285380316677
0.2013124437249937,1.5824606919992066,-0.8130810324397039,0.5807418443640715,-1.0889020710888364,-1.1811195486520494,-0.1662039851618406,-0.6319235028759731,0.2355316628698188,-0.05146792254816118,-1.2906567202562507
0.5920111755088149,1.165278437814138,0.42628683547983726,1.0991362698999834,1.0822246567146694,0.4635362219810712,1.3544345251757566,1.1361421174970814,0.7850190538865326,1.1556014353468391,0.6250266658476951
-1.0028503305539527,-0.4567170214840246,-0.9627360379776788,-1.038749111917311,-1.071248796047381,-1.1167546996236775,0.12650708777251304,-0.7919832609410727,-1.089273592131021,-3.069255286493748,-3.147164525517602
-0.13874694584963962,1.5618721077058455,0.14306362767130437,-0.25151628328529285,0.027735185995568984,0.04372035069289869,0.24129551263308377,0.5466158478236046,0.3659490022764714,0.3268350380675973,-0.8658693020865843
-1.4948700530203674,0.9533298628807462,0.3643747340903593,-0.3807299862307144,0.7942883097188019,1.2260527232035148,0.3856407481700489,0.9141359098061255,0.6042284015331525,0.4846379708344524,-0.12392731282979134
-0.20803364278890582,0.1834846705736857,-0.8750875573386204,-0.39854591637393477,-1.2566033226542088,-0.9161423457355042,-0.608428764825517,-1.9844729788538389,-0.4936124429568636,-1.93219926298786,-2.6118144706926847
-0.2374580721969715,1.5811296869032878,1.1293179871742483,-0.42116962981378925,0.4663822782409893,0.7810821439458517,0.6857311974697647,1.5686872781282244,1.457468665343841,1.3882584115016858,0.6801055875663554
-0.6733255504009565,-1.5763278589513547,-0.4478359747810804,-0.7804658469097325,-0.8835292029507986,-0.8839923337569099,0.11319384312530056,-0.8824584756971212,-1.4329718306563177,-2.846571586498543,-2.4993497300431997
-0.2710997454454932,1.315025237397735,1.8155909731810789,-0.4898693338539969,-0.19644328401985806,-0.2481221000921439,0.00172664652416352,-0.15975045264320925,2.595725274779954,0.028652012066870874,0.30737775356331415
-0.29076169457015605,-0.1119184513905212,0.07831401815937142,-0.46206398564473844,0.19111503014239395,0.5354551437007259,-0.1027823151754712,0.5103689225846811,0.06733357185998087,-0.10472356874651342,-0.9851406196781275
1.2795862165308942,0.761225677417645,1.8422808070381742,0.6416893385632252,-0.24441956347677923,-0.36513194016765893,0.8820653458850893,0.3425803927658392,0.8076085162574428,0.46694630098169404,-0.07832568814600943
-1.7308890925754288,-1.1653743583944591,0.6894559913883648,-0.03817672204017122,0.5327062631260175,0.3552899989424583,0.028999975833965616,0.5339033556609671,-0.21499189369445418,0.030200605131468647,-0.4478325983972371
-0.42391239072791254,-0.6876604272325009,0.08431875744817498,-0.7101870934810454,0.42133016630897746,0.28666485823930077,-0.46746640212262713,-0.30221267929366125,-0.4674170720308157,-0.48625055723434846,-0.8441469923080012
-0.04631979980229028,0.3823648359394199,-0.8782816197080644,-0.1439174167220439,-0.9494557250251994,-0.9397253850178321,-0.6853754429256582,-1.7936836320131089,-0.36271008944009203,-0.8964968054436346,-1.3541430484377175
0.22907426295197517,-0.6000218798632296,0.17161953891932533,0.5546925993482856,0.4667491084124026,0.16597281832380995,1.2805978837095506,1.3801718629741826,-0.2816261191554322,0.9526649181217363,-0.020112998417818717
-2.505609076467793,-0.422450801791141,-0.1634846992464708,1.0303375163784088,-0.3080229800047184,-0.3672445171965339,0.2794408904385457,-0.006256684096113373,-0.39512911790313393,0.2545789480019475,-0.6000553749624478
-0.0191357243858393,-0.46920494875973695,-0.016070933266133226,-0.03302013695001393,-0.11941824700471426,-0.21399762393056293,-0.6387398916182914,-0.5354247949348429,-0.35414648901793744,-0.500728447274645,-1.358730378687652
-0.9306971244964409,-1.4238018559671195,-1.1360945074711988,-1.240360806136884,-1.0713949077535905,-1.1846474208271998,-0.7141498023623121,-1.1564653007480161,-1.2130054636095113,-2.0655954313751153,-2.0228346305401104
-0.9103960181739041,0.9293667465087627,0.16182116816323489,-0.9355869570184875,0.31925349399484276,0.6362812887120071,0.5992138630208341,0.5111623496058537,1.306666572310335,0.5764969670662554,-0.08370226341818428
-2.4140987320227723,-0.12888458884265164,-0.7399876039699443,0.8380285562898271,-0.7962648096747619,-1.0168465572479513,-0.5801706951588399,-1.3044682140720276,-0.6152628704096347,-0.6076525795984266,-1.0911962592239526
-0.38044738954439744,-1.1471534902526785,0.20368823615141143,-0.5419490183374225,0.3813205977534494,0.07131808006671686,-0.5497185173051136,-0.42035818815942566,-0.6599058312168569,-0.5782631802507062,-0.905886691992502
0.9838239570382943,0.9507158930388454,0.8954050327647978,1.2222393269365748,0.41086795782861835,0.4530949312861602,0.9828664290667178,0.7452727945396538,0.5634899597129206,1.8164924243398193,0.7973571744051982
1.8583040821264272,0.9410208611061247,-2.487913548118796,-0.23761442286564477,0.7845624758353781,0.4992191436830472,0.28045255095122584,0.9646623925478363,-0.2063954378318733,0.4879703255868275,-0.530692262641715
0.15178747687254776,-0.1482877131937427,-0.744014041374992,0.30253726655881963,-1.1213752773297438,-0.77078890577851,-1.1081578160845458,-1.3249606855122362,-0.5589876153749718,-1.0426026155248127,-1.5152922176358796
0.646191397364699,0.5135450709826999,0.6004666042629961,1.0987355464855657,1.2950330800299779,1.4901502525695058,-0.4201470953384148,0.8015902567038509,1.2720090541274913,3.0096777200343956,2.2055083616478783
2.5848471782480447,1.5445577363373073,0.525862088498185,-0.8899853454655612,0.8630386724710335,1.1896710151963703,0.5305881198498472,1.265874991443048,1.398420835091861,1.482082528638123,0.6647901743365793
2.290381851349009,-1.1696483058486216,0.6853007473311458,-0.735423032322256,0.45979462916143443,0.5739602874276487,-0.4327719477082068,0.09089894430652448,-0.2172791914035415,-0.34651583242648154,-1.3434555556766452
-0.3669296117365025,0.7812618827103489,0.9727665128767794,-0.5182766541235815,0.39100920294465125,0.4196591805059919,-0.12223640041419107,0.6221502645993954,1.1891700608437032,0.32915194856332386,-0.09339536070617249
-1.860264505339322,0.15223655563208457,1.3683460725584093,0.19300156391514228,0.5987651437891925,0.44701494411948733,1.2324873406709915,0.7137440703398288,0.5629559725399732,1.5803348553858882,0.3593523224791537
-0.6375543619120273,0.053452559575871444,-0.23220748133894434,-0.6918913819859407,-0.45058310302078897,-0.6687784620589559,-0.6518623633450444,-1.4418406556378105,-0.271381263746178,-0.8170849751355715,-1.2682692663293236
-1.670498057521605,-1.1366368060634375,2.2403336312966533,-0.21477348874710472,-0.7028316214981398,-0.7428076476839275,-0.6232104558738287,-1.515227039622598,-0.04337136107362585,-0.7601199211612306,-1.6057491634537069
-0.7927504920660084,-0.038259305793248155,0.9183203491042271,-0.7525249339722265,0.8037136972901138,0.5175313343133108,0.21536210382108611,0.459149126643543,0.15076188609306013,0.3622305146404234,-0.7436779131787865
1.2104003551180975,-1.0414718527944862,0.3666777797482323,0.9042001501430311,0.9983864142635205,0.8833983605403847,0.6295333852329841,0.6935076689956854,-0.4523854780401355,0.8805182512780999,0.32803133701842635
-0.12570440091587948,-0.13152007828060575,0.95335661833408,-0.23373907749005282,1.3813901047625006,0.5329273584402943,0.8539472726445267,1.1921507186357554,1.0061378220835393,1.0389791644624184,0.4546523893250358
-1.5120610354261175,-0.8285079164885805,-0.705250629575825,-0.4005631362050871,-1.0687644555974425,-1.255611447157694,-0.3187232007753017,-1.093183133047689,-0.8936198509713396,-2.367320641198865,-2.6814153243258123
0.1915648308214224,0.8620149815764556,0.3551776602924828,0.16818210926673466,0.1814558895575704,0.4566912512024073,1.47585912613468,1.9072680933891752,1.081688988694332,1.2736529796685545,0.40728614638554994
-1.594305532029681,0.5073330219473855,0.2038512338558945,-0.23705955183230473,0.5499029273075834,1.0077707406558272,0.5877624214427762,1.5781208574502412,0.7637004581376303,0.6961196516360864,-0.018915103224837422
1.7261506132753797,1.3230076493591199,0.015842513502668777,-0.102714333830822,0.025677054545184486,-0.008529804960880221,0.41431581619993285,0.6683480263644116,0.9878844374236548,0.7474268237604795,-0.06580696119258239
0.9078360535282133,0.20171337529769964,0.7573010414465736,0.8263919181600123,1.2919100806592039,1.16019061780157,-0.2799739993567312,1.4067727822420661,0.8615994463299258,2.850468884172169,1.7392312940085608
-0.08247460471464478,-1.1922620190356041,0.8363909194566981,-0.1940249176439513,1.1077380699257846,0.4532529930535582,0.09760453832759511,0.8011143253974574,-0.08829044912687138,0.44489405187409115,-0.22462841415827078
-0.6398875238939666,-1.3467295573941493,-0.13887067229696073,-0.6990005743718642,-0.255669868035062,-0.39072983482909207,-0.8145308620209457,-1.2266406059545563,-1.1927569869648034,-1.9913595679341727,-1.9468943369085516
1.1451997043209927,1.0630137704193663,0.7318954408287994,1.2613646983465872,1.428198767423738,1.3660201154577836,0.5911397839879102,2.445919425309287,1.1358120858612046,1.6004149000057801,1.10440330955789
-1.2688346667382984,-0.3604116349186003,-1.8111153911455693,-0.59628054201547,0.3972765191937233,0.180320993128491,-0.8558554174020679,-0.6457003884963994,-1.1607093763835046,-0.8376180068922872,-0.8326478066903348
1.3710351790442885,-0.4053786215374896,0.09899101388358014,1.0798019217624242,-0.004602811708825011,0.01241205583052388,0.5853057478993181,1.1342182080804368,-0.21332078099547544,0.7864617622195025,-0.1834927538230493
0.9782412147348162,-0.5785868723155477,-1.2079355119850514,1.2267356171179928,-0.7572366297860539,-0.9450135894479297,-0.8199678989699791,-0.9315345341047027,-0.919334175195648,-0.6422094492209479,-0.9262497343858793
0.22885581585495884,-0.14911270801030904,0.3629474589764007,0.6428641495590411,0.7999899836241915,1.1492672771555652,0.3662549271137565,2.1933558936364794,0.28369425736709586,0.8569086321026164,0.21934150554562254
0.0031067262446304953,-0.33530138345753385,0.47664257150049333,-0.01100580227927249,1.0308910996950587,0.47497427061557573,0.6059577212279935,1.4114213035108858,0.20364589284025064,0.46784500030655707,-0.08871480664532314
-0.3213570167051757,0.7808061787957409,1.0032217284649367,-0.5508514205611568,1.105628449923243,1.5338277172743893,0.8041369376982197,2.6781407715232914,2.034537801709847,1.6466884215314281,1.5221702003757245
-0.2930090213189664,0.4424516073598702,-1.1265414935211666,-0.44431369080869293,-0.8191143362697576,-0.8662888315622899,-1.202417275744687,-1.3548179294070868,-0.512197705190011,-1.5434879260014263,-2.1353119685718047
-1.5602706623573412,0.6177884594455929,-1.1592034159493347,-0.2988509603825594,-0.9902976953675079,-1.0285223414576723,-1.1379617821625652,-1.8838186626686395,-0.4022295024041726,-0.9772558947377049,-1.3882202791961151
1.0958427928412968,0.09532292908681807,-1.1843027871388974,0.7400780288357203,-0.6429904468946619,-0.7085533471571804,-0.6099335741796783,-0.7966578992450797,-0.8330750368512765,-0.659457668552072,-0.9126852566096467
-0.17737749650411958,0.5446174174021365,-0.9460050293177192,-0.306718655432158,-1.212719841949804,-0.8789248194974941,-0.9903876552252615,-1.5343582409810959,-0.3054037126125087,-1.1374987809038384,-1.6812387757223124
0.30402968350513093,-0.05308528810994615,-0.9057942978973957,0.8064514093666293,-0.9881823758131902,-0.7596304582308175,-0.988655167411511,-0.9182036142064096,-0.6470293433803136,-0.8932720302195493,-1.4641664640720984
2.147562174627645,0.22447167740388377,-0.8197589584707751,-0.794363915154946,-0.9380087020384666,-0.9359776204284569,-0.6950450714136406,-1.1563639555514265,-0.42837649357184543,-1.666241474227168,-2.267309245213233
-0.5826700347974306,-0.9761525307309172,-0.8400594319692407,-0.8782902326245161,-0.8271449699900495,-0.89335607326655,-0.23204701658397855,-1.6442554334550756,-1.0478482108715583,-2.4370948029519397,-2.5486801051555075
1.337244987186791,0.17737495656530108,0.7805904438440697,0.8676603415712855,0.776115283191446,0.3887150806142105,1.1384593360510638,1.8695010922112076,0.5862138615968583,1.5813931825098781,0.723847982469508
0.6495463887609945,0.7714800906451039,0.08116215420807422,0.4727186420956684,0.3865916139263589,0.2182951241042724,0.46996052515322484,1.6675498742701647,1.024301107581144,1.8977356610744993,0.8914753160327271
-0.7189152685327601,-1.6748433856551468,-0.1052576957781201,-1.2016462632928606,-0.12468567434551855,-0.2346416837219233,-1.0781942868375536,-0.7936212864513663,-1.2800715385282593,-1.2133686608475633,-1.1489066839836288
1.1347504743188435,-0.2522420122570896,0.4218832907363906,0.935800597517432,0.6677681221358608,0.3678998043442234,0.2982449767097993,1.4911125913176735,0.2791637243862098,2.0707072547684526,0.8274157044451607
-0.6366001348358017,1.3455400554666068,-1.1737056311718983,-1.1363986155165047,-0.6855274606917071,-1.0219568958057306,-0.811530322925707,-2.1827893957403397,-0.06693435476698995,-1.3929791856050706,-2.2344455145621414
0.395681913107742,1.937370939266191,-1.290997701053313,0.5718798984107333,-0.5695478581221401,-0.5969119223764575,0.11206766763510304,-0.43204424456075463,0.01885921334198716,0.02538147059737317,-0.9718158837801009
-0.8820285673911007,-1.5567626591272368,-1.6222654403491061,-0.9299263177832641,-0.17451825015622213,-0.27471962446404263,-0.5581588724887054,-0.8946776061444056,-1.2858963412691573,-2.057238440321255,-1.9141466790002228
-0.671844955924817,-3.0288857318296842,-0.3627190890166916,-1.1343394033386145,-0.6109687891990723,-0.9145528537627179,-0.18904836225829444,-1.4750757467687994,-0.7886424109005983,-2.5007465373725144,-2.942809507575216
0.3934160366932323,-0.9614238366492451,-1.545978821204929,0.21655910678544948,-0.29019663063945855,-0.43957126791072376,-0.6879258667513102,-1.2256370747938852,-2.026397947564523,-0.7644130499753914,-0.3789989569181896
0.09337607313903162,-0.5691004518554057,-0.5353016543064331,-0.04414077923305737,-0.9457958531755796,-0.8459231708537212,-0.7784361447130412,-1.4832467063458303,-0.6548814891001645,-0.9586230417192969,-1.234716563274718
-0.11451630468426308,0.14917897761415946,-0.8720550920655629,-0.14736182082573787,-1.2236131137791286,-0.8267413009677211,-0.8059505187579747,-1.8190230780949423,-0.6558833627443352,-1.6946978747066637,-2.167765922112874
-0.8246661131968676,-1.8859668573213768,-0.6668717105059582,-1.2548540519448408,-1.1618630488278836,-0.892272222159533,-0.9177850564926314,-1.4702404311691213,-1.9712763491138954,-1.6500351873943708,-1.2732455688381696
1.9856995794729413,-0.9306834178358713,-0.18795310615257815,-0.4947621008254482,-0.35833680491839187,-0.4262488243333392,-1.2143188753186238,-1.5248464646273778,-0.9546211132626718,-1.1322299619210479,-1.2618747261701522
-1.5481799635798503,0.5225581345867165,1.0931780511342575,-0.33246224582451545,1.1483745977881026,0.6451402783383801,0.3580418615861223,1.6296812437231023,0.8446149354616559,1.9012636814561836,0.6995436286379837
1.1288711008480823,1.4381101513264982,0.26824112038093656,0.6059486745024005,0.4716158536338425,0.20742947338803996,0.31162385464535497,0.6606796278129055,0.8069254564687209,2.0907628398439293,0.9156288521721765
1.080477595521388,1.4452830633258096,-0.15312138672155606,0.736319159975374,-0.2754661645083997,-0.4208612061152232,1.4103435787907832,0.5912186223463798,0.5206542027725892,1.1700654982451848,-0.08904689639060742
1.5652479023398638,0.40256245026500875,-0.24031749129235455,0.4407868796449126,-0.4273764733111488,-0.6758354076172151,0.026958651218209843,-0.425703090165437,-0.00025824723564031593,0.025607451384141656,-0.9689462672399509
-1.687172146131422,-1.9215381300453074,0.9262686933114342,-0.11377020299004871,0.7559906896420775,0.44538181830685797,0.050635382943978666,-0.033810285837261755,-0.2919855119806439,0.004912861479023173,-0.4068097174100387
-0.3126497374737415,2.0753889361812843,-0.15316663431736607,-0.4738229501682483,-0.27778336331839576,-0.36483821971875574,-0.2421705213744214,-0.38821030815812957,0.36225850081426225,-0.1831304594295425,-1.4227342193827184
-1.0389214619557374,0.29983185829622694,-1.0880878389625817,-1.0891220678411784,-0.7837409126151265,-0.685641133665139,-0.6276980176431076,-1.8631810438491239,-0.673052532654557,-2.0038077742064417,-2.434544859026137
1.75573904082885,0.533087657816229,1.7366488844126513,0.00529386816714765,0.022665999867391914,0.17339656390438912,1.0572515051719151,0.5608758816929353,1.1490792983859202,1.211491081904858,0.27134667465208695
-1.4730239950407917,-0.9995062243728982,-1.3246376623492475,-0.4976907973460293,-0.5584077555765812,-0.5974147247754649,-1.2176490689121158,-1.1197098284143323,-1.1143759956082149,-1.1296736936417688,-1.149726626452545
-0.09979988941819255,2.162173832063364,-1.1168241134440413,-0.12271760159587972,-0.9897961609794436,-0.7613042961433247,-0.7203507414703433,-1.1398085441894117,0.3199656143130073,-0.5567511962128491,-1.6542464452172667
0.15144857838939282,2.0461622591372555,-0.004332190550307403,0.259317991441945,-0.023952687239207012,0.14534803196020268,1.1401488554864783,0.7535749306632099,0.85561647676742,0.6039473224636273,-0.041193906705133565
0.701649113296064,0.5490739790224781,-0.2172080588265372,0.6059695687555836,-0.36412296961065854,-0.5308499610876589,1.3629166483637483,0.43693484871375027,0.4598349165599397,0.8697016494101968,-0.3736005730709719
0.4149804601481395,1.2235326645787685,0.7845578062493497,0.5388266899562412,0.5282720019713787,0.24916545008669938,0.23864650783972108,1.0785474321986597,1.2840742675298944,2.1446655161875405,1.3297300386123085
-0.9454820595474998,-0.4728814770796605,-0.0360502633952383,-0.8603467335159917,-0.08997169555514738,-0.07702750253416431,-0.6257662877387997,-0.5611360629938306,-0.37412877701012903,-0.7424867153909024,-1.1200654896612194
-0.6057510027195808,-0.13553023502148984,0.355357080865604,-0.9636872324520341,0.23504297974852487,0.3975886877880701,-0.5443370275974448,-0.09055881910115154,0.060341406426741684,-0.42587513838808944,-1.5691784927649808
-0.3143526362931153,-1.4685200920760308,1.2964354264630233,-0.540169691839035,0.20368945397675087,0.6280657715367974,-0.1263222420567829,0.5811437305051872,0.15509755132334951,-0.051287400077893786,-1.0209845360130396
-0.7977887612608515,1.4905050948433094,0.7538405191704841,-0.9756478010074221,1.35776054489307,0.9211463717424586,0.32002563992239763,0.6744641483938262,0.7630538100703919,0.47183195208729595,-0.09803228899056587
0.9280261548248251,0.8690001314022733,-0.04183270833754961,0.983539030274068,0.06589718534728314,-0.05922401482220277,0.6420838879544473,0.37494207805447527,0.16128343248870317,0.6825560642468437,-0.04704981751117305
-1.0690949887091912,-1.6897165141680137,-1.0463164436241608,-0.8041140127749294,-1.1535133326285598,-0.9912894676391502,0.3629855708066552,-0.7312716968878948,-2.098290886987454,-3.0276577298221934,-2.0197898773895946
-0.1224299436519309,-0.5386276764758622,-1.071681149207666,-0.09570564295572193,-1.02232770559959,-0.9160294205347664,-0.46038030827459425,-1.7422708572390875,-1.406989816263359,-2.2415252540446224,-1.9547836862025043
0.419493056472246,-0.5142301657493659,-0.7321175747472651,0.9813078426910171,-1.135429135698104,-1.2534293584045184,-0.7070462381995162,-1.6845979439750005,-0.8146476035127465,-0.6432027652059051,-0.8201232337302276
0.3575354224645891,0.2862856236297512,-0.830933763342423,0.25201419472649755,-1.2232387246959355,-1.2285123378639478,-1.0209475256352423,-1.9203558594876298,-0.47788343217608736,-0.8287353969641205,-1.201150433447452
-0.8051088576944834,-0.0450320434340656,0.5806680659765785,-1.2428584417202257,1.008921844177196,1.5032575176747427,0.12782912712215466,1.6007374625454753,0.24405638168596716,0.12792292083349582,-0.6617969484710313
-0.7675068890207891,1.1666679847013186,0.4114293215459376,-1.132217308063834,0.9888725727480357,0.9007125316500136,-0.021370732029537876,1.3630155231848966,0.6186405058871338,0.5020717640432061,-0.36421152148968955
0.3937887954125252,0.8012861859782913,-1.7007725348106493,0.9242188412152845,0.19372618870313482,0.46026996047096613,0.16357836920609045,0.3720867672051469,-0.44632817022288807,0.18853353379421445,-0.22288657075909796
0.23157179463754288,1.0344806814771397,0.3375043073182123,0.30610132163219544,1.1455625204359419,0.700632266579553,1.3885195449114938,1.9519778429439707,0.6330857400375295,0.8249508595893094,0.2734964617208804
1.9439192266233911,-0.1025222193891466,-1.3598038423231344,-0.3508606836578305,-0.600506341261167,-0.8530440303966287,-1.1514156107462914,-1.853208752044345,-0.7498347813272337,-1.6631796877384981,-2.097130676101999
-1.5531484288761328,0.08644498881669566,-0.7138657361523152,-0.2948510054127241,-0.7967204129383081,-0.7083339406122405,-1.1887775717980713,-1.9539548060401826,-0.45123707175745176,-1.5678859945562482,-2.3587103091673014
-0.3493341230441786,-0.6699644289337355,-0.9214422117940745,-0.48993397389853177,-1.0378270889352594,-1.0372375874328406,0.0560575810605754,-0.9122292858068262,-1.4036258470921412,-2.699723606302103,-2.4047234736734957
0.954131783011416,-0.4818656402568867,-0.47957374694245314,0.5043283827099933,-0.6433555425986236,-0.9527686245715081,-0.9804788699974561,-1.2338055021036805,-0.59638444517911,-0.8002805015950872,-1.4483204241269263
0.20207893118664833,0.9710820810646801,0.8692043722707684,0.28754439548966043,1.4097953169193396,0.35414778874492703,0.08672400304215228,0.6792159396161639,1.7385469650525303,2.704881483963358,2.2643327775288276
0.4152311556423849,0.6715788698238928,-0.44827809903041865,0.5401921323656963,-0.6212074806062292,-0.8290971487710982,-0.14305047014869515,-0.6205639775633219,0.1047839507157063,-0.06704485352396394,-0.6905434083396903
0.9123073716005523,-0.30974996191927767,-0.4475018343881379,1.3211427476897268,-0.800989968695945,-1.0665624463684065,-0.3897870196484162,-0.8526799212414659,-0.5987547471464085,-0.33816794520676213,-0.8823704133616018
0.20390302244380384,-0.11199396142575087,-0.47544158892183097,0.6224704400886616,-0.9313182066825287,-1.1643015128934955,-0.7238962119099976,-1.5270128274948864,-0.4973157019186736,-0.5613492749189197,-0.9163548120404641
0.4198650241451376,1.414692137974506,1.1276642067448412,0.9733797261288706,0.765394039704518,1.0172847440307662,0.8670714757842297,0.7588044332348353,1.2836945486337665,2.097233887176862,1.4418845807014902
-0.6427603177874561,0.668117351373467,-1.3725739507341645,-0.7379904370425467,-0.630426583266406,-0.958728697116266,-0.6892885793466679,-1.376857998529979,-0.48777178360692436,-1.821938663146905,-2.5435478785367143
-0.5361207152903336,1.5543515549603375,1.1532793555774719,-1.0116367340046053,1.3033494174911253,1.1827172248141427,0.4307453042583263,2.3106181445806073,0.8205613399258025,0.9137561331701175,0.031292012645098885
0.3440649381373574,1.1448172751789956,-1.1695934455657244,0.4928798710565643,-0.7664607966713921,-1.1032339415999601,-0.31449284500812,-0.7621629565557174,-0.03068275999833983,-0.26072159184574384,-1.1603846043036388
0.6036449355721641,0.31253076282741366,-0.3765832842675448,0.34937134941805087,-0.5846398428098301,-0.9108015606913544,-0.3719873536410264,-0.7379372366833138,-0.1495637329060743,-0.3559651414648179,-1.181055623478365
-0.6642014664672173,-0.7700276130532121,0.5336922567009058,-1.0255534978091292,1.340546115367977,0.4895080684932429,-0.15462689817007477,0.38314869041977356,-0.07771365263852235,-0.1149223069772875,-0.5595253894187993
1.3543390455567514,-0.3440384115604052,0.5811138893452921,0.5819091259635019,1.2140525358882572,0.9738067329847988,0.5896269029991865,0.7196953632163379,0.11943309256615717,1.845517831543843,0.7256429055387198
1.3336768200829174,-0.013995025004262541,0.6251821016622474,0.9100494988296405,0.9590042598623474,0.6327056182451792,-0.011153460059513363,0.4301115859574541,0.5176782039706638,2.6435211809354278,1.358125890517735
0.6827453924089647,-0.7773290299404555,-0.349644796299151,0.9013825879732452,-0.541198956450428,-0.6849489086903883,-0.671745514806291,-0.9106979318621775,-0.8615037395339659,-0.5212055535472639,-0.7529061620558125
-0.2640607463533509,-0.0014318137282368284,0.8414681629890247,-0.48736879199801963,0.9544447449096353,1.139301305493389,0.604340844564608,2.6060953295647518,0.8441991215766596,1.7142623818042826,0.47558538884209434
-0.005558892103221631,1.4858774542864415,1.941268724600699,-0.054400324902835924,-0.46191699072376746,-0.6475219107069874,0.3393617320911637,0.22720131837660357,0.9189953926272325,0.5492815024560418,-0.5391178704385072
0.4891696774325924,-1.2898230983387573,1.3559799783551636,0.390414880555507,0.44544700369227763,0.41061667773965316,0.7379944088518358,1.3979854243993477,0.17183368051962666,0.7341698013171162,-0.08943024499818329
0.16719445819892767,1.8507101506406924,-0.10146777519906852,0.5575882555377305,-0.1979570598912185,-0.29149336669009374,1.2746462878190055,0.8248525074125321,1.3976412850788233,1.3663778092499135,0.6961743796307028
-1.4848875881218544,0.44075294775575385,-0.8533811552592259,-0.4200280488308139,-1.0373084821927232,-1.205836891718973,-0.8946408889161073,-1.7953310338026134,-0.34035015309080047,-1.3333162951809872,-1.9603428626149768
0.14731761529586646,-2.502998865414539,0.47389571203762193,0.23397423113806018,0.4452118054664772,0.22047454924560803,-0.03596003475169467,0.20788105181601144,-0.6214419090239055,-0.05140597450331992,-0.4674743883425428
1.5918570321701448,0.32773550337848695,-1.6752290308669084,0.3825090597083366,-0.07661055176948818,-0.14884244851075523,-0.4274939382794826,-0.48132539888737785,-0.8301345399182516,-0.42894783664004565,-0.6061391383818372
0.8889085007622681,-1.464503884230787,1.10837925951744,0.8789314359257071,0.6853454916992735,0.5693829420967109,0.46610924690341526,0.9192753689814674,0.13782956883472963,0.8592055527081065,0.21920248707556841
0.624668989199035,-0.2880003858797981,0.8027573869838334,0.6573060637762702,1.1319595403600258,0.9120769985799166,0.7282118930519984,0.7230717436268747,0.2440257646314999,2.203700010326554,0.9605510693553332
0.3245486669639615,-0.7357803754733588,0.6154284155608766,0.1545403658748388,0.876211371459509,0.8385739673390274,0.49109208836851426,1.7520259664825555,-0.03216509753634702,0.8958334836717788,-0.04639871259806854
-0.9350128002937927,0.4716139436784357,1.0814841233691617,-1.053341383615236,0.8313274720637291,1.0967324614895877,0.8494990308211046,1.109107270712392,1.264119942483361,0.48360729081077825,0.025349860622705958
-0.7963904889198146,0.6066427327896665,1.9160069184650066,-0.7371340060229719,-0.44332364709729966,-0.510823535880413,-0.08719845339699211,-0.4534245990826028,0.8069759006091388,-0.060093353552571505,-1.3031568529670217
1.3707375106421018,-0.33205488377911657,1.2546370216663862,0.22848532034033922,0.8280148468766039,1.1143919516094987,0.3878210050866938,1.0322464075039137,0.8807556551536385,2.1444687997821776,0.9950071993755099
-0.2125409590455071,-0.2645367085613933,-0.1613331486856015,-0.4017886631483607,-0.2937469509257679,-0.4091525539864659,-0.8685127145201232,-1.12609098296511,-0.20394542167540425,-0.8569053166556948,-1.848659115472606
0.6493744360647477,1.291694919394394,-0.04007979495039793,0.5182545128535486,-0.12558977468814675,-0.16784841201425782,0.6840870828585052,0.9110307125806857,0.670046904879301,1.3237451327339071,0.06980200550909538
-1.4545945167034282,-0.2714463449738206,1.9439427134875078,-0.5321502806733531,-0.4650330259958397,-0.6899302075890937,-0.18438205574096983,-0.7823951876456231,0.6306630213471623,-0.17861211280828748,-0.9964980772755174
-1.6407837494977928,-0.28314506252656835,-0.473289122874902,-0.10157413784981689,-0.6963904469865433,-0.9592031799874422,-1.1060926216985882,-1.3485240857757905,-0.5145253090243035,-1.052658715266084,-1.5628938563061803
0.5293636439051661,0.13382141994025282,-1.4970855142796515,0.5758164061107707,-0.3549461805908729,-0.4514686529650328,-0.6787853189100858,-0.8578597723618994,-0.8553726427620357,-0.6620777042776631,-0.9580288807611239
-0.7896023870115039,0.63774633185403,-0.6015603088809345,-0.8147886437109148,-0.7406331580613088,-0.6847277695344189,-1.1322361993103378,-1.6373968451378098,0.12568033960532188,-0.9687909267380641,-1.799404524918849
-1.514002716768103,0.49098665405848135,2.3721811849813226,-0.40886712509405393,-1.1728303857400166,-1.2109458955949108,-0.5692022811453951,-1.6222947397921796,0.67377570041553,-0.5681190294501103,-1.8027947535347253
0.09388979728192692,-0.7171887396385145,0.9045317595557545,0.3449429613087136,0.5040898952170711,1.115800406995018,0.9655389775910623,1.4149572278581934,0.3009309826055886,0.7536875554829764,-0.01463840651780553
0.22501488584972634,-0.7135132599604547,-0.9760798635266353,0.6446193841321229,-1.0991063514373483,-0.7414913846361489,-1.2313725319716002,-1.7693617528701309,-0.9052133599735211,-1.370934456502324,-1.6708459718552695
0.5760491237573055,-1.5211766422828585,-0.5965333828239494,1.061489239628046,-0.8819064198372394,-1.0490507427463645,-0.7500898254330836,-1.1124929085413486,-1.7786747973619967,-1.1869920849707243,-0.4788762104467591
-1.0090308049703245,-0.0689064827147399,2.1925214147628203,-1.0274610213315607,-0.6923699723667301,-0.6512679926498378,-0.4327789907895132,-0.9971001602152769,0.9909193815552314,-0.40798304934710317,-1.5502844185239353
0.9470990655376066,-1.0604149496149016,1.2876221425560113,1.2801277847199217,0.3023307735037818,0.706937848018201,1.1966420011493677,2.0820451809317744,-0.14277591073668877,1.0234079261578417,0.19262512100954993
-0.28277699695802505,-0.028499427740738163,0.5579880988460983,-0.5595246021269688,0.5008582353302058,0.6075166547714523,0.5619154090276897,1.51406987037207,0.5201764487916106,0.7555986083211822,-0.4909689345366185
0.8422080442208935,-0.11264571227142922,-0.3828706227495174,0.9644955297382706,-0.5520669850595922,-0.661577662834231,-0.17913064502783366,-0.5456386711618901,-0.4428503266214133,-0.16845865910309107,-0.9256000937342409
0.9573397421520158,2.983938600793269,0.8240743551622034,1.4959561415318399,1.169269386998583,1.5358630254199719,-0.5781831526457121,0.9329391021583286,2.1043300393191315,3.3314488509313174,3.2777292207649475
0.1727418860687863,0.5643841522339809,0.6809205047010052,0.39378876599588986,1.2487634156600365,0.7470106518102525,1.0697461572779259,1.851056949742963,1.17070463626076,1.9861254569413613,1.261171076884709
0.23557406464033162,-1.5633891621535083,2.5247980584260254,0.6503603930355452,-1.2361970123737103,-1.2099071608122425,-0.8168605287528089,-1.3552914954938649,-0.18660973324696198,-0.6468325170586474,-1.5861491094288378
-1.917086115684574,-2.249894041817211,0.5529207926935764,0.2985185807684267,0.8361778109529537,1.398805827490337,-0.00687493501335662,1.1508358523033508,-0.6240846784289247,0.1631470347268394,-0.18255706391679635
0.35193887991564954,1.6757636345298137,-0.4169593847895354,0.9880692923751523,-0.6138532139435993,-0.936503402309157,0.14639149662163325,-0.4658673782878461,0.42957070516054646,0.08802509622076893,-0.4213699930459479
-0.8968320753604448,1.1334898592150449,-0.02143930086712336,-1.0485401167100505,-0.08882816364816923,-0.015468884609619149,-0.25177282016088065,-0.061915155347470774,1.0706311658894183,-0.1072083869884694,-0.564590937068618
1.3291052415105613,0.6029138361762038,-0.45835480839125176,0.3197244816272086,-0.6321089094943266,-0.963582424761892,-0.3909735511182497,-0.8342706482102878,-0.08333381246005794,-0.36675636893786534,-0.8158013375666295
-0.4218648316516662,-0.15937933240373223,0.0620162237877288,-0.5762557276684073,0.13631967206751952,0.49020801720486745,-0.4822785637434199,-0.12851114108095232,-0.1468146011998131,-0.38379930294081455,-0.9075687909941949
0.3333357079685472,0.31151069284848937,0.685909884916523,0.15231039758363887,1.123990111007978,1.467139911844551,1.1847431797043424,0.7693399031173651,0.6245971805156273,1.3979265176997842,0.5186761525205603
-0.7493193655330147,-1.1686798310194033,0.28337271099814254,-1.0627865689318947,0.3592770845523253,0.8191924484183684,-0.9033902360281474,-0.21681093429757686,-0.4573767841907576,-0.9640700980257668,-1.6543514442536733
2.4005521141068606,0.05983304386763833,1.318232663226107,-1.1750626682586562,1.0758811820668182,1.48777065555305,1.0053467132322782,0.6980276124984159,0.9724886854784327,0.6413223875307238,-0.05100353233982338
-0.7790178139755498,0.2381564363995207,-1.0372698120570527,-1.0845471579529813,-1.0333599929724795,-0.9037986453763988,-0.4117628783050298,-1.9018826987599051,-0.6577208553941096,-2.2444241971769814,-2.710244067630664
0.9380277971962251,-0.5190993288760676,0.8591463350490132,1.1571023025645721,0.6447058996465271,0.37587000340981086,0.8157525806909458,1.7034123346422771,0.5346286372602567,2.156181328770532,1.0386782753883492
-0.2608820017752262,-2.502544964514151,1.443293836458376,-0.40429201029509176,0.47824551695258877,0.514700104978162,-0.022174261008699403,0.1460661467298951,-0.13728375340083587,-0.14059679650214388,-0.618420002454471
0.7720697346159375,-0.20462235300153234,-2.3769235873309085,1.1372271539573224,1.3559915719698874,0.5222398171869767,0.7298409753839964,1.0525690464115538,-0.8476918106566891,0.3423733043039129,0.19115002213625426
2.56916621955059,0.29192804687739765,-0.6385121122857554,-1.168811230006187,-0.9071405276941299,-1.168494788495703,-0.5772751814076905,-1.1307524133760252,-0.2732255778753495,-2.1970195598729463,-3.162641456725644
-0.6512620460511974,-0.521260851023312,1.044048885637331,-1.1560621844968757,0.67508395565733,0.6182406828762045,0.9539589272363668,0.40270601465813816,0.5837311079703811,0.49014775457894627,-0.7177260548285525
0.6970033023032003,0.32402659250660054,0.02635842397843212,1.1178329856044988,-0.05520144206972261,-0.11461072491777705,0.4730269907148158,0.2284055412542014,0.4381827370779739,0.6113521755113345,0.010689587351324886
0.23796445066828126,-0.38404064912432684,0.2955934682344159,0.7625876631034605,0.6965376461412214,0.5415013937508655,1.6808258565009606,2.0879065987089542,-0.02562974258217799,1.215320835201158,0.2916766649548882
-0.4877467687552988,0.7282219394948483,-0.8163291489970947,-0.8322893727461361,-0.7919896189259357,-1.1099073103882526,-0.8214200731776184,-1.9404392836437574,-0.1390063222823304,-0.9176694935313872,-1.3501946849779918
0.9416581790263339,-0.6339953363141217,0.9715348577061139,0.44099392050437847,0.8753673400196748,1.0515773033312772,1.0744653660147379,0.50458020571816,0.2791895467544936,1.9399610397072768,0.6588397606758573
-0.9970262238851595,-0.8119195351382041,-0.6753022238481052,-1.1882022845217939,-0.8086593939066016,-0.8796018696509327,-0.3668108790040613,-1.034960106270442,-1.3543042979639575,-2.3085585793935843,-2.1358439314933872
1.917074759545558,0.0072865598392090536,-1.7655248827481518,-0.3293441848523365,0.28202814699912326,0.17309206309074943,-0.797607064939116,-0.410858261904957,-0.9254881765215576,-0.6267709883551803,-0.7639956276869999
-0.985520723588319,-0.45726408018595677,-0.17315700563412179,-1.0225935384796283,-0.32483677691049256,-0.5002548039168802,-1.033385824435901,-1.276023320933896,-0.5460898740546066,-1.7985886833059557,-2.4610942848465305
0.4515967911374882,-0.9247526476641613,0.5105103080148926,0.35210007428844825,0.6307849692476708,1.3247051529577438,0.6412289779220546,2.0384390421457153,-0.22686059155445903,0.6160605613526032,-0.17911455081316915
1.87871858903084,0.33630743535283303,-0.33755706108365713,-0.270018449477287,-0.5480102460538046,-0.5859077361483758,-0.7222769960967599,-0.975552947730889,-0.13219219066255955,-0.7311047948672071,-1.4685582120096419
1.2223929367308797,0.3822573722286973,-0.12300184025165531,0.6781040813653003,-0.21931167974288976,-0.3094007501772995,0.3579461938561849,0.2682174617640792,0.3047739657128993,0.4400813084536974,-0.3043765148414913
0.924008806860394,-1.04739323334623,-0.35989027741519775,1.0650628354353693,-0.5626402137176859,-0.6078939963125273,-0.8154430149684396,-0.8236112315382227,-1.2411544761181188,-0.7827411624229317,-0.6751967288507852
1.3773696023861026,1.3119531004615317,-1.7228853079043198,0.9658089319201141,-0.16838845497570376,-0.24340265285932217,0.5446316047800303,0.11490252945680372,-0.26683013682219375,0.3539682469734778,-0.4643844619971875
-1.0781808867496006,0.4301241966083884,0.16702710855156888,-0.7428296380582593,0.006238091587969036,-0.007140212165394613,-0.2334718650827158,-0.18978335606231964,0.3273209597828648,-0.1955239501361491,-1.2002881718697433
-0.1414467632212529,-0.5955052483968382,-0.6357673474566818,-0.2578562165683264,-0.9891402791373528,-1.1642633255745527,-1.2452433996870618,-1.5809388413060936,-1.1649849776748689,-1.214658244339686,-1.2086696853883585
0.3061284044385263,0.6435030701761248,0.3121166856422366,0.40204214429101964,0.8729267783090859,0.9045724687450314,1.3003400559714726,1.9886842224898438,0.6536407644145438,1.5764321600751017,0.6368990405545836
-0.5661612745562031,-1.0656723862795463,1.566196595499843,-0.6793183609286193,0.007122247376315838,-0.04096869324791948,-0.2922168312316325,-0.21487114986071787,0.3016188285393092,-0.1670681541630537,-1.2704137791566414
-1.6936267981821453,2.179226749559066,0.08264751642406189,-0.06830194139462534,0.011665668514321256,0.06287499935651356,0.2355924991987267,-0.08486117281978034,0.5511183257157349,0.3079860560493192,-0.40770462046852357
-1.4091593030013823,0.41996951089228,-0.6897948682019776,-0.6170496855397206,-0.7170002331190649,-0.7479620455788373,-1.0730005480932832,-1.657933185824212,-0.24529670500960724,-1.2020073837169265,-1.8958549390593948
-1.400701351953561,-0.20488899748214315,-0.4066366038372481,-0.49736861251386255,-0.8152891032814747,-1.0339547886534093,-0.7479061118625377,-1.1036682520836683,-0.5083770880498532,-0.9952047134734054,-1.2978326918558976
0.11181684857682041,0.05501758659300522,-0.30343736430127555,0.37868888185647964,-0.6113222040647053,-0.9455900478409884,-0.47755213055431306,-0.8681719929810361,-0.22927673371459012,-0.44787732941387237,-1.4250132177502948
-0.4166161823785204,-1.6925549512239848,-0.955202347077962,-0.7908218516281726,-1.2305368237427534,-0.746447335178459,-0.4164806335738636,-1.2715048994245195,-1.5823365119479722,-2.2466622805580267,-1.9050183603063082
0.31083694362374176,0.5579279191291432,-0.1236399499188627,0.5806129230229444,-0.22880415619878539,-0.3481887683693058,0.08400718892013617,0.08975273460349804,0.4330828852412922,0.3284603619402242,-0.2865083521466187
-0.05609854643143826,1.1720973529907723,-0.15962049300367803,-0.11987323350742912,-0.29141843727004263,-0.4480879568268493,1.0735482648432437,0.0011781739013273784,0.9723196031740514,0.6555338806279047,-0.36649411215380046
0.26591343397777467,0.6366599432437595,-0.45196550423105025,0.38053775836362,-0.6383003431897715,-0.912244859599494,-0.12477806523616795,-0.8512328985657234,0.08943774640890481,-0.09777883017165026,-1.1805724948605865
-0.24234719704805685,0.7865224725490721,2.0255178131994356,-0.43638518615464006,-0.46406220814494537,-0.5596653017017359,0.0306224740878712,-0.3823904500610954,0.8457506002606106,-0.0279529255019675,-0.6743413694509401
-0.9908011318299385,0.22879984762311195,1.204941009263863,-0.7280292968146606,0.7820151801008082,0.9475950919452588,0.934246606751295,1.6182174937503702,1.186189371793275,0.4753255034592435,0.0300302809286091
0.7528305197241545,0.708615205999767,-0.1591899196493515,0.551418531751956,-0.2955506583208511,-0.42676167505185136,0.4725883755663493,0.2240282239300237,0.3337624399911865,0.40952647937728226,-0.4220448678445113
0.0900215260741715,-1.3301925436596456,0.30565849227357017,0.19673696666929158,0.30542565564637364,0.8876005693280935,-0.36703250464083215,0.5936211237712624,-0.6830773941694654,-0.27059393392537445,-0.5096582009646453
0.7778008299992774,-1.6027978088796249,-0.5159119679457173,1.6386523874660508,-0.6527376561433939,-0.9841219737584789,-0.3495738430342071,-0.7339480954985506,-0.954748354897051,-0.33450474818705217,-0.4648890966610777
-1.1706134107697486,0.6202996801284532,1.110379951369395,-0.775666181840601,0.38264991897627354,0.4018807101991449,1.067220847345953,1.3954695534792505,1.8793351934427327,0.7774266995907636,0.5348946212159478
1.0081676277828802,0.3225813467569197,1.0003837522895829,1.2288715756370305,0.6149243958301904,0.777938703869637,1.337253605746737,0.46437427270234904,0.8354792483634371,1.0669567036701588,0.5359171821936504
-0.3847112568995725,0.48805216794021195,-0.9185735799840286,-0.7665018617771028,-1.2454045692464801,-0.9528994680896796,-1.0932888352493069,-1.53168571402096,-0.3429223322897164,-1.1714812980226343,-1.5273496236375865
0.2052481269747919,-0.8796582714494541,1.350360685361566,0.24462516245448068,0.6726879222897318,1.146452040308241,1.2896757001160148,0.7456690586536693,0.16448824166000933,0.8507061627244179,-0.023857261242667478
-0.47073874280440053,1.5643127352611268,0.6586979211061523,-0.9089079186179141,0.741582968989839,0.6153986433665027,0.16331321103747323,0.3834066230766189,0.9168349249009767,0.5945795202349086,-0.1413380817215107
1.0108049307956861,0.8038678502943291,-0.2519024150039704,1.390054943210053,-0.4066321015149218,-0.5319987582119251,0.6628879578747979,-0.1206030100862086,0.03298662135023281,0.5401419173277935,-0.27159171296634804
-0.20930888484366916,-0.8368915802512971,-0.8625695585121232,-0.38803404616541326,-1.0765769140879489,-0.7887952889099868,-0.7529410658057558,-1.0422547914750433,-1.594226602604792,-2.0772831298178693,-1.6962558114035053
1.3460872564740982,-1.348496639132361,0.23972231073414893,0.3280726281196584,0.7784154515409549,0.9912603569581961,0.22073826615700745,0.696821828040944,-0.7647757545170278,0.1244973351492735,-0.18070120412376542
-0.36897322876864996,-0.27556500140116114,-1.6354459334280285,-0.6922978766720829,-0.13107071218444993,-0.17545423359257148,-0.8744599519012756,-0.8210444259376087,-1.3305733178752648,-1.8172225347845739,-1.6307639451557792
-1.1918927761218132,0.4760970038568875,-0.890456317703679,-0.8249035026051031,-0.775586105533717,-0.8755808771684563,-0.7322879232206917,-1.7217883838828438,-0.3527304394547456,-1.180225785561367,-1.6614552563087865
0.5810509591587385,0.7104792936442301,0.3953324146440123,0.44863961010010567,0.771892388757391,1.2141057610785022,1.0119038864316012,2.458947569152985,1.1468647397077623,1.311781324816502,0.737977262114671
-0.2504348914946034,0.0726073429532751,-0.5946417093002198,-0.488546026586252,-0.969561444915533,-1.0909946254322647,-0.739544496448741,-2.055724132024371,-0.3824422958656912,-1.5491320308063363,-2.2385871989630743
-2.325281106446145,-1.9970034272695976,-1.3684092359427122,0.9132310765619919,-0.5850159613620916,-0.7319986938386646,-0.7981036877954528,-1.032550549845546,-1.528788637096495,-0.6663451056317871,-0.4408184960781125
0.9131789397139969,-0.5531174711292214,-1.1130124128347085,0.5883821293727396,-1.0796788591050084,-1.2077549885906178,-1.0531518510913105,-1.720144128217921,-1.5299309459781716,-1.6493834214912542,-1.2381992437350187
-0.35163235546440946,0.648456938174646,0.923008261923429,-0.6705846671365479,1.1726481736598366,1.005435240757345,1.4076921590746156,0.7657794340616776,0.4197909652345371,1.0392074984165363,-0.1537141239571202
1.5645954160150375,1.165852511592634,0.5060272796709706,0.38859514151316715,1.0442455526368946,0.9670767073466233,0.5328394749081327,0.8360551010661159,0.7264541044074879,1.4986093818956143,0.679078620059173
0.9154199530788714,-0.27141311965426906,-1.2264583115921226,1.2918414868422796,-0.6911780737269546,-0.8071622877093462,-0.5876167262132616,-1.3202851933051925,-1.239497552087368,-0.5341227262369211,-0.4816623420954478
-1.1270560913873753,1.3821210028405222,0.9550704468903297,-1.0982948375725812,0.4010791930248936,0.6193297260889586,0.49650793556638845,1.1716111519367784,0.8366139917555786,0.5661455139473244,-0.634765151883831
-0.9195342498304461,1.0876102503206824,0.626175807986306,-0.8073262068670064,1.396164104146495,0.7129925404212902,0.2701779938070295,0.7632984664650041,0.6818340751027839,1.4498710633196175,0.20077233289557944
-0.34232175378013724,-0.5435703441977292,0.7394898037910177,-0.6434965639426699,0.9055950370058193,0.7928534470997604,0.5056278107109367,0.9798359985325289,0.3063737558530972,0.7401646119067863,-0.4348511894312186
-0.16670685028686502,-0.2542667913008174,-0.4927375937356558,-0.30756317018774804,-0.7135159718246777,-1.0611078086804153,-1.184816125560194,-2.209425828321966,-0.5132158233579424,-1.5785205037669428,-2.3162611801077206
-0.5447450949979726,-0.6565471441797861,0.337791866804352,-0.9973105413369462,0.7970974682159905,1.4924694087382446,-0.21543602800936815,0.5656356418082633,-0.1333917168874354,-0.18371724883505638,-1.0370870482928383
0.21905775501197627,0.4676398047022425,0.22632576619046474,0.08338364849021698,0.38839227014295546,0.2831584348990159,1.3443283194963176,0.5218917165264612,0.2693471526478326,1.0615413618648528,-0.21134560867801455
1.9819560907931142,-0.9211734846734171,0.10080182527776281,-0.40579367499557084,0.013768306771633723,-0.01826262402486512,-0.8412867547726866,-0.6471583705983698,-0.6279443359673422,-1.0278777513022803,-1.6182237484933535
0.8857898546629281,1.1657340098403026,-1.4258854169162443,1.5442953209681851,-0.5050606032346675,-0.7028777523399183,0.4721137834871446,0.1740542330622924,-0.1461994666764505,0.6772571872632286,-0.3808891451870695
1.5470748496159699,-0.5880961808009924,-1.6328763178724583,0.15183454114737252,-0.031941895448084706,0.013591555719714037,-0.6174790544912565,-0.5363957794794798,-0.9892737463751432,-0.6297312094826649,-0.7443094128252763
1.3546578319172013,-0.1904558961671332,0.9982272725854393,0.5685280222074294,1.4116719920842564,1.4103506868110431,0.7854888868935879,1.191210825559228,0.6110361312884951,2.110614121334629,1.0872334138608788
-0.6458781834532902,-1.2950897186265888,0.45295517993302087,-0.7404839921884832,0.5858935977533692,0.7105296629303959,-0.5928501951277739,0.3343541017623993,-0.4454065697848548,-0.4710340904090723,-1.050030703873827
-1.224369697186712,0.05512455446524704,-0.2852848610816931,-0.8621188516201359,-0.5505877263018321,-0.7289632552242507,-0.8660983923190096,-0.9398961959451557,-0.2661811371439359,-0.9191340605200689,-1.3603718898082295
-1.6381552100595784,-0.5848941676043418,-0.5765497563778295,-0.12134796579446826,-0.7297966658498256,-1.0790186152177699,-1.229301276219008,-1.858215195693938,-0.9382748846267792,-1.4747890434871151,-1.6695647287039421
0.4194539856672253,0.2681497735679828,1.8987121581056803,0.2899384541700959,-0.36533236231674915,-0.5431540839084062,0.29060957894731404,-0.17277134641370115,1.302238795486853,0.2734110002130743,-0.09884265462290195
-0.06862152569936666,0.4980592643222526,-1.962012909741051,-0.2730674357027682,0.4646445288085573,0.5298305257064687,-0.6054092640020285,-0.14835765700325565,-0.7377942498900625,-0.5405080771786788,-1.013126309383076
1.7172627547779125,0.010599278532826975,0.16540178186867796,-0.10656983563334825,0.09134161536135978,-0.031911166703267685,0.22192344270597272,0.21913699826584943,0.2314664318178423,0.14855027695796796,-0.6054811974367763
2.009244740991835,-0.8438629802734183,1.7586163439525648,-0.5133851132068963,-0.09081361859543624,-0.01266145237008734,0.04406791550105062,0.06212028568122263,0.5397321084101553,0.026180003322189553,-0.7893635048018357
0.10746657269479341,-0.09761449680879902,-1.3302936730239667,0.25853465067501213,-0.6704369326937206,-0.8064079935235651,-0.9823693884585029,-1.596478270967789,-1.1496769640371356,-0.8695199035987926,-0.8714903742675915
0.18636062325744895,-0.24001892798469457,0.9483071385103883,0.5105452416806011,1.316461827671421,1.5373151224102877,0.08124183274630337,1.045802685511609,0.3673490236675988,2.2469077278863616,1.0122191716666746
-0.7499645316181743,-1.4613286945585469,-0.24196986867120826,-0.7290749538049484,-0.47925722858039904,-0.7601663897148466,-0.6380541180200263,-1.8551224954546026,-1.2822250974966474,-1.9950277511445753,-1.8706690154795482
-1.4872955243623933,-0.18114821217936558,-2.3409208533316517,-0.4366549733486027,1.006046144613276,0.9266098879841375,-0.5760776991131155,0.19891066555185707,-1.27817385802889,-0.44752495899625083,-0.3794253397313542
-0.7186266113032616,1.9731038430509555,-0.3680034636477597,-1.2091021162128937,-0.7412693196661272,-0.7424405217890161,-0.5560207878729049,-0.7709611840414394,0.8305413386150221,-0.5827876712258592,-1.3832313293001723
-0.8232457965569978,0.8529844160516273,-1.1985216552386928,-0.8161543395383782,-0.7050314612049394,-0.924068816045627,-0.7780316735686015,-1.7714434058509594,-0.3226324035246476,-1.7714509435542027,-2.646410495181387
-1.1694698851617733,-0.2772645458055728,-1.127499722716082,-1.0060268791270521,-0.7508653017448378,-0.6871911079702749,-0.1440734141928302,-0.8773281532374592,-0.8021080410640661,-2.5206163038236,-2.93341926714139
1.6154831167970853,-0.5652730293825126,-0.2065093278250522,0.20100531867334173,-0.3818895647956744,-0.6060006242818783,-0.9541950167746602,-1.435884437381541,-0.6791501502255423,-0.8176005529493191,-1.3938553561412659
-1.4453653719576711,1.765995521701048,1.4711225797403324,-0.43134377398091467,0.5167815555167603,1.1288046822048228,0.9720505634823323,1.3198387342335594,1.3600619630137754,0.7054171087730697,0.24724202901450892
0.7025023370631518,2.0461216133891273,0.3118619880519515,1.3256487982638456,0.46614588657023065,0.9660242483033432,0.7358635746603162,2.0262148988591395,0.677675290022658,1.0539733672126275,0.46766172078276735
-0.11933815696024686,0.5895219119526496,0.20631099610067877,-0.23191796543519894,0.17212731913054657,0.13176170579911195,0.5268182978157577,0.7474008755548646,0.6546651120375665,0.9021287039767126,-0.3559336661031962
1.0693435945026333,-1.0044013136140844,-1.2280857014806714,0.5022564667810061,-0.6216742370909079,-0.6098654682803922,-0.9488187542176516,-1.3509857476579528,-1.3242378486218842,-0.9175727966107551,-0.797545236449205
-0.0073221947802736805,0.02539265681433944,-0.21249007576144166,-0.0462687084323136,-0.3763373294390835,-0.5677686617801672,-0.4439918515860457,-0.9302144241152667,-0.07097781679001344,-0.41459982462625344,-1.5111652152524337
1.5856379324502055,-0.7785679057073656,0.6368439073046502,0.32744418092678507,1.0101129339106856,0.9232211492836777,0.6620602290070601,2.1238365884607657,-0.04707409524145016,0.7205105322494897,0.059248986517361726
-0.10456780268899091,0.3715001797073042,-0.2926966984667942,-0.1813717137071502,-0.47088017425862927,-0.5141125821460194,-0.4486737772853359,-0.9738554739732898,0.044174819491391834,-0.46975522472724396,-1.3486657760261092
2.024689230235547,0.35671099056454203,1.244088791121092,-0.48859057148739127,1.3183888024382497,1.3643454533034471,0.9084439590708681,2.1137429124066642,1.3806423680235949,1.3557525433599367,0.791503623536672
-0.030939681379872307,0.2807456227638422,-1.6927092662073062,-0.12044683726227806,0.10177419107298222,0.20929244474938688,-0.526397417348356,-0.3716457217357704,-0.8689476060841331,-0.5854571990657309,-0.7322395273076486
-1.195676832074721,-1.3985445613325083,0.342504948796715,-0.6334181867536994,0.7214443579222803,1.005322976940973,-0.47479118994884845,0.0017493056412532515,-0.6692837275141128,-0.4243780532044473,-0.6798060122369997
0.11691666593050379,-0.18517476606943137,-0.8032346125598432,0.09849861174300324,-0.8548037295065966,-0.9906443932436603,-0.8571816024565855,-1.8667920164556233,-0.8310860168410243,-1.4423924385092968,-1.7637248178670843
-1.0636674927924827,-0.19047680070930592,-0.6334525810546674,-0.9787046496933611,-0.870751353460719,-1.0352428993951528,-1.1346330037761134,-1.277280895232928,-0.5935789345042037,-1.2267102478972332,-1.493081471538843
1.7571571336112852,-0.29545712662152984,0.21359334111898293,-0.0716499905904917,0.29557219907680177,0.09812119514396084,0.34919329116712494,0.44438334789260836,0.027992982201310704,0.29197910686384937,-0.6852440719527225
-0.5244569036798086,0.25715822645177583,0.6220516230631429,-0.8763166913003655,1.253523594829532,0.7618974185762528,0.9422178053968868,1.510186128658475,1.1588659366360106,0.545642760714668,0.10071603311107297
0.8017568833226998,0.02030101811301983,-0.34992357053891654,0.3073083727527552,-0.6652865343363359,-1.0054808624652647,-0.7311447769958811,-0.8570661694762668,-0.28740862763833486,-0.5651350637524841,-1.2505801192986046
-0.7509221951654026,1.144615895590373,0.607245296250734,-1.1954476895910553,0.7844412314283387,1.4471483381013182,0.6569903860138189,0.9643607282858022,1.292629232315496,0.6506614435128172,0.06349369877370893
0.8051317546244035,0.47228051906796353,2.5075053074063085,1.2031843676385876,-0.7401196934151685,-1.0550236943430984,0.14708534517897623,-0.372028832423307,0.6930813948031858,0.3268048809695595,-0.20335464409285442
-0.18156362009911353,0.9435613396393242,1.31262220341841,-0.34068781511002566,0.5417403316370563,0.2319351470787939,0.5750659901909397,0.6723739250820063,0.8402165199024315,1.1121454026886217,0.076924686404884
-1.06693654260077,-0.12304089413560694,-1.5194531967256497,-0.7036814241342381,-0.31685649066120763,-0.4264153332128911,-1.0448428968521162,-1.6636979099648483,-1.0303774771487104,-1.805739380004923,-1.9316938759931337
-0.6396500854948391,-0.4207216034665216,0.5407791463602035,-0.9685128907486303,1.113972735200901,1.5501605891279353,0.016019006726598617,1.5942324719520655,-0.020267112983284027,0.20023006359814663,-0.7914322872692593
2.198682141924367,0.20089102555004196,-0.6947015369538021,-0.8874207410912669,-0.7924988225367713,-1.0605431016736848,-0.7274111081481598,-2.0419948485157913,-0.44005979118356564,-1.7490820467725596,-2.387355429738678
-0.43054386689429597,1.3072807666634996,-0.4810709516237382,-0.5942874282543645,-0.7824715145722715,-0.7510389867531722,-0.7236968215301255,-1.6757003410325884,0.21760305205188563,-0.9702543925910976,-2.210140849431433
-0.6947631294599282,0.8655678702296092,-0.5341522341809677,-1.1606222821418863,-0.6399664095738296,-0.6298682317505683,-0.9841123680665184,-1.6738757153239718,0.38149784616377375,-1.0714381688465162,-2.276870984015546
0.46096434302609973,1.6103972775050888,1.0725495099936297,1.286911405802543,0.473111579783207,0.960903741333759,-0.16896881726522395,0.9720464970973424,1.7058109764521976,2.6318380462301465,2.181675595115349
-0.24496596928078498,0.052505540065551304,0.14524289734980678,-0.38228630259683194,-0.050592764501752374,-0.11963747899819308,-0.32984517265979957,-0.3788940313804843,0.009236464288656474,-0.30538242833301105,-1.141692160448074
-1.2150184363772822,0.7267939131375644,0.14462960191090657,-0.7223154361772813,0.306904150101586,0.6403961311517652,0.1692194856723464,0.7022677079188236,0.6893040159779726,0.39338442370655535,-0.5659575212944782
0.309516968642326,-0.21140436399344573,2.2112523876448367,0.1467506593309167,-0.7779439542631804,-0.9833664162395791,0.043818076778953684,-0.6585712915102935,0.9760118738851529,0.10381943593726127,-0.42928644427743395
1.6044697021148326,0.7800484291023291,-0.18193915595765078,0.03077610031665018,-0.3146392043869175,-0.4915362026466729,0.730179360491142,-0.10398743332913302,0.7144374187506488,0.4581018783258169,-0.5194970825174258
0.4530207848782191,0.2507849368526508,-1.9150752652300327,0.39956360435222704,0.3141101710252839,0.12192370869642602,0.14630069625482953,0.4190570809763178,-0.6289352472267782,0.11733282366547529,-0.5011503841514806
-1.1570890993254697,0.7817018695635937,0.73563774517123,-1.0629961644708028,1.543780155484742,1.094973620370816,0.45309511363711685,1.5381698235031578,1.0988574101314181,1.4508412561512702,0.491064740762243
-1.0324977879891473,-1.3555138304110614,0.3935078026075732,-0.73268998712558,0.5515884459183424,0.7262754022080768,-0.6425578426858631,0.1788296638131352,-0.5770343748448352,-0.5037688698322853,-0.8481358682694283
0.22441486714590353,-0.32067612535045836,-0.9135267315134438,0.7565702364115644,-1.249970154199759,-0.8377888842363775,-0.7406830429240918,-1.0485743288384108,-1.1076675124567867,-1.2787527727089478,-1.3221178933706703
-1.5293850706335828,1.6281284618648253,0.5623691767162136,-0.37044936538649337,1.3533522079808302,0.40098113129549134,1.393744460882996,2.0049366414042096,1.7375255740690332,1.5816165604967465,1.2361891233125946
-1.2525748052649353,-0.5301356016005304,1.268652626084142,-0.7842468298421473,0.538851857666471,1.19940349314693,0.1528454138020887,0.38827872371713246,0.5959911610301101,0.24180900489914275,-0.4292842258182453
-0.11911928815032527,-1.13758655129027,-1.5848234727517825,-0.21420830002742033,-0.4876558551967503,-0.5260320367706023,-1.042551224456652,-1.3735514837876905,-2.2055906096068254,-0.994534973984718,-0.5597838502961036
-1.1304900251176837,-0.05931279728985382,0.9040693993570432,-1.0857274644578305,1.1992063049434305,1.0766583500156288,0.27232637387210845,1.30841781052116,0.7740721807404299,0.4916878847997192,-0.14408050145023044
-0.8985920817224814,0.016550098885723074,1.7007404738434138,-1.0593152102023733,0.015768330775121017,0.14256497700604845,0.2463668218545847,0.6415785943983663,1.5944786528936585,0.34573636084953574,-0.13929271639625698
-0.7737622119227298,0.3664553143017161,-0.44399783066695836,-0.8051781848297751,-0.6076411619658584,-0.9254948048096563,-1.250266761496747,-1.4078135619214258,-0.11394189048457486,-1.422814441788955,-2.5105214885532723
0.141111780082069,-0.2712288418149462,-0.023719800548174314,0.28403286114271886,-0.11643542983732684,-0.24777329703785322,-0.19659067785150705,-0.29209862309776424,-0.22244595360315925,-0.13038364202987135,-0.6853830362023481
1.3792068963105912,0.051423359505401806,0.8620817553042315,0.6094144367533941,1.307487461123656,0.8126787162187944,0.6912525132044038,1.1115740407401844,0.47000872638002683,1.4010917635284383,0.6368993740868802
-0.5870729959572304,1.4431725633714088,-0.7786151656609462,-1.0005115458216236,-1.203853214689771,-1.0581359284863645,-1.1265291669530948,-1.6689273886782636,0.24388570030931445,-1.3053013045668855,-2.239947569010186
0.49007135621165143,1.8704751890409153,-0.3720564019392531,1.227512699262295,-0.6308493429758062,-0.9633611295804835,0.26390289503021774,0.02521522739638042,0.3023711254576359,0.9214374741410324,-0.3232864435577515
1.1066304219127887,0.47703517141346935,1.8387438916639913,0.5936055141280521,-0.23897937529749447,-0.2960400586183721,1.0398893302559666,0.5554426436898193,1.419306742579832,1.8057318240734075,0.9874819528487817
-1.4080207402649383,-0.569647691225568,-0.35939823514100344,-0.6168887930184739,-0.5139265535911319,-0.8123899660600044,-0.6988101887355488,-1.5112616594784347,-0.576663808601796,-0.9941064824595822,-1.3110877578921811
1.4391532750971092,0.40357693259111893,1.4438858157712413,0.34040199426197715,0.49261703631172954,0.40879233939156345,0.5693510571858406,1.3504306815836564,1.3536983294354923,1.0867656033338875,0.6275018534094992
2.075833585645756,0.604476524345166,0.3497063313490313,-0.6704744503511837,0.3541912466565831,0.6537138035387179,0.4577908641644489,0.49445353610788384,0.6837821058017706,0.5107299016845174,-0.5154606160829139
0.059663991166217345,0.195432801265339,0.9357502696237455,0.21506889357414505,1.6426091724848089,0.2598364450653664,0.49466978725690985,1.2356986880969751,0.5000720804512244,1.71186443306511,0.7297181197408313
-0.7261701102473176,-0.07015139819977978,-1.562467287074709,-1.215184414782808,-0.30157226852466446,-0.4078780170116922,-1.0692957849428912,-1.5173426887001484,-1.287414615900159,-1.2975355725405173,-1.2301327638766184
-0.6899057864845516,0.5356460502844616,-0.6581991690121939,-0.7259107879103384,-0.8417034140974989,-0.7055069160503253,-1.113831302800354,-1.6495625344474634,-0.13427502589097623,-0.9629926510411,-1.4970933647905647
0.44572329962672463,0.7381050686420877,0.186159392732494,0.293319558660024,0.3071400922824466,0.5393481602803708,1.541888084901414,1.0490458164447083,1.114799806191372,1.3015411876714373,0.5499446069673741
-0.8416390744010349,1.1781488273209144,0.2902011984083495,-0.780454898792615,0.20182608394779086,0.0019447323903473979,0.17194292836489908,0.22366267505065723,0.8613142120161646,0.1197766581754283,-0.43198803937033114
-1.0950048520220608,0.441646965433241,0.24936933311466802,-1.0713023620044584,0.2351355937494675,0.5009326267339942,-0.4708834033034427,-0.037561818187242045,0.15130975203190974,-0.38103720480394265,-1.3331843357563933
-1.584791449911851,0.6859282423848374,-0.8326053910669048,-0.24932298508163286,-0.7432987249650762,-0.6722826604258758,-0.7290495145165131,-1.1109569454085615,-0.176809039308041,-1.1257694547692654,-2.1323046174802154
-0.6688985190477725,-0.6231006362828592,1.9095492228466437,-1.1330621146732383,-0.3779379194785084,-0.5856624792461753,-0.3336541511248115,-0.8104815173242839,0.8766275468229558,-0.2800194250435836,-1.0480707506693188
-0.5709123713716123,-0.6819167450249419,-0.8521801609529578,-1.0406217750713918,-1.2557881769399817,-1.0742617799602407,-0.38526373476651665,-1.0405720874846234,-1.4089435399894754,-2.3486990812740656,-2.1433284342484917
1.0872721628185242,-0.03250210850496245,0.3396513357130343,0.8382503520456208,0.6119059420213743,0.6388940426990998,0.4214463776297678,1.2534150511049484,0.2597302021170007,0.882640381488129,0.2234120374586368
0.7556019724404099,-0.3748347602827343,-0.30894542805828024,0.747879264900074,-0.4632789172204501,-0.5200033569014535,-0.3818547146802125,-0.7400711510536814,-0.49943177618841594,-0.30977402070737986,-0.864876700401038
0.4484948144355503,0.7172496949325217,-1.3728971530005065,0.973945008301474,-0.5963469582636931,-0.8188278564767754,-0.23378354494565184,-0.6327955610251105,-0.4960594040905282,-0.26407945226868995,-0.7493504138078808
-0.019255685237749384,-1.8087598941295544,-0.6802017615088859,-0.17521391960385832,-0.7486440907855725,-1.0742535193344593,-0.665260264518444,-1.1426724579618093,-1.4195742592864355,-2.14438697313671,-1.835409513094389
-1.9186853993466912,-0.5848723281055905,-0.836432047651128,0.2077252201351531,-0.9811798932848224,-1.237957586580198,-1.0543486458973423,-1.352023394475588,-0.901421549880205,-1.1230939993193254,-1.301776346383507
-0.027955476836225634,-1.181596849347892,1.687122265919404,-0.11009638046836628,0.2310441635992531,0.074330402677495,0.1610852446151853,0.3896459196869957,0.4333190695737702,0.15502831715700816,-0.3891795417457683
-0.5097433457873094,0.6828708453434302,0.6766346256947321,-0.7819165083012807,1.17084303628471,1.415349921177042,0.677635172120648,2.0987417341903476,1.3498255566617912,1.4706725194198296,0.734481931633134
1.2806587505282772,1.4101803321281527,-0.9499039552337729,0.4708400744940825,-0.9710039755478331,-0.7337668637353162,-0.21435207442074056,-0.508800924293519,0.23576407780127162,-0.11109503266827728,-1.258206628839884
-1.2050758183961843,-0.8977212733886648,0.5860317801978496,-0.6283567823628389,0.7018824466437344,1.0827438460275634,-0.129412429131229,0.4126109124679922,-0.13812071025156036,-0.11278277730893553,-0.6245005649199661
-0.1504088506402831,1.3514700624020657,-2.085709772171879,-0.27514962418330896,0.3618295862212401,0.710726444443439,0.06653261192604873,0.2873510904797056,-0.14364123954890654,0.06000603615904106,-0.9753526890037976
0.89469766599287,0.013630477695764948,-0.27995447229148457,0.5148421477150112,-0.4236420490895296,-0.6047912746355159,0.025334837592966147,-0.4960253631492991,-0.22551428112352373,-0.052514711861238766,-1.06668597108575
-0.5858590846904097,-0.03851843154582312,0.8097839895071574,-1.0574243817713396,0.5082725225413306,0.9697066053946439,0.7986778407965769,1.0647002550153213,0.6978181448497762,0.4813270447918174,-0.6655971123649155
-1.593968865492626,-0.21292958193792608,-0.1243608002484457,-0.23974697709819712,-0.28702026727803276,-0.42931968169139534,-0.5532697890570227,-0.7962638812651898,-0.2680842717959829,-0.571284812361013,-1.1211844919556442
-1.5228140590823227,-1.308025873959136,0.9510098928546534,-0.34076721524060843,0.9866069056869706,0.5239639933463547,0.3473194177650487,1.4729465674219666,0.01955661207918369,0.7338208231644262,-0.35343103604860343
2.512086393136903,0.6684988060671713,-0.4257362198057261,-1.0043667337686781,-0.8187534386839392,-0.9459181853752479,-0.6868611776853211,-1.484077867906637,0.18417018962457954,-0.954327014244451,-1.6839742503493698
0.8196195690535328,0.035845544729021614,-0.4057779441415967,1.498386144799762,-0.812334034083771,-0.7257751065157677,-0.08267541285217944,-0.6412080512102186,-0.3066740460858128,-0.043532729953205986,-0.6047605984590718
-1.6694966840929941,1.3279620895358044,-1.5869242837872886,-0.16601557410555978,-0.2681406754650114,-0.40684499914026856,-0.43067033107382413,-0.7942305750231844,-0.09913303939471754,-0.4414822204762985,-1.2704787328910205
-1.269922269671578,1.2700933978491102,-1.0368137999437004,-0.8422722928453544,-0.757414601102191,-0.948029532453699,-0.7977359998173154,-1.7035218308426665,-0.14434111915775819,-1.2954791796044522,-2.0577973762659556
-0.0708329199485741,0.30007449677110004,0.12491549931416532,-0.19426127724990291,0.3062677844671309,0.2335021158064535,-0.16441185416222331,0.4202083500096383,-0.007202747623284239,0.09111416814402967,-0.7061900892403659
0.9881831669497854,-1.6041225682312046,1.543176362613083,0.5208466728978001,0.4580463800317387,0.8636497837662632,1.0358023479169898,1.4677578520700458,-0.08630683237703575,1.0515615780541696,-0.03990237265712393
0.2965382180877617,-1.487906936400254,-0.5007637619868021,0.8350278579307523,-0.8801500402502398,-0.915517073611464,-1.072110450711446,-1.7541011633032149,-1.6877962911726727,-1.3115553523483416,-0.7421356640723396
-0.04029454845558421,-1.2631767575702064,-0.7259335620338504,0.0768932075462634,-1.0341038206162616,-0.8637913454820022,-0.6649492390753334,-1.0599051905670056,-1.1134634779437749,-2.0168494658633023,-2.064753238629918
-1.140253239824574,1.619667745132126,0.22456576425527655,-0.793878940684395,0.45241834490171484,1.0378368002096883,0.792431563993971,1.019091103704931,0.5112001356602293,0.3440850930025561,-0.6860720136725956
-0.7097140192740353,-1.4369342097502278,0.6189016794678416,-0.9121416680596258,1.2423950598618754,0.517166746876262,-0.17320083210783632,0.36539305937448757,-0.4026376828395869,-0.14119932443273864,-0.7736887533944296
0.21085848615826935,0.9146016221410721,-0.14604411419334884,0.1391610300189619,-0.26912837423701813,-0.40223919238372996,0.7882912188908457,0.14916404095238678,0.969888239132908,0.40320288829051215,-0.17869057441296116
1.9171687044101795,1.2618597076226954,0.5164490043727055,-0.3238399826613858,0.6513110308852865,1.1548677461004258,0.7392137063452119,1.0515626982298758,0.7676901029139409,0.6087596220734864,-0.035354861443554306
1.1776719223133445,0.939708814367428,0.16795799882209858,0.6772087658727136,0.09374117862697709,0.0776788624823257,0.9921407876489919,0.3475413336640356,1.0812702126876896,1.704231880341253,0.780322407493835
-1.1962789938492786,-1.7065867295977228,-0.14253875115342118,-0.8283845278639617,-0.25739067525704046,-0.39214229516146887,-0.7650268700266472,-1.1956138083173211,-1.3083253897792546,-1.380011715189815,-1.276330558109958
-0.7846359353649286,1.9576421298146445,-0.47222688355775194,-1.2429203969388976,-0.9228263912444061,-0.7497138101061691,-0.7106850201583486,-1.2152882011751718,0.9233210411145039,-0.5523373777817443,-1.117563951320017
-1.3695903364366326,1.5083275470541118,-0.13476385384671427,-0.7025057440547262,-0.17408981130044923,-0.23559315882661647,0.5718102690070889,-0.010389123172533578,1.1997697238800007,0.22852489633797743,-0.41168537796199467
0.5013762073581172,2.1374059825055785,-0.8078143138046834,0.9057537382572954,-1.2397129728324483,-1.1659680862985735,0.31007003944547323,-0.4750629110224163,0.4263573253573773,0.2337835943439055,-0.8385332603866134
-1.21005831918546,1.2624852890693796,-1.1210004877854451,-0.7358722910520319,-0.9944306838407767,-1.2008283123576815,-1.0151244199460003,-1.2141094336906344,-0.002529954786857481,-1.3076361250385389,-2.189793770236217
1.7651424740785908,-2.2858793959220836,-0.0772021809915431,0.0026294106979216497,-0.08827550149125767,-0.16814915915598055,-1.0240614964778691,-1.089906433300831,-0.9682977020559378,-0.9278565807243746,-1.103898104321233
0.16512025439362626,-0.5634599758047365,0.7913278785124106,0.4283325852389105,0.6864048799071865,0.479954571544856,0.3983155767531545,1.292557055117156,0.21949526228315505,0.5146082431748927,-0.03155628342409543
1.7330186032439951,-0.11622341816820227,1.1045504503410932,0.10953809160051968,0.9415991237640704,1.2265277700350092,0.5287219975818812,1.6937165909426861,0.21714215356288052,1.2233454640618615,0.1549566465497541
-0.9338578415420654,-0.7508770334914066,0.9907588430608119,-0.7720008454646219,1.208908545232649,1.5436626145385313,-0.03456918232842145,0.4396225723977545,0.36086492843192175,0.1616508969030513,-0.35268742585903007
0.5057152884275237,-0.16503511090454917,0.5933329054658514,1.2132979530938943,0.33124546352804585,0.6476499409308053,0.9135688033221099,1.207736580426549,0.5100197765601756,1.3089826079236204,0.4928481479956508
1.0615589479468976,0.5084919443671237,0.5177221979883267,1.1408885222157035,0.45420664495463353,0.9258863007605315,0.021143577789441655,1.4007721645395526,0.9020956074881084,2.6472602493426396,1.4826640197615306
0.7591440950608724,-0.446132725594645,0.48832219910852115,0.9782763131741354,0.16020241051555467,0.019638397707485364,1.1145515321737525,0.7057222293131774,0.13582281396463106,1.0550094725716128,0.07987687930733921
-0.16986691325760844,0.3215292979892819,-0.30041001432662734,-0.31080395302490793,-0.5798422030816701,-0.621677416244097,-0.6572115955124243,-0.8173601724585292,0.022450959744578048,-0.770257155701378,-1.9068515139354305
-0.039891257375834446,-0.00692825700277703,0.1589000862876178,-0.08536369946377563,0.3546815866335391,0.45886255304122764,0.13599165553811687,0.48084302133893553,-0.04918282034457985,0.31894669599427217,-0.7318310578751341
-0.021001105715988767,1.1935279807809727,1.28102352728665,-0.15730898870216503,0.7589951417882326,0.5698133258713612,1.0258767400362194,2.0670355444120525,2.372583727812517,1.9284197167085004,2.197395271530718
0.7740224449550447,-0.03499336789594484,0.6761506946761836,0.7822265679812975,0.8038032392502914,1.3372601601658456,0.1996121774997556,0.8221833404725583,0.834248665629389,2.2106246474406377,1.1892302012307627
0.7462487399136568,1.3468896410567996,0.30741582275484325,1.1562005977918022,0.91814687421744,1.0004237946444907,1.221042390258587,2.309156496628077,0.4745477214435092,0.9256830041696211,0.38897113474527045
-0.6455011947147692,0.8303304508456321,0.3220346720896619,-1.1467160818029387,0.541144400523088,1.0545080628519559,0.8122293975618804,1.5967383196680751,0.823481425917726,0.6498022383235076,-0.5445022400800235
0.6427801469710903,1.8793716739816644,-0.877419917709595,0.35838812051993374,-1.0494670566999,-0.7539335621179983,-0.374396071140632,-1.0175964478973478,0.15870741451263304,-0.35876444803640917,-1.5010865308861725
-1.4043011568794517,1.6284629888665145,-0.8316032801554583,-0.641902037519615,-0.8426062433124658,-0.7627609865215748,-0.9134130097980498,-1.446014786759872,0.29800269185213757,-0.7508047087478514,-1.5854184055973268
0.10909484884382004,-1.8559708973848368,1.5702556866462931,0.4397873392658792,0.36841824282804464,0.4218349384971882,1.047461493468706,0.3194053906999208,0.0715425475613329,0.6828928919121998,-0.16939951988853674
0.19835085730195823,0.13279188756631563,-0.22607407665575147,0.4130379393728481,-0.3960470197197671,-0.6165858068511382,-0.07678780177665762,-0.4089989579306083,-0.0692312300872458,-0.029759390301713026,-1.0474452950783326
-0.7956778525970499,-1.4814909734533959,0.3516053427807956,-0.8720526206613497,0.35404865290236454,0.2749380461972633,-0.8294990830330355,-0.4051110922826948,-0.7022001151125685,-0.7069083365849893,-0.9546796115420619
2.0113251143980686,0.7116613422555987,-0.2513247450791137,-0.45234280843827834,-0.3961162330042556,-0.5190825876857055,-0.39326226701767897,-0.7807290336169371,0.333720126342843,-0.3211851929136123,-1.2370666899733624
0.3669680394736204,0.5306688956026326,0.6083383365001926,0.38397761635594363,0.44072394922580066,0.815188528813516,0.27170364546988013,0.8887828508857114,0.9895007943708214,2.0565706381742626,0.9416997863782194
-0.14706408725737183,0.05277503513773058,-1.0558333852279962,-0.2851648749890635,-0.7121582653936981,-0.6844018666011726,-1.133937926007913,-1.923228663351135,-0.8119140267857077,-1.6079223374904026,-1.9398928998474694
-0.5049116134075586,0.2935171277641955,-0.7205962465304602,-0.8043833172342324,-1.1145865007498867,-0.9913875480180654,-0.5260238674347609,-1.8311275143425232,-0.32967736251128704,-2.1512896778738124,-3.065139574113158
0.1285166327572745,-1.2714782984223023,0.04034181090487752,0.03148590203627055,0.059882520021549895,-0.05862415980515137,-0.674924131016971,-0.4628592744012225,-0.6838046149969247,-0.5238566485331295,-0.9053070191945053
0.7840863963115835,0.9554409584492167,0.7052356878911412,0.4270407354507504,0.4310140607806672,0.09341241231990938,0.9902634524626668,0.3835736748012325,1.0381670968621628,0.596575489401998,0.15042274304954542
1.147602136466432,0.6743118578648032,1.1365740176129757,1.049541585560396,1.3448744561974182,1.0387376365129057,0.011898866209244394,1.7978397730473095,1.0465492204697993,2.5697190989699448,1.72555019358885
2.163061928103254,2.47123177477026,0.9999529529531699,-0.8500974026717738,0.44028094127045847,0.9051920048361355,0.5813460063650772,1.2842113850318693,1.2948385055598244,0.845767119434827,0.08586627023957992
0.4418495241702087,1.5278651967152992,3.5937418744920757,0.9390915026565785,0.3518850432527196,0.3444052002308756,0.6201426920269615,1.287037962861942,0.5268045411711836,0.9666269604408704,0.2852894850732291
1.1031768496982903,0.8352328809570763,-0.09217701923832525,1.4300751490380883,-0.16721795698101294,-0.2892914426931241,1.0219557765612646,0.22101812978703483,0.7718923297814122,0.5779769826084799,0.07927098360173482
-0.29997916256498486,-0.8135654496002177,-0.38879205007915923,-0.5716060631205141,-0.5542957969553097,-0.5955857457601765,-0.867189352648638,-0.968702878520361,-0.8618876127331208,-1.9732763054518032,-2.3043233652402804
-0.048309255449280025,0.0782672621751741,-0.2841123528722149,-0.12641597377399097,-0.43072268025972615,-0.5374924906754486,-0.6098647732804973,-0.8291838171791452,-0.27478737202736275,-0.6649318686604924,-1.3108773108684548
-0.8661476732137707,0.2717221515094204,0.7435999377882463,-0.7415982921960821,0.7389490864081937,1.2531258843235882,0.36628149913357266,1.3920479607655243,0.1537478566582855,0.3621847481326438,-0.8022541029362278
-0.8713938539198451,-0.5658013409476956,1.7793969532089824,-1.138326803453936,-0.11418784296052285,-0.1703277056734217,-0.3098132163016211,-0.411660684331532,0.5860168969792964,-0.2836274441456938,-1.0432874904171583
-0.49990535897600774,-1.3346554326625066,0.6555822882760832,-0.8973110818771024,1.1871464743420042,0.5120181624175677,0.12707958862025973,0.38752513911689657,-0.2590484440630747,0.03836803619706107,-0.8548002518436545
-0.8665868824693663,-1.7058573984890468,-1.518060083014689,-0.7428763079460359,-0.33077818267005404,-0.4715046350399983,-1.1574030454570021,-1.0208412510341067,-2.5208436822889766,-1.6116245851322062,-0.614358164512612
-0.20101126659091165,0.6476771809353621,2.1911915385391225,-0.3338261216485765,-0.9273697949554314,-0.7679212444355354,-0.13872155668522118,-0.769008490795349,0.9409240949275579,-0.11393652655619486,-1.1128713817780482
1.209232218336767,0.7720479741692566,1.477148341486312,0.4367258548016517,0.2688465307797796,0.16221518302636315,0.5876009097387125,1.4917172908495138,1.3060639152372038,2.1354728351579664,1.2300540756531824
0.6294146021060382,-0.3321583186895125,-0.11597902582253691,1.3597329558964195,-0.21230072501478608,-0.3143065913180749,0.642691583869506,0.23986207718971586,-0.3320636701173972,0.6081231287377659,-0.2802146446873752
-2.035507396448917,-0.16357092535722384,-0.25355780478037176,0.8855325707399238,-0.5030363547756804,-0.5892956015554984,0.0015595076898170523,-0.6323850623492066,-0.3373289222565671,-0.12991949470806682,-0.671508437786742
0.3636887816728146,0.03779788090317793,0.6449250132681357,0.9489781271231685,1.258694810975577,0.8041461995434317,0.9269910115223018,1.178379959987561,0.37196145742103703,1.477710900205471,0.7220854430940126
1.0438250228827632,0.893442673911423,-0.7626804218480409,1.2507487240354942,-1.1641123323973994,-1.2375225464458568,-0.20244979205981228,-0.9445510452907249,0.0674480216971125,-0.029801948756224092,-0.6561040737861495
-1.880925760104935,0.4797075603963965,-1.1658886380044948,0.20811371079687666,-0.8305340435749524,-1.1618105417920899,-0.7303887733184569,-1.5398277476568734,-0.5507067296416351,-0.7280084082764124,-1.0441803550116098
-0.6465961237370872,-1.9686681903297616,-0.9289602613284249,-0.7314942141272343,-0.8947357921185207,-0.7194356301339978,0.09032619905209381,-0.7216015340511839,-1.6695450298951058,-2.8450273333557914,-2.2538361113681384
-0.21143695297694565,1.7598940250083919,-0.9276257232279941,-0.3312943172884361,-0.9752644025343247,-0.854889672223509,-0.5014030251415346,-1.3044208091382827,0.2747963589932228,-0.5578927160579997,-1.184509754585527
-1.523122880974356,-2.113815626703097,0.21140079465711675,-0.36732916564724216,0.7219862736410643,0.6412721911322886,-0.45986644882302935,0.24664317921181556,-0.6551478770170853,-0.36838602126071185,-0.6045787418155906
0.40562655216684856,0.43955979306325493,-0.49833515744946555,0.22055906756650018,-0.8113385303112652,-1.1505149179450382,-0.4243921683044845,-0.981245164001032,0.003743771960485781,-0.4144423776221168,-1.1214104618548755
-0.7159160059610613,0.7871191628920612,-0.40862910633181493,-1.1372706089366202,-0.6422321262631487,-0.718664238074141,-0.8967193441145975,-1.424870732877314,0.03962106057787003,-1.3951610539115002,-2.409660110768402
-0.15018618729866046,-0.0839769386968162,0.9491176693242813,-0.27149822721467887,0.9518229323746952,1.1967709279720666,0.4425895521204124,0.8393114108312293,0.7916355870210331,1.1665568515711615,0.29449971843670214
-0.7449461791963222,1.055013714194892,-0.3682690639552244,-0.7577591337115627,-0.7001607096948936,-0.8750948566624178,-0.8420710708253005,-1.519066662385398,0.44730360851736456,-0.6569105337627221,-1.9774696358033734
0.46215796747702526,-1.1302224022336542,1.4872696792666424,1.177382748173656,0.15632037339514376,0.3396819346446112,1.1153041182977983,1.0319833235769453,0.350640008223362,1.7932038549648575,0.5384413695854433
-0.8779117440152374,-0.3658482690621559,-0.6174584482191935,-0.8004632136950597,-0.6854739208458102,-1.031057711721288,-0.747806855732036,-1.9034343338357844,-0.6999437219962586,-1.439528656733528,-1.7573100248925768
0.518396681149888,-0.2413829843917488,-0.1195677240804498,0.5035094865787746,-0.3691021422222984,-0.4690278088914806,-0.0942737324575782,-0.5886041705116073,-0.27296713030158687,-0.18269371506925852,-1.004275177651386
1.4776087471638495,1.0719185680605747,-0.37590771706060166,0.35408752275989,-0.5371327510707712,-0.8395887559360029,0.0735228411482221,-0.4996108109690229,0.46194689083583895,-0.0282608240359615,-0.5537492706170644
1.2139445634320543,-0.599539873957395,0.8076717581501689,1.272723445395895,1.2341984584296222,1.3421043970725006,0.9068148962620118,2.2629815665506556,0.18785960262982881,1.2080552331033683,0.5858837104516413
-1.854539999604398,2.2909964491788304,-0.11334703754900731,0.11923550342431956,-0.17647793854921634,-0.22158202534039004,0.696070017234042,0.4295494510604859,0.6895215743111077,0.6992531699954893,-0.3658045512674738
-0.5845123041514726,0.2156330344031552,-0.05584418474809895,-0.9362825060015413,-0.06681364200793731,-0.08057074238540853,-0.5621063388664383,-0.5824362499117139,0.180501580229776,-0.48976072537773874,-1.3095298797713484
1.3645942666704616,1.6692302760917657,-0.8757259008204592,0.9863762494725883,-0.8098908724821067,-1.1242501639684293,0.30305841386350796,-0.4742194921624473,-0.022752033737010846,0.1899375768245985,-0.9431626429099087
1.047490690980571,-1.2078085016371978,-1.332747019341761,0.7982098751968214,-0.5375038509055358,-0.770680371395415,-0.5449011848773718,-1.4026030491213872,-1.150090850206451,-0.6296439689065475,-0.6313079802193431
0.30950920718951674,0.014845653169226957,-0.9516958421173902,0.35754049888764305,-0.7328311069624258,-0.804732307199814,-1.2159664594471211,-1.2409203773508946,-0.7971182563803325,-1.2280479655764507,-1.6392134787903543
-1.9120325172427872,-1.9688289251314188,0.47354541528062044,0.25556547315606715,0.5503646565432544,0.7355287567408385,0.201318983475987,0.4367235012704918,-0.5009431953013455,0.16621748883470686,-0.3867415041745248
1.6200794685055842,-0.8722554485440313,1.2552911996031393,0.19832124852050179,0.2589338717157118,0.5667001200908952,0.49450451182391025,1.1360605629851694,0.0961996238075099,0.2777684077363709,-0.37075040272619697
-0.8972863322739321,-0.9592108366408192,-0.32942121136653235,-1.111048959781341,-0.553560078449083,-0.8685940770723745,-0.3434611364517429,-1.550717238432529,-0.7594239175781882,-2.3814378754285452,-2.847319261967778
1.2770174525560363,-0.05973754571028335,-0.6211771087183878,0.6529187550609257,-0.8201340473395163,-0.6982934352841155,-0.5854721015827196,-1.3978483459710296,-0.4645611177182526,-0.6847480055871455,-1.4381210577958385
-1.1264936425133871,0.5521110452113556,-0.43332836624906756,-0.996230127373136,-0.8559575117049932,-1.1806113346181801,-0.9684082322817642,-2.0882092333908018,0.09481003862240342,-1.018318303030571,-1.706242202967353
0.9253640318176535,-0.362790339424281,0.817109274106345,0.6972485608014188,0.5338145539144638,0.45669139042979634,0.6706684132879875,0.9009071555050794,0.14542121108903716,1.4363848744237202,0.30642087205784163
-1.528271626976403,-0.7608005292172003,-1.7187583089698328,-0.36293130540703683,0.12455720371699686,0.06756430479134329,-0.7495669078396683,-0.7358862652209137,-1.2249210819953844,-1.0725806153448543,-1.0108713762862824
-2.0342115140537733,-0.5966585323224667,-1.175582779980864,0.4065436416272161,-0.7560271412512632,-0.6813947576851495,-0.8276035256605381,-1.6810825495760733,-1.6322646545554218,-1.0529324158947453,-0.7390123203919304
2.3182376903407875,-0.7879368506329721,1.6020660901847978,-0.7200670299838646,0.23530045912248287,0.29542968307729583,0.07064998205451764,0.38260293883621205,0.5737765253576225,0.10734321457428844,-0.5988071244916056
0.1306250181548409,-1.5162261198862799,-0.4211947803130438,0.06365407721318239,-0.8134130631942665,-0.775227823046829,-0.7998464283956594,-1.7116270464450858,-0.900247008986215,-0.9591617604936827,-1.1009973640979769
-1.0698846036918084,1.7312566644009129,1.0841428137802456,-1.0574278191471285,1.1501699771354388,0.963606021018797,1.6263015870974435,1.1534081776197107,2.3681890037719384,1.182068714238868,1.415883632187921
0.22711988063859168,0.28582615884188783,-0.794125210755845,0.492969198445753,-0.7659001216801017,-0.684250378902175,-0.6705149596108811,-0.8472136639502799,-0.4540532430105965,-0.5396842331537343,-0.868601826960994
-0.4175087355025407,0.6491754965384136,2.1644882394902965,-0.7198149908573424,-0.6409471221547999,-0.6894322521043518,-0.3729990151742727,-0.6126691335796235,0.7639958637007896,-0.30453945204563315,-0.9513819077037874
0.8949260101930467,-0.3089318623822049,-0.9719842556535416,0.8592753314955461,-0.8649711557492905,-0.8205266038652178,-1.0587842710110742,-1.6622871694518566,-1.0793958042421432,-0.8974078392583353,-0.9602654014676086
-1.3068625153099926,-0.28474651805981793,-0.5251341882797209,-0.8257090698288059,-0.699286727046736,-1.039806964836644,-1.184452165487461,-1.9720317440558064,-0.6996631317388038,-1.1694262257628851,-1.4005300205307074
-0.25310391652010544,0.5479357943577822,-0.629642841921569,-0.4883064683020404,-0.7282661649912034,-0.6684241064283598,-1.0011835967076714,-1.8226132631446208,-0.20221516610233436,-1.2875068732304036,-2.179431983808763
-1.474366398015436,0.0485571393726739,-0.12034433174353411,-0.46013439820247626,-0.1878640105220677,-0.27544759432347937,-0.5037231381612445,-0.5296153991439928,-0.09428483614264103,-0.4789088541960145,-0.9449089030326401
-1.3238508293945954,-1.9902538651460662,0.7245106112443842,-0.752563262573898,1.0835771482596535,0.5769558013701473,-0.2121834831633521,0.4177511379194344,-0.4645162132733814,-0.18113585129311668,-0.7297948128768756
1.631744768917962,-1.1857474080632122,0.8480072025032682,0.36639588755281305,1.4964641870684825,0.5166853403911091,1.373228910835411,1.7574277578604598,-0.11118718166076436,0.985555231885235,0.2795780709097267
0.6261726218007302,-0.46570362556681877,-1.7311788232360708,1.3311998109340053,0.02212757107135517,-0.036760595733211436,-0.15490511135571755,-0.12944910550093403,-1.6604515754256037,-0.15603066109429703,0.3201112936562659
-1.4827150097492734,0.03639168406227179,0.24339319587203315,-0.4710957159199772,0.2349771524408455,0.551496769695031,-0.11754692944963671,0.6760261115332031,0.4346249425942146,0.13299554878998393,-0.5581783901329395
-0.2649054881839809,-0.20232649516185464,-0.30394302622773317,-0.41525223359412594,-0.6105991938541633,-0.8440463637070592,-0.7307961509927715,-1.0498418747543683,-0.4399748493284802,-1.1329337936583286,-1.6842290388502548
0.4283686995974309,0.4846942523255209,1.0528043210345777,0.6429005171590255,1.4666844656262765,1.4436338096078674,0.8050880560360769,1.2001369983032273,1.0879077473303784,2.085721809894893,1.3549615233741406
0.6839198842880648,-0.19743450598140533,-1.0369453147254952,1.4458693218703234,-1.175694229272014,-1.0732068824977383,-0.6113801120340151,-1.6934382295484411,-0.7500463969146773,-0.6872094711045903,-1.1165512193287113
-2.093998865751343,0.34105130297959213,-0.8034342013960106,0.3654095101333358,-0.7528573333041126,-0.7254658123738286,-0.959417867117802,-1.458724955952153,-0.373765471762731,-0.7777628567210986,-1.6343817578998536
-0.6295804220192901,0.9402875365514074,-0.22478430996124782,-0.8907783084460227,-0.3795887827727067,-0.45990777302704744,-0.33681078270361464,-0.6995945600046541,0.7150732854632679,-0.2783559432084917,-0.8620678651855513
0.8753494668166929,0.7794131456211493,-0.0062697927224664475,0.9894795991484181,-0.020300249556892136,-0.06906283590506664,0.5204462549732108,0.7788931788843678,0.2073841998835192,1.058197937136194,-0.005660940324025303
0.6035988285599374,-0.6292093523220136,-0.3662949655421817,0.6282409649186489,-0.6012921254365636,-0.6456550719765004,-0.6513090249310733,-1.0909979101991767,-0.6029065182651259,-0.6372094970392588,-1.286151268087568
0.21008185664312223,-0.6124388833261262,2.571114973295673,0.5010756974649234,-0.9376967701443347,-0.730225622803789,0.2676506405212292,-0.3857101009552762,0.5624030144401828,0.0968620764059059,-0.6341180693933195
-0.42626817206179607,1.1247436700591187,-0.3595696888051672,-0.7734042567767297,-0.7065180119521265,-1.0225147163133965,-0.7911605971128798,-0.9094097645878203,0.3071823744555091,-0.6606277090792911,-1.163987810020325
0.2808198764217438,0.2553545849434561,1.796278105247672,0.2974520138688314,-0.20381782978206092,-0.29978330456613556,0.7953348418417894,0.11824768873411168,1.4079798125429481,0.37201172859136405,0.03613894539928711
0.036415989920711225,0.3236358933181652,0.28745738812853555,-0.07607459490631523,0.2305265465906859,0.604475385448737,0.2738261330306676,0.3303865348892787,0.19948339286185668,0.16848683285676355,-0.4807246738141332
1.0167799097391932,-0.41087568405652886,-0.4161684358082869,1.1411132082211188,-0.6062255509107376,-0.603035635912754,-0.2741354393726855,-0.7007261917645433,-0.5336254496403166,-0.23550769076110026,-0.5873191525656147
-1.1594619613627524,0.42604347006974375,-0.44828741089927554,-0.8950967096381257,-0.7362729274292704,-0.9862070994748878,-0.7694466701573642,-1.5369518628153265,-0.04788744542823346,-1.4396208492765017,-2.4315698208940213
0.37165036954738934,0.37167734631312455,0.3967225109229962,0.5232819276226606,0.33976891944241433,0.7366413453921696,0.4175512622384211,1.2343709184566531,0.8094975620858753,1.6959851885606771,0.6184543107746614
0.30949549398194093,2.135150850076878,-0.6764211626317119,0.2504353329059971,-1.048437557343322,-1.2561789773805985,-0.1627940089882081,-1.0398641548285956,0.4946056811582875,-0.11614821920723775,-0.9941572634889458
-0.41919736353748266,-0.48052784340463633,-0.2705477546831436,-0.7800723657869119,-0.4805919613977758,-0.6136597835211415,-0.7058985950324441,-0.9268859378884708,-0.660613349269882,-1.0386859181767143,-1.2864688310174524
0.4661077682903152,-0.6534610559324645,0.07503577604891684,0.49062220325878714,0.14394175418283303,0.199302988410668,-0.09793639940841613,0.1433145512926643,-0.39739878404268736,0.027533702478429095,-0.45651910987750555
-1.0172866528819169,0.5991388139981444,-0.1597145405509199,-0.8285041736623324,-0.31285394498177155,-0.4847457373225916,-0.8677472840270796,-1.3465595409629247,0.11063889462646047,-0.8412401144157183,-1.9676187475505442
-0.27090217256429705,-0.5146129174880201,0.6822388476061078,-0.42453543549070555,0.9367173654517242,0.4505572090640093,0.4648277284767121,0.7066012943664182,0.09654501312835373,0.5843722285342964,-0.39950002136419904
-0.22131287889801568,0.426153622424367,0.35692147319555495,-0.3773997754974054,0.8374074454455935,0.36363229939221836,1.3014225926071825,1.6133625940442995,0.8455948382890021,1.549563969226925,0.38169706524861574
-0.4295605269004938,0.6633221951339383,1.0354872093778518,-0.5796247727876324,0.7757192537453166,0.6438773913030056,0.47320784376604585,1.2259348720713539,0.7278978099833546,0.9980468484318672,-0.05218204216716404
-0.8426362221647679,0.7481607959406505,-1.8858491939901938,-1.1608828035358458,0.6239144632201467,0.3949693652894752,-0.5485937434905812,-0.2635990282382177,-0.40684483068558125,-0.6097613438997481,-1.1619715046032408
0.11988300109818559,0.38847513847342346,-1.5602038960668771,0.2715738076287017,-0.2731667521961378,-0.4210965342659732,-0.6576869320422439,-0.6337494835859487,-0.7486695573315116,-0.5642822695255092,-0.762045853266078
0.019173286278364836,-0.5307771742357118,0.24363886952513575,0.08898659946210802,0.7349586477783876,1.0938109879193285,0.8030192302605791,0.9699844486059013,-0.17992326239112044,0.7410696760066483,-0.2659047626039754
-0.30276925034219404,-0.5696291397307226,-2.2915795508285544,-0.599390346861077,0.5166956291930979,0.4001221369001516,-1.1358247771299577,-0.5404325612870983,-1.6853862156298858,-0.9923399564517438,-0.5628374327248609
-0.9451959110874986,0.13435877542936583,1.5133136659667137,-0.8182920714605798,0.662059306644396,1.2571599928858828,0.24567982181882925,0.5018774077503598,1.5488241495235167,0.4266293763350062,0.12806178047555436
-0.3735914887060011,1.6229357100480646,-0.7305577664082472,-0.7379005466243673,-0.7590709301621307,-1.0854741661869334,-0.7160620512483382,-1.0886331177164603,0.4630310933123593,-0.7527016850225227,-1.8982711802206667
0.5935952351797861,0.6399474047022209,1.5282604545537541,1.3760772565177763,0.13626681566036358,0.2364674893952693,0.7724778843053348,0.5330721281336245,2.2158473134835908,2.212902560140397,2.277856832043287
1.077971202881964,1.1479608916795767,-0.06146378551070512,1.1062212255165873,-0.10976147503930861,-0.11068777401135214,1.0219319088150356,0.5029230313290942,0.4246775255668503,1.5884136866640737,0.30316292096790864
-0.20408960671243334,-0.8807716837318224,1.4777079482638418,-0.34693068313511977,0.1007279042990219,0.15536668392069053,-0.11449294172592236,-0.002851489799120935,0.11871030747759607,-0.03615524494366255,-0.9809614792266862
0.6945959260152176,-0.3334686462996605,-0.91640448357353,1.5097422903779343,-0.8555851254709447,-1.1711612444621098,-0.4885878233880853,-1.2725560312306374,-1.0235895417164318,-0.48521465667272806,-0.5660524468961821
-0.6090229407049194,-0.9448579215993393,-1.1386432273032236,-0.9030321126427477,-0.8894057649919775,-1.062762062958615,-1.1833498895577739,-2.155441230399479,-1.6692776681134043,-1.6031913348319733,-1.3155912088154273
-1.9122792064128753,-0.8561946446967994,0.10525848264759263,0.7179500956268683,0.3835502684011449,0.2626371581580308,0.6397810815220392,0.5835689763745051,-0.556023740323266,0.46708505015422164,-0.17682207708446035
-0.2041805100538137,2.256710363102148,1.0344766467779174,-0.33975338906242347,1.4541044510149672,1.427419753556081,0.8931876850717372,1.2154066477619898,0.9305646470244466,1.655667256155816,0.7131521533547904
0.6901591784661232,1.4094336427451029,-1.7647303167485704,0.5648167203383684,0.10034748914108622,0.19535670354452508,0.32317594284283413,0.6336912634609042,-0.27769965471466557,0.3946894577757427,-0.5185994848523219
0.9004392915210137,1.1274055253472923,-0.5619922703249762,0.908425615804968,-0.6569314800150936,-0.910490127878182,0.26869918658305536,-0.40308141361162986,0.1351548088484662,0.18909860946060417,-0.5858855765051654
0.022988098176051203,0.46489521402031936,0.45080039421519796,-0.05184700158374035,0.4566850432359512,0.39172480942870225,0.5272492054666985,1.0262981905368955,0.5800744659831369,0.3227189934720484,-0.20691187946583295
-1.2586258487352187,0.09484694450854798,-0.6000339030043809,-0.9133554203130059,-1.09155435776774,-1.2538915309377172,-0.7358515055959166,-1.8022942314954649,-0.39436137759378304,-1.1925373110848194,-1.558725458652832
-0.5401317702565094,0.029062982246454597,0.7289323014429562,-0.8564598772480342,0.43943445171702744,0.5404310950470267,0.486841942767558,1.3936535783465391,0.8614249385719768,0.5249531213275622,-0.3709438186987111
-0.1523039682059184,1.0986912276117984,0.3772035978127504,-0.28033256406163853,0.32920066362752004,0.7301309435330525,0.5412705324292921,1.9139151781426464,1.2267833340384406,1.1490925739907811,0.3445734935173024
1.8950449593201846,-0.819928407142712,1.9350366941511472,-0.2634619347506309,-0.37681974803626955,-0.5198558473602084,-0.0353208679738971,-0.3411797668615428,0.5510987045610543,0.03718265251937222,-0.9627963984493036
-1.2651775164404713,0.5220402312978325,-0.21913595814029474,-0.5878283688668238,-0.3553127112829682,-0.4589231807984544,-0.6633442182810086,-0.9897367421851443,0.055981089100729464,-0.6959725228887418,-1.897328556331086
0.81843302233291,-0.5109095151427905,-1.0492317683638461,1.029149489711311,-0.7581054667763716,-0.9802647522435594,-0.7119706174858885,-1.1647629957429813,-0.8332009334311924,-0.6379357318321139,-0.9345990808612452
1.167546806921625,0.3400339259505747,-0.7816825250319862,1.0978447999704046,-0.7437465138381488,-0.7864957773252054,-0.01619020403356391,-0.4523760648860008,-0.3357188957317908,0.016667525075406253,-0.9094526419310714
-1.8295319970219686,-0.8550621107783517,-0.23800724197647152,0.09083959548884213,-0.411475993277891,-0.46999964629534224,-0.8205502299696824,-1.1140431822597263,-0.9766448700010872,-0.8332459355152182,-0.9430165913115018
0.676679218619296,0.9601794266807935,0.4243346796922328,0.9091485779916932,0.6315299117413216,0.6689956647670243,0.9990622256227033,0.6655467708617847,1.4843452944580435,2.143041240574277,1.585104072158957
0.6891722132781944,-0.362922536228846,0.4717805071992501,1.5050963295712039,0.8388382089560801,1.1628769834027655,1.4070708007328983,2.650855206420453,0.21995759475558338,1.4997909144958268,0.7142696412565139
-0.8991768291810046,-0.40617826674728186,1.4937114714901343,-1.1995431122935583,0.4037328332185314,0.6951539107303764,-0.05897445673632769,0.6974275404976323,0.48121656705748606,0.025724699037657103,-0.998568647102641
0.6362283862052935,0.27583685727203244,-0.6356652225712289,0.7592763850811307,-1.0448264507842164,-1.2272236678488504,-0.6454967421967632,-1.6114224517020663,-0.4136495479682166,-0.5073898162605504,-0.9305031203366448
-1.0551393768700061,0.03557821481402366,0.022029733637713357,-1.1536523011251407,0.11135094188781648,0.12111397112486635,-0.6189695334506549,-0.44728225810372696,0.17355605647983027,-0.5506680686711833,-1.6862490247019797
-1.43493262382293,1.7661226664521763,-1.3008620535670068,-0.5506435428187528,-0.6168580264246037,-0.9513525925713369,-0.9364299635009911,-1.177911522116607,-0.017828465649656837,-0.8157019899031338,-1.5462893720752944
0.6880714111108622,-0.7660591931178646,0.6057690226414082,0.45058683709495284,0.5931780945998212,0.8714167372252142,1.0669082699812709,2.3348929155345366,-0.031400458851008534,1.2088053959408058,0.0785581425282994
1.9876771449999924,1.6200921886311588,0.5083861703280924,-0.4607585959176136,0.6849611907968917,0.4584911175100871,0.7341670596170718,1.1061579163163446,1.2267238501827453,0.8311087369137578,0.2732473518116668
-0.1719693356857396,1.6283042625419435,-1.0733464049361536,-0.3201743150993077,-1.1190970464991332,-0.9825832399877646,-1.2384275337572395,-1.6430470714310583,-0.023573139119539316,-1.2925112463816697,-2.4374036532591266
1.7322912193800262,1.08619389505634,-0.2453019036056698,-0.14656850529824025,-0.48368004997006003,-0.5249937356905984,0.12925583541754315,-0.1652455491517522,0.6196106512685146,0.21909190387208316,-1.029874212670596
0.21827445018957176,-0.5496565611292166,1.043969922065715,0.3994699672473319,0.7318475160366449,1.3278302798078465,0.8995642794688745,1.9466126669471209,0.2771197524698333,0.864240300791041,0.1260386977685767
-0.9509189182801081,-1.809882176798548,-0.8926700924719696,-1.2401455044902707,-0.8236959995260599,-0.8173350271659268,-1.1484520059216798,-1.1570507085947164,-2.116761609225217,-1.4983575840918126,-1.080367409445326
0.38509846755645044,1.0073391817158488,0.487693997792679,0.22340330515151519,0.7621421383862305,0.5679178494150283,0.22931287867220193,1.5472428831064502,0.616540605106686,1.9489952335531218,0.6734135836460076
-0.20097522123503606,-0.7019348819443473,-0.5685636678763536,-0.378185423393162,-0.6600029941687128,-0.9817190807987388,-0.6617910108561476,-1.3806478265579685,-0.902762394160956,-1.9208364252740526,-2.2039950169861333
0.47323658806976787,-1.4053014079508719,0.19632392951584227,0.41505629977246367,0.34780472902829185,0.4215585810553271,-0.13086856611918352,0.12224443741350544,-0.7691531471946745,-0.134831420260864,-0.3820570488097048
0.4310541939059632,0.565119673076766,-0.14928807064727745,0.1852109866503996,-0.2764169709647112,-0.39735019670510696,-0.020625877934467116,-0.16820854340641633,0.5114766339398935,0.1368530510153208,-0.4513849242973014
0.09310042987542125,-0.5274849855595551,-0.46916243914350925,0.3780184455752116,-0.8320908640570442,-0.7053236410965235,-0.6263623818835171,-0.9395205475992925,-0.8187227932425113,-0.7980363662709142,-0.9899719558876958
-0.5360091297452302,0.3893113658899227,1.5904258496313197,-0.7547861363933954,0.11878822133911537,0.0013220851266240868,0.7145703288663312,0.3198649037765415,1.4591105110294595,0.7994543784650825,0.07668143249172622
-1.242263990169106,-1.1830948283269913,-0.8253620012770158,-0.7688301646563624,-1.2561832375189783,-1.1949665580554125,-0.5497914579416724,-1.1566867486730716,-1.1645073019568284,-2.1268095958346716,-2.117863290196489
-0.3842982889754916,0.9802981387691769,-0.0312134625588709,-0.541520781972826,-0.019390182563131533,0.05611479160410687,-0.01961946817904607,0.04858301927738738,0.3641105122983927,0.08192137632279901,-1.2025614762529384
0.10198534856136711,0.2597888692955238,-1.844602754410496,0.12764027973086017,0.16097396706071476,0.12043343881435573,-0.6051183169801915,-0.44124222406622826,-0.9128161679399497,-0.5650604595865365,-0.7871801317749125
0.8993365453915728,0.57479564317489,-0.9476284591515478,0.4148731362133239,-0.9031822539688715,-0.7291960109814962,-0.7113960072348658,-1.1087876456770998,-0.3673185996938968,-0.574323168853129,-1.004317457902726
1.0485951673499876,-1.9031469380454178,-0.8500300595776201,1.5124014684025637,-1.2176432149655847,-0.9352304942805212,-0.8723495560802799,-1.0347240378635376,-1.509215991146874,-0.754667371152467,-0.530601979194459
-0.26695033582485833,-1.532766483733836,1.1628206579862195,-0.4420675837617949,0.8964952001436204,0.8594797987400982,0.39606700009589657,1.0836681350110657,0.07798796146253624,0.35580487332798294,-0.4045655999077645
-0.7535349085420557,3.4395578784663843,0.19090448949962327,-1.2269591158751718,0.1834874295895808,0.36843468753271436,0.03792782441084716,0.6316034652148168,0.8551862987048531,0.1418256766362818,-0.8331342027041355
-0.8523794135835101,2.0209438514966904,-0.4368975997111956,-1.231186506661651,-0.5762438037483093,-0.8588808839098728,-0.897668549748652,-0.9256972191177052,0.39151225320406574,-0.7920200378015491,-1.6090945999317081
0.17543983015013948,0.04742880989575197,0.3819208592768803,-0.010834873455613958,0.4822624403063288,1.1928015843277626,0.9146234830672324,1.2311815409430098,0.2622839413329851,0.4896462474328896,-0.2695947397418236
0.8475934220154221,-0.31531113692986545,-1.0541366775698942,1.5800954521651667,-0.8097037518909352,-0.7533870115938648,-0.35094840038741926,-1.0611151443694629,-0.7560169247079613,-0.3547038512807036,-0.8262882675006805
1.1689282473425677,0.18450168315980675,1.0149513616279955,0.49641191175159316,1.4287232291834924,0.7863523569161517,0.5084025734903956,0.7041965121751356,0.4834873264682539,1.5410357266824468,0.7033326022238567
-0.1905681644804414,-1.1053906173092625,-0.40238085389965494,-0.3533609806652687,-0.7502483406701057,-0.9545538289597819,-1.162068516725956,-1.7025066640968558,-0.7901894507973211,-1.0561873096217878,-1.230238619157272
0.2508351992080014,-0.7864981457158151,-1.569559801232182,0.305469957596205,-0.17521685570945955,-0.2484590343058497,-0.7730033874229212,-0.8098224524284443,-2.0012618580605337,-1.0586965594173463,-0.1838563516415309
0.11830913789776988,1.5753237470975539,-0.4513695882248541,0.32199142762204336,-0.8559832109761423,-1.0562802793437192,-0.18540760010086788,-0.849789231120996,0.2782912178482829,-0.1557255958235855,-0.9091492722366142
0.08087404445467195,-1.7763662834224152,1.299010537190792,0.2677853775476119,0.8128494891090963,0.7175125508067732,0.9065844929803196,1.85958730479557,0.11550508562379944,0.9767884291958364,0.06934662124273913
0.7049669359977211,0.25430670618893425,-0.803025004540215,0.662056232657941,-1.1969067874725892,-0.8686647703126048,-0.56263347233211,-1.2465968244828032,-0.39056639530231757,-0.6532922367777305,-0.9902954298158524
1.026265804688869,-0.11445472626225375,1.8391242626219644,1.218138346452525,-0.253073145967296,-0.3327562137554921,0.5716069459096977,0.38815916973783293,1.5511763190888774,2.316909167325201,1.6260464145941411
0.21419565847778213,0.29734025341005277,-0.12565394020024437,0.33024722333667356,-0.22948006977470015,-0.4111107473170511,-0.11409800116114932,-0.334496447939947,-0.11820220331162141,-0.03912113314964328,-0.8906679802700879
-0.40845482721469584,-0.08958856847062388,-0.6316540474454955,-0.6297247034166048,-0.9045265866530887,-1.0984173773153163,-0.6932171912467258,-1.1705648293038475,-0.6523887145544114,-1.7676912356724062,-2.2117819986938727
-0.4856957564751379,-0.8116617288746688,0.037537970478981275,-0.7693669431817372,-0.017081461567725553,-0.10872547856210815,-0.8184173394649208,-0.6730284929251548,-0.5925273210025527,-0.8919920072734557,-1.2552272960449997
0.6298244867357929,-1.0130166005841807,-0.7784713251329736,1.3947149003675956,-1.0485773210849174,-1.256352924142825,-0.5474404079884492,-1.2118243648488123,-0.9400197686931493,-0.6344878224541559,-0.8005554546530396
1.5379762299214457,0.44943860516082185,0.6926113082007882,0.10830719029148062,1.0627070766738613,0.5478637691116218,0.7726798641055569,0.6570276603433386,1.2844415290131528,0.877093715012882,0.4832337898561653
0.5912174583409366,-0.05425079515894142,-1.29835928936282,0.7126640823122335,-0.7740184765422397,-1.005734158567509,-0.8281827153776496,-2.062106222528857,-1.1534999617530188,-1.2283987626264248,-1.228362025515451
-0.28136204760079186,-0.9751776762873458,-1.8447759689357293,-0.5419915240967703,0.3621663426404065,0.6503245602160193,-0.8095228974415023,-0.43878459197716196,-1.410176421393862,-1.3491006510439147,-1.0357427655762947
1.0578772206954594,-1.8395338699018475,-1.4474848347063989,0.621861450950833,-0.4022090955727602,-0.5405398573682964,-0.6601820385680157,-0.9163752373114727,-2.516735309250466,-0.5099114278281784,0.22298899270380218
0.12470909155979648,-1.5197394819798422,0.9711469916891605,0.17345470960768727,0.46585647049072054,0.29282919949649644,0.4478483982871272,0.1279471518302077,-0.17564631957940752,0.25824383146599916,-0.3886866176640009
2.0276755747098574,-0.7400037211372085,-0.4647049002879641,-0.5947484315156866,-0.5915922347601632,-0.9101974103370543,-1.184222062697124,-1.4339319442572995,-1.0343828211293906,-1.58462549070411,-1.679614679358794
-1.1769200789160146,1.1754619554310517,0.03207541774394187,-1.0151216490641966,0.13622767833402272,0.3653364179720568,-0.36084805676814957,0.03783874692521512,0.2778782031932902,-0.30060508175868733,-0.8726530902913926
2.1601283509662057,0.6477679523609149,-1.0616342291011664,-0.7415447178102631,-1.1545480388760954,-0.8172236560701412,-0.5814834129522568,-1.503146678304108,-0.33350615887010143,-2.039952339650812,-2.8842486892619235
-1.307002768166398,-0.25772295383753757,1.6394685856752318,-0.6755820306623146,0.27747722166291755,0.2973081246202077,0.5950388042599433,0.42747088300552705,0.38920872056226025,0.35811224980165046,-0.9445053271951693
1.5865393785114863,0.7616192065923945,0.8662806984374565,0.6067080704683039,1.1329810885550033,1.4549931727384189,0.3427462194376648,2.3547600656725325,0.5667637838383713,0.7113130461092977,0.2034566769206875
-0.37388678172283496,0.32395507096986315,-1.3277092978764822,-0.6856814459688471,-0.6640424690201495,-0.8001390885797488,-0.8494421077606955,-1.0275551184857425,-0.5425700048681013,-1.1311233060832508,-1.4910607166349794
-1.9109635385520138,-0.4897121728056123,-1.1587480980751124,0.41908667552998524,-1.0398308257042173,-0.9616208027252212,-0.8643387197706499,-1.1408527824522898,-0.8594509472703827,-0.8957206314971192,-1.0708354699408067
-0.25068543143936173,0.14039556235338668,0.10860979484776151,-0.4356283114319418,0.42077593075032954,0.33331149748891126,0.03667858156846193,0.19104668046895013,0.3316695232212318,0.1673063788345282,-0.48464626517570186
1.2751018224648396,1.3485943293446114,0.6533807595208827,0.67314874703486,1.1375919066710916,1.5855093151473434,0.32016055962808915,0.8441274985346573,1.051107496564428,2.2139965975369016,1.3815920324414053
-2.2091385662575966,-0.3137952501649351,0.8260103163220437,0.6113849461468139,0.4719473661593663,0.8856764275445,1.6031371719683802,0.7891362739761026,0.22376699427629307,0.9034285467819985,0.09351846631937005
1.1026905711309862,-1.2238252355028043,-1.4801036195009891,0.7044632874987047,-0.44742439572930026,-0.502178893579468,-0.6736622717501544,-1.257645023229347,-2.27352823326873,-0.8126853109377554,0.19842683839638645
-0.38769129379261824,-1.7759907516202902,-0.6705254891145361,-0.5817661607515058,-0.7129531708576922,-0.7801709293112022,-1.137434988666124,-1.161910547862262,-1.045451371430235,-1.225982497635038,-1.2836944475156813
-0.17754349928135985,1.127412773647037,1.1679210741302926,-0.31228648860330227,0.7746468035225466,0.18930452021563282,0.0860232274534607,0.7432767363726916,2.2806960406030736,0.5312894239373467,0.5957285868362662
0.3870019336516389,-0.04206330951238207,1.69568211934505,0.23959422633894248,-0.022456116171121036,0.14043655788536363,1.194695269502415,0.6955388211603892,0.9247533532233987,0.7471735108986733,0.034381897204613314
0.16647259411147236,-0.15166933142739977,0.693031214491182,0.5637132587068366,0.4060290755116453,0.9307008128885317,0.3550610846490649,1.9260703979305362,0.07208715845847566,1.0654050018422643,-0.003386484152346672
0.9494177735158292,0.4189115683275592,-0.6099086276023757,0.6637049703045529,-0.7358003759988256,-0.6664471074836994,-0.31285732084031653,-0.8582071931122187,-0.17506192342615587,-0.2655506637754535,-0.7671457780740377
-0.12853449915594967,-0.8566681268129083,-0.14467803870369905,-0.23134063877046915,-0.2677602506694172,-0.34717537478693217,-0.820274234924065,-0.8033780183936035,-0.6457959462174045,-0.882676409616943,-1.2653011503155733
0.03501655582469665,0.8855082782209565,-0.18721617573709062,0.08998923149989249,-0.31597253225093236,-0.4661925210531952,0.19297532468144504,-0.2392672533499204,0.8194682959343829,0.1034692854627012,-0.3935273441955366
0.7020052420769494,1.0168837496749028,-0.1126350550970493,1.348496606025763,-0.20759996439270442,-0.29795895978524173,0.3951640995989651,0.27281363846139023,0.6029236307956231,0.6653159511252635,0.07977008610500845
0.3802316913455098,0.47163022514908415,-0.7123756132651611,0.6581093642350967,-1.0231089995253912,-0.9481922065154493,-0.5941311510295518,-0.8102903176122194,-0.2465706794207864,-0.5049970862134269,-1.19686288485015
-0.6487617535066903,0.28307050624510277,0.5053036408704271,-0.724145634222469,1.0006079806172377,0.9457697459935848,0.7700628786354962,2.15106942996365,0.8460573104161416,1.4500511066211703,0.2411773440236778
-1.4739507106995515,1.227351353511263,-0.5170640989896388,-0.393542711589737,-0.80263255077194,-0.8876780489271814,-0.9180198631380568,-1.1865482531718747,0.12250362863738684,-0.724957715512652,-1.5219659369008713
0.10376427396111017,-0.6379392405782441,-0.1941008613230064,0.10509034706855769,-0.37352935355313827,-0.4398070726174764,-0.5933154162906616,-0.7139722063260041,-0.6759292798663182,-0.7236286201840317,-1.0600548812400181
-0.3332360675377343,-1.2659807135844632,0.3498584754215671,-0.4860063678171235,0.44753981457016706,0.542434726676512,-0.5153627846474341,0.016643720118882654,-0.5850120556933691,-0.4925054994676215,-0.9189162695472912
-2.5812647365361205,1.253901126661812,0.004635129954939007,1.76768957937801,-0.15834606430037748,-0.22766387836840457,0.059619843180452325,0.2758667522517883,1.1592180298991415,2.398822588234981,1.4078642646747088
0.22835035937866308,-0.020555804551405342,-0.17520544517460748,0.5009413250806289,-0.3101082612809174,-0.3943352346473298,-0.1680447828331649,-0.42541175053792424,-0.14639165206841992,-0.181172234557238,-0.617242245367054
3.0441670333034914,-0.8915596386137705,0.2675031553287395,-0.7602170648454045,0.4687443087781879,0.2551970768338163,-0.5916817657579873,-0.305099176351596,-0.36032907613702536,-0.5297225157567261,-1.252218597434777
0.08416642322164239,-0.6211958957500493,-0.795162057057958,0.28164880935128717,-1.049121250348982,-1.0133413694890792,-0.7368250723279564,-2.1860576706601145,-1.232054318192941,-1.8032958786146007,-1.71580892664934
0.5721897447190217,-0.19844757303052293,-0.7581703352849656,1.1864150075144324,-0.9010868015130542,-1.0255685250050226,-0.7939650332036237,-0.9288931636549497,-0.8055265218605181,-0.7019926848702999,-1.0952227723423393
1.2145174787722257,-0.6583181115849854,0.22331413083431687,0.5918238570565681,0.6881441026605216,0.9196598094152448,1.3230793394565692,1.2163410088648567,-0.27639466543029484,0.8679788297996931,0.050022026444793026
-1.6942618635009945,0.6315993371681191,-1.7889340127212348,-0.05321114269537425,0.4168407200619676,0.20877703109169024,-0.3025710019550748,-0.17075029894248822,-0.6268375821904489,-0.2752334602237741,-0.8365091108252566
-1.7191975776667174,-1.1564281510194625,0.4651720577707757,-0.12361278097611775,0.31455438148957116,0.3879218041578451,-0.30744897738101007,0.09143131302744216,-0.3745055567690925,-0.2812967735231472,-0.637572167478877
-1.5779486673363328,-0.5572632256553599,0.5047359324784582,-0.24007339248259438,1.2264013028537213,1.0361850170806992,0.6607107940260015,1.0213522217035036,-0.15446627389428363,0.654137353241308,-0.22943512510397202
0.6111152990631833,0.1147479294195998,0.2891613156218692,0.9782203051675876,0.14368077587596137,0.3277108042851203,1.176027701137702,1.2498346005221166,0.68814305025875,0.8658620754054619,0.2423275442273598
0.16689226806564397,0.3464524352799786,0.6157621338981395,0.5048314462712447,1.0663472853789155,1.5389108471965898,0.7727827261868019,1.858299556602712,1.2604761163472618,2.1617429095321175,1.4386386542230913
1.000607989337945,0.385615957957742,0.4337342638503881,0.4087482237349661,1.0653168111062703,0.4137138441820434,-0.06073298297913805,1.615730088028542,0.8634343025040724,2.6629128453575355,1.4471384326250278
-0.2472425276347709,0.7778634263128414,-0.23688997986082289,-0.4852223878762945,-0.4667484464481232,-0.6443611714548064,-0.5462932580378672,-0.695917354315223,0.24803472490882233,-0.42563447306872887,-0.959096073282965
0.12711940882249503,2.0821692210004636,0.051320962254217777,0.2083133322768675,0.2511694649774481,0.6796823900823261,1.329070678922723,1.9959931058017968,1.1906255135074582,1.5895309150256636,0.7023455132291225
-1.446506102547791,-0.6346751091324118,-1.6606318892110192,-0.5538784316147275,-0.06268305551071862,0.00967539054397934,-1.02874868461523,-0.7361154529867264,-1.28298158403333,-1.7290496610124695,-1.5808514595654808
0.6871695519660049,1.5709363977151334,-0.7987101442870517,0.6260770984199184,-1.1940533936608446,-0.8838132552280846,-0.5390397501558337,-1.2330615564645524,-0.08007189837865655,-0.4705052460654806,-1.2956096594177795
1.4436950200217504,0.20963768692851012,-0.8033880298319194,0.6436757865154914,-0.8195637208703075,-0.9841293440897747,-0.6696982803704687,-0.8393617787162018,-0.536828240444943,-0.5263840146620968,-0.8448159885785034
0.9521288543777642,-1.3033488267544455,1.0210971843116046,0.9220450985462397,1.5602059009551454,0.8717311186592271,0.5767873386488122,2.1404099114713717,-0.09138822305485568,1.0580825605319593,0.4722107046439724
0.30998123132573824,-0.1750827348589019,0.09704885209503782,0.7416631517858772,0.17063648021413347,0.09058423119872136,1.3520982604582499,1.245936603827704,-0.03186505273862648,0.842097821740603,-0.167682744704982
0.5993867046407062,-0.266999296166378,-0.31443970849107983,0.9007323359247258,-0.5870397052030478,-0.6442170389447381,-0.2637908837481251,-0.695180128029622,-0.4271066276639748,-0.2204770170491,-1.0130973666185206
-1.9328808776434259,-0.4571034004970606,-0.7702244617870171,0.5881585940714043,-0.9132312721363656,-0.73500383102716,-0.8783302454461681,-1.4306685195841087,-0.7117800332178825,-1.012629991486598,-1.4608845833638568
0.2790033010551691,-1.7771832300549104,0.2552607748847356,0.7415241144305915,0.5579675392864804,0.7800326141653307,0.5613809891833985,1.0338359845717962,-0.7574750675325879,0.33987061102260924,-0.03471959050267327
0.31525593305775335,1.1340990484689655,-0.6210240985273868,0.4871004800713871,-0.6879187505167511,-0.644714305811755,-0.28002113025986936,-0.6374548687267476,-0.07446381109879807,-0.2494198236600823,-1.012354461666669
0.4408116002399545,-1.3995724670128298,-1.4868760516769246,0.5723601933478251,-0.34752344832322996,-0.5122103326942777,-0.9124706113471521,-1.1043062305268618,-1.7488182733978053,-1.0748956713292357,-0.38623026981507164
-0.5104922283644575,-0.3668592310828575,0.008092047414572907,-0.9673102806198799,-0.22037040788302684,-0.30794909523278574,-0.7500015758626754,-1.0819667707033886,-0.24842020440220808,-0.772687051649508,-1.194531567838044
-0.718528305954292,-0.5248343702014351,-0.282825826280554,-1.0561102167312784,-0.5675969778797528,-0.6558589716781469,-0.5706480261227078,-0.9935201673200704,-0.5497259756628892,-2.141402447883342,-2.8438413603537693
-0.7513418093626835,0.3882129795983143,0.35040521618610443,-1.2148946291218217,1.0106661305626776,1.3323248908973249,0.2849863351986872,1.0656860133280195,0.6864191106560943,0.4023207806131791,-0.3178528410102146
-0.6463079825979952,0.7932020654599515,-0.6052217242026575,-0.7121066048220183,-0.7386663316538103,-0.7204835205606127,-0.9403650877234466,-1.5299588696065067,0.09622842213265391,-1.0513326797285625,-2.010215489592504
-0.15867213419784387,0.12187691732020432,0.7882794700251201,-0.28828948230459256,0.3005212198573899,0.38275663357059353,1.0246334776703543,0.29276498733998163,0.5917449613835061,0.8614790952797078,-0.36432395149474583
-0.19273311361451342,-0.6123073634461489,0.8450593567119095,-0.3217414830357449,1.6802086943755694,0.9128080902621443,1.6560045413840678,1.7011653736179189,0.2649040464114423,1.1755283205634177,0.15125286830344892
1.3257680180476945,2.567977813920558,0.08769223631620934,0.5155800826279036,0.3184700711063184,0.05202993872433209,0.34021774099605473,0.5576259025894522,1.0134337689664212,1.3922002435046652,0.605316029461357
0.8296766569873224,1.2021540692889245,-0.6353483712095402,1.1163273372702496,-1.1161555197929942,-0.7884977521270277,0.35258623159941394,-0.38338613993277787,0.7064059035798624,0.1305190077279937,-0.3805354922500194
-0.15971485252521112,-0.8660396053892675,0.8608733072925885,-0.2924603407315669,0.6664085842744103,0.5029256165320264,0.42534627559958976,0.5530123217914378,-0.030767617438719475,0.242904388649412,-0.5139764553537861
-1.4139399218665025,-0.9034316535954663,-0.5023685192451754,-0.6076736707150578,-0.975529161829677,-1.2343915209920293,-0.5985474164933243,-1.911456191576638,-1.1162665406528052,-2.0696627137800974,-2.1032531343285163
1.8146273236412052,1.020661355649196,-0.2687865767270145,-0.0996457640404486,-0.4263980723424794,-0.5729769288155216,-0.10333831898991502,-0.48769313039864765,0.20507644938909642,-0.16290851904295148,-1.3856248027357578
0.9366796918871886,-0.41923846209999327,0.05719798115651265,0.9922633924384032,0.36670658997591515,0.4393222007307853,0.708867388753275,1.8165871724675529,-0.25668966446168917,1.1980920169176263,0.21298560344298706
-1.845825823662221,0.8926015081959449,0.6530752537731612,0.3620460937984567,1.301511943238776,1.2337454331587665,0.3850596945949536,2.023549791766053,1.7830205176702023,1.0663753652216328,0.8827440770990215
-0.4719580527741403,-0.5828799034774744,0.23463754061307096,-0.6400010767506367,0.6989999540099607,1.1155446381465064,-0.28115793708347675,1.0681693535675563,-0.2400748739661212,-0.11001421509295062,-0.9920417269525534
-1.011338694061618,-0.07486282018573395,-0.3180220031579785,-1.1369703338112822,-0.5799010794158876,-0.7745674213052248,-0.724957654484449,-1.2601986593485834,-0.33984231740866183,-1.7162405149663615,-2.467064437978387
0.5092493252743125,0.5834010569936858,-0.2701233623923865,0.8807969933601943,-0.42269204761564577,-0.47839940780831236,1.1041910276264189,0.35831899399282524,0.1843819915215878,0.6455719118321135,-0.48999044698912986
1.8186555423107575,-0.7479329233360067,-0.5401972105838098,-0.2662910311610179,-1.0328180626178727,-0.74551094882582,-1.0237676013022579,-1.3745331271035175,-0.7279743784565094,-1.578965216888406,-1.9428017004327054
-1.321852595639596,-0.04166412021456295,-2.418600078163771,-0.5603994839189005,1.5548153733728156,0.608042598579719,-0.39378067001891,-0.00905480984991669,-1.0874680143770254,-0.3172651552281744,-0.390208190255672
1.0271646632520366,0.041752664599011266,0.6505855712342931,1.2525588523599276,0.3858043337841941,0.6253517651950353,1.272513214395671,0.6911128323425956,0.17045134614992438,1.123019813650844,0.3274285713255233
-0.2761780141079803,-1.371033240232236,-0.9116545193020011,-0.536668461724211,-0.747357966778337,-0.8362113333390658,-1.079043335904815,-1.6056615843870221,-1.9557706805816792,-1.7302713444283322,-1.1623150289861819
0.18899947874599649,1.3084131890264086,-1.2411559163332482,0.5587526956242059,-0.9146952232593452,-1.0383565840781082,-0.31923221861174444,-1.1385734965565155,-0.025469475398271824,-0.2955010283812871,-1.0428172129698736
1.453739769069746,-1.6079765675815605,-0.30747689021255226,0.3738493532230493,-0.46273454753431786,-0.5205270529867164,-0.7523241173870439,-0.9943628645441556,-1.1759810824673447,-1.2349973921937198,-1.207050203216343
-0.4591618011534332,0.1466025416792383,0.5519861435649528,-0.7961332392847001,0.2837834125324645,0.3646097510837759,0.22158510178905427,0.41326347795024465,0.5518716029670274,0.3682293934496732,-0.8840891596594022
0.3407460757537449,-1.5673866652053865,0.6232203220483468,0.5957992996916274,0.4637569367218721,0.9426463136912911,0.3720062170709143,1.8621914963515673,-0.3806098716372881,0.6914812609692312,-0.14429048513119025
-0.7983501738405917,-0.757349972124231,-0.7465659904757121,-0.7800483482708538,-0.8021856142641892,-0.7328387972075766,-0.1090911153917311,-0.8812944572621373,-1.441331437819659,-2.570557455063163,-2.262524604498288
-0.06068697316959778,-1.1400575267449815,-1.4934356056283111,-0.12547226415288423,-0.3743964701152188,-0.476046910752313,-1.0678891920877311,-0.9832409478551495,-1.5329074987155553,-1.7706542810652546,-1.307129511792536
-0.1445413685746769,2.05554407609232,-0.10696040425528962,-0.26329231765951544,-0.19537513711008295,-0.28746542042836193,0.16634365297154424,0.06999569530960231,0.8708790529564022,0.27859607913864726,-0.4247070071334857
-1.5653051359650343,-0.4670188637265953,1.2963644094238174,-0.28761676337630815,0.7463775148862186,0.9291800033141031,0.7421231868055791,0.5690062737904331,0.3430566064306842,0.3830295326874391,-0.2416034386376896
-0.9341968316157135,0.40819127219142726,1.0483707298890055,-1.0393272176301147,0.7565221871798541,0.5165774733742625,0.7318126632321371,0.6357209890120894,0.6920394592998464,0.3939803165517544,-0.37534531767581086
-1.6486169326732056,0.6432848321849657,-1.4591258307839543,-0.11028168023898245,-0.40145694736297677,-0.5606365074027213,-0.7982348020221006,-0.9568753397721987,-0.5470752924316058,-1.100939232188102,-1.775473924651655
-0.48351450925810396,0.9310117153757835,-0.9323261335504055,-0.8824364803018658,-1.2312875983807028,-0.7317246363568367,-0.8273952009158902,-1.4633950058566747,-0.09228888935985091,-1.4718052045203214,-2.220007226560333
0.3145588125829677,0.5281300160880998,-1.4857275134315564,0.21065413921549686,-0.40772590285986265,-0.49639369448560566,-0.9592739980418572,-0.8283502795435606,-0.612058605838914,-0.8664020549613861,-1.4747551830990702
-0.9449469244371689,0.7292159510560513,-0.7491086393965469,-1.2288800736208834,-0.731601160930775,-1.0341679549403067,-1.0286644706408,-1.4783269121506257,-0.11531137444809161,-1.43378421759346,-2.1954839193212954
1.4753709210007424,-1.4859695390318957,-2.3217055459213456,0.5754120530926301,1.4411794796071524,0.8311543853440978,0.6904106263957495,1.733864168446577,-2.3954863820848904,0.5432889867224607,1.3764029461390972
-0.7158380555897004,0.3770473310045798,0.8224707076478771,-1.0986620428872473,1.2540871359317045,1.1468783749855327,0.18238010727574716,0.8943273936515453,0.29912291278826963,0.10160306554171766,-0.43470207020269713
-0.4636852046955778,0.7472396393433786,-0.512729967550362,-0.894370497603223,-0.9800396042296636,-1.0374906953284049,-0.7721691935937577,-1.8889492157337364,0.05054127723843493,-1.4936969803250872,-2.519624043370155
1.1623256073931754,0.36474211334456547,-0.08829665737333059,0.3800649223114263,-0.05502375015005889,-0.02812585748937098,0.6034747758718461,0.724576390135669,0.08335127862777478,0.5002334978010554,-0.6228074865684127
-0.4697872300697618,-2.7600593612564452,0.06418005073633454,-0.7412832596484614,0.21016854511398392,0.4124569223571612,-1.1943712042362227,-0.6345100612430792,-1.0046116362211959,-1.4611215227873613,-1.6357504725735832
0.3482022013260946,-0.38105359761603885,-0.6129741569107738,0.3974736838049444,-0.9090336021949325,-0.8378706968803425,-1.0089181089082555,-1.629311692033984,-0.7060871603064761,-0.816770422071577,-1.1002135833793396
1.6180750791779674,-0.41963970864043754,-0.4765646547770516,0.31071005435051186,-0.9340592548531892,-0.728720939760255,-0.9703634220374338,-1.0568717784501689,-0.7919842369950305,-1.2345208218327042,-1.5739191237037151
0.38968440128795206,-0.15595952041431657,-0.04421732923259359,0.49783208150178504,0.08893810908753735,0.28529769511134984,0.3714098182730318,0.22633947153548775,-0.10796748838383252,0.4921482504970954,-0.5000921612750486
0.7644147515058971,-0.8171164361764083,-0.003752899603135338,1.26238880757425,0.05038046425975826,0.08166501280320734,0.1729207127644144,0.04657292432034775,-0.5532838525899698,0.17863568615310932,-0.1884318704162573
1.9067556208876952,-0.5379940208499652,-0.770642314774083,-0.3347491154926708,-1.2414042463143904,-0.8363558859282336,-0.9273591350711707,-1.087188073610199,-1.2026760819315925,-1.8051765863904836,-1.7668292023343783
-0.7169568861996792,0.6505028708716626,0.023761293849607852,-1.0295458838788076,-0.12477756470531699,-0.17716186677500895,-0.2522055155801947,-0.3591233940998244,0.6551402211515047,-0.2021199421696117,-0.9175654049103712
-1.914056770366079,-0.5732872271103561,1.3110420454075236,0.37836905080879446,0.6485145879660675,1.3015500461529752,0.7592613109720003,1.7496821816533876,0.1471914801869963,0.8992251216552414,0.03933179177920148
0.20827741917229312,1.179818747046744,0.7484062166117145,0.18354830942132744,1.5311058254053276,0.9476174086955608,0.7290451579224289,2.21564409297962,1.58861932235286,1.5210968188237943,1.1643636413655425
1.0560990305551257,-1.3506115892480612,0.5182860713499655,0.8731824221993271,0.6754120531991447,1.0780071036402854,0.8788941063661079,0.8749984555985628,-0.4670470208348851,1.0094089491061016,0.2615960784858249
0.7726968654008946,1.1471722082710776,1.008638638613951,1.5882075830857898,0.36573462938479495,0.1032035740439397,0.711702794184075,1.3705739095539593,2.2827407383785947,1.70765403982729,1.8039280173225047
1.2208703219934225,-0.08579193942260628,0.29923223206862937,0.4710349576367793,0.49980189765659533,0.661141675879721,0.9667360581356629,1.3316492523546428,0.10049440604367774,1.119816999629358,0.031741630061014894
-0.7667149674059508,-0.29565898919742256,1.6904118572715936,-0.8416644311721783,0.024294651014777048,0.10966484459975959,0.3895391160745472,0.7909051873476096,1.159519639946849,0.3130505515914506,-0.3902401038206792
2.3979678510943985,0.7944059844630244,0.8610373178012678,-0.8771116875214029,1.1655817161173918,1.4593383434075708,1.0882699535216034,0.798856318198456,0.45755529954450525,0.7972418137619182,-0.2882520684519716
-0.8331578159088637,-0.08981048330708953,-0.23124565805244846,-0.7728088454927883,-0.4548005811434544,-0.528479513791885,-0.6755469564804761,-1.4586670702194875,-0.29449603688617104,-0.9290652718245934,-1.425834033010323
0.5479440292483785,0.7991485971485838,0.6522525124276938,0.6701069268405588,0.6157848048715534,0.5851525742767866,0.3247773658544329,0.6220112273437473,1.1833112290880918,2.338328840471891,1.4352600151481913
0.1478721356177281,-0.2640158154286065,0.9472752383467608,0.18842349118251367,0.8833298061410225,0.8875020331667136,0.31781549362332673,1.2817719743038443,0.16230247293020103,0.3773135304964619,-0.1266454134368029
0.8872183402652128,1.849869963670548,-1.5264008983344426,1.4180165156353028,-0.30785663589881584,-0.4324904008309082,0.4034395468599691,-0.1874481141792616,0.009302943366644334,0.21374058377596722,-0.2695082508587336
0.38552061691301226,-0.022975185281476945,-0.019771928088498012,1.0092526640275206,-0.04676125258536083,-0.040254930318398906,0.9360116687678133,1.0545637548260338,0.042668783108254636,0.9871812367753149,-0.12048719094474358
-0.304198469953621,0.9681994034156288,0.4366624818966041,-0.5971204544960728,0.4267164109274473,0.951372940337894,0.374324609733682,0.9093474478504435,0.6136631849608275,0.4093841528353642,-0.4224536394223695
-0.3735877923556146,0.9904085140333789,2.280322480587414,-0.7444147197560788,-1.047486970297578,-1.216300709151687,-0.634511086472078,-1.3760750584250176,0.7628927569996916,-0.49054675669540926,-1.037976015613176
-1.3807440132634967,-1.4153881668525863,0.2211394382653843,-0.6897594342709603,0.679249321642262,1.2009386202547339,-0.8021933599402904,-0.04738183799741111,-0.8213379903667992,-0.6281589403171811,-0.8895100440478095
-0.8966408520127569,-2.458898602450036,-0.25396706850005496,-1.2556395663935407,-0.5034018906385976,-0.7937659916490694,-1.1552420352226096,-1.5493565187022067,-1.3415700398531676,-1.4137340034098638,-1.322292751183714
0.6885829496027686,-0.3481272403980256,-0.10440110092463414,0.6665151632718495,-0.1734554615900841,-0.247435420599105,0.035651160958363445,-0.14343671078503284,-0.334345523654873,-0.05268402674683435,-0.5374933084353712
0.14556407503896596,0.7780550533731678,1.097228704605224,-0.03508133826841306,0.6296632210700526,1.0096102538876859,1.1118549800972797,1.871534918408746,1.2729812909299199,1.8864317009187108,1.0055884764189624
-0.2405583593645925,-1.756166319178015,-1.14122336962818,-0.4534700320050651,-0.8637640270345199,-0.7910441825373428,-0.2046077687637397,-1.1377542715851718,-1.8210260643853418,-2.5889416918014603,-1.825336486419221
1.8797801683775255,-1.685116258295905,-0.701628557872936,-0.2831930373607393,-0.7181100290882159,-0.6642718766461295,-0.7310151098772543,-1.757760052701043,-1.4592209553891426,-1.1711388780049847,-1.0191345588056178
1.833773056258044,-0.03551544712923646,-0.4569802157957515,-0.2208820857349763,-0.6019975388632213,-0.6037743836285537,-0.7225135191189247,-1.0876622454217841,-0.4284907628881492,-1.112271484041558,-1.7633775021194698
-1.0947133294314753,0.026397739449451448,-1.397557113509411,-1.1169723284030604,-0.45476480771106853,-0.5021729234906244,-0.5432827579815812,-1.4087715699002856,-0.6911412892039743,-2.2265371512993695,-2.778705123661437
0.42956731021685035,-2.096615742282167,1.723234281916169,1.042578116646944,-0.2492167467195213,-0.3290006377364135,0.3741627529191366,0.18902593630000447,0.0017516681373323613,0.5091089265142517,-0.33187376477154124
1.8886753883463374,-1.2102848391941572,-1.0823219517733853,-0.28407089218649045,-0.7005747341575361,-0.6506277234335474,-1.2324676215754864,-1.0414655685117213,-1.1831108921304339,-1.1675110517072274,-1.1507760686352533
-0.17943025800404014,0.055743027379214535,-0.2660123592509255,-0.33823753976760645,-0.4133821661234136,-0.6374618531116307,-0.8632345636126487,-1.46518112916099,-0.18561532257059266,-0.8988255721027878,-1.8919741996366393
1.2593409410433514,-1.429119152374488,0.9708323474770774,1.1551818891818837,0.8953930563512023,1.3130373783194458,0.9491368231270504,2.193792433323888,-0.14214939284589542,0.9853456288067854,0.37372755338946434
0.07560675842763086,-0.7547702779452866,0.6711912438591062,0.30472022705982116,0.9829689681431316,0.53472594230451,0.7768815730590015,1.6070004478693771,0.019689222726859277,0.8302483030678167,0.08908645471002874
1.8790823795852827,-0.09207473006608359,0.649211621632466,-0.2744384431995332,0.8232894072483711,0.9201345024016693,0.40465387653758467,1.8975649478980539,0.5002867725108806,0.7852440492389878,-0.05607079847336295
-1.1089991240971897,-1.4927676339282385,-1.260765240136956,-1.120374241695124,-0.6005925933407548,-0.8726460278067614,-0.6473172984906942,-1.6166204827254909,-1.7401266384263323,-1.8135995228514095,-1.4211962228919797
0.8618820964010796,-1.9981233407108079,1.507929582450921,1.2698874135534395,0.5644473365235494,0.44491167654861913,0.6142255881298734,0.24732444344565913,0.004534627850800714,0.8316531017953174,0.23602998131769037
-0.4053834965258589,1.7456831370647792,0.7073163835909427,-0.804991483422409,0.463882594213528,0.4231564563122692,1.4918534819262903,1.6843827847970914,1.4401095007413969,0.9641067814828088,0.29594218785024556
-0.591435746767407,0.12235365974708953,0.030876092174232816,-0.9926781276463759,0.21641417924436884,0.32826271114404926,-0.5231598215111184,-0.136323317279903,0.05079804371583086,-0.4801056328051055,-1.514635990365486
1.0213478905661026,-1.6425537099345042,0.24355111069361138,0.8446675270851891,0.6300121138004804,0.915464983192486,1.0628519555295106,0.7654121282378843,-0.7111626258847789,0.6773812216298711,0.1758115775598605
-1.7442283228516018,-0.3276483448462719,-0.6993719106950556,0.2060199421471096,-1.1140323058045236,-0.8038555113178177,-0.7365720684858228,-1.7125984015712996,-0.6581079839849202,-1.4415622290077148,-1.9531096957029899
0.4591844096116852,-0.4139451690965779,-0.23551872472127977,1.2437878358648342,-0.44879051848364365,-0.5933668471031353,-0.1236235853706451,-0.4417284948967789,-0.5523994188826739,-0.020813605398022225,-0.6506613826481442
-0.07589012579466452,0.1905906828727343,-0.8765250038666033,-0.19877337498955444,-0.7757280394096903,-1.1133068812181737,-0.7497071128683914,-1.169642620824921,-0.4609483081559434,-1.393479841912028,-2.1070037636662517
-0.794806180193226,0.33336376170540283,-0.692726060972821,-0.7460064934388675,-1.0148300739864424,-0.752728090953641,-0.6869344127506514,-1.9945826067030925,-0.2962333892682929,-1.697592319294898,-2.4573911154783086
-3.0781036999197298,1.3735342394128953,-0.352598593377772,0.404735411216269,-0.5335353953244304,-0.7603991290971877,0.7329228303903804,-0.19808153216762148,0.6868300577211073,0.3747759411538256,-0.39174704609667527
0.030025482365171385,-0.7296540875588873,-0.8798019994006949,0.0513320641016499,-1.1790725575869505,-0.7387800601071395,-0.6527995070004374,-1.222615450897806,-1.0914919790384952,-2.1391214683697974,-2.2139881543316893
-0.4975997193714726,0.45563405303368326,0.8201017038375923,-0.8285116002037627,0.4113702323364662,0.8113093491128293,0.061403694346504584,0.8101017814063517,0.46845251483698447,-0.014891741825198923,-0.5725964405315935
0.8868011505568961,-1.8166127121885094,0.1333703794441903,0.7210183353931474,0.4489436988679217,0.17007477262718376,0.25313725214652366,0.3024498181665999,-0.6787575285405163,0.16201127345791314,-0.16660733828586347
-0.9525146424634953,0.8542851506608384,0.3696389622968084,-0.789540961621966,0.8519839698290513,0.35256031010191435,0.27678534573908,1.4301722012663731,0.9442629350108642,0.8005568367473298,0.021375156546151283
-0.6623742351372244,0.19152209176182822,-1.079859001413496,-0.7856331270092948,-1.1062022929443927,-1.0127865785118977,-1.0679533687230474,-1.5959103769146261,-0.7364740636530027,-1.7060852426975135,-2.0082987991714814
0.07692037637426008,0.5828670236561843,-0.5286455446927578,0.2139212232995012,-1.0005008620921274,-1.0826829885931317,-0.44756431618840276,-0.9822304683917386,0.10475486383134791,-0.4235359964982526,-0.9301952727339011
0.911663796962115,-0.8289735776751715,-0.2883093419975243,0.8614615260566574,-0.4863929917840828,-0.662887575863015,-0.4816828834221186,-0.7126200067101462,-0.98475405994701,-0.5254782270224416,-0.6093200328247257
1.2706504535535832,-1.8678130560312405,0.6036531477265328,0.13882873849768096,1.192324855218332,1.5397082121908316,0.633701419416795,1.5255841213125998,-0.5360681691721553,0.7430241238691575,0.03350046846714391
0.14103948970200683,-0.6973253802137093,-2.405169215323698,0.3654509187223862,1.3197777563335562,0.3908945856569116,0.011553237208701536,0.8456572982372081,-0.9908196923682451,0.14117704335698822,0.04337474371359412
1.3051752842398732,0.13575323977899756,-1.1914399026069027,1.1791232579787643,-0.807818939223528,-1.1470152170169003,-0.6267928243025344,-1.5023165365447424,-0.6937663756854996,-0.48492371577377447,-0.9057045176320484
-0.9503152985632242,0.6934781689284861,0.8335577445381223,-0.7419572173079323,0.45928686552553927,0.4332509703047815,0.09851414947617423,0.7420307315317162,0.6403779415263264,0.49066339943226583,-0.5125262780718037
-1.3434835290691083,0.14287304478903165,-1.2868348759916088,-0.5829969821353794,-0.7690271567849553,-0.7042717541269011,-0.4570128850902302,-1.6755146179377198,-0.9164815781383732,-2.2259479272709806,-2.496374536133289
0.6030590849386345,-0.5259695900594457,0.3038175275631163,1.4094694556905107,0.07150098327264914,0.26370712653799555,0.3542804342269961,0.6386413940679153,-0.17856358069781145,0.5845830231357183,-0.03108109665718554
-1.6443403761598048,-0.9453609269950669,1.0997678108860023,-0.15071677508394946,1.186133352453929,0.97159608466664,0.9327787810564261,1.3184705545236581,0.047827300069049436,0.9627535066352765,-0.04730665848151877
-0.43436620510778745,-1.2805507630146629,1.2733918621053053,-0.7208802675080253,0.3319236360888884,0.7044018077543364,-0.24255766247789512,0.7144655223468999,0.06580313348517534,-0.18897004973393233,-0.82933149343742
0.3823736714855089,0.5068067436034994,2.2709151514364057,0.9562703942840879,-1.025870261410457,-0.923624937615171,0.8038112210327438,-0.09024600477804137,1.86337637136083,0.7369351837072631,0.5209190260223867
-0.3650026427898921,-0.6402924854838762,-0.4977555053585702,-0.5084602401441927,-0.7934055647668115,-0.819580014884226,-1.0147110197265883,-1.1651883257707292,-0.6648249428527161,-1.508139652242948,-1.9073465749510121
0.3796400687793054,-0.40939030642242624,0.11126844353247985,0.8757310087593906,0.09555308680246599,0.41417371461660757,0.6750057904586199,1.1858580485299162,-0.20886035396717262,0.6805145655076379,-0.24112744979662226
-0.6498765255474622,0.8330125465902027,2.4746880323311045,-0.99573688752943,-1.2333525017092328,-1.1721669244142245,-0.550470894530187,-1.5359097790263478,0.8194019987225231,-0.6369095175027347,-1.1355365252797223
0.11223223857558837,0.32613131359136954,1.5011404171947,0.23130270644668297,0.48687298034873383,0.9263225455509887,0.88540235442736,1.3723233954306178,0.57170195828724,0.5515876092197076,-0.02264618506791012
0.9532201907845474,-0.15928908850880377,-0.7167476852909352,1.3026128156185857,-1.14795298828607,-0.9072556880589224,-0.4182773459439359,-0.7730553310616648,-0.5520334527781656,-0.4226742536004334,-0.7682796330685422
1.7346855085065862,0.9679548640209878,0.15851310160796092,0.006662940062223611,0.271678105949975,0.21535249421499741,1.0853490663123049,0.5175259296848931,0.5634645953714559,0.6865810564013592,-0.18435764840297092
1.1007351502497467,0.6117917225888148,-1.4841789259110478,1.3644395551768322,-0.4150785197742305,-0.6588172384995055,0.028450497364538876,-0.3744659593903975,-0.4349828235548902,0.11053121513248805,-0.47750435276283937
2.7590179051188026,-0.364338940430189,1.438315211233624,-0.8797242368921797,0.2444764686285611,0.3501038643187612,0.09648986732727301,0.5135569955410948,0.3510997641397741,-0.012476636698766391,-1.184814211007365
1.8010382756755947,-0.4997286019503065,0.3289684609093128,-0.10337718395648332,0.6711199985485572,0.6636163365638411,0.0793396597188365,1.063011947969146,-0.19392614093158048,0.21435833999626291,-0.4489084384791952
0.6262352375455094,-0.9216351769224129,0.2436282239103538,1.1137612224406737,0.08992987246620185,0.06575766535550338,0.17906614725009964,-0.008255590975152646,-0.48029907128838123,0.13365269449785397,-0.22742718918564556
0.2905920039173906,1.9600949444723976,1.9204017346601105,0.28952979083339864,-0.36304204890053976,-0.4857452584439653,1.3169054226105583,0.3466838857244292,1.0366565734595157,1.3097847889113383,0.16015817862543297
0.4598999428603468,0.5508322521480239,0.5228350983456239,1.1314236349544071,1.1700287970157348,1.6507055198178262,0.8247392748466127,1.907763695044751,0.8076376083513785,1.0373693645575321,0.5449697215911224
-0.03799797433472745,-0.5884815316886666,1.4461038166636218,-0.10294421865973875,0.4707336576849854,1.0866337852364423,0.7360718486186051,0.7988332614385403,0.7595173330648844,0.7298115835412016,0.00993711824312428
0.1055173098083203,0.2067236398524224,0.5625570493777996,0.061972190344059624,0.7688049710583587,1.1600320535470647,0.4066282145073465,0.5044751864773194,0.26335664595585156,0.32758158486150596,-0.18686331722439325
0.11758570908962568,1.7370353310502475,1.2865611822641216,0.3149808756343662,0.49771703310615095,0.9524307574637734,0.6949001208015161,1.2143207812283867,0.7861970334586339,0.5373276182671227,0.03727884952845412
0.2198936763800626,-0.04716802384732725,1.8144800462958623,0.24147180047027847,-0.17156694482725812,-0.25225176353886314,1.3416525027690938,0.21399850077551186,0.4687050117622008,0.6802472666605337,-0.5006941100104599
1.0010777597830318,-0.4350442460200955,2.6125306078770394,1.4733123406748025,-0.7482180839611525,-0.8378466963671429,1.2358834142948365,0.5887049609590266,0.7813646931234016,1.3149364671803287,0.1982994642616698
0.8631012766956376,-0.7843295697813538,0.29370748058397866,1.1751369262286468,0.7875335713495394,0.6409333192234965,0.8097477568146529,0.6058383387672368,-0.29345778863741756,1.2476881679940626,0.48536220894181437
0.5289821367795435,0.1819413916142386,0.3854035086605942,1.128067307804051,1.017867491195147,0.6356121686210685,-0.435992771924524,0.9492060993991931,0.8317391932950867,3.064934051957489,1.8782884054871825
1.1770226704636766,-0.6969618760136045,0.10682670469215572,1.3828813439150984,0.16393315038891743,0.5256518894707132,0.44507965384076653,0.7074193190107713,-0.42500828403312635,0.20504010942774198,-0.14533215681523545
1.352322750563246,-0.9620804434103811,0.8975938285253688,0.4661216495398529,0.5102465143733874,0.3747799140888751,1.416494084150063,0.9873290180090093,0.013473759632431997,1.2501599163517638,0.07843388565301779
-0.2396524842555775,0.06826266800275799,0.39116443533675377,-0.45791376555109703,1.0102168948073438,0.8958375673869601,0.5308521726667393,1.4393814242464893,0.06529202331396636,0.8358738516078229,-0.35823489007292
-0.5873901013983199,0.7134690728159009,0.01270576490985948,-0.6667643854085283,-0.0688354969363003,0.06414110302106779,-0.33510195935134035,-0.14656923339869005,0.22846787760491272,-0.30916907116382986,-1.2830281276311843
-0.15150378729082323,-0.7984452449868752,0.8293519023748237,-0.2761235142775439,0.7308258391657566,0.42310937555965644,0.12279034158668078,0.15207457976711178,0.12409255859025392,0.19414854310148116,-0.3558229570341032
-0.9289836734725274,-0.08754922045782669,1.3259327341828582,-1.1065842664650323,0.3623124660729829,0.7806628794961333,1.0344184924611672,1.2858514871554356,1.2336382567175774,0.6687411143635752,-0.19998768964744074
-0.13052336843622897,-0.08909678874398093,0.05562246489451958,-0.23525573404212688,0.22520960382327948,0.38739242965182563,-0.08310795548165795,-0.006878388769388455,-0.0033103269755692215,-0.04751811731074884,-0.6812561624756311
-0.05545024808198103,0.4439040712898145,2.190437393207854,-0.04785745920192891,-0.8418899193453218,-0.7847795315465267,0.24668705126719237,-0.04081241719770315,1.6116800484614637,0.5085336337872045,-0.06727403142945891
0.41290703300922704,-0.029290477230229848,-0.45535436707431776,0.5700005453383221,-0.584904878208841,-0.5958171814623066,-0.3722436325107077,-0.8043248381130151,-0.3673938069300188,-0.364407130822752,-0.8686563244660896
-0.5788823893002992,-0.8519223418333651,-0.24772241030719155,-0.738754622323782,-0.39075880501185883,-0.6034351017752018,-0.7402899831336417,-1.6709389870269633,-0.9875566266442398,-1.452267996188801,-1.5784341618381421
-0.6669724446008795,0.8729451246672916,0.22574766256460213,-0.7327855880218492,0.29235565472768754,0.3884897840157003,0.40820108106471364,0.9723499814249535,0.8085773046184829,0.4312231536097846,-0.45545847939849293
-0.6730523014287721,-1.299231805719521,0.05226471972985785,-0.795548530697573,0.20885344774611764,0.5947360925962134,-1.097016656358898,-0.32928449728245984,-0.6123707451298431,-0.9418541520523096,-1.4022840831703747
1.218785971550418,0.813694321190943,0.5722925000567262,1.3698611424332745,1.3032952679430652,1.2660903812242734,-0.9101893326664804,0.48327003434427535,1.3755538838494705,3.9270633204794216,3.0555226165967255
0.11387401728784736,1.4589493949950085,0.38389326293651976,0.12688933931156884,0.35017651357013624,0.2251372147445475,1.1939370425292946,1.6295814263018165,1.3236030953262885,1.691871760678825,0.8887625019680078
-0.33449826865377275,-0.4832724446434491,1.1495922092941235,-0.6680625681363499,0.6999125773548137,0.924692981616746,0.3306667275590969,1.0060405613078598,0.5982550608256448,0.725952038273517,-0.3145303209883449
1.0158995871624237,-0.6814845068195221,0.9789743383922649,1.2500744876725678,0.8468413553688511,0.2415663216217971,1.2777256929126906,1.3159859924804556,0.16579703856733374,1.9785386282254207,0.9122045426130682
1.7133299099188029,0.7145821607635238,-0.8772706292463724,-0.12590316779380017,-1.1174711232325758,-0.8407566861779114,-0.9126059555334743,-1.4019465553525936,-0.14581911022157662,-1.257779959692014,-2.2685902004084766
0.2929192123160451,-1.2772601839746673,1.2804909107344118,0.7936302548208787,0.9071050251979672,1.342343237733191,0.331076966395933,1.863493914881654,0.162460725758327,1.726345501149389,0.6589843362660414
-0.9766278750481772,0.2814390232111353,1.1519716886364249,-1.2267409775203355,1.0234280665212285,0.8383543240515078,0.5236236739115556,0.7690608607072267,0.574529906644979,0.7275886549065285,-0.48601810180044674
-1.4978802685513333,-0.17620173327043237,0.6430974908155545,-0.4173330686347727,0.935621103393521,0.44183329480753886,0.44799100311472706,0.9124463992458988,0.2909696402934102,0.2621484231528732,-0.28089644961451243
-1.5473956353954943,1.8104246079088584,-0.2407591596892856,-0.3257222216846311,-0.423468491754671,-0.4800998926791787,0.35327649876203804,0.020854159078510785,1.3548940871419908,0.4714267133681908,-0.23463979032890603
-0.5388065976800742,-1.164847296425779,-0.13525435557466273,-1.0089509531486318,-0.3357984527313625,-0.4934723288018672,-1.1765650818734559,-1.6511643521735613,-1.0835862149116036,-1.2472125724111365,-1.285727261201122
0.7944970245453801,0.3888958101760982,0.0023074194130060783,0.615981052429746,-0.11525068064241398,-0.30327050201240646,0.485434314280886,0.3651476577330634,0.49352105549782066,1.203826443333699,-0.053347347143514995
0.23733760448124225,0.7047882994659856,0.19296634648166364,0.4514752068544306,0.09898915041206519,0.31367481556334986,0.42796557514456257,0.34758256301733714,1.0168459944750674,0.6738948636130028,0.15666879061930608
-0.38136438395841415,0.3176210068053755,0.9149252657596663,-0.721499777000742,0.493565394560218,0.791289138205114,0.22700607913680676,0.8675482204635154,0.6771802872947729,0.19207824401127843,-0.37674785740940603
-0.8548187299294637,-0.29398634374572524,-0.5271356153635086,-0.8182495869633857,-1.0145817454207608,-0.7852322375676789,-0.8068629488715123,-1.6204748375235634,-0.6480963005901599,-1.3152866497110982,-1.5909335737265622
-1.867763442754081,-0.778059522071558,-0.943776003212945,0.05731446725259928,-1.2342275668013436,-0.8480553498919827,-0.48325439052683317,-1.566329673395388,-1.1848254776096439,-2.2337235895259577,-2.195531807921352
0.6497000372589377,0.6377181297551084,-0.20043107318760786,1.1839451425688574,-0.3412339797285288,-0.4919319915438716,0.3015796481678343,0.09763163321176557,0.5439685746709845,0.9235197095636616,0.050628388838977086
1.740628495279953,0.8075285568636524,1.347102805325945,-0.03634622847386991,0.30599273632289364,0.05164702550833156,0.9859379613281785,0.07266619780166894,1.785630129544666,0.5980819644630527,0.40808813003885835
2.312393096148807,-0.35077072362663275,-1.02165957596945,-1.0778195397674208,-0.7544414538629561,-1.1022465226781508,-0.2008212938879248,-1.7723680934317827,-0.8110434942048617,-2.4631024466238824,-2.841215431465135
-0.8663240284829093,-1.0367977110230246,-0.04938069386655811,-0.7755036457370236,-0.111294030618725,-0.20685445018198895,-1.1344956674182947,-0.8470109708463602,-0.7516032671041916,-1.6153543566617923,-2.075391710194651
-1.078704411949431,-1.8159445331827413,-0.22104467702258473,-1.075712024242066,-0.37008461206992255,-0.559566807486772,-0.6364650576673438,-1.0963377703665853,-0.8540515057903677,-2.1531944364494358,-2.487354500224519
0.2899605831720626,-1.5065763212336973,-2.1183107198752906,0.4078457013277068,0.9023799677622969,1.1430551207649329,-0.03545407611293647,0.46800595055208877,-1.6881817350847272,-0.09759982687439794,0.23928987388673326
