X1,X2,X3,X4,X5,X6,X7,X8,X9,t,y,y_delta
-1.2559256019422147,1.098956530354659,-0.9125928793278519,0.30565903154199436,-2.402102407885798,1.1319217436795477,0.4849655794728307,-0.08259431277927498,0.6360768986105063,1.520480453773125,-0.7032608090870525,-0.7306214718428812
-0.3632116692616802,-0.9979489790301472,0.9329788420525049,-0.5678101413180505,1.1297928488469995,0.7202267784589172,1.2244545770893305,-1.9462908813635078,2.017925064235167,0.42891020450538725,0.7171442354579325,-0.1961274422921396
0.16190672321319907,-0.3865942908007174,0.044265929860670496,0.9590387006855847,-0.4945466135618263,-1.1463050373551114,-1.1877467753295297,0.37797617324967003,-1.126886731102117,-0.755147758693556,-1.8756659604245927,-1.6444137023389247
0.5990458184918424,1.1458686903185489,-0.3511767906564277,2.65903979829835,-1.528466693805885,0.6511697458547728,-0.6994827693906087,0.7759100694282197,0.9915733005102498,0.44062933205592225,0.06732393513601509,-0.8476358436132114
-0.7726055425091246,-0.5523709635225076,0.7584110796826662,0.021883146159559996,0.820680175522047,-0.3894432160241677,-1.013667002609667,-0.2950327214801477,0.14626220391841943,-1.8090145862773224,-3.2755890775935033,-2.4150517749575267
0.3012447823254296,0.3647081044940948,0.4759000982860027,0.36212757089018155,1.286581986894865,-0.4408212151612777,-0.6202037109465134,0.3604515385569018,-0.2754732678202021,3.228646044700673,1.2534878321324339,1.800184748241666
1.0580150725631081,0.3048937987409697,1.7928320221027694,0.8410654910959623,0.6415648599603687,-1.304239796744747,0.5902703666055193,-0.7655181361788558,-1.2910650797145027,2.720318741403494,0.17735754279588622,0.993030345047013
0.4723701434065184,-1.1994013192479445,1.9251816026560333,1.0765738924051234,0.3485387366342071,-1.4735387232928279,-0.7119045395193992,0.3107621901991561,-1.292031002319273,-0.7845205473828749,0.1992994935595903,0.41398748485305326
-0.07974359129505591,-0.560867725819212,-1.212037747369636,0.06176231308286664,-2.659834882320547,1.3873123334399495,1.1921137936122426,0.8193823943851347,-0.31878121646939106,-2.560617506096081,4.811648015522653,4.871247291278798
-1.2105452909539975,-1.0939933127036368,0.14668765178303783,0.21917569924046687,0.22439597727644595,0.5706940808302726,2.8947369662634324,0.0967006330780894,0.6173002085850614,-0.3955354272338327,-1.2578544345940212,-1.463581889360372
-0.7694468203567891,-0.03889949838557816,-0.003938452618340141,-1.3351777372866387,0.1821269470367974,0.9997473654263695,3.3536340207185518,0.946970836807373,1.7380126742706898,0.4012025964510006,1.7858177883430326,0.9001385056456086
2.1763585979517397,-0.26707360585760886,0.20727141515575234,-1.22230880717101,-1.616731260267636,-0.8265944571228767,0.5481969049933799,-0.5751341131746612,-1.7559629740526395,-0.24371405940743002,0.05412210642101123,-0.23950129359023276
0.17507958694956383,0.28371716362751975,0.3246480786800481,0.5492829080463713,2.1674098936409787,2.9356967302122947,-1.5737484603862104,1.3855566461722009,1.0234748518216152,0.7676855401475216,0.10121000300003824,0.13946137587127005
-0.28272282576498653,-1.9111890020204052,1.184091258727478,-0.4565989928723158,1.6573601677630458,-1.6964035680027747,1.581772358215214,-1.0018204850448629,-0.872446447062849,-1.2511090910111518,-3.27160519374356,-2.693577741222086
0.21448667927782272,-0.052664185703189,-0.4772337432965842,-0.004553865045543171,-1.3609142778949304,-0.3960017500244519,-0.7665445473294268,0.3584610190737884,0.12119131003829531,0.07588093153502695,-1.6100880907516983,-2.2012518709345694
-0.9186057481427409,1.0170580895134484,0.9405043641478058,-0.6874741977619856,1.2132236296294017,-1.8821457485638977,2.8353208413099873,0.309885191506745,-2.2118418818312793,2.243035011927778,-0.9494858755957564,-0.4544053776315946
0.8254082156987218,0.42838886165144774,-1.2465487271652482,1.2723601366332944,-0.47739618728541977,2.915011009909446,-0.27236781779296465,-0.2949386961313232,1.2678220655032626,0.36952513325965386,-0.5092956404331714,-0.5077858930916288
-0.2896095644930258,-0.5172504784193533,-0.40128900115220456,-2.3111228968696125,-0.6285828817997764,0.7696300292522763,1.0339993326257586,0.8348837432447016,1.5199198226601345,0.10265550422847292,1.4295942927529661,0.668154089873682
0.5385145391974482,1.0305019269847713,-0.6180844816495831,2.4399580377642676,0.7614831922623037,0.3518790144506302,-0.22235551020472044,0.6145136084274987,0.3514435127795198,-0.5521383623183962,1.6645202518119628,1.6713730497730424
-1.3096967654388534,-0.18530592329645806,-0.17491661870553107,-0.3787409797729361,-0.3852439728555187,0.6766492565239497,-0.2917667954493819,-1.0396109965712794,-1.3440728757917786,0.07736155166471043,-0.8886586578140946,-1.6357413144625308
-0.8232783677555575,-0.5106404040599177,0.3774996840669022,-0.33655675400684903,0.5971509716498258,-0.8655062191035815,0.6580136546541526,-2.9501425251353397,-0.16597614106897052,-0.8363013524407981,0.9584146924799448,1.3244407871459778
0.0019023144938845708,-0.8146323929281178,0.7618045592986182,-0.6371470992510989,0.9625567690931754,-1.4712568756395026,0.06324834486864361,0.3783395724986679,-1.295596298413007,-0.436586048500124,-1.0937223560921747,-1.1639177692392968
-0.4886071840548818,0.27109272234203463,-0.8918347807814585,-0.34016943142837147,-1.6790818549252746,1.078730408942834,0.11646863927254925,-1.4585893227974178,2.263321012873322,-0.46096866737237324,0.13909728234073926,0.04450621957041134
0.6378573584861186,0.23659289199300748,1.177065092186466,2.483133626813455,1.5723411146247543,1.0447765141979606,1.6662473779084113,-1.1170012510342944,0.45267086302565707,1.0436977864955195,-0.5093640405057452,-1.100107895676489
0.8170066423935679,0.9215578182090091,-0.6899137209652182,1.0836177930146247,-0.10111412164357536,1.441208131476967,0.715677634835473,-0.0927682697111133,0.6357934677678263,-0.0674064005202531,1.1982991594635044,0.7228383356357786
0.16553009162745638,-0.40700307602275354,0.1644423605706935,0.9640836730753022,-0.4874780059614778,1.3605804502478167,-1.1644048888883636,0.6660103171502529,1.5239075595715246,0.6507004077985399,0.5927569488602595,-0.19966769479734509
0.251839704158899,0.5497966086805309,0.25026967418844415,1.3817981576917358,0.5288707578838971,-0.29995427615777404,1.2725082894775308,1.53371007759234,-1.0773634873175952,0.5402101229163865,-0.34018135595032617,-1.0495620552119862
1.8299396832463402,-1.329377138696423,1.8163206582819837,-1.4895943989539324,-0.4637713629800838,0.8853257415773742,0.3718421708061733,-1.4745581724305308,0.25428625094885327,1.0516902284044907,1.3588706062771236,0.7520240573282606
0.23850306372499985,0.40615538466951906,0.21191960278908384,-0.7580814097665209,0.5515246152439466,0.8635476426854876,1.8868903452015422,-0.32256026207248634,1.39265352029034,1.161753437845232,0.6411677347459279,0.15570746156107623
0.5175834459191875,-0.41722305038101953,0.4522910090523456,0.961015345498658,0.20011626329022486,-2.365464225370592,1.4180159490232258,-0.2465698270679556,-1.6711209204025383,-0.689605898316677,-0.6425137675421242,-0.6392578271220476
1.0073154180023152,-0.3374926275931682,0.3555722343379069,1.3497876516344054,-0.854859651188007,0.34139897477432335,-0.36660180929769925,-1.4738941475560694,0.0024037373109627724,-1.11908624949345,-2.1141486743978732,-1.5311905665700596
-1.7187073402384685,-1.3314448400137815,0.23749765575931867,1.3865299043906831,-0.21019544280314262,-0.1446151208475408,-0.5606364322526673,1.0837814467259665,1.3400909655325404,-1.5861368028384262,1.0706734622476364,1.9249819376537711
-0.4526486404221475,1.8783576971680813,0.6855482309526487,-1.120503204522416,0.18514466044484928,-0.6640904712236237,0.3718957326964425,-2.2021753929247945,1.2693387267375027,1.193875551467687,0.6676669939814449,0.30413912288603007
-1.2401276932044503,-0.49882005979129257,0.013278325906341495,-0.09878315354551859,-0.049179080984849334,1.5912157339358397,0.3260378851736466,-0.10920369451423262,0.6251094209261092,-0.23350331709317118,1.823515649008478,1.555839745103568
0.5684712369992186,-1.9993011642512655,0.7034062275842731,0.4298148046452664,-0.9288320937543187,0.31255494714366666,-1.2062287495050887,1.2328947368613075,0.33854545686560067,2.0822953232423647,0.6922627748372643,1.2617115418852007
0.22862067337850084,-1.4857502403614526,-1.2490018814631272,-0.5700002172890046,0.33479718413809356,-0.43965305977757085,-0.6617300762923657,-0.03266754472753619,-0.5455477769897584,-0.641186712236564,-1.7612580278598204,-1.6311269363855248
-0.6379782638844914,0.4236591175703261,0.051430086829328224,-0.32198820338612943,0.5596929895106556,-0.08828981827119786,-0.14455324437405603,-1.617365334983556,-3.505991079095483,-0.43263358183700273,-1.9764919115662503,-2.1378235578435207
-0.18006293597742085,1.1606809956284152,-0.023975397511149805,1.278950492231432,-1.4619489995479307,1.6189768488540106,-0.9618084509725453,0.6943192793969686,2.1582053655325675,0.5455529884859662,1.9118610085751309,1.1862788471975987
0.12124842405471838,-0.09496236017481365,1.8878958456198935,-1.3766171120515176,1.199239219337906,0.2717748117906658,1.495768098464942,-0.7817476760954731,1.3129883748120115,0.5264891443034382,-0.21978495942920695,-1.1001905574958195
-0.4866354685474202,-1.1509555958132227,-0.510120244887378,-0.11152100957850097,-1.687042476597211,0.3039579469755501,-0.41331176263544206,0.45239688457447,0.7027722802690655,-3.376049617669211,1.7034803528624134,0.8963746433623981
0.9541467525573657,-1.5144758623793015,0.6602093666630183,-0.5328755221880517,-0.8103086029760004,-0.37310105579162,0.5581553940866504,-0.7443824798917641,-0.993057874320356,0.40006302178297704,0.4600118825473857,-0.21553069147280168
0.8971380199750847,0.30946580805851437,-0.9791016793785263,0.2342246042826308,-2.377883637886734,1.8859141381141389,0.5873370678895896,-0.10440023033640994,1.1677936060343654,0.21798196740073827,-0.20488316714470622,-0.7386978379216096
-0.09800232256351656,-0.03685485066273318,-0.779853353136514,-1.2500448171655547,-0.8862126109296496,-0.7079408989917882,-1.3345368945774774,-0.9835358325255152,-0.19920613753496563,-0.36599488405432495,-1.220436150860192,-1.4278367726722212
-0.47625297111062864,-0.20427689181960101,-0.5843853740765911,-0.7078009735163153,0.10970577924900948,0.25833398680219843,0.4911338468254761,0.5069721658468106,-1.168464092942482,-0.6225678642520054,1.295521598464278,1.4001789183982094
-0.06026177788458218,-0.9095911606853079,0.6568337296522995,-0.672084540043142,3.0848428169113387,-1.6918040380172683,-1.567169749466461,-1.920350074526018,-3.858296185666695,0.18598117264035668,-1.9827145747001838,-1.950834213937595
-0.1915702041507966,0.044873582997461914,-0.5069362744804964,-0.13951795068265083,-1.080887666612774,-3.3353193652246795,-1.3068270086663438,-0.7663996912727083,1.3715903537313796,-1.1317107074560402,-5.148789851320002,-5.426203433332586
-1.888081418604962,0.12492074462302453,-1.3021775284171075,-0.7606711956011214,0.12838696678932582,0.6560924694260555,-0.1860807739129697,-1.0013898796015648,0.9001355022556763,0.9852328887333948,1.432052502447736,0.7382427761939165
-1.1572555106398483,-0.4152929450406832,0.98803268643122,0.2506527468716191,0.8940625053994903,-0.2977825762928099,2.300759020625983,0.5478113411550771,2.8930520731104243,0.851294954390243,1.54682729076213,0.8947803102870668
-0.7243640444955421,-0.983010404393979,-1.1990638067256423,-1.8906723564428551,0.0253735551919978,0.22835469128443897,-1.8517242201972752,-0.053075039385042405,-0.9724737550608195,-0.7424492971464581,-1.5178019964476466,-1.2552325351516609
0.9840699979524712,-0.7311518188200945,0.9787253988382614,0.461061556914456,2.4666626664546154,0.48277892470950845,-0.684217871965888,1.971455786598916,-1.0958510100927645,0.17588110095420104,0.3286204444221038,-0.4874101288639452
-0.13128861324511376,1.9645952706258218,0.38059307538965287,-0.400356546349456,1.3431417660445393,1.478299987781841,0.6098427061052863,0.5605948304815813,1.7311419536444514,1.4632813380338372,2.3447397501880474,2.277540540660353
-1.4575459038980747,-0.08656382805981441,-1.1159132361212292,0.039702309377652456,-2.362773783138021,1.161983141721244,0.9483688822017884,0.30636582662019,0.17918427736636167,0.1818019497372496,2.717715277008634,1.956848823752567
-0.07229056057263165,-1.3594247590374307,-0.005538246445001549,-0.765513238456826,0.2113646055552743,1.602228985639926,1.1978316980815902,0.19086364485261553,1.9212111704365091,-0.7939061562690936,2.176664514368105,2.270472639248667
0.7994967167134454,0.0673542416988598,1.550817896645893,1.2325531161137147,1.5443208646695417,-2.6477766879111595,0.4112786279955565,-0.23474087839698787,-0.6004107299837078,-0.9960961080454664,-0.94266190794817,-0.9339226598210715
-0.24016250189597388,-1.4774077768329652,-0.31790319967621183,0.7210857708067184,-0.5365809042575233,-0.7813832572801123,-0.40240103597396687,0.6073838163751407,-0.6064088369254529,-1.5559793022192978,0.303082014289639,1.217882910121475
-0.23560237510059606,-0.9542896141623262,0.6112757529715547,0.3786850550439853,-0.05338014171381755,-0.31454253635646523,0.038931775971581525,0.38437862076110363,0.7045440312129387,-0.9939971968134649,-0.15131601663439564,0.4311019509147028
0.4613454134237009,0.3925634336242347,0.5614729193632806,0.4946550434374107,-0.2027423256281602,-2.4721328901943727,0.07830673081802314,2.051340952562038,-2.4010752255667267,-0.3974019303859553,-1.2207967593744073,-1.1650068616157365
-1.1067751567787,-0.5566683089815445,-0.9156798450694658,-1.5460314312652497,0.6379531834120046,0.3892750123012534,1.322285767993829,-2.417228519307732,1.49233327989581,-3.065100556716205,2.1986632979710947,1.6399633680726728
-0.3961704952599832,-1.8589843588086605,2.7429291396247364,0.09999370107155547,0.038819487284118936,-0.6641501275698394,-1.0034194583834606,-0.012088797585077471,-2.5492268359355124,-0.9674716429291322,-0.5938882516123055,-0.04807595080163207
0.6751720623929608,-1.224465366049366,1.65493379181522,1.4374710840552067,1.0470308935379282,-0.8337788543039486,-0.06461074287116886,-1.2106335739167362,-2.0726747542573256,-1.5271319607001277,-1.530446717195874,-0.621684659058567
-0.5784014938078743,-1.5365521924350256,-0.5089766073469606,-2.253291578059722,-0.561965734586753,-0.8226220408220304,-1.2769692942235924,0.5722054892585412,-1.7498325883135746,-1.5444289143800283,-1.5586719448612874,-0.6471382628798352
-0.11735774599446176,1.7980906938326784,-0.4847352867271102,1.2409300432905397,-0.4881924093407698,-0.28026657388207554,-0.5225830209963728,1.380971561052342,1.0483835241191746,1.6730762848338283,1.5956640046345756,1.7735279943080315
-0.2799462067051368,-1.2077280462236375,-1.3597020738690055,2.0208853170715377,-1.7712828845439292,-2.424805035835627,-0.3591167626629309,-0.5484134541388412,-3.1048639106438483,-0.5790802875182217,-2.502858184147119,-2.50758276008017
-3.3480680217277183,0.79994131372002,-0.2360456715009223,-0.055147249426838935,0.6021289589976567,-0.7018877009589137,1.917038659435729,-0.5745688318729999,-2.187799901671191,0.7806868905575612,-0.6426529565262709,-1.1491997741329636
-0.6231741678905655,-1.3597723944834277,0.3421302586729434,-0.23496203527594595,1.329049074265033,-1.3789325274630677,0.8035909118597173,-0.34580830490113007,-0.6577340455366074,-0.780231294837471,1.0114671117069678,1.237724327214707
-0.3231008511670063,0.9559796594200783,-1.18981490556014,0.447403171396658,-0.22270318616039686,1.5673531693476488,0.9808844867999482,2.5892310315895326,2.5139415696353793,0.760888206586598,0.7299345329997539,0.053368298081217486
1.2355389176606775,1.8417597048729069,-1.5433697158495552,1.7414938271198928,-2.141776873474802,-2.631260509660935,-1.9421394660797004,1.1901324339287283,-1.2056821224119125,-1.0612535921201964,-1.7587792782340934,-1.7186894691153143
-0.06795052228606985,0.4771019379030626,0.8470185747114131,1.8039127875825944,1.3009496212047946,1.5453926858940426,1.4358613990636386,-0.6325649125678688,1.5478142106568917,-0.049180359369430215,0.6495152513439895,0.186654406461582
1.5725809140171458,-1.7275709755923556,-0.3366276329411459,0.9326269008141034,-1.1926864590385926,0.5125220684836167,-0.4593020515875321,1.609999912425864,0.4979332659513078,-1.807778647427487,0.5054804438633389,1.1078467281571551
1.4963398118008833,0.06916154675283206,-1.210982079561375,1.0771517414074332,-0.8893355285811049,0.6123520174114696,-1.2542244034780483,2.149807451487075,0.6993252784334096,-0.5654579551242008,-1.3711540387053303,-1.3475277541385464
-0.34894158474972903,1.212683717453318,2.6154047456314378,-0.8935307482651187,-0.3544648809041721,0.5909974388973922,0.057929517010249454,-0.7722789640045422,0.010038742541673557,1.3373430875693482,-0.15005633545455338,-0.43408974537620276
0.37876707632596623,-0.5209659128520634,0.6514782450230903,-0.619978657425914,0.6767857491439884,0.4677631789355813,2.0625336218940413,-0.6422463347679809,-1.1859668202728617,0.43566823397457444,-1.1514376625649763,-2.05605565426332
-0.055389639967364394,1.001173445236197,-0.30613145632118166,-0.05163760690168757,-0.6641556638286247,-2.24992419856231,-0.5921734020701552,0.24119819518092384,-3.4788989379070356,-0.10865115389695973,-2.4557602610764273,-2.2880427898618576
-0.4773217984929173,-1.8730902311212283,-0.6146292065700537,-0.5645183464199293,-0.34921410625206395,-0.21958283108103308,1.097974657654876,-2.2056956364894647,-0.5553614342037193,-2.1112334062516656,3.045476515202487,3.7022899048799465
1.1600656094340938,-0.3435043968057036,-0.7523846153427677,0.5874928747068553,-0.17869304229855143,0.32978930346820934,-0.07014734005624948,3.5247384579276333,-1.3680823414902803,-1.5752144608209653,-1.3165448488342903,-0.6189466928258262
0.8073623590097999,-0.26516013957861184,1.0041417857677992,0.8736113608849291,0.6202118089532545,1.0383576029139723,-0.6001638070469729,1.8384580551252199,1.4220698881584068,1.5276821193313455,-0.2502554832971685,-0.2713841506970004
-0.14440330667456472,0.4685675071738885,-0.7097512139920071,-1.0020819224740278,-1.3412182641255308,1.1472295322807797,-2.6427453435603456,-1.2886449123674966,0.09043150209481021,0.5879713346540774,-0.8977025581003185,-1.759638691507089
-0.21957429498966588,0.7748352159668319,2.4559600376294135,-0.6390250640079436,0.07271190781800463,-0.315676935200608,-1.1153996572053888,0.13174991740726516,1.315915138606628,2.082744505298821,-0.26898859575895606,0.39932795149352873
-0.8165011374739257,0.7945101564461075,0.0913995407154191,-2.975678703109229,0.9703858994373128,0.6795589124438299,2.3563313583153778,0.7139250491075726,0.9517381168104213,1.1019511083694036,3.0012774020988724,2.4282624643749084
-2.2615059238573716,1.0161735574791788,-0.6400955069518136,0.22302207139813912,-1.3311386936164127,0.09188414615455665,-1.620034346589697,0.29435821163483344,-0.1118871169769311,1.6381475911481371,1.1469097260371068,1.2755236660034763
0.21133036566710323,0.19492840348614607,-1.4264543719867084,0.9188644659911559,-1.3758191486840898,0.1782458792899444,-0.6412091546172342,0.09791410126031741,0.3794555656244609,1.403717025575597,-1.1193187276441934,-1.3227150630776228
0.5237115219890717,0.3573370474974528,-0.06512449902174394,0.6541880657543792,-0.01338293277534807,-0.777577101878226,-0.4819909828946552,0.9674259336710704,-0.01798936448187094,-0.8950149068158646,0.6257372631296558,1.0749086854897953
0.20449965781740242,-0.7445726710233669,-1.5031807917778295,0.6086252796019918,0.5484608423175312,-0.8841378261187589,0.9227711300510613,1.7833285379947394,-0.4363698086343059,-1.3157823617229478,0.297008588372625,1.127713231914361
1.587224929043973,0.5325862254812134,0.5585662243081279,0.4100958868032515,-0.9185810174033253,-0.3049251248706176,-1.6588095005453118,-0.33462816965259246,-0.6434652906042639,0.5993000581996266,-2.1188380161731253,-2.8226789778048986
-0.8991711041599952,0.11932806214727794,1.1895597956324446,0.28118096135029425,-0.3777471396594785,0.628858414769864,-0.35406802915557656,0.19461565773649148,0.45218091161714735,2.0261610694221495,1.6609817728590945,2.111258860062174
-0.5229392362200902,-0.5361440742426522,0.39014266421914473,-0.6714792362090501,-0.4293636894243307,-2.4922215578563938,-0.3184305586070323,0.2685535943667424,-1.5491504564945984,-0.8416022798475007,-0.713390273501504,-0.7011719219879687
0.24315244039908004,-2.580902940850895,0.90502847498954,-1.136788885008467,1.2185119948721044,-0.5313404849839249,0.6043517802454514,-0.46779280127210976,0.19708029833370794,-0.27051146400054377,0.7438517205663068,0.4207292736191337
0.6185665766137364,0.18574845600496012,1.3908105351423927,0.13688888682385925,2.0500267615075187,-0.6049019843360978,-0.3595550074340609,0.8016872238320636,1.1759297466344318,2.1888653858255585,2.72287615400337,3.485746962830709
-0.016493975396899955,-0.21477813767856713,0.08894301817019257,-0.49011274360998913,-0.5205501172105199,-0.7393959508434365,-0.9449476122761138,-1.0933124737285276,-1.3011963005991591,-0.3484236731830505,-2.1088790850415893,-2.330003625214482
-1.6956516175716898,0.5167490378629817,-0.9804248066671822,0.4572638997217679,-1.1078528194545427,-0.43471655941089127,0.22837990422846544,0.08324236933629614,1.7451828487198977,-0.8725361011928643,1.2682265819556606,1.7105009354534426
-0.23966771596067032,0.9033840730878724,1.213787346409842,-1.5090263716337928,2.3561091084734396,0.8990669677590077,-0.0044190225920933135,1.1752408978569422,1.2255740596945146,0.7238851513169162,1.654700705767284,0.7977736344226589
-2.046429650413966,-1.6271405926630826,0.3027954386378909,-1.2343511399136,-1.0695426370409757,1.2989430293557913,-0.048377629853624704,1.020926431209825,2.784422350027538,-1.4617352959173515,1.0209972193646215,1.1946638692321998
0.9765911218007439,0.5475390964182086,-2.332526490517104,0.36751784688174727,-0.08920603190507503,0.533646950151316,0.07326565421930997,0.2985312498248822,1.0965029522008165,0.2782143580679367,1.3203907261125674,0.45129704602556864
0.4879611631734631,1.6484606663407364,0.1176384882577736,2.224760803161723,-0.9744361264936995,0.33102803254049035,-2.1660098089693998,0.8357733876674894,-0.5082091248021272,1.5720583982538554,0.38170678368372646,0.4161818294088263
0.3586294235956572,0.17287465866796095,-0.860003641504859,0.27394664087236303,-2.1106291031394315,-1.3869128365784673,0.3022926297862456,0.48312105342682227,-1.74564594310104,-1.9855827541046884,-1.9353652689509455,-1.2852680344368714
0.09423383965628489,0.4893130298855387,-0.9809351268322996,2.144099503440858,-1.1228079133931277,0.11635345715472678,-0.2754029036386465,1.2665666213134057,-2.336092762234824,-1.5613362517870004,-0.9157739303710132,-0.13748928453342835
1.1363751847404249,0.15645085039414108,0.010045928507795992,0.684331057722954,0.1436402703303865,-0.7493544597371051,0.2925294549010191,-1.4950984862953005,-2.720331050448772,-1.052476983141565,-2.0512568245485228,-1.4193681777607976
1.128545819191295,0.2105361471421946,0.3250868140460365,0.9256562188870768,-0.20309009328296124,-0.27840367005353517,-0.5855783441511802,0.12356264840640019,-0.14645331288945773,0.5372400004019744,-0.27499360013228014,-0.9931594979245555
0.08815303588993771,1.282420890078406,0.6140759710533304,0.5999484137829806,-1.2269864591692237,1.0679171819893962,0.23158821531754215,-0.29060999994766146,1.9613122477779457,1.2728358445042223,0.11277358382719599,-0.20936645790205305
-1.339610416315818,-0.976435267242639,1.2329963349805124,-0.5039388586998425,1.371126200678569,1.4965618393090223,0.23678145002033013,-0.7544343161559628,0.024265195460113548,0.29843864927460917,-0.6995156232046537,-1.4295789616229984
-0.45902652998341503,-0.7223858576620629,-0.6947385737667673,0.13013327241653894,-0.4326160812898544,-0.6572231237224746,-1.204558177379257,-1.9069038717081854,-2.7321173507438212,-0.12996245175022558,-0.648312925415722,-1.0559358249806343
2.4316794298027635,-0.7760087952139448,2.241831225221757,-2.559625381395644,1.8159620234168166,2.55656659690904,0.7490919569378377,1.4366991819379569,-0.5249808013706512,0.31861220982750804,3.523137005733955,3.3115700514867563
0.7597921121419128,0.6748888945559324,-0.7968697048304877,1.413163084173714,-2.196995941803605,0.40595235151984577,1.2602170674162565,1.7266682031895293,0.5672221778953915,-0.14268557822446204,0.5746177444666545,0.0371925463038405
-0.9910728498815022,-0.8772001446245852,0.18479218522338434,-1.5230680144009787,-0.27253695078298223,-1.329771254993848,-0.27837989045872824,-1.022214219329974,-1.3807953078046231,-0.9921167652168073,-2.6680717432613545,-2.1996248399871026
1.9034785885984982,1.2451865875922097,1.280565342099133,-0.12615147296533075,1.163926522324517,-0.05063179865799779,1.4556095613636137,0.8186439801436036,0.5250910810337862,2.172096270736342,1.3033950214714252,2.008459877277229
0.1286528604952174,-0.6557177278784673,-0.5487483884112687,0.5197578774432774,0.8213491324901581,-0.6438156152419864,1.9006003861305307,1.1307973600500059,0.13571205103752787,-1.2655871364851676,2.1043081637294208,2.919961985204778
0.39909784575235574,-1.028353728932869,1.994613288832667,0.383496450013658,1.058886186222482,-2.9637453896923134,1.236995023361814,0.7591263876976055,-0.9985931403325836,-1.3163120485063708,0.3264687970576392,0.2693945846776774
-0.6640138625557864,0.49724171412031903,1.0324496667594907,-0.6661038073770316,-0.2522623829412065,-1.212163039038966,-0.7794887471710139,-0.3780032417219099,-2.0774588535637437,0.8635026161952104,-0.758348866246481,-1.0036693657293583
1.2042707332688047,-0.004980409755425875,2.762195026949003,1.8758110365687015,1.448654410413379,-1.9918527050382577,-0.6393794652253,-1.4125836585873257,-0.6935487114382347,3.634858978943222,-3.4729352856886067,-3.4711971761865508
0.3963859409769477,-0.5344237711371953,0.4056249136629289,1.2984442033572532,0.5924018270783461,0.28859132756910943,-0.686604600847752,1.9347652384703249,-0.800604307714891,0.5954378552000631,-0.44219152258820044,-1.3189797901682505
0.44721587539346275,-1.313924398495322,0.9289378030676567,-1.3014293685459175,-0.24932074441338203,1.2783547740730725,-1.7619640281622904,-0.6025844446651722,0.8927409271308284,1.2316524492070484,-0.004268964182787216,-0.3405773446764657
-0.616282863585154,-0.3210150240592507,-1.5684750256343787,-1.9268985858112813,-2.972116221482856,-0.9081522944168929,1.8816619804566113,0.869181916906143,0.824608331648075,-0.34152103170400827,2.2585876330632146,2.053428998846485
-1.1824353787571835,1.420500132718519,1.5768306410968476,-1.1921083936553725,1.5652512390170679,0.5286354006906193,-0.4240629202842737,-2.5198121181394413,-0.9472841370238049,2.498418536021904,0.40579245118922935,1.0114623480734635
1.4457154081785772,-1.05313704923992,0.48474988654994866,0.834828800502844,1.0805846765215874,1.5022250209460748,0.7384228604049955,1.2550313191576947,2.881412353990194,0.937845828027222,1.9839436660110579,1.4072381428190543
-0.3787706833131865,-0.570991246765629,-0.3087104419926835,-0.8371335898706906,-2.3929139556040084,1.2691602798160138,-0.5984995642086668,-1.9900493315886993,-2.859627114260863,0.5335771613509798,-1.8605693370542555,-2.7012675916391884
-2.9147994297643054,0.7037014864474207,-1.6753635654042258,0.17476695183522672,1.2285578128240533,-0.46791245227465655,0.8972257420283566,-0.5511527604425694,0.7906279049254008,-0.0013820999545512413,0.23111091622260915,-0.30159635658085193
0.36154303015587025,0.4870747335684203,1.5714240127667802,0.18031892042857256,2.1871088897546462,2.520654987035562,0.3426148451619246,-0.023077954447920934,2.892647379494359,1.1400263987376436,1.359919017904328,1.3167404463649381
-1.1010685049878544,-0.6639198680942802,-0.1824102275319272,0.7061154790965668,-0.8982245387455828,-2.5568989976271506,-2.5990450023831984,1.5607733130984833,0.12358922888908072,2.2047920935744667,1.2050180330638183,1.3429616568353793
0.3992968294246716,0.0549975289350831,-0.7561740766559785,1.2920317642226897,-1.7400540817916477,-0.36677026248302214,-2.4637968188906214,0.8642945651858275,-0.2505483825484879,-0.8311189233503906,-0.9272334916800189,-0.5362355265143335
0.5917430537174545,-0.37219691386942355,-0.5647973608267474,0.655766298980257,-0.19067605951046002,-2.620405376493957,-3.497158509657607,2.0756573438924795,-0.8516306396337671,-1.7566467641518653,-0.6335111401614344,-0.4563677461208453
0.6024244662275199,-1.1575438117636163,-0.4153761774155098,-1.6839160175759118,-0.18238040301716404,-1.036428277729786,-0.309429606690942,-0.11656901363878157,-0.5266111818013786,-0.685994277158665,-0.7923041437728016,-0.6328195954219134
0.634293226734611,0.7680211366357232,0.610230475564812,2.9159415192169984,-2.0019923411335485,1.0416694527720562,0.22852837190260772,-1.2015902353586012,-0.34338788643289064,0.5782029687288837,-0.9980107510331941,-1.8810920258247799
-0.6716275082035308,-0.03405286246740036,1.2572760164109427,0.1574464542052274,2.130504966675992,-0.5135903518972954,0.009470823514057591,-0.5155442332136679,-0.6418195726129807,1.194723118548911,-1.2379725249617646,-1.631383831470674
1.1091123138682142,0.8734282313390518,-2.8672176725894376,-0.4719343125718264,1.2482832890311353,0.4697916034765782,1.7283642196450169,-2.0237037013592594,-0.03947843928566053,-0.34916373129214767,0.6860649760211579,0.41261683321439035
0.09080086379562441,-0.5835937230256024,0.9462910301552097,2.3512731365285258,1.2948677137147717,-1.123379264741863,0.8052883885526818,-0.5333623850378568,0.6804033856416609,-0.4669916166888096,-2.1664596471787205,-2.2425545030950502
0.2496312049162407,0.37570517035733053,0.8173164443230729,-1.2598522518637671,1.7479859076146227,-0.892605005462097,0.06067726452694411,-0.7716712248867091,-2.246127430461032,2.787830291989075,-2.1567837486000148,-1.2862785113672819
0.13265293053207347,1.714473518544931,-1.0946815872490987,0.2930658735836535,-2.508588698809841,0.23426256953465793,1.4010178361432313,-0.01631831391356231,1.3053108289994673,0.12770914463102104,3.145877121781072,2.3811583232908387
-1.1410861567637458,0.34946795575464656,-0.2972448840763433,-2.4079435947886734,-0.2400730264857237,0.132052784570725,-1.298308331251551,1.3489000804281677,-2.0763667694580707,1.3466490920145788,-1.748387494838613,-2.0298720912170616
0.8398954943645879,1.0112245846727395,0.6118570016933211,1.7721795648670802,2.359906961715195,1.6567558706273589,-1.6314659236818865,-1.9249822464034132,-0.04020161542024661,1.7105515325969716,-1.904176743080882,-1.8369507766916175
-1.3084459299069224,0.236356100761074,2.175235416376738,-0.13051866399383122,1.9252993463441408,-1.3493669120408236,-1.6309337440221974,-0.21050601787424392,-1.687008626330696,2.936338355933845,-1.984824457947811,-1.2874096866529712
-0.14935943821511735,-0.3655151286836361,-0.6892315394473623,0.2748538200459697,0.22216336449540564,-0.3702428442503052,1.0132582403621933,2.2964541840365804,-2.204134248774488,-1.3470035175744757,-0.5889798156122381,0.2565797453622448
-0.41706700858348233,0.8896996155730622,-0.6140649255471037,-0.5965113750169309,-3.294954800200564,1.0069358227904914,0.4617820936634277,-1.0385190628943464,-0.8231481937804066,0.37420001730013247,0.6592645436682689,-0.21906933347789903
-0.3840755844735627,-1.8812112048595286,0.1302955756663235,0.039084512650992664,-2.215466226337095,-3.7036120686448175,-0.8494480186057467,1.3258148263450111,0.14344571511473753,-0.8396942582631687,0.506215081046234,0.21210722818542016
-1.0959307934602458,0.4685437712813018,0.2436144554291123,-0.45537506236609115,2.690879132725722,-0.9858846487470976,-0.7735437398257117,-1.3384758717268883,-0.4815705166961695,2.2061510449039496,-3.227694199985709,-2.4843957623755886
-0.24079144453631202,0.9558093582740971,0.2088499498428766,0.08694089144993072,0.02496160573937123,-0.9841454182345384,-1.4212947222408627,1.8998415357569751,-2.010925222658254,2.0485841066958255,-1.5654482847765967,-0.9667170607747435
0.4501352916740069,0.7123681010088659,-2.2605117819611715,2.4325339150469487,-0.9734830800393788,0.37735235283499247,0.13715276331405613,-0.88841437607226,0.7493887271654552,-0.2882662250582859,-0.8745749040335014,-1.2327569323729959
-1.2017414475486952,0.8646085449877196,0.09726148258587537,-2.7269417420600695,-0.6034684877472806,-1.5256167219548566,-0.9459379804286336,1.3743192761574632,-1.0327722862079387,-1.023838665045462,-2.18887328627986,-1.7406936356919558
-0.8980814379458935,-2.1066058145697766,-0.9625842162062476,-0.9798747806317284,-1.5721781914876154,-0.27368826698233206,0.2905255075328004,-0.8981691879125691,0.30818818684757066,-1.3760687818317083,-0.07482793909341656,0.7689290538563514
-0.382423738841372,0.46319686926300824,-2.5504338758279315,0.21996947782550436,-0.11129310160994083,0.09040998797515448,1.6486638406262246,-0.21694599582547014,0.8919323991171537,0.27475776384277695,1.151796204107885,0.34587636421219187
0.6552972410742948,-0.04099095586347842,0.6473720821783716,1.2372265094917367,0.996767270249703,2.184837953682835,2.175007892454926,0.04964386639510576,3.5580417532680695,0.8135537974932971,1.4505000219649682,1.0791475200798242
-0.9756756534216311,-0.7890006239129691,-1.4727931804534682,-2.096338424718544,-1.7107246097492688,-0.5973643983360432,-1.5054878194928798,0.9988726670039729,-0.6056794986100149,-1.701107583738114,-0.11148867396794515,0.794881819602515
-0.11065032147115099,-0.11499196745043906,-0.16732068523306845,-1.9935926611974475,-0.005511515780292964,0.5361889519684165,-0.13071294505795095,0.5651018035277047,-0.7199430955394012,0.7331550538352907,0.01932049598969987,-0.8451764546547509
0.4163032559250984,0.23394543506369284,0.7042326077045375,0.09463462401042788,0.563812193296793,-0.18867502616482265,2.1882741732479096,-0.7384066169603809,-0.7917520349318105,0.020160053416133028,-0.9303258147522906,-1.5496978161731012
0.3894473815069465,0.6215164686437071,1.2531634919733008,0.5013199504070499,-0.5451944164979943,-0.03433400973857037,-1.069653893004365,0.6746176858311376,0.4806708152514773,2.8943935155171348,0.01877037791020652,0.7842719822722257
0.41400295109764257,-0.08221873422483625,-0.9365655348625224,1.5406182068398533,0.04126780895600146,0.09465150540562917,1.5174625231673395,-0.42322741296122207,2.0212210872259098,0.34515290678295074,1.0041396102316198,0.1785181078112753
-1.1292533072013398,0.8676954417941346,-0.3232480039884286,-0.1896290516366813,-0.9475713268108894,-0.7429955735115699,-1.360691822568882,-0.49419639252257486,-1.7548589418034242,-0.911676478549871,-1.974536740234947,-1.5015421572637992
0.12286226199586206,-0.17643459875698522,0.011063946820955326,-0.4063912055231891,-2.55715413935535,0.8829873258288463,2.8242295281080585,-0.8098297249677423,0.5686409526023035,0.0967293664905114,-0.3838752457908412,-1.1294513680094673
-0.26426552243324114,1.3444624024618426,-0.42029129069641463,-0.08491116088788919,-0.9648386211841944,-0.02544986146612338,-0.6704259212673082,-0.264428941656492,1.069936587530973,0.3494125605711308,0.21275266621877997,-0.5816065084463735
0.8186753726510066,1.014377150868174,0.6205556563792147,-0.39352409612851713,0.6699980255236051,0.8072189415551272,-0.23225101828044836,-2.0974450300588856,0.2934731566220402,0.22540796935907037,0.5543114662646099,-0.28566520887423164
1.2898123647908801,-1.534563133517681,0.3197776835666334,0.18300213941445037,0.9034517562753326,0.38864866762650563,-0.5931764251917656,-0.920036849031492,-0.7512385515321733,-0.11274304836297522,-0.8974411958134663,-1.468112384838049
-0.6281424455093694,0.47407349686988914,0.04008893992595527,0.10027716739511827,-1.0646980708459617,-2.1111252162224683,-1.7211628055817343,1.9238547007247107,-2.102185855462703,2.087447339067999,-2.6770208079782343,-2.3891282088131747
0.3503721205829209,1.1569098457732359,1.642936995703875,-0.1818334497770122,1.8515166578450653,-0.16454130798032157,2.473913451331182,-0.8434990795570324,-1.3651142232571514,2.1305780639645056,0.06935505728524108,0.7631368507268153
-0.02672968508781233,0.4725961591896518,-0.07772991196973432,-0.4182857631816836,-1.6581694039942474,0.8019487343717742,-0.7556749116459709,-1.9288454288417203,-2.625877797029786,1.9028566852906477,-0.7918475346545023,-0.4584318677201261
0.5762697225340246,-1.4518371608020395,0.9456348417746959,1.6631827917900308,2.531689871198038,2.1315418056233133,-0.446720215813961,-0.31698618948320234,0.78442026348901,0.7872584596414404,0.19586409028010862,-0.21593236307297778
-0.961618127491801,0.697641486916857,1.8145636755794876,-0.15736791684342744,1.4888788597732792,2.0679762666753243,0.7095812333183891,-0.5747264851758196,0.14597003997221125,1.5639194878860938,1.0361136553718313,1.0387706601439914
1.0174314590053697,-0.11684422328851209,-0.9500838797381811,0.7252134664133251,0.1551525364531544,-0.48134298878645876,-1.3481024661004648,1.4771417628011738,-1.2960553950806657,-1.098700914068922,-1.0060694766157203,-0.3180588181987245
0.3402988615997311,-0.5226781066718382,-0.7243111923925637,0.21293807222060473,-1.5641447707099345,1.5229765353965368,-2.371952285462976,0.12688635777601115,1.3067027862173513,0.6006557798701122,-0.08135835513361106,-0.834333265142148
-0.5473071308414283,-0.10234712213587978,1.0838798825659193,-0.9476414884449563,1.9358688721711272,-1.3944291747149906,-0.2813268535993231,-0.738841748859665,-2.5479654359906787,-1.5818850375366915,-0.5306871192335891,0.27565938726502304
1.243422545593678,-0.19965583719314187,-1.1072644290480218,0.13806623392422412,-2.0112471788275537,1.2236613730753376,0.07223234924851768,0.5789174908880992,1.9558045131918633,0.2941297457351495,3.2212918014247087,2.413129776558156
-0.6777780913662741,1.6959496237393874,1.23783054174039,-0.9001519073066755,0.0016797146688271036,1.8049024478185907,1.935134062883628,-0.7035779247069611,1.4195866398783668,0.5678231894800463,1.2075762271152666,0.5633756821623843
-0.052561574950955176,1.6891339369053835,-0.45372923009207183,0.0031620276139362052,-1.1380178423797898,-0.3095823175575888,-0.6836605230424488,-0.7372429810428098,-1.1120218304541258,1.6954647178106192,-1.7447195060587342,-1.5359211875385208
-0.5215422737104368,0.18225603433952386,0.8235311268716653,-1.983237839958873,0.11310389466923854,-1.1566009379801443,0.13090277034611864,0.5193691775988121,0.6385291794029391,-1.1192595825931875,2.3305158251197398,2.9670489397759434
1.4585546746392068,0.08946766496671273,-1.3462938242084659,0.6688142238367735,-0.5262167869591627,0.4092275174173874,-0.14948387097545712,-1.2775458622736542,-1.1579501825023788,0.7133767971512645,-0.49269043955968567,-1.3557711698090986
-0.37055142727314283,-0.005403469930677241,-0.8227533774861578,-0.5493949881745179,-2.293636957062658,0.012494972780597441,0.7008776327451713,-3.232236526200655,0.7094853109712826,-0.08966706967939575,2.457521891149073,1.8874663693131715
-0.07568989344326711,-0.2217135190498517,-0.2116696271455708,0.14283356103282396,-0.7672447542064454,-0.48973854195515054,-0.9255727688050273,-0.7669077428297741,-1.3971396341781226,-0.2667682401295975,-2.1282327702789128,-2.4608228728158474
0.5992527125131284,0.6926825468559932,0.016616026348454205,0.4785572488312398,-0.21958232613317985,2.8918430499061625,0.8466953953481192,-0.4659423425096476,3.6173257317592777,0.5726137551345684,2.4525219705362438,2.4334997170034125
-0.7952360838741436,-0.19381938420049938,0.7303655904997098,-1.0984024484644364,-0.1834696579490368,0.5685176023868816,1.1227788061142212,-0.3362894108491954,1.6997939535215896,-1.8873825354876805,-0.4395011837041132,0.12552814597919104
-0.52221231707184,0.11565861397025361,0.07335875960341745,-1.6799834311833228,-1.6522210671157118,-0.0019165521528047291,-1.2858345544621594,0.09419202750903707,0.42801433463181815,0.7714233229635858,-2.361361051569773,-3.129246745544912
0.1532081687452968,0.4339625458558314,-0.38652343537893974,-0.08423664089658323,0.49183262672458894,0.3897375159338582,0.35988098017374326,1.2054041376483393,0.5419263035824354,-0.6113953385927746,1.0511814715257064,1.1382841477923076
2.4287702107500433,-0.5636680781608462,2.0251720732191627,-0.951467865140103,0.814587226869041,-0.36197798436273054,0.6690867248834749,-2.3615116918455037,-0.09113298052955168,1.0455962425709648,0.0384004785249743,-0.49767857099572016
0.024504392506283057,-1.3345469458404002,2.1927445062335975,-0.3128489728106491,1.022007273437055,0.39933259887217387,2.1147595752610084,1.2280902782998426,1.0846183968351493,1.2503855828600696,2.140847349475423,1.7338804551246934
-0.18813060018068334,-1.4753926001885789,1.9949142201229295,1.203011836259683,0.6620519835607002,0.13642592090378503,1.133070778541564,0.04405130638418853,0.5294598019587112,-0.01945680504249922,0.6485651222521642,0.0022895961197531567
-1.0738385565350614,-0.9063494845508823,0.33191210086761996,-0.3912000356059375,0.37938747158730846,2.7163853604913615,-1.1971265411631378,-1.1860620939917137,0.17646073545869384,1.6026066817789308,-2.771569224451447,-2.8002312853805824
0.006350558840417895,-1.3214071207486404,-0.921073493471198,0.6800245579708554,-2.1599902815802303,0.12382838908296179,-1.092606052021438,1.738172708015798,-2.4508602317002985,-0.4455634385753364,-1.7527923831877712,-1.8975713536015968
0.4642009057503221,-0.3036600370587327,0.8792925263829715,0.6484418793544979,-0.5507613784899325,3.150022279104923,-0.11707210710153626,3.152225838370824,2.1498585046751963,0.7983351461584807,1.7231768498403792,1.892189010390637
0.5577710250756396,0.43547532094375596,0.01703094749474714,-0.2886224952361497,-1.9867624033264408,1.1175119606236317,-0.5985777421114955,0.18692956404181438,1.5655323591403556,1.6505097287295782,0.647707805027355,0.7441770002454303
-0.27654952892121176,-0.5136974743498839,-0.03149736574608152,-2.3671612402102507,1.202104060455093,0.7125526855540009,2.7028183060096262,1.0476138459113407,1.7658110557363804,0.5782659236716637,2.2970456318285053,1.3846754551838032
-0.18353352142231613,0.5130991338437954,-2.0108698104642757,-2.2712946398828504,-0.8923285507047869,2.3289232607440837,-0.2980480668401043,1.0575971494834389,2.293673336998614,0.2113576041217351,1.8973316511705314,1.5909195124065125
-0.35398968150796645,-0.43049627362858256,-1.83303106704287,0.41561894217286544,-0.6074380453436354,-1.0896547934307608,-0.421256748817116,0.7319372538451596,-0.8154550027818467,-2.877140518365891,-0.41841582497149254,-0.6154895136015249
-0.2669257304610087,-0.2372290611556341,-0.772989428592123,-0.5878012386114224,0.5800309282308731,-0.6794251875330034,1.5412851531135763,-0.8817171795124645,-2.833539173248212,0.6310707681939718,-1.2884222329331496,-1.8178927497031978
0.7678882821880963,1.2969493215597663,0.32037211326759696,1.2240481849806957,-0.21735380601969406,-0.3959633166899823,-0.8374539846291149,0.488262869539086,-3.0423250819160463,-0.2449260543517393,-0.7661457669112954,-1.1330342454376283
-2.5445521115965586,-1.781807931661781,-0.13851300508384537,0.8336314654479705,1.7753244029806259,-1.3116379678875347,-0.5667408510740594,0.022660820311643293,-0.9917407116319666,-0.2988871599009868,-0.41340283481277706,-0.5726613206770012
0.36301796901916594,-0.48658366389834357,1.1590695249317708,0.811054572285468,1.4010618836132391,-0.03259246387962078,2.4208630002834743,0.6535856528372149,0.18271573208983938,0.9093344837574803,2.440810717371165,1.744315107849349
-0.6166532539484545,0.10250105473569529,-0.44666888070731725,0.5193157226574473,-0.8646535420245585,-1.5633129579968728,-1.4630248069615108,-0.6361570579565846,-1.2279885581802792,-0.49721013865024505,-3.258996254670598,-3.289486354349406
-0.5672307285557264,1.8494309234574997,0.32672712420439803,-1.1804247717401095,1.8066643323093652,0.04109020790085649,0.47414204489802814,-0.5192151235595087,-1.1346788128686485,1.6647686595121325,-0.9167585582713316,-0.7505855899115923
-1.7899479101069635,-2.238275708344379,1.6116937501311812,2.378399182330824,-0.3395849714861152,-0.8812124470887744,-1.0025277092557678,-0.264325106426619,-2.1834913449941813,-0.6860938615878548,-1.1891147048621624,-1.017916393941173
1.4253776739918402,0.9294711857480015,-1.6317062820921717,1.8061467206299457,-2.8925793259208334,0.8645179105452844,1.7285257031639512,1.8966064591921807,0.49028343049216006,-0.15283909376126342,3.5293726181629532,3.0334237180886925
-0.5501473852718006,-0.4516472613617975,-2.0166229844259247,-2.0298346769132385,-1.0385630001628436,-0.1304796924103946,0.43984853195571183,1.759929491397977,0.4114494486164581,-2.2208899821628654,0.4277150794252172,0.9733199730865727
-0.35511277332593916,-0.48484123459466666,-0.6150262146468798,-1.2715074343336852,-1.1991861764769225,-0.6509342063184762,-1.8784158525891634,-2.01540218113506,-1.0819568720912762,-0.7603481195940291,-2.573676570525187,-2.2887116750460086
-0.6047962856514467,-0.2631918757448283,-0.774573881480866,-2.149661859087199,-1.4086391000411624,-0.8826585782696539,1.4125995517078573,1.5380657412390402,-0.8305971585931389,-2.557202378761625,-0.36504354573128595,-0.2628784119305332
0.4288809583361461,-1.04284050965554,-1.0500227156918385,2.4039019162492767,-3.0997196713725153,-1.2360167388804353,1.7029187405356943,0.6966897866307975,0.534727632726084,-0.5022225486198967,2.8872599182620213,2.8471464590728353
-0.9334173470920876,0.7435769681762742,0.9345852548906778,-1.642924843862386,3.8158633029756825,1.178067976610163,0.14242476258014158,0.2413406870701303,1.289168182058945,1.9189467512753744,1.465232558182762,1.7019847158470662
-0.624132378294189,-0.6544808343430207,-0.2548419572131553,-2.0367231100110335,-0.1528362637680454,0.1374414333024755,1.4813570120914374,-0.06731224429489496,0.771101681581378,0.9542376158412164,-0.46753014182539354,-1.1647968806984577
-0.5433710754904373,-0.2970891630902496,-1.2008955282387506,-1.6959086440077016,-1.047395694961609,0.3438038282903847,-0.24943953909195937,-0.19576889194090719,0.03317135996243431,-1.4004157988804928,-0.044832950202948835,0.6315529178871591
1.2520775175679792,-0.9560041172362215,0.7436623370475338,-0.1754681536573215,1.0957178553900073,-1.9792732327867277,0.6354209633364776,-2.0588201199005196,-0.724198320012084,-0.47144669465802647,0.4659725561295157,0.45182378907613585
-0.07579461732572697,-0.31906708623361063,0.19023167917995298,-1.5703563282663096,-1.3546596914957534,0.6156160312103413,-2.8862348291823956,0.49448891292800606,-1.9797593068318022,0.11500849286577128,-0.634805035191935,-1.4128429963505225
0.20840041918767196,1.1414416752223344,-1.16948254896783,-1.3513362406739446,-1.8531992582824866,-0.7323264030282243,-0.8198119822514349,-0.16407345350588765,-1.7942779767087806,0.203645508809785,-1.4017225707435446,-1.8919856166202433
-1.9482009585334454,-1.890776492009819,0.056212661480605844,0.9923734113273499,1.0334937648984632,1.3661030790892759,-0.17741970299855614,0.4877612324956817,2.2305410567197743,-0.4651692196174518,-0.017150879274893782,-0.09012362172143096
-2.072243212437284,0.1826896563603729,1.4433299778533184,0.3595763599571227,0.5086629539887643,-0.9448890061117524,-1.7574013849145986,-1.2966371020943557,0.1479830209444346,3.0646659972641404,-3.497056000418651,-2.817734308569712
-0.05049349107936359,0.747568843478466,-0.6457017463725145,-2.263030604011645,1.2458139534291195,0.5346203057866645,1.1023581167387375,-1.3601989631392475,2.4892141249142754,0.8358437662991691,0.23570838431874305,-0.5751512331251772
1.1848073862626016,1.062197038184819,-2.00225905259204,0.8453451169137626,-0.6766310868847656,1.5987498541906986,-1.7384513113234648,0.5863993452656354,0.264063458937952,1.2785395746989803,0.41286960795595296,0.1910354285183926
-0.23268972052462109,0.5174018423764745,0.9384025230178242,0.5735876669404396,0.16357685026368762,0.7281081214379014,1.0449095400534454,0.8484862619510292,0.34220620635012644,0.4674287342477105,3.0449105561268563,2.127931092847482
0.5581243091870377,-0.38040770105499155,-0.02628022253052811,1.1834672044578372,-0.9398038523062503,0.1733286945545114,0.9062077502945868,1.2037583646309753,2.417635651085428,-0.8409738795470827,2.0101661966110047,2.393264452676691
-1.454519744843573,-1.5308015381665243,0.48931856325602285,-0.15233259326846912,1.1801570841765214,-0.18373140891916284,0.12848755943852108,-0.8070046717246446,-1.465906441004325,0.0016649365272075611,-0.9520351811883142,-1.5606827263819738
-0.07235417609742799,0.09569872416223053,-0.4471398940099271,0.48109910702167313,-0.44328858039944946,0.9397479241926505,0.9104777107502766,-0.08316214144381562,1.9653424303478655,0.7815133868033057,0.7409757137631952,-0.08146773963708043
-0.31052211063797996,0.5571767832883063,-1.0242410412037235,-0.3432548840266749,-1.4277715940794793,-0.4059981284329601,0.49955189295338265,-2.3307017651332473,2.4543569397823144,-1.5474336629071341,2.7446191840551437,3.6442118100761105
-0.8675037982520105,0.8182897263944843,1.161533223239533,-0.8455094723663974,1.8521871087834842,0.8057768347352606,0.6397969903953604,-0.8103806066070687,0.3900331461924579,1.9142340098247392,-1.4930076959423533,-1.1536553429581826
1.0974951665634025,-0.16735686519376364,0.08591506049396994,1.333362504563675,-0.7422888751551986,0.15949946415923422,1.2523674048925058,0.9208653363251866,1.5348037285093885,0.735835787301033,2.458648079205494,1.6414288886646013
1.6776924729160598,0.012814133658721102,-0.7358177867211392,0.4203294826276088,0.44934297822497804,0.28897899381195286,0.5196155627119867,1.746225191949208,0.5652128198912771,-2.570213939666571,0.20886614701726236,0.3075492676815521
1.2297788091241852,0.5698328901685052,1.8831335172620238,0.4837866056996459,-0.5269882640744434,1.3279366419898926,-0.2417547372136863,1.1657946546455094,0.7983899661430659,1.8024781347102388,0.5307755336570799,0.6891711022766367
0.31216223135969134,-0.8690538721773007,0.3849280559028938,1.447701144877529,0.8100437914134537,0.008232191956990209,2.9413021409416706,-0.13094373886357968,1.546964456556804,-1.4280117094953895,1.446947326424206,2.2430978086132245
-0.1803568435231573,-0.2768230177904682,1.2140988858589243,0.3826701436316454,-0.0222636344605891,-0.8063074196007055,1.6107351649815638,0.35931526369821304,0.23741564254465777,-0.3924719835435696,0.49198419430812723,0.3208503194794443
-0.521206471581317,0.2973490569144898,-0.891429188180181,-2.340374030655667,-1.1168928778438822,-1.7215224421679591,-1.3592743521597372,0.7019697921014728,-2.707889941476379,-1.1824364004223002,-2.232780716079132,-1.713282577455956
-0.3456954329343206,-0.5815360463093404,1.5347778771706295,-0.882838029777137,-1.0508928032924885,0.4091043190287095,-1.341988149675533,-2.0435182973998227,-0.4743402765304687,1.8826403320446479,-0.8521685102917598,-0.4555449353982378
-0.7976096825800074,-0.7195706186994186,-0.645756958979212,-1.1388554044712456,-1.3530121391458323,0.30732760672118487,-2.3452505401286716,0.4954773410704417,1.0101813277161298,0.384266742312078,0.5561059258001387,-0.3203695016227609
-0.013242861437232663,-0.5270471032559778,-0.5065525686665768,0.7454438805159092,-1.219982304511061,-1.9376312189462876,-0.947476317028134,1.294756573995893,-1.0375043112423377,-0.1364846140973398,-0.5357941168470248,-0.5024632887363696
-0.2816421833834181,-2.1771683081690183,-0.5825252385359647,0.5355486258861006,-0.6079823123215977,1.1551179427791238,-0.20975600044939946,1.2810432062748371,0.1074315358911071,-1.3564741635843296,1.9991217282805782,2.267119662009322
0.6039737749034064,-0.8198064715060123,-0.16977831972773866,1.0935282281382452,-0.2449545009144999,-0.6428844895039381,0.0056089698791461085,0.6568909474589635,0.3165005543836951,-1.6117083808591175,0.27751392284491117,1.1953878539084517
0.24419364895821347,0.48522457462353086,-0.0826899107692439,0.22070006483960783,0.32212567244453716,0.4349849263055069,-1.9095962554215704,0.5749378244176829,0.4100686705360923,1.2980353790342813,-0.8785449036348982,-1.2222630174014164
1.041711399534373,1.3760107493686813,0.54790301669021,0.5377703951462006,0.8696473091309569,0.6984419176857812,3.1047263964996468,-0.6608271826506306,0.867699389939036,1.0311117811812547,0.4801340725173528,-0.16681846780621556
1.9388205603017927,0.6065669276144747,-1.1686384098195233,-0.28181886138837037,-0.6288326955912936,-1.7511883653104328,-1.7350723022084344,0.8594235172595959,-1.1284454721452382,-1.9523382174052952,-1.1920244428636373,-0.6457051352607638
1.3082480859606684,-0.002393257078198614,0.40687901538527815,1.3187276261218681,-0.3720245243180202,1.470819535368461,-0.16848297721906336,1.3566615590455875,0.6309643432256979,1.0169190197519349,0.9122977326286443,0.39629175284522833
-1.1545401394398012,0.9220971424698622,-1.1309198476269005,0.7419870797619552,-1.127107120006242,1.761453651304878,-1.5370939329925897,-0.14529151299838317,2.8831946144582963,-1.651394099823718,0.7476358405573938,0.6220514064984517
-2.441778833139751,-0.7903924866236461,1.753959796650503,1.251749884708636,1.959040391980122,0.3170076289557632,-0.06620269911881577,0.8298414178089288,0.7859286182334534,0.9841014648933708,1.7560510521028392,1.0638780076966081
-0.6098496995202172,-1.811139064162689,-0.2327981659910117,-1.4518351508939036,-1.3603002835250986,-0.4764239034376495,0.07904555494445253,-1.1179259525685743,0.034504009495477383,-1.2719146811147635,-1.5471079481560959,-0.7304369862421429
-1.0509052055939918,1.4535465931676705,-0.587382609699942,-0.35638113871188204,0.22748197480693466,-0.743655997163623,0.5897202458980995,0.3789157300042605,-0.44267554257250785,-1.743049908028571,0.18753560109702133,1.083610179999554
-0.769790891861083,0.13564987505037282,0.493049001019831,-2.373912348628966,0.3438570658505176,-0.8990296800447221,0.2726624353000645,0.8866742923687516,0.07687387798974271,-0.6308639472713694,0.22334077294962063,0.32387158340831623
0.21873782451526239,1.7770935256933111,0.44747755402927897,0.9454816228578868,0.07114688013185683,3.1138732878473405,1.780871784660163,0.8036617995083055,0.6089064702259916,0.8041965598904909,4.106570007208637,4.255768350647838
0.5667008439593394,-0.8736020527681113,0.31259204880393443,1.3137012642755788,-0.9225189540528216,-0.43217988378324396,-0.6044477911783405,0.37100013897321754,0.5234810299589955,-0.7945473291876435,1.055918142717164,1.3973099079981244
-0.04295590019489723,-0.5901951848265281,-0.5507281589546141,-0.9985464440880133,-2.063239588803098,2.3288733222759506,1.1247992913928904,0.21897259292922122,1.7149792669620076,-2.4113855963596125,2.005348237720076,1.9348722062630543
-0.9763825344318132,0.9037288110531402,0.11669999655491506,-1.2962405082502872,0.7174986858976725,1.0434209718889846,1.4443916622697173,-1.172501599930123,2.606152627922638,0.8430431585335616,1.9318395444317895,1.1645188916297209
-0.016061121523497347,1.3315752522313122,0.2592451528302212,0.023723592288954397,1.82031873843285,0.47571934611940936,0.7688739615867399,-2.3228123058035375,1.4619457625342935,1.461002821961381,3.121824999424841,3.0033669475679723
-0.32651320430960895,-1.7633387858590766,1.3491246358856444,1.1825476231596523,0.09487892194787939,0.9057597506503379,-1.2277478137024724,2.457458784229739,3.03620573454758,0.4930557081511705,0.7210194001552411,-0.18614491311612236
-1.8247971978195845,0.30467028317894784,-0.4335744414595518,-0.40986514537264274,-0.6435426695030638,-0.0982868929785887,0.6849055590256602,-0.30505670577945504,-1.8989646962231328,0.14767234858786957,-0.6061695806941167,-1.3163164672236154
0.32925098582848167,-0.13371729687777698,1.0660874427173168,1.2025568165695324,2.043269195026693,0.15264365124044144,0.4602104474909431,0.6628153708052246,-1.3077103783959907,0.22353176801978575,-0.5847451683716209,-1.3850498449156814
1.3042917039437634,0.3900599306453575,1.701604181288746,2.497780653764327,2.4073293251386505,-0.6177651363047183,-0.17947317939253538,0.08871708126995659,-1.2351545173042904,0.2887500641258246,-0.7950462146073057,-1.3492684139281454
-1.227435590274464,-2.052879655340925,-0.9744082187564352,-0.899461188980138,1.5575934810089782,-1.2241232395729615,0.5896837014206526,0.3245690454166562,0.42452256522325543,-0.5798761026490857,0.3707340787904223,0.40216633018775394
-1.0934095700850741,-0.8864612935898993,0.2737647434596938,-1.746071789070164,-0.13042467091371568,-0.31706422608425566,-0.8686415954912846,-0.5827757984476566,-1.1327608834666687,-0.2597461913077299,-1.6630589484212512,-2.0246039793655477
1.5699842034631681,-1.086669125348187,-0.9656959445789093,-0.43583191796037657,-0.15797175333756752,1.1550708772880398,-0.453631734221124,-1.4818316480014075,-0.5246698846067887,-2.888833563450889,-2.2293720762418303,-2.5062963445962634
-1.1017342084667292,-0.5311167467805523,-1.1587664641376045,-0.9911715493598148,-1.4249433281034407,-2.47447111082391,0.36274171123507193,-1.0736279082277365,-2.0803545189015344,-1.2799689968365284,-0.3031589654326119,-0.08816988707269324
-0.059979131288993445,0.7353861863415269,0.045124151502026914,0.20388697720964555,0.15546711370252453,0.7247767385290915,-0.6789357962871874,1.3282624564531589,1.1542444459894161,1.4822020693625788,1.193642634005699,1.1104754050854766
-1.1200731702023041,0.8036627061118623,1.1216638669166485,-0.45361154313894747,1.0391494674915382,0.9710194720381183,0.3155444417985561,-0.05331977471782434,-0.5823896686741732,0.29042747684537806,0.2289674734515189,-0.6254526568840796
0.8205527969669965,0.8399974199805098,-0.895111820729937,0.18761830375245458,0.00311235217819239,0.6483408379844674,1.0276659424835586,-1.3932459735726106,1.475968383383444,-0.18536644963693433,0.013040793670829776,-0.4644127921353248
-0.6596427659821595,-0.00814337336457434,-1.4242740783425236,-0.9267156119400587,-0.2719400359379994,0.4299606900602181,-1.5877324175607104,-1.8779508089161232,0.4859930295211482,-0.5118917950966058,-0.4704953172357136,-0.5190967545384995
-2.111037508115679,-1.1315651441676577,0.642935194038389,-0.26194402541083783,0.280492078694053,-0.21327249024483005,1.4691080535592256,0.9905738738323069,0.7874355802271018,2.223324320943914,0.9720117420371844,1.7346200707815154
1.0449113624900712,-1.2194831970981093,1.5431463177544489,0.2968108734610352,1.273148763533728,-1.3899463889154897,0.9584731905527905,1.4500061020438364,-0.23715592574079702,-1.0630960467205317,1.326112533512255,1.8514096120198542
-0.54718526328176,-0.9389981010682962,0.6447456672718656,-1.9725605526572272,0.21252011362956924,0.34566172920840654,2.405474188711547,0.38902430876093175,0.8713895234208815,-1.561184562185507,2.2607380913583937,2.951371656079412
-0.9616428209829154,1.4942407030380707,1.1775436687716054,0.5401513035636417,-0.512707667244213,1.225099628533533,-0.4502210971759014,1.1263872357478624,1.876234103724433,1.6214464000455004,0.7369002068743692,0.8019152458049484
-0.5030808930121498,0.9682638945893172,1.7823014705650928,-1.1556364677963007,0.866257322774949,0.5498639566867873,0.7558859543218386,1.3818086012345185,0.9214716271809368,1.0276156193103194,2.7278242801823067,2.070423348767772
0.3886610824963992,0.8230949753312616,-1.944320496829571,0.3002159100548929,-1.1722288721719418,-0.3121974085532359,-1.7043253221329664,-0.6416116687534243,-0.2578370998163292,-2.179506395544852,-3.0597023151261507,-2.4615960809647786
-1.1237572048764297,-1.8417807193282234,-0.8392845371936025,-0.6495128268285633,-3.248054319394314,2.0111066290040904,1.2277207651941906,-1.0015371948581662,2.629792049542236,-2.8182235049426243,1.7799629283960574,1.7091782599886673
0.3764281191296531,0.9410499035755322,-1.0493209837075788,-0.06645089638608681,-0.05054864853097418,0.9645686189561706,-1.5809323885930266,-1.081213204815478,0.13365710463017483,0.5606809862930285,-3.636010465517937,-4.532749668530114
0.052304538680171944,0.9839952783707906,-0.7559414526663678,1.4896106216377851,-0.6191178162751789,-0.09899503784232822,0.26113456566226056,1.6852385592424284,-0.30941980301889427,-1.151705578524996,0.5449102668364723,1.2446705553188413
1.4195718363199212,0.23001394401766434,-0.5448601538270308,0.3098322797698161,-1.1452654342543804,-2.4812631416376387,0.7461524370415388,1.9123041778381689,-1.786706309580404,-0.8028865845639034,-0.291690777688451,-0.2872649274372008
-0.276497558333725,0.8073282455477997,1.2805477884417567,-1.5625072815334118,1.1595252715365043,-0.40255308205464335,0.6415796330752144,-1.5067108100896394,-1.118193006864613,-0.07704944012267334,0.57234299501281,0.06686289613422192
0.18540273581453848,-0.5627846169667646,-0.7724523697986344,0.20051721919686363,-1.689158152977864,1.782955726392969,-0.7241811784051845,1.1633918524232807,3.3863467143211565,-0.22859114496021704,1.2386947825386236,1.014032816003752
1.460143133654668,-0.7096615429091429,-0.6439562874261142,-1.119037205219115,-0.294816935590199,2.444501954412766,-0.9953148297966639,-1.7670070414835415,0.5496251005444397,-3.0120243623142104,-0.8049020750026121,-0.8602429830956363
1.4468923711846393,-1.7845128107804078,0.5325210714161916,0.12428601912953208,1.7858216261848705,2.051072007372114,-0.2788046242725064,-2.047889444940102,2.967672897097362,0.9030837118843442,1.780967344994497,1.395766536241251
-0.27281976576096373,1.208332869024184,-1.0696884295980478,-0.10030758697816722,-0.3816605500281397,0.6283407157976626,0.3716597886780163,0.616146491982321,1.3811555495954035,1.9443627807186536,1.7218147878593832,2.123902673724283
1.620022011224632,-0.1983680886233568,-0.27589958537851234,0.11944139785934965,-1.0787402677730797,2.8203347201929763,-0.503336293538931,-1.6697108436778532,-0.1826790263174045,0.2810770227841477,-0.8845936324155537,-0.9266622360607061
1.9422954535898025,-0.03264819517201655,-1.6785134537126187,1.8493917896812053,-0.4465701069068323,-0.988110086850122,-0.6331517997777513,-0.4320548014244895,-1.0918277277070514,-1.344947252435395,-2.1854394096593484,-1.3522833338205702
1.4551516735396919,0.625756215778397,-0.18361192923983727,1.1701321494371593,1.242268313276745,1.4939587634142435,0.5719247752069414,1.004410229711528,1.827567487529405,-1.0034952876468575,2.219433198081421,2.3510562856900314
1.4564349050821417,0.4503184734382554,0.4963312688446432,-0.3951773206063251,0.33502438963217246,3.9321220503833807,-0.42172296330912157,2.5542465878396614,1.6044194250771557,0.9019557147223948,-1.827923039138727,-1.2845432340832832
-0.03129488345367516,-1.2336542169009659,-0.29090835945417226,-2.0386152810388536,-2.7812510919130586,0.6770610974436793,0.0015948660917501911,0.8676688076815697,-2.1475575681602836,-0.9687377972817546,-1.8509779361624248,-1.446016230150137
-2.8013912100412814,0.42788871132169237,0.6615867198658729,-0.49119027651983693,1.2399518138087955,0.39506479768104774,-0.2562655177616523,0.7272917375959004,0.08967153530526267,1.9829688405012005,0.025395972481188966,0.5081427976079999
-0.7190271836150571,-1.302867152584795,-0.4416404764207806,-1.7603002794770175,0.05318871149386134,-1.0339078944638551,-0.3732999161520616,1.483770753501568,-0.9886035846318977,-1.5467285102467918,0.0866409115279527,0.9749764716912184
0.25248078426582904,1.057221595777892,-1.514172349502451,0.5918540505740837,-1.5939490957618339,0.6861171068644112,-0.9903906645733478,1.766198939065045,1.6530501772154134,0.4656927542399316,-0.3584705863390494,-1.275835325551415
-0.6192827754888185,-0.16465271958664296,-0.12015422317784033,-0.19780467826928083,-0.1763927580233496,0.3453820797632502,-0.23046920868879803,0.3568202464238057,-1.7494975868776943,-1.4983109445249188,-0.3247331842618385,0.3627854885347641
0.9092437699232362,1.1458986390479255,-0.8680875411758239,3.0695128733007886,-1.9785239083006785,-0.7379052866382562,-0.19755089116430838,1.957687913373597,-0.7268176105849868,2.1315994464251604,0.9069130271004989,1.6159933484548974
1.1852499563489811,-1.5002395569014626,0.475226586956058,2.0495874118670714,0.2154623244394886,-0.9458829452375581,-1.4044923879810722,-0.40910271266036125,-1.1947058652420537,-0.9347113537988645,-2.4548970855931334,-1.9777976129397539
0.7438373907842389,-0.5159426788646759,-0.8643069633020551,0.8294304563807062,0.34629718377469465,-0.9933486433270001,-0.6894670982862128,0.9388087568346172,0.5806555799326836,-2.0849713379503596,1.1739945194352865,1.8266712662693088
1.2663517698635922,-0.8429582885076391,-0.22838916327669412,0.8953814530863937,-0.30346363867140924,1.3724865277355656,-0.6179903538542559,-0.9094354729567269,-1.1422034285749358,0.13703188271834865,-1.4600399983086008,-2.1357310481344784
-1.651903459244279,1.2835427887886512,-1.0982537014276599,-2.3300558354035625,-1.968093141698278,-0.5980713441873036,-2.185556035401957,0.4055074249513917,-2.3943873590707887,1.4066582987578191,0.15710795069649974,-0.016045498117816748
-0.08778362572592886,0.8210613356092104,-0.8529014450423391,-1.1791887113755677,-0.6248673157057438,0.3077585288160142,1.6198816690798732,-0.8899940625425312,1.4867786896939248,-0.19436669660296224,0.7764863483823012,0.2994810302070694
-0.010018646313174178,0.3908848644357353,-0.3895839441082651,-0.11829925430462086,-0.6636921836377636,0.32406103349082127,-0.8091059331697992,0.09936093615541897,0.8800812456252717,-0.4745567087097604,0.25411487167163527,0.15196944106625782
2.4673554487942195,-1.3891618804944355,0.16073305189125336,-0.8623875991072807,0.47752492208807307,-0.6915534179190154,-0.051218565249690706,-1.5873457116131726,-0.762123538181851,-2.02677655268584,-0.12813190658813656,0.6101962896702136
-1.1027286788184125,1.3004515111033244,-0.29730499440504826,-0.246287689886587,-0.7133061073910214,-0.8952563046842996,-0.3777543780837893,-2.038551905863687,0.7636361038418176,2.395557880226593,-0.3507178665303924,0.5173616591345146
1.2176262373600502,-0.7092777242795048,-1.3429118336462174,-0.4469405419651319,0.4309893149842954,-0.307412865917164,0.5480249905138848,-0.40414362596549985,-0.6566521376222698,-0.7895313956827975,-2.0908211368602974,-1.7534986046536025
0.7376869995390488,-1.297381862648303,0.9343875078288179,1.1800940517919434,0.7996316722501374,0.9659646780381741,1.8269726831850401,1.6314386961362957,1.127494544976877,0.6387399807757148,3.189576445694817,2.3090708365206125
-0.32435903424592855,0.6157002910476213,-0.3358973569887262,-0.18726313503247716,-1.9000328774676298,0.8423432161223092,0.17175177682145415,-0.5933095949756024,0.7549323269403136,-0.38344477727411796,-0.05335885896864654,-0.259405357517662
-0.3519325813181869,2.0292783840568256,2.20532590060002,0.4835794009075355,1.3740299629793693,-1.8329263777580578,0.30933847722339003,1.8498619703986914,-0.29057542039112594,2.95442055687737,-1.0749966700525828,-0.5641413449186692
0.18817800239410093,-1.0847260543639894,-1.1413787191889795,0.6744587048334105,-1.3901449428150137,-0.9967232875285965,-1.3376075782624124,1.7980201333956054,-0.48506651323649996,-0.2938483936178409,-1.8416985909902355,-2.0675020845459153
2.3366363960153445,1.3236957962207265,0.4914416807074572,-0.2214963838966576,1.542485136311369,-0.40182031507261695,0.29176685674994396,-1.6812113106000992,-1.7306098085499517,2.508501664740793,-1.626078731084591,-0.7313526637132708
0.4329333881075763,1.3032098428507968,0.3191251619728044,0.7338203495579153,0.7305649020113014,2.7347756072787774,1.181672769900731,1.7209524388370114,-0.01429280787549958,0.9245361934070674,1.6134969715520229,1.5835024467423575
1.465416813057882,0.0025443158826362997,-0.7933284602425269,1.6362313741937478,-0.36322407812213686,-1.716295971461319,0.5388759260577871,1.1336325295643377,-1.5880136088473633,-1.440367862370449,1.6504968409784027,2.3139338926926873
0.014799386896942834,-1.6105480101316392,0.197747274177725,-0.01443019407274445,0.6163507384852549,0.35890312161660914,0.7649920666936285,-1.4853274398740122,2.171869086462011,0.4189339951283422,-0.2366340585536051,-1.1263967911390418
-0.10123942832055201,-1.6880882295393127,0.5050074367892371,-0.28163150333227405,-0.30527218969416103,0.34067587317927595,-1.1427750949912354,-1.7893612769301983,-0.4925985312005241,0.1782858641947781,-0.0724593671911502,-0.878957378804301
0.08625250413940035,-2.05334271448255,1.0431839474043276,-0.6867153889698769,0.2353783933355751,1.1127238876883816,0.04772680415792002,-1.7781003852614958,-2.154357334869179,1.2330797453956917,-1.9166407490742146,-2.280269231838119
-0.6683485830663474,-0.5094169314423783,0.49575073982799545,0.7256335101976784,-0.19179476937015333,0.9431310575003905,-2.224632605573999,2.653738063882178,-1.2138441536739097,1.066871603183939,-2.2496657038268193,-2.8323447591535116
-0.8571730439667196,0.16667002450925766,-0.4660990846400206,-1.4651466180334618,-2.054112137469665,-0.41147345915233297,0.596325485712017,-0.3811878339005773,-1.4770228570870765,-2.070168185347822,-0.8912007757257343,-0.18718778458150653
1.1391216873532197,-1.5101981723861688,-0.8243873824108583,1.3929082232048904,-0.519129114997121,-1.2207103287195231,-1.1037681997687825,-0.20879174236092168,-1.9062700200944749,-1.3136528555405695,-2.455671886627564,-1.6850072014940556
-3.0842137637154394,1.9940983861363049,-0.7656946367082018,2.0358321600699916,0.44549741794384656,-0.8236606342670894,2.56774983442981,0.6698738788007548,-1.4651970760772284,-0.09433073940725017,-0.16838805054125872,-0.5463548079951672
0.34912446579447254,0.41485843026493957,-0.16478427971510928,0.2826347361110451,1.724817983799458,0.3990220857541483,0.029930266743335654,0.024519051203244602,-1.7359581975132063,0.6107449985239382,-0.5132019148289433,-1.4034707273983869
-1.0716551462777126,0.7965386737052701,1.6539517919729088,-3.7955818324427595,-0.7785704914847482,1.0325644933198301,-1.2290202780453463,0.07325816870980556,0.6269589317366517,1.486978637632453,-0.050150201473977946,-0.11707839423642895
-0.3917324585863639,0.488786027630003,0.006570650163470078,-1.4421607153247626,-0.6716520047972796,1.4958463531261315,-0.2770926936788438,0.804177248457483,1.5645551950491907,-0.2567940973344569,1.6847805734519241,1.4195419911712053
-0.21175321307001727,0.6730420736704475,-0.6188931251052399,1.0249614388827353,0.13154833122874676,-1.4901786581628618,1.036017930073798,1.1762425280560613,0.07636633551656496,-0.7034451929076478,0.6899523432665481,0.821760740854627
0.8915564851464484,-1.6428333050396349,-0.007019738753561551,2.2024165196839602,0.19584037483358424,-0.6166531156556112,0.7798285609289429,-1.9705454995640397,0.44789050438985367,-1.5108471622126074,1.7120238982807159,2.6230684576090617
1.0616950555398108,-1.0896646266368177,-0.04779541922560756,1.2001395997208124,-0.10258571001784063,-0.17910203393103097,-0.8187122141125116,1.7971907031027832,-1.0996469076409519,-1.403038512495677,-1.4855267994665218,-0.6502145196274152
1.5834511750900178,-0.24800556969315252,0.38755727349814373,1.027422842555473,-1.334353222127586,-2.129348035468273,-0.8878324373756533,1.980872759026616,-0.5079215503623735,-0.18278335565454326,-1.6116073244293292,-1.5296221063107305
-1.471082366026175,-0.9672035847604797,-0.22116997116755732,0.3328343868669142,0.01128814746576473,-0.0969148344673707,0.0748525760989805,0.9067188647094191,-0.13585760920062712,-0.6822580795699082,-0.629650304426483,-0.43800971208513073
-0.37959592810775394,-0.048137415949009735,1.3866780776847345,0.948251021871803,0.27186474206618605,-2.879119431495754,-0.9688906543434922,0.4867778478743675,-2.7167973729443045,2.106789340405869,-0.6351466981509644,-0.6972854323185078
-0.49805472864016553,1.8749167580332537,0.347258208769627,-1.5026501946872695,-1.586102530785423,0.8080185428154714,-0.6616171256297187,0.38025240312311637,0.8053916444108843,1.451702460030686,1.2753822249138027,1.1557599012415074
-0.8566833565345987,0.2423303578008001,0.9205256247993516,-1.5185690318649667,1.8106643258445678,-0.7854817175958178,-0.7040421067263124,-0.7566641387311299,-3.3206501645383777,-1.0099579348882701,-2.7080365871968666,-2.1248765186239376
-1.226586629864611,-0.8958624241759666,0.1505913493831007,0.0534807217921921,0.39384421423872373,0.7091842644419538,0.6085456138933045,0.9577956817421216,3.1411738488685526,0.5031616380048018,1.8556667611155704,0.9373534844874909
-0.3995395688769982,0.29165160147060865,-1.4265554587744926,0.9232024697705942,-0.5619868290154098,-0.12133556823052154,0.029694461236701386,1.734150210707877,1.338411387883705,-0.04401788457795963,2.646943207166264,2.058417835910599
2.2713294638365435,0.4448614307761641,-0.7463752920493174,-1.038001876814083,-1.4798818209206215,-0.24751502266992653,-0.6290813163723529,-1.7894151957948072,-0.45387719685302863,-1.3628483688219408,-1.3336893650420845,-0.4988694479179856
0.2532232688325088,1.4882058064407995,1.076936606707221,2.503110715444856,1.2996660741786539,1.8809332451468186,0.5048863381265497,-0.8571998510449017,-0.4531775138160679,1.3765466861867932,-0.42446383971300516,-0.512735905866252
-0.4943299769591621,0.07964437540498716,-1.0154508811777605,-1.8078010283729755,-0.1917328808924441,-0.977101178736058,0.0069666263000918716,1.1196879432967235,0.20478916242403886,-1.1449412251391562,1.3931039873296274,2.0864824109867017
1.3529292670918347,0.7441230280361404,0.021737005216185344,0.41884900029823546,0.7372923440691276,1.8980709327288854,1.5257825754223793,-0.1137457137191985,0.04658244866169681,0.8050082830770517,1.8947080851280482,1.37899699591477
0.2958060820961448,1.1216175787679175,-0.7340599095856011,0.9499710449019595,-2.033807433777102,1.4156533150704642,0.08245679990352045,1.5322407693266547,2.198782642388129,0.3652300162966974,1.4637681852570212,0.6832840400018776
-0.6499624059595507,0.6076484845410398,0.17174393711687552,0.8162995490525592,-0.0278647741781059,2.8220795231020683,-0.5522345552769333,0.6084717696379094,1.5394913184670467,0.38818169233246946,0.5653048683068104,0.5057025189139907
1.1964162882929814,0.5379273089173306,-0.5431645179505487,1.7210664972685694,0.20183188463419333,1.4082494514233628,-0.4548927090511525,1.2037047440790856,0.2346593642617667,0.8769484084179475,0.14772033639358995,-0.5069456982962207
2.445818561859723,-0.7672173540285713,0.247660273974186,-1.6808146112046631,-0.35286756495123683,-1.7592471658315059,-0.3679157823004323,-0.19483397107596917,-2.3429212283669054,-1.2970169856172187,-2.065296281565829,-1.4844496386878436
1.5868065192344787,0.15185026181309433,-2.07715773273765,0.6844340825526146,-0.1684985339973053,-0.5715111774136811,-2.2091849689491014,2.501668654825701,-0.8861615243128165,0.1731061840096999,-1.113438355182391,-1.6703693683265248
-1.3747151849710593,-0.5579208283529192,-0.8702889958828497,-1.010446107251545,-1.631373606591512,0.19079150959280766,-1.0163167348836524,0.33590558719218155,0.1254177386593776,-1.0152759949754013,0.2042211534838635,0.7526085549929743
1.4672931144323729,0.7525380925408129,-0.38853177636136693,0.7788288037198914,-0.18343662068060324,-1.00616018131576,-2.441870230940335e-05,-1.139051585598057,-2.4908672933171645,-0.3773754609277303,-1.6942889658907152,-1.85714842344753
-0.14960480829546274,-2.282935876869774,-0.05940683308959604,1.6532793367381955,0.17833766662726103,0.042913913588475405,-1.0014524702355638,0.5784044276299274,-2.313843059930311,-1.6697218441910566,0.15936718164588481,0.9588526308161872
1.3795864325641227,-0.20376378530536726,0.14537728900780417,-0.03764551884426676,-0.5712469845715954,1.374738430258445,1.1328279088357847,-1.274546349388458,-0.6516144711863243,0.9068940842711404,0.2325022090247867,-0.40867348924750724
1.7726249974330095,0.045808401473484195,-1.2486862245720012,-0.18719277989036734,-1.8044479736568293,0.1840510343328336,-0.4825166891905567,-0.80444757189012,1.1326473771779926,-1.9398353314927703,1.1401876388345242,1.8296712574508045
0.9843304163203408,0.06201925505655815,0.07930377718522735,0.6441859842212059,1.6262588385157655,-2.9333618591141337,0.42405858109415423,0.7680584582388834,0.025453485783501983,-0.529603873754912,0.6477477402764565,0.6597126559019358
0.7306646102296792,0.24480275770071888,-0.07266326244658185,2.628680805161597,-1.7738737944598273,1.4472023246513122,-2.405759706866572,-2.245577873767123,-0.44571897789883563,0.7159280866586293,-2.1384320083425123,-2.8787226844299627
-1.1556051351661416,0.16852874752845762,1.2995565623807313,0.12009475469817266,-0.3062256392034276,1.1052387106438593,-1.6948244262543253,0.09344066998690953,1.4584078643914602,0.3905282115665337,0.23236703420858879,-0.6334001364369438
-1.2891765026267012,0.1347265678341643,0.03908487878050103,0.5575360705726919,0.9520489149812782,1.2899766474388314,1.6462677864280861,-1.8345900358620595,-0.11018147492194874,1.5477603937068745,0.8264310145741779,0.8269296906684352
0.7151661668176762,-2.276457754279722,0.14665490940487588,0.7940980748642652,-0.7405644042449077,-0.9181503191987972,-1.0608349986011587,-0.40806008659501203,-0.25865576213307184,-0.715571030109513,-4.12745181909029,-3.921411210952353
-0.7181935554802124,0.020355950131998844,0.6196641370938806,-1.1335460943411624,-1.3559236689137428,3.3854662145907612,-1.39194852427528,0.18212644515380416,0.40663850610508856,1.4402506112586835,0.06472862631902596,0.16546474994205515
0.5195356981448186,0.09615381770113926,0.019329955174796923,0.4951659268243316,-1.440679181697919,0.06547571820807996,-0.2907534972091488,0.08104549860160248,-0.3380089599072065,1.5224159287564374,-0.36265431057015185,-0.3981037226813217
-1.3764673516029757,-1.250841035824369,-0.9466214959852066,-0.999716458036128,0.5985949922983244,0.2812310368574254,1.832591947884222,-1.2153525971750765,-0.1284906900663057,0.12034557784177191,-0.4118730639890793,-1.1777290319800364
1.7688596665284397,0.34217106666357455,2.1259164195370532,-0.7855448009505706,2.727467271588617,0.3743472943238214,-0.7988432754284394,-1.0245320490994183,-1.0399507371648469,2.0751413390659543,-1.4035524256116514,-0.8543329972354801
0.09078508339947695,-0.7526169842091865,-1.2105818636174739,-0.6784542209369255,1.1192896187003751,-0.44762591064542634,2.341393881599586,-2.892699480504653,0.9643593418396755,-3.6964088755537405,0.3039241930456831,-0.3422179556008801
0.2733310599920392,1.2586870973645983,-0.02065662059505369,1.8851093454074521,0.004672295969606218,1.4888089238216942,0.7705243082927183,-0.11396969096686466,2.6803740271004974,2.2779137927086848,0.9812468441596199,1.0669399871095364
0.042599374026226336,0.29614911964491364,0.20551597772793778,-0.6589555088562582,0.35372848407689444,1.2104040797727917,-0.7665490736435909,-0.5149635128440153,-0.5683137101978198,1.056394197600551,-1.0578854220065939,-1.6023413377864535
-0.43675278898391173,0.230845291349801,-1.1474501144284923,-0.6288943875138194,-1.4477610365580689,0.027674258575218103,-1.7821472985252704,-1.485420445631841,-0.4574347952722702,-1.7252284587596356,-2.485008140382883,-1.6878640555296975
0.10519317769674617,0.5806070736242974,-0.6225516419292426,1.948956581117114,0.20155782935055777,-0.7349454821401903,0.6729548829511864,-1.7165340962452293,-0.8582590082966312,-1.3063610008819333,-0.3504338174777206,0.4865409641901377
-0.36671151722556916,0.6586403204751259,-1.3962264702763911,-1.356102034486459,-0.9150232039028072,0.1638975622976,-1.0285970383140706,-0.4605525671856601,-1.674806060893994,-1.2217934916438304,-1.7068802729770507,-1.02345009328
-0.5606622780542172,-1.1680981909565606,-0.2637754713839714,-0.4571320724570082,-0.9888838301378883,0.06506383441971542,-1.1918992705332827,-1.6566929886260926,-0.857959737771627,-0.36565010876443327,-0.823392600203331,-1.0784862190462468
-0.046617444270310573,-1.2904525572318057,-0.07941816856636738,0.034756352898310694,-0.27595242517573393,1.1839865072851898,0.4157128853389989,-0.25210335949725815,-0.7704574448919075,0.5647423099218164,-0.2866012543418125,-1.1444280216159515
1.876114249716657,-1.927200954561935,0.7850665266957483,-2.555298670575853,1.3966125435588412,0.31168613443876814,1.6396490909973205,0.8978448053805604,1.2488070631608488,0.8567643549789337,0.8532356423534253,0.06991520159531373
0.3455922456229278,1.0101017071222946,0.36326896789017415,1.7664140542762896,1.055461434939278,-0.4017540668825643,0.911871738740456,2.7624463456354316,-0.22892868179902695,0.02230141052646728,0.49960814549881893,-0.06478076353099371
0.407469591042864,-0.2873095487475302,1.204430303399289,0.2706159898341299,1.3397572019943975,-0.11161350884671584,1.1597777309191561,1.544237350713924,0.5650802601685918,0.6904469097996088,0.5739508538937018,-0.1860762876401154
-0.9141989573021347,-0.1207168043293208,1.0695223387134394,-1.3922961585230198,0.12981576745256163,-0.11149946772751018,-0.3637807289410454,0.08074196097947561,2.69525902644247,-0.7430813026803349,1.0142164487631204,1.2892184822696608
0.16354762924112673,-1.574702913622678,0.8935673121854706,1.4255131969550272,0.30750911695106475,1.4013958914478213,-2.4738779234472945,0.4294051598736003,0.7796527916319523,-1.444919431250267,0.10446061271444929,0.21597764185876978
-0.4477309357489939,2.0135959053703227,-1.325503700520792,-1.143475611142339,-1.7966402748062502,-2.1051849030982854,0.4638224035541564,-1.4229819549246727,-2.2008530893575466,-0.9072217853583403,-0.46885907712327946,-0.3057200535473068
-0.13530695618263144,-0.3732195918925422,-0.5711178489634365,-0.4798991310576904,-0.9580183097173521,0.19023315945234287,-1.5888714485262498,0.7665736738887402,0.3384539468707468,0.41988391931344804,0.4423199501870991,-0.41766000038826717
-0.9193853318117268,1.658614028483259,1.1051222645932428,-0.28523732051691875,0.9090899490318655,0.16105177187871877,-0.31949492069727625,-0.7161686167149635,-0.5035923814757963,1.0196451272190719,-0.77574251603325,-1.424535376689216
-0.9397206073599791,2.555277606534027,-1.1873542790396767,-0.9313071472908088,-0.5852062560763517,1.5874831724907357,-1.0498155894832257,-2.0097710401005937,1.0599928960053073,1.4849960188207598,-1.1422815992071902,-1.1852052974048517
0.9519705770990953,-0.10216356943648303,-1.001308610059526,1.337183819568395,0.3976413075524312,0.3022231769980096,-0.9519001346078773,1.1443866945393033,1.3153654763546059,-0.07237213019057098,0.8393294090277476,0.22881040998172075
0.13276269808911517,0.08236515700605221,0.4489958238045925,0.8387329564600001,0.7733776679720316,0.2530237434783147,0.755462874275651,-0.42899532826329945,-1.6196413597413295,0.6662916375719835,-0.5076909541941346,-1.3637957203679183
0.23480772878214531,-0.8918290264996592,-0.8214721767584287,1.6568109061105476,-0.2707918251274258,-1.441525132801763,-1.9558281695670576,-0.5718183860101616,-0.5181203729473606,-0.4612463595260323,-3.8170665359952753,-3.8758931565576114
-1.576757142925869,-0.19542242470648336,-0.14375913080314365,-0.8298905141440406,-0.47794546905119206,0.1375368004660866,-0.8921943341511842,-3.2856645994467053,-0.23816605176875283,0.10360170773388816,-1.0514580067506651,-1.787384229421399
0.14502211049453745,-0.9697312782981063,1.5809824921753983,0.6031939967091636,0.38631487169783774,0.15484736271443755,0.5585566722304408,1.2520649750742003,1.1257039715477388,-1.3801845870246654,2.670567622891658,3.41125839967511
0.5024814518050438,0.5047679815563525,-1.3811330293660937,0.1006440892171615,-1.48354789339924,-0.7170521206703792,-0.8856193010084837,-0.8516538528586992,-1.458770683426895,-1.0875754695211954,-0.7245196198195631,-0.05491033042409077
1.0818351736430942,-1.3659850447950335,0.7833764064704934,-0.5370926668810726,1.1385633194992246,0.7729903466809116,0.8014343350326069,0.11034543483358195,2.43955555185023,-1.7336814477511227,2.143525998274815,2.6238326871175106
0.07947597607693803,-0.8729109935060733,-0.12205798899360498,-1.717821948804861,-0.15215952373609656,-1.4687479261268381,0.5785639569954462,0.21224546616966733,0.8856535038262698,-0.608410494315972,0.46626203974680086,0.5146675888841805
-1.5580075585734745,-0.906391685294673,-0.18558894625355335,-0.49375156247017293,1.4524045177487754,-1.025620544707101,1.0356543425403901,-2.267486372660799,-1.1995176992270449,-0.9906224032501834,-0.0801659183238615,0.44904637592781016
0.9634163648540109,1.9070958734685899,-2.4816368783642506,1.36237692823389,0.9269488381215533,0.6148681343724411,1.439678906488739,0.9523670767434252,1.290210336482966,-0.24586133513369485,3.4679757164927096,3.0643350654951647
-1.492828699343045,-1.1177107740767882,-1.4052942482648887,1.994431332579345,-0.7067655245041236,-0.7230478156092519,-1.5679785861259972,-0.587686991669989,0.9961571208393794,-1.5025612821006942,-4.142180459318974,-3.232237223323626
-0.7092487048113362,-0.7365017012101049,0.6796675713420176,0.050093461367381464,0.09802665103261243,0.09617364172733715,1.4227680702344183,-0.6419614067637548,1.189523752357829,0.05874043918290638,0.7967549361888525,0.09645759036594981
0.7112258906453612,0.17482526765591455,-0.6705016839329384,-0.61609178201697,-0.11971379651636904,1.0285818318711502,-0.9368896045678131,-0.5438814011714146,2.0753165535241718,0.4124069975877831,1.155898149359036,0.27236679076387094
-1.0689443556033962,-0.26516388594641827,-0.268929168423292,-1.3331615270379795,-0.009355635877448087,-0.5646208152842922,-1.2056725207066368,-0.49461870099944794,-0.20241189480746813,-1.1886269447052709,-0.7130283750045634,0.05004432389323976
-0.0632732958809564,1.7704211519078514,-1.2256166423582664,-0.07477736495688289,-0.5677983419813935,-0.43257193690089574,-2.2801233721361815,0.23674097241392644,-0.16044671823238355,-0.5383480087705259,0.7427243304478932,0.730657641350464
-0.7671398131557103,-0.02189911397900833,-1.4866140878531977,-1.0066120290531544,-0.4115816537268241,0.17524333874540032,-0.15620775577233809,-0.9077144207729935,-1.774345284823053,-1.847886144962271,-1.083928888227666,-0.3600956470855784
-0.0728826987122533,-0.45950528170036864,0.6133667292287468,-0.19783280118181068,0.5773193554143029,-0.6671721940163787,-0.21340558363788464,-2.6299500657496298,-0.5785876396419992,-0.0940770879525818,-1.4217110661041494,-1.8471607392800626
0.34815997790562403,-2.3048407167845077,-2.588771769037501,0.672087499630958,-1.273507364959637,-0.28059766112273465,-2.2380219977285707,2.3779678399800432,-1.1520734884179373,-1.0289843882475371,-2.301111015680381,-1.6847701424664585
1.3026835038163056,0.08811828979285831,-0.9109793803505356,1.590729587071438,-1.9741064186617379,1.6021158675897715,1.0050679732596524,1.4922888364906075,0.7751995532736525,1.0490420439084214,3.4260399847767076,2.9807932071024235
1.9240057948690334,2.598342446876229,0.6952213814140527,-2.553310963578913,0.34102849196381474,1.5735429459879993,1.0623428920843432,0.808545966457009,2.6524747514654043,1.3338928826580216,1.8628689312046425,1.6892732362738427
0.8539171364632714,-1.8592272897552227,0.238595499915737,1.6008123847515052,0.607131691419487,0.9218085124900636,1.825362185044834,-0.25490650783059293,0.35946286112437126,-0.4628109306766517,0.2616441343653274,0.1612677276017419
-0.2658182548707179,1.0176356001290041,1.4873349706087715,-0.2257434932361056,2.5102860077047504,0.9578096325124804,0.024718621647758343,-0.2806065825501191,0.39064047446782624,0.14178825028562914,-0.02622318758196618,-0.7963731765539447
-0.4462476702664948,0.11617613750775185,2.7196297331777504,-1.1146357435636347,1.4733658870668902,1.6261549934953363,-1.2846712017158861,-1.1628665691218871,-0.011550779395947508,1.174737233066445,0.6337529045480235,0.31695761237635534
0.8447768279702276,0.6866865357772812,2.1037413174335384,1.790132171445073,0.23465236919978882,0.6998740195515178,1.5826374061387551,-0.6791814690141424,-0.9961708810157301,0.9312590358129541,-0.7342472263006149,-1.473048826508835
-2.2038427421639257,-0.31802288665254574,0.8270871360620277,0.12176255140116232,-0.09884584659928997,-0.9744789328886931,-1.3768501809781544,0.07471001425930998,-1.569403522363586,-0.4504808840830882,-0.9254967184216686,-1.0262550230481113
-1.317165066036301,0.21603704685735203,2.2598095196437313,0.549577102428045,-0.2208315440218439,0.9396313689651576,-0.4836804244592264,1.007703429034429,2.5477482627504786,1.827892533981827,0.7345075708158593,0.9894893871943746
-0.8647817506818796,1.103717158309,-1.8204415624392996,-0.30289025562663907,0.8586103429247592,-1.1615383319854233,1.1636392268258382,0.17264077512847575,-0.6824361029156496,-0.15040224425228665,-0.11254938855717239,-0.3614539894039856
2.9837099188287253,-1.1637915631875826,1.2937812884522468,-1.121654247415767,0.7755887997666838,0.2894525223446346,0.6758929955546971,1.2781546255847522,1.7231053362524096,-0.6623787535745114,2.4594408912324663,2.6167191043380895
-2.47112608490248,-1.194314426088056,0.5630428865751655,2.8496392657568554,2.0690709445106386,-0.07677924777779663,1.2254109275629168,-0.4262042366726899,-1.0510605563166835,-1.9505980579188493,0.8177548526767285,1.56584308790665
0.626199033249245,-0.28914452305020377,0.3619592111764143,1.302349074499155,1.814728211136816,-0.3863616511101955,0.10048344178527635,1.415195738218519,1.1829993869419804,-0.37269063786240797,0.5525078000376531,0.3250479761918058
1.1585178342284195,-0.21519512379400002,0.9863160542029566,0.5494807249692037,0.3124028254119614,0.8977220611603477,0.41485350875285193,1.3441975132002728,2.637358399812555,1.3365456906438418,1.5140800414108262,1.2520287719165815
-0.33416813534192386,-1.367686672221613,2.154251802350318,-1.587109379862806,0.7820621196790266,-0.3272614541311084,0.4761740750809343,-0.31611371381742526,-3.6527214524830023,0.10730972185103914,-0.858722903885949,-1.4850816363429367
0.03412264582763097,-1.065743771488654,-1.9235488952713353,-0.7473226418779314,-2.149295219119419,-0.05421674412806965,0.07480894714880446,0.9737532168585061,-0.5550362137075449,-1.5594281641915788,-0.2628075466229669,0.567716060924579
0.14376441048310992,0.1612646030293138,-0.1676638012216787,2.705594519324948,0.0692490543463197,-1.9046436999929315,0.38382095606417943,-2.0085606732004258,1.3540258030774908,-0.7265436087677667,-0.6299688392973026,-0.5398255533037191
0.8003010086412262,1.6663452259083744,-1.8253756401925614,1.5452061314134373,-0.05833686412679662,-0.5554100413679622,0.015573990716183109,1.8996903326548629,-2.2683515201016355,0.5918372147014125,-1.372035894938819,-1.9650737610345737
0.44051542391247145,-0.528097745472353,0.16062347235304972,0.9009486185214103,-0.3543030628831367,-1.3437689350448223,-2.7813214031711815,0.45848837895558636,-2.4689817107374656,-1.3410216098611243,-1.0641397787048814,-0.3106187645567397
1.1941176949640029,0.22259141197509796,1.1719082318969927,-1.1622455721009946,0.9545251161689002,1.8820298718730317,1.4763152818054572,-0.5350314823965476,0.8995642783756954,1.592166521030569,0.5216358206631083,0.5357465069928592
-0.13495839257139622,0.17679661370628352,-0.9784084931611114,1.1576685680191532,-1.5431360915915935,-1.3968440786591334,0.3753144594549871,1.4431010173759793,-1.7683028247343549,-1.292108010774414,-0.8938176909147868,-0.18419402188611156
-0.9946604634935926,-2.006350185341254,1.2630129027308996,-1.9100996253545302,0.8980162713642912,0.5888964368209018,0.6000654108664545,-0.5241393340099831,1.9811512639576883,-2.679119922483385,-0.4824103146659744,-0.5321561699234825
-1.647107838358831,2.2500069910426954,-0.7106715190265501,-0.1347896643124401,-1.851314293534763,2.0795579296939155,-1.0934838985881081,-0.9655249472038541,-0.8611596534144272,1.406380061674735,-0.9405014097758404,-0.983144134418585
-0.503388208804332,-2.4573686714232563,-0.23106307061430548,1.738863298678786,0.14734474814737383,-1.4194610499240676,0.2850758494632322,0.46812773031177213,0.4062434204419402,-1.0436861693377883,0.08613361515884534,0.5842278180047292
0.15365059499789915,1.0772357249809124,0.8184760391255662,0.2620121337473578,0.39153775061464025,0.9658661196591745,-0.0016936086199886846,-0.7101765218358709,3.189097158125998,1.4728291171106966,2.2584327372245006,2.172197138976403
-0.508868256466299,-0.8574499360326582,1.5713507484954166,-0.6525601959356835,1.781210313817902,0.7618931108307286,0.6525037935797613,-1.8038947543798867,2.821873890542344,0.05976707780745405,1.5273884554799908,0.8004124750803031
0.7775460278318295,-1.1777085403805163,-1.0854103850314283,0.3883297040486692,0.00011792335556271016,-0.1202820676980407,-0.8442591388898046,-0.5347778782999201,-0.22862845771458534,-1.9353745508355291,-0.7932784042848618,-0.02902669267811997
-0.8949358262225207,0.669710698254585,1.5988261526591636,-0.6368078079921291,1.2598952257242708,-1.964274666785216,0.04307703642701177,-1.603918925615206,1.7768169565426155,0.755138715546119,0.10589885651520481,0.31519661436480484
0.5955237225411998,0.14619707956939068,0.3541039638460572,1.768622617993545,0.42046907392807475,0.900472086152925,2.310215542119236,0.07118539613429528,0.2578540508432454,1.0789426971213287,2.6164998286322096,2.0409078145568853
1.264348449483709,-0.3267569946035817,-0.4026176849760368,0.4911228587845542,-0.914877119799866,-0.47931228506984375,-0.7741984290200188,1.5124446573905197,-1.591971545642618,-1.3289461498443917,0.6261320149872219,1.4730579550805347
0.3045943485839929,1.584280577410403,-1.3353239309910532,0.3825198939295773,-1.4843656504441973,-2.132930546913211,-2.1567776341956213,1.436085015631555,-2.064941602707031,-0.5332611187751233,-2.296497130934193,-2.2978479533074228
-0.7759210466648786,-0.2584470291462061,-1.282185918565471,-0.16648423069543172,-0.4438083015327402,1.2920011886452571,-1.01911966885895,-0.4699745084130301,1.4778337679814268,0.9636115192891257,-1.1670353900581913,-1.7822261468387672
1.0800284086010243,0.10296219496102042,-0.43499643457997555,1.4753874494531853,0.35932538096622285,1.0196190460789678,0.07981780891258983,-0.05113904951197279,1.2667406858871018,0.9175064337520844,1.159772186635523,0.4456866036782567
0.20753587895226508,0.7186181668097824,0.43230028892573674,0.2763026048264099,-0.10523416413680792,-0.8233932819961528,-1.1198266160697885,0.0982339900292799,-1.5169558704347508,0.24506727332179634,0.13953551382534135,-0.3095356352234422
-2.078386751507715,-0.20235853836228848,-0.1455496430989684,-0.7837577730345345,-1.2240870742412544,1.2305255824701613,-0.8768810178691666,0.16228035148920206,-1.0156282844857123,1.0850409743169585,-1.4304137429214447,-1.940246022195213
-0.960711997277735,-0.011388671267260895,0.9533757722833577,0.2803152248980877,1.6662942141266792,-0.19405860539062914,1.347913809943,1.1480411083211908,-0.2328132545726198,1.0394654338180533,1.8304755484525015,1.2524702870146114
-0.15130991708776473,0.19723659757187653,-0.25285432826059406,0.056941964863596484,0.42678134931724837,-1.0246262556467947,0.9978541142616139,-0.3558793233451605,0.14327398065369817,0.11039215462519963,1.1377874464255426,0.7967542124994048
0.9558876403151539,1.3563377310603804,0.3802748241828554,0.33888122296706524,-0.501956028664472,1.4377259698936475,0.409584567405438,2.3843721838641816,0.8981171642139663,0.9826421420245565,0.054563675803509404,-0.5029978123271146
1.8734870095051888,0.8472387200010486,-0.11956753043446751,-0.28058304653613847,-1.8408070346343195,0.7857663209161508,-2.8860973920436273,1.4518860775672588,0.6736094231181595,1.9513549717892298,-0.23307158751433577,0.1325755257266471
0.12223866483611102,0.49232940276461795,0.21254616055370154,-0.5708622443600045,-0.05803948114413135,1.4805368655838316,-1.1376490756551751,-1.1273897967090485,1.0627970443832684,0.2785130197367825,-2.0083778186327725,-2.7350797806562204
0.031911120795417344,-1.4688734710309201,1.6027672310594194,0.1598876556900288,0.975561008986946,2.528041555809342,1.1860844358940061,-0.39303685198651694,1.8888153934307574,0.007972168487966516,1.0029790338383522,0.8968172499002599
-1.4434798503866295,0.5919957292505597,-2.2140170022323633,-0.42248551994574945,-0.15876121127217924,-0.3016942715732943,2.008208107838398,0.7141441613147311,1.1124877353547924,-1.810152611616749,1.2691766473730484,2.118080013546088
-0.39745357296139705,-1.3593462380608767,0.23748518960798448,-3.0162631814331435,1.391187339810177,0.5659322190760011,1.4254537932903393,-0.5701629117039175,-0.38982222630623764,0.04381202372378257,-1.542730062433312,-2.265202329963194
-0.6686527874531295,-0.7295587100367366,-0.1776911478524089,0.9256066574180902,-0.20451530229412054,-0.39807516336114407,-1.1934890543041177,1.114884388325086,-1.008647607383806,-1.4794812871081608,-0.40373405752665675,0.48562748378795356
0.9383397592535166,0.7529554440472817,-0.07586012077219031,1.2847892821019091,-0.1556078991864255,-1.9505073750558366,-0.7750678154053846,2.346681752389267,-0.9728760143714004,-0.6552691586072599,-1.8504718505238542,-1.8075867406852453
0.779473519311019,1.41251973421422,-0.1304333817411642,-0.6824598083130895,-0.5532438797207506,0.5876069655694566,-0.7174338232375609,-1.047898032661175,0.5809871722704961,0.8607112920054489,-3.782768587479481,-4.578134408515323
0.3344618026702849,0.21246584723797782,-0.8657265025591345,-0.13071347103151976,-0.5536558862149363,0.1820656478516634,-0.28496478477680676,0.45610838313929836,0.7803447612248743,0.3419808997465078,0.5375672402611226,-0.30700587967911097
-0.39262262426134226,-0.29082190573926814,-0.37405514981907734,-2.4383406719608107,-1.6902080919601787,1.2750219614519778,-1.6067183887667271,1.3580406273540673,2.1487742437933903,0.2389088206304637,0.4193134378400047,-0.34886426398972675
-0.6865462482329484,-0.3930653597575798,0.126409253473103,-1.389186168036004,-0.12982503448898403,0.10532853541995923,-0.5539488556322467,0.5798781697915368,-0.9363638968813559,0.5182331040305662,-0.5681087557430553,-1.412642957800465
-1.52087683357009,0.8253711255366128,1.3652359658054436,-2.122306177679246,2.013016128232335,-0.6516682461356519,0.4088258693387477,0.8932020403783887,-0.21060867494038932,2.7902534028016563,0.30991644288753917,1.1918996372908883
0.26179044366637655,0.24700099518441435,0.8084538950151928,1.044615121789909,2.309299392091302,1.0067921043459682,-1.4685259971221154,0.7110036941133441,1.6815467551003669,1.1933501336566628,2.221977945070223,1.7940117816317338
-0.5921194275735996,-1.2236131411037683,-0.039762850019119354,-2.27374070592762,0.532665436472716,-0.4574485935416203,-2.694978430868503,1.2673286664157768,-0.8884922899809067,-1.300185905121373,-0.03783357197550327,0.79334370788068
-0.4760515103650883,-0.19614288181370698,-1.1806354140772009,-1.3457879801220103,-1.5977502140606603,-0.392067209921923,-1.7497453146351287,0.0028830215863988595,0.00785101919043868,-0.3486277952963315,-0.15510729577405602,-0.41061406298859326
0.10085545440806896,-0.13251024831716332,0.7606135583650139,1.3626918422966687,2.528428850756362,-0.38353517838204737,-1.2556638526406105,1.797580781760645,-0.17522549886211575,-0.032926297429538565,0.4205274180182935,-0.11807112453023105
-1.0876869707486314,-0.0780077954937954,0.24319297571944115,0.1496782057835071,-0.5475696376651096,1.964123142519306,-0.7725478171996549,1.323647432806824,1.8057317545585623,0.8457392665067202,1.822694679595247,1.3611587001446193
0.6347711784723409,1.38525826977327,0.1542002419436023,1.5945345500822525,-1.3582340865389169,0.5424241376532083,-0.18091708722522482,-0.40097661670357865,0.5980566166686885,0.2449840827526174,0.9154788567067358,0.060484464736570986
1.7172309552478957,-1.0450184635022126,0.2389102824959753,0.20071462594676143,0.3704125682981057,0.17404852783784985,1.8330277647099458,0.14586632321001392,1.7302848862833602,-0.8190195838617145,1.9027095496509654,2.2608125105589525
-0.0670947640253787,-0.3278685267076453,1.534154432081578,-1.7491644036568332,2.2240331136358105,0.6740829337610872,0.23204434463085813,2.0419283462018027,0.17488648845551658,-0.294708507167333,0.6705112553847699,0.33470181429147006
0.4435645780217296,-0.7140709823262327,-0.3256104821010733,0.8504776668941982,-0.43089386076374464,0.5791917067851367,-0.44968353731774846,1.6585450579791587,0.222331150673108,-0.015222564488044932,0.27744727906081856,-0.3911905126820223
1.0759449223909,0.2714152051078412,-0.4096465080941348,0.7348145555500154,-1.8690843249842293,2.107926505292594,-1.3716810507042627,1.0009213117979767,2.964839971746088,0.7782195320786622,0.3136484185673154,-0.11457379018732117
-1.2044230243986722,-2.116833942775444,-0.2126545142601628,0.24809813223807153,1.0733074242572185,0.6625539935070573,0.33751554870120803,2.1179392982365,2.7108687993299814,0.35750504385789306,2.0846290071730045,1.1854824519410239
-0.13441744310576242,-1.3546054284411182,0.36115117393075297,-0.12970523216839605,1.124526833391405,0.8643282534755624,0.5352094410222724,-1.1972997449776772,2.34316776041417,-0.01935479982400856,0.08623398201331241,-0.5565250986600163
-0.2613562283913373,1.1863688423629117,0.5025364718071368,-0.5215165916038271,0.5071791113866986,0.2675419765787581,-1.1368434158263332,-1.984086127374159,0.1671409174126628,1.3644620056146808,-0.7668515889344566,-1.024011063576693
-0.059202923295677924,-0.08707418725848161,0.7532433585717817,0.834334994809937,0.2746669031477535,1.5081571589273062,0.31334767083883197,0.35486433362836234,2.5415486278510504,0.2441127196931534,2.2217268473829304,1.5214998266227606
1.3630719679327967,-1.1540202089105558,0.9004481072487597,0.8869035108414584,1.8249137207772503,1.4779844020637798,1.0919299878051003,1.1709179884418122,2.041531908935157,0.42144492627261254,1.8906600021333957,1.117810242358857
-0.06910033483525109,-0.12438425755516082,-1.339246574147731,-0.4292766294160004,1.1136484771240043,-2.57892511949226,1.3429581461808031,0.17617682053324846,-1.8614021789985835,-1.7504449128067638,0.2899692397085138,0.49380161800192074
0.6622562802802738,-0.9984588494582336,0.43072830488178215,1.0317188005530804,0.19656675082249517,0.735980410011675,1.0251907030554956,-0.216399999289415,2.210199787399818,-0.2245223163556951,2.161854010003748,1.7402170360288058
1.7113377400481715,0.03464729649827661,0.013302185360738638,-1.6312218544181518,-0.2552827994284062,0.23021218234751495,1.3132730665979673,-0.8592045654857283,-0.20278953677126968,-0.14214873257639207,0.12349788896923757,-0.4112485286540972
-0.255230012276607,-0.6136827952204393,0.42177342736686113,-1.5640934080792719,0.017922165057607575,-0.488597443409452,0.14879983069179276,-1.159585839966515,-0.4349018781026486,-0.9655708423282495,0.22774554035669836,0.7797205889164223
-0.38074895040257367,-1.3959335133162232,-0.36860417564655124,0.11044305995095849,-1.995951725443943,1.5707246860098452,-0.6477042686205219,0.8202465573980825,1.2880922683884384,0.39183507611677726,0.0009328130802637169,-0.732958339825573
-0.7150626647939162,-1.7980156483369865,0.6782040905079243,-1.621100033764793,0.28445153827772374,-1.4450562199417896,2.2925818868097934,-1.4491248363461884,-3.1641329872489914,0.016398898880037482,-1.555765197663744,-1.6961614908667202
-0.24067847778128573,-0.46851382094852834,-0.45324735601368704,-0.8891466057757189,1.174517643344656,-1.9564883471415144,0.8154325152467657,-0.4371794978149731,-2.602138977473423,-1.3386760479789346,-0.28598481123074926,0.22798184572596808
1.9091470833067072,-1.7314280881914512,0.09303443798868773,-1.040723037539303,0.44136202087616494,0.9080612816316238,-0.4784172820620989,0.7587958748318149,1.7482400292952165,-2.5234452957258764,0.4073263494848839,0.5336853087395251
0.995657715112096,-1.2775158775257918,1.6363378108345705,2.4124647248083804,-0.14523841200703647,1.2291823880715245,-0.29009849832358703,0.12682364054238504,1.312079987295826,-0.09400086428426208,-0.2617790288292057,-0.7623115183789655
0.4386203056893442,-0.8435278585276164,1.1087582164277763,1.5247173778753251,0.43043179667978,0.41107175773482674,1.53504124677207,-0.39038940411252254,0.8892880231244298,0.11682659112599328,2.1433155234685737,1.3685430509911498
-0.5761336046998261,2.7689400591495854,-0.003883723520142799,-1.1875222114343618,1.7816421201718395,1.7809122254104612,2.0049236216632784,-0.7584346155884124,3.563584187145299,-0.0009279161184481133,2.3163230036903633,1.8904924248256152
0.9543099333134575,2.3601821777805383,0.9349517209555364,2.4827271209910533,0.3226695246338368,-0.050484507542438495,0.2794892247542033,-0.7686557561694681,-0.2504958082974931,1.0610155535250954,-3.0452746232455135,-3.6318782447386377
0.47734926654284404,-0.6048599654265392,-1.3292545645474396,-1.6707308235787068,-1.9290543485681724,-0.776847828536475,-1.9443467375814296,0.41632514477607396,0.10903236965316904,-0.8446351673066277,0.4369838336360773,0.822738760688244
0.498657441748302,0.5614350179775544,0.5401800209496843,-0.5635370205434469,-0.49608345251943986,-0.736732653753123,-1.404045792868618,-0.2990282558074384,0.5930872287097333,1.6824866019575926,0.20551261639470209,0.3808936294818832
0.40614300497142347,1.3028539503195544,-0.418966366051272,0.2335337398106931,-0.3580490229835965,0.7692413686384498,-0.1587356899423888,1.3967259403426266,0.5349117028754192,-0.1816716982359003,1.0925569551710048,0.6207876560181609
-0.6336702315025186,0.12342272132513102,1.0099363708667375,-1.9308619139201904,-0.5333538633948023,0.396558729237381,-1.4177281759721088,-0.26619220680912337,-0.9379920470013194,0.8531582649952344,-0.9328997983866811,-1.726133378665195
-1.1574009535465288,0.08737598876732972,2.5549903127235445,-1.3164563222625363,-1.0132210803294623,2.995647929597355,-0.7037896616685593,-1.5214010282537886,-0.16261027232606118,1.0601928356335795,0.18917755916493606,0.31832502065604984
-0.7101141622149316,1.7091220357923154,0.6378328781568792,-1.0869885607534362,-1.510729379685237,0.7953802426200561,-0.8806929840604484,-1.1254799860238438,0.5902377154247362,0.9934986252893531,-0.08995460358626284,-0.7656513064777237
-0.2972062285167334,-0.7273846723150219,-0.2785276585551435,-0.7391755714047101,-1.690155332674804,-0.36199976202820083,0.026581802967560297,-1.1431119577033044,-0.6779497664906571,1.0708626169071591,-2.410225097208012,-2.929433984384591
-0.4567759662054634,-0.00020332913325997982,-0.5144851588194232,-0.5562800078852909,-1.0904871956958457,1.7693822440118412,-2.630789845303632,-0.2797665777738847,0.9668379404183858,-2.823502743363599,-0.034088340735044464,-0.1481335062584314
0.19758514351949213,-0.9379308656300265,0.49390729216979956,2.023553102145983,0.6165070860408517,-0.27701290158160496,1.250127559738861,0.9969074462376972,2.2727092596142566,0.4857473240623519,1.2683861228397664,0.5491431753510825
0.585044039965806,1.561488360092139,-2.199474635575631,-0.4230585829120096,-0.3827057748024723,1.4815211220033515,-1.3237758164902935,-0.8921975634393724,-1.5942033996166225,0.4686206378955896,-1.9213979369735412,-2.698583285014463
-0.09426701414405471,0.32436649489195596,-1.4015291037594957,0.9064989636803448,-2.676029892180881,0.3350040503822391,1.0146265870252216,1.5956743681923258,0.6783746724534686,-0.13722211087440583,2.051129879304597,1.5079494572371108
-0.14488555853144242,0.10749674969454946,0.2545442291909158,-0.6718815508241168,-0.21023003691012931,-1.339391795387221,0.49985265731383544,-2.158564980315971,0.3947693299781866,-0.013797502672033057,0.1676402667501372,-0.024913310922111964
0.5622973784151621,1.0117476119934727,1.4662514116917442,0.8723300794548793,0.9857411935641305,0.7852720422513886,0.47963808213482206,0.33529526102334817,0.588403188005445,1.585764029283673,1.0354709844225616,1.081698973837703
1.130659207674833,0.053049828239443986,0.9916382907922938,0.7280327822295531,1.2146186492380986,-0.21034945459361543,1.0555553505331075,0.18250528983447278,-1.1475776097746624,-0.3060648550237758,-1.9954924647139871,-2.314930072601144
1.1019925597486193,0.23954467593441683,1.477184994221411,1.355181161969687,0.1280970693691723,-0.414853546131807,-1.4620594675949163,-0.21367724608292005,-0.8933310047185216,0.53608861736801,-0.5277407372922055,-1.18825635285644
2.4259365867163596,-2.341219354097327,-1.3667088009615,-0.611573773961708,0.45507091808870703,-0.9303318915922555,-0.32802150823510023,-1.1414563846416457,-1.2160052501360727,-2.051395064992654,-1.248520799724608,-0.5549759969435692
0.7863301416152141,1.1156122618472224,-2.066566939416987,0.7977983982961798,-1.83708254127256,-0.3768415151421248,-2.1627393201573417,0.6669053934992997,0.6173922197663293,-3.195724895696291,-0.7979437003443566,-1.3613896721233334
0.3752570264789677,1.2650397584765747,0.7182883349983068,-0.37277688057625036,0.05619584173759873,1.470531305057901,0.3316615542935803,0.3007839857290685,2.806578558497928,1.8479135764553793,2.60979875186905,2.744968920768085
1.207902309792174,-0.7652260707073951,0.19127956617188605,1.1714084408122583,-0.13217115998211262,0.9238163252506474,-0.7296468036885901,1.6324830556005092,2.2620575745312372,0.500841178907266,1.7106845066983207,0.8053580711921174
0.19509577493771457,-1.1997082431034762,0.23826512668954555,-0.36607690057178366,0.3187239425040636,-0.19709312625011632,-0.5556366169997218,-2.606162670171467,0.29291573344969746,-1.1819485216337162,-0.7805076475622277,-0.046224566116429
-0.09569731046498295,-0.4623277457484972,0.913207838719254,-1.0324042096145305,2.790756088546498,-1.0597553635210986,-0.9157997824151147,-1.8214773818478365,-1.2786176787068868,-0.7796123739243268,-0.9665140067126894,-0.6948340747564263
-1.0521323235722317,-1.2341293821883732,-0.12171995400669257,0.1494888277207409,-0.7400359460936612,-1.658416253623266,-2.557131960000774,2.1057563484897885,-2.7516726644173253,-0.8745485703880047,-2.025117343770252,-1.7604835250509019
-0.9610487040786798,0.09515402123565224,1.8214036565424532,-1.6495547268433137,2.016047077409196,-0.8171659318867672,0.9436503723743357,-2.509823663966184,-0.248482869124945,2.466861510134825,1.5417398876089705,2.439895813392683
0.3645421521245586,1.8354165241971658,0.08156615900713127,0.38473832865087676,-0.11121970075240459,2.3970889282227867,-0.2264428119766294,0.9759169026619101,1.8917911829102254,1.736119884814609,2.395553825932291,2.3321669055920817
1.7815870770467572,-0.2773847470297555,-0.47301540879575504,0.49698693633695185,0.7425744882165685,-1.7403474780808588,2.46058255089417,1.3833766295897085,0.583656180206511,-0.8439902903672057,0.8828691694587257,1.0989426482396443
0.0315842948365126,-0.21831421673940554,0.4169151507466069,0.5121097159198019,2.378591624071091,0.8184553685651739,-1.1474912803957524,0.7642560358871288,-0.02949172045331594,0.9152570895230437,-2.077149778152757,-2.8200202209272502
0.21768552502480798,0.721187243172717,1.4044056173079629,0.8486746492813508,1.5492668762528492,0.9427641758747292,0.3760185563661934,1.3680644497881325,2.303975170913394,1.1208299668115371,1.8785792027494401,1.3557689629340361
0.4828041235977169,-0.9386287385786769,-0.5623477666623257,-0.028568882627250547,-0.5281804032147018,3.3959211340604654,-0.8461342001407284,-0.1899608180954406,0.9730112433941935,0.6367708927055393,0.4798187705092552,0.7795078556485444
0.9894504817877778,-1.5912427335241444,0.5602802750834754,0.31876912592795126,1.270511758434988,-1.5693748884886083,-0.025239606361148526,0.10130374211041643,-0.3219054462384772,-0.9228966230910126,0.030634803230222496,0.36583521638500394
-0.6170076642187919,0.15963391074465602,0.18341068073959124,-0.4818342031369235,-0.18802803169387425,0.17575853933692587,-1.806248199444569,-0.07867128074878571,-0.7424589463645872,1.2718918575100246,-2.607712450957263,-2.987462881273834
-0.629157831664221,0.7961936871203499,0.586693868197908,-0.4020406989760592,0.03645069354097619,0.9857957183085071,2.3937562095523535,0.010648104137777059,0.7194961344565204,0.6446098423220415,1.1968953835842389,0.3207913372648827
0.8789909266233077,1.1698142265463596,0.07834500330703348,2.431854271133797,1.63633986749656,0.4769487551798766,2.010118164125656,-0.7139094338593317,0.18099917053769166,0.20420869480139026,1.8149376017638439,0.9834081489297994
0.07967144191486532,0.2917216015510578,0.09398215691387299,1.3129277548290461,0.012704571692414596,0.9578388553423928,0.5559518919623254,0.012021404393988022,0.7527630844496411,-0.45213484367235346,1.9392417499513135,1.827604173475127
-0.6757819241868432,1.3051978906040886,-2.051440829056923,-1.1245199362886797,-0.19049903988145378,-1.7999452452930815,-0.1066241070616469,-0.0983526160660585,-2.453284106917923,-0.9414142049606685,-1.7689365066987242,-1.4822204221807278
1.0920100708367724,0.5175039532411568,0.252974644671303,1.3408724421936256,-0.9397010773885768,-0.929554067300217,-0.5929393547237465,-0.5289847945881948,-2.984143607866389,-0.14239879416118328,-1.8096987629507202,-2.1342459790149904
-0.3694163876061065,-0.7010657008041326,-0.3284754853711821,-1.2352250505834168,0.21757465526939102,0.32729545907854973,-0.5559907216812928,-2.6512532879931836,1.2046702748957958,0.4060288094875819,0.7322349850385043,-0.1510358020270448
-1.6979312052803512,1.6279538960744848,-1.1573490873219023,0.22217217598640115,-0.6103251147711499,-1.5551775584088448,0.309218821508495,-1.5829019800323472,-1.509918337904783,-1.1214822367958686,-0.3386152140520321,0.1908627885192461
1.0782817693143596,0.24981332642074286,-0.7446722983223111,-0.1837326670758742,-2.5027622971018464,-1.401951158419758,0.18464355347195985,-1.444070872176169,-1.770209086737509,-1.9893688362877286,-1.7869654628378813,-1.1442848354675803
-0.017010946300639505,1.0919194576398277,-0.4901345582415017,1.303134708390709,-1.0860158853940802,1.5374586407921957,-0.8199533542637376,1.1121594076723271,1.0647051163446446,0.5512528634066467,1.4911559617871193,0.7354078283882802
0.41336359759183294,0.5172950596962388,0.9627496653468578,0.8732985400563013,0.3864718476681599,0.7474209358110906,0.6448812520922931,1.0662048562953388,1.0131115667244315,1.4831513969845926,1.1474948457019025,1.066221518513826
0.7970518086762668,1.6110032751344334,0.05779581967984608,1.6282431551315146,2.0012261008937418,1.5941490565580447,0.4205540860628319,0.04352029057977966,1.6942190824746475,0.6225023974476485,3.6209709845083173,2.899404985394766
-0.5514843230188605,2.7218956428468566,3.1019287726410125,0.24421856736071956,-0.4710239709931801,0.6249888628967288,-2.57489007040808,-0.4858817245503493,0.38033581781865644,2.2752156698302928,-0.13656210837518468,0.3990617192585585
-0.18397170120353945,0.046278679385067314,-0.5940766313136909,-1.4010396644388527,-0.7425339201319502,-0.9057023765587481,-1.1051034339503962,-1.4038059255827289,-0.09950422418862614,-1.6310912212581732,-1.0540848288283102,-0.1482377579321177
2.0890124744359913,0.7961684176846182,0.2104748672591222,-1.5795641849400561,-0.8934502245384253,0.010530616478667154,-2.843535988714104,-0.6895377930751861,0.3075234789262414,-0.6257875988002786,0.1630156076906657,0.2749673594450974
-0.6757919343430617,-0.8827950414689141,-0.617694216951304,0.4712180382812622,-2.2554374264787613,-1.9409438733247806,-1.5701225173862194,-0.25866673238228843,-1.7597965669795226,-0.631761176762781,-2.972993602769971,-2.94052210005793
-0.6881981139576773,0.4634601346837674,0.9977835874034349,0.29450116930538095,1.9826832785188002,1.0417636887190966,1.1022739064736453,0.08166730052102117,0.32117928869780127,0.331007454321119,0.18481996947817247,-0.6748175485852279
-0.47474317727878756,-0.8977674828874389,-0.2583140799093512,-1.3645849838732032,-1.7344916392034715,-1.18837741668264,-0.38459419088747043,-0.7681857205846518,-1.4567856735915883,-1.2519857992363963,-1.1708680235391395,-0.4323780008823259
-0.41762246327803093,0.29133088384723943,-0.022248739584275805,0.7346997851180617,-0.5611067162718336,-1.8641573086495686,0.24364162283209168,1.070032605306255,-1.6203180458842859,-1.0102080387806964,0.6298721680747885,0.9550006043143986
0.33128185986518155,-0.7696128785442697,0.34290900230502597,0.34641612401095734,-0.6394520775690209,1.11814026703612,-0.8483939806595313,-1.2186047539367064,-0.5927985564349029,0.5483836715657382,-1.869811366387157,-2.7432858328113885
-0.035838652081126875,-0.6272175816426233,-0.9365191643929255,0.07024891642033856,-3.4920098019812023,0.7045371027739322,1.5800325854166013,1.027696760032432,0.6664299682986293,-2.0346459646257724,3.4409869317835375,3.9155448785491154
-0.5543998287519366,-1.8988224678093923,2.6995103075033082,-1.511085159268762,1.4231265012009429,-2.0713663627636234,2.293953195593496,0.21650200464080271,-2.49472297255579,-1.3701101717346154,-2.055667907418192,-1.584930973916673
-0.7173475301709783,-0.005357295949642712,1.2024169319397275,-0.34507443630460843,1.6394944598298977,-1.6697864883621354,-1.0282041451047235,-1.4293906670112249,-1.678249101024354,-0.7374009734569416,-3.094116298658341,-2.9573058652798596
0.3959046860109966,0.4738103483258328,-0.686568070824162,-0.560703360224432,0.7600727543789533,1.4622133892041345,1.1990567276847903,-0.42854085531505015,2.472659586283518,0.376267401131223,2.4650956375011654,1.6966749502700729
-0.48464904557268496,2.251239930588756,0.15135299163981444,-1.6120343365243457,2.10402758883323,1.4457435547839057,-1.542156414989636,-1.5178818114719264,0.6142259136277666,1.0930413517120254,-2.4499154644057004,-2.898246757770222
-0.4659846499675138,1.07072485046566,0.6494347287297749,1.139000349435925,-0.2951392539797216,-1.7608762127833217,-1.0727827404574164,1.050660003321939,2.0515966670250365,2.709224484991533,-1.3078708523206823,-0.652801403215514
0.2628358374070788,1.846777327815202,-1.2963049494913261,-0.42097201151646385,-2.4947195846641077,1.045596658790278,0.039757261496167484,-1.37751180414856,-0.18530450932980047,0.39127178639676213,-0.22779801227746102,-1.1042746316907435
-0.005826130636857505,0.31179892634825923,1.3777854128658604,0.6754010593974559,0.38161293197417767,1.4364963041004195,-1.1787019540419452,0.5337786368828356,-0.5534520291180955,0.46639647341654267,-1.940939932408002,-2.732954123446684
-1.222207054611184,-0.6318939927235923,-0.37487804046954487,-0.3044558889075458,-1.158157877938765,1.107201910606316,-0.7059584235243822,-0.7491120113343788,-0.24519544862112827,-0.35669162957266076,-2.875313618664338,-3.0903423140809068
-1.5273095761389988,2.181364711833689,-1.9687877905496205,0.03992904543354184,-1.2688373116679776,-1.3974740072909686,-1.0508607337799556,0.5938709390528094,2.058411405600361,-0.7496624119127339,1.255581043980327,1.4463597124709902
2.022319804535039,-1.1842677671104895,0.5431230801964152,-1.2729762010177832,0.11092496940297736,0.9445563370232246,1.013169119416546,-1.3724343995224701,1.2579543314322894,1.0374410019246865,1.4993265575478085,0.8858272802116925
0.7911797957817314,-0.2110721647189836,-1.0233319336846685,-1.1560909505305936,-0.8034963462484246,-0.36660429339081,0.11952795549888351,-1.778603004205686,0.7197608793851173,-1.7306282005466578,0.8320503840432596,1.7129588361935943
0.47578802969335227,2.4449553068932897,-0.3536209108703268,0.8697152391779285,-1.2800284164544498,0.23909364830196034,-1.8904456273908368,1.9038540426551231,-0.2384403260075376,1.3302481236630026,-0.6409264900574182,-0.9448092563144961
0.4294546185828137,1.4933968091036125,0.23886162016512044,0.541709131782926,1.0297915545291878,2.374057711409687,-0.4434948231090339,0.7202947628658021,0.1144302924226861,0.6206244862400918,0.8144615896101264,0.4803336714001849
0.10298967975790556,-0.007922152274570929,-1.3605505274807215,0.8153289288049281,-0.530341898875974,1.258534463970645,-0.9765594887090479,0.06896871433447893,2.250101440190159,-2.861796434881114,0.8557777468285561,0.6252840745339908
-0.6402050243777684,-0.16094001984196835,0.12355713994013855,-1.5719058980676834,0.9785376276167882,-1.0736882566847972,2.2777782228055687,-1.3357081238155082,-1.7388479026513788,-0.5012391524259111,-0.5169736115022362,-0.5634907512419822
0.9339328276580379,0.3734270277515234,-0.1923416260802305,-0.615298097308786,1.2514696275052164,-0.498648235025226,0.06862251623432725,0.11305708953044113,-1.6520358357735536,-1.7500798717600605,-1.8928039961153564,-1.0033256721006452
-1.0360757311951485,0.6267102173197394,1.3553664954298303,-2.9170849163670067,0.9634747145133398,1.413887032692689,1.0541626800160335,0.4310962764495358,1.6484244146707245,1.5168705989813012,2.937565145322353,2.9129644463524675
1.2278041432381965,0.613486104554409,0.6859075733832178,-0.475797353058932,1.0826312285638542,-1.6416677896498557,0.7153447822498241,-1.499298818050352,-0.8469286040771178,2.7062672390544966,-0.7091808632758787,-0.0035327053582209778
-0.5458657111539504,1.4394885478927788,-0.7088059736789408,0.28773579369972313,-0.8530325518921814,2.8314394028960304,-0.07564370792853548,-0.9230068797847262,2.0073824485797105,0.9538357873626623,-0.5266660694214598,-0.4973808473062706
0.041960569029417444,-0.8472778084804533,-1.1851955567743628,-0.8037397986103696,-0.8734522957022715,1.5867218428813077,-0.6174648625808887,-1.0094170557571045,-0.5790705900042475,-2.230703135210157,-0.18854296870121956,-0.0887416037285117
0.6774783534098737,1.8300305859310149,0.5897955776003714,2.5224432202793254,1.0145794535652304,-2.17716658048243,2.799724387523557,-0.8095849717736171,-1.461296932750578,3.017343438225514,-2.4358682095560287,-2.122552682388673
-0.5904330859777646,-0.026733173331007984,-1.4207188730282385,-0.7715470176977828,-1.254244366506963,1.158743440347415,-1.5442525235969229,-1.8834966449313602,2.0621847489351084,1.4248121970250855,0.9678135201689053,0.8374726479602159
0.5130708235754775,1.4299671781444967,-2.292524322258619,0.9950110980466476,0.5686782180110083,1.0255120707133563,0.20986124635667558,-0.16259741851891873,-0.7476288484970078,0.9796500291014898,-1.3033910486288574,-1.9610798536759222
-0.03361829413587084,-1.5837709854696218,-0.5650467671599396,-1.1299349209664094,-0.24182097976261369,0.450682143639068,-1.4834181702774054,-0.7080692222095131,0.02583708943374774,-2.4638906900305706,-0.34024032645806934,-0.11353680032020796
0.07747935660197443,2.3442264541214364,0.2501324167141844,-0.463629636051609,0.3272032053951526,0.6103291691899289,-0.7658379351287492,-0.7760562141246395,0.5307854435562341,2.064493235795285,1.3635644856725746,1.838419504663939
-0.49684910440492525,1.3071168088311487,-1.1352139150371787,-0.07161288920295994,-1.7284738193977098,-0.8259996563651415,-0.2326578202891154,-1.5178740772805621,-1.732712154118416,-0.7029736337271665,-1.6357496627459789,-1.438921340750777
0.6365270487351226,-0.009933658587818141,-1.9025691690683344,-0.2208812248317199,-0.5752850900276014,-1.7528368907511265,-0.4105798502992264,-1.3893370109952417,-0.4477175141657658,-0.6980459596623916,-3.171413871640954,-3.0783037933890705
0.9851377211921991,-0.6650438316838663,1.0929056213131945,2.009244196455163,1.0401025510761255,-0.31574713074350147,2.229304501893232,-0.3194192293247189,0.917552213351464,-0.8589276521091955,1.223594420076925,1.6504179482702908
0.014579342770401469,0.4990443173555167,1.4152458821479772,-0.8298006658123388,1.2155381543751749,-1.9584740402138139,1.8931373370426678,-1.0088998016214572,-2.460488127179804,3.1742473403240172,-1.8005541502892277,-1.506052160911168
-0.6490383726388346,-0.24697123237035778,0.695460254953579,-0.2600312080059092,-0.999246016326852,-0.4535292560223102,-0.8305185580195091,-1.0910639448704,-2.115998908836951,0.1879684966300044,-1.1909589198311457,-1.799205803436955
-0.17428638075183575,0.04000446509596029,0.08967396681748983,1.1810430252580435,-1.9135847888153583,-0.0016059893025163752,-0.8144807489748265,1.7497546143336582,0.2561753636686898,-0.2587378879668254,0.4745661702983873,0.08509974234913142
-0.9304530920808946,0.9656927848310055,0.6913785694936772,-1.472730480655882,-0.2679026141524794,-0.5960285669213736,-0.29503764058104065,-0.29419048748570165,1.1834257042033562,0.7160954154357513,0.60777109811158,0.04382680311920839
-0.9580195022338595,-1.180872486148697,-1.169957203962537,-1.0700299022248307,-0.9677167778704473,-1.6935043200371136,0.06621822799589827,-0.8895363039644414,-1.7333266884161092,-0.8996672938815624,-3.0908331677981122,-2.8115060786323767
0.13168457346186918,0.6629630812190466,1.723477617112074,1.058685477289439,1.4112313743351896,1.4306013306017036,0.5757838158618362,-0.35528530272278125,0.6589977061905198,0.555424534124811,0.3948325231896042,-0.39700402848563787
-0.6851816517257082,-0.06585464227008722,-2.36560098151998,-1.400752500151298,-2.516734387997396,-0.9540142497984929,-0.8734742146546555,-0.16513212888926682,-1.5883668016693386,-1.201440815375351,-2.876283592810796,-2.1318908094937394
-0.35288755346531897,0.4360991932686339,-0.22726821925286916,-0.272198007851396,-0.7034291555422337,-0.10548454604112723,-1.0894016486694247,-1.6555370396968612,-1.4511922790408165,-1.2912016300851223,-3.0403249270626587,-2.260822019735517
-0.1296939659069915,-0.8093558741990657,1.0257254964776865,-0.4192567784793574,-0.01795710618317481,1.6624160844638858,2.0871372365738585,-1.1296163246570268,1.6213305902072186,0.9429580465642928,0.9160460506338686,0.3985932974421245
-0.48717337423978474,0.327270942500441,0.6173172439054786,-0.022635086847721753,-0.15996201402660337,1.3386129256952537,0.22851835908166948,1.1739427422969675,0.9045669853623922,1.513026854806962,3.3048135357118813,3.274909105125742
-0.6114912942384554,0.7746729393639064,-0.5928477832377996,-0.5907951164019045,-0.21289269572354363,-0.67436866374262,0.7686270729310218,-0.6417096456058451,-0.4908349870012763,1.0593252834000046,-0.47110483403600134,-0.9119644768359556
0.5026022375061092,-7.178594746572284e-05,0.7306322688625627,2.566386760126923,1.2616566710109858,-2.653194482800091,1.1265367319731656,-1.6020751529212007,-0.030734266254532683,2.7447713270168967,-0.7170331049850044,-0.557669725040841
-0.8112183039882366,0.26509171403186704,-0.5209665936383033,-2.4157206319884503,-0.36747583317065713,0.8193213683732662,0.5033808468826506,-0.873210517021105,-1.8618352333940984,1.185792994124043,-3.6626625174021297,-4.124183396304789
1.1022805799418016,-0.2703131592220034,-1.0581280669643542,-0.010587801220082405,-1.812310770585845,1.4083438808164213,-1.3848336138173145,-0.694705341072293,-0.8380364064716712,0.13414158467760195,-1.0067193642906698,-1.6696207073137288
-0.025862256858336343,-0.9100915409604801,-0.7070793635095144,0.17247991867472925,-1.1348727638642113,1.304240287360572,-1.244161768982281,-0.6225914847189997,-0.3360195529497322,-0.528483852747976,-1.4930251364747424,-1.5096827583879149
-2.071678729734078,1.4571529773612353,-0.2434869319418073,0.8643745034829812,-2.1553406969991804,0.82933526604116,-0.9394824209328252,0.7458485915211296,0.5434421924004668,1.6568908813316034,0.7284244423126334,0.8519092958247009
0.21701348245341778,1.1784531635073854,1.5534772611245262,0.698552506201759,1.1815657737550898,2.2320869705401654,1.3113932218705846,1.082099637333167,0.24490055817219833,1.6071138391231115,4.742300584984092,4.739347947374606
0.08532173583999819,-0.06619935923109359,-0.1884536083180349,0.6216576370262292,1.4925573110010375,-0.4720435127385704,-0.2290351568689497,0.8080552142415369,0.34172982772795124,0.25823230930823726,-1.252851323653002,-1.8684101711905456
0.04473595416741717,-0.4559407246099384,0.47130358765010943,0.2734302015645077,0.9593437831182183,0.7479900544443843,1.627481529459752,0.4242442963261487,0.013208520314293315,-2.9589616638726177,2.4478405285581246,2.034002310426334
0.4860292948065065,0.648329974576564,0.42446800396192297,-0.8825932725032626,-0.4008896350090614,-0.03168329463462072,-0.2501038877688972,-1.476831165906591,-0.0972849724487228,1.7687281530398598,0.22555088336853268,0.5328420088187785
1.0637993591468673,-0.5346722692082699,-0.6265223973478967,1.1687900579004757,-1.355817062118898,0.8323509471439627,0.713646524780428,1.4762264913140144,1.312958934156232,-0.330792128103256,1.3719704197017561,1.0964429401440925
0.008112002422268685,-0.29065108160404407,0.25032274796659393,-0.01300133317163166,-0.4573435012360884,1.1119523694341995,-0.10791541637095264,-0.6919180514857531,-1.5488986309263337,0.6600391033034457,-0.6852902206503811,-1.5354239526279805
-0.259901307653358,-0.8475756591421983,1.3160255555379006,-1.3069859270506268,1.3764263985533955,-0.08036678399577185,-0.4229089506482637,-0.44477938811496587,-2.4467543531494638,0.12962555109822937,-0.49504341055375223,-1.2012263076448293
-1.1782650335870901,0.5383699299092146,-1.6998743122915139,-2.0983421852833395,-0.061582886459970454,-0.4357760520891581,-1.9702122304503504,-0.9775764748701825,-1.0549175562833868,-2.2740425312908057,-2.7005613096772834,-2.206625310036382
-0.27208464093368806,0.6512161063776051,-0.07951600517234785,-1.9496485638696601,0.1493229335198842,0.8377601755349385,1.2035445600121477,0.1635215049678288,-0.2960143895617442,0.825578299615189,1.7127429898979174,0.9058420621542902
-0.14570975668241257,-1.3122332997851587,-2.072319505271111,-3.0164444414263083,-0.1260540900347784,0.3005032469498119,0.1160882665690611,1.3430841006904144,-0.18806147578324406,-2.3410380402344946,0.7461039357373521,1.1233307143405322
0.20477424503745936,0.9737961617881783,-0.7068669307644103,0.9924718921852212,-0.9516415651217285,1.59048299420517,-2.3847081843252274,1.2008714193072543,1.3820632992633457,0.8850840150319171,-0.2444948504176604,-0.8329335562924974
-0.9391412454886365,-0.08656399811681409,-1.4763767438854294,-2.416218495455958,-1.0957912164991759,1.1127540747690654,-0.6481095566963875,0.3947129592853185,3.4921819767977027,-1.2383767207977008,0.9432228280792939,1.2402693390407251
0.3380157898176742,-0.14397252141453837,1.683289488563276,0.9918924258213271,0.43718836074449663,1.536377267012684,1.8407511021414618,0.6896357820979799,0.46327610868151003,1.1298589827543086,2.4636571647144656,2.077537729857889
-0.035816473053081214,-1.6594957539862958,0.17845967362676063,-2.0727199879255593,1.0011641556180597,-1.9241928603262357,2.0667654052938973,0.1720304170282499,-0.7754675789729181,-0.6473053723981386,0.06615644131098083,0.10766035893606737
-0.6377319278606858,0.08896841944085725,0.2760280095966001,0.01155002669776739,0.2912798420543138,-0.3987012706928601,1.5355045162052643,0.8578774014997297,1.4780225506341917,-0.42356623930720533,2.0566077038721757,1.8925829762963082
1.252497945749899,-1.1880528801916752,-1.3724432059372786,2.125974580627364,-1.6980421346327956,-1.2606577330677622,0.27442353753109994,0.21275213894921585,-2.287069491515614,-2.3239220656632185,-0.623926203944033,-0.2818519524142745
-0.4512557928213582,0.5514440696498518,0.685952218046462,-0.23127251036424068,2.353964747694371,1.6818815995404246,-0.6713207005659224,-0.6281541391883322,0.6016300381235302,1.4582193691295577,-0.5743834673542245,-0.6303778589550568
0.08175368569846389,0.9981003976094273,-0.0033609652098355405,-1.0266749973849854,-0.7248302534070014,2.0563939621126837,-1.2679885031206484,-0.9873398642683202,1.0156213306398207,0.10410879783698634,-0.807004625015951,-1.1943576268259362
1.4357248596080687,0.37110125932912524,0.6664066489800647,-1.2036990214257575,0.5522182083545253,1.0297479441818047,2.5496782965894123,-1.1069185345304695,2.011877633019722,1.2373510821389668,2.6859863997659645,2.3148972079529337
-0.35909307080225644,-1.1805985015722078,0.7381281150267952,0.27951055721729,-0.061981085459485774,-1.2220644646859082,1.116536372127156,1.7873357651889705,1.1870167279828072,0.29198251529213537,2.1029439734550794,1.8763475076394183
-2.435870039396424,0.5520887888348939,0.5441593414453393,1.7132242935610902,-0.8508881084571861,-0.47396292768728054,-1.3460644303225082,0.31917539467447786,0.43138732368401844,0.4864650610944308,-1.0745186748720648,-1.7084806579227028
0.24553568141386553,-0.7137386315002463,1.0460422852974602,1.9596799771876627,-0.5212913423475972,0.6862729228617106,0.0323291039991197,1.4542104119187256,1.638819826977652,0.46295248782293685,0.47041852241755033,-0.4467590087959944
-0.5082454619665341,-0.6615828773882688,0.6998135457386698,-1.0477709466065994,0.8990966362323317,-1.8496911572053683,1.4613268108366055,-0.955399459876724,1.0442440621204414,-0.6881202641341693,-2.6991153669385555,-2.6256922865933694
0.9677277674417014,-1.086398849345795,-0.6088207199133596,-0.4486508360593926,-0.4056521703600113,-1.302511662706077,2.0669689563750655,-1.2978249538879516,-2.8895457129602082,-2.4127148314666202,-1.9116300461190043,-1.6778507607181925
0.6899423272957371,-1.2116390211463162,-0.10022479738369969,1.2873351458995583,-0.5475405284893056,0.12761105569883224,0.3235239766604029,1.64847963573889,1.1896297242574339,-2.4427693593743727,1.603525928709646,1.8756819206962412
-0.786912396919939,-0.0731607309528221,-0.9182124399388375,-0.1566038554326048,-0.9386377868243979,0.6006187629611036,-1.9395991137802584,-0.8314420320862222,-2.284619289390627,-0.673335679173476,-2.8572336931935887,-2.700815562776424
-0.16575467182959516,0.6317090165392268,0.2683144675590151,-2.0481565087791385,-1.1547885999914262,0.4703852110697181,-1.834773633822032,-0.8659628124641466,0.5350719909413154,2.572263059112036,-2.053749401976544,-1.418218895321076
0.8927729022268912,-1.1512076510568225,-0.11813603042356063,1.21294206626996,-0.24547927895329152,-0.2960949385938303,-2.0739997574246174,-0.45004012399861926,-1.2295945835470359,-2.11548617804449,-2.6243066556288155,-1.9655857382024053
-1.3731701224347537,0.5315513219821612,-1.7511925707753229,1.384101186645672,-2.5028457782827007,-0.9606228089745423,1.3005810989603348,-1.0991915841713773,-2.2621608355713647,-0.8517038992084094,0.08378938051993645,0.4577754937198468
-0.4888617752301742,-0.1247333519421861,0.5367372583770565,-1.5651739149038355,0.32620121465746765,1.6315761839051506,0.80028209271903,-0.06851264830228182,1.218174468359074,1.1935638105136817,2.0578954391328095,1.7609531080029335
1.5886931887406732,-0.19070860741325227,-1.0570755619236945,-1.1819047015633783,-1.042148771425257,-0.24596132141515747,-0.14759028800134955,-1.3585051924050189,-1.4956642080852847,-0.7696223885054807,-1.0363637037697804,-0.7251592349670903
-0.2711297539258386,-0.1438334475747555,1.9225198571868527,0.07151407524016307,2.661802878040821,-0.3327032573282237,1.3999414906730534,-0.4322950964083206,-1.4045169849575352,-0.19335542852008758,-0.1674073693525875,-0.592947706804355
0.2180318723090147,2.902167388008575,-0.2490930987396159,-0.20658569536889454,0.6367200094627478,-0.2200102974443252,1.0145384408145735,0.6292161203720231,-0.16589068608727142,1.0901838520720295,1.3810977457228806,0.8469189748724878
-1.6302534742361179,-0.8814877622160752,-0.12695167176797134,-1.3386163959317252,-1.2467968396918618,-0.14482380126907402,-0.7681504556401468,-0.11838686890823791,0.47485078242412776,-0.5439403664242547,-0.2907126440040576,-0.29535003974916507
0.995864181578087,-0.4852730087084815,0.6097115901199591,0.5022792268400397,1.2578474071756662,1.1275698356317836,1.6951901157173455,0.42864293286066957,0.4740293598684945,1.1030273765638714,1.0194327614694532,0.5077531175878851
-0.452023839673815,-0.9744854392967308,-0.09826751873871713,0.9828809919881988,-0.28647657440010654,0.06829808614798283,0.2615913916973776,1.1983792065834569,-0.9334324830331054,0.4958073076243431,2.1182072370703864,1.283086499431504
1.6513016072360238,0.2358235015514929,1.9707774663287783,0.5076311855216669,0.24549372415348647,-0.16846191479509154,-0.6142807296774428,-0.3444500238028432,-0.37969233346438414,2.7615700287858305,-1.768280283593544,-0.9287439791949597
1.4804001509675757,-0.42716736819929396,1.0085815515211376,0.20709331447790438,1.9700244064741632,0.7160395741116634,1.591200286132908,-0.8520729076608822,2.988958941716965,0.7094585165424635,0.9409356107642518,0.06517230190664425
0.8095024418865046,0.008574354636409497,-0.11597705684309267,-0.5128205934129979,-1.8727827494914522,-1.6304007365965352,0.25715528944462185,0.9381788384265344,-0.35781430487606025,-0.593326338955345,0.5991835534821853,0.6286170045799374
1.1619061811480096,-0.7131726219660688,0.5293060290392015,1.3050640463878278,-0.16777467317746297,1.1500913445048635,1.4488649531061242,0.8136782968645654,2.3913831187899457,0.3643247958964017,3.2543338345150516,2.404284618614239
0.9089512887884357,0.7798043465860677,0.2209931220404017,1.5179314571608624,-1.4311958914401464,-1.3657650640560983,-2.37776229968223,1.929132366127202,-0.9779794892871203,-1.1044838517676987,-1.6083410420581847,-1.0369199866393872
-1.9935851935932387,-1.3800483620923194,1.160074753731738,0.828810739749331,0.05202125747069353,1.4121496644715887,0.4833473514834178,0.5652966023690649,2.729845837112558,1.7807819083323404,1.9286074038179946,2.0611344907859
0.3459542686853154,1.1896927329162297,-0.44320637736402074,-1.2347292776547765,1.1828194039661948,1.4097006833399073,0.662491602645005,0.5899286300086993,0.8171107722583469,1.8661688686973232,1.5194076541319381,1.6747049771634428
-0.8581633733156824,-0.26073359358635756,0.7114492186466036,-0.9116209601451902,2.2651947243675385,-1.3657199285500705,1.2399465141474837,-2.6805514351195767,0.9212575249764153,-0.17094159735966286,0.7137563354912803,0.5360885331990886
-0.49899915382141835,-0.2947380682083295,-0.49472256574693246,-0.6360245838761055,1.0000151699278643,0.6975812306094594,1.6367304581302915,-1.5130784993180977,0.733063848225181,-1.5477969495505617,0.7153596914735296,1.2377220343210387
0.48841099343647193,1.749350986069853,0.4498070541764998,0.5989713437040497,1.3340204932426085,0.019430816814544172,2.129144953081178,1.4178592760994213,-0.2491912954992072,0.40781931990708953,0.46934972658434426,-0.34681774784096264
1.4502354786948186,1.637130839685413,-0.6686382794002078,1.7236900446868733,1.2349817916309793,2.3742460549083066,2.6469311723394733,0.038153451681920234,1.2978020242206023,1.538232756996373,2.9091946817585392,2.9102810265799994
-0.01218309765705099,-0.4849523019926606,0.39083441928933915,1.42939167424806,1.1424161563473978,-0.2514330519937065,2.254423780133871,0.4762032084996103,1.16569723770528,-1.5918809379009535,2.9087214586319714,3.785876023399006
-0.570468471670495,-0.45077521487297467,-1.4430906053742139,-0.1926917969185048,-2.0419821327308787,0.42186905789759566,0.23331584327171678,-0.2726136401298976,1.4779238571143916,-1.7445499343486104,-0.48825478243017817,0.1616853155513157
0.3808311018182657,-2.066698002969237,0.38795946374205814,0.9154629660323234,1.137212155210609,-1.2134091438760664,1.0355752677181616,-0.17864973127142458,-0.09160370295130027,-0.2531114733025094,-0.40282033284272234,-0.6030619597574275
2.3600772696129466,0.22959359794543524,0.722637884276424,-2.762551447365919,2.479890438252586,0.6769460799706095,1.3706682489046027,-0.799939423607954,-0.456382021631355,0.8883891222504704,0.737981118811919,-0.035772681992512434
1.8475546196875197,2.232070821737851,0.5936193771307028,-0.010659436626551,1.8045444244590225,0.020252045027471216,1.4320811664078388,0.7375088440487706,0.5538278261091983,4.230783052931004,0.7881122376856022,0.11182560018025711
1.136617205739782,1.1111722605905479,-0.4279886783081775,-0.6494008603514582,-0.5678886332364267,0.6244796795566767,-1.7434176831521442,-0.13489403568038127,-1.32862514770249,-0.5672058373669626,-1.298165101439015,-1.2723985654862076
0.294668565598718,-0.15329390146749833,-0.7244313988721685,1.3884053746880967,-2.3988040970321527,-1.102361823092179,-0.5002564265611597,-0.3441521811739007,0.5400050075311142,-0.1837933135365537,-2.218001698618428,-2.4747275876421595
0.8372542893132954,0.511593977937313,0.9987007647793767,1.3463822720646812,1.145276413488686,1.4363519673617007,0.04628524729679595,2.566363505936785,2.519305026267412,1.2100534669167142,0.63106996964282,0.30350721024124194
0.10871991278463826,-0.4104112392500136,-2.4112397235462555,-0.6443192817303474,-1.9264172044094023,-1.3586282806563819,-1.3154389501224115,0.06465969580707531,-1.6079242363041015,-1.2158901174303336,-1.2857567922266482,-0.6176795071127861
-1.8198208392440371,1.8351308510416418,-0.9398602519172736,-0.46816747866823627,-0.16191721996787478,-2.318284889210628,-1.1299872781811997,-0.8109478406330941,-0.8544651437047248,-1.071588261251125,-1.879302693457745,-1.692444211991741
-1.8571640333086012,0.11534968416516574,2.1489496385815796,-0.7886329151154142,0.4818497827241567,-0.5839206494371159,-0.267599070461777,-0.9162312550161296,1.3863174628994335,2.6274734828327557,-3.1445458984327557,-2.2292045282077115
1.0682161259606682,1.0164163710240022,-0.4230868184649412,1.0000576026284513,-0.5218008324203356,0.7081732470976246,-1.324544167868944,2.059428809716904,0.39465715415840347,-0.7706760647591011,0.4127598198559503,0.6611463410834125
-0.6227533425217076,-0.9267398041402141,-0.17910020825531442,-2.027175363661239,-1.0522554976294092,-0.02936659049232282,-1.7660070016829608,2.608909072489712,-2.510529963699211,-2.2693886055417636,-0.7805962868005965,-0.2938495625816553
-0.16718463827822946,0.20008993115684956,-0.2255086648127713,0.832988657450699,0.7442253294531622,1.0390210764286112,0.7484533624644648,0.5163794147690968,3.0109215875267417,0.9719357492190609,0.9116607340569838,0.24910639977425508
0.7053656893176864,-1.4076961429922423,1.5756447559343618,2.1387195603608937,0.3814064844675824,-0.62430595803686,0.5598655211950951,-0.8111437157180397,-1.3489873121581981,-0.9009189760913919,-1.262278144053333,-0.7931654844796459
0.8933279179657022,-1.4289257957471748,0.9869627268340736,-0.19289145920673068,0.27325104795314503,-1.1265718593562828,1.384000417011476,-0.5201934416071278,-1.4854868276806115,-1.8277915414791952,-0.6924082084704597,0.12455720317119551
-0.7959842058668345,1.260444139226761,0.38922194686757033,-1.9365706008944321,1.0531727639880177,0.20050168652344497,1.965216137681873,0.2183525460164562,1.5978394647418326,1.7327436774235514,2.103018613334958,2.354878726640321
-0.4453513883846203,0.9486807758374272,-1.8312973269436565,-0.27856806026716635,0.8561781438445707,1.0197075213238367,0.44663290981862686,0.29536323297071976,0.13566628604356312,0.07954798405564034,1.0665283623056983,0.3549324608758842
0.027709666691894133,-0.4163887220978443,-0.9345666384966255,-0.5937269566584548,0.11608315740537367,-0.05302367189616436,0.5247621355352176,-2.5103674689177087,-0.4924132973145766,-1.9034201067401346,0.6803950657302258,1.4462410500947682
0.030807874725998823,-0.4986162961450091,-0.5043597510824046,-0.9887498925748991,-0.4179742095024795,-0.12738861712512128,-0.4402403905766142,-2.1905874822643217,1.6770467061761765,-0.46611305639096834,1.3223738957833608,1.2079058899190618
-1.0527985074186026,1.6164963989564238,1.9208975840941223,0.020334454026390225,1.6127812679028215,-1.4981736018977845,-0.03710924026688234,0.2693160314500412,-2.3106384718611923,2.6502825538559134,-0.20111286547086094,0.5680507223889616
-0.36981864040576734,0.6921956661373319,0.8869030472619603,-0.37025171803705365,0.7800713223382496,-0.002116726360218868,0.8207316762176765,-0.41183024615075003,-1.7443589809347424,2.3944862650940486,0.099881434202905,0.8910073956550074
-1.1342998368401447,0.5424304832776904,1.3767822473225415,-0.7166355442711605,0.5702072819980707,-1.5900456529031763,-0.5456935127087992,-0.356463392830789,-1.636212613102836,2.1948532533895033,-2.5553846098131228,-1.9776968775872037
-0.40388168252277823,1.1405025502742474,-0.44990997362041785,-0.00515224104247014,0.8509511538232213,-0.12365381998196356,1.0504776428240097,1.051572084701863,-0.5836166966187118,0.1021536577885353,2.058965691239356,1.3772905554980128
1.2334416725658548,2.129329127020565,-0.35682727966731,0.5627003317509829,-2.0019337614034547,-0.8318565650052879,-2.700955406129366,1.7759993326010433,0.3268852217707807,-0.23252469626999794,-1.9225729241949685,-2.222737384834592
-1.1026523400636334,0.9226741642971384,0.09115284005711276,-0.2160227379033306,-0.3868081829399428,1.6196001298298137,-0.9565097294620237,-1.4412242840574974,1.8325192299236663,1.8695000975652296,-0.8754112428539812,-0.7814256248234659
-1.7661903914170363,-1.2893125281088935,0.5111187499244834,1.4985611080410906,0.5588244522049682,0.7654726590980035,0.5787872912125032,1.3048485507400729,0.4513369597448103,-0.7674690006340585,3.9052040778954713,4.142905453287429
0.005486467180332468,1.8233118583435932,-1.4239613807945142,1.423877312525397,-1.592075851560197,-0.45191537875346643,1.3715533975732421,2.7648680782100166,-0.864165387508325,0.505848183731685,0.772505345213057,0.1283183793169692
0.5363526847599359,-1.7844334169014622,-0.6748821235489443,1.6810392413940924,0.06353097861310641,1.079768281123974,-0.20262691004792116,0.691331108063815,-0.7424216275567765,0.32608324793140486,0.15105168867164553,-0.7002508116977881
-0.25132209750488327,0.8349767313602985,-0.21615436639102276,-1.2172525400089897,-0.12095412782502181,1.6624889073941813,1.108637707438704,-1.8166835442964153,0.3431375388897713,1.600208478793376,1.0500528711250463,1.0773976648190635
1.7225568197628238,1.1392718296830733,-1.355470087533107,-1.1836258607925163,-2.2270448520543384,-0.8892878190993107,-0.9327720306920767,-1.2247357326735298,-1.135350262438924,-1.2336423658312645,-2.786742245248288,-2.009464532955342
-0.25228154530309777,0.12405392220616229,0.1332468357445687,-0.8765017438682607,-1.291543610416133,0.22259896565918413,-1.1624212388862993,0.03215397652904162,0.2792081905825867,0.7424245123255493,0.33039169514128863,-0.49618071335594904
-0.34906011551106886,1.1355616511831872,-0.6769960877300647,-0.6223693030509713,-1.2077935233992867,-1.7940006225677614,-0.5090739661541928,-0.1421034412939215,-3.254301443507906,-0.48205774925090117,-2.1567258606900577,-2.1814091768107877
0.06510272390524033,1.0063797268066743,0.9102138653350547,0.9071988143346754,1.6699450471716584,-0.38475618694012736,-0.5087086421307327,0.22778088407076003,-1.6376650678739544,2.603708896206407,-0.5180882388360811,0.3805704961950954
1.3286868115433208,-1.4432602952010687,2.2022887357663246,-1.2596408069945075,-0.5928836492425583,0.6266342949286133,0.16419717314006188,-0.5326022531366341,-0.9354177469796418,-0.020291419548420356,-0.8866102755942172,-1.5485231846233587
0.5940494965222317,0.5667567048958305,-1.8276394697311977,0.7439001077991695,-1.3270937329524226,0.4034098692166397,-0.7346483007155397,1.0355177910740376,0.2308199377220549,1.4028032193443682,1.8105576221303157,1.609138981542638
-0.1589410635494468,0.3030114533719823,0.8078305192358468,0.19327674193112743,0.6377310359413869,-0.30933508982138636,0.76155319858002,0.596574962438668,2.853506749685533,-1.0815642576947946,1.3729377111307257,2.0398356939328566
0.9313402226355891,-0.12927241176523602,-0.4224264473947082,1.8503298447553802,-0.4397406503973037,-0.5605986420289679,-2.767850236239177,0.2660698824427779,-0.8796334640444677,-0.1792157375094135,-1.4447942105949183,-1.8412133746446302
-0.5629664557573824,-0.568926564886333,-0.47672813220588134,-0.03807692039394339,-2.1402874475512204,-1.627673875288247,-2.5877669857772685,-0.7883413657820325,-2.216743917202204,-1.3103491341302003,-3.8755376425563623,-3.2342776234292634
-0.14695090145401124,0.994351379866993,-0.2980621415771521,0.09369122678756764,-1.1615258290003858,-0.5032792440919319,-0.0006612905834563199,1.7365223790280822,-0.8568654122228845,0.6933299437369724,0.05460894930128922,-0.5544687978255377
-1.2827354310742587,1.5994895085476208,-0.46065812375888565,-2.1183053641587586,0.3035846053259834,1.1795501281423166,-0.6555006067306184,1.3577530618970726,2.143134474492425,1.1811552255307032,2.116665323919519,1.7034715804421225
1.2126403373549688,0.9923615009760403,1.2448341966277088,1.4609692612177674,0.1328317579810423,0.6443061397689832,1.1226498348893625,2.319496991875384,0.9769773085847204,2.102715764416023,0.8226138487622394,1.3024667652083919
0.6911704302002588,-0.3189013789110301,1.2278675111121533,1.368562211711076,0.9848049485580324,-0.8891942572399727,0.510064512644661,0.4215292637772791,-0.04692084777708107,-0.6831401251042019,0.36314569790402546,0.5300292170589989
2.0381711318185225,-3.0181643136866834,1.4383947527744279,-1.0546578178842456,1.6542019720855818,0.5062738884272985,0.4710038912331746,-0.11686507255406431,2.6828656808464464,1.8822883607077534,-0.29366880057507994,0.08642677209905203
-0.3445731713264655,0.4262906471433659,-1.2975347510749442,-1.5585506108097782,0.3185474635844293,0.20165185729231677,2.3493558300262265,0.040180683224308955,-0.0625070055993362,-0.06058045688954106,1.829091038355004,1.2132123869534266
1.6784222015476478,-1.1396806711984924,0.4519137824360353,-1.0696786964035323,1.0213593428646108,0.2348244144388756,0.38798164877765295,0.08664929112561293,-0.3642709528914007,-0.04439818791383865,0.14559547525654543,-0.48781490938791666
0.9341927917613526,-1.1825870273977528,-1.395731358346136,1.5590036409226729,-1.2257121418242454,2.8144091855101703,-1.9048055671435307,1.4702397595693946,0.05078010234544805,-3.0528078959791216,-0.45184380983012795,-0.38481976631135995
1.3805501152729185,-2.0762294616984884,0.9045120963276312,-1.6258560242828168,0.8065105689090103,0.38577549782139986,2.884950736403659,-0.21301178100951268,-0.47053867571368735,-0.34849126940291564,0.18736853098312722,-0.08960471416822707
0.3948452743025226,-0.7728073381517498,0.06675347977417193,-0.7231539148116741,0.2468071248863557,0.7810588116281425,-0.5707156658314334,-0.34264640407312563,0.2994345936450306,-0.1510147686762559,-0.46161892344537053,-0.9691008292484288
-0.7146101920832059,-2.3350547030985496,-0.3055496393761437,-1.2158522879507407,0.39904478008501904,0.8575476328722387,0.7456562497291183,-0.25750967520998347,1.7561948693252765,0.5151534030061817,0.6543445936801486,-0.25696326362378175
0.1432662982768913,-0.28308838231831657,0.7451630542955858,0.0899511706681976,0.17749510072708885,0.6460273426369268,-0.6285475904335183,-0.10026268619930673,-0.5069687958332887,0.6426157293835095,-0.11438896657997957,-1.013416801381013
1.339052160631879,0.4563159945461388,-0.6846131394901207,1.0618871009040922,-2.6041426900394398,-0.18872243249835263,2.926942720165309,0.7689767367050546,1.7177949000609751,1.4874536749816072,2.9382933586303297,2.854215071275602
-1.0922184709132294,1.286078967462753,-0.21202051465079605,-2.3375223750459533,-1.456850910946872,1.3336074195600474,-0.9495893304569748,-0.13109732761202975,-0.35865423601779856,1.572711562958643,-1.7230057660804008,-1.7018209564477185
2.209149183220705,0.2063235110999826,-0.3155816991538346,-0.3586281892124198,-0.8568136308037102,0.9254970902987221,-0.031530329497495124,-0.33825538078526624,1.4052029161601678,-1.3422056753587295,1.0124285641383,1.4083043963557544
-1.1740021630107775,0.3442892738600496,-0.46419621494209146,-1.7941273431633964,0.8917918107789781,0.08688153719804792,0.6388620614179352,-2.1176685508576765,-0.9274784012520025,0.9273864218315223,1.0101684991871296,0.3021150493737945
0.8659450167689817,-1.7240848544706968,-0.7804371514167869,-0.7637621600133514,-2.1884693797174912,-0.0795563884463813,0.6184391953336453,-2.3856736347431697,-0.7708660681012446,-1.790766619889832,0.11898980603341858,0.9308622625133208
0.577403152794016,-0.5463028485991754,-0.21287186591469606,1.211374282827447,-0.7346933993212567,0.4221501129961471,-1.946689815862456,1.6367742743215081,-0.4955250551727677,0.6032479059750393,-0.9064420137466311,-1.8007537304592751
1.0175216846821817,-2.153157004867704,0.7008837850135999,0.15617528632462918,1.6631342531982143,1.4931021470763817,1.532361151380275,0.19419095228710925,1.1014384736930958,1.8309902498462698,0.6931021863016238,0.8194512872285167
-1.3805305153887926,-0.280828863999391,0.7468873627878033,-1.080076078910044,-0.48958365439522644,-0.48037863946592985,0.17870938287582394,-0.987016892256614,-0.33517874871037645,-1.3518858095827893,-1.2927301550760555,-0.43532674843797897
-1.3975437294509798,1.642963589931617,1.8121884840718052,-2.1655129310439105,-1.518263562882134,-0.41327538990496326,1.0003239633370071,0.10842837023286683,1.5103901038425076,1.1688056337502732,0.792678695604136,0.3589818744869486
-0.8307838923514421,0.08796830882011353,-0.7279741557872759,-0.2101771006421883,-1.1565662800762615,-2.483095943642542,0.21717787746033268,0.8249397126636149,-0.42296466135904776,-1.1320622749529043,0.31852108995923467,0.4607598982343035
2.029906332996412,1.5132840380001977,-0.8912049198388986,-0.22983542230040582,-0.8520638436273612,-0.329782111971888,0.46284145249220643,0.4939612093033783,0.8258332267776538,-2.1186334224716115,1.2996662906463952,1.9573852294191973
-0.19825395005640636,0.279065232375508,0.3314035984303619,-0.5266200264953149,-1.2562262587824045,1.3977817625298101,-2.504811593290145,-0.45853904186967537,0.05706041065591294,1.6632085170898554,-1.5248053980229948,-1.4442755340210258
-0.4720307651537667,0.9311195098784235,-0.6708901433155271,-1.4222041678648265,-0.8769009331730582,0.10383364408784368,-1.2769420417842972,0.47985895457450567,1.9675938577854382,-0.964798244997889,1.1183830695798873,1.6366217532986138
-0.17229123617042627,-0.5377523936471011,1.0863298421394378,-0.3941557412757286,0.6368297193319878,-1.6068592944079074,1.8628468396073479,1.5627476180489124,-0.6549672754072816,-0.14544130185382503,0.769148688586352,0.6758315609458447
1.542432166466271,0.5303377540996748,1.081986644211611,-0.24773990853933714,-0.7536112104385201,-0.30523804648807873,-0.3804594687403962,0.04708731983519476,-1.15404243649655,1.2453580771499992,-0.4228301373212789,-0.8008358584745595
0.8291244467647598,-1.4967030726893509,1.3602113051861586,0.1461349305301608,2.0389819191417096,0.46120843960574776,-0.24492046052870836,-0.4138449276622051,0.30104127970515393,-1.7455182850484066,0.29141031640280435,0.9239843545619394
0.35430059936393077,0.6938162849862424,0.9523481523069377,-0.24148129831332965,2.3355700417235665,-0.5363702377814601,-0.40813868834297745,0.33302677895166133,-1.888739775638332,-0.27190464319296015,-1.5562546281688034,-1.8773306990936787
2.3700913399738264,0.13568832535577752,1.07296757641221,-0.6743893735606674,1.1414500805127872,-2.4180341246590356,0.541863523522212,-1.1647893557410371,-1.6263417673281102,2.6469240341617284,-2.814467370841344,-2.497119452030475
-0.19249272939329629,1.2273040579522252,1.2858335461094508,-0.923106349146992,1.9053777201997693,-1.3078579448213867,-1.2533578947747044,-1.37303935810819,0.31133624835248663,2.109913601494567,-3.6157922265976765,-3.0238502019490268
-1.0346760534896937,0.4789014446427099,0.4515717826832118,-1.184496703737627,0.6470198009291805,-1.9456652765080888,0.9522566845013648,-0.5253408664706911,-1.9712233241453623,0.22433166098050528,-1.5336203810189049,-1.342241667293651
0.024843598047235942,1.1605544910351906,1.0753362781141844,-0.009941144676119895,0.4568246544083189,1.1334121652388798,0.11340899989331377,-0.07858814648099131,2.213749458528735,0.6278107935811207,0.5650650899789496,-0.2905997121858387
-0.1089183668737018,-1.9735485448698078,0.27109574553573806,0.5534847891878468,1.2675552419146827,0.9423079284928164,2.1131206897077863,1.1667527749567044,1.234012545743155,0.19970372839793482,2.678292565916127,1.8673086254554139
-0.6904067418142523,-1.2550855888579338,0.14913387412506915,-0.7949987036582589,-1.3538724494213126,-0.4452371521017867,0.5741478702479255,-1.1056369051425485,0.5633963402429047,0.01204881832917959,0.9328645577184738,0.3865889735631889
-2.2295687126168495,-0.7632400764568635,-0.05001697753869283,0.8935067424432886,0.23206725066221798,1.3801309265635626,-0.06593942161423372,1.4584198254977947,0.822801530687692,-2.7373618547521654,0.9092239414402631,0.8241306446861129
1.0075694394316745,0.9245484226360231,0.31954970132685745,1.4060500823481998,-0.9891681413215092,-0.7935676855533574,0.6103777501572046,1.3909625343861496,-0.5589179203334973,-0.0017945316690625157,1.1138878621564534,0.6916434725882015
-1.0760320905481433,0.3064800528863534,0.07065344880526038,-1.4460877570485207,-0.6937143352575,0.3828843308677119,0.30262818060468843,-2.7917713333702636,0.9902375859490371,1.0622942687535526,1.5542068912487372,0.9310466219008005
0.06947594311143634,-0.6593742569231471,-0.9210459875636811,0.6793536468196565,-0.5956967883506777,0.7387280069858233,-1.2995369945736661,2.154992408502792,-0.883965650137182,0.30042909743925317,-2.108185478072677,-2.987126958566853
-1.2426783236652263,-0.21678610232466536,-1.0883398528403279,0.6231077747612784,-0.0343461844607984,-2.7071139212659876,-0.8530513146408554,-0.7086571238996768,-1.3976504082379635,-0.8870415563413991,-1.657570448890021,-1.699666777396986
-0.7071563324258568,0.049181114876231564,-1.2499849824809208,0.9399319860201378,-2.081973453940126,0.27795772101821437,0.36390728120995974,1.621697379729142,1.0265728141615362,-0.49839668604787113,0.09970020206907937,0.030808802617711795
-0.4516332523164192,-0.9622419988101943,0.46159711330944675,-0.28724706991160825,0.7296075198750493,-1.0212186072591276,1.6038833587637258,1.966587195445245,0.33057382239509164,-0.9226921752239069,1.2279354076822009,1.6795549791481648
-0.6434390813224632,1.8999154844352024,-0.1057793413813683,-1.1230058849834545,0.9713021801718986,-0.6393063317895601,0.8247359895431405,0.5629333443309812,0.697986879074935,-0.666150316970853,2.0696816238096583,2.227837602489524
-0.41412015596345814,0.40328248069770717,-0.1744133116574786,1.0773297199897631,0.38693573989913943,0.6818185949820029,2.26958555731374,-0.0521602223632055,1.5040874113432603,0.1661596728077581,1.5955353247577981,0.7840420790151887
-0.19694459178995546,0.4029196135840449,0.38009090202988305,0.6067113943018165,0.5451136497402724,-0.9941493846819582,2.137878514244309,-0.702026164020511,-0.7015177376642203,-1.5069886162642265,-0.8854559747686139,0.0032211082594320595
-0.0684658024149656,-0.2644012498363561,-0.23581317364691085,-1.591746846262751,-0.9884109469863165,-1.5079045235496311,-1.0947831641558372,-0.23956445892715195,-1.0743067796933157,0.1524521948170544,-1.331113097176846,-1.4125904153706248
1.1856600105641002,-1.7564490687486682,-0.4062006130552944,0.13392146881879696,-0.4812448681775608,-1.1275358086739342,-0.45201164051019327,-0.8769195498586199,0.22844627876279688,-0.4003100725944675,-3.3341476538629924,-3.464606124938068
0.6837172289887776,-0.8719749941161441,-0.5792286415590409,1.288797830288563,0.6236532476010618,0.18253381210649955,1.536686506220175,0.8845609165540912,-0.3512266156296522,-0.780487500886665,1.9313157560430683,2.2432985626737936
-0.06503396974512984,-2.005513948212545,-1.526793905255769,-0.8033839473807959,0.2600342156241572,-0.752895473021812,0.14119701766323436,-2.2732552038192626,-0.7644526101085507,-1.5005298899198196,-0.2831937374653989,0.6255447753553359
0.3392877466520288,-0.11848453820224952,-1.1216958985962329,0.4725918993137552,-0.20699366536465413,-1.270528068250136,0.6542013266943159,1.389927989193815,-0.3416267857383892,-1.0791601318290374,1.2934135575487162,1.8653765280786667
-0.8282405206011152,-1.2258666549710284,1.9553699875001473,-1.052951051070056,1.5790409163822554,0.9054397544776598,0.5798803166350395,0.0037209511617040114,1.5547382155745921,0.32971202907980246,0.9074630624661938,0.02975003024294748
-0.06645896910149014,0.22488931963070635,-0.7617220740209376,-0.6102551018702012,-3.1282744074397,1.5186582009110705,0.4846939205786024,-0.5052793299820593,2.3074688507956598,0.715682152544458,1.9425422919168722,1.2263086830130843
0.6569467761505712,0.8227270876568827,-0.9706565976087196,0.9733803758146493,-1.3885426976683166,-1.6755440489076319,-1.1238160020172705,0.7800297238501273,0.21617606588395827,-0.5592154828363191,0.49753351654577027,0.5043353253056259
-0.7372849762960821,-0.19239260971788316,0.016848896214878444,-0.7932541979441958,0.5176526218701558,1.2768039561759488,2.450859375807225,0.4668033665693043,2.4720674407706165,1.288135977972226,2.508451603530674,2.236442098290779
-2.0006302497765023,-0.715223255101669,-0.17340494510218984,0.1315101480769486,1.6439379198167103,0.08264314674118592,-0.32003444802550296,-0.20448543030222083,1.6837856952426467,0.1790003912496947,0.1321057162887751,-0.6346156646267787
1.755976436934666,0.3979729430608521,0.20505551637717898,-1.1480649055736718,0.8318777572120536,0.846088625432965,1.5723797184846346,-0.439571545658648,1.5352353884770915,-0.06918198250492869,1.2459720239375753,0.6528932479457952
-0.35795890964603255,0.20345879994268917,0.06028421029195837,-0.5441940270548045,0.08222798110847894,0.752027319568794,-0.8848104733091591,-1.5865747866226048,-0.9861049955474668,-0.023583112006787976,-1.132642532008831,-1.7829237857025002
-0.4906233798068394,0.9472539193260805,-0.40066927889123477,-2.667789958460091,-1.0875631593794237,-0.7156639864190831,0.4042382873527489,0.5786212254973422,-0.7132254289604958,1.9285949944015959,-0.05839603710891905,0.43756126740652945
1.3752630571798194,-0.4801844974293519,0.22529894329042868,-0.06713289476810258,-0.8420482457918284,-0.9670258610034322,-0.20618442304463558,0.6355905758519084,-1.2636440951938184,-1.2622165384933954,-1.2336198461391599,-0.4465801939341797
0.40759542947922706,-0.0796013129766684,-0.24084700119366056,2.4481973105430903,0.44959281115340344,0.6533709922744934,1.1959775264051482,-0.8223108200322968,0.6366741162933778,-0.13118639279405467,-1.0315136838295258,-1.5731607012565338
-0.011486503017286492,-0.970399479551292,-1.500115440626874,-1.5554364172368513,1.2023701770172033,-2.432439306313429,1.8416965756226058,-0.25392825878173164,-0.5621866845162524,-1.6577905575262588,-2.1016807305103904,-1.793998266162422
1.3059693628834914,0.6513944133311591,-1.8935462456285461,1.6240854508034315,-2.350076104461753,-1.785068398220393,0.14333458261343646,-0.1372574026683055,-0.8139090392838441,-0.17711854264872323,-1.096294945414284,-1.130989708523328
-0.812788133014915,-1.0379651463723123,0.823078213960167,0.7759216378717726,1.2389749420223883,-1.747128530421375,-0.19753406749487723,-0.645323997411939,-0.9413020332851324,1.4153469820015836,-1.9436090872737561,-1.9906662018016057
0.44697719613762177,0.6341777945264566,-1.7467627243435144,2.406445851619629,0.7538811666581482,-1.331620511594486,1.8556360938862932,-1.762881956644153,1.6646744811974221,0.1760704790326877,0.2481623978996197,0.07203218888311191
-0.08762610306088407,1.3552324968731553,-0.2883640884540859,-0.5507786350921606,-1.631925391068961,0.13100207711293943,-0.24307427651919788,-0.8559508936180784,1.7451134612594843,2.531022639786716,-3.4806249094119828,-2.708940706299238
-1.034508737027595,0.6228369184257937,-1.5318581737292845,-1.0447050382660688,0.9850327547535345,-0.5830030797257411,0.9725729525833652,-2.0128244796025188,-3.2998193213600504,-0.6924530809636581,-1.2916036668421966,-1.0951869750316796
-0.2715572332670123,-0.5468987929672394,-0.5975659745382108,-0.5599507169014851,-1.0775362249876563,-0.24448877541998373,0.42037075184889927,-1.2973492498393608,0.4048725756059095,-0.2700938783148956,-1.5948453845500228,-1.952734941729588
1.1374268571042239,-0.250506267279156,0.664972444061373,1.0753413320190077,-0.8941078391406917,-0.04139611273950061,0.1533455199232866,0.1505620245734911,0.3104822840110215,-0.4566963179964809,1.1342134767851058,1.0057178864523302
-1.735506711605523,-1.9166646101546319,-0.09577714048910561,0.7866131162635808,-0.49692650154532714,0.6998091489827255,-0.6981204762526885,1.435838143328927,0.5031621130999733,-1.6369506263819122,0.523310913931303,1.0445479797573496
-0.4122302616516,-0.8228844135424782,-0.44943947365274045,-1.590210574076603,-0.48591336029294646,1.2843099875125954,-0.8497495457494517,-0.3592715265971257,-0.8874878102563774,-2.10923172553309,-0.7353816950708378,-0.5181670214471945
-0.5306703784747813,-1.5295204019453454,1.7852108232489172,-0.5547891486629604,1.096860930211403,0.8984968269219684,0.8109791316652137,-2.8573636798652777,1.75379217555418,2.0055007810748173,1.5647108637548228,1.9204053819384892
-0.5881188119780956,-0.42271826499861553,0.4300734747038884,-2.2746988189955264,-0.9574107078653212,1.5327459567023405,-0.07550488422222512,2.226788374138212,2.477475328603229,0.3917262285004276,1.1562642003541312,0.408474562428096
0.6455524620149098,1.0806019093918477,0.8906716482556036,0.667457128632919,-0.5184940305293185,1.7056791406854541,-2.229679428103742,1.1397017869142811,1.0636031617599353,2.062721084929798,2.1868617333392666,2.215339628845547
-0.09609536334685433,-0.29139276229104166,0.41512125002869626,-1.3857340421023927,-0.8310502649465095,1.2769441883716417,-0.9339368932131922,-1.644754202276591,1.082527145431599,0.5662215654998204,-0.8175248507922372,-1.652721306677777
-0.5089912617932781,-0.10587829872287,-1.6480917415755778,-1.0274395407390804,-0.7575596341253593,-0.2273843666912716,-1.9815458008268971,-0.3546811589505693,-0.05106299737779918,-0.8819431191206537,-0.7854626630101661,-0.3313328455991523
0.19219591498483585,-1.4457418292866953,-0.030689704444952805,0.5044104669049649,-0.0727136158354823,0.3160505304882516,-0.22705966984854298,0.9453183254963097,-0.21320972266077942,-1.005852506953413,0.24561531549588655,0.7622143521846029
-0.5763138132718366,1.5216971757777416,-0.1331602546915103,-1.8464953811450253,0.06524405512086354,0.019985045697671677,-1.0403884192050397,-0.9764799305479447,-0.5292631993409574,0.3970293900534316,-3.816881691640715,-4.631859081519707
1.1682861962076958,-1.789786206384526,2.04949879241115,0.35670247427593565,0.7941462037129736,1.5639981351498753,1.361732525316183,0.7983617669880216,1.8649318233647192,0.43179293249957373,3.574686495799051,2.8308322874414644
0.2668834323927455,0.6591842836654289,-0.6077827927939333,0.6888457476573155,-0.566319270917328,-0.08747902668946711,-0.3167023479326546,1.083820389754015,0.23325044716488616,-0.0327580392941435,0.5152212803265754,-0.08798039764350898
-1.3582816827484137,0.3301478126085502,1.665406799527591,0.5035339678428837,1.5246188817427115,2.5158572533775114,1.0925454510275725,0.6365831863931636,0.8169559636137594,1.234561557849525,3.517150647561354,3.506305320910771
-1.3198300046144387,-1.328200366814519,0.8859085801816953,0.10831508781601173,1.7972503115402816,-2.007559481938072,-1.1888790354668606,0.13142254066137954,-1.1975144437050744,-0.779438552474199,-0.784123643937038,-0.6795270795365882
-0.004701236552727474,0.5966835562534949,1.0069390477913562,0.7363641662518469,-0.030335564042060947,-0.022673463935461435,-0.23191734282523413,3.2045316950236975,-2.2832055667812625,1.5559691168568899,-2.2568313647481655,-2.2442764050804906
0.668486554624112,0.42412575785013434,-1.9631391067996216,2.8399257227558277,-0.7143399974524788,-0.8602831181399754,-0.11013925377938283,-2.10268884100307,-0.1747629162175582,-1.4882623487979774,0.31762797533266773,1.2175973861067322
0.1324046973188874,-0.9231931471301105,-1.4132213454302933,-0.7282578556682844,-3.0555204827082916,0.7502832193063053,-0.6485394901059657,-1.4953594403788717,-0.5731543384846768,-3.448373375038223,-1.0483091467605328,-1.9091753458618148
-0.6979105509151066,0.2635469544317382,0.42627245786730616,-2.493214701317433,2.631637752977423,1.263574647445585,1.6617884597561725,2.5154340488558367,1.5930426637987947,0.7984344933784566,1.3877196939732868,0.6383560379744282
-0.7094086592027212,1.8952358764331043,0.6184296638631578,-0.16334750742934367,1.5078564819576177,-0.0368733796903703,2.341554491804666,-1.6018021905875506,-0.5031371891592819,0.2311256026856532,0.7353116478189399,-0.024401802385038585
-0.4084451086821333,0.366685725295395,-0.4624160627462574,0.4818889820781985,-1.3090860863194156,-1.0116668447922708,-2.481272011532767,-0.15289184113473886,-0.5809436971523786,2.192644386349838,-0.6489660243591537,0.07942577879766688
0.828271797386806,0.5572247593679591,-0.5663767594113496,0.5016428858595277,-0.477393916363469,1.590648432697222,-0.23551657795079733,1.338098109811602,1.2223838540596823,0.24499332316249484,1.9934134051466512,1.322336547435943
0.5322725021686274,-0.4945765881066176,0.5565107303720623,2.0420031875362477,0.44901609821180954,1.8969366371674914,0.9960600117537075,-0.2570676618789886,0.8006122136800932,0.5875270288001477,-0.027247574928705776,-0.6253147677031068
0.41542029945755593,-0.9410381550005542,-0.06613875659142436,-0.0695052958001493,-0.8258726909918598,1.4954833707944268,-0.7276248389206994,-0.6269433119859258,0.28111388390635067,-2.4423886797949494,-1.3732512557039223,-1.2684845724894571
-2.2268696562760137,0.3311878518553908,0.6525266772289591,1.0525675186227386,0.08166127076975283,1.3736425530617415,-0.24577283546159384,2.4186988769692332,-1.6168658915510854,0.5551593918133786,-0.17359280350885836,-0.9831523223700526
-0.2824038533392025,2.101172593381416,1.221448351017086,-1.5405484905279065,0.7628357196420296,-0.8175192964786149,1.4062495973446727,-1.0463147075912853,-1.1510072443462616,-0.7498493047193238,-0.5064410818605126,-0.2476224631802972
-1.874551149950323,1.347039517032225,0.7207082892735273,0.03198693754266302,0.4072431277947071,-1.8718329823294368,1.939177324229116,-1.1017653581552604,-1.216967196713289,0.5260293671642695,-1.6243685170223725,-1.42740921536938
0.4671262347202518,0.8967666869153164,1.35742752081307,-1.8989066622009738,-0.0021142101904815247,1.0180184322302333,-0.5943055150790341,-0.5773680404086727,-0.016175674340863505,0.9119621579936096,-0.6821177675645953,-1.4010900681271985
-0.36212717658446814,-0.1497528269389171,-0.8179405054839136,0.7983114006253196,-1.1213499390227466,-1.3644616862365018,-1.2312393232699754,1.1161068553117799,0.11522403572572859,2.6203831300296705,0.04264511714182273,0.8574761049883235
0.18283220072648457,-1.7744936210532178,1.215633652917767,-0.28928736572794833,0.7693728996529334,1.1164701609676748,0.7303168927800409,-1.202165757037539,-1.2933915151555704,0.9403898162058617,-0.19271071784521743,-0.869093729474028
-0.9693479630378683,-2.592046172955442,0.23928152283218507,-1.2179920481476052,-0.4722441708712487,0.042453235676051304,0.6978811512853346,0.36279835509849756,1.4017786840864934,-0.7011417734984705,1.7591822356583198,1.9750573619384826
-1.6443473639078805,-0.7133818525030279,0.5169738478077096,-1.5491875796915313,0.8279199480986776,0.37416468304676276,2.908723052081766,-2.103554863325927,0.970908102552599,-1.7494236527553966,0.0710623663223292,0.7406947184540097
-0.6832793900448257,1.3078603184952553,0.9326684077431933,-2.5460754466784996,-0.6453117699707738,-0.62500250713666,-1.109904675735947,1.0678492026878141,-2.3725796449035186,1.3369431268930279,-1.3670099174629282,-1.6128087632981054
-1.402300808691639,0.8416899775913547,-0.4356961298481165,-2.0560011533582543,-0.9901696870733483,1.9981661175318535,-1.210705641003674,1.479221644598435,0.8475305838680034,0.8018235594942413,1.2268931571891684,0.7562815628435184
0.7016007959241365,0.45013416610725077,0.22198167426857013,2.3359157956399494,1.1581569335650777,0.2426108639479081,1.8214416105074736,-1.5407053180576036,0.8759957271751121,2.163434844408978,0.15583177158368844,0.7893809191738753
-1.7531227803681386,-1.2145082241513379,-1.1422817545823767,-1.4018490068556513,1.3410051239729226,-2.9581751625956336,2.549123163532135,0.7518961653410858,1.8551852859140023,-1.7502752687275185,1.9113499497994515,1.8793362974552652
2.4759062669477654,-1.717113656040164,0.8316059568789101,-1.6692279815224187,0.21060328033879938,0.38224977649929726,-0.863537217964915,-1.2128680732728923,0.18897213042293448,-1.405040130786551,-1.753012847091894,-1.091422163507715
0.7866976317721824,-1.804167207956145,0.523733041217931,-0.6440213410839286,2.0178574185637697,-0.2928731980156169,0.12904748702654995,-0.7145681255266466,-0.08583930041698756,0.23774465916359955,0.3020456448545612,-0.37933903214495834
-0.25676668518501156,0.30155928471935695,1.3982848970526391,-0.35213373873504583,1.1769656667437403,0.10977773990944764,1.1872852121456585,-0.4661148881131255,0.6330584716462405,0.21063927938929772,0.5061153831026401,-0.28027551043237126
1.464449488939935,-1.2834861537048863,-0.5728117494002768,1.6291633467120528,-2.029063745328772,0.7826846209313167,-0.6011248074120543,1.569042376726593,0.9945346643611248,-1.5366770375586618,-0.20197242015796102,0.27454445099359226
-0.778682064728044,-0.7196570951764341,0.637655016823067,-0.6167393823973727,2.213687964918966,-0.838900422721569,-0.37570353129171064,-1.8506070276396678,-0.8722191679212095,-1.4212817470832424,0.23429367422038272,1.1171873452839494
0.20778789919370313,0.7318038186733357,-0.3740277958220975,0.8162770565541436,-0.8254145002540865,1.2880483603209352,-0.8098122081475904,-0.33557230481403844,2.3093923754294603,0.14525988165827083,1.8053347775452306,1.1001921194294975
0.7234116957679427,0.25487104877679606,0.4326800002048064,0.9954742150524732,2.0463867982597375,-0.9721082138346635,0.6586912106742495,-0.5790944846558143,0.1353877158879745,-0.19119509823999514,-0.3359654034562497,-0.6260623070080517
2.532023923784943,-0.08387663612806719,-0.5816161037432497,-1.0303861614957197,-0.6346534542281588,-0.9949138228394938,0.0896598987115077,-0.038114787813534834,-1.2931349460777608,-1.1586353807725307,-0.30479461152487586,0.3978093531820126
-0.48841946936245983,0.5814052206216419,0.28820903448758045,-0.22871395580987275,-2.0227248395544,0.13236212780251955,-1.4465756562601433,0.010334347244799091,1.300034962120737,0.30650499547525256,-0.5339515207267792,-1.3587953956366725
-0.5321809138503936,0.9671444053384333,1.4115533017774227,-0.7794302509994694,0.29048731932256044,0.06850033963904179,-0.40441846325526437,-2.9545940895424225,-0.7405046876561778,1.3862435275224487,0.915198301492997,0.6880260590944997
0.8210188854384939,-0.37330123458467546,1.0993895168218124,1.2650294734806269,2.4667599234374635,-0.3491564514062344,-0.6325328061628033,-0.04461627531210666,-0.3719876779460194,1.2411779961497937,-0.09974760272432659,-0.4765816455428977
-0.44058480578788417,-3.37646870634559,1.3786818118009336,-0.913020029611832,1.2418002044616012,0.9782680113846232,1.9694523505773627,-2.2769410845719156,1.3537162411995722,1.3319884517576712,1.4779778066025808,1.2182936607771346
0.5611583944612105,0.5225114455284589,0.778874396937964,-0.6368928815253692,-0.3371541541723455,3.3231696670299913,-1.3802487962409375,-0.6285525202154348,-0.3796696370884194,0.5340048413812066,-0.19978928858724987,0.05276326439038603
0.6283171768462827,-0.8304380576674656,0.6362289692092736,-0.031165341155449555,0.5115297001255245,-1.7192368132984308,-0.4800286414930163,-0.32820190385520664,-2.829340636632507,-0.977010075767544,-1.6896888252498588,-1.3455119411807746
-0.8453071317898861,-0.14227256372852906,2.0386603615416474,-0.03184822837772683,0.6366011300695926,-0.5846404052578903,-0.2555228780710659,0.12672211087234708,-2.54878247295943,-0.05369946745316889,-0.04929038432510924,-0.5202289096088846
-0.1373269513572223,-0.6152755616373786,0.061165400089042705,-0.4411529802550278,-0.21687819047007642,-0.5637418387546389,-0.9273763417895855,-0.45836750325299325,-0.366158417736691,-0.24874753880646178,-1.1945672354810266,-1.5328136478988252
-1.731789030300481,0.01982149141877971,-0.34590063357829076,-0.7414624080199321,-1.6117928552212724,1.0603563615722944,-1.180035827273183,-2.145822282691502,-0.19101089021409767,-0.1928705406313027,2.9225432697412557,2.5023186028970863
0.6017843709998886,0.6734337570875293,-0.08944306845058606,0.3740153524953612,0.685814028397732,1.4022542560222435,0.9920743630346335,1.6138279851329713,0.6398663383847787,0.4358477376930372,2.008539041426901,1.2088570703390313
-1.1351680339647434,-0.22892312063523476,-1.2012445618946637,-0.7552037300817996,-1.2074917129033849,0.6371724793975088,-1.7375855844649841,0.5078082997974914,-0.47540149296626005,-0.4587945368158598,-0.6409855643344626,-0.7579427181314209
0.48516472566286556,-0.25566492855421846,0.5377664559233125,2.168271001911213,1.623472242162432,-0.7486217111421848,1.5670524001340813,-0.9887441104873349,-0.6885389018682849,-0.4304060536093244,-0.6334871932164837,-0.7699252734141075
-1.9534327185296978,0.28138163322371856,1.3608370825739453,3.111655195301492,1.1188780060439982,0.9772562205590611,1.2270255728923003,-0.5598511381203644,1.4084634791557544,1.924276164528884,1.5363322205113146,1.8347793801720143
2.0454880400193454,1.0529340735881982,1.691477983645054,0.17293827560709496,0.46883546986056746,0.7311990900149685,0.6331517810178644,0.8557560567534158,1.831707603674785,1.5656744646655902,0.3857463642370502,0.40862856904636424
-1.1229540576201236,-0.044892902298248404,-0.0772728430172935,-0.43665109765411025,-1.3686561333086371,0.8328641170757302,-0.49593504870655347,-1.1406970076478369,-0.5643086292532995,1.4693904685061123,-0.553528682294017,-0.6495008398596323
-0.8163115540412184,1.761880034982197,0.9271963158653589,-1.7547956079168283,0.4349406203653729,-2.2945210371258953,1.4120416648538943,-0.15138071997610225,-0.9127295843540228,2.708816133004213,-2.582047786741831,-2.200433607579229
-1.0456763310275814,1.8268373994056744,-0.04912316906859884,-0.7161847802443402,0.20867265172087313,-0.20291329762687937,-2.0574300194091544,-1.1763465491093106,0.4115145462920058,2.228011662465165,-2.8553417268891956,-2.091437079377709
-1.3260547935407372,-1.2749059088655688,0.46661680976792785,-0.6189996184022419,0.922291025880625,0.4086379763409325,-0.3266873984210369,-0.7876919788827752,-0.38845314245928614,-0.19583716062503273,-1.46316666632662,-1.9380569814678577
-0.8811325324053785,-1.0166829065846859,-1.38943121384986,-1.3821826930373746,-0.7816934368862114,-1.1816705159679666,0.45826852159987896,-1.930165576069373,-0.5800756920283917,-0.13741408961950063,-0.8712485027204947,-1.1166076152079667
0.8352604655730942,1.6816214684072521,0.050135552997988206,2.62618426565701,-0.45910355251587237,-1.464806649028524,-2.3899373098248935,-1.116108620279455,-0.9271157372742482,2.1528326569724143,-2.4008291621871427,-1.8154056603985829
-0.575999402455961,-0.449111436858679,1.6009600605651768,-2.5080983463930586,-0.013900755442990409,-0.05826459507226189,-1.9073918115837747,1.5804169894173623,0.4093125406089807,-0.2440491342930161,-0.4236068953124796,-0.8267128103991425
-0.44098937864712845,1.5415890447045253,-1.0563869230536762,0.7908913973408136,0.7051692204420734,0.7670249762856426,0.23007323123881906,2.170456593731821,2.017599926508002,1.3037211357850464,1.3935716063382078,1.076919192845987
0.26829002204257674,-0.8814039805732168,0.2811634802044341,-0.9358926508221489,0.7867372348421985,1.0799093301423663,1.6520610404682519,-0.016168246938624065,0.3536800884612399,-0.0102110752934515,1.7663913054513185,1.1481038700357802
-1.0760151155393958,-0.5709575112024856,1.4155216903701358,-0.6432526734361745,1.3889405558181218,2.1159054851058716,1.8081762870555231,-1.5366310113572346,1.936223074255315,0.7215548148449604,1.6274534445499746,1.1787034261787737
1.0415693843478888,-1.6967755444836927,0.41649124756550243,2.2533610149385757,0.8567371585909388,-1.9518176574197685,0.6947851821957001,-0.10131174316706348,1.1229334037855438,-0.42446634293024704,0.803720055880228,0.783322778793461
-0.002884284291374029,1.0641680376505893,-0.8611262216630621,-0.8688114410197681,-0.46820645306478653,-0.2943271616956221,-1.7182706567965123,-1.21272260909119,-1.5284659704504295,0.14114526222479723,-1.4848321367769075,-2.1351675207958363
0.5973772594116881,-1.1449053432414549,-0.35235065252525344,0.8736030228671099,1.6099307969795056,-0.15644529683918407,0.9509608801854026,1.2140584026102978,0.5919338229771357,-0.5592486494612412,0.9038147055574537,0.9209762844391105
-0.5028891636712831,0.24746198786136217,0.5990116258032193,-1.345667707063885,-0.9440264297689639,2.1060050882017003,-1.2299878863317169,-2.0367451767259586,4.449349524166974,0.10034258247148975,1.496555276907391,1.1349065743024538
-0.02769555102395972,0.811334370260487,2.353922831117112,0.00047965336564098626,1.3084886119594197,1.9639951176412027,3.0768859910348114,-1.1163706878107265,0.8610064893862105,1.2468704728195643,0.0002534712513964088,-0.16181586594038344
-1.8829286590131424,-0.9887967001492713,0.0820783498444595,-0.8331522359689969,1.1298600470364264,-0.6681838239460317,2.192542471014443,-0.4888472113358102,-1.0618925617498394,-0.7118723917930165,-0.47240697435070733,-0.2538025302074116
0.5980506535342524,-1.4706707084781643,-0.21572594645892534,0.05190730712832803,-0.5017012414845424,0.8091638354447656,0.3712809028159676,1.3776411275274245,-0.11818587773730971,-1.3214655700318474,2.1392467671603006,2.594334347505463
1.5002765379362297,-2.1803493294543097,0.18168675234335624,0.0507707078629292,0.11826248409473948,-1.7046609655369744,0.8706368627977417,1.1225548965181058,-0.2115279845276542,-1.017829860087792,1.6395332503206892,2.025981341803461
-0.7859285773358156,-1.0488012817269243,-0.7513010488517641,-1.7942329960189816,-0.5535145221959987,-1.2315601789243835,1.1762774531313975,0.15746549258054732,-0.3944368286471087,-0.5899029972033544,1.2105830836111826,1.251734036757407
0.8480749168880392,0.5884054726762505,0.7702999033423699,0.7534805283262276,0.37449675876731314,0.14369545423454877,-0.8033924116814322,2.1397742211637074,-0.029480571840115946,1.58151981386322,-0.04526046551085938,0.0034592191321116683
-1.7973570599068072,-1.3225723580316018,-0.894826429076023,0.08654105318980154,-0.23743248922002436,-0.9521335120631013,-0.8697812116113177,0.2573799077323635,-0.7537077555383751,-1.0130474296146044,-2.385411457960446,-1.8197684313054001
0.5224421552552988,0.28427259547590644,0.713188608869357,1.9040710037960809,-1.6994854853397916,1.1120565899381967,-1.3024003050131325,-0.5952852905603376,0.6354833426356457,1.7031774490167062,-1.6614199651086246,-1.5222889282414687
-0.3491298569712309,-0.45905370195228296,0.6783981960164339,0.9234884970103023,-0.11515178626576772,2.3383882016540958,-0.9172728926273165,2.4339034940122533,-0.0783136450496835,0.055331374451804416,-2.262905102927055,-2.4854781408547395
0.10963906253211438,-0.32015455020224265,2.724286869186068,-1.068035436453705,-1.3809852802647171,1.022163421575022,0.5721488540101775,-0.49643047432148657,1.3973998712462632,1.049541672552289,0.7948898508927928,0.20632249631058364
1.5537834438579852,-0.3466923048071749,0.8963923477520647,0.6950939855666319,0.8434417411637991,0.5547465928660065,0.8498480191182329,3.752706817628332,0.34238810381860063,1.074850102436798,-0.47138320562636626,-1.0805743622337536
0.31714874154267475,0.032045027247341776,-0.858781028708771,1.9670615186710585,-0.4875947142086419,-1.2635117529237738,-1.4902185870794473,-0.5657380950937135,0.28566685503885325,0.5003016689403391,-4.854522941240875,-5.0452652309246435
-0.14139022073126384,-1.0368183071668566,0.038141866050464164,-1.329384451374795,1.033104824912887,-0.47034720831427335,0.8930200466678894,-1.7942110788120291,1.080885307293023,-0.7298932024032292,0.8087112817586375,1.0611117221589375
0.07596516055448663,-0.2076843258286495,-0.2502885973400501,0.30869969745278075,1.1392499093573487,1.2108461250207636,0.8708391907648214,0.8000093969049971,-0.8648595890346666,1.1427171019802884,3.3819084096140215,2.93105852072685
-0.44278740754932094,-0.3148781198490662,0.2109851911259929,-1.2359740872328437,0.21407880597499865,0.3940397064987452,-1.778136729587303,1.351235273297215,0.2643315570951059,0.3778444543235611,-1.1504268517005527,-2.037853432133984
0.5217369375289459,-0.5518805900484895,-0.11305975376663009,-0.17018909049726216,-0.3980271129349929,0.027961692414060157,-1.3858902903182444,-0.35698084362804794,0.13704238342383523,0.06825014145389835,-0.9739760836574394,-1.668938906755925
-1.291609553566326,-1.8675566986101169,0.68655540718974,-0.4485617320294072,0.31647000815046206,0.48755995707676647,0.25011372269414134,-0.5131514545368628,0.5207853186378746,0.46763207682346775,0.13077041770578396,-0.7783399440457046
-0.47399706531181723,-0.25865244971732243,0.5624252757179405,-1.6751506010222474,-0.8654518389175935,-1.916514790556168,-1.4756957275421918,-0.2687136659834269,-1.9390105633811563,-0.586771654633486,-2.590114670906636,-2.5756964982890853
0.2661625343957796,1.0480905975813397,1.0204031229730655,-0.5188104211590195,1.3165740576126144,0.5305591478201968,0.6483941392070813,-1.3350043939092338,0.7213670948006594,1.3361207926684335,1.667588170188805,1.3788778140642806
0.7256687034916907,-0.027046631024112134,-0.9758164365035598,2.9569016955254668,-0.8928186602206405,0.9864383876725792,-0.7691792914473458,-1.1695871227862664,-0.8999493403254745,0.7196942985006646,-0.5658191066777036,-1.4135904705071223
0.012588742358449045,-0.10880952331733176,-0.5774301626917201,-0.4456260295338857,0.462945103511316,0.2964929707417766,-0.407341307067805,-1.2985357616279778,-2.064558104760401,-1.4523418511453507,-1.6758240586008126,-0.9731414483741507
-0.9273130649921976,0.3578104147816366,-0.36918875893161207,-0.6429222191269546,0.1337743893169115,-0.11090428729521926,0.2210926973641608,-0.5630293889380138,-0.6113772774081621,-2.069360018029175,-0.42571400875918247,0.25267410560670217
2.423713443010441,-0.36156390608315864,0.17309260905489393,-0.4050697338338495,-0.024443258585963412,0.7055623140708047,-0.7001545350281635,-2.195483231419465,-0.8750328050771733,0.3399336823694996,-0.20257013885695951,-1.0962474017231405
0.259021486227702,0.5841848659613776,1.544090597336874,2.2121858210101797,0.877769672253513,-1.9875307500616501,-0.9952654674825663,-0.6062572628352911,-1.2219291610210097,-0.1660765952884764,-1.3969578632951496,-1.3568484701505938
1.0080647089908399,-0.31284697409848095,-1.5113956875446846,1.6405844037489055,0.10393680556197948,-0.006024256940918127,1.2538773075061458,-0.6071568542867979,0.6433234509430695,-0.7221201091240652,-0.14932384843134872,0.09581076960965584
1.5512215475036195,-1.5012844816318993,-0.974484274879487,-0.04978773706676766,-1.1301675850887138,1.08450203082918,-0.5463430349735878,0.00997090962656988,-0.6796951245474339,-2.2364349209694883,0.3500775404278991,0.6264086993940915
-1.532742075349563,-1.1937746313660216,-3.0349660242572565,-1.8235154040635069,1.9901045564676991,0.31303049346859013,-0.15413801139115585,-0.723220575139871,-0.2901921969372724,-2.1050745323945925,-0.12989542664557907,0.4403042742093688
0.012833577106063958,0.07126866881579591,-0.23721622051911642,1.0898672268267204,0.8634802999889586,0.6602742205767901,1.3771359185403105,2.4477460375569535,1.7496192631260916,0.18425271017641687,0.8238358423843278,0.00046080742837782164
-0.7108720845536041,0.4417445703585694,-0.01589840291243793,-1.452020390074636,-0.44268854688864806,0.836659292047183,-1.6869170897072006,-1.6582541324723095,0.1677045062892984,1.3123531861963955,-2.8875206027496114,-3.1866665295295777
-0.7371370167905468,-1.3947286069688993,-0.03441871377243343,-0.19144265851217868,-1.211904878821997,-1.175906952151097,1.414139368768562,-1.826516371512034,-1.1190970879870237,-0.4901244155170576,-1.2400822977817898,-1.2930609534691542
0.5747038078738169,-1.192013184802421,0.7175353131270202,1.1033395899758762,-0.6775377386539925,-0.5713319054586697,-1.269058094445556,0.650815149334799,-1.6421728721913742,-0.41662142402033464,-1.9622933825034425,-2.1256798942889343
1.2467757024374504,-0.04954136901766405,-1.6458822003023648,1.499638230881121,-1.177565793771765,-1.532060196355654,-1.276435791529258,0.7312880843491186,-0.6635469630399737,-1.168181040847004,-0.38181953825103737,0.19471284361429647
-0.8388404541370923,-0.0489819482802142,-1.1516303025946462,-0.27231000828284224,-0.7233325930176645,-0.8200084451281711,-2.0550417690355256,-0.5315740255452885,-1.3820327665776944,1.0984553469104674,-2.5124854596900636,-2.8898197892385653
1.8925055400869544,-0.6966072715456518,0.2673630786871771,-1.4220208218536676,0.667592791398643,-0.8823846143301788,-0.346575066502097,-2.1086655899122473,-2.5765655314954534,0.16595302203008672,-1.3641202360386853,-1.7782463261297727
-0.5290646716180192,0.031020747348697957,0.23252521034249754,-0.15304579967721832,0.31249437383284173,0.4899397537292072,0.5483964953794661,-1.066348488500683,-0.9193926949469874,0.38202939833436494,-0.7260901710734856,-1.624060287859752
0.4522359976139945,0.6917620532665418,2.6142379650188,0.03231284604547158,-0.06629572446579912,-1.6141060916044907,-0.8718988660949095,0.14209952757488759,-1.8610995578335985,-0.5257367708698657,-1.8257934910868534,-1.838473039470546
-0.20974524302243905,-1.5795290180081358,0.3351355169937263,-0.9312053770588817,0.4181383894175609,-0.19292634486176408,0.5941214772003746,-0.6725038045210724,-0.417733709474983,-0.6110367020528025,0.9044041455220602,0.9952504338104976
0.18250423369539578,0.8966318627016319,-2.0559985491367843,-0.14897296447152086,-1.9415390329459803,-0.849068601582161,0.8494750958660267,1.938459734191127,0.19591205637800457,-0.8056279544211982,1.0627582563748672,1.3912306655560935
0.14748023990626968,0.3793456862722441,-0.5838140128917654,-0.5268244473421096,0.33115728774335496,1.1155625331144274,0.5117846965633164,1.100494383935512,1.4264388174811153,0.2594913281312368,3.2040870024246733,2.3884358568207267
-0.3265716502643134,-0.6621299309630023,-0.19372101238310743,-1.117660494047867,0.4497220447212187,-1.3918931521039353,1.3230870262828371,0.5119867775795566,-1.0607690241165368,-1.3077134134161026,0.2435063502400272,0.9641195695839451
0.7657715042779368,-1.2982061820342659,0.8140856146813759,1.8008501372352166,0.8440100282559964,-0.413757329151347,-0.8037920176427887,0.2598130329382892,-0.6730045385306992,0.11241379227876208,-1.1694938895719402,-1.769196474208131
-0.311326583831204,-2.142088714808974,-0.8687022826534737,0.6648448457566594,0.8494416965213929,-0.9908233177295265,1.3888462558053416,0.3654932460372643,-0.2031587676459678,-0.5238777776399715,0.699544552719329,0.6742418255756927
-0.19158777994974274,-0.5484024684194193,0.24517523855896572,-0.4293083303473649,-0.407793605421596,1.5910479437595844,-1.2584007122127705,-0.7131317895282603,0.22292688513147377,0.6629133417711662,-0.3742339933759032,-1.0848969856567146
-0.4193198561587415,0.2830016842537763,-0.5757237927328714,-1.3956842526602369,-2.0477098640423037,0.21117704694672595,-1.539405756761602,-1.074878177740334,-2.861460078126702,1.964153068563529,-1.4250909795258173,-0.9231908372681547
-1.3706530376250772,-0.7068891156649658,-0.3338439659566125,-1.753642799723491,-1.342847876628191,0.17445693375821297,-0.3460230920828813,-0.16227172611315416,-0.24359700539814677,0.020202000570150647,0.7084829860535641,0.02573153623425739
1.0768329776725991,-0.2530201061293166,-0.7095891275591446,-0.8692989810279258,-0.3275128759979601,-0.25822037932425157,0.307301000183205,-0.6163091708243564,-1.3015729518437895,-0.38393506845323794,-0.6809354616113965,-0.901722069537642
-0.3020422896438078,0.9157339573121474,-0.04225733294465315,0.36535144278298604,0.034833310268265916,0.02821930395470662,-0.24012404796494896,1.758022436329511,-0.37965079273019586,1.6745647206591303,0.8668925357877086,1.046755365990832
-0.906268030109084,-2.4815017174239693,-1.0353657839133104,-1.5089011952536464,-1.532504187275324,-2.0868967325615193,0.9459543194647524,0.782112207874114,-0.4029138523316907,-0.48536120253686366,0.2573060217712608,0.25149841193092476
-0.5143919009475983,-0.5102700469540506,-0.849456527664008,-0.9788064014231469,-0.27758063332469696,-0.7587882502502207,-0.33775670901634597,-0.6343979172757515,0.5244191172327908,0.003698390389777151,-3.095256427973193,-3.532215648494453
1.6518602798911772,-0.733974955525375,1.1326077809158792,-1.6827643389345277,1.300748798864987,0.6824257453764702,1.6497241738221131,-1.6373750372052136,1.162657179809191,0.6536619669673978,0.5278866845488294,-0.36803815442001264
1.0482804661123233,0.2990094707548986,0.275418745960414,2.0335381199179707,-1.8210214613211582,-1.8595103897885523,-0.36797502529894466,-0.6690797025355413,0.06185104670409447,-0.3162520553769778,-2.5796357383635047,-2.614130388237655
0.5593807177321876,0.13447188766674464,-0.5844759879122408,1.6116655211997513,-0.4429029928756661,-0.6713349458340719,-2.444404580243286,1.2116398061508766,-0.17335524893487553,-2.114989420045121,-0.39950336168530276,0.2597180117219231
-1.4515499856229301,0.8825194629900905,-0.9197389131343872,-1.299999530274907,-2.0693607723600542,-2.1611196371059203,-0.10429553737452849,-0.03667237678211821,-2.889216311970241,-0.8733522351704173,-1.8231709040533834,-1.6993099659698094
0.025459686476169526,-0.8076199769686165,-0.21478292134545585,1.0709681288818382,-0.5686759725167198,0.2932336238629013,-1.7891328457461244,0.4531479637687411,0.08031363374670875,0.038404440813953555,2.146542028915823,1.4378081603418744
-0.9983139025022068,0.2551535898552871,-0.4228698585367512,-0.8086370988559587,-0.26390523935121096,1.6369253227975786,-0.643118561263518,-1.9067009897636413,2.313690468835013,0.44938513308626604,1.8886895001604418,1.1707117928874486
0.9291667497276018,-0.2703559292032041,1.111695904090799,0.959249422887497,2.6923792146553778,0.02418945098511971,-1.016114411746952,0.455771044892893,0.5748671146997615,0.14709500227899958,0.05577577979360149,-0.6831978279216077
-0.6318497696826539,1.407102196765233,1.5250726289459722,-0.07678400013609321,1.1827118463042556,-1.197889086503232,1.7751508430150147,-0.27002897307412616,-0.5500583044297709,-0.026629721697229103,-1.588105677136207,-1.8426163910866673
1.189579378469647,0.3419907297674257,0.3408165680470097,1.3003595238694015,-0.012654467484562781,-1.5317569307555794,1.0108704805307793,1.075538781789773,-0.9274034011348784,2.4592114154747717,-1.1434042228402492,-0.40219030105074594
-0.7795480125832825,-1.4917234744233037,-0.5185464401934761,-0.6938074986140415,0.7145235211717351,0.1285395424446215,-0.00516697681439604,-2.598150706587013,1.1935011091789356,-1.8637415129746502,1.7381742243573735,2.47175377177295
-0.433467947109029,-0.8301943238714401,-0.07979544001914834,0.06875180685816284,-0.24109418392841137,1.2302510314813666,0.8114262638397933,0.8503595362337782,2.460454193370753,0.8285919600167602,3.603796079755049,2.8656565903787996
-0.4503839553170825,0.5428566181731315,0.8214264465319039,-1.3755797695230443,-1.1229582062249328,0.3252495114292233,-0.503212255755171,-0.8557772415868753,1.4671907317906028,0.8095591729127154,0.6315621842351722,-0.17971564715629418
1.1997985519714685,1.3847667385488804,-0.8668807195432994,0.8736278662254329,-0.7056610319008582,1.274102098338214,-1.1979509430739446,-0.7789991685016452,1.9736700875700144,0.4560808814876286,0.5166040341174122,-0.3219603703284404
-0.26312432707753225,1.6216427210250361,1.5110407842099909,-0.4852531226239851,-0.6455328083874066,1.2845528297820197,-1.9041660890255256,-0.4922052241215384,2.1035288748715053,1.5617031569531734,0.7108210600510305,0.7235706740475103
0.7195433174870821,0.848094865754915,-0.44242952447129386,0.9955420395113744,0.6791118411644594,2.1357279684569446,-0.030117797846168193,-0.6341171355768891,1.8403354866471227,0.6147870991155375,-0.6081876590491019,-1.078521817257976
0.10595944950023799,0.711004652508063,-0.8511128764308917,0.1774998755264232,-1.000534195190935,2.721619851200538,-1.0556558598762695,2.6160942913029936,-0.012952149406305735,1.24431568718007,-0.7657464903977298,-0.7139388536293818
0.41984951612832655,-0.9069458716535124,0.25564013029018007,0.26118263406497927,-0.717941131194346,-1.0897082833323517,0.5631698175562733,0.5143132909012473,0.15436716582581014,-0.3810328078445667,0.7907356588123856,0.6411861166564503
-0.5679802886581149,0.5626324661875993,1.085112888643489,-0.4373396625276584,0.12498905425100304,1.9169535496364594,1.0509500961966407,0.051009143929762524,1.23439648524583,0.4203469626679771,2.358616669012247,1.7689393236706255
-0.2164375635943124,-1.7663492422559914,1.3311560210836952,-0.11283468915400485,2.3393983631264024,0.08404430739862145,-2.073584239011143,-1.5810981875799808,-0.9771793772131575,0.5611859882039129,-1.4459876736091144,-2.2827663736899924
0.27325760759439377,0.05356574347664608,0.3186341110964421,2.2194719635898097,0.4603460644813164,-1.0834322212508831,-0.8871168408864766,-0.9785584028268243,-0.5107778321678274,-0.5309293848323248,-4.510769471427642,-4.527484640679418
0.10083312377203227,0.02137085682507148,1.0828226142506894,0.19623204596900493,1.8201690866713591,2.617508759116566,1.8615154250623944,1.0166576695912877,1.9089274588518008,0.6314497468446337,3.2085187190407933,3.0236217509995895
0.2485203623348313,-0.7891937569181356,-0.8199367439386165,1.4058736981492976,0.44021140160886696,-0.6725606438039424,-1.737450466475444,2.772268810998829,-0.6546079714479314,-1.587078088883718,-2.8004015122076464,-1.8819773064749663
-0.8593385993228125,0.44907079043778353,-2.202636416065203,-0.8924520849789667,-3.3194954026792676,0.5469474892151965,0.611788739835512,-1.2953872921713223,0.6126024809319155,0.30173321935296704,0.4150562937470891,-0.46365717159144215
-3.4658033901374234,-1.791091974823323,-0.7007571705942729,0.10927585915408078,-0.7394959295245076,0.9829616333950593,-1.3586858862020421,1.1899860743904345,-0.07611157324826007,0.16617956022226799,-0.44500207084128884,-1.2285649171541415
0.6539652514984329,-1.7394624062444783,-0.9588275273736883,1.3256258663302165,0.25619197382455816,0.3964425185389209,0.2288309208657919,-0.16064312521929636,0.3360273407696763,-2.5843462381840068,-0.35276151140704937,-0.27505349407072144
-1.7742129609685147,-0.002487271424529659,0.5702724046846567,1.4698250937910915,2.1642557024169737,0.5646725417763742,1.5165367992592358,0.02477983723812316,1.0904515821191976,0.40578140614142355,0.9037406521026017,-0.0035860308859452794
1.1128926899941403,-0.16968504980442012,0.839451730854253,-0.8952940982348726,-0.18795278743841015,0.68633331993994,-2.2082625184607148,-0.12045921863767028,1.8443181666086135,2.5335794901305815,1.098851218857478,1.6268986094453972
-1.06853771279359,1.4354072269797429,-0.3751907364986616,-0.45488234997901256,-1.4485944156026025,1.6806199354347522,-1.8961012619729112,0.42574402098361785,-0.2510491242777927,1.4422397843806287,-0.27177399235290034,-0.33936185074387726
-0.7333773878998401,0.4631534242934046,-1.2042747686249364,-2.064486551772306,-1.4750286442186173,-0.5899146811136278,0.03984648574697469,0.15152457811473646,-0.42290940609578953,-0.07134876056385364,-0.7590478985594398,-1.2189852760363524
0.16216328798029458,1.333195653558729,0.9058374621403228,-1.3010409709415032,-1.2295535674019242,1.635614344591286,-0.8147678833166634,-0.9288701695980064,0.15443625154492138,1.0501364529401682,-1.002016572412322,-1.4354408786437398
-0.5662634854473965,-3.0942977752522776,1.4944120494634785,-1.2682990492076145,2.0440856338093423,-0.8390308336911652,0.06136144227593193,0.21476254819891227,0.8265775791981476,1.1908875857405963,0.5759791004463334,0.2512748225452037
1.0093062833428372,0.4516706132110369,-0.734495299768252,0.5847067631641183,1.3471117195782738,-2.088796585275782,1.3771117946402387,0.300154670331391,-1.5055972090864178,-0.8400607930162126,0.2916140836037146,0.41518050268847334
-0.2236302623759972,0.24531845765776852,-1.0635054506652044,0.2886580036143567,-0.09073374172311899,1.400448755032068,0.22558274437874903,1.949196762486244,2.0625291979390052,0.5420509820352134,2.119269914143622,1.3165116141397082
0.8418233311697761,0.7695493895906087,-0.617246464858344,0.9295875800240614,-2.07222132451676,0.4066883024999647,0.3560796653968197,-0.9182460144303803,-1.8586041991478814,-0.09319664573204828,-1.5024150619835146,-2.0941430913123646
-0.6168513787802511,-2.4239997388271863,0.5122930751242022,-2.1302987246488003,2.0803952746161447,-1.7211473102001986,1.0612822078821882,0.7551536079334714,2.3308171980357884,-1.189169859097164,1.4928497978299498,2.017545940149616
-0.3661715919961918,-0.4606525076341489,1.2685784480102629,-0.21125589194573363,2.346636869551235,1.8937784251521397,-1.5532808936864564,1.3727206013563051,0.9648121761519164,0.8129556731811638,0.11937529359250176,-0.39375887311193764
0.26986693299355824,2.3455220155351397,-0.09568658454111403,1.182693902863741,1.2647481529431366,2.425100802821505,0.32026528613946426,0.9698636691873539,3.8653321074873728,1.4457175325865934,2.7638019298701773,2.7716663217878628
-0.7740853157703832,1.0130727464286942,-1.505325463400489,-1.677545544276159,0.6631075118572665,-0.19851088586486443,0.4166684888584931,0.2313745097754017,3.164905652590753,0.8362235996920544,0.9860904619943391,0.2972147932257764
1.0667865192299972,-0.08075393219145349,0.3747017291810728,2.0587311635865984,0.36295251496022674,1.719050490460355,0.27924413884944965,0.13448517492435247,-0.05013599402771218,1.548803283563053,0.5706744978282802,0.5714977647081433
0.9230945839034359,-0.35459419945884435,1.0730047635665294,0.7211144242086514,-0.5873359244743825,0.42661080275932395,-2.6367788137380206,1.349774612290588,-2.244094376666262,0.5049717791578223,-0.7945455836557267,-1.6984211721000195
-0.2936391560009125,-0.8215041316637618,1.320926942091659,0.4993858810598587,0.29731765762311235,-1.5462036764986062,2.1433128689374654,0.3146104208327104,-1.0158101141284774,-0.9709850142695584,0.2210411708543174,0.6109102378576079
1.6951485842821203,0.42605281377314463,0.3502791545678628,1.182158480268207,0.2718652499420354,-1.4366148142578432,-1.0043719567799134,0.48036879104321156,-2.6540233419965262,2.1801805099547042,-1.3585507957381509,-0.7417213486320617
-0.2658515861016236,-0.5769178503145967,-0.534104007087501,-1.9877422594297949,0.5411089373120986,-1.362705806525462,-0.8849745269311685,1.3722579188512662,-4.753072516914811,-1.4863273235413965,-1.0127380115774918,-0.20917361353059133
0.26435768149229794,1.0269585402051322,-0.7850367892427131,1.0593387257333393,-0.9224765799567435,-1.651303271949066,-3.0507471762890725,0.9984127102448281,-2.291372215591776,-0.5533544312035872,-2.8017544162037917,-2.79816650890858
1.9888305380801796,0.6076099537058224,-0.9168776847111759,0.0352035121751636,0.7402347041103352,0.09666256891277492,0.889198417513269,1.720477586568529,1.4741138986457774,0.8640616671846714,0.9900491171625467,0.24238146381409664
-0.010701409970392668,-0.8725596236814346,-0.7668654739336456,-0.15226101414809068,0.1338944916818975,0.2165339005126411,-0.6147591799518675,1.4593317986613994,1.5434684529776135,-0.5663904437286198,0.770918451288598,0.7980128279157002
0.6758477100845782,0.8094840218122286,-0.06502999843992341,1.2799227752932896,1.3278380746944802,-1.8618699146143127,1.513046275770109,0.9894564029500627,0.6376298351597143,-1.8340503420305074,0.2429165946409626,0.8087322530523671
1.5342567755836465,-1.111073663644036,0.7049326942406006,0.4069473481767759,0.21769639390694928,2.009611466285284,0.16527256376233038,2.4249375000084195,1.8374432336958488,-0.10704469728253366,1.4760856877820268,1.2216567021665807
-0.3011693972960278,-0.7710628162684473,0.5531971515431736,0.3750875445447618,0.7317049458769416,-3.8805827763686467,1.4032780687272441,-0.11626649873645112,-1.2927355057052394,-0.5747535846420966,-0.10695166174411724,-0.14254422940822004
0.06399818664101879,0.24933559928240148,-0.9001528364518048,-0.23619351678138945,-0.2621886826283262,-1.1353157889617813,-2.6608707770217057,0.38806749426409737,-1.7664834240579124,-0.04922790251337411,-1.1040866714221098,-1.3822732099012283
-1.2252586915068153,0.7220975554168776,-1.2598305451199945,-0.19389874078479885,-0.420865242310582,-0.7406229228821912,0.624584470877718,-0.019954853476661538,-1.320263017430431,-1.0178477338035683,2.0365175377160045,2.632557254525592
-0.8124011086776771,-1.0429843332573476,-2.0831318414505224,-0.12052406955850903,-2.746411141826421,0.5231037678159426,-0.45353834841087304,0.13708375587047456,0.8000815493889317,-2.262303552182636,1.092434715529243,1.505309686537296
-0.9180869538989566,-0.09818236573232526,-1.6524054599416198,-1.3773885095898613,0.3766269768023086,-0.9121331250736887,-0.15375455511009373,-2.97367625935504,-0.08964721069869164,-0.596840435579199,-2.480040254255711,-2.421577990992681
-0.7932671094970716,0.748495151666867,0.8539966203201762,-2.491466978761731,1.6601838748040496,1.488776504980129,0.8802425858321141,-1.0506630715944243,0.9461506987617344,1.3379274958739267,1.140054482209874,0.9563606831064391
0.12096736318690468,2.3182477209793806,0.6660092039954105,-0.23271105070426623,-2.0192751813839696,-0.2986007680129489,-0.5375976184760584,0.4521571338762854,0.24441163098643007,-0.2214430247572141,0.339293641299719,-0.0639356868109438
-0.766599951975652,-0.8217899460015156,0.16966378375569463,-1.3368322300939663,0.38044453878707757,-0.3888758774252271,-0.020022392882607765,-0.05715766866719063,0.024246130760525064,-0.7478415101518141,1.1090217598576437,1.388565884960219
1.2204961881217669,-1.2774239416429096,0.09936052541137147,-0.26763391700577777,0.08878752509960583,-0.5863881449872459,2.2698821350383005,0.015989775026141073,-1.2540475859198883,-0.6257146901081874,-1.433862891550534,-1.3287536746584014
0.6342920997823088,-0.22251258358375095,0.555727675842599,-0.398302134297133,2.0745846203319545,0.9534226062199121,1.5628840905535257,0.3435264631336318,2.488197169800694,1.2872313498452468,2.109140487277704,1.7901370414355302
-1.0108615942786667,-0.22348278458778054,-1.0577980446597153,-2.7422872712889124,-0.6444144906588807,-1.7658438073415734,-0.6747586482338029,0.6649898362803863,-3.418645087861793,-1.744094164768558,-1.9129759465989573,-1.2694814147693472
0.25482309378979867,-1.0938830338715837,-0.14870526664891043,0.7193033464689456,0.1651382553428542,-0.29313596548912746,0.9394123176005738,-0.1399675451967236,2.394405314295711,-1.3386898248896861,0.40974418420947256,1.242108169601128
-2.2284832919617195,0.28804015941609445,2.0184871662164277,0.7412269792496604,2.184008032101887,1.7970701989137046,-0.573328866892809,0.5816500374120552,1.2757060555988287,0.16194436778623933,1.3602378961055268,0.8199482757838412
-0.11435300644439785,-0.8472937882157197,0.49755151280731513,-0.032018838760762364,0.7290502514886371,-0.8790359186080631,0.39432243677730533,0.1583197901217759,0.7618323558307796,-0.05042296423288478,-0.03572052524157608,-0.4113250973314174
-0.761437197847068,-0.717193333668923,0.6398587161890572,-1.9841456648095488,0.4330021271688629,-1.2496612203362207,0.03545805411751135,-0.16194835500815663,-0.01600741730032884,-0.16947000173211071,-3.1180008394884666,-3.333764314313295
-1.3020443890608726,0.19232894820348853,-0.19260883292286377,-2.0713254030852264,0.6524933456319087,0.15666620523509361,1.6342496165920193,-0.11559471659460258,1.9578125771688741,-0.2555396952271499,1.4476991355778663,1.0478627876198994
-1.6877157702174803,1.1200810598731425,0.12400659467895986,0.7119855772502611,1.4124221228350051,-0.5993324435972708,0.13993701820517856,2.8652191328670336,-0.2942925653667019,1.6890965061645415,-0.3379888331592309,-0.1468767543550451
0.45176364267778785,-2.3355313196175267,0.6716356922055566,0.9900053176742025,0.5471878873543028,-0.04998591223834015,2.315069331422766,1.8191146968384455,2.259811644497946,-0.5171887148506138,1.675908698771379,1.6330390334351754
0.7497471064823628,-1.271398218440348,1.5790187642900644,-0.06212254796072425,0.21921750067720558,1.1084102283329944,-0.2359052871370796,-1.1622398627044341,-0.03835853555362079,-0.7603531230941665,-1.6103909429027996,-1.4307536222532897
0.3972165734067343,-0.5074183506414561,-2.114986455744168,1.3617872601429437,0.37442012260793234,-0.7709438849288314,1.4921107910061495,1.790352649726075,0.0958093642717825,-1.421921613540766,1.3315430672123738,2.218977189479462
0.4054255796481044,-0.3349105160542527,0.056062300000521176,1.3728925915737937,-0.34655318876515795,-0.5828648134250844,-0.48651477334147886,-1.0975888790231911,0.15922113086447665,-1.1834923672630877,-1.700898812424036,-0.9418604023785445
1.0018770444922604,-1.1247204955329986,-1.4487517761834903,1.816986390497407,0.14199009113647099,1.0001404205743523,1.63979404173079,0.3354397667551704,0.3884411724854232,-2.9336866502935446,2.6824960086153533,2.3291654159077453
-2.0592602958381434,-1.8685500798446324,0.4640059173206681,0.6244365737818718,-1.0525924210573394,0.6877737386294289,-0.21671021490206133,2.3285411188568594,0.9567376303335522,-0.6638785086087974,1.4410759897336058,1.5813023473425898
0.40849675782995937,-0.4949255947325124,1.0770794448262848,0.38995315236905137,-0.8525306451107793,1.0886400189964691,-1.389644598881288,1.184512739780064,0.9238556627790772,1.578898098065466,0.18426904482757112,0.21636240473885682
0.36667999428726433,0.4224718069646135,0.8901022577825249,0.31818371043881977,0.31917004502809426,0.5799646225605208,-0.9207285403305236,-0.17807422699315634,-0.05220959033246775,1.443939667639707,-2.3745894513330557,-2.5136243642133262
-0.6951501673745374,0.14667462352080646,-0.554328306780458,0.543080079431149,-0.5303063306923341,1.1503794761438089,-0.7361483611408589,0.5501793041054912,2.4265897667373606,0.7147941375347494,1.4197743626229555,0.5990015061594025
-1.6991971342656214,2.5096950122632027,-0.2990783008415462,-1.6868258963538674,0.20481781837641572,0.3900967235115468,0.07590935872838095,1.132115648964402,1.6334875087130785,0.5206049585378583,2.1415457510533207,1.24246682570066
0.8701568229995249,-0.1058223319706801,0.743594304080597,0.40537959567901793,1.9352968160490627,2.957166156377848,1.5530093159547471,-0.330305717977731,2.602978648837827,1.0119934828680925,1.0641991021012693,1.168769841315642
0.25955662330218887,-0.5444636186715427,1.3765455000799713,0.6631799345055852,1.0035235944422505,-1.3861740214312777,2.7845388660448056,0.057866184232297835,-1.3009024298105434,-1.291492536753128,1.478919319018396,2.191380591412278
-0.27870400235083537,-1.301110506822451,-0.8328061271344548,-1.8556275481484152,0.48634061965051356,2.953302653894043,0.8024997823662796,1.469449888929569,1.347077181651349,-2.8508695371723833,0.6342015201903239,0.7346523531485978
0.43118462917029243,-0.2912976556368193,-0.5937418415387037,-0.11030310235578455,-1.1882509272866029,0.920046301863821,-2.731856956851197,0.24835855038120105,-0.6350555063306234,-1.8717026891283939,-0.50735099525302,-0.1092251887014728
0.0032463033819832253,1.1349615472190007,0.817910346284045,0.01926813903498574,0.9130990794557073,1.4421433715722225,0.9075248342003492,-1.173078915754135,0.3912475775181079,1.2066536023292744,2.718061615499284,2.388164934791155
-0.7092599989235249,-0.5033661490613554,1.114732640900437,-0.8854265308570023,-0.08499229069924952,0.3748740690983855,0.9825296072937377,-1.4781535296627144,2.284100299315377,1.023208226284152,-0.37387051624936474,-1.0344305043572979
0.0002948410808813358,0.028094835888260585,0.037769596115276034,-1.9397085689069729,-0.3371315542425141,-1.775656815710652,0.5015947743774307,1.166126137657459,-0.41069223418821454,-0.12406063531716646,-0.3390088274744959,-0.3640783875049529
1.3242651286800604,-0.6323780490602492,1.154935715077342,-0.13050561427162544,0.344175550701057,0.5834943387244025,1.3546147960128394,-1.306781160080977,0.9442472283221854,1.3784585833800485,0.2163136423778906,-0.012203322801648958
0.6692546808525558,0.021727122789055354,0.1069321955230124,1.336616816877624,0.326086576826091,0.7499967695412328,0.3393163564935908,0.5772204737614052,0.7224640004689552,1.4447067331352739,1.421953894951101,1.2906093832609318
0.22239434397868132,-2.021061124823193,-0.4290264240314906,-1.4188367291047164,-0.36228347255002313,-0.692045900539702,-2.3849776797221245,-0.9805216094675239,-0.3007949220004186,-2.2172825823176505,-2.457101906836831,-1.9087316728986887
1.627617828196,0.479390820546291,0.7815768607191343,-0.3282289022869803,1.9296541522490123,1.280191300823017,1.577208388355327,-0.09723901136162078,1.7362949893546957,1.4927721862625392,1.4601002142349158,1.4091767133519824
0.8025414131765881,-0.5681826759500062,0.313172680802538,2.5770527541147192,0.10674572833563983,-0.7869368864187509,1.020691778376283,-0.5176298861260755,1.0362149156753082,-0.9582854437425525,-0.11574454374839466,0.4086756797943972
-0.1489089186627125,0.8484733797742587,0.5789114491762413,0.20018854120427826,1.5111809248715833,0.3660858477553002,-0.666341032545145,-0.20083976398920383,-1.3101026999386416,2.609397716853114,-0.3827677508710839,0.29949404966908405
0.2548026858122521,-0.7845524680910626,0.3537134443289604,1.7140801620332309,0.774831119237642,-1.9130680990276545,1.2727160173842473,-0.4024313986064755,-0.42861228784108424,-0.7872880744826904,0.4914825575896441,0.6217626676163375
0.9735414241903769,0.016688849519203373,0.1572856850919905,1.0181198795432937,0.42665939821366405,-1.124795259243671,0.9111880167182115,0.049146630271185265,-1.6963159821618858,-0.4141846682901844,-0.06327824346173726,-0.18332846294436322
-1.1144207654055125,0.020863544564472293,-1.662949514832882,-0.6129388965612294,-0.47214679338163945,-0.5282145298705843,-0.06120968407664096,-2.0966702551650487,0.36886233740592145,-1.005362635237135,-0.12719095842925426,0.4676817572000644
-1.1797195219159882,-0.34630471594407053,-1.0713993803720505,-1.615071989229118,-1.1312077686617803,0.7034448267012843,-0.29402545356420917,1.6426452052125977,0.18327675398068616,-1.303946763398948,-0.16607217965464693,0.33852715503937714
1.8297932534509993,0.1928609955717941,0.04136686702331885,-3.3024302479305616,-0.5221555743254673,-2.22363717698234,0.4703928944546387,1.1283381260812422,-1.8959111328733265,-0.5017656903118088,1.5850298862281502,1.5862149655206799
1.3031285347956076,-0.34242858125241404,-0.7651994314881972,0.6185729928412016,-1.6269495312479445,-0.16343750180176314,-2.228381868165483,0.19396557957648874,0.07432059727977602,-0.06983469331644931,0.43318235610674005,-0.1275469059831824
0.023139536311585083,-0.4300007488411349,-2.023802854871915,1.2879816222171396,-2.045579474224921,0.5408514246115309,-1.5540489948962009,-0.26299219819250697,-0.21446509948828807,-1.9164291290284683,-1.638748536788406,-1.0679997953839098
0.5206185082362578,-1.8112367850126359,1.0292864898354073,-0.5369783796191322,1.9970139337792885,-1.1593964439497189,0.8220402535387923,0.2286538339594768,0.3869075966574016,-0.02001787105400124,1.275819962010905,1.0044577695806445
1.845413648254674,1.3944497211161466,-0.4074167228439258,-2.7103175252710003,2.0228358711846344,-0.6548685292537242,-1.4706297412823899,-0.30054127350783866,-0.5817277795840291,-0.6103495932061815,-0.04606674741401373,0.036569229498963685
0.9694841321327137,0.21839482523031903,-1.1727881276355028,-0.980401376718966,-1.4904456599625608,0.49333498227659767,-0.02494185336967869,-1.3722898827511532,0.3489996941187008,-2.464002318740314,-1.7102211890895813,-1.4869419217838096
0.04984540935372214,1.6828711366876186,0.09814852270679564,-1.1575280868597682,0.48508896377110067,1.5063908861156992,1.7878928525164381,-0.20791333708041404,-0.3044785847954178,1.1606740414509498,-0.13237630958227498,-0.49504418073206335
0.8945142816429377,-1.087922300793048,-1.1808118360241822,-0.9675218365298299,-1.736902823594661,0.959898805583971,0.36787802279803394,-1.4031735045919227,-0.3993328620163552,-2.633920325528233,-0.5943538498217811,-0.5857966123561806
1.4969653329722452,-1.139207740139684,0.7868892675463983,0.3680074286551923,-0.10065358554339843,-0.18778281989710394,-0.04116093589131058,0.6396865498478042,0.1333857205892517,-0.4748165295196205,-0.2540538680258909,-0.3556848402589948
1.6378994335260673,-0.29549664349309523,-2.149578768764447,-0.18879006383140073,-0.5989571797741862,1.442149779538358,-0.3371109671949579,-0.18711316149133037,1.0255108820668037,-2.3374953878854434,-0.05967671459704882,0.08384025224796099
0.3601224221146068,0.4269431290652396,-0.6066485423143902,0.12784675824325986,-0.7607811038796882,1.0734973502189065,-1.9224161087746152,0.5232894336467083,-0.5756421114585193,-2.76464468066204,-0.46529159609158977,-0.6030598925626905
0.9838424797453305,-0.2826636091199994,-0.8420117489190537,1.722708562250973,-1.5425202020355773,-2.827998835007477,0.005168533228382399,1.331717163762271,-0.8299343872110401,-0.9927932164712066,2.1465411040565314,2.080763222996927
-0.20257305497423014,-0.4032169912643323,0.05735502935083022,0.23118408076470592,-0.6901597198109113,0.06059561755025175,-2.6715487743731128,-0.7392142724886296,-1.5705021892993756,-0.1592855871514389,-1.484397561344079,-1.99039770515792
-0.2162948000696872,-0.9107780277820525,-0.562307627914254,-0.5632726065053193,0.1818591696394828,0.6392021308808167,-0.3844773965246851,-0.24454772994772755,2.3742601916947335,-1.2574324690048166,0.7406160528312071,1.2666599221601245
0.8592251058978191,0.8805684242125671,0.7621752825379153,2.8803701440211493,-0.2357975980950079,0.3453634095841577,1.3150291900864672,-1.474331439859744,-0.8686242903188911,-0.3683207441457046,0.0918862023202347,-0.15875591999578798
-0.7024438154186865,0.4293975918451606,0.21578561536124227,0.070742716613306,0.5010795870289241,0.7747692310503383,1.1374910299968615,-0.627034773994391,-2.267159705478521,-0.7393904369713378,-0.9216832820504065,-0.7110202350429716
-1.6319559025084847,-0.3590515992354749,-0.3346571506499923,0.4347635934241958,0.45563954183531025,-1.27189850831435,1.9936267645790764,-0.47190556822120233,-1.30807540608356,-1.6533759405484536,0.06744607054542329,0.9049214453298632
-0.051718811779352704,-0.0398181963080869,0.04194035941728592,0.08088316552822665,0.49229560355107044,-1.2278144422817554,-0.5299352355933891,0.8338221776909144,-1.959528941906794,-1.3455891120755936,-1.9579694968013848,-1.1713443127137682
-0.8212829534773864,1.0707849066625323,1.4538546301065536,0.5758932564168483,0.959406052015182,-0.466650945649943,1.1351809341687042,0.680467448614775,1.9305630565008336,-0.48095496891340783,2.032266944393806,1.9441770078271492
1.7083427510362117,0.8291635728540638,-1.1798970942600295,1.3383114149231918,-1.0705140753829032,-1.1472505354156768,-0.06757520163824648,-2.025268577180614,-0.7609034358912116,0.10618496765899205,0.0933062263804939,-0.18688952138274373
-1.5287533476689945,2.3958817714468665,0.12201376787407274,1.4276152881472313,-1.2837257902686519,-0.6258179350825589,-1.0390210000978355,0.5034803243887039,1.4247736329350893,2.392171614527828,0.6711608194291071,1.5506064814008242
-0.005102791025546873,-2.697821539239883,1.419933208523034,-0.35874951958730783,3.218802049154582,0.8884208492965822,-2.8299323844979387,-1.6758354615198172,-1.2296822438710844,-1.0460935989295286,-0.4709679294022401,-0.09808199065578693
-0.9756975403154261,-0.6512459269190186,0.10024438186012344,-0.18791901467130345,-0.21894875295365532,0.28623224353005644,1.3340952993539283,-0.7084176885713278,-1.0566320849137845,-1.849513476831682,-0.7621297018695176,-0.07655652091862597
-0.9617695313882889,0.6630422592731121,-0.055669183422075885,-1.1389329029691906,0.7862240325343787,-0.4103148732661469,2.7197876740015716,0.24502110119400233,-1.1947517623876698,0.6492674786241002,0.023884377783709665,-0.6311325097175055
-0.4686775936930722,1.2874748567901866,-0.45383681829628875,-1.308689201903571,0.3172377137449289,0.10369182407014033,1.9817462574609384,-0.5013227858687364,0.8610716603781963,1.1528064505944589,-0.27982379726062545,-0.7959387933219118
1.13377048830451,-0.7619518576144816,1.7487073088289062,-0.24918766677441906,1.1504078253284393,-1.329935948541983,2.544721513887943,-2.1001754742579055,0.7191887742514388,-0.9406845038099593,1.4502335354889782,1.8631528742535814
-0.5306135784772255,-1.1558207990897607,2.7539337448792387,-0.6831038602366535,1.3783048608690922,0.550921678204394,1.3278327412428659,0.2582681597607017,1.0254593202822393,-0.10888600701657605,2.768138200626055,2.1957258847160404
-1.488412088849135,0.5119568886629412,0.5490809500166414,-0.2413755293492402,2.230345870173486,0.37089031732238553,-0.624908138769533,-0.6788676407700853,-0.30922199427621994,0.16922185291893,-1.161011531634303,-1.965414057551944
-0.05138738072810997,-1.0715111051998425,-1.223751121597945,0.2699708520234921,-1.8161031752441352,0.13613910357542736,-2.826401128488201,0.8442643300703918,1.260799913884271,-0.4066003910647089,2.74673742197025,2.5473035015636585
0.9298989337408771,0.13018870667539328,0.24241533710740973,2.212899484759044,0.2621339528347938,-0.24117409124842293,0.25967657413126244,0.06121637044753225,1.9360346091598228,0.5662447846590503,1.2122526772489488,0.480867741375979
-0.4043279020614095,-0.8569327323586482,-1.69913322429083,-1.425304828176139,-0.4571155482495842,-0.3922289931931797,-0.35047938832025005,-0.31369734727550574,-0.6926527380232882,-0.0733373618843125,-1.2168654428309313,-1.7273083667779148
-0.1926089506872544,0.2089072595606325,-2.1431205262864546,0.3715533400408194,-0.6375465901068105,0.2064564192440741,-1.4343164000736337,1.5722125179724655,0.3218136967777757,-1.4892515086501399,1.0326115396268696,1.7738159726991447
0.309103172040751,-1.0053550500378121,-0.12200717427835521,0.7514833842068279,-0.06533018848274189,0.4935135295340535,-1.6244992415079846,1.2353627386524604,3.3244823372586794,-0.8736112843481233,2.0226719634485866,2.3973850173950813
-0.9992658857946921,-0.679063978753902,-0.8160894805456405,-0.3178183883051995,-0.23954706010055227,0.3339871823664221,-0.4887100427517306,-0.44332789461557737,0.6325365443362875,-0.12150691211588427,-0.28884510886695486,-0.849269940199471
-0.7820649035899873,1.5716559089437037,0.6071429578834763,-0.973781146354973,-0.8862382891440326,-0.7111546585827814,0.20398333303343585,0.36570337342016535,-0.9087218923870177,1.8337155243634358,-0.46587617141944193,-0.08839203385246175
-0.3550221136444618,0.5283404671282314,-1.3893515419134734,-0.2544428574125894,1.0117556855829586,-0.581689725088735,1.4154197421372845,0.2811777813098846,1.1661100131316582,-1.4643506966058686,1.356375670925809,2.257081251608038
-1.2394493694335604,-1.0686575539655563,0.9136958254508347,-2.4613863025509444,0.44249216058323426,-0.238015252544271,1.8935205124166397,2.666952627825115,-0.5667107247254375,-1.9704458485413108,-0.05885944253138775,0.7040542598409031
0.14416214621685983,2.2057608339824872,-0.8821695315599108,0.6693686320514955,-0.07990934519194326,0.3218260971392377,-0.34442490501557055,0.49962793833604896,0.5268349499206088,0.3832636301911293,1.936605937191013,1.0580465275015318
1.0867009940211045,-1.2527532634609542,-0.833377544300454,1.4780087050427793,0.2816695382503195,-1.0509808156165494,0.5776362499114677,0.35462821822910817,-1.9517771574740186,-2.106680458769032,-0.26352720276374186,0.3580442825865583
-0.7045284835817107,-1.6648013250969598,-0.7248595340203963,-0.6313785241983597,0.046731637369769596,-1.3937835595320525,-1.129297526447885,-1.1048978784827643,-1.2479144904634953,-0.9709657975993066,-2.1289877428324653,-1.698688912523624
0.7048635753597452,0.4898127712965045,0.4839389430697391,-1.09682920086159,2.597651563142001,-0.28635971581357944,-0.8171099014315506,-2.717900636346455,1.1567107758030701,0.6031268160413006,-0.752754417835169,-1.4636701171195838
0.57877739677816,-0.7555582458484466,0.02695192931362305,1.337864081240181,0.15584716980188623,-0.8704374322490287,-0.3796225350267371,-0.973276208779139,-1.1120851209984968,0.06695810406069669,-3.5959040577763437,-4.003364965265197
0.11529078485351504,-0.4801703663100093,-0.4100793026013154,-0.24041473913637715,-0.6034058797778699,0.42653178927567603,-0.22303081743685127,-0.19151151828210602,0.3241786173268709,-1.232305535224853,0.9856013820371244,1.5895924365936538
-0.11656836036665252,0.9180427554558886,1.47687421618681,0.8578984764036015,0.09865687569842496,0.10059420046045135,2.6132840630796434,-0.47612652619243834,-3.407910192561757,2.016770621718377,-1.146495962031441,-0.5815781173043202
-0.06075248819295617,-1.5632208182365235,0.7511453032092528,-1.0222387229727232,1.7226373037089777,0.5691901718135516,0.35365776494548923,-1.2348189826684055,0.5071147487184848,0.4064528418533335,-0.3425224745362293,-1.250181595701865
0.8705849352988093,-0.19808956958158652,1.367302815049419,0.7582504658109309,0.5751130404843153,2.7626647844532584,3.293536726326903,1.2550045914171202,1.8921925264382922,0.36521301389692595,1.9983791165110998,1.9045029971999363
-0.026735840196617826,1.3790694964733725,1.8078855242584013,-1.6392195883218286,0.852803678300864,-0.5068718171437242,0.772147965395287,1.1899077706350942,0.4646048200105411,-0.781906803203851,0.688329765844301,1.0100096469770001
0.3291870898414496,-0.8218893847405172,-0.5041564918736869,0.027167809763559925,-1.6675355971676535,-0.6550229649307093,-0.22875126544479396,-0.8909074624099005,-2.2195171982311654,-0.7911553864058558,-0.8782707391535772,-0.5524322360039072
0.4853381916287175,0.8454148860200538,0.3161021867050142,1.2269993096435439,0.6907003834110267,-0.7473773747979822,3.1690069001063077,0.4421411129895413,-0.15871319759555508,0.9213038475685309,0.6155977138718982,0.15351554993658068
1.4190437635656608,0.03564385223823795,-0.9358413050948441,0.346662119244499,0.08051322163863461,2.144005267927086,-0.061677891947647334,0.4326665931751116,1.2034816648352162,0.7633497057871793,1.1155383777421335,0.69902395957125
0.18924974969274624,-2.320207765260672,-0.12376810779208289,-0.31725532454529604,0.47402749379741255,-1.6638781786026926,1.0095892502180563,-2.3412565743801794,-1.1972760747905022,0.5057206670513725,-0.32400724838085543,-0.25880724849314113
-0.14702482900796368,0.9653311316432753,-0.2694072375770042,-0.6245507870304061,0.16606596241581656,-1.0915629126178459,1.3250547839001294,-0.8412387108148968,-0.4576103846807067,-0.8726717465702851,-1.3406328024011263,-0.9599779520276568
1.123672004029184,-0.20641992781593377,-1.2441899983173812,0.4521324721097221,-0.04308208735694763,-1.9228271165347248,0.3081336629979536,-0.04401488081548288,-2.644554967876457,-1.483995042833893,-1.1877199860661558,-0.6066647713407695
-0.019220246705664086,0.3247320015289361,-0.6612408501107615,0.7407539529898739,0.2697126576229446,0.9718239149031479,2.6938877388715134,0.382740458999962,0.3593982482820075,1.58522090797886,1.550528689535979,1.5918668577698314
0.14613594583282155,2.4041451100316196,-0.7596744132154147,0.6297415942314679,0.08319209322008092,0.5666360971149759,1.0530702675171706,1.6163074235157728,-0.012949280321772338,1.8002365078376283,1.115061636772349,1.410535975738227
2.4999329864395996,-0.5015924058442923,-0.7537061902288567,-0.9775076817049437,-0.7991051809897871,0.4122977185392975,-1.048882828634557,-0.22225947046313577,-0.10464330778711928,-0.018047702932937004,-1.117016582786827,-1.783464368282247
-0.12223920507356087,-0.36553987601194,0.5205366095083837,0.6470801239678465,0.9375010655235838,-1.7388309935176844,1.9598470460587756,0.8336111296107871,-2.21976524410732,-0.045684497684112535,0.47433229260224297,0.45666672363220906
-0.00481170828659899,-0.5414553674507898,-1.08733917278805,0.7074464698631018,-1.7927614654729473,-1.0030391228210318,0.11182435754384024,-0.3387987207716412,-2.099455872564094,-1.3475076767152698,-0.31421422876690863,0.5180058166952969
0.39067310849402725,-2.4239465196115475,-1.9157246727970938,0.9000619308164021,-1.8547939995421436,-1.1567979765411813,0.8408167006523544,0.8555578346845197,0.36750597672417573,-1.7209570116914075,-0.049457677548108925,0.8017094748347958
1.2118305901211766,-0.6989162557254522,0.19776952954621774,-0.42443604840983495,-0.6295925841108992,0.1760851471294036,-1.0595371836413046,-0.40335972356416566,0.7842684640170834,-0.2821842390092597,-0.5467440952905199,-0.9133918581181951
1.4981551444054908,1.4250989117988027,-0.234129331027517,1.8982194864789614,-0.19122456439012453,-1.9609310895413015,0.9459588548391722,0.1162051281049295,-0.18116311404708058,-0.376990679563748,0.665643875008206,0.646995661049407
0.19801222938600144,1.4415146310703313,-0.10792529999646905,1.7995121604834174,-1.2801827473186298,-0.7724808462789248,-0.8599493398306324,0.07070209669768635,0.7172825493506085,0.07591088504560561,-1.649943495269511,-2.1009391479456934
-0.29663363116500674,0.9794655095526219,-1.927426702946265,0.7860058639750179,-0.5150427258245792,-0.4039564686305275,-2.7258652911018233,-0.2639521950402066,-0.701752944694723,0.08154455328987653,-2.0974358165041043,-2.68840167047881
-0.8252710244118997,-0.35152974243037466,-1.442171127129465,1.3760621056394844,-2.9713421285767074,0.43730760834943944,1.5952610489513723,0.04243598467886078,2.117025913571025,-2.676318902051782,0.9258543909013057,0.8781256993463744
1.123843787430969,0.832497211552773,-0.11372658701197842,0.569551394576369,1.8496433131120789,-0.44619608271936995,-0.3167540476429713,-0.5039339913821594,-0.21144603599670253,-0.9410987843398847,-1.9285086851619093,-1.4037077122809536
-0.19562770058175122,1.3905930458629077,-1.195145980792313,-0.3058023996273654,-0.5858032309457087,-2.1337150727767646,-0.30383782384820235,-0.016312921943985703,-2.8566089154387084,-1.1636974460991603,-2.4455307531633688,-2.116588555169766
-0.6118084010836864,-0.6111356845207967,0.45564016838473886,-0.891173483359081,1.6423403071182152,-0.3039102213961385,0.8914819192385214,-1.1532097534417016,-0.24987168393350023,1.8319405907783946,-1.493858943590475,-1.1011597263007755
-0.7655753775586865,-0.22291905216487268,2.296406621185783,-0.7303337619858572,1.7202878327538866,1.3762070853004138,0.13859230063241934,-2.2429990335025995,0.8596154248257571,0.9632529966105543,1.383896154630492,0.7910818820315569
0.28531135460243146,0.30516229883998014,0.15364615878786983,0.6137618330808673,0.05314460122476268,1.6828166608670563,-1.4207912411629438,-1.0899722769814808,-0.5220686450317252,1.3879756046339953,-0.8494481885408829,-0.9585774988008506
-1.1008226697369492,-1.303581402797246,-1.2086680541896195,-1.0656129251294761,-0.6646006194698135,-2.2716754849787293,-0.979308324403109,-0.7563233104167154,-2.248947578719025,-1.3063004732748902,-1.801424824448882,-1.4637040311482186
0.07531370356996042,0.14999019702528155,-0.9430715167803637,0.6134671841303743,-1.9655190749794351,-0.6032594419681194,-1.5198288466021443,-1.3864758687670844,-1.4357721016721026,-2.334408813630925,-2.873935905552787,-2.462054459104995
0.6689048114982055,-0.025807411513467337,-1.4341180450175952,2.1963766577128867,-0.803754884642241,-0.31959456084525584,-1.1530837892252253,0.0815225640842564,-1.0149436971537251,-2.4570887385607345,0.07245726766045213,0.3313352845483867
-0.5465418747255527,0.6473543440844964,-0.383521079157888,0.09260727768353261,-0.815159718146867,-0.9646025713643461,0.4347436377607897,-0.04120577385909005,-0.6632008283049995,-0.4381222214711715,0.008642716325022226,-0.10466417314483878
-0.6935019707740776,-0.39698464043733833,-1.3019984159251214,-1.3353021465897614,-1.0182211517800015,-0.7974597137683085,0.009375423127642724,1.1021908151182445,0.38556112501914486,-0.5682651550192921,1.53361727582506,1.5594290536193522
-2.0412073219165126,-2.306782289237806,-0.5552979041022449,1.998511744865786,0.7255603841783405,2.227768472622172,-0.08905344577708907,0.6900252982503304,2.828683920323338,-2.3670194838584115,2.552762472488218,2.4849157432222206
-1.0277231174212118,-1.2179216405551714,-0.5632343141859371,-2.3112716652417142,-1.1046852078179974,-0.9250255399436942,-0.05965544080428209,1.081891209595813,-1.6087043905663252,-2.0026887023525015,-1.2245011630556806,-0.48835621906652116
1.0213178922465767,1.0044288486546178,0.3691919634575544,-0.06560164425980852,0.2902199009777799,-1.6526411122925877,-0.17644594475354092,-0.21392688260830905,-0.46980637958368016,3.027919555335849,-0.11271973668346624,0.4158754414043464
-0.29764200539643093,0.8759243721275695,-0.8546587176938553,0.21200182585902294,-2.161151007953983,0.045854810602151685,-2.386904760663644,1.3135439275254115,-0.06906740143567047,-0.5778416515795458,-0.7394892654913818,-0.6957069574936152
1.6190972318880223,-0.35107077297393635,1.6939899790851387,-1.6322971914729991,1.4947522479734512,-1.427021727660598,1.61724397412502,-1.3233577019764424,-0.34006501957172186,0.41603312190245256,-0.7798437173413484,-0.8695204549597869
-1.824809561506526,-0.9592418456172305,-0.45480637358336845,0.6991388209113707,-1.189222489942424,-0.7287404559948946,-0.8100172145986733,-0.10803681150579991,-2.1215189261322585,-1.5941052669743745,-3.1264866225095678,-2.208492264799161
0.03453463765700564,0.25423069538500515,1.3075209899974867,0.9455371198546145,-0.23030947940510338,0.5625340426492729,-1.3362709006285507,2.6288107931551568,0.12088508528659436,4.502377296856633,-0.8265725877744492,-1.7101252398619815
-1.4824660763909265,0.050065601355411736,-0.5189771525358896,-1.5400943312098025,0.04922172556796467,-0.3384365066292385,-0.9199853969288063,-2.027155918631226,-0.1283764727239023,-0.697483629070436,-1.8219727194358095,-1.6108720594823467
-0.40126583388902,-0.3259938971333539,-0.5625539412526215,-1.090507277026729,0.8559036394633815,-0.8262397362065339,0.06291885487160609,-0.9950310282172375,-0.43195351081621003,-1.9690688684851416,-1.8084347875825164,-1.0346347788677512
-1.2896164084671122,-0.7717505062358682,1.9432508462160276,1.0428308115617533,0.5800408490256863,0.9077117862519002,0.36805526294626145,2.5153232224870075,0.6550364741629613,-0.17447342167127589,-1.5106365407104712,-1.9752646611069924
0.25292069115575927,1.192804568581699,0.5500033670810281,-0.6427485780865503,-0.9568339132087827,1.923765192950317,-0.4955884300734437,-0.9873173210394125,1.4944750512051133,0.7287546606955153,0.4856425000642275,-0.05620051064815834
-0.36141652175344535,-0.2991968744668042,-2.897697857498137,1.0690802226854212,-1.1962666466285459,-1.0348887470157524,-1.2198203022561815,0.23415900516075916,0.4087904176801389,-0.43902095045755596,-0.8023776498617292,-0.9095158376994315
-1.85237002188034,0.6209013423957335,0.3475839824440461,0.7636691303120287,0.8000512376246731,0.9505763518294953,0.3937598049528259,1.0969972190904629,-0.5351236620773829,1.4345124972154046,1.2018077197418384,1.068123399114472
-1.6459582696091888,-0.26173575350724687,-0.032021682357711564,-1.247593088848423,0.42157445781364794,1.2503861284897226,2.2857729372758655,-2.839040614635927,2.318616787039924,1.340352246945109,2.9850044264518085,2.768578900736214
-1.2184253424430105,0.12432962976008646,-0.5755110779024726,-0.5545977615081222,-0.026674415226294323,-0.6942547958777955,-0.37645742793290954,-1.8999005669702234,-1.6345475053626344,-1.314830085232488,-1.4359126291904145,-0.5926951963239324
0.2191653302810107,1.308570953816306,0.05327511830219932,-0.30465430737533844,-0.7431215648856577,-0.41392932247870806,-0.4355423810732243,-1.415730398891293,0.9358063698832633,2.195860434183837,-2.0555847264754576,-1.2912843630915485
0.7247407943222934,-1.3180065404411023,0.734438782120062,-0.8067580674369663,1.3640853293051336,0.7946393472387507,0.37411038054286583,0.08020688222503436,1.4778536971568743,1.749585000005596,0.5765350926723325,0.7941912647384215
-1.6709592169535883,1.2122217351125337,1.55180489857187,-1.1111152673503872,1.2528445952904979,1.5171816495953614,0.2707314324084057,-2.582072760599714,3.7682210114589876,0.6881657497064344,2.5134377920988733,1.7850731224705232
0.022820369933462918,-0.20773229853637484,0.29426519013319974,-0.028160424539010763,-0.8587319215640256,1.575362592162305,-1.174474413651398,-0.4511717333115107,-0.2838749886399687,-0.15148363705636772,-1.8996094276026878,-2.2532781177262096
-1.5042273200056109,-1.4542921225776106,1.4712856255561564,-0.060056988447653475,-0.11040433891190138,-0.689861737838288,-0.38996935961423607,0.41384754869931345,-2.0497594044293823,0.5628521542695805,-0.7439137364625844,-1.2700769148423585
0.17691092937431818,1.117658701415047,0.23540060506255478,0.20317193781150095,0.6027362236965774,1.146290929030192,1.2868143672136587,0.17355679039560398,2.351238531288919,1.8358947202145712,2.3383836627737384,2.5524270419521757
1.0203605917363017,1.8511948332143697,0.18787443901417664,2.844762252004741,0.3376669434411792,1.3717402202217117,-0.5900555472674098,0.22479638521385104,1.271578388300409,0.6670905562394001,0.22453999584590117,-0.5590433848209501
-2.053870968306188,-0.20044478933848137,0.4770735698069993,1.8573685650271892,0.716256110654122,-0.353017701932534,-0.1620223612230638,0.9763136681713758,0.0972353750523467,0.9602309277533515,0.8957836471456075,0.3082808386021444
2.315719947388165,-0.5039522310533863,-1.2365352980009767,-3.1749904931090507,-1.0313273754139367,-2.526135942961706,-0.12136557073984755,0.906328956044616,0.940414769892038,-1.321971995149813,0.6446100049594436,0.8464814743042357
-0.38133479328980197,-1.1140364848127493,1.0678672922278032,-0.9252890448982568,1.9139727595299234,0.47054214684042867,-0.29299667329000273,-0.07445780316606065,-1.1134716852387614,0.2788343681806337,-1.053694502405945,-1.9192059616142825
-0.5441890243307516,-0.5530657609224098,-1.5189785094817339,-2.550130998834896,-0.9842489922184231,-2.226336151352123,-0.30059391838385285,-0.659626883665887,-2.824223160008904,-1.2541651073191915,-1.031701812038537,-0.6954681054571761
-1.311991958351299,-0.11702246362887475,-0.963190158596948,-0.41700597861759314,0.32682631328355105,0.6521327493708446,-0.44648333761172254,-1.0488079458522424,-0.5580457166129015,-0.17227913403716677,-1.8948008342824114,-2.387915771259172
-0.5013898056223531,1.0860707192084373,-0.4614766319510998,-0.7767438706908929,-1.3121843264613386,1.9767498281583067,0.021295996403881134,-1.6136119834028586,0.9367524417476623,0.6493828438062665,1.4886093451113254,0.9439798669221939
