X1,X2,X3,X4,X5,X6,X7,X8,X9,t,y,y_delta
-1.6064122876767553,-0.35646702158183213,0.4351461919694552,-0.10094098279305758,0.23796701443112356,0.5723628510231097,0.18084411426069086,-0.17809144765437723,0.8147703850670452,0.2458476095607609,0.509154137924533,-1.0088008182675605
0.3069912758060075,1.420177834904422,0.25175444929633534,0.5135934750720954,0.16978652107123957,0.7867759434484984,0.483984604405839,0.6619633470155386,1.1862714620268269,0.5287595660226331,1.514330901954624,0.6430325239956448
-0.5140920817636422,-2.1539579147230645,1.4492309637444734,-0.6539512446989757,1.162126538907147,-0.09509109353815118,0.5760882730688028,-0.9436427322067699,-0.502029177282224,-0.0824222536743268,-0.5013238009304053,-0.9153078362131101
-0.281946523298417,0.5264079597630933,-1.063065742017871,-0.48167381803930953,-0.6854793707486615,-0.6816808744892506,-0.9989078028103837,-0.6340495052262339,-0.9575134295770202,-0.42534265993880344,-1.907530502650979,-2.079366846957626
-1.5311283422764015,-2.3185756937284876,0.4411469096585475,-0.08238258788537725,0.725389952370061,-0.8377766348070799,0.5434959136475164,-0.17833204463518026,-0.9791996302542451,-0.5139559325361682,-0.42734346238217585,-0.4994137447921046
0.9772628268734364,-0.38378778093662813,-0.1501071980189352,1.3666403090671835,-0.16687817014516226,-0.5152043445317044,-0.22206683882038314,0.7956705031140544,0.24430801916783443,-0.39208286255927316,0.6357730599803291,0.40341470438506954
0.46709049761267774,1.0512684720096623,-0.22051206965090162,0.7798840824285489,-0.23291955738637699,0.44485380580829526,-0.30952721438558406,1.3173187595735243,0.6796256764284433,0.18281227613228762,0.6280424879873929,-0.10856358447544769
-0.8611694356612973,-0.18558070193102127,0.8206216998858722,-0.7474416718099566,1.1548461899500226,0.27837042751010266,0.9553858731095964,-0.748060544168508,0.11737530164062554,0.358617993267782,-0.08713280672700174,-0.5393644561104728
0.161379970757343,0.06601451992717988,-0.9165752331595727,0.19312208569116618,-0.8497131623655438,-0.6602924272928504,-1.0865993177175066,0.5395353881993421,-0.9142211089538017,-0.652007018808752,-0.49237330881642377,-0.4125924454612575
-0.291404719193771,2.474344374518171,-0.1490550176804719,-0.622092991571959,-0.14926841505895144,0.4726256379511116,-0.2151783677703684,-1.0985325375992308,-0.5950623365108186,1.4379557359099597,-1.0225916874888148,-1.1668868602383509
-0.17820726168715534,-0.5554773013859534,0.6931246736838509,-0.33846867419889043,0.6112965685984326,0.13609843473012928,0.5523054074046728,-0.476599017853635,-0.07051220061517552,0.031107028671354897,-0.1278400514132095,-1.0154729774652278
-0.6505280915731344,2.2863748070538956,-0.17645767813981816,-1.194076326599306,-0.05126608433592916,0.573934396754679,0.1346476557434706,-0.9696858732957362,-0.2304772058554509,0.7523787111017853,-0.47549524000911764,-1.0541221892274024
-1.2865757874481896,1.3488320182598312,0.6642340403814982,-0.6863573222552699,1.057140056432213,0.5810240154564624,1.4271269112035516,-0.776431967619263,0.3029369140403453,1.6419183019255577,0.23383967092602076,0.3202457878908358
-1.6040049404847645,-1.007494090094265,-0.5247517474909905,-0.020755294071122872,-0.4704502332830298,-0.9941058607997547,-0.5034246203840897,-0.01982426655418776,-1.021905577598051,-1.2998616014644315,-0.8008627238154049,-0.21524465898948056
-1.4177868226859067,0.985162402676448,-1.286718643073118,-0.34753904839525596,-1.224036370790702,-0.31534043939103507,-0.7452568093401168,-0.6159855200372749,-0.775223630682874,-0.20757062861323225,-1.1101102188550234,-1.4389475240138192
1.6652658693639744,0.7989116984369583,0.056617924652136935,-0.06275595216702316,0.21306302613569644,0.8729067001671957,0.4561212245612876,-0.12309016613255978,0.4633911894702777,0.39945960652466195,0.8776257712749718,-0.47598465219515795
-1.2501638608975352,-0.9051958865379157,-1.147797530175967,-0.7697725759609653,-1.162398312341845,-0.46652012995015235,-0.8465698578461152,-1.126739081231815,-1.3650212660148562,-1.8034057533103376,-2.4414488667589658,-1.0788765985976232
-0.9904739864130295,1.6389600731750245,-1.5975242199589548,-0.7388702606848665,-0.8329235727409867,-0.20176368246866888,-0.8743219023453209,-1.0564776046248379,-1.4030757902498934,-0.12197965166336258,-1.9215767129491996,-2.3438782366260007
-1.3077548282246263,-0.40136940920797015,3.7855115757737194,-0.6330292022536984,-0.6352877561646353,-0.48215638081486983,-0.865966386649903,-0.984781110734921,-0.893849206307226,-0.366899914347004,-1.9198515152417814,-2.1121588265177382
0.5261217154146077,-0.2173603756510761,-0.9323423505899627,0.24650348497951202,-0.6515515193293047,-1.1150196668163417,-0.7098290291215336,0.46355834867106305,-0.8365185742249805,-1.0076863375864402,-0.7063716262639749,0.1282997619496672
1.5658892796339094,-0.07966683488795674,0.6192815982227621,0.086256739794957,0.26821649923948526,0.578412839013932,0.3307493301429513,0.24521612180545982,1.5625611850254864,0.6071936175296905,1.411444801207794,0.4555579711270222
0.6088795638665503,-0.15553849077422455,-0.1783145700375342,0.9345451210289332,-0.17920646731577475,-0.3529516900777344,-0.20912022907698538,0.44064355168430097,-0.09366756536481495,-0.262942327718235,0.37965308376800044,-0.0009839530427323273
-1.041690815446403,0.9581985503316508,0.1465475877737708,-1.1132293985664607,0.29590250625417736,0.5622376692648509,0.793251755686567,-1.0674479681375157,0.2609809887966193,0.7909653906913696,-0.05576103627882613,-0.5534860473358538
-1.1045526918522959,-0.576171110509009,-2.228404016838704,-0.9655107959748175,-0.8315333382031544,-0.6046910868145938,-0.7146425313473471,-0.8873306174374495,-1.622093877291204,-1.717796415823519,-1.661021211448074,-0.7433282644779481
-1.0252339275801698,-0.9537571598759168,0.07973283441556708,-0.7681201185267069,0.03497052340314071,-0.5492926434547141,0.1688911263195364,-1.2181477291256952,-1.558709232178871,-0.4870575621972317,-1.3457620083240827,-1.4091629639048986
-0.10003128485356344,0.8360401768192018,-0.8324494223978772,-0.31614082174732516,-0.6135410540611791,-0.08842312066541867,-0.8881784568689655,-0.49356136058676836,-1.0026563466654603,-0.03973752415944434,-1.7850611818069713,-2.4853008503840144
0.2730383897340717,0.4035983861441519,0.25843458055464896,0.6032834816453717,0.20859189888770768,0.3198293151332619,0.39214352789842655,0.6205172627684113,1.183017253380532,0.6995382627498907,0.8733178245253347,0.5046587497763355
1.6344820142631922,0.8234925335459845,-0.9163480751437854,-0.21016728030455822,-0.66042645410391,-0.25639504028191107,-0.7107927011519661,-0.3475089063112449,-0.965218245979061,-0.1760262985567907,-0.8703791068124302,-1.093066413273095
-2.987777987461521,0.4214210268674631,-0.42141301753836613,0.42201708618505696,-0.384987033160622,-0.1478727656886168,-0.4923508780098258,0.47941552345652966,-0.052236726223505905,-0.08791965557903705,0.03555679162264899,-0.2908902343221279
-0.9141419130523539,0.2464433114858377,0.3118021153197656,-1.0214814694856353,0.35343661034046175,1.068628568011891,0.2597392266299792,-1.114602403294796,0.3503283385018652,0.48188884624764383,-0.11580642794159937,-1.2712830085204088
-0.6181462867829968,-0.6012819614664112,-0.5934305028504163,-1.0544898415417012,-0.49286335477696075,-0.7238569797447588,-0.7249391990696797,-0.7723221098731208,-0.9485842004561711,-0.7554764650068598,-2.107616624261595,-1.896414021982089
-0.5142716155975865,0.7977908730601785,0.361346005550059,-0.8246073314898767,0.3826807537487838,1.2906143743723326,0.8013410525064784,-1.2422321343553628,0.28002828073479,1.2504201714999756,0.22930576050506457,-0.06780554043187809
0.44521873552664376,-1.6499905939802706,-1.217614693924897,1.2476291878992998,-1.0336983794314363,0.3339668720458452,-0.7369907117591754,0.8315187091871297,1.3901282592735116,-2.2529141095293537,1.0569508696108176,1.8120129360776105
0.4811073606933787,0.547652261501871,0.962008547287493,0.7781282793421727,0.34195894876883215,1.0800609702643806,0.20117543338061417,0.4526223079760078,1.3947622144430902,1.2966692162428188,0.6036839170264219,0.41701563102614103
1.1854123680704405,-0.06726950510799398,-1.8736646770445684,0.6198215481960039,-0.8288689570957024,-0.9020586831741491,-0.9511927392223958,1.1476184470688486,-0.7170652076967831,-1.1877324779241503,-0.2808788041372313,0.25313307092382753
1.3296914840074576,0.5840986846663435,-0.20450237110635688,0.6281562937684895,-0.25656600772469185,0.19993429472250218,-0.3761482506490008,1.3030206654402292,1.3565178324733582,0.07969629002964529,1.2437117627659036,0.031631905709319855
0.5361807515779545,0.1812917157620708,-1.9693535122774106,1.0391654269408097,-1.0479055080426198,-1.0390711697012438,-1.2119232736430263,0.7412858793972074,-1.3528219109539386,-1.0002647440753132,-0.6475740372319027,0.008039138515460682
-0.09213557417285957,-0.23959154787126788,-1.058707322431631,-0.1105298842262808,-1.1053389288182887,-1.143283533583145,-0.8273077439119338,-0.17837262294015999,-1.6953820942125812,-1.2053821004828025,-2.024791662788057,-0.8307936850463093
0.5087157891540497,-0.9163534061399254,-0.16740998648272334,0.3481119392816401,-0.1804239369177559,-0.6571569938177988,-0.22960430886806188,0.25688675243601855,-0.47625712464413833,-0.6061261676019587,-0.2477966565117975,-0.21162630640653635
-0.7575321170042063,-0.7859232639013871,0.38473282637492767,-1.2399080290537696,0.6019510707963116,-0.3658254782995288,0.9237400352770441,-0.7347780873568909,-0.5020504433031133,-0.2338231328379837,-0.4114799860142925,-0.7028337403372219
0.6419612866612355,1.3179950738865396,0.6780261105742522,0.6377279758744959,0.41121764774567554,0.41066722577319126,0.7759507881051804,0.9074472797416633,0.8818777677633521,0.6154204858657968,1.3672618722768821,0.9047956891235938
-1.1899495358147887,0.44594224630994983,1.9717630627898073,-0.6878773815712627,1.4019194613385597,0.4798516125554733,0.9775775337290755,-1.0243894453162898,0.21862497286703877,1.9021048592623753,0.1798837526800618,0.8796295250339218
1.2695369297352959,0.25673447855879666,0.053788466800812604,0.25080809235873947,-0.04572216562322011,-0.06459161226341324,0.018357636209858988,0.17567615593696398,0.5070806620064132,-0.07247849415550511,0.21735904357816507,-0.46699809671950615
1.3494342583616175,-1.293147767389761,0.07833063347075186,0.5499787214996086,0.12107268493809706,-0.6112674387411392,-0.1199517960602087,1.357982436131275,0.10854289196523202,-0.6029521099797972,0.44441134402283,0.4938396261908089
1.7510380941558388,-0.8211621941503724,-0.3520448494936483,-0.17593741263086785,-0.35464840168605183,-0.664459801654121,-0.4785866490812679,-0.30296023837190555,-1.36422076209736,-0.6695525038868426,-1.610298830813683,-1.460539091004151
-0.7050670141210004,0.25566307229050905,-1.4527892759014067,-0.8835009812878929,-0.8606496328399016,-0.9519000724741757,-1.1488949515681597,-1.0805498000497282,-1.0366786453250243,-0.6407132505870015,-2.2777349646088183,-2.1493934612418597
0.08913607949566033,-0.5415692302390109,1.5982101981068368,0.2009523273747928,0.6414240443292567,0.430436333438361,1.0382645046354935,0.3456225848726431,0.4642995167326155,0.306658283319438,1.1957210181759517,0.501137955529162
-0.5223726616147798,-0.8856184297692278,-0.08343932266248913,-0.6813918931619449,-0.1373895144756039,-1.078301548626052,-0.18772791719633933,-1.159652819973398,-1.6560421730568802,-0.8089878883414974,-2.021657508083129,-1.5995197938080865
1.5385904361585092,-0.9547430564001935,-1.202487766654977,0.048935407096140554,-0.7230438236385729,-0.7239981556264735,-0.6557591427366743,0.025639933188541728,-0.8655464170233761,-1.2266927060272375,-1.0805740669437178,-0.4972296093208952
0.6645750608045806,0.8708484373503123,-0.37650578415838026,0.5328620718076029,-0.4199988080880862,0.7199359938107434,-0.5075079504881546,0.7351870707352451,1.5324772469286265,0.4310804311793056,1.2503010257939808,-0.007152658659691058
1.3114136223205357,-1.626333719011085,0.3194697998831779,0.6787601719306497,0.5226153937147893,-1.1236439361924424,0.6091408548825252,1.0122826363991722,-0.358980934192274,-0.7689072560926425,0.2647160295942992,0.4639965754861498
0.05652332898136686,-1.373370927864902,-1.0770672357650632,0.16773297112107904,-0.6839677584485471,-0.8278750554593011,-1.0049879727910251,0.15679108972827305,-0.8126986414447147,-1.126326394889113,-0.8257294230825002,-0.4333966402848637
-0.453978155337897,-2.2110119549893943,-2.5072235674567,-0.9031078670564304,-0.5233679736591161,-0.01950724760909526,-0.7766159998871698,-1.2525699085044508,-0.7421194425279249,-2.1252418948209035,-1.624560549464668,-1.100677720999461
1.4048650645974197,0.38312026814891087,-0.740834044945407,0.351384920807119,-0.5951512956911857,-0.4250737265436781,-0.7354420338735688,0.3391400768110566,-0.5600942175081948,-0.33153258495106136,-0.37570224977159916,-0.6722138565384139
-1.7695915611438198,-0.14498825091313633,0.11710646115365309,0.046767801306959234,-0.05624514599850401,-0.13378255251033597,-0.07322624585546565,-0.021231692709755924,-0.23878697192211903,-0.09437009291823163,-0.18738237142402434,-0.7224029882130492
-0.1298234415872235,0.8887691360295579,-0.7524499185208565,-0.2511975223412555,-0.6058851953563807,-0.06872776504945347,-0.6448287259774316,-0.402007755142584,-0.7335617301091073,0.141144575261719,-1.4052972982297969,-2.0180301622717023
-0.14488028446378737,-0.27987143367404543,0.7192804357174305,-0.27119639597616085,0.7165576394754364,0.2414089438756336,0.8786389316584857,-0.4358723386489036,-0.16112781933316783,0.21239240685220828,0.019425786900404945,-0.4381552069801632
1.2862104256558602,0.8164720296562602,-0.7441967706979054,0.5414933375577269,-0.7148955858048983,0.1809682843611047,-1.0257090159157574,0.7338300946985019,0.3773986515084106,0.022554000443828114,0.31105719886746647,-0.6264710503076395
-0.16556248884858213,-0.6864482798809752,0.3229486096317831,-0.3339450567211386,0.29630970010794694,-0.42003466628102515,0.3544142887138395,-0.6357894909888709,-0.7449193018242016,-0.30511120192999036,-0.7199024382021733,-0.869755654057575
-0.6496017850867857,-1.9771723921871671,-0.42346218007081043,-0.914104697735882,-0.4478671186167555,-0.566496838564083,-0.6434428260261819,-0.741393289282698,-0.8922948563786187,-1.7290436399489517,-1.3412709423781437,-0.6144117705993551
-0.6120614610150493,0.8526796302643369,0.4902005615113867,-0.8845409256165266,0.7247813933662919,1.416527316637951,1.144225994229513,-1.242058400846183,2.254014298597965,1.2838374177791134,1.0152878781872978,0.5136723819025055
-1.5418266293419782,1.5471462264398987,1.103582433184643,-0.21727243229007667,1.4898457981001876,-0.1890097248939437,0.24920962528499369,-0.3865015804672441,-0.477122999906805,2.21904632050261,-0.49581710724750994,0.2472581544514606
0.7214076198730914,-1.2783787774542161,-0.7272497949752423,0.32211539350044316,-0.7762273843331552,-0.5915632496664831,-0.9205496112954854,0.19745649902973636,-0.7947909182973636,-1.5461429370984385,-0.8450908486374272,-0.12510172852636048
0.16174261937603415,1.6968437770741336,0.19250070048609585,0.5850404326583263,0.03102990983365625,0.5278144944576155,0.1123691320040214,0.505059048145905,0.6695415535488591,1.6489206116957154,1.4628244828390768,1.6075646532899746
-0.18830503251264674,1.5164739871905755,-1.6578607632152196,-0.33761439163878426,-1.1014637247968893,-0.17137340522533262,-0.9009510578910026,-0.4783840963272531,-1.373778748606331,-0.09442458309258066,-1.8732823445517328,-2.4558168997837324
0.5980958578670642,0.4455799974525796,-0.27931964321154323,0.6360265757134549,-0.2992264595849822,0.1727293345731951,-0.4449658936339864,1.3639612298333446,0.3905831635087744,0.05637875262410331,0.6671587324926568,-0.19408920951074743
-0.757545322117036,-0.3609468727931887,-0.40742237161143086,-1.2435727980454452,-0.41410462018698285,-0.6292048271843154,-0.4911898445189084,-1.0065853096831465,-1.0328300025860266,-0.6357710607678103,-2.357417977358673,-2.2592079367661344
-0.230112456076152,0.6939955007159339,0.09358634874386554,-0.47215779636242927,-0.013447943496349118,0.6436906431850267,-0.16963825667266041,-0.8877348450240808,-0.2899510950125908,0.647190325235597,-0.8024488385581776,-1.8408794008214076
-1.1718283372007743,-2.807432247467668,0.039391685442146024,-0.8785792742435033,0.11716355304232987,-1.1486661196082881,0.2114266377654193,-0.7825990218819637,-1.0423126561029326,-1.0154709085896956,-1.0626787172235725,-0.6371144073835667
0.700871459060672,-0.8235283824319698,0.7413415315048841,1.1054011465178433,0.2920946083817604,0.10058436040572566,0.30017689829877225,1.2722784222702144,0.21081022052944554,0.017772987300050398,0.6055130447787955,0.12065326340578686
-0.3197040596197767,-0.4886471690895347,-1.0134704121600446,-0.48361940495188277,-0.8546676805383894,-1.006955445212721,-0.7040371713606611,-0.7939099994737959,-0.8373219285765127,-0.8407939871346444,-2.8137410093151662,-2.2765924939053406
0.8733480937628323,-0.23738746240822522,-0.3993486050576665,1.1481922470499208,-0.4382337985106593,-0.5530471360000893,-0.5300818352145741,1.019770361881478,-0.5134508383693268,-0.44655602267856775,-0.18040394657625672,-0.2211918425470772
1.092072429278188,-0.33054973246301034,-0.01576692680561428,0.3088629579964616,0.0874311190695651,-0.37146131733055426,0.0897202532221205,0.8123649240487039,1.0572920778659958,-0.2541367157297846,1.086383972170882,0.6107288366567415
-0.8846447806824013,-1.1090204338289391,-0.9994220694174438,-0.9054424257101179,-1.0006612857032346,-0.8269327390993223,-1.1711349281838788,-1.1777054757374297,-1.201827071300424,-1.4194710442717482,-2.792216457946742,-1.7513769041050504
0.579994463634074,-0.13824622588512922,-0.10510880389101054,1.354483371559309,-0.18448814589364881,-0.2918233370339201,-0.25612346464033336,1.0508992551500942,0.8541562545744542,-0.19205947343836208,0.7551823400930597,0.12646760456785727
0.35613709044027075,0.6681132725467662,1.0406228397811967,0.6805319391924957,1.216722055182616,0.08340044816889838,0.654342520639638,0.69972105723221,0.9736639991868383,1.922642824410065,0.5774361121728244,0.7651702133090005
-0.040945995385287294,-0.5109759263886813,-1.6786074737933119,-0.09176556715216694,-0.8221669873651112,-0.8395506515730312,-0.6893139716390526,-0.10645742561826335,-1.327596809101871,-1.209291197608653,-1.226201856984404,-0.6093383376801289
-0.34521752948110784,0.9522481794633916,0.8616927519841764,-0.6215212702471926,0.46194780775074945,1.2536985438684227,0.782715740306213,-1.0838719184181564,1.465287953820852,0.6423142488950956,0.7276944340815215,-0.9482851619069578
-0.238858046236071,0.6931999708154546,-0.9807214411620246,-0.42163924011662546,-0.6772660991669855,-0.23683148016987804,-0.8048043765257142,-0.7761443760604902,-1.0986053297453877,-0.24394079353485523,-1.1469174447401724,-1.4613965887386464
-1.1099921185811326,-0.7144552371835222,0.5092626322003478,-0.9435733520185414,0.6674547391302857,-0.08459237575897242,1.0245055385671242,-1.0956617640860395,-0.36875922872573136,-0.08861872222814605,-0.34439030815833815,-1.2283258968052804
-0.370541504269565,0.9217673589427018,0.8730985568388069,-0.6758759820056592,1.026067508286812,0.8863874992010343,0.6301363801809373,-1.0294205510006855,0.7044944369294458,0.43124185064474846,0.0333995016091338,-1.014062789508136
-0.6396196888028538,-1.0024583545262886,1.0553159985256948,-0.729612970575537,0.4307601847243094,0.2759510362412235,0.6970256412199681,-1.1963256060066152,-0.022288388245097296,0.11472914168398597,-0.2543714619264634,-1.4006729063140324
1.1870088042915419,-0.2920776144480545,-0.9425733196292532,0.4845823508610695,-0.649177864542716,-0.9437345747197069,-0.8099270653404201,1.1448368804530833,-0.5612826518081735,-0.8003409670177112,-0.2277619755567766,0.08390879410611468
0.159558177697039,1.2297800292532652,-0.47686600583202277,0.12219484622999162,-0.44609207872028317,0.8771127689039928,-0.5224558564113596,0.27851306844620594,0.5058388848622712,0.6519145276041617,0.7816202816877574,-0.37541095014919484
-0.8957731947666365,-0.5847007601033489,-0.042864752645069386,-1.1445297705667743,-0.0757396542553776,-0.6312707200563258,-0.08656846403637203,-0.9726684817975131,-0.8874900296230608,-0.5196296192421236,-1.2828578197003717,-1.307902430757803
-1.515223588196086,0.9136735548954812,0.6793252834068523,-0.16273400297468066,0.599041673121278,0.9509629477077303,0.3141072500176386,-0.28269220453458604,1.2072775131476834,0.8525188196160024,0.502742685403705,-0.32227633308712733
0.46067718656017237,1.097909984263991,-1.0915271467446213,1.0570934041011024,-1.1204794942088012,-0.17129640776848754,-0.9904180093291873,1.0847925327094965,0.12630506177014253,-0.05427317944152209,0.1120167264333411,-0.21403579356000166
-1.33655211669504,-0.0628949925498403,-0.8602027993697845,-0.572668936488278,-0.7334654046065577,-0.831399137715793,-0.6667738597534839,-0.9004529637303702,-1.7302018592662143,-0.8590266002462352,-2.2653551300233095,-1.9005096968627488
-0.09914605507552111,-1.598229397529947,-0.6937626197204996,-0.17607401127931827,-0.7922263783232693,-0.7872769299133552,-0.6980281456386855,-0.30158444595556794,-1.0965099381216545,-1.5546501970378646,-1.4724199835408331,-0.46387618955350357
0.07548040088609274,1.132144900666332,0.8721463194657523,0.19514714840935887,0.32776937869885625,0.3245391398277116,0.40323917200422227,0.2682752355299284,0.6541980437937951,1.612628105543221,0.7249714955966196,0.7731533625953638
-1.1300120987613769,-0.6979711992038293,-1.6590756024813047,-0.6870974645700353,-1.208933942656491,-0.7399103113025884,-1.2340050658530595,-0.9462388716153511,-0.7268872138814442,-1.2868941167096992,-3.086775108202044,-2.279428080809316
-0.0702960431742196,-0.4388618170722122,-1.7210561765290853,-0.030569428429234352,-1.135798669014133,-0.6114003407811021,-0.9825791430348747,-0.14430915270785455,-1.320423031207609,-1.6636236478842268,-1.2963665030151172,-0.39778916721632795
1.238073231228799,1.004373795739162,-0.7379543338288302,0.4090921195917802,-0.5613847779653929,-0.19705169908925943,-0.5677856939926192,0.7534129836387234,-0.19702777329595522,-0.0656217863862926,0.0022936959912971677,-0.20259875115998113
-1.535348824353327,0.5801672954077943,-1.0522597235134625,-0.10619910772207111,-0.6788116645550927,-0.5150889944133394,-0.9989495701062318,-0.18515532102668128,-0.9690638847554933,-0.3460327506859585,-1.7326028291459192,-1.9369822102057717
-0.6300638423877797,0.8540181592292678,-2.171365998221007,-0.7894038420160747,-0.923671706835038,-0.48494994499634225,-1.1380687524685267,-0.7471426256377569,-1.0144618509706351,-0.35625506483633357,-2.5038261149017944,-2.7837444912104914
-0.10602996332384036,-1.1269240364755944,1.0264753549200414,-0.20252334593782634,0.5877017366251641,0.03730616189575797,0.5294095927626267,-0.3452453279694129,-0.04298843448745106,0.21437171389896117,-0.11095818990345854,-0.47363731783491925
-1.248879663933509,-0.13161327045573398,0.42774212467078304,-0.6831338218135878,0.5679583203085207,0.8536585198609319,0.4004828186354577,-1.0906812013853184,0.30571959569294754,0.4801810039529357,-0.057148629975582205,-1.538847868642759
-0.07250797304883942,-2.534588944082614,-1.5106059031154884,-0.17713701402881837,-0.787164898729172,0.2780346442252396,-0.6773925785369384,-0.2975021696595242,-0.5428907313473107,-2.228265503205022,-0.810024308635108,-0.19338714605094168
0.32751867979800725,0.4047048350511277,-0.8373927735650059,0.19622237152563043,-0.9231375065037328,-0.47379573382836315,-1.130454405935594,0.6584210977799945,-0.4919817265668102,-0.36516359894768363,-0.28063627769203037,-0.37105690506847333
-0.05402777234409698,1.8875709401564649,-1.2054133720030038,-0.0884138180354438,-1.1905828289483176,0.05119757902565428,-0.995391157351836,-0.1810088386086402,-0.6493607043090623,0.22346418868061727,-0.7311917660784978,-1.0169314474511661
-0.7236567763960796,-0.0756581338870806,-1.1751037190999767,-0.9909544472723842,-1.1232610177161366,-0.9851088573963641,-0.7585255613888428,-1.0977410353577934,-1.1749688268646836,-1.0162095002060314,-2.818128370047452,-2.0885798872146437
-0.6591153741355047,0.4714419687388473,0.12225836423319576,-1.0836589012366125,-0.1475583159005907,0.6397008637083054,-0.20722482510112128,-1.1468944022702356,-0.330494718150855,0.34389908902246735,-0.871244296326772,-2.3199287097097168
-1.1442827950880672,-0.47407203966007816,0.7314437373808513,-0.9353841143572059,1.1186444501893047,0.8665384069914798,0.7633100962722045,-1.0940067225555057,0.45378292928917785,0.42312900372144424,0.24501324157994364,-1.2140725448377572
-0.8687603822406725,0.23611163797682944,-1.1511198105271863,-1.2414644228651974,-0.702367162161903,-0.6952693233076613,-0.9057424115807737,-0.8118976255871281,-0.9612213178284135,-0.7786273627103829,-1.8879020368914619,-1.7180446307539472
-1.8489246461321724,1.6623797831133529,0.684551923130937,0.4505082655198759,0.6585783684024471,0.48478099509469713,0.8082247534628345,1.0077687923041525,1.610454573314005,1.8622970054714347,1.4958632723387886,1.8452937411258719
-0.72848659772051,-0.8028491363663011,0.8149481579515062,-1.1434087085831273,0.9936401094723395,0.1434399243427776,1.5058374491382118,-0.6907068399378562,0.44510636556687483,0.0016641632382871294,0.27322113956280714,-0.8027665840894497
-1.6088517977433332,-0.3766016775537829,0.6046448732558207,-0.08298786722924706,0.6599967176806901,0.0010142882656787172,0.8680931816010766,-0.1686299317438431,0.6508753672512989,0.12794736769176346,0.4811290358112996,-0.07589034531728933
0.15136432613798226,1.1072778752322108,0.5737058936818199,0.4387516300826282,0.5454012656115778,0.9088246471392845,0.452734002451474,0.5431810432699216,1.7220748814024027,1.5276824419465846,2.3650451806297283,2.329462392115704
-0.5732615920017351,-1.8247960465940465,0.9412518152825777,-0.7979432100361801,0.7526703076698587,-0.4506654320568927,1.3638762643615203,-0.7565032486932735,-0.5827281473545064,-0.2871555924173035,-0.3281898118782241,-0.6908254166941491
0.5783240997072109,-0.35281416616813077,1.7754611024988314,1.4468526765681058,0.3902698166519484,0.7711905537436243,0.5861460214400078,0.7749837273851372,0.5869903416694882,0.8912127596394743,2.5160511806457264,1.6933256692932852
0.3427812557342845,0.3199603116525603,-0.1155900731243509,0.9472494975001736,-0.21122061037704154,0.6224757338859369,-0.2753810043466144,0.9311639980432158,1.3611786434139077,0.34641790984923293,1.6407192934098094,0.2918699231996367
0.6375481111161752,-0.8508033146281013,-0.2758777020782136,0.8289030046748359,-0.29483613575225126,-1.2447682782958889,-0.3618523589407126,0.8968168091711243,-0.5108353279198198,-1.0179653455653295,0.02993599652608836,1.0475985089240978
0.40327997045596853,-0.2554092960451222,-2.003628137013224,1.1197475297131663,-1.0469015732338665,-1.026762698622559,-1.0230491133536594,1.1146056981039563,-0.7622471939242044,-1.3721395728929728,-0.3788747879546888,0.564575657298369
0.6749776624019344,-1.0093367536518045,-0.6426632630242094,1.1341354168337974,-0.5457423219054149,-0.5918910948735959,-0.6077189774729911,0.7869109495601593,-0.16156665371616563,-1.5245257841687494,0.18764287703938282,0.963337221889585
0.6519634143223264,-0.9384605985177638,2.1912890548876214,0.5211697922082345,0.8504298089028763,0.06251023644824054,1.0527179432249782,0.8934608896740044,1.2253676907346434,0.1326875496745059,2.055125675274806,1.423788944152587
-1.1609403429597187,1.0163862082425674,1.692818735551696,-0.7275673192788085,1.1609906262224774,-0.46615532135913174,1.5194812585099273,-0.9596578040811274,-0.5502500757737177,2.4503361631674814,-0.3424166295667669,0.04058428706635139
0.8743182827907547,-1.0454317862444504,1.424164212501586,1.5128550036765573,1.04851951207393,-0.16319510811075694,1.3175651485606927,0.35396236713228835,0.9480095559774122,-0.07225892495287384,2.044461788093284,1.471578966622939
0.7150791780289453,1.7944249175286286,-0.24426214397576548,1.405987470026631,-0.25707442270748365,0.500197461789783,-0.28370729605797906,0.4142559754383412,0.23283321033522555,0.4731088596380931,0.4843932760626538,-0.10927144558695516
-0.03464670180195473,0.8271385961247302,-1.1143544548868654,0.162775502772214,-1.0167371236558655,-0.3796409444128497,-0.9327964636095106,-0.06647377806300334,-0.6637907229362956,-0.2541122498527878,-0.8050463702885892,-0.9570562894643349
-0.8697590474464455,-0.9810397628115345,-0.2637776717337118,-1.0432487396456234,-0.2666295152666383,-1.1100509468256121,-0.3872824938403753,-0.9580944234426916,-1.5948164245885934,-0.7401516684931893,-2.4690322395826496,-2.064835293812239
0.4673095729757993,0.2846942796994926,1.3226045650907965,0.4162056947331297,0.7629818832512005,1.3132966980079614,1.0331894318660984,0.41270691393181214,1.8178295058170688,1.4427376902506759,2.94217718515013,2.749277825330256
-1.2738860156877276,-0.34703462479952785,-1.4671138488144961,-0.515707381837688,-0.9516019163224686,-0.7713590125848729,-0.7846224289147051,-0.6105832671710663,-1.1489182745204691,-1.4422693549515027,-1.816729426763077,-1.044668843331049
0.645322666911136,-1.4542404777511646,1.173664878018515,1.1797983364941593,0.891516229145199,-0.0928576001059035,0.8284222181854045,1.2274468023701464,1.0843471789439558,0.008511772801764995,1.1299394815037473,0.787197824675659
-0.6483110830165653,1.3352174950520792,-0.05366026943001329,-0.8774517337277031,-0.04859406708933443,0.42476806287649116,-0.052832972830873993,-1.1176919426620129,-0.3187752251790888,1.1659565602741666,-0.6438203902710083,-0.8843544699311278
0.49431936977868657,1.0281791653592602,0.5764876644120415,1.3639999137950451,0.1575658106156659,0.43784922285872596,0.5200446402917163,0.6859658222197885,0.4812112868019782,1.2631826374744932,1.4970525890474151,1.271591285791242
1.119718525428587,1.0836310216492786,0.14665563060420977,0.3343471693262612,0.35687260656029696,0.6329018462680938,0.1885351614213226,0.4635578243130511,0.9089581850168575,1.429403355477666,1.4047583380410853,1.2626927701495392
0.40116993129214584,0.7062607254452773,0.8407620797352804,0.7437426228317423,1.0021545617073337,1.487584703501569,1.2563148344017294,1.2872150987670843,0.2644352991658092,1.257496248271929,3.5510985760973672,3.0201822710437343
0.2574097732673433,-0.2607116601145493,-0.5070963340403648,0.14370406957896278,-0.5790044478801927,-0.9557085372314393,-0.8595110482031744,0.265522934303712,-1.0327177318058036,-0.7183276423640871,-1.035013008983506,-0.7392488756463336
0.7310188791595937,0.4667320483016296,-0.6194332625405512,1.633806668667677,-0.5626594219358092,-0.3435267024911244,-0.8269147552268835,0.17115786381303888,-0.5843774799502831,-0.1631572223071649,-0.6547770297381099,-0.9668059192836148
0.22578853166519217,1.4552789175788077,-1.0417950015843658,0.45437632967617664,-0.8769540394758968,-0.07900178319591558,-0.8832192279171036,1.2523206425276048,0.07344424942482042,-0.10448891480874381,0.32804257992401065,-0.5035244274442112
-2.2448732844995085,-2.0068914120449253,-1.7701340683488898,1.1742367497234123,-0.8278538587367341,-0.08657920024492653,-0.6920979517104618,1.0243499061797725,0.34192836570577506,-2.1649471856955853,0.5101325290722598,0.9315115500807574
-1.345187724010237,0.43581067276425073,1.5217182869646022,-0.5647278247287133,1.5328892814098176,1.3115882596164576,1.2858901769093503,-0.6592787140579527,1.6864964144317414,1.346252244228565,0.9184347441670949,0.6079764869111096
1.5076429801334699,1.6832496429688502,-0.053159421200407946,0.33198968523796946,-0.19702383595955078,1.456923356732338,-0.26619674859309705,0.9239452804814096,1.8194608460625357,1.3053677770626293,1.6425882870714652,1.3035674011172504
-0.7756303025732196,-1.092827833194735,1.3301478724122155,-1.1933586911730922,1.577422622580148,0.15642734388768728,1.1516228253333016,-0.7768218812619413,-0.09268303513613853,0.1752005591115098,-0.15326088189688275,-0.5350799976337276
1.544241549049322,-1.2405513656344775,-0.0724641609992174,0.25183572651772257,-0.1221320257757282,-0.8536481517491444,-0.1591184223635537,0.17418855417179238,-0.6669412280255643,-0.6590996101945581,-0.471958094114189,-0.2985665685209795
-0.2391476193325908,1.3041379135184625,-1.012270172017395,-0.42032126187991375,-1.0122613612124522,-0.011417332160842425,-0.8821967447362773,-0.628205905201149,-0.6495271631116796,0.2825817132006545,-1.1379605965255097,-1.4890993850169585
-0.5518251648453915,0.2958725377245644,0.09481309058746329,-1.0909085210959386,0.09434857343122882,0.1276476531338991,0.09684362927180871,-0.7086590434821184,-0.42756966073856195,0.027229331998152112,-0.5807673539221138,-1.063501350683005
0.351097961572687,-1.1323815209715664,-0.8179767865997959,1.069582352082813,-0.6168957257905828,-1.159009905957127,-0.9025988781142285,0.7925777340651744,-0.908804916330084,-1.0231923335706037,-0.4212713808090092,0.1392684828381638
0.18656280340486964,0.7220468603490965,1.2745925562291283,0.4542367930484939,0.9809773638060229,0.6815873384454801,0.8686391944749106,0.8728667100201374,1.0099599430799007,0.9088371197084463,1.3105821766220729,0.9218368634393815
-0.4487942526072496,-0.017243634923145443,0.4940816179582236,-0.9356091757802496,0.7090128244038294,0.8017820598656047,0.4783800501138584,-1.2233533300749677,0.039769051629484076,0.5623879005385894,-0.14969607509024768,-0.7615239500294606
0.2401107613730176,-0.19851129297065323,-1.117638123627741,0.6215922536690989,-0.9815926519558092,-1.0631518442612895,-0.8826428371818168,1.4174191583784455,-1.1727903528556491,-0.777225756319916,-0.4636988783771685,-0.14869179684223577
-0.28984464833209883,-0.8399893032129812,-0.9656682970226707,-0.5575951137736141,-0.8521753893663861,-1.1846979906216442,-1.151271445388073,-0.6950594604389585,-1.3684211223478846,-1.1406221277918902,-2.6403579144202936,-1.6998997996704186
1.4226346739194458,-1.0472427028239664,0.5361506151739046,0.40556675467696873,0.930320305087734,-0.41747386252271845,1.2883798648318165,0.3840552547898761,1.1632868494123483,-0.26601248459350774,1.462354047782767,0.9614778208985784
0.6653515337372574,-1.3920944688593142,-0.18060946187423596,0.9155552816949555,-0.16021324054498742,-0.8414307538844218,-0.24262733515961565,1.2812267137054023,-0.1909607188840098,-1.2212241467460168,0.2862072820028919,1.0641172430957262
1.1110756588266189,-1.7152440942716387,1.856176375006653,1.4862683723200134,1.5196845193335928,-0.040576858869255716,0.6091229340474167,0.589768507081179,0.5956540575095418,-0.07874684145780424,1.5321918792757476,0.6290065415942936
0.7032531886073383,1.9623936981370333,-1.532983751413769,1.2355731328356097,-0.748472250276941,0.3340171541559243,-0.8262321516698784,1.2660134342355664,0.43547782831283266,0.1955869637986495,0.43598564193234823,-0.2970852039695648
-0.518066563169482,-0.53988247086114,-1.157781290067915,-0.6517624820295955,-1.1655537338064956,-0.7336816133407349,-1.0464697215589867,-0.8988506839576489,-0.8802076970779877,-1.1984779909780245,-2.4425671946274172,-1.901182414754884
-0.7197668452853284,-0.4131578732024207,1.3576941563937195,-1.2357754448300866,0.838245437852463,0.4539275069735875,1.4997478157156299,-0.7451834432033124,0.13210745908836402,0.2093089196238484,0.09118657143008879,-0.5351096440102121
0.28350797512753356,-0.618520280359178,-0.4702239838612841,0.467310455140341,-0.4193084301906117,-0.9688103016712313,-0.6427007189378542,0.7622692778010722,-0.7650710924684667,-0.6432556963892175,-0.20452738483449168,-0.036276845127724576
0.5876064271427734,0.7791021811351813,-0.9255875652487545,1.2324575366799482,-0.7036893405957616,-0.28712309863868624,-0.8528626090623694,0.5109004972144577,-0.38165242339847605,-0.16443609220198313,-0.14763640736557507,-0.40352581430792667
0.655902618173554,-0.08389529002664281,-0.41956733256372974,0.7412705142368158,-0.4491050434189936,-0.4976179174899685,-0.6832431367074925,0.8740636575286731,-0.35583192634822397,-0.37009161178487326,-0.11279463799089234,-0.18754706670567917
-0.5814977148872885,1.8253334426224772,0.7141165658979978,-1.1270842149052058,0.17959181944834812,0.7651082096851808,0.24045444184136944,-1.083083087472016,0.10330613479838602,1.000721646198671,-0.31174027698951334,-0.6430177890228221
-0.17111270405420467,-0.25733222946720563,0.6540563297636866,-0.2775351749962326,0.4772787539087757,0.015526628381512763,0.5134204769685167,-0.5172701168614562,-0.2339533622561823,0.014015632291675961,-0.30038759248696195,-1.097990995064228
0.053824687948057955,1.8229545475182003,-0.7469716074973658,0.04197327640942167,-0.5620028407262665,0.18477987542662033,-0.5899872522262442,0.21738585204864064,0.20191145142548494,0.06658812159279795,0.02657312000593169,-0.9523077816544411
-2.4782328482052525,-0.7498573198135814,1.3654351399295401,0.34633076115050115,0.7967571526860229,0.45360320020792333,0.43834744579861795,0.7743625005636016,0.5076888134872752,0.17616158440865395,1.6077047944263736,0.5451924734567043
1.9576080641852782,-1.496024447857943,-0.9293891465308102,-0.6470014641600859,-0.8817859188327248,-0.3640088893578666,-0.8456057414519177,-0.7249435292730937,-1.3643503724799693,-1.8435511785934513,-1.3131977078889159,-0.7353631784109586
0.2359653559087606,-0.2869280633681944,-0.40994207191262494,0.22397277797965368,-0.4617833323891741,-0.7604057607482582,-0.6918668322599494,0.3663725395434431,-0.6377510475004736,-0.4647447795712865,-0.4721638699105949,-0.5827514252967544
0.8938661319805697,0.5026835028717745,-2.0680618566656572,0.5304723537162491,-0.8981330053119375,-1.0946534127909433,-0.7514600810225662,1.0625031324311116,-0.8283544841432867,-0.7207069869126572,-0.2632185909603886,0.05357768232420507
0.013908950082896682,-0.5199279887565049,-0.8279003015802586,-0.15198824215495985,-0.8679693673057975,-1.0972625420753028,-0.704924920792855,-0.26004291133222224,-1.7727302924588058,-0.7650593844658197,-1.5905265950184657,-1.265858776709235
0.06494324382524312,0.45309615560719424,0.4901828055223981,0.11722582900097865,0.638196619697053,1.1641233283733126,0.4727471512362301,0.09468855584389485,0.9731633319149713,0.8321843794081474,0.9356302639240286,0.21777075396978457
-1.037750549536449,-0.9150399242507308,-0.03314147977626718,-0.9014375921582106,0.01821973586256797,-0.8964528123426606,0.16663564950060555,-0.7576013396112486,-1.431525253591529,-0.7903623744491772,-0.9690891619550518,-0.7886350542290602
-0.8858288616806372,-0.7393366414587504,-0.1507796297347367,-0.9086727888262051,-0.2725889183450134,-1.0607714174407765,-0.39165503720189565,-0.7488871877059354,-2.03159572822787,-0.775861641365287,-1.8235999481551959,-1.5065348157539311
0.3196684187484699,-2.1937517837407516,0.5371250220321029,0.7056162510867073,0.5816477365706187,-0.7364287734261781,0.8886843345438008,0.8846917216383883,0.5836674951827671,-0.46706993686283127,1.799916145868795,1.6325702276614433
1.1099004863803639,-1.9705359970976275,-0.7521410572380646,0.6162838707218947,-0.5890520204943995,-0.28275581987844634,-0.6088405564806006,1.1257857935632476,-0.079392156990369,-1.9050668108243918,0.06256195683947224,0.3991076029697599
0.45068504450584257,1.1980753611838448,-0.19790379197319144,0.9730185093649728,-0.2117804160178323,0.6274751789665334,-0.281409761416969,1.4507689471875294,1.7099264869743427,0.28261354185267645,1.2664556636280262,-0.052303826040475045
-0.6100485540434886,-0.11330392835357649,1.5608840312949674,-0.9998576342709868,1.150576693082495,1.3570947102599367,0.45678236786318616,-0.9047679345122709,1.2209250245995413,0.9622279294848045,0.11109058803450175,-0.5446043016338649
-1.7168646010730026,-0.8032080750906682,-1.230502537892166,0.4739022159287759,-1.128811284794645,-1.2307584451120728,-1.249212193863303,1.0332902512506588,-0.9583206227843017,-1.0514213124314078,-0.6804344150141549,0.25267492048114615
0.8027049729683735,0.5242211765306719,1.1708036709017253,0.6891208122757175,0.35577844927289964,0.8457049455481354,0.6652824123718425,0.8118762759156941,0.7085506206450106,0.9858831333803971,1.4525398543519188,1.0064689471091655
-0.5021959505860673,0.9830114912713124,0.16617112070198528,-0.8715721271192443,0.19182184592052817,0.7710116333431766,0.31752480687124185,-1.2233377350266035,0.04947995957929471,0.4947144823703895,-0.2044993772762236,-1.0654358445854293
-0.9400571553176729,-0.550907468903365,0.6190029280319381,-1.0653241032215897,0.8942164602097243,-0.003583396817853357,0.7617525336488481,-1.066297232044827,-0.3491924085346912,0.04220083589197171,-0.38570491911565785,-0.7322023445893657
-0.04887938334198698,0.1469586714498528,-0.22846848222553917,-0.11697777219898214,-0.23792166213746535,0.16295599501657995,-0.3078827581808973,-0.15085435923170523,-0.21900623466151745,0.07111366041306773,-0.3286129323543009,-0.9441969362426612
-0.8014078478441071,1.72144114692297,0.3657226095910499,-1.0159898396031084,0.6006953345631,1.3980111935316673,0.8425587910128388,-0.950767455170592,0.4326030270065803,0.9047046900383223,0.10847988868681863,-0.4144330012912631
0.16812438144988326,0.3969492302092955,0.28885431441806814,0.22181917337670695,0.6402518669022008,0.43947052923870633,0.5199116531588276,0.27936737879424156,0.7647604208174192,0.10673282759128316,0.4902940150863399,-0.1188893570384046
0.8891171760320488,-0.9099509375840662,-0.6072838918733646,0.7044134892536762,-0.6586074478377179,-1.18912740896394,-0.618141365288879,1.3489955450775157,-1.057578031037237,-0.8362350357422419,-0.3168143285201546,0.32459685483055434
0.41140174907592414,0.08107608324226064,-0.6741162096900174,1.0642205204588333,-0.6984298815409387,-0.530694580762144,-1.0083447453091792,1.1811883989161232,-0.34104135312830913,-0.46603036367407025,-0.07159793544114798,-0.1633718885141408
-1.2475655561736094,0.8874678530290155,-0.6058445813160585,-0.6014736996373574,-0.6319797443401485,-0.06001784824338338,-0.6290997046725039,-1.03783355460015,-1.0161032281268092,-0.0639711626221572,-1.989904889322898,-2.980101991235483
-0.6486586331253239,-1.3025320088593548,-0.27429297637354455,-0.7213247469433554,-0.28922974592103357,-0.7284629494035582,-0.3804647450225213,-0.8124278639811546,-1.2998264599357845,-0.8635294991364725,-1.4261719353018063,-1.2167115420164092
0.5735222768585297,-1.7324812419065223,-1.4822883623854517,0.37225748723681484,-1.09723364329864,-0.4492488418760862,-1.2498759754809035,0.8978813944025911,-0.4115030575009664,-1.775984166048577,-0.16728259825003594,1.1620168246099858
1.0373554983672157,0.0390808603770915,0.2727261030794567,1.400102181248749,0.5456316047034723,0.11629916292888232,0.48033246709207705,0.7002620455577949,0.2524516560867921,0.29164804966937313,0.6557123984004616,0.3367590658635807
0.45377389624373904,1.0031704580413554,-0.21363632891718523,0.6728022558254684,-0.22256495520075661,0.4756871814010962,-0.3205643279441174,1.6040209814222643,0.5280355465727137,0.15053908126323703,0.22066616402991795,-0.384037200438846
0.9738828078327599,0.7671924784051412,0.4758126388052211,0.8565993243867924,0.5384292959445723,0.8889298859190042,0.6969009482073345,1.4828450520623886,1.1332270766429322,0.3875374175437117,0.9378204622808297,0.23426885784854223
-0.47138359642909927,-0.8620413368862078,-0.5848117081547425,-0.6756225359012284,-0.5981074939178528,-0.8171840805827202,-0.6929940817869245,-1.0634018153792728,-1.2588081009517875,-1.221479821139121,-2.7079927836674673,-1.8726464793213922
-0.031375145773354325,0.5809389765906916,0.21920755965429553,-0.018150511697354002,-0.015787252902807275,0.39553448652654566,0.17700788705892256,-0.1395393270051359,0.567852720374054,0.5684433236472343,0.28527314260802816,-0.4378166785444202
0.40969564006406495,0.5930550765401007,-0.7308756785327933,0.7953074109055606,-0.8260162104555012,-0.20006494712080086,-0.6935096671319119,0.5128312006792753,0.10107818501564028,-0.15692835958652837,0.2943195309088378,-0.6040446734038198
-0.08908571983184303,-0.023627296557137273,0.010755676551467181,-0.1687022369116764,0.06904161955708069,0.23344575818290747,0.060393272947671925,-0.28429267258486823,-0.049862318275043394,0.13552102878704086,-0.20652134493878677,-0.9071971179835292
-0.286188272307297,0.08678937161007455,-0.22335998274963614,-0.5105063847384386,-0.23299999101250574,-0.03364373699269049,-0.3180577111984468,-0.6189780554034426,-0.9210289628240615,-0.1016686126795728,-0.9606161353195681,-1.5991680977738083
-0.5900125491068745,-1.0977582472892113,-1.5365648315045068,-0.7192700990019898,-1.236356063377243,-0.48437215820678886,-0.974841453968974,-0.9980499968712961,-0.9099753783392026,-1.7162475371019301,-2.617237651376339,-1.610680487122981
0.5290033007986717,-0.6196496221763569,-0.19944141992765374,1.1665194786367645,-0.2660362648807817,-1.0138389777335162,-0.35330054499710883,0.7653031099326074,-0.5279670278460358,-0.6459872491788831,-0.032555453861192366,0.11533790964296664
0.1662956186327023,1.0671137027727244,0.22507461312263286,0.3153936845376284,0.4321814879959041,0.8110058108099318,0.8450294009484226,0.8934527432343708,0.36234030741155454,0.3483215857800078,3.2410871033848183,1.5363802029912994
0.7932365967650523,-0.4160535147638989,1.1107628929807762,0.8322774831869126,0.47857634878202243,0.643164694170318,0.7132699662743943,0.44397978729073106,1.437504271478152,0.7919013578679528,1.349906146774917,0.7964172795222055
0.4966335437343457,0.5504831343323687,0.3167503029429044,0.6465470422789352,0.2752507150823019,0.3924461588867082,0.5296853728847426,0.8851525807964797,0.5446621142145329,0.8668502481948241,1.2297208757216356,0.866452770106379
-0.11069302778407689,1.228460103303756,0.7290880455773534,-0.21317641406723892,0.7798684007803112,0.7245913137397847,0.5430778498467399,-0.47959798351579697,0.8633980675284878,1.7404591355317944,0.3511301785603523,0.6788092769193166
-0.05175149573410993,0.8953115275897631,-1.0209888955120148,-0.056004952515782414,-0.6738767447598046,-0.2900476525431601,-0.8898146476436323,-0.1404224278710972,-1.1447749624477082,-0.19074800703971673,-1.0171794404184757,-1.5121367156168657
0.7917737267040571,-0.1366314829935211,1.0510033425230143,1.3568423923358781,0.4039573094244785,0.868105236948567,0.4556336582948067,0.6677756023026387,1.6633634264234451,0.7389396962426575,1.7770396561492414,0.9416552748349944
0.6771212386778165,-0.8011209869854395,-0.4493586649308296,1.1074960168937928,-0.42544304308860226,-0.675930097691078,-0.4694907346677232,1.382663354127843,-0.4497492394408581,-0.7044593251005634,-0.05177349726294878,0.028689311593726258
-0.7472007658653954,-0.25156054863194266,0.03486373850360167,-0.8162008833848592,-0.09733150243017678,-0.18830429554941155,-0.10242872537456182,-1.1788245747330635,-0.7774835843452312,-0.13223142428796197,-1.4455316395366613,-2.190538585120664
0.8424372182092577,-0.1421393317988932,0.7358666870968318,0.9925617391455728,0.9094435974025831,0.6193871235418751,0.4768312729972301,0.35809450289021527,1.2463635511915936,0.3528438627270942,1.8929718135037594,0.5019088507297104
-0.37177132711319133,-0.14188680306709017,-0.7254307631757902,-0.7872761922324568,-0.6496715002536508,-0.7782822626075561,-0.6342373681120153,-0.731265147389146,-0.9301009304219875,-0.62826818250032,-2.5197235162126757,-2.381477517808279
0.12952533423038215,0.1882657628913601,0.9589903820899399,0.0923362429660834,0.3171975819506808,0.7844313694921017,0.4557417072008235,0.18228545877899988,2.2247885949592536,0.5615752999495432,1.7136208417025656,0.40487597537137876
-0.19603968315231102,-1.8135828490291832,-1.1923521224115505,-0.3658504391301494,-1.0578807153502403,-0.15996574641504416,-1.2309123102363608,-0.4991655698413444,-0.7903369747551872,-1.9899156093532593,-1.404070743656855,-0.8121751771538944
0.6459640973000192,0.5495400077750283,0.5793707222305035,0.5373626469196474,0.6267613989191568,0.4692113630617739,0.8993819877770894,0.9701674945507817,1.3040900815070477,1.270502037159795,2.719576972444045,2.4077889535481134
-0.3887671823803165,0.5798086965365028,0.6012798138229183,-0.5499742115379087,0.9836747709617862,1.1470446806720032,1.1568993713517322,-0.9832240450918341,0.971401247461937,1.1315738817430423,0.41667643584544695,-0.0516502784615705
1.827243706127053,-0.5351469936217821,-0.8639002549343644,-0.438082418003668,-0.6124018972317162,-0.815599552327118,-0.7291839843151919,-0.8018638517799683,-1.3519326300994583,-1.0466396356584937,-2.6542975242166804,-2.0252246532926055
-0.6594797079299356,-0.22447677515289347,-1.6415646651772997,-0.9845860204735658,-1.0588313890892733,-0.7311185393323232,-1.1576994360742112,-1.2035880422836334,-0.9408630792656866,-0.9127289536014217,-3.034071815286299,-2.619766456690669
-0.7148219790737463,2.472447131919051,1.8173626604417297,-1.1166376673653913,1.541437968862986,0.8250717785270023,1.4355634554097152,-0.9282077615751995,0.4155012465928616,1.3527952657192137,0.1348000150326769,-0.0024603021385941337
0.4460723917469235,-1.0131557991012166,-1.0320004203233832,0.5253949119617531,-0.7776435740105363,-1.1056264984163695,-0.672474747922704,0.9435836924782468,-0.607847939670136,-1.1038264712326162,-0.22342068726935194,0.5488904492754834
0.9269912190989368,-0.2910003033620535,1.826278502108428,1.0977000148092209,0.9016921133485076,1.238778912657187,1.034207758551005,0.3679389602695745,1.9939186188558455,1.1493973802340995,1.2633433865754728,0.89934577361603
0.173989020878177,0.5535399958935195,-1.861131688928889,0.0470369709043921,-1.1216505076774845,-0.6146272725344468,-0.8998771242794074,0.025591922334758203,-1.0405896130614267,-0.586074554447081,-1.2627603789130022,-1.2246219017520588
-1.2127483439247726,0.25245902956137506,1.4859566544560856,-0.8260075257079419,0.6461644183283242,0.8937613841972084,0.9438971331966863,-1.2046166026037184,1.1355565404404069,0.7410354863672405,0.5759019315686676,-0.6195942807002928
-0.2415289653196629,1.9991260911980053,0.3712376488331825,-0.5049346737373452,0.30609893691532847,0.7241152969152383,0.17447709901001757,-0.8188832096293122,0.30438546997873017,1.8469015280597931,-0.30913799478279347,-0.04289706166792373
0.054410026173466026,0.43683369255260684,-0.41816102882659645,0.21825630265737286,-0.37875520292228604,0.04917710493593619,-0.4956075051503837,0.34221869218026263,0.15032892160093048,0.0005977671569509062,0.026160080256818916,-0.5156863175497103
-0.8381799281665099,-0.4071372776941103,-1.3623406125133164,-0.8607873234139607,-1.2445926125023148,-1.073697587339422,-1.1164865454671005,-0.8405299528264619,-1.5890129911882105,-1.389350612989641,-2.5113173549747314,-1.314915528318815
0.7713371159178674,0.710955673565569,-1.2223114679635283,1.3150467663611904,-1.0583216179102826,-0.43079421000964024,-0.7585805739061428,0.8054563343149345,-0.11487049180407342,-0.351677237680739,0.16735369195782474,-0.05122939361637657
0.5811918621690404,-2.03335982334407,-2.4730466141146574,0.9713787999879181,-0.4582307816794685,-1.0118129055480112,-0.6818717676059948,0.7125581533186941,-0.9581809269170953,-1.350868602513529,-0.4089232404494376,0.1364802175944826
-1.7638719544366463,-0.966350785782101,0.7093703081349053,0.3892438840112623,0.5809048578595604,-0.2148970150633614,0.25629790644904993,0.21376983205527791,0.20296225373747523,-0.14463630766493757,0.20504890184398167,-0.16907266534857385
0.9962035558052205,0.03791102422519162,-0.5395119527767925,0.8396005735065123,-0.5461731104511836,-0.5075285125240209,-0.5546267164058244,1.0425263640559137,-0.13583127037374954,-0.31408897792729273,0.1308432873580693,-0.14900706889525342
0.9031014569164024,0.466863020050282,0.17417969701826477,1.2430561916804468,0.43465781329706576,1.2255765527650346,0.9589458581773267,1.1192757826704596,1.2788345031217332,0.7977698256278545,3.1920079609316896,1.9509700928769251
1.7489773374277646,0.8641647972893589,-0.5319221915878131,-0.25088359534329596,-0.47158544370380145,0.591452946836684,-0.7107451450420331,-0.4613781160033186,-0.14439705370854233,0.2977493978113404,-0.6117458047483557,-1.316178402191277
-0.26256183462733984,-0.3830422219846264,-0.6909028116157103,-0.51733195161051,-0.6368418903194907,-0.745414620275476,-0.8782692369350547,-0.6296494348990561,-0.9655299886040732,-0.6509545873215565,-2.1594626677068223,-2.0317499250963373
-1.2863229324957812,0.633188297167174,0.5542921104792368,-0.6384897207653443,0.6521848213777283,0.33959322892149624,0.36547858838414665,-0.6920605123668562,-0.07639159827610634,0.8737152084712,-0.31854201624726597,-0.6262600121584975
-1.8679580872676158,-0.7859707311457867,0.08959405510595272,0.11782263661399,0.0659381982177056,-0.5505660783777725,0.21426121211866211,0.20075366596654734,-0.1425444728886044,-0.4158921936936928,0.283691256023669,0.1500379317808552
-0.7338612896600394,-0.9904616761879151,-0.6740237290805645,-1.2221380771065027,-0.5768751752275079,-0.7815506181018508,-0.8149427479936874,-0.8557418278366943,-1.644278269471958,-0.9214380787220421,-1.5390295794780884,-1.3006273049154313
-0.2896976407292891,0.7818518370578424,0.8349232305337039,-0.45194815063279475,0.6227931356016709,0.5872740372486559,0.4734072325718958,-0.6102270836568027,0.5991731973835206,1.6998894119182628,0.14896397656412175,0.42628254023564505
1.1651192098839804,0.33435648088850517,-0.000239542235364195,0.8870307081678874,0.12432223896706325,0.3958727433977311,0.12120456271780397,0.5267461809784482,0.2925153668547181,0.16862782514671948,0.4002177120404652,-0.1583448648707877
0.9700919262355135,-1.216298513868862,0.5834104098141925,1.4300864001444824,0.7948369354581006,-0.40841952137430987,0.4772476110732836,0.9143854236140673,0.45618243747005127,-0.31502013466371803,1.8085880811952124,1.473361155460436
-0.03386877940873449,-0.41145115770252494,0.6129409831044926,-0.08302023835502861,0.516876964170239,0.4968802000357243,1.0909384707157526,-0.15720238800027342,0.5701211233186595,0.24152569708569482,1.0704849326484824,-0.12949860144755482
1.7814393163020772,-0.9563134112627101,1.2739030842961654,-0.3450251675823356,1.5095216066706638,0.23348698156440653,0.4777459739816507,-0.6587978102776665,-0.05689083023488414,0.12736938930441732,-0.2869877289872471,-0.9367764134198144
1.0299600311207837,0.4902766502055005,0.8818075051730007,1.0010143031977143,1.06240923250236,0.5196847970944275,1.2010188032064484,0.4639626674915161,1.779846671524404,1.1552025554321552,2.512550632238403,2.0730638518001285
-1.0102505711926133,-1.5418949666785164,-1.627532814441891,-0.7254654338552506,-0.8856527853699016,-0.7876638086338766,-1.1812561536137391,-0.7321847694670688,-1.6306563869704602,-1.613252724344863,-2.1801648862972276,-0.9887066997813488
-1.039878400180682,-0.6291048903631722,0.6939603861623796,-0.6814809490921936,0.724292716776145,0.5752070419956397,0.7075533881816586,-0.7034522119645592,0.13359124922445448,0.4859747150479201,-0.032124754933195665,-0.6279505391541511
0.197654002436631,-1.510296110889779,0.1453232757329542,0.5559398763463268,0.020734070229823376,-0.692346562274544,0.0470439229467442,0.8267858532001957,-0.09057820415864161,-0.6329144612128572,0.28144252503861705,0.34262667068290786
0.35491807965903976,-1.52191543778523,0.2850280797628181,0.4533023803420352,0.10238057664966341,-0.7192668306353808,0.38532935700382254,0.7631357566714011,-0.003933720549032696,-0.7991968223036193,0.5733261263806209,0.7276080757271188
0.4802178031337499,-0.5300791724272574,-0.5060042103042178,0.8935002625342963,-0.5404124652914388,-1.0333570106883418,-0.570224880748573,0.5473617111288542,-0.6420189032813496,-0.6798887021292733,-0.34231319159928864,-0.19354943689608917
0.794574490894293,-0.07250299820781606,-0.2784667112818497,1.1728852899984004,-0.2685186282321502,-0.4464916768342779,-0.3582179745660437,1.4323280615913703,-0.08119065639412684,-0.2829742962433285,0.37391459058072984,-0.15610839934004642
2.0252035536046575,0.9264731848242049,0.4170904828093246,-0.8475584762670189,0.8933377567170626,0.414380572196558,0.7207313274025493,-0.9815863010443712,-0.06990823098136406,0.4189113288170777,-0.16235693489022085,-0.9115493021628246
1.9603872958947088,-1.0965560314549843,0.2609919340031885,-0.5562096923436233,0.40867264542329484,-0.6795833835907257,0.7119959555890597,-0.640187834255949,-1.0761433946778163,-0.5872182944598873,-0.8752664852995339,-0.8201926923235041
0.6217064212538794,0.4406765810564959,-0.42182826420917924,0.5729063878601017,-0.4613949224005395,0.09853499202793298,-0.6380803870206561,0.36461902537989505,0.18217591509005432,-0.008596674657414698,0.07539812784637834,-0.6971976887909414
0.755426313473628,-1.8868713098501044,-0.3375696091747664,0.9415537844068065,-0.3578774576722338,-1.224312051642023,-0.5301333223871278,1.2670333109446812,-0.7821737133209765,-0.9190975556710321,-0.21356921662315176,0.5207309044003382
-0.6820292906975634,-0.7557518877746423,-0.22306164200805495,-0.7790877293838722,-0.21912562775909475,-0.7949843047753277,-0.2916936342705505,-0.8070584658399995,-0.9812675868243772,-0.5953569925154572,-2.2088553752962587,-2.1245137290363187
0.8689688206479008,-0.4084511077052247,-0.023603298810591533,1.4047529189961998,-0.18099910085909124,-0.37915367422874474,-0.25206619821584264,0.7169899943476077,-0.06993569540666679,-0.3040980538813969,0.27186307322425723,-0.05918857375584697
-1.1402201431165717,-1.3167629769982634,1.8736620992927633,-0.6177899174539911,0.4485397011268672,-0.09336980861815333,0.8859641270953164,-1.0017644448294356,-0.46374509774765255,-0.023130663500997087,-0.42832177327824394,-0.9356046452139103
1.2498084173486235,-1.082980135260129,-1.0712429292720564,0.4882744790831436,-0.7204986472692189,-1.2474824891065621,-0.6741322277331194,0.6166477098518272,-0.7819211256490568,-1.0864170936595703,-0.46382847699766133,0.3111139430587085
-2.2858844945329797,-1.0327144126826893,0.5435667863411877,0.8512676165831345,0.09967489377184777,-0.4025055125350785,0.3562509023363567,0.7273147226425016,0.6680068409146446,-0.2537658805623276,1.25337699631676,0.667567233450989
1.5023052066904645,-0.15327401241887298,0.27088482085789717,0.3304305060202882,-0.02403345278113761,0.2915428072702164,-0.13257547324860858,0.751725863362434,0.7863264439052319,0.1608225386934369,1.2403124618257544,0.20790795793731573
2.40146363446291,-0.055651302266397036,-0.4420610020918188,-1.2120453748426527,-0.4776353748471256,-0.7378463399092419,-0.6737345867305237,-0.6519894452859512,-1.2791665109542567,-0.45039442105191596,-1.63101668503059,-1.7620986842231459
1.7868035847763248,1.0706239127384636,0.5399693690540084,-0.3999711615958357,0.17670655154588416,0.5175655970416715,0.04657954761227684,-0.53900004832845,-0.005602672058692262,1.6262592361893624,-0.32600977361306127,-0.27054221929590827
-0.5512268876956649,-0.5857958847442657,0.5393240160487986,-0.742155156831858,0.896641118081676,0.12514559672570869,1.4360639435292977,-1.1068372532093935,0.1355713324424327,0.06505166306418268,-0.08648864153645017,-0.6022363544659646
0.8605080787167589,-0.5838637485033847,-0.4465823692865965,1.2306451026155203,-0.3979250663252245,-1.1812382994159913,-0.49657984300264824,0.9691936482777532,-0.7957563817114107,-0.9663269766161126,-0.22013439580944172,0.14738053610423468
-0.5453937578122122,-1.5698861955691308,0.34621784340719924,-0.9780862833483132,0.2402891418508067,-0.9686086859612468,0.457544427190556,-0.9460673450262157,-1.2226633594775722,-0.7113121041404664,-1.1395958760625624,-0.9388167688255059
0.6891521707213313,0.915581855368497,0.1195743620833797,1.128450693599393,0.1532892369185326,0.506258982297249,0.13286812618862642,0.9577534835445068,0.8337422913491442,0.5972407461626388,0.768803587282797,0.34802690831628064
0.8501984016546401,0.4423375030979324,1.315809251769602,1.3177662636709018,0.46634953254457423,0.34948787383049545,0.3880556269710535,0.8800454376925544,0.39987356295167653,1.6864681566127135,0.6021176740166241,0.6784580445013613
-0.35471371488317677,-1.0059544401664053,0.040738521850946764,-0.7576252845639967,0.047235839240923005,-0.8698516349003994,0.12724684496858032,-1.114585867364358,-1.5247756250039828,-0.5513127864831053,-1.484530352026437,-1.4775137728236267
-1.5365343123332362,-1.8447402505614081,-0.38984935874423743,-0.13463048757170804,-0.4092771341011806,-1.0372831408374987,-0.6262141459285706,-0.23302454159800234,-1.5978877294304281,-0.9335097428424176,-1.0600462434470215,-0.7428833260873204
0.12889274334107806,-1.3215249542234033,1.585305960361814,0.1613074732293263,1.268961751179099,0.0005403867319917245,0.6175300382650677,0.30678654855628595,0.7669839391508183,-0.010034918505532897,0.7107011217915327,0.15803547034021193
-0.21944533390125023,0.024404164701728244,-1.5844354978243333,-0.45587706989259746,-1.2324315584344125,-0.7266871584811226,-0.8692434201261606,-0.8404127040006635,-1.0841313570457407,-0.8461600319437542,-1.3942990003518327,-1.242236893916251
-0.2719212932353654,-1.0675124008394785,-1.6460695227113844,-0.448534475119046,-1.0605967412591522,0.0408661727858861,-1.0854938426698362,-0.5628047037730309,-0.7350786145885252,-2.046981187242665,-1.8777398736367248,-0.6529009496592658
-0.4493976695182379,0.938464776544134,-1.4403814002681101,-0.8555004343236965,-1.2288319000374883,-0.41308131232339373,-1.1243666660368954,-0.9224183603594522,-1.2688010798889804,-0.32624056586735833,-2.5140542685672354,-2.777487634152259
-1.266498423634422,-0.7007048752508548,0.08828434921213833,-0.7367186405714237,-0.0374416665410548,-0.5074590451561556,0.008223098252077815,-1.080896792825831,-1.2056037332842657,-0.38144530882703404,-1.4757671564075197,-1.6860075201258697
-0.07831551165021236,-1.0499568761749425,0.8297482735804537,-0.07087000903793964,0.46274598237266196,-0.057806113335164756,0.4206746651241424,-0.11839430646862069,-0.009811844773526202,-0.025030960620640856,-0.09014890105930128,-0.4180561464912548
0.6038748133582701,-0.5469022050505361,-0.32760585745549986,0.6137201495448836,-0.33138040371208793,-1.1068401140838158,-0.3989205859596456,1.0899006871509462,-0.42079876383590825,-0.737312283168764,0.0993196894329689,0.5308854805643592
0.6705349726787052,-0.19756168470496327,0.6187130545667949,1.037613882137301,0.2975304140701537,0.1961892926871791,0.6001206969318595,1.4012063641488188,0.6277220599489701,0.11557700596138505,0.7437610634779026,0.2675000857643546
-0.4768293665905986,-1.2453796499887677,1.0345937209464433,-0.970976241961911,1.0144090566090176,0.27405043992679223,1.0046339150765304,-1.0055757026247183,0.03158723854390289,0.06724714904115786,-0.064871582732045,-1.1665514168307471
-1.2204558242957566,-1.3170531076885943,-0.7430826508515099,-0.5947937714930057,-0.8442913704371258,-0.6790021933844115,-0.6963937362547133,-0.6799348556033451,-1.3530686768949036,-1.4139382612756761,-1.7514494549046862,-1.274117060917389
-0.18071784781109881,-0.87229438309999,-0.6265017622931893,-0.335124772876836,-0.5042112266972391,-1.192724046801925,-0.6981042221934706,-0.5943434890132294,-1.073032902867501,-0.8516761658710135,-2.628965264943152,-1.9580249507332532
-0.9273565638327343,-0.4473816639930468,-0.5668873407581608,-1.172760490958376,-0.6174505275233219,-0.9976571095252275,-0.9227755751336845,-0.6840798566046367,-1.3945115643331458,-0.9341496590749644,-1.8303336661807357,-1.437369656115738
-0.6094697441867739,-1.1481799893160916,-1.1501704915476034,-1.1475364605837308,-0.7454254439544211,-0.2825134239780457,-1.0572692765637068,-0.6848351780096575,-0.9473256915103433,-1.9040143394892424,-1.2487064179106437,-0.6217252340489207
0.07345577202743488,2.3039273386104973,0.8021849444818657,0.13479913382961128,0.764348082156209,-0.11953855860171793,1.2039859789888168,-0.1566652088677337,0.16176102147679255,2.1796194087850376,0.39376547854685845,1.0469395724825885
-2.3698587621152885,0.8912197251914669,0.10995812019964245,0.9815703483800519,-0.059967397517048465,0.6961502989105887,-0.28200454051354895,0.308809527180537,0.535895541859624,0.35421839652388615,0.7702224209644059,-0.41895864436121777
0.8021704161653366,0.622847941955238,0.49314818162105395,1.2681383063791443,0.7539438825124679,0.32324499844059285,0.555869476840788,0.6384783911097867,1.2869471345134231,0.42512888431186446,0.9569463605988893,0.5087951421174108
-1.089634768545248,-0.4284159810026604,-1.2006371717479092,-1.0483491283589685,-1.1914901945883976,-0.970219700295227,-0.8369286585631296,-1.0402816869607519,-0.9289050533123714,-1.1072827300990495,-2.9098238535333243,-2.059323591459645
-1.2068649635704607,0.7075635407217208,0.8084186569552336,-0.5920323501980652,0.8819132990369772,0.8987080969623743,0.7455084667952185,-0.7684465747340785,0.13279355273503046,0.44586876316320634,0.18884245578870718,-0.8597322532081622
-0.3523343536028011,-0.6326021324103812,0.3878139799404002,-0.5157674796304418,0.6129496254239875,-0.34266011302966426,0.5416074799280878,-0.6292871263618032,-0.649488848876009,-0.23118310390196323,-0.528658966716558,-0.9027119629985209
-0.4252791253300521,-0.47369477546654043,-0.07636115323574716,-0.6454307444131078,-0.13900645546597787,-0.7147480409579532,-0.189927237751006,-0.8792369405278624,-1.013555425755352,-0.43505893569801596,-2.102878929045472,-2.351414126481092
0.19473878004970288,0.8493411648104522,0.7476190637318062,0.20869588754492846,0.3739033299631291,0.5735060092831534,0.07012047622187767,0.30880100826033285,1.7983763536484032,0.5919895551454359,1.0523875390666613,0.2094032786060707
0.254706315200546,0.3376739674548143,0.6367617109407622,0.533822930477937,0.789217564440873,0.5515143316129596,0.8778465410124948,1.0792801103286052,1.4337925395122986,0.8986404471529615,1.203056387253991,0.8703147352899328
-0.6412048062388647,-0.1418473091006639,1.6092691851885663,-0.9676440056100756,1.387716592955047,1.106665581976137,1.1943459568800634,-0.7373406505184142,0.82067698853234,0.5291644923623352,0.8893038678079856,-0.6889097109102581
0.6865047854341773,0.41752649800476604,-0.6351606081186554,1.5871438942275435,-0.6950190188659751,-0.4094512468730284,-0.8924012036499087,0.2486218723686403,-0.6687286467321617,-0.3171499354437776,-0.6676919732431532,-0.9818189791894392
0.2919740557687777,1.177702341900071,0.6233083380668003,0.4011799508991972,0.7140024133363763,1.0916629856562816,0.48056679516331785,1.0100005971783763,2.2670161322628464,0.6093277881624748,1.463088618654414,0.6321818251859531
0.19129838766301438,0.25553235031060995,0.5658407172103429,0.2984194524779548,0.15735506917570333,0.8571904023796166,0.3866806063061283,0.37694468934397274,1.2935642003183896,0.7820432058678303,1.5826371650138378,0.7134315049597622
-0.6506856785625384,0.1958340023257447,0.43097091123557835,-1.1587668814733085,0.7150708404016124,0.5309999123728296,0.42154874908317164,-1.0403931518032596,-0.06835312064612033,0.8079697243989259,-0.3197932864690217,-1.015360773537975
0.5945905761718917,-1.8082993781341872,0.025711021678313916,1.4810348054969424,0.029301939703802217,-0.6929385223251621,-0.087796789450182,0.18690889539831004,-0.4950863389291952,-0.7145484791574676,-0.25533311950376236,-0.12890302526686379
1.7002227916221646,-0.34253772167101837,0.7783540851259816,-0.16241585532140845,0.3545394270819059,0.1607682776850347,0.25900525871967683,-0.26808329433435973,-0.08363754280279263,0.1680743201059654,-0.0987326884260404,-0.6484622681695017
0.6330558157853017,0.9320043823924506,-1.927590993679948,1.341658949136646,-0.6804429234689782,-0.4104265432106229,-0.6329192029963477,1.0338711423566054,-0.12736881647627657,-0.3283239885562743,0.19338478763787523,0.019814053195599108
-1.0159130647339945,-0.6738831973951912,-0.4531451173720593,-1.1427217785184214,-0.42541906851221956,-0.9787726510601606,-0.5308885845421188,-0.7175892253323337,-1.2562568962778928,-0.8439892525593735,-2.4016077887028464,-1.918483581446533
-0.17665718340009318,-0.08939648483604884,-3.2605701846062587,-0.2640937051587363,0.034724075649064684,-0.5869422218190326,0.023993356678981736,-0.40577784788555005,-1.1681639452296864,-0.3841013620327747,-0.8081054519971443,-0.986748510784558
0.49290358775440996,1.740293726730056,-0.022994164551731158,1.0965560548591653,0.018570201167609893,1.0112010414634698,0.04588904591609586,0.7468926021295793,0.6835901342297497,1.4230653527178265,1.033386510307285,0.916030180051955
-1.6576813782641857,-0.362956352094624,-0.9474692528169406,0.17845878281567584,-0.927809732972272,-0.9606999326065985,-0.9227970973158923,0.5001006189711072,-0.8534064808734483,-1.2443151130575831,-0.7096654288085186,0.27813019339751055
0.9757704329554847,-0.11295683307835092,0.5896445010207282,1.3352850608512294,0.7724589168702012,0.5975005206292107,0.5592797154655395,0.752111911324721,0.752191887878385,0.6980109285980709,1.0819170599608132,0.6257854139793325
0.2001105723759955,0.024101171896470125,-1.2205942302341133,0.5485640074159209,-1.1081546421312296,-0.6713928978022703,-0.9285689678883579,1.1573122427738338,-0.4010706915771491,-0.6774349649971585,-0.11062627488403541,0.03937021971152364
0.21405488876108716,0.06268232561731016,-1.1003985117693496,0.45311562465205746,-0.7322322818823793,-0.7259854280667931,-0.8383918425995154,0.49401523873985065,-0.8330958533449633,-0.8941965998660282,-0.40810900424000973,-0.1711741309211613
0.5866250062544435,0.8111151699891781,0.7727752582389694,0.4159546194560935,0.4100483620510716,0.5316330896843442,0.4549384941763016,0.6562668683655604,0.9807292896758637,1.8888921654967756,1.0494558081898628,1.3996967079728426
1.5282351870393207,0.22915066620269928,-1.3372804794957986,0.14566238050049193,-1.227488152212253,-1.1237942335624942,-1.1770066714099423,0.11401839704582198,-2.054567289472409,-0.7518625668172125,-1.7352030836638956,-1.275418754856564
-0.37555432070153577,-0.3119979371324595,-0.5780801941472131,-0.5672443553409359,-0.5712412575743964,-0.6792533682443656,-0.8644774719469734,-0.6904291468172008,-1.2899879689365135,-0.6092540222543927,-2.1102096182003476,-2.0406399122780696
-1.4123878968447665,-1.0150882469371216,1.2200074317078886,-0.4047052275259362,1.0271561582022184,0.2535593569135473,1.6446408445527603,-0.746210727169418,0.3400585971770449,0.219948086164546,0.030561547765556044,-0.4220582864201771
-0.34981849361983586,-0.6129000348137865,0.09409687523512769,-0.6722538950991074,-0.09494223381891541,-0.5835748983292647,-0.10960639223543758,-0.9059517879832446,-1.1029829190697575,-0.3627110845652197,-1.3546585506696396,-1.6030743573012005
-0.4381980803781226,2.8510252456838505,-1.1853008200542847,-0.9165708766784028,-1.1804280275103587,0.11355728237362744,-0.7600769343756923,-1.1679811526209989,-0.6654878159086295,0.043489307826208155,-1.2374149009380428,-1.8694084677555178
-0.17906770200606525,0.1241627918236421,-0.2947562547854744,-0.36473069561529653,-0.31794510741103654,-0.0156961374093333,-0.4167142498306352,-0.6969957191833479,-0.7674186209907665,-0.01189619647922982,-1.5394618189207117,-2.4448745167725097
-0.14244899547552106,0.9062611186977049,1.0471336897142944,-0.269546970347841,1.2574886271702788,0.6501430788516998,0.354181435897505,-0.4519241674488744,0.6263293528611342,1.0433118192424642,-0.050927172888555555,-0.3435640689690704
1.176366674159712,1.7682913862544247,-0.8247193032214075,0.950084433160439,-0.6153247049557535,0.2890360253629404,-0.5965610604447462,0.927593168148042,0.3157378109308996,0.09956441485635437,1.2642953343826093,-0.09808951531351434
0.8966634800224724,0.4440397138467831,-0.4161859432160094,1.2463494320989803,-0.4485137680092779,-0.23692838268492866,-0.6888079509887904,0.9708198093968295,0.0073337617865682075,-0.07695634333825643,0.2986395458287247,-0.03273071157563389
0.5081718777845944,0.6981680273359234,-0.9297367107176895,0.5795929801180604,-1.0134116519436545,-0.2674946052866457,-1.214810597403796,0.37905942171151497,-0.5275927129720802,-0.18036622141939107,-0.5302626735975821,-1.2947984176088396
1.1252055622096293,0.8356307906307112,0.07209486970421579,1.1455241814974233,0.04284250040491856,0.48067545212333507,0.2600764928129865,1.35415401418798,0.8941598291240314,0.816758645641819,1.1340159214402235,0.6995399982897077
0.3540643623009416,0.5973037709229134,-0.6220070065785981,0.8783305267846021,-0.5507299807358936,-0.23371598881005257,-0.5660089598049998,1.5677061156097156,0.4091997301595752,-0.14421192605999267,0.37781205346936814,-0.12172944454859447
-0.16035072915153034,-0.8593175823964545,-0.18766438863501197,-0.2876791967268236,-0.24677522410096345,-0.8567984973137615,-0.34898762883126055,-0.519834456144135,-1.5503869606697336,-0.9128320448487275,-1.067957537533693,-0.850266289018391
-1.150020059660255,-0.16112889004489825,-1.922483364897491,-0.9553027028142689,-0.694888602194504,-0.9062672969192423,-0.6424155821376363,-0.8499244583661415,-1.2918199698180424,-1.3865451852614206,-2.502308676811579,-1.3607944006378216
-0.05203820340932564,1.2959707653622006,0.18899936291225194,-0.15730352365754244,0.23742480673384742,0.3068495013774063,0.19918627965048788,-0.27816270917229685,0.1460604545574301,1.449611827267777,-0.003968058209634362,-0.09516236993531774
-0.18862566416424542,-1.1710846025162032,-1.013605827691187,-0.373756140029643,-0.9938136415007879,-0.24492984911458743,-0.7603676143943406,-0.5001652255308608,-1.0548685539278215,-1.9591947989141587,-1.408551338487667,-0.9116108108979846
1.5510357511824016,0.1083289739081576,-0.9797747261471277,0.0014263988156128365,-1.0522600120658525,-0.9147036992648387,-0.9566234552282405,-0.11130470008191234,-1.8209060459925308,-0.7680224420149585,-1.3313332589535603,-1.0852589583581458
-0.3229501763956401,0.47100013373210553,0.956292862504412,-0.5566639644793976,1.1898594565502756,0.26242817791513745,0.5594586444754233,-1.0177315192546135,-0.1951439446809382,0.5350941992892313,-0.35262898120566355,-0.7114270576128423
-1.0196700597880912,-0.6254922225208166,-0.4475597628937682,-0.6936802198097639,-0.4222200118326811,-1.1671620102325249,-0.6346222147440159,-1.14020092549231,-2.089746424291334,-0.9256455566936288,-1.6625440167836198,-1.2626107516865013
0.386570720359308,0.14680262597446875,0.7488511718455542,0.6096252046631401,0.2622868142279859,0.49826715825724605,0.6141331436288724,1.2225425115316446,1.4407178392412177,0.4596100693777855,1.624908149855339,0.9058491580830137
-1.126538323524716,0.19540204814830042,-0.08666229106823578,-0.6718749567863084,-0.03268408915515933,0.23726922850572463,0.04026109216102018,-1.1333402491158475,-0.5224756178210844,0.11081398416796383,-0.8909501117542523,-2.138461435435573
1.6467954217649903,2.624992042481608,1.223497378383473,-0.2262842590760591,0.6019932232504823,0.9110387062870582,0.806013276228812,-0.3603931797733131,0.5475125260055446,1.2799200136827062,0.3516518140927798,0.13752997838891196
0.9372609594187172,-0.15917471858138735,-2.2113440282853736,1.5483236461666687,-0.6953737697750443,-1.1886237233201205,-0.9931956310028478,0.6771343798468061,-0.9832281454792645,-1.2589410684374673,-0.5918080920755056,0.44225376757663126
0.09774540880386302,0.2073977286248197,0.2449736346696809,0.013119744922089005,0.41160885536129654,0.35100492127703337,0.9616361721162023,-0.024158131536147806,0.6874426031539972,0.21395679576917492,0.8855270039116108,0.027306883470953027
-0.7677862556659557,0.870628369440047,-1.0384649920612565,-1.0199978174337196,-1.1004961081575235,-0.3070832998029264,-1.2458817843162193,-1.195739097585328,-0.9347632875092449,-0.2025314161582634,-1.344044644426136,-1.6089684001166085
-1.9870145680422964,0.1732300785314315,0.289829358776552,0.3413649652609024,0.03851708533687867,0.5292854815258651,0.2272233154786525,0.7396551504293882,2.0964656507013677,0.3117719907286712,1.8541132092125059,0.6464986061559853
0.060689717201084965,-0.8690558037172559,-1.45409801457625,0.03821129404052442,-0.8445655755965134,-0.730892476038783,-1.1254396367076385,0.167413159842975,-1.2305794733527733,-1.41669282177002,-0.9052528984947223,-0.2960981681040616
1.255337265818341,-1.0392821322189605,0.0886545697676208,0.8499044930677316,0.2236478101237569,-1.0213811526330845,0.15795843541497134,0.9833178674214843,0.11862353360456535,-0.6628428077371931,0.702545622213905,0.9395543950807922
-0.25108035688543306,0.6861112963213936,0.8090654396764533,-0.5305513396544725,0.7960286560857988,0.28600498306876393,0.6281973567325232,-0.8234228856087616,0.03401992295426812,1.7022779996192883,-0.25265406568878707,-0.05945904189523521
0.5660385351938855,-0.38406705079798736,1.7960451374898254,1.2154026788926,0.8895121402160249,1.4467926128494555,1.5618204342441775,1.4293639970586987,1.9741580039764965,1.1089535016797358,2.7436463952465155,2.096295524847664
-0.6286298697794822,-0.1829738067259203,0.7392495970826368,-0.7260294614202636,0.479259028663955,0.884386701387714,0.7089991956593389,-0.7666258663944736,1.1632213504016957,0.6182497968055843,0.39441746823005897,-0.9281899843203268
-0.5681316281393194,-0.7607490801651963,-1.132020089068406,-0.6795100475566405,-0.7554946832084417,-0.7364006890653412,-0.8707111303667785,-0.7064385596160729,-1.2109608048503029,-0.9597078550101621,-1.3606436614715895,-1.1682120224551853
1.7941675331624953,1.0604666207609723,0.9841697673918804,-0.41197171483234135,1.0352488830380406,0.4521794380811798,0.5214644541742874,-0.6056027131603056,0.06598049709969209,1.6065520076506845,0.005209325542753218,0.0872447967495882
-1.4765825797469387,0.3202946660005554,0.6858316154145677,-0.2530039146944216,0.30939173218242566,0.9831778260972018,0.07776967955392988,-0.3892090476403001,0.757334724762165,0.9844690274949741,0.3495174500988726,-0.5662613955660007
-0.4041102179459408,-0.6917629145684868,1.0353495087751876,-0.5930849601725554,1.4202237818474086,0.6991795031531457,1.4562448553927874,-0.7019421173729936,0.4812196723940769,0.502511985943987,0.3778525815298692,-0.3792532848065893
-0.7774528145079104,-0.1083362199965637,-1.359326805715212,-0.8316399268383884,-1.2402127931084328,-0.9472346053877178,-1.2268114338357359,-0.7379676023718472,-1.2346301589534874,-1.2530096747402983,-2.5058059890483246,-1.6679544906304835
0.22396758200083894,-0.3192046323175268,0.12431326199913935,0.6613951684522859,0.2625896941061462,-0.1403982098950456,0.04731120786822651,1.0771755816464033,1.1773507027176644,-0.07587871207983837,1.6010499410534305,0.9424524775053078
-1.306845478978417,0.3769424818999147,-0.11193421456687336,-0.5029608345974592,-0.09739100569369166,-0.08042574550939822,0.019219685493745614,-0.7067582249573009,-0.7729943258645054,0.14037730307151383,-0.7474751652814847,-0.9932571338245677
1.7266139837235455,0.17020016707498398,1.19262786909814,-0.22338659279507292,1.4747601128589873,0.8946176110086166,1.3072367387074848,-0.38290505975280464,1.439011789524947,1.1059278768951921,0.6261969959982323,0.24974381998274112
1.9088359509634107,-1.4062948378906701,1.985239207190848,-0.49950064488716156,0.9930360514799857,0.2285819278177872,1.6326606860651356,-0.8417259994040291,0.5349381081613809,0.06386464335980266,0.2053896197830898,-0.7877160198731
-0.7567467164503111,-0.23888765578348842,2.854400981997088,-0.9129134961376623,-0.10826921481336965,0.2704634847800633,-0.19584459345503555,-0.786728027629406,-0.5327046064031028,0.2689892068865002,-0.7791061447820413,-1.3564334562289
-0.8280185381875147,-0.3048542486215945,0.321753464547951,-0.9664484352282928,0.05093180958477589,0.011697409966216692,0.12702468737921221,-1.1610505215235636,-0.4767972667580554,0.021633060552580945,-0.6768822657659714,-1.0836181208464448
-0.663179905573512,-1.1652253939322672,0.20017068645623587,-0.719834670656426,0.35193598498121054,-0.5822660295630093,0.2993414561953264,-0.726448661159679,-1.2845998524877973,-0.5169405991411354,-1.2687574208121328,-1.3060477277618638
0.7553606768816175,0.2792100283047809,-0.21656557419844247,0.7626036161752939,-0.22554099257455182,-0.16598313733180353,-0.2963060133765612,0.9009216964407315,0.12907192310514226,-0.09111199373684714,0.5207006067821716,0.15276353366960305
-0.6655112419354758,0.24930626681433912,1.9558385184290028,-1.2051807344513905,0.9982669059693662,1.1530511280110676,0.7122103011911499,-0.8398011976987355,0.3895019992577162,0.9188156776435187,0.2974020832809546,-0.4806364220492945
0.09003881478483822,1.4638180821320896,-0.9823923651321134,0.13968464404602043,-1.0456476015252358,0.7344438223750722,-1.077445376755952,0.38992145721216487,0.45946377737112054,0.3281475209077658,-0.021074355254601024,-0.6817601451932499
-0.453434750325999,0.6846603288477403,-0.4321769217606124,-0.60979900922003,-0.4719741660390539,0.16967631282987986,-0.5268234547947427,-1.06410320082707,-0.5440814783528527,0.016814660486792504,-1.0018912084566598,-1.640473584654368
-0.04944423747263789,1.754177099528953,1.0379195929855087,-0.012856113749624157,0.8141003807789858,0.32607822184812923,0.5814612692271566,0.02214351892988824,0.9873375117202635,1.3812003442182268,0.9431508716285717,0.7770685828377369
0.277124349388493,-0.8921387673401583,1.7126052744175955,0.8451325636295174,0.6237383979217144,0.14923965319599375,0.26949710436625396,0.508789493278386,0.7532635661651748,0.26611815161922525,1.4363601990632207,0.6850828174879238
-0.596751295774568,0.9298348683645522,-0.004294099832586498,-0.721690388887701,-0.04762251845354148,1.3159119343890624,-0.05149297888900367,-1.1488433998089689,0.15678625835018495,0.9849549652683944,-0.2709881260800986,-0.7452050136948796
1.4595944813888266,-0.4968889129906368,1.0571143549961717,0.2206594908759762,0.7375587187419468,0.796135573311176,0.5402643184383157,0.5377531897304152,1.2562340060802408,0.5731015887755883,2.1750031267340644,0.9825546730397217
0.6214898762454067,0.5383740805372705,-1.272835971668898,0.7891864996076455,-0.8778196455575984,-0.6559921219974215,-0.7198258497830421,0.5976185490901593,-0.5127710696760025,-0.42247927609833513,-0.2760197096741869,-0.40037282744454106
-0.30463073014867653,1.8274082546960868,0.8781027999201982,-0.5302682845265637,1.1197497997799795,0.39917648718048737,0.7327809533460582,-0.6269647666413126,0.2280944974630849,1.5412281148712224,-0.0514237791722266,-0.05547316345828584
0.180269930654433,1.0828685194576597,-0.7306031234379207,0.17290809409161093,-0.7704488776032798,0.01434926306823249,-0.7046709458692995,-0.009270808141280784,-0.364703034703684,-0.0353515208942055,-0.4554592512201257,-0.980422794405517
-0.8370467839810815,-0.21046603901923522,-0.7302692667449473,-1.1751029770911883,-0.7776391205896428,-1.1540577366517741,-1.0987307443367635,-1.0833739031343133,-1.6416731398279016,-0.8386913391111915,-1.9700633016720321,-1.587800761036252
0.26311972843795756,-0.32260819102207877,-0.6233096352186978,0.7590174402958367,-0.6125912429382984,-1.193192666719174,-0.6273823052431462,0.40146676002426485,-0.9785981288818566,-0.9014245496771476,-0.7497763188254999,0.022391048364645144
0.2435136817475486,-0.46250582110725963,-0.9140039979715867,0.10085634381011463,-0.9242695854813174,-0.7436381852754014,-1.2047361856337415,-0.013781323967423903,-1.2615881306610464,-0.9203388980255273,-1.077683975302283,-0.8428090493573096
0.36150240450877624,-0.7495679626962392,0.6509535633811636,0.6491612577716592,0.2910000483076683,-0.23836345335178005,0.37415307361437566,0.3254412408094839,0.03411565599240422,-0.1602655372643347,0.3420301181341952,-0.04033881891634413
-0.34913057001546866,0.695841841086726,-0.9655671362639885,-0.5752388409883064,-0.658249519344331,-0.3669634951952976,-0.6531282403112773,-0.6949561052890012,-0.8617607136984445,-0.2338461274524926,-1.7189077214400417,-2.215289283717253
0.19184037037700802,-0.9071548589922651,-0.05085023559270669,0.7047541328885099,-0.13676339664721318,-0.842674613618155,-0.14631197220164016,1.3548205993137592,-0.4266505580517016,-0.8039668224676599,-0.03827414419774394,0.1254310944416812
-0.6410159683094985,-2.8962726029300567,-1.9170182247824104,-1.1706504100145976,-0.6933644477096418,-0.7167446504001833,-0.7496859972395896,-0.9228755776755373,-1.1647958899502742,-1.617509411059211,-1.7236344292394756,-0.8634192494354849
-0.8042202582936678,0.26406919060401046,0.5310777648185342,-1.0773611085081531,0.157569415355947,0.6920604079197326,0.40492991505812576,-0.7171891570951876,0.1581401293264123,0.31282150024146627,-0.17813748463498247,-0.8901508785958073
0.9171681232302662,1.2387363170045438,1.1412066541752879,0.24168279012933336,0.9397284510128003,1.2650197966035401,1.2449053546028939,0.19598664688964126,2.3782024926900736,1.2037701342738825,1.1626262185317637,0.8473736448196467
-0.2342894832562804,1.466259271071358,-0.3595576182115762,-0.39929738460138264,-0.39871248330889386,0.7702792791282362,-0.6042382666179145,-0.736518244570252,-0.2591849723692722,0.5111220752155848,-0.6768929658641512,-1.379606254818108
0.430815537087016,1.8387412620578503,-0.638078430189159,0.7015385020234746,-0.6771805610550851,0.37935198385988284,-0.9863052140692307,0.7301417792823679,0.22936200715414834,0.6232258372177958,0.47806270406508494,-0.12897124615159977
-1.0185713246555619,0.4595048445729947,-0.10753061065997772,-0.7592539398793926,-0.11952011576270759,0.3702877723478972,-0.20565522162401942,-1.0846699410842242,-0.384434795811604,0.35047348074562423,-0.7454891380572042,-1.3049755792749917
1.4708231155579132,1.304149801351229,-0.9022319002074539,0.08200977785433015,-0.6294763859304278,0.2730688748631787,-0.9028815251816948,0.36972847977447065,0.18219517906308386,0.13238204394172337,-0.08825629498838251,-0.6362001400845408
-0.6611697725339195,0.15994462774227225,0.11018739950415539,-1.2018825780825906,0.08395847881832241,0.2624507774222402,0.1354154474217855,-1.0509214933226236,-0.42137150907051424,0.300455004124686,-0.7785036753459863,-1.5347370514620857
-0.5085669014520627,0.5767078771343452,0.46871131778891645,-0.6500701692522001,0.6943411120286269,0.1608663914398806,0.6656336285672511,-1.0991167703478875,-0.39907936817907474,0.16681079409319471,-0.4096025028544617,-1.2503481099066227
-0.4007384768507137,0.5960595250753496,0.1330840086401386,-0.6792099515294193,-0.09426222022128054,0.7233138486453994,-0.13134986836362375,-0.9098892497528639,0.04188935523572218,0.3561405310106681,-0.5092912595090049,-1.1651147209999226
-1.7200757875226578,-0.24382456673711886,0.12358689627476714,0.11229190575312972,0.2903637529186811,0.019681142535601943,0.6407674633074563,0.18412732132309886,0.5191200156306389,-0.03141722366535782,0.817705696809077,0.01873773970463298
0.7003705435167539,-0.5477411684971674,1.0200075183959418,1.5803436929351626,0.39968831196772603,0.320238208619525,0.25924333363325247,0.7575698074923594,0.6251115854557956,0.14357612711217344,1.9492433241130276,0.6724684767616571
-0.2843801244929523,2.4155922491370574,1.679961737934757,-0.6057519988526225,1.6243820554736979,-0.604201087352057,0.9771910276588623,-1.069215617966902,-0.7649977677080294,2.527471454508304,-0.8497524372768511,0.40839738678009685
0.19376287350474128,1.4323325168781884,-0.6605591311095812,0.19116918797201415,-0.5245998908282087,0.5216050535305111,-0.7464260904106023,0.45753250775938653,0.49063942884880873,0.46798007725922547,0.4394102403659623,-0.368668564953748
-0.2060687017366975,-1.0092057740583593,1.1389262188426856,-0.36322361008177323,0.9024819069184183,0.26794156486248477,0.8434676535471985,-0.6950798436477599,-0.03323315290544737,0.3829680597459214,-0.03930363853206729,-0.6985698031664631
0.05950929844827259,1.0810818068233792,0.6357953033205439,0.2291468824917874,1.145352460408094,0.8898569135013283,0.8410408612997373,0.16820615944454864,1.1470561813867917,1.6131187728741685,1.217424709751694,1.2959379592187987
-0.6180316475189663,-0.47600299955621656,-0.4017942054972271,-0.8774386936103029,-0.4282198218694551,-0.6975119888226202,-0.6485375749510516,-1.1106439098344236,-1.242604261548455,-0.7633687624576021,-2.5965500535595165,-2.331759894688714
-0.3130387629475048,-0.559138587158452,0.4546204208098104,-0.4977669329998837,0.7245366648551425,-0.11658048500912332,1.1208899592073267,-0.7189984056396423,-0.2532847960335609,-0.053293310509581394,-0.20666923662801245,-0.535924229983859
-2.939336210438403,-0.22520476816156196,1.4835545886195889,0.5294284296139948,0.5246211523128652,0.18001204096092105,0.7083015270416528,0.8774422271056764,1.0549937175606268,0.3749946974075055,1.5963368100003728,1.0570037573054316
0.8293450559268919,-0.3653137007823294,-1.397409627231868,0.6947834277631779,-1.193506402214797,-1.1777233771485947,-1.2329819870277723,1.4869742832658153,-1.6132469577804782,-0.9967358901471177,-0.8063940049812982,0.004009586565525509
0.46230515539650074,1.0017705593820012,0.28489043807816533,1.031008131503572,0.39337100662422675,1.2384695907975625,0.699356445505382,0.809213264474042,1.8725816849968426,0.5799807606815877,1.234043921242719,0.4893178290208522
-0.6906192588453162,-0.7567680870049056,1.5293450018314378,-0.7381039193007735,0.7502606633090606,0.24328661096846657,1.2702926193464072,-1.199709895355939,0.4212430497273032,0.5970589620048502,0.1785032023208184,-0.5419094545529066
-0.0035977400303821355,0.57443654607762,0.06155024398888673,0.015176933688342057,0.21381929292217983,1.1242243017161095,0.1115932118862174,-0.021054207636260293,1.8229714899712515,0.6580842063477924,0.7137091662113346,-0.314988762760627
-0.35865295065778224,-0.08688686008480469,0.1664818720291102,-0.7259631855746931,0.25808726638265883,0.1186171794131894,0.4347470514400395,-1.1154351673676488,-0.4472929672034257,0.07725230032355353,-0.6668627824504839,-1.644242513809346
-1.1261829134942594,-0.6789017926549472,0.9432026803805607,-0.6273187783916035,0.6095851801140809,0.17225759485013775,0.6924171967991358,-1.093323945450601,-0.17343523497925775,0.2674495749009582,-0.32596242897806543,-0.7626157494934163
1.6694176857258698,0.6040276948389679,-1.6560975746957034,-0.20389113431786338,-0.8526488462748989,-0.6277369901383574,-1.1366705448035508,-0.37426796066101026,-1.6762630164614596,-0.6322096800322974,-1.58654804468548,-1.5240255943823
-0.8574751084879817,-0.4839950301895688,-0.29451009780970955,-1.21257152577507,-0.29633921748059955,-0.5841337363649748,-0.36336329439686715,-1.0433583252650374,-0.9548294531523979,-0.5318536290343963,-2.1107813740748207,-2.129285867019762
0.680319610327902,0.00929952966033173,-0.5938959426147689,1.4886241852080107,-0.4955335783699,-0.5351969825394938,-0.5868604068754569,0.3487445379826751,-0.5672791665502138,-0.4292536414864514,-0.32609107808652116,-0.41983752279955333
-0.19612988336342232,0.8348183076482789,-0.6341667342844469,-0.38440606122119075,-0.7286565734131182,0.487531884972537,-0.7084376774381911,-0.6742673658633898,-0.5218972503632775,0.17032190449049545,-1.2871406779217884,-2.6858040282436484
-0.7203099205541866,-0.30958041303953965,-1.2684199067802502,-0.9056654342560483,-1.187313036657686,-0.9030115701623802,-0.970683403724499,-0.752491068606065,-1.457277669360086,-0.8434229562528329,-1.8625584100902473,-1.5777019136369652
0.4232819115251941,-0.021312512623007783,-0.5137563083418972,0.8434993479238413,-0.48815978444909813,-0.6395651117720988,-0.7478530695955811,1.6309906807634111,-0.7485826703444713,-0.40054061484567216,-0.3305172579091621,-0.518785584315384
1.1786263702639062,-0.5594735430101053,0.7847116412382982,1.1127528103675999,1.1902526208909294,0.2287237667815759,0.8500291611067694,0.3992704345629342,0.936844600882315,0.069337372155298,1.361864266649299,0.4457933043700895
0.2839825930875087,-1.8639969768107343,0.13530753798423942,0.40149605605224903,-0.15163944674369526,-0.7537674672265453,-0.21244835242863208,0.9207088032251322,-0.13046772583526328,-0.8440351422338565,0.2655646858536555,0.5131996505404623
-0.5216671185896367,-0.2448578784729258,0.5320404629117073,-0.7050205379295218,0.7323972169730152,0.14137611945085585,0.45772791108652877,-0.9058622032806533,-0.42546797158553706,0.0013571301429331772,-0.5593586247321921,-1.5427191645737397
-0.4461411257519968,-0.5789935469694166,1.9999084800463718,-0.636193764368097,0.9815563085142884,1.6669719382140644,0.46875414748888616,-0.9488634865688026,0.5340720958405297,1.0152058449481847,0.14017186863360043,-0.3905379327728012
-0.5002512691601055,-0.2865286110084103,-1.3836994122033166,-0.8005027004610534,-0.9270821662141301,-1.155877282747273,-1.1972016196442246,-1.2331818851479395,-1.7611885216133785,-0.9303911131395878,-2.516714550296699,-1.9589834634583838
-1.102278845825697,0.002650627061522166,-2.070052510525838,-0.846399801589481,-0.6983285761029487,-1.1416247320557882,-0.8820363057047157,-0.7396031135651654,-1.455891758570073,-0.8044487127377512,-2.056359948039342,-1.700651256683742
1.018873805321205,0.3092604225484509,0.09510177635978068,1.1308547610735056,0.11984834201823587,0.17458116197611617,0.2738737242312699,0.3671616280744153,0.41951860089135995,0.30954626306781985,1.0247219238636367,0.372959004035182
0.7864929704597194,0.2650050160213067,-0.8651265140175481,0.5384853314291942,-0.7387896950165777,-0.7719951714400107,-0.7310127586036771,0.567669059709935,-0.5875335680849584,-0.471348516507325,-0.3441696588873216,-0.413631864127595
1.5243885790738931,0.4187368817597408,-1.6720790501225522,-0.008871691167936305,-1.2335450507191847,-1.0004393732816825,-1.2401189543953128,-0.13481196449711566,-1.8028047058433074,-0.6358849016308663,-2.21931495365659,-2.012842961446311
0.7596030976755793,-0.005458766118143583,0.3452426296875677,0.9421682557305369,0.5989098999189031,0.6135031240927719,1.090158681097889,0.4330952818410714,1.136247731470375,0.5591977745344974,0.8797145288370157,0.4129772127266227
0.2737674931202243,0.9386470687551643,-1.6730930109072413,0.5208502184422215,-1.2129047898135585,-0.41616973539566143,-1.2470366460669347,1.202347131177448,-0.32682049012198683,-0.3213476702901322,-0.11371863034299472,-0.41491718729596955
-0.8160245061771823,-0.4687588751371929,-0.7996002964327967,-0.7487206113008199,-0.8974123036535796,-0.6869378237574131,-0.7947015457153559,-0.7213438008528074,-0.9424667939801078,-0.7494348305870413,-2.5781788109297046,-2.3364389413618443
1.2403766261196552,-1.819634347029223,-0.2775565217701081,0.4006817621150509,-0.2868809001161308,-1.1299670379774727,-0.358980846499637,0.285867334333019,-0.9677996162611828,-0.8696996981773524,-0.6769988745348574,-0.045385065047537074
-1.064341476767097,-0.9816183681908063,-0.13636610261324933,-0.9145031345417983,-0.06518586208215371,-0.8652305786319938,-0.1254770311515216,-1.2506891557039301,-1.209662862720028,-0.6454076143812864,-2.100079993361765,-1.9139052338802696
0.19851847239929019,-1.5553316859314994,0.1530321138340606,0.5317823994030461,0.37396890830083934,-1.2425916229113838,0.5249747258138581,1.0829334634190435,-0.41238821267851056,-0.9579539197187172,0.2103078106797097,0.5905166387112569
-0.2574824608132351,-0.8693624199140861,1.5617385148690848,-0.4160779269918406,1.4109549644823824,0.38613192839610755,0.564568679972314,-0.784704889491781,0.2753614579470249,0.23797958847375827,-0.19881107336478693,-1.3781550208030477
-1.0354051327415692,-0.7495238271902013,0.5892684623177011,-0.772503302140681,0.40185759591647086,-0.18090113913863565,0.5869098454094507,-0.7377550327583237,-0.5376257270254229,-0.06767330330779998,-0.47337485736641816,-0.7118230274951485
-1.572260183065734,-0.4755252371230681,-0.09984250014039532,-0.03964390471153133,-0.027454619590628837,-0.7676321604155038,-0.0421068756625821,-0.07223998590428944,-1.2127937748108863,-0.4838432627186893,-0.7777380604244252,-0.9205033854400829
1.6755140808720588,-1.2257259760498065,0.06569491500684638,-0.047516066517983235,0.22637897393558382,-0.9708989544684937,0.5202444762010813,-0.14705557301964414,-0.7100463815198406,-0.8855281921194754,-0.3902741875834175,-0.10418787891649235
-1.1469141146949793,0.2468965135556993,0.8300057183674625,-0.7984013175518505,0.21772516900099836,0.9686221998309011,0.362583156490928,-1.07694373015161,0.054284592315727714,0.41316247733889677,-0.1017589697477288,-1.197411327400651
-0.9128231504274857,0.12473153535885735,-0.7123797169417105,-0.9143544757718348,-0.8015361876383839,-0.5102897818425649,-1.1174111656895804,-0.7492583638742536,-0.8844618426825787,-0.4132949930733825,-2.7149504922356638,-2.9090055513505937
0.585495839700177,-0.1256110181251687,0.39329613727268486,0.8572761115921324,0.3507331563729501,0.5131117559434561,0.17033716701108353,0.577793902550199,0.6820771414985664,0.15612775938368087,0.5515573256783672,-0.07677748565325475
1.9023115775649513,2.0725943013988775,1.1014881212520125,-0.45607366106686104,0.681266407290577,-0.04770767241205688,0.9145454578957383,-0.7047720091819833,-0.24441074799488585,1.9772037165311476,-0.23683515281124948,0.11219920357351149
-1.4324466221701013,-0.6038975601542848,1.166302435291475,-0.3577582864977536,1.1491326930349133,0.4955551345931293,1.5189267824007116,-0.5171623702760999,1.3543255669903884,0.15916872255608508,0.6303432679386373,-0.5199008680341922
-0.8613147611223761,0.03439757977223492,-0.6623990980089266,-1.245197427736908,-0.533692507101253,-0.6776558515872567,-0.5577135559403652,-0.6655620883869181,-1.0716838245257132,-0.4577853617578345,-1.8162362538850827,-1.9803081484626066
0.01690875804570245,-0.6572902052993276,-1.1672503181375418,0.07727670473676909,-0.8025082498528866,-0.573612975927894,-0.7424784958517802,0.1535773992799258,-0.8344383594459717,-1.6871945259756913,-0.8640589375879075,0.333940190943459
-0.0587600824542797,0.29542263905073873,-0.0028676912622789762,-0.08071062991015215,-0.0015601280830866834,0.4552756849450924,0.1190019488435532,-0.08554998217267411,0.31976514833870556,0.19379470412719949,0.2756079373029733,-0.7424932995312642
0.7066336036083202,-0.34771774041929204,1.9010098963113407,1.1778587261225184,0.4819675152346594,1.3346529694522875,0.4319698267322021,0.9028580352902008,2.024265374424035,0.7839576641638935,2.734193802624169,1.4349954560654994
0.33188609403450825,-0.10139076393471036,-1.2223455267473804,0.5935181441083015,-1.1942250382251436,-0.7920160312474829,-0.9872928448303944,0.5464274260136384,-0.687365227984318,-1.062258488252454,-0.4346249892626158,-0.14950224404835283
1.2930163568508104,-0.16222357981530136,-2.102798011647835,0.10475734179833429,-0.9515954514308921,-0.9383107916032566,-1.18835306907067,0.17927347180253714,-1.0133189971718046,-0.858083443444578,-1.4149653981336916,-0.935958690259638
1.040389746339882,1.8110078912674283,1.1003242995247275,1.4630002045878854,1.1921547704107192,1.1934197163157583,1.3517336010232426,0.575338040221419,2.4296511132275542,1.4836250113735767,1.336357115862098,1.2819418479838771
-0.8417882964973317,-0.21338137129601706,0.11722359885712307,-1.1767653811341006,0.20991527275742003,-0.15672218890915904,0.16506967677616272,-0.694550987106092,-0.6259731729394751,-0.10042502597896891,-0.6775117675634956,-0.9578639585608834
1.6983926140436159,0.12238326984956889,1.219485470674423,-0.17730049645514998,0.9086163103326507,1.2539403135403464,1.433612671139091,-0.2749393617611297,1.0077150140334676,1.2388953102723401,0.47958755284378174,0.24055446453514365
-1.569315055530733,0.5759806780857195,-0.9167848014457414,0.07142049583199325,-0.6395545978567571,-0.37789819401128705,-0.9182682008409738,0.2478882767110024,-0.8659540093236546,-0.2860592613378984,-0.6115299725603052,-0.90440834102512
0.9211433696025919,0.7809040942404019,-0.7106823807278739,0.4337745810971072,-0.7973774048396445,0.16609167935703895,-0.7214273268469933,0.33749785528964427,0.04342635535986915,0.04551508426046898,0.06639098360284405,-0.8301347952450651
-0.28597640786074147,0.6555881733358682,-0.4090862551350591,-0.44831728194300324,-0.4503831947479103,0.18081327931359686,-0.5608547577638336,-0.8438053728503967,-0.644210948942718,0.23485313192452933,-0.9010189258225996,-1.2770248358130667
2.241029904623363,-0.9081952148379266,-1.27407804828699,-0.8600554673595929,-1.0455719856537977,-1.0564501400998068,-0.8560344309658249,-1.2326603432368266,-0.7803476093992959,-1.2354939107511345,-3.0236801729459932,-1.7813361269774435
0.6133162840037525,1.318377558623889,-1.765320587289721,1.2440537017487714,-0.8220785433471295,-0.10088591703041547,-0.7025434600170453,0.9362659734860409,0.019014153757488342,-0.08250217667497972,0.11234239471369604,-0.28949790871811576
-0.31899413316894676,-1.8474766345241815,-2.008815682459339,-0.5819484429132881,-1.0613533675950708,0.758646612061335,-0.7701930337382582,-1.0346574714818877,-0.44754831172613413,-2.4401647808281175,-1.3508114728527478,-0.947740122708025
-0.8626486448439333,-0.4794555445779701,-0.8556280579233074,-1.20460367904578,-0.6384996295806242,-1.2160312086984213,-0.6099925177623278,-1.0596792691111938,-0.9270761943027669,-1.1163376429381868,-2.9405086969771266,-1.7814989563060262
0.18791706779943537,0.5844008898555768,-0.6688833102892302,0.4666897729072643,-0.5236092698590323,-0.2226469403541057,-0.5390719513926014,0.4066600774377966,-0.17310026278904847,-0.15106713495871857,0.05962261427942505,-0.6276573921841972
-0.030257416737352338,-0.09005474490028265,-0.001104218566558274,-0.0006561015450663871,-0.01418387600317425,-0.11264697368621056,-0.15231953052829117,-0.13675780487480602,-0.3747188643852811,-0.04400807260443175,-0.37237931695553245,-0.6593313538537475
-0.20124867074755132,-0.4268204170973903,-0.6545074057351137,-0.4107959419194471,-0.6454578236083541,-1.2536085593655657,-0.8935927505496705,-0.5643052307856409,-2.1212023610437023,-1.038851503489918,-1.5448949379238623,-1.0107807639792936
1.2066548803741324,0.2667047390877515,0.6368011547130638,0.18763390807859712,1.0332539521659863,0.6665674157498003,0.30696967429264815,0.4220659615542167,0.43323758900898035,0.5291465143597271,0.7819898228323778,0.18805487818780942
-0.4646846505641004,-1.9532366376688344,-1.0428795589983562,-0.9082620325672455,-0.9627827209418203,-0.6197700667950762,-1.201041559413987,-0.9215479979000951,-1.3274751213428406,-1.4768527944392713,-2.308604868035261,-1.7079745505744424
-0.22516094991202326,1.7637274525421263,-0.3877373225106868,-0.4705657147373095,-0.43078270194594975,0.5010528220604095,-0.514407067899456,-0.8743449904837916,-0.5172010894671147,0.2349220396925681,-1.2905382946700692,-2.7306274777839263
-1.1616337486046395,0.47850901526781053,0.4737184073359781,-0.911356694297149,0.6359061206214411,0.3248789379989312,1.2493368262657414,-0.9071421691701195,-0.022843258884511684,0.257703960623089,-0.10519054999835079,-0.5629455082686585
-0.2971692201133837,1.3642998831200472,-1.151834269234021,-0.4626100034884316,-0.894222594687702,-0.15809050173660083,-0.7841987285741768,-0.8540187753423656,-1.2588369509954396,-0.0026952124241120083,-2.062450371995172,-2.5617570546882713
-0.1956489436455247,-0.280162986997926,-0.29589981120106146,-0.3468163586503166,-0.3171797965597541,-0.5567500189153581,-0.43654385431890025,-0.4831958570400423,-0.9036256525647789,-0.4776065573135117,-1.0738830300514561,-1.123298112533927
0.4040095814742026,0.15660275377633667,1.2238801526937257,0.4131827187480278,0.3104281808429692,0.6473255264144201,0.6407374569675987,0.26783244065128076,1.010641977867483,1.4276586154437014,1.4678029091675147,1.3260978999530748
-1.9548187937986496,1.6045028301990394,-0.9317440491745842,1.1052813319012507,-0.964320372060453,-0.12020747183616391,-0.7677429230909394,1.0041356409386002,0.04403145124165171,0.029477732836617615,0.3584879982233326,-0.06681672362170972
1.7988819371769629,-0.5901170168506291,0.25478738651197574,-0.38333670438854783,0.1423382121074013,-0.24274355826257366,-0.10564846888242975,-0.5335196690614201,-0.6913303048823162,-0.15986684859521177,-0.8486937202788009,-1.1450889761416954
-1.3831312008099168,1.2486889563249242,-0.5397065043021347,-0.43318784049206355,-0.4529429380324519,0.18043767162914792,-0.6937426278061531,-0.5675420796030634,-1.0230328229480548,0.3561342730828169,-1.4693341270004414,-2.238006875476626
1.2044607274702346,-2.0562757850659765,0.5050232685292824,1.1554783849815078,0.7214677341048215,-0.6534147066251415,0.5917842822330044,1.3875874358884381,0.5770393613899568,-0.6513743472276247,1.0687870533597335,1.1769239157750722
0.12038048160740351,-1.0364197813516214,0.613144864644916,0.0864154870387345,0.11391770706874632,-0.29204643360357724,0.42364754990926934,-0.11576155668924919,-0.25310953657204494,-0.20676387318035602,-0.07584017098419434,-0.5321369994566505
-1.0440034712108923,3.6102066576902634,-0.5251893606641767,-1.0870684246146953,-0.5898778053984957,0.010450191360075734,-0.6161207422586517,-0.9488453059558909,-0.840984658900561,-0.009147761443076094,-1.6708423848505536,-2.4902568383880235
0.4082607713912401,-0.643529764188666,-0.5280672660556563,1.0702890209199967,-0.4524168795202633,-0.9236110160530709,-0.5387992780076678,0.5609731351744636,-0.6823548317487338,-0.7506216463406132,-0.31645652131918767,-0.1641515682636203
-1.3796133846827314,0.3865840560501706,-0.3466827159085717,-0.47731258870605897,-0.3381048515639191,0.17938424464187153,-0.4028482455933566,-0.6127522288281717,-0.61023705188497,0.04116781602185019,-1.1777469455862517,-2.2909496216373855
-0.061857232321297265,-0.58286038134466,-0.35614178976924016,-0.3218004496247159,-0.3359325624756969,-0.809500772062211,-0.3971632264083015,-0.6158297582359944,-1.1540258329665973,-0.6303158388888725,-2.1585543373680016,-2.014636306323042
0.4394902623186093,0.2836400304763546,0.6084870974346924,0.40138090925101566,0.8513508206683161,0.4831308525133523,1.2308769097659054,1.12870844345037,0.15943814809532597,1.1483851146277837,3.308585808590501,2.8417712675672164
-1.1210491494024564,1.2359327789008405,-0.8693515987613512,-0.7348248063901928,-0.8861239352521134,0.3361434157706303,-1.1830434430924113,-0.73662187235638,-0.6993300867219807,0.17248701949068887,-1.0716405497701484,-1.6743481466579628
-0.6370575877726264,0.5282587510523924,1.0173489440331893,-1.1831201176976736,0.9586930086815023,1.3612833830325277,1.3614358435420455,-0.6705371658777719,0.8917643096760333,1.3215080487770856,0.545720781584848,0.3166937103755046
0.4816451434002164,2.746033685527001,0.9363724083593346,0.3504665734119238,1.1747339295597001,0.9767145948229548,0.7485670407552472,0.7551805509381249,1.202719772891496,0.7343887423712874,0.9219218938158757,0.416563529715067
-0.7284481662409978,1.4009213338780193,0.5619338024638431,-1.2415320026783003,0.4134260187708728,1.1350878058528835,0.23145218345328994,-0.9323458683479254,0.7387370839699039,0.7642738311190796,-0.04306937938522534,-1.2677044541553464
-1.528715075447968,0.12041877947081428,0.5190177873416888,-0.24076207869033645,0.4861396247485661,0.16841394299196297,0.28677194443308973,-0.45100221863403395,-0.12524424450183064,0.32545352402247163,-0.27346504504408164,-0.6903675473578196
0.5964449792466587,0.475900482767132,1.611385398989081,0.5969835907789687,0.8076631626701587,1.0684716934217122,1.3600389655280287,0.40132997483207233,1.527138527015863,1.4738889814073723,1.1845823180298232,1.1219668684285349
-0.5995092003816768,0.7130105930875258,0.3873158269970747,-1.0655897400525487,0.43563762758725355,0.5286760396750748,1.0484306428304082,-0.7375336960801429,0.06116498667783557,0.5044897467184509,0.25021443933755916,-0.5881030840945882
0.20225250740582915,0.3464192749420991,-0.10450692364740287,0.3878349829653867,-0.11899321826222618,0.17290424821267897,-0.16790922269493236,0.6568255692808271,0.5798416172372033,0.2453312227571756,0.4447827543462706,0.04739786627435348
-0.7534488721116394,-0.43971955509303684,0.9259815868941799,-0.8638485059805833,0.5845375093316423,1.0542878555070816,0.9039401148636451,-1.2344580438556887,0.8308733291062258,0.5146501203003941,0.5672540895364602,-0.9953975330200516
-1.6225540272270682,0.6769343139281877,0.3122790695622441,-0.06401697370497395,0.2584156226142799,0.20917866027192628,0.08245163221183749,-0.1441995205942763,0.1840005326887738,0.4255365875770877,0.08708486274218878,-0.6446188315296777
-0.7577372218007138,0.11948452220131872,0.1400314538846911,-0.9021050754646628,0.17094987131335948,0.16992589352185639,0.49622912288535576,-0.8316630641444757,-0.3095036256013205,0.3964947643102865,-0.46286189537446687,-1.051330470894539
-0.08247980328598432,0.12752172140818743,0.5383850120350712,-0.21015704569571295,0.1476068812811258,0.5999400808130677,0.2924037733920596,-0.38654174135704933,0.20399912901521106,0.8330115637637825,0.07766263352526083,-0.4798021413299066
-0.28963222273571837,-0.42291570499829495,-0.1832793796617825,-0.5648346396973869,-0.12359283740773966,-0.6697318472217575,-0.15184870845212262,-0.7363682171595403,-1.5960952302385507,-0.40696704322982324,-1.2340683227168745,-1.4124306242614537
-0.3091226618923945,-0.0006999375375957229,1.1012572788033386,-0.4986164163135269,0.872628215346212,1.0300845672524257,0.4307481130201014,-0.6905809685177676,0.4280465751119839,0.5287255382308098,0.06214383584404076,-0.8752324891904377
1.2878198198790942,0.501646866712869,0.23905994179457615,0.31820380024695133,0.1281677963884598,0.6503786998541693,0.16364908377349072,0.5685220928168356,1.7282768349528157,0.6411950922438088,1.5523330053772295,0.6791101584862771
-0.7886807065939309,0.8628939404399183,1.3900899961363948,-0.7775771285106161,1.0956868281585086,0.6537616535995925,1.5300680840170078,-1.1253613776013394,1.0903188755875337,1.6423764573864779,0.4951668370206284,0.6366049865119382
-0.04139598553087542,-0.42281615502746817,0.25280168412709136,-0.1008736869033938,0.22253963314287717,-0.15815390158272802,0.17061132284534453,-0.20639269492235696,-0.3851717364410872,-0.08639877046990817,-0.2851050048417585,-0.7656791036884872
-1.5676490189071661,0.04410753268060505,0.1603821469754579,-0.057296950246983586,0.24302615811863063,0.6002808808822,0.21681233478160872,-0.24048990081470326,0.2089449266114207,0.24169161650258977,0.39931563093175043,-1.0915004031972202
-0.2568626267320961,1.5302177203307754,-0.7166833584188628,-0.5145936106933164,-0.8192485788638922,0.6487320038106438,-0.9419196700006006,-0.6159301776314935,-0.451889179624171,0.31825612978979095,-1.1722827999538021,-2.434454837170988
-0.26570322882841735,-2.0155684076679172,-1.06895530627072,-0.4256783012449541,-1.0822754944855626,-0.9497413830068526,-1.1837454343162674,-0.8029360566318666,-1.5135702305064134,-1.4811734535116525,-1.7830504135122023,-0.9579420095481048
-1.007181089222184,0.2595426949933227,-0.3769685415681064,-0.8758118532019229,-0.35934656047460445,-0.11219362127118981,-0.5107744851759306,-1.10168456197651,-0.7838475034294665,-0.08902212947083216,-1.7520033195535984,-2.539950403849716
-0.008168250517372555,0.5059559204189742,0.49744926652901333,0.07866445539118734,0.6113062440151771,1.2982468922882955,0.3975079683021791,0.2833157099243321,1.4024460293116328,1.3250271225234607,2.4492710946155714,1.9973891924482468
0.6862959197304522,1.1620167020892478,1.9382155942299018,0.7752032659668646,0.7136006214003523,0.04472299033062449,1.419667980228196,0.6331750771106867,1.3050464849850107,2.0782536079884935,1.143402485482031,1.608038963269009
1.0796043986491,0.5067189784377475,0.3607719906063239,0.98431628505512,0.3434552649616918,0.4655780596157384,0.6619969980866695,0.6644111400142018,1.459806220490449,0.8020725711887884,2.4115819025507403,1.6821783525486242
-0.6083717075542735,1.840621792127421,0.17910332816961042,-0.7130102680162048,0.3407237531623312,0.805072153842208,0.3348977628304703,-0.9206969716185857,0.2035815661465714,0.7258834859657691,-0.17741708877050616,-1.0804956341344587
0.3765397343177792,-1.0817935425539185,0.0493730602580456,0.644366805903377,0.23897314482496762,-0.6782268345091945,0.2709611459849802,1.3716990886139744,0.30390255812291966,-0.6311862727440188,0.7727230735511222,0.8684857053481468
0.6105176616393749,-0.44163233355783577,-0.09844465945938215,0.34166952298416453,-0.11332356606840178,-0.4667542888231587,-0.22391274013428986,0.8548968286999106,0.26985442801746257,-0.390673184622355,0.7814213274267946,0.6043232136190904
-0.4183872489655092,-0.39384884659955605,-1.2035892084945152,-0.5990675279544195,-1.0574845085461013,-0.8678199737693614,-0.7588670548196437,-0.6792883650867596,-1.0566798222232348,-1.382823701905733,-1.3361612404970369,-0.8561567170605398
0.1946321613911897,-0.5686073216563837,0.8193414769762054,0.06495930255569224,0.6542801505430543,-0.06659496626416946,0.6633816311939161,0.21219411854565817,0.7758531320852189,0.11284121311468132,0.646826826441968,0.25982896123366467
0.2378766227472551,0.2069137356434754,-0.48837858248848154,0.6010249613441939,-0.48418651805172536,-0.3560130389747549,-0.6555524745478054,0.6872210446877347,-0.17104025125307398,-0.24652374323980622,0.027902192841655016,-0.15121325213830283
0.5280212314955137,-0.6873276382159376,-1.281820006430872,0.5216684561939459,-1.116782113059631,-0.8326743050885351,-0.7555778025348461,0.6103282494855888,-0.6025873422532204,-0.967662465484191,-0.33672661842691576,0.21644165504998392
1.1008483374495057,-0.5211554170175748,-1.1353451987046315,0.8731766533318985,-1.0395604627618387,-1.1415016779986251,-1.150664622011449,1.5549632783815042,-1.1036353465187574,-1.003109508430326,-0.9453222458053847,-0.12014702120116158
0.14626487821868914,-0.30283707866731147,-1.1840545619071396,0.4195442841005826,-0.8798109350254215,-0.9245148974717708,-0.7106409647263405,1.0979029799943942,-0.6503243734458699,-0.8150861697107794,-0.0856661639336179,0.3562659855747769
-1.6032878580642045,2.120534497267588,0.27858713341694624,-0.05285158300484166,0.5712930929477041,0.37430621374155604,0.6253375074868083,-0.20420880936721097,0.4080626554459388,1.5381537093391393,0.10599605090013703,0.10120720807489908
0.45884943899735064,3.348570604576956,1.3972695043111998,0.5404295374036006,0.8751795096481063,-0.17832953860719503,1.2823570956409527,0.5311753455291308,0.2712413541452495,2.1951464947990456,1.2103817643869685,1.6945043189956905
1.3832377554406168,-0.2578971255536401,-1.301285325528528,0.6478757028466968,-0.7378082055147572,-0.741765091880942,-1.017173303370756,0.5002345261234448,-0.9933190451798051,-0.9924591646411366,-0.6163201490498187,-0.1341783728083375
0.9347271740028003,-0.10203908932308423,1.271569569271183,1.6326627069378952,0.7964772182320076,1.1672408750543894,1.2435123741977816,0.6620469748821096,2.517414188495181,1.1341930219839527,1.7556341931127217,1.3426231063955019
-1.3021265015369663,-1.4343587155991253,-2.1191312512563463,-0.6576918461962136,-0.6281147343257653,-0.3480866503651577,-0.9153120708095446,-0.8917514036099472,-0.8174540522842536,-1.834265331847218,-1.3763008021075687,-0.926298580478266
1.3236346756735113,-0.4598522863061044,1.3457774694196414,0.7027873831152175,1.6515653293281853,0.5801572425479041,0.7377530747601088,0.7157369905124857,1.962741677748538,0.8988157881007575,1.2253781359647837,0.8499308154977112
-0.7028504018536729,-0.27928392782115674,0.07480712921232176,-1.2301170341609509,0.1959316455395511,-0.2097749996137795,0.2587582245871911,-0.8487935773186481,-0.6401924976900925,-0.12716751486690492,-0.7104796403873258,-0.9758348016155911
-0.4372030358833851,0.5748967813102673,-1.7407696949950953,-0.7156809817466141,-0.7442153447851098,-0.7301669344622767,-0.7365760182276433,-1.0029228706994928,-1.6878835093467517,-0.5547761821168203,-1.9745511669269717,-1.9655796111106292
0.9059915589177391,1.2906466701471622,-0.5080684575780335,0.5652594580896261,-0.46946668309366546,0.0902557964279525,-0.7205917127129593,1.0521912067024162,0.4956039804150572,0.07291837251880937,0.7678618492483498,-0.11970039114466974
0.2431071789541789,-0.13087092533131692,-0.4447405761335219,0.7692378296085245,-0.503741839760893,-0.47886619732125246,-0.6596297590529643,0.47671306415162307,-0.43639230427058195,-0.40678857585023526,-0.15859710424229162,-0.3147900323148679
2.268110804730369,-1.49043233833127,1.5095143197671215,-1.193196473819748,0.6204345409868401,-0.15889884989461003,0.6222110220171823,-0.6680234306493554,-0.45221285437966124,-0.10765307130485927,-0.483586435743901,-1.0431854936107834
0.2905845701633675,-0.3038882126823015,0.9866369663993902,0.3789596832300529,0.8197117795332526,1.3084311686189547,0.18477693142398643,0.6695642108168963,2.425815828023405,0.779615473075503,1.6541549410663492,0.6924936587599202
0.5116629038808389,0.466620997256393,0.7125608866460686,0.19776548317671022,0.3853750698925499,1.3613358415876766,0.5478026735699045,0.6384651744119059,1.9653974446572005,0.6520211365686504,1.7046077131077462,0.7074249329389108
0.15546736988820106,1.0198296939665765,-0.29700726861755994,0.41618390462741484,-0.319063777288048,0.6476865774212082,-0.40670336435173177,0.4579072697661487,0.9485839473735217,0.758228724498594,0.8808025926958428,0.12674507711494476
0.4808131287219758,0.5812617070038026,1.6088954751680475,1.0788639025912992,0.7704927696494857,1.6024968228410286,1.3123076928747905,0.478157205621564,0.5298749851129351,1.155432588861384,3.2636155823584843,2.550631623039306
-1.8590863250263576,1.7029535736173087,0.5952399952519323,0.12561288032210166,0.5340934383693219,1.5668167983162902,0.256038599641787,0.004614575683600158,2.431778006632845,1.19431405539808,1.5677181749194664,0.9115123218080314
0.1509135074461484,-0.9546983555341394,1.4065172689708008,0.5865837647772104,0.5577026591090574,0.24570744227485203,0.34484442978667457,0.5228864217731088,0.4371747437265547,0.1143487941245544,0.732373474742258,0.11860270712816051
0.3891186427442183,-0.5524378673534773,0.4498882478022958,0.5657527429922139,0.8391055309883197,-0.19337954803920582,0.4103420517391658,1.2092897733940753,0.7868325791859182,-0.07560030843575716,0.8274109105806675,0.5504996694339696
-2.2350967782184634,-1.5480570393327184,0.09788356132170958,0.4744867545836364,0.17083031480531385,-0.8493078003659693,0.007676087172810098,1.0383018929350467,0.160924445170438,-0.8381342009948652,0.9652695058334254,1.4208096859958557
-0.8854964549983971,0.20657780161357286,1.0216314110677422,-0.9050380203700534,1.0222720727815298,0.8070573821682137,1.3142727863963517,-1.2173718183311053,0.6158034469488581,0.8143639147613905,0.6714379026801325,-0.2884680975127235
1.1614906836406769,-0.22683704684488748,1.7192878861874998,1.0321053958492292,1.2764229297143368,1.386151504370445,0.910005782747977,1.521524360091204,0.7803923999832645,0.792996981740094,1.5283922123606166,0.7897533625136429
0.6109798212639899,0.7281789774031195,0.6264708604749749,0.6724702153877711,0.27326726987563343,0.5072529259516133,0.7538241351490549,0.7103512267232442,0.9151324304289642,0.6109527292921035,2.7001912778812556,1.7486053162908621
-1.3398849614210777,-0.978378035625957,0.5546168705159197,-0.49522642626105395,0.10267524561218988,-0.30080579649784106,0.2977855032852767,-0.927591909986116,-0.8821654206947709,-0.21541190552007908,-0.7566451248470472,-0.9840890478113351
1.0257792791354938,-1.0621312446068687,-1.3363342352965288,0.6631164135111361,-1.0381317327788582,-1.1096133238348305,-1.2484073981985697,1.261609347237871,-0.974033115228992,-1.2757997906543088,-0.5658500273248076,0.48382856620391956
0.7138897116637809,0.1998425148574138,1.6391493612853254,0.7904097065507777,1.3022578179354223,0.9856127055479689,0.5337063095204534,1.2966099933989736,0.93797317291827,1.080255219737573,2.216134772583824,1.6020357614136038
0.45991125971021984,0.2816633788355337,0.9259540402724431,0.6297775952320415,1.2253683110755345,0.6574336070898867,0.8924717726653579,0.9238125696505093,0.5988459323394959,0.4054756379894009,2.940340797298668,1.5841241623079476
1.1777726540592572,-3.1478632713216554,-0.2981351035413794,0.6875912516343771,-0.30483875844565256,-1.1648989322068375,-0.4576826542516847,0.35465259707991903,-1.3236126326591435,-1.1857608134976125,-0.529190340818191,-0.024172835758230815
0.9116416735410461,-0.2941850752130608,-1.0302575786541313,1.3849086062318887,-0.924056335100509,-0.7183114936380455,-0.9449551224571989,0.3627142330829277,-1.0110318143996884,-0.8281552012411982,-0.6361832196897863,-0.4094049406364844
-0.3422511362469419,0.8780076190835585,-0.5109257924741756,-0.5738760347238815,-0.5307858791898482,0.12913603492416534,-0.5472355839693406,-0.9549985815014541,-0.7789649634620197,0.10989148756783101,-1.5395658770513565,-2.357408499262787
-0.21947369854140428,-0.12957941843352458,0.7913655380288361,-0.3843566643509482,0.8503271737131058,1.191428787525738,0.5987081644456972,-0.7305506501815071,0.3188870418770291,0.5178810941323669,0.17988178026391047,-0.7714728360889728
-0.6293384667317352,0.39005231045975247,1.3650610194834283,-1.1083045876778337,1.08902283162518,1.156402511872569,0.45092182619521315,-1.164647261617135,0.33723832625566386,1.4259515875061994,0.36818342279786886,0.12404164573181305
0.9464107328693387,0.23031536667041502,0.09569764561695696,1.2654180332644052,0.20891929705602513,0.2900240687341608,0.24885436339818456,0.6757209846170947,0.5213721657181175,0.2911912601839402,0.576171564413195,0.16463018114090938
-1.8369125386386198,2.4118814680815057,-0.31716752487726435,0.5509776432779976,-0.326328480758726,1.2258849648125032,-0.3990568240014312,0.613097399156416,2.2054399885820977,0.7385216337811239,1.768443411405127,0.36308022945676977
0.1254333658054631,1.214613491290377,0.3593696834501041,0.1532287467317321,0.5175279579744037,0.8836918013196149,0.194911383478058,0.33916132983834774,1.289860916536945,1.402314382824518,0.8734854540216052,0.7342585853118372
-0.6045017553250066,-1.4911614756684413,-1.8361608388268749,-0.9558003235994581,-0.9043108326102016,0.16035809727023267,-0.7683832453296628,-0.7729426381015496,-0.7125020152449459,-2.447888711775367,-1.3529614912509524,-1.196353137019869
-0.01950005309933443,2.106992717736894,-0.49930994245970245,-0.06187818962629553,-0.5630700347960744,0.16472585601332898,-0.569242782039119,-0.015614674959345626,-0.24046329024178395,0.15270023548002523,-0.3840876761473807,-0.7723811113050699
1.2648972910593919,0.05230833265514882,-0.7001961082412167,0.2056106209342259,-0.7917018641289146,-0.8385473315206561,-0.8905734831844544,0.11427853723263652,-1.1453833529384225,-0.5995091561963842,-1.1821104174599255,-1.0990705877526734
1.2662841507924016,0.6105577493130826,0.8064378626496589,0.5800263351538023,0.7999449574268673,1.1661325986409428,1.1529181459197668,0.8287784823330766,2.086041158122048,1.5481665198263408,2.5207646773429366,2.522117946589841
-0.17979939251401278,1.3970685782247867,1.042895516602121,-0.36194679508045574,0.3925019735433726,-0.8241149792354157,0.3147084221749239,-0.5225507089141747,-0.9484142087597073,2.630597026898117,-1.2602070789688657,0.2556494244216972
-0.5980271694579999,0.14064125974184122,0.9095308528622426,-1.1364171641027527,0.6472428765822666,1.2426665974565703,0.5666069038507442,-0.6898967550128858,1.3206125175728898,0.8448042805568682,0.5720099351265786,-0.6787799436274592
0.10563510374085182,0.32707010502910555,-1.8541917858570807,0.3176265277354221,-1.151736071820539,-1.1426319496023454,-0.7476308601780675,0.6340071567691953,-1.1545664917264091,-0.9097196476727958,-0.5220877266309212,0.13788885435031017
0.19424130025323746,-0.09388458900307188,-0.5804194175521158,0.12023932082652834,-0.6254161811000001,-0.949588386783663,-0.601778483960979,0.3588593141939308,-0.8333608240698789,-0.5945144421017878,-0.6558764523059885,-0.5565893450870221
-0.26514930350319926,0.7092146013002713,-1.4580882233161836,-0.4769161717443868,-1.2515142573861844,-0.5538088884923452,-0.9742474713879945,-0.898967860955287,-1.472694141642163,-0.40688815098891,-1.362763465735843,-1.4573794547122105
1.5247617306857,0.42646148399409783,1.9434360890545306,0.1861785539938803,1.025580188268186,0.691815403376709,0.8387824119152392,0.2503426723023917,1.264062810102605,1.2920274156297995,1.0101019332806918,0.8134899278160029
-0.052298411654549695,1.800755126349857,-0.2545006998496352,-0.01742275155922343,-0.26425676838579804,0.3847849768356113,-0.3862407833744416,-0.06412546993845811,-0.0871121259413089,1.0279566867418175,-0.13623860668909277,-0.5062123514516749
-0.5741133634621128,-0.26543856504896135,-1.668923933807608,-0.8330044299632215,-0.9315195912874771,-0.9781483356046563,-0.7712856675820934,-1.2348755887062397,-1.1817926494932085,-1.4236847946938693,-1.82309967008554,-0.9528058209215905
-1.2562318213180674,0.9603553129635205,-0.8365792738835548,-0.6493640185087289,-0.6991057226539259,-0.18284838497529246,-1.0175611424325368,-0.8649890555498563,-0.8468323384429153,-0.0077381959712023805,-1.2262992224145224,-1.4474089511958992
0.9278962845721273,-1.2755878196748893,0.8505956212653886,1.4798383932023764,0.4287378955150023,-0.23836087582166032,0.20716211514644908,0.1695394491893953,0.2986199334902181,-0.16137493948057596,0.36171939460281566,-0.13969404807686545
2.330340094661387,0.46266341496336344,-0.7189076768374901,-1.1944410380453103,-0.7665697862435817,-0.3571645029988121,-1.0655219373355362,-1.063180377110558,-1.470901630435619,-0.23341942323488463,-1.7582599285390845,-2.1242907518500624
-0.9601740288683457,0.7394370358882068,-0.2775063665781816,-1.0547391906689034,-0.2871934095103945,0.7182357592672685,-0.3381451387403248,-1.0833264055330605,-0.3196563466056591,0.47416062966810535,-0.8811959494841595,-2.035388753921389
0.1485856976380636,0.9906951124245624,0.3501249216629905,0.2828116872621693,0.6987279326838358,0.6588764124844573,0.4753885565990185,0.6647339314083669,0.4962322181168811,1.3527342172104109,1.4400852364328076,1.2601337219881117
0.4821642940846003,0.9109008412417805,-1.2270746011509952,0.5332533543251174,-0.749105851205219,-0.31830997374173803,-1.0050994951847576,1.2032807040209006,-0.1854594495209843,-0.23202194165712395,-0.01254334760263506,-0.2558643810037111
0.48315438194492244,0.2950194738991508,0.16140386048156638,0.8429765905275773,0.006000786627566965,0.17367302797393966,0.02171772553911175,1.2426546249581074,1.2970957897320556,0.33244564190867476,1.6689583183652519,0.8894439652019849
0.7286363099097919,-0.5556851414837339,-0.20179614857617945,0.6574691184986186,-0.2698435780403461,-0.8752260047542657,-0.3540891955754493,0.7499577050802279,-0.4212528943079332,-0.5842236054676316,-0.022623263514442202,0.01791248100670991
-0.8771263764161873,0.886767727101031,-0.013027833736358737,-1.1798859176383054,0.2230335909663923,0.8094016886577154,0.5942911687555236,-0.7893236599329101,0.5046249576197966,1.0207298328347054,0.14501889848280722,-0.5298391953664406
2.40915305797183,-0.34270787376639655,0.582195754439098,-0.7821946457458802,0.7225407276421635,0.5074669666326823,1.263592543164838,-1.131848944911956,0.5539038361764493,0.20397064038549773,0.2761125108134197,-0.9711151854258748
1.6928123335065144,0.16434450549991486,-0.039984563654927335,-0.12292451532867443,-0.06762807836944294,0.012606134767119337,-0.12000988675369861,-0.2168917610749237,-0.3426653797821484,-0.003732919851847441,-0.4442228621376696,-1.2905459434363962
0.031860150442237625,0.14117019586130045,-0.9035586678888363,0.189802962023446,-0.6413189411662936,-0.7170545209922896,-0.6601097177911701,0.2941777035044896,-0.9561898398299352,-0.6790933021327655,-0.6191573631075138,-0.46101662160156986
-0.895798823981193,-1.5625109745529666,-0.49164829308629493,-0.9467838759800555,-0.4609313207295049,-0.723648091090491,-0.5191055315865314,-1.0788171328268907,-0.9517761847543309,-1.5983566908810192,-2.5111433827593808,-1.0880875753278363
-2.869595443229231,1.4635178668002267,0.09079742958410306,0.4753424032867729,0.027811760136835686,0.5676740739163181,-0.15216249447704985,1.1880550611387195,1.8540057390387927,1.3708855991405482,1.8933771904858963,1.6522207162987153
0.36995374391153324,-0.6081938654793971,-0.8808332681186303,0.7846278230420892,-0.7241513199451288,-1.180042257504374,-1.0424396126423474,1.6255287321025567,-1.6468166036893348,-0.8812183506110878,-0.8386756698181752,-0.3230648319512869
1.9372398292766149,0.3411925532156563,-0.23279823692314913,-0.5615700806607364,-0.2412373946824293,0.2360292997381424,-0.3139247807080032,-0.8989441933793563,-0.8530158134700813,0.1394941189894806,-1.1321159724533059,-2.01673278533167
0.32560085839787994,0.8113462765821914,-0.45596956194600613,0.5937060790925289,-0.5046566073369826,0.3385060316375046,-0.7361409091100821,1.3599882248893262,0.3154470092319772,0.10264485862583421,0.1520541069180858,-0.41754142518376924
0.42664034096163217,0.7958241408536245,-0.7902266952802981,1.1938804667131746,-0.8920733176006279,0.043824734826129225,-0.8071079361607985,0.9365783368061893,0.359770876562021,0.026758122090455902,0.25273403577078657,-0.2590032686738638
-0.034330892904669064,0.022359269378892148,-0.4645124419029147,0.0714689587330016,-0.4100998273772667,-0.4687238872564854,-0.5846735451730286,-0.030739783417266436,-0.7252732545608348,-0.39431004019019456,-0.6544032218524962,-0.7417860241053891
-0.13916501150517413,1.5475653116864387,-0.5021560419956254,-0.26310449351989224,-0.5698888635694811,0.6336610748423406,-0.567444313095653,-0.4880209156104683,-0.2926548466711487,0.2655392667396325,-0.7916744290754885,-2.2230392415671028
0.14853450906769375,-0.32277986565445077,0.029834176162666683,0.5675853881983545,-0.08197424944836032,-0.3328333554962899,-0.16313226255709318,1.057236482337764,0.6080228351659221,-0.21463294039365363,1.0855128663456932,0.3865175599632881
-0.17375872660113642,0.6613027546289961,0.07120829463081145,-0.31213153711898667,0.01102291653563564,0.6115356828183528,0.06908476884866732,-0.5857378947731255,-0.08565543640041358,0.409341165168938,-0.3110035802114214,-1.512713435763845
1.1659122392649346,-1.255650524907567,-0.5511220518070056,0.8648008625780927,-0.6250989524076048,-0.7646806023823234,-0.8939490248613322,0.4345109885132751,-0.7690381878256207,-1.0125105083652133,-0.4811317213768777,-0.1913975086460219
0.8020735117191908,-0.22028090180786983,0.5390073250478762,1.6157665394954985,0.25030976191638227,0.08687599217491376,0.2719120333488477,0.5603427712441653,0.5343705890638024,0.13369879107027588,1.3004273677257527,0.5885973133717866
-1.3651501205997392,1.6795120344546632,-0.5132667454472107,-0.41872907191789427,-0.4475934601896854,0.9918041745806644,-0.5408196838062725,-0.5816158669185172,0.0589430591650202,0.9205002108921403,-0.4884610759998277,-1.0780144374401435
-2.9244022802904333,1.5104835489700332,1.4243743409407648,0.12064826762457515,1.2760139279910683,-0.5273274192992763,0.5286131976451744,0.022995626701955832,-0.27267501914263687,2.4319293878141823,0.008265501449353278,0.7896751090793293
-1.3794236530819868,-0.8414122178753035,0.13427521600731354,-0.48726449856390264,0.378274443449929,-0.5005921111073818,0.1549568533877238,-0.7521358993210824,-0.9717675760155497,-0.437595768456221,-0.8435104275248664,-0.9055994426835402
1.7329484531465464,0.1457470515870153,0.10323390296695603,-0.22328332206096044,-0.06075997569969696,0.24642823930907987,-0.07819272713243071,-0.4340941576146926,-0.24845553382789567,0.32338907539918904,-0.4446296560750176,-0.9441558709847298
-0.4414836712505231,1.1413796090736659,-0.40335405032269345,-0.6301647762160424,-0.43883777496046267,0.2771890226255034,-0.5241138996691598,-0.9219565287334168,-0.9972726134104908,0.15344571440646726,-1.4822732512732517,-2.6012198273333644
0.6162558671292836,-1.0164493548020999,-1.2451283593364881,1.3054901581803717,-0.9076190801066624,-0.7447642181695011,-0.7285179331776875,0.933376265418154,-0.3343726360657984,-1.1154341749703889,0.04009506877404685,0.639695029055618
-1.5659551785510375,-1.2451612328141115,-0.9135387340839106,-0.05353490398469779,-0.6777497684188315,-0.2283516963678848,-0.6319600075826008,-0.038051294737332236,-0.9590521184756715,-1.9399256508211828,-0.83330317825945,0.4273634747517787
1.2632537530791836,0.9732793677101254,-0.6764254741897654,0.18279740828991703,-0.6364157342758909,0.7496283303403322,-0.6134637013898203,0.34032070075355314,0.46352051468302524,0.30426427049650717,0.8307229518209794,-0.7920330309165153
-1.2943382376507526,0.36269504911649264,0.9664142609662308,-0.5891244265186901,0.35201846047385,0.472718467097754,0.21711743801088584,-0.7718779725187189,0.02238269924347884,0.9702897939746025,-0.3783938984399361,-0.7142750437424902
-0.3453187164664876,-0.8193926610324916,0.5793082515525763,-0.7147949016734698,0.8859732203361425,-0.17459220228182645,0.3299768510722155,-1.1864417464067663,-0.7680807126531661,-0.12148721277387783,-1.034436896064594,-1.8330895654109098
-0.2216104714089737,0.28152345277766516,0.8411346742039467,-0.4601748690310485,0.6197964838665544,0.4831803709468673,0.8067380834175566,-0.7054440323686869,0.39465838198847736,0.7033133669728253,0.19806553418142003,-0.6162722478225825
1.682531745068733,-0.4354921048521955,-0.0428767260639064,-0.11615700029525397,0.038740601666414916,-0.4230375979526564,0.014581017421409999,-0.19879172871250014,-0.6525362277082444,-0.29810749490915056,-0.4957145704184567,-0.6040952808292465
-0.008949656525949175,1.051641072698796,-1.140119734510117,-0.04656449844471611,-1.0590395893108087,-0.028451131777466113,-0.8889110888932015,-0.138202824802158,-0.6897895493109988,-0.016626402855255906,-0.9302122880977036,-1.5953269047208913
-0.8134626442722902,0.4716559116501051,1.1217165328029666,-0.9357604912677933,1.374408110364413,1.1210406760886658,1.1861632683668069,-1.1727884707901304,0.8028210306200708,0.8327841261138633,0.6209067626799204,-0.35703368428026216
0.5354817539273136,-0.07915745247902149,-0.9323401153315282,1.1162055121247243,-0.725361151611791,-0.9998623495597959,-1.0384938800034373,1.3677233112250993,-0.6776096462977079,-0.9396104418604273,-0.42607454863624084,-0.10912344967440582
0.20751752377538304,1.3007310861872212,-1.1700108503698523,0.5107206871912383,-1.1607063422339798,0.4223620213584832,-1.1355789291015936,1.0696092595246214,0.19215406716269245,0.1316273311111872,0.5055102348399836,-0.5387317401461369
0.98439928855433,-1.6351297819027806,-0.13044690737296763,0.7817118109978345,-0.12632014594343347,-1.0147465834091496,-0.13836323803928918,0.9080390342409506,-0.19204509867006503,-0.7738033301194837,0.4156504437117825,0.9723179980313943
-0.5496872652997341,-0.40975267237658597,0.3254696236942114,-0.9344482933340057,0.09145013605740615,0.09623650097547663,0.14402377316702764,-1.0345180628573032,-0.7877484171725921,0.059482760956163165,-1.0020642509820952,-1.9734413116790204
-0.5999573198118094,1.6862782968237127,-1.1011427703463605,-0.8771380437152555,-1.092967285713645,0.12775039082248063,-0.7824235330799735,-1.1060878839275778,-0.7090188551639162,0.3390098461798494,-1.7810605436107063,-2.43124886109125
0.7849365572810489,-1.574479611374956,-0.1588425490692355,0.414951920782501,-0.14300678509939635,-1.146404302111889,-0.19126381365295914,0.9017566109947516,-0.5711943191578428,-0.7782354995097649,0.09400820101079563,0.45565993434396396
-1.1261857910473947,0.38093613311703817,0.4468928925631012,-0.9273385682102305,0.7022116459288584,1.483990229405348,0.7874068529957245,-1.0544688068676056,1.519881372477436,1.0180900069288485,0.5017089351893362,-0.3098860310567666
-0.8179632486058237,0.22127487644721805,0.9787679952246138,-1.2510948872515215,0.2902604522929605,1.1992426780718337,0.38146629454284176,-0.9985902419617761,0.9027769952944621,1.3187573008678277,0.09873716357410621,-0.27569137771387453
1.0336042665466307,0.2112917816409306,0.2466813695556361,1.0588594927584036,0.6262062119736284,0.6072693986238017,1.1113154007767492,0.5050986010172358,0.8167613167429684,0.36642075557087406,1.7660958079703108,0.827762900110908
-0.7129923263271009,1.246326853821697,-0.8769305601932768,-1.055798681938398,-0.9590104014422453,0.19427844730893912,-0.8042527986976261,-0.8884916269874665,-0.7167538403935848,0.1757460525042606,-1.8578382343948474,-2.8162647840539674
-2.0339782889985445,-0.5317561256152581,-0.6442108751341399,0.6503136828407693,-0.6609270449063245,-1.0028036013306172,-0.9766260183826462,0.9236855325905193,-0.9671800742745545,-1.0951690303870376,-0.3934422320294007,0.3894833843365575
0.36603914740815086,-1.0760487991532095,-1.4697666920171852,0.9816822437010359,-0.8831589981826521,-0.6107285877640378,-1.145885836347214,1.58125674716807,-0.6523435826125509,-1.555980751255787,-0.5362043747405234,0.2171709185765684
-0.09623459665388145,1.4458117783573186,-0.32756763315930143,-0.18985529803514134,-0.3389375636137858,0.3872926400499278,-0.4855549492453633,-0.34485348917796393,-0.16545463489847032,1.037491021611264,-0.5054707066675082,-0.7695376727356675
-0.18519360333646037,0.139810149359692,0.7504261539799649,-0.3390088329611212,0.9941192147139553,0.6666634976737796,0.6102861076058655,-0.6479870021025247,0.5556667313149409,1.3067414869411558,0.1524561444433956,-0.13920103529158187
0.15350974185665722,0.7229921560965792,-0.503615745254724,0.16736289927849515,-0.4593440551307547,0.14353780271780428,-0.5788327462661632,0.040774440709244186,-0.19050635235592073,0.023505493996166187,-0.2564541164530941,-1.461332954567061
-0.4249735497003095,-1.7762199907740535,0.10215075797301824,-0.6151225654323309,0.10876363426060205,-0.8742729825766028,0.34566184193102345,-0.9628775406885741,-1.0384813110429352,-1.0819764955268032,-1.5060381538647813,-0.8606153316803618
0.8483750737330613,-0.4087507994090532,0.16449806530596073,0.5275195141665758,0.3945320907863208,-0.3235619337206981,0.27024026408133217,0.7604336825955862,0.8064405531099553,-0.14848469855402088,1.3321320741734017,0.948876285834401
-0.15864700593971962,1.0016012452684318,-0.7379671726090846,-0.2941251005287642,-0.8403986813321879,0.4125125725618892,-0.9955705462615599,-0.5530017776292333,-0.5330291616686098,0.2971586413963899,-0.9007536188425833,-1.4960532965440538
-0.29995873228982506,1.06836710952996,0.7330968526683979,-0.5895067124422796,0.8287014836560707,0.9275293598558717,1.178024199033065,-1.0604441290470092,0.5193401073740094,0.8155001939733003,0.5175522995945234,-0.4043140165668693
-0.16125161319690756,-0.5417115797817846,1.2017010033319249,-0.3042745593869684,0.7456401736499716,0.9715372354938707,1.2522313908034526,-0.45011669385047215,1.255908474241701,0.7645453999988697,1.0808477101108136,0.019631675195097287
-0.9630990564386419,0.7130838483965142,-1.3292557300058487,-0.7705200489151857,-0.7481477767272988,-0.6315095997825677,-1.038806669621512,-1.204997939994472,-1.4045116145818188,-0.3896963944912305,-1.4117740809049326,-1.5623212367689354
-0.7507662038222805,0.009054382256694382,0.5768735072735691,-0.7538448021095814,0.13235578767109332,0.9891933050220957,-0.033865173158775144,-1.053049344215245,0.03634898597970097,0.39637513786666834,-0.40755279659027027,-1.1207788347228105
0.1633661227015258,0.9020805551631275,-1.8143918595354998,0.13147841205022914,-0.7139957840633577,-0.5595810731194983,-1.010661727278296,0.3124413403425799,-1.04231175306534,-0.34679388791955956,-0.6507585743806983,-0.946213692720719
0.923959794602682,0.0068755458933906985,0.5633817578995233,1.5993420005265453,-0.09847996086638927,0.1676884965288836,-0.18007291212808002,0.7366614391991821,0.4129253507595325,0.45245858954496976,0.5716695752957791,0.18171595672117943
1.2893292276507877,-2.624402429779042,1.858723594204695,0.785891290168165,0.4796169878125818,-0.14824124648002393,0.5258815491535871,0.6938572945270476,0.6960777840149518,0.008306124822742178,0.5769174793013928,0.3379984814675383
1.4599606800657776,0.39287134075477054,0.08961344347570309,0.22699616924079727,0.013990774184755889,0.12522184600170777,0.04704874671193743,0.2796692397317603,0.5443844150737802,0.21424570586608246,0.48816371590739754,-0.04709898397274719
-1.985733421890096,-0.3593502337253239,-0.27839240612633914,0.47120026129429904,-0.2751021785855368,-0.9003492275637989,-0.3458432187132811,0.2974241795655095,-1.0724200013514522,-0.5720284978269621,-0.4570359668485898,-0.4039791775107259
0.19221900865603428,-0.4991494555230829,-0.39657640752191003,0.5236951271820576,-0.4256198826416255,-0.6809975444342757,-0.5339302916074231,1.1774017355671451,-0.30899130121581214,-0.7055548460881258,0.07817257217046163,0.20585981193419134
1.354828230912162,-0.4260061449675778,0.7156531310679197,0.6880337936651099,0.7053934302749846,0.04868069157865574,0.8659608508032505,0.9685544759247249,0.3285154780980639,-0.005232071989930004,2.557546213094252,1.4630449314276304
1.3514185567069745,0.926965061277856,0.454003590179648,0.4176361567537078,0.5362267863597965,0.8077337016386519,0.6610173529741261,0.63782316362916,0.8063926699200512,1.5150620047428343,1.032538434933406,1.0069478244696497
0.8434740200324601,0.3277905586933249,1.054213299015058,1.352027526225638,0.4117812407508237,1.1357534920743582,0.342979573343031,0.7827508724946793,1.5061684483699433,0.7661476034428485,2.2952741290636474,1.1542506636776142
0.162007137367196,-1.1393428714542029,-0.8697636812141819,0.28269327231954494,-0.9544067084177276,-0.6607157464679966,-1.1337752648213062,0.013304208593344968,-1.2013838730589301,-1.5439744513812672,-0.8986668535996873,-0.37976791228087486
0.8708510130663886,-0.9011049783168391,0.47569590452646143,0.4838256608624345,0.18374088665685503,-0.35533831396950644,0.38508594719244427,0.42048253202807806,0.7350296972560033,-0.23205768373582875,0.7923608722717309,0.21338471423070277
1.2180656655684172,1.7108049155432399,-0.06111136476679977,0.37807230604022657,-0.14597505685763157,1.4784726591304618,-0.28702603562814744,0.5791774860063033,2.044982293706965,1.0298593564988443,1.9196461327511765,0.9502326627061228
-1.1167868470181312,-1.1870450358525606,0.49943304034525593,-0.6329283676379127,0.33572680718199954,-0.5598563142641448,0.6424219669104614,-0.9710475671032311,-1.0894749655006737,-0.37972161849749014,-0.8643062469748815,-1.0767722634092542
1.5073520531240423,-0.4802636971353327,1.5842159758689067,0.19333496837355932,0.7575513878658919,0.3975215208826782,0.9048484531152223,0.19798253213800465,0.5325339367590101,0.2680259943711074,1.5646944925644928,0.5065681266337306
0.3141303489580919,0.6627852013379191,-0.8235896232656879,0.6866524316321782,-0.9147926142795727,-0.2579855554760744,-0.8917732074529444,1.121565895831385,0.04109627311347894,-0.17340535658758427,0.2699733778744725,-0.3177730828666788
1.3432103397296498,2.0594106865829507,1.0642896548980483,0.6090110754224913,1.1753162645409159,0.06932957815977636,1.3883139957844748,0.3074111018713118,0.632377175239379,1.6868977201297517,2.0325852398364392,2.1835829455666165
0.16625339668416816,1.8639998867788352,0.6978866776463524,0.580637883113009,0.7111738291292689,1.347729947954972,0.6120471160546256,1.1447362189523687,1.805028743176943,1.059389099832117,2.0792164906397645,1.4507016052127264
0.4672767791147437,-1.2471666292179007,-1.568142439200812,0.32706439118984965,-0.7406888257719808,-0.6049150547054915,-0.6659115313277437,0.9234330313496679,-0.24138951681466442,-1.69342038481448,0.09813193709812658,1.2144992240803354
0.13274678754818695,-0.7997081496398897,-0.4346721455814143,0.20557358521153837,-0.38936570221073036,-1.2178548261732598,-0.5841686272655724,0.565285509657633,-0.7742681932717548,-1.1145922043527832,-0.5091717603890773,0.5829520675336841
-0.10225166924868483,0.5088973529419821,0.9692975210226357,-0.19857150593412362,0.9222566519016135,0.8013735466301383,1.0202634984541983,-0.33927645526021677,1.0267100565977394,0.5711322959665778,0.5837696766133702,-0.188637769465673
-1.0402566124615154,-1.7429183619658934,-0.8601459958154546,-0.9075540776475612,-0.6105504596042403,-0.4319761083547837,-0.7345427277353364,-1.0568986932635194,-1.110771401509024,-1.8163022948658512,-1.8497866805146361,-0.7402509304520745
-0.4431002285696526,-0.8437404804547513,0.3635564223762258,-0.7897764363978862,0.5232772486048067,-0.37035953550712153,0.3070209064147606,-1.076136611986466,-0.6561275341509812,-0.2683711894942302,-0.8146699982988392,-0.9771240796901137
-1.523484250454944,-0.5738016872664853,0.46272429000522003,-0.19759841316938148,0.6682220725441554,-0.16349370127028093,0.5495269262251323,-0.3590582887046881,-0.2632745894096379,-0.03302689552785028,-0.2002200033692105,-0.6048030594746716
-1.78000343833666,-1.0623021893799829,-0.25642177320980986,0.5381682569698225,-0.2628498008594058,-0.7986490886564371,-0.3682768300983943,0.8921605765577132,-0.2841494542843101,-0.7064908633100127,0.16931659716599315,0.3565111165113549
-0.32983618092985634,0.45992382336760607,1.120893667989871,-0.6667508383566437,0.7978238934765888,1.0310737779938683,1.4947653620570707,-0.7760853834023311,1.2235851978116792,0.5212341575110477,1.016909042523029,-0.5817986760484769
0.23673998826736795,-0.7023940191259956,0.6576974130741116,0.21108030384285387,0.1585668474146986,-0.07263128221549119,0.23191163525258743,0.7314224513409403,0.7912016085254997,0.007854045661125332,1.0712079345187142,0.5863947753704457
-0.8459000370455595,-0.30914106134917346,0.03853597662389397,-0.7447322547239299,-0.023550365763871067,-0.3114633797891005,-0.03407415742214787,-0.9336673965586495,-1.2674844605241191,-0.20930018754934462,-1.268236630427073,-1.821232203543575
0.5464818580691728,-0.8618918270709408,-0.9777825704597773,0.42445293663341227,-1.0554289982721716,-0.5098146764332402,-0.7713356214793881,0.9861028741353652,-0.32667810431378885,-1.729039643028572,-0.044708867388600346,0.5410551512840419
0.8027879396890636,0.07210402872008187,-0.09869096972117371,0.759747986721352,-0.002548156327382145,0.029057998444071212,0.05149419072020457,1.4183771297570664,1.1459999805270118,0.07411387153290616,1.114299904289843,0.45503361179713275
-1.06216531622115,1.4035359397969593,0.8135685767322159,-0.6887811940756905,0.21923057743726698,0.6951982531858368,0.26350252356572157,-1.1119645955759787,0.11316328674207289,0.7244873385811056,-0.31629648849746383,-1.0263987860830357
0.7001003557106346,1.467068775471435,-0.9317307421071147,1.0968387564051714,-1.0175692055647263,-0.07392796381243824,-0.759945466782425,1.3902948157311483,0.0272630165372221,0.18356600533361625,0.2433365919885688,-0.20366427451429156
0.4177212102047711,0.011382960096256115,-0.3407394430873899,0.7246104432930738,-0.3569810855380732,-0.4051542493600919,-0.5437817940242097,0.856688527950008,-0.10358968089180086,-0.27026973751427685,0.2015792894415839,-0.20044201690390273
-0.6789720619733659,-1.2260532335994294,0.6515408576619361,-0.843867664289467,0.4810752482039262,-0.40117442516480895,1.055536640515683,-1.025388164672431,-0.5593821001715815,-0.3149449399364127,-0.45675821927502513,-0.573311241911096
-1.060601728970012,0.15053228973679786,0.8446731604370435,-0.960842854931064,0.24234795329252162,1.0323765645631906,0.3273360341862641,-1.2423092239295515,0.49735757860347546,0.7817205879568472,-0.10763323716359265,-0.7285534404103262
0.22081685611183463,-1.086903750339565,1.0539662349363825,0.39251826269145246,0.9556620649718796,-0.2326315941359297,1.3002267140383952,0.3348725790931143,0.8583053494945044,-0.15684153247831223,1.1465071515609275,0.7023659025306761
-0.4078595951255801,0.4557237702821627,-1.325950702812592,-0.83988418668016,-1.1853116646980266,-0.6012080576378707,-0.9708547207905265,-1.033093477770438,-1.2062215358000299,-0.5824176921019251,-2.7556782111877207,-2.715154414843077
0.7639279175797502,-1.5245880061373442,0.6504223526158482,1.4850899887012945,0.348630016623279,-0.5141157347199214,0.26391876270933584,0.6453115649369378,0.39463043314115653,-0.41588183664504447,0.5347112560677434,0.421456376446462
-0.5825374997017932,0.69672114934127,-2.4669550555008257,-0.9912124839645984,-0.5117073890948904,-0.5490689087894058,-0.6751843036314489,-0.7764317918080538,-1.0209047800107134,-0.3410725398134665,-2.21164006009401,-2.632030498413384
0.2264285222734153,0.4376332172207512,0.39403665338272975,0.5899403677126139,0.5057910098483321,0.6932266502132973,0.6749347172014133,0.739632000813219,0.6036026002313418,0.37467479663335246,1.4185054157481636,0.5804453818120293
-0.28824109146722937,-0.18891049681574132,-0.2619035907562326,-0.4544769161733119,-0.2769193223190252,-0.4396013162461338,-0.40340144982768705,-0.8564229259032465,-0.8974022339004666,-0.35502727439772314,-2.0359277252513355,-2.281766016245759
-1.0031580761904297,-0.036598192752358344,-0.27555489272595596,-0.9154814918549516,-0.3204260091576321,-0.41245117582346075,-0.4513411165401111,-0.7629735819577647,-1.299327770702392,-0.263903054629374,-1.0668399557362802,-1.327796187441735
-0.5014567854260222,1.9723940402004474,-0.21965586075686813,-0.7497885099947386,-0.22702493279521913,1.4444136860621188,-0.3121725302270269,-1.205907858656459,0.44888543328183617,1.3141625083039228,-0.3658642748032619,-0.6770765713708949
1.0593125099788374,-0.17755552636110006,0.42922906788794807,0.43156289590497754,0.43287903954023127,-0.19248564240080107,0.9539514778805794,0.510337840827268,0.5728716212641509,-0.10773380342865024,1.2919655259966218,0.8965212018614527
-0.0032415770978861396,0.824472890789291,-0.7835011741862862,0.09837845870402273,-0.7597538644544387,-0.1816925904234584,-0.868935773620843,-0.11822505557171686,-0.7384180023665258,-0.12803488688714446,-0.8577572972514471,-1.3760568429726934
-0.015527576209882621,0.1048061512101405,0.6216375724411305,0.0714368760283387,0.23575748080307637,0.6428430733327356,0.1263338306021312,-0.03320798457330479,0.9663178973910339,0.24689595446078982,0.6330436448452974,-0.7420693978668885
1.0442482894619713,0.5864758297748642,0.8650545427826907,1.2549176311524988,1.2532695115956827,0.4378204072556575,1.459902704174465,1.23999566675835,0.4308024338016413,0.7590622193323673,2.072911560361154,1.5573128534250569
1.129542685124699,-1.128586428641383,0.2470751614914087,0.3812155617880372,0.4828160997772811,-0.833717265730363,0.8446283190169365,1.0348493523244437,0.0974226969126587,-0.5116723441648435,0.4979730618357464,0.4644865610526646
-2.1306394352846167,-0.7181033040850101,0.0550010198207889,1.1528815793224323,0.29186549320012745,-0.8332206704203018,0.4402692460048251,0.872970245192295,0.04881205654531269,-0.5158123304864832,0.9006871730618164,0.8453709562918595
0.4748242405359895,-1.356521334623432,1.1234050989184978,1.1838853254996187,1.2971150248065109,0.009693794551470378,1.2722607067417233,0.44366067495656225,0.7674975561504658,0.017523015622401897,1.349321371355051,0.7746784446830595
-0.1873734863279449,0.68565432096367,1.2173416851720622,-0.3352204181271357,0.7454945245364568,0.71161513963811,1.2787649413366895,-0.6427073803726804,1.477304704281636,0.74349175007252,0.8149616608426025,-0.17364019977178738
0.8874488288545836,-1.6125470703191926,-0.04809767367800279,0.40159052097252224,-0.023900647158838717,-0.8120389001362271,-0.13678249994758426,0.35645012598279957,-0.4754416387101543,-0.9600776896726688,-0.11723693066286014,0.3530142859249096
-2.2310986542666873,-1.2492331129870424,0.32077848096636313,1.0329512001766306,0.2383663904573229,-0.5849606641209171,0.35698461689682415,1.2869686449406716,0.22411987825037702,-0.4809173002450061,0.5164137784331945,0.46592015144373367
1.1619388074236363,0.3898875698987871,-1.0303695565846764,0.5653348326664136,-1.094702786998116,-0.7077812663216908,-0.8473318421780623,1.2042599851371494,-0.5460398797278192,-0.43539747043384947,-0.1743177676160231,-0.2915080430512041
1.0259064927013852,1.5426427424785125,-0.369949973145924,0.6684307721146497,-0.35860157392104625,0.24333782924176356,-0.5264990072830132,1.297670132704977,0.7112142503139168,0.22439930363017402,0.48451318130421717,-0.06687098879161382
-0.6324289035139498,-0.35109187901923705,-0.6204616729566358,-0.7135386798576993,-0.5085132507926773,-0.7099565944985654,-0.7497144050582303,-1.1591846808203563,-0.9320346014831493,-0.6079854487240461,-1.3772232430898947,-1.336086052490589
1.248366380013737,-0.32455637069543164,-0.23725710284605867,0.7509179507197722,-0.1947710924262097,-0.6187785217758033,-0.2745174729737324,1.289221441719531,-0.19318163900654733,-0.38914607360435677,0.1800789835974549,-0.025223125817197337
0.004889328553153619,-1.3809703864411256,-0.01691520862771351,-0.055138595047418325,-0.18286454636557598,-0.697447663807591,-0.25031491440446235,-0.06681395257332545,-0.7339473084509712,-0.6755998533219648,-0.6061387244266828,-0.5326103552385923
-0.33069787147977525,0.7295302563472716,-0.45792643172999326,-0.49805442581542786,-0.4080394223504394,0.019474035450465166,-0.6250345338222519,-0.9298223132792318,-1.1721817011236904,0.00585091978882521,-1.454086353248705,-2.1312431029200276
0.012449406556128011,1.9648349802199259,-0.32196647960736974,0.133424390115501,-0.35197678461086684,0.4525757525017997,-0.5351547002136088,-0.029673861292512482,-0.0887977820022124,1.1911846334903262,-0.06273848339375579,-0.4670709265782568
-0.8122638799232152,-0.3519667065359288,0.1896798693402657,-1.219453526221765,0.3774902237503363,0.09021606874210178,0.7214588429665798,-0.9723673049334325,-0.24820522797834998,0.07210126124060875,-0.3504607360296346,-0.8465789766893399
0.1935733970191474,-0.06639360477475058,-1.0338731466541242,0.3287413788175169,-0.7056103673753126,-0.9991435199211745,-0.8563272997542208,0.4750490588799171,-1.008313720255562,-0.6337765970349408,-0.6975453476750864,-0.5317987706700289
2.934481283057557,-0.39739970672311586,0.44944478787852465,-0.449694829364258,0.7171069156033708,0.08495848158995534,0.972256599392053,-0.8308148278103851,-0.10082712103276704,0.13624298600586454,-0.1607173181652222,-0.915931967702664
-0.048724231936295305,-1.0755322214840366,-2.3280089473751286,-0.02003944565008492,-0.759955499404787,-0.4790065080471047,-1.0652283615058535,0.008296248032566123,-0.8481856011387636,-1.7836745754859216,-1.2543966919281702,-0.6358278664408257
-0.6893152425272622,-1.0348409896617483,0.5393501310772383,-0.870314062611411,0.27487496901524167,-0.33267699672392703,0.6681819821212401,-0.9733093861047671,-0.9071954753796792,-0.22345920298055155,-0.8557299822500092,-1.3962900479272635
0.9406329023251147,-0.035095483798304856,0.10261232848070005,0.6232837041809368,0.03392460783378322,-0.35737391020190057,0.10947093271958876,1.1736440935712071,0.5378933015805997,-0.25963403114814504,0.7306138073257028,0.44931744213615993
-0.806820538642063,-0.4350196442560938,0.6730208245702526,-0.8099777329203042,1.0140012543126071,0.036002415305994996,0.6708682088201415,-0.736715964516718,-0.2997429734590483,0.08649098802316106,-0.37386499581559657,-1.1340881519094812
-1.2302461717745596,-0.7877444432260193,-0.6680872883608698,-0.6823326120377492,-0.5242099918741426,-1.149530418242975,-0.708609279984258,-0.783294649983153,-1.8992651859871608,-0.8018942341406564,-1.431813208678944,-1.2028897840036765
0.015072062160620863,-1.469013570580934,-0.43892278072130586,0.16792254767717424,-0.4139738212166625,-0.8222941455309943,-0.6252915375209676,0.07244291333717007,-1.1143708029105344,-1.366501623676173,-1.140429264250522,-0.05497752473422782
0.8665973527072537,1.2853731382349216,0.9107486176046742,0.8834747931076298,1.3877337241584002,-0.2606423341522546,0.884659846065627,0.8039853999923892,0.4808683610380891,2.2712354413726272,1.1910709312289813,1.861179602572809
0.0026038687261295893,0.37519705323938596,-1.5433670039373495,0.0738605556997663,-1.2396028355694562,-0.7697388596101862,-0.7962594699379539,0.1652393878004219,-1.222932626279482,-0.670853051829638,-0.6902701224336297,-0.6121011456076817
-0.20310173486064226,1.097559758862881,1.269809100657846,-0.36460089328760004,0.3300621865639248,0.697601251476986,0.24637766859383764,-0.612264870065889,0.1133801483098133,1.584251041903282,-0.1873397442043972,-0.1570945397009147
-0.8563481098538923,0.3566196123296548,-1.6745353382609818,-0.9737266051648573,-0.8682464512394866,-1.054062228011108,-0.9447776478145906,-1.1728104316521524,-2.0025007334910083,-0.6820653196161722,-1.5698749745826923,-1.4365548987158696
-0.6370726985953185,1.3451864125117337,-0.8953461030023492,-0.8469159639143339,-0.7752787349844971,0.9603061018866956,-0.8637814164952315,-1.0132101345694797,-0.193108273967232,0.3944131741909913,-0.8066040724219131,-1.707637006579337
1.4659564885800158,0.28330840687024583,0.9822716708668466,0.3986414053456104,0.6599923767374041,0.963888425489058,0.6149300267108627,0.6490727946360849,2.1889430994021635,0.9157446482880307,1.9729315375057854,1.2429085063064256
-0.8825601799384536,-0.7853584169070426,-1.229140135527933,-1.1515526347784437,-0.724959144895522,-0.4950623436674938,-0.8175559962810761,-0.6852997837476613,-1.6011354699437368,-1.786611811593084,-2.0304882752860096,-0.8184900094906613
1.0897523101008435,1.4813465068000307,-0.7635593157475922,0.4607516109966122,-0.8669359008258593,0.4728710539142691,-0.7261407064738803,1.1873796677688362,1.5792562230500975,0.5269167025243262,1.0164504580885012,0.1318453667539901
-1.158134124577263,1.681722616472076,1.1922214034309253,-0.9311049177582079,0.4823231577710337,-0.6218126063269954,0.4586476102382404,-1.1709137536770724,-1.0622720883173944,2.7128805246571575,-0.7773436394514102,-0.40506424604277347
-1.1756826889965986,-0.17988126333213672,-0.6562069428237473,-0.8225885219507431,-0.6863482031788201,-0.955235700054208,-0.9636780030906973,-1.030300188166994,-1.820267050831622,-0.7514405779536084,-1.516153077180427,-1.364959001600765
0.4552575310893309,-1.2607822854592872,-0.7729250431528767,0.6525552950814902,-0.5747364879952013,-0.39802984174481887,-0.7704422658169677,0.9006212641231023,-0.18556133697457838,-1.842997253256205,0.023438013855685377,0.7748888828150056
-1.8108704930673338,0.21156559150073795,0.6427070176202448,0.6621789842114196,0.7669672706717565,0.7583376452598081,0.4307159226138594,1.065351641969518,0.7385372906000358,0.3134164143795789,1.988437693103617,0.7238604385082913
2.0636298924537764,-1.3032458714046717,-0.2130764093659961,-0.6181884973639663,-0.2279368423312297,-1.0850117153584142,-0.32856987990431274,-0.7809784411573597,-1.6751543569801122,-1.2606662754833322,-2.3038303087691623,-1.1315044260087892
0.47896746143392516,0.7855843644819985,-0.3067677623438995,0.8857284533384002,-0.323407511000779,0.3933974813713735,-0.48847747547973636,1.3016242067967998,0.2487757126892114,0.5217904721891936,0.3909521314675828,-0.007780742844489055
1.2429443349203628,0.60145218987113,0.5401619515696211,0.4619519179854985,0.36954435040605105,0.6590153353585957,0.1937500106850122,0.938801293883574,1.2135895776077974,0.2844051557490768,0.7738187078152685,0.10942081337222448
0.10376703474047791,-1.8543616666287248,-0.21281397886013706,-0.0007725154828001207,-0.22300375027787392,-0.8581664317128028,-0.2976175863567252,0.1012218040030594,-0.7738925162902024,-0.8421155600342389,-0.5259002388185833,-0.32400036184983827
-0.4178080002163875,1.6146885754606584,0.6799652508902347,-0.6895357866598001,0.6078481259590243,1.4329448206148516,1.2007931817344617,-0.9769155340570208,1.718671390346779,0.8043603425302049,0.43677775320048806,-0.33433307679694113
0.7914893872815482,0.6677573685282814,-0.5396732289685033,1.1024253605819907,-0.6119937328168457,0.2753545562263395,-0.9179638267739114,1.3311844716115324,0.5952485743436041,0.15297553496215,0.3400408822246657,-0.3941995389630463
-1.1125699969016098,2.16431619735117,0.12630094807150363,-0.831792669398081,0.23548268441697956,1.0209633896239996,0.3400676890892562,-0.7777765504576046,0.8027485434610034,1.4940819810743629,0.00825599426594716,-0.066268770791796
0.27679978280335643,-0.16854630253101918,-0.48780987270259846,0.8791187835040538,-0.5488719354179299,-0.7351707034887485,-0.8026537174268692,1.0925021418809449,-0.42387444379859573,-0.5972371542838744,-0.10749876307573597,-0.055454889166690675
0.8910238440243738,0.7020109281883286,0.9189219675579854,1.5581716622573312,1.0513982374323756,0.48161776682684415,0.8298163113702468,0.3814506310204875,1.5626439225620588,1.3807215485050628,2.2091650341397617,1.999485795684319
-0.915457760189672,-1.2277884111007942,-0.9090531697869266,-0.7509829334380088,-0.9919248398084054,-0.15486197091868037,-0.7323340033774528,-1.1510473540029782,-0.7030751668597152,-1.9397116548272435,-1.1555976424953123,-0.6055097900918773
1.1244368500056448,-0.11167335670230409,-1.5941972282673893,0.7446883165565351,-1.2487471275260211,-0.9899592474922873,-0.8790477370570533,0.8023132812222354,-0.6365704691332716,-1.2555005808697572,-0.3465513374520413,0.43971417196812884
-1.6373635374601936,-0.1530570632623113,-0.29799522036959,-0.017018080245750106,-0.29367093552187806,-0.49089904793230965,-0.3686419263036337,0.09759899689655223,-0.7396201926086499,-0.3555779579791371,-0.41645094373506164,-0.5696154478009721
0.6285730247933213,-1.369839576616442,-1.4474715924318335,0.6498311708667956,-1.1031144688721783,0.01606732271375807,-0.7658077720029208,0.46726144853163615,0.0034467692111722625,-2.1489401169034563,0.0619340034542663,0.5192057395525765
-1.0605225030449859,0.665628160585491,-0.29048099837911623,-1.0895689110577447,-0.30545665514283943,0.2862905603912381,-0.37155655138525656,-0.7161243821280561,-0.44296113147974003,0.211716022504058,-0.7794793493279435,-1.3511534830940806
1.1129038207171869,1.2475529484404968,1.76880432820931,0.8422245946367161,0.9410599092588441,1.403732879274208,1.3758261306479986,0.7140407303815153,1.3606039629078537,1.0710319380065152,3.129106887971562,2.330574814265709
0.47612611447045405,-0.9449182768151368,-0.26990023696549087,0.7332831418995364,-0.28442989552050063,-1.0089601285883223,-0.3893202569007347,1.1434310145278606,-0.3980971636203111,-0.6681245541203346,0.0987605317002396,0.3517352528620889
-0.7838584205761235,-1.446328074195961,0.32877135261378426,-1.0935425023616159,0.27771449201749837,-0.6532058999215916,0.6620726521655771,-0.75372522476318,-0.8538452509157146,-0.6012952585078829,-0.9996928041583356,-0.932140924137001
-0.9493927132142047,0.107872095618616,-1.0485403821600878,-1.2011426198303716,-0.9903322401904741,-1.0662225519062598,-0.8599505541991675,-0.8869345943366226,-1.2769020938085582,-0.8384895057023061,-2.298742056718194,-1.8915886574748857
-0.19275416041135657,0.05143675958808584,-0.642090161935697,-0.3521436090569497,-0.5115581581381934,-0.568512226467039,-0.7638786215323381,-0.5618410689181816,-0.9232730358270285,-0.4759697678968576,-1.6629997138656059,-1.7139435309112558
-1.544462951724679,0.926325605032763,0.0664583262883899,-0.08613302529020905,0.16926804696478995,1.3212426068619305,0.24991810871246567,-0.14739349125624732,1.1116013402646971,1.113939506045932,0.22173633831536363,-0.11724917051022518
0.16979088207141593,2.336890526091738,-0.8911332669863227,0.526576828725938,-0.9124421380293638,-0.01565307057210054,-1.062425686380101,0.8901272272470793,0.387122715168436,0.08111573954381843,0.10033086866144958,-0.2716466680329052
-0.3845084030214651,-0.7508524197951919,-0.7805990580487384,-0.7232636359407668,-0.6911260025462566,-0.8616023295296439,-0.9830360441032404,-1.1038797762835812,-1.2265789692292046,-1.2561398235047008,-1.5368525682485827,-1.1040801243985248
1.2923745190069618,0.5134848783985357,-0.6768246972232075,0.341413339901813,-0.5285162926570846,-0.29872996027313414,-0.7699359176580451,0.2418843814265006,-0.6040051830589812,-0.1765411127132301,-0.4382653064616209,-0.5983695489695291
-0.6285811942587899,0.1470169812427877,-0.5801654372002705,-0.8386799817990576,-0.5118561665646146,-0.6329416881087279,-0.5832451605392122,-0.8766583971260207,-1.5113767548417447,-0.3864248770154817,-1.2417213514204828,-1.3934523439683217
-0.1374304757305086,1.1415305874259098,-0.4385357286815328,-0.26029844074499,-0.48475195476566857,0.10406516038272465,-0.5460991114315026,-0.481435334734015,-0.6452283007683223,0.36513412839201487,-0.7486975371618168,-1.05662699498404
0.6103472066654606,-0.11084074138106621,0.5798497451390966,0.7335475596764134,0.7088589947841654,1.168273676048181,1.1574704837288694,0.4180419500655509,1.4967389594568892,0.7126643421348768,1.0555988262020408,0.4495699473743504
-0.07869589800149424,-0.06708733161718179,0.775632433406779,-0.25665653601320537,0.7942794496820083,0.8025973699788055,0.8761701009975832,-0.48347317354731767,1.15975091502813,0.4133754663814157,0.835058519358337,-0.7201913851000719
-0.15361042254855295,-1.2633264539530267,0.10267374134995283,-0.30500789145283075,0.2148690637225415,-1.0930190401486275,0.42055729271980846,-0.46991794778542784,-1.5578383270837688,-0.7237260146429502,-0.8086537677132262,-0.6037028077838302
1.3703551816362167,0.4368257204824927,-2.1201663215459545,0.27049833122887323,-0.9541925308430567,-0.6606189944529995,-1.2125743535222873,0.19806886475130417,-0.7394327973327048,-0.6956249354990673,-0.7563554889418999,-0.6770216515064011
0.48027942372594346,0.04264121051413616,-2.064393796898234,0.822023292553963,-1.0158427227071147,-1.182680823089154,-0.9493885768400177,0.3677403577992533,-1.0504408597973194,-0.8390694780137116,-0.771760046435374,-0.5167304854870967
0.02355092346144148,0.6334709142906044,0.7976113433019116,-0.11372165531316494,0.3764649078761966,1.2064113387486348,0.3776075175389587,-0.2891234108237557,1.0289335298050004,0.7926266855087275,0.2705437888914903,-0.3354803603974524
0.7136574748055375,1.646350659588597,-0.8805608779783949,0.9904996700817824,-0.9697291260841514,0.46874085365470985,-1.142505808687401,1.3031331269256665,1.428581887078077,0.30335445581887444,0.7877353998297241,-0.4861271405533736
2.383367802923967,0.22104555798167674,0.24333326128728172,-1.2409860576092153,0.45048651954658203,0.48801183184904506,0.6300840679721307,-0.7054258737545902,0.2121206652766239,0.38813442904918644,-0.07355118487759474,-0.8124309733740782
-1.1919752221617521,0.3898802332745853,1.2416398820320032,-0.6152000347118896,0.5213056248877255,0.9565929952904648,0.8792455127192044,-1.0790423128075037,1.5928972071486862,0.7297577358506051,0.549849900880081,-0.7285063814703665
0.3499549814386225,-0.6565946784383634,1.4523769244255953,0.994782436998676,1.6267534259751109,0.9813835959931763,0.9772760665938449,0.3675150966383395,0.8093546255092792,0.5433593725671652,1.158339277197508,0.4035059094722466
-1.4333848396711197,0.11076939115652275,0.445490754232272,-0.35330766498364347,0.35092676740411755,0.23989064328063575,0.5444466975320856,-0.4807264773993536,0.056285049889686134,0.49027141351310427,-0.15256491006336614,-0.5080674383579811
0.664558385430496,-1.9110052014031027,1.173385253642681,0.6414427775156201,0.4636827863934604,-0.25257526929672036,0.9592493845819852,0.7191388734136253,0.4301034623175645,-0.16838423697231075,1.2053054912284322,0.758229751398525
-0.9980057668698215,1.8672884544951949,1.5970961070318657,-0.7153588786621572,0.8760887172883547,1.5939886434891892,1.159414318946227,-0.9205917293129157,1.5033672344008198,1.3668631588173938,1.0722684757208447,0.7761778842533587
-0.1837501002126921,-0.10820620225801439,-0.6622318174686076,-0.334451868396909,-0.7603677843692327,-0.8641171771360788,-1.0597147976792074,-0.6414719987844704,-1.8392291151122524,-0.5382194008810237,-1.8836407164031455,-1.8956393137831538
0.7970526797616317,-0.22393028761772676,-1.0401270233125424,0.46512866181810697,-1.0839865597249823,-1.2564895072926097,-1.21802998924885,1.2314745297704848,-1.5797564645466968,-1.0140088123320603,-0.7519370733311398,0.2939445698766311
1.0665912170939038,2.31908355007099,-2.9526490771380502,0.6659402575002418,0.009181903370767484,0.6268028264153669,0.10394771836558664,0.7557194930252711,1.9399986649391683,0.6029180500406073,1.8951893694427067,0.8990049068488034
0.022959360829645434,1.1481883703234435,0.7872908643934537,-0.015272884921952702,0.8613534699493204,0.8564814267357256,1.4109030682441637,0.017499138776043754,1.6734346130455708,1.0379865521559621,0.8247267256292168,0.4797929588908721
0.11754325399718764,2.7050761369119187,0.43194849632108057,-0.010927534174092202,0.7244451296036263,0.6307770410335529,0.723581021343148,0.0591938399840363,0.4752455529953814,0.9334378708688553,1.0455005233973629,0.5235252427461224
-0.04349159556375498,-0.4502569366837886,0.7945611215446644,-0.12210458324231153,0.9094149454283319,0.22621476567802634,1.3435074753676037,-0.21509166379155195,0.7143844450382351,0.39469682660577715,0.5550067729628223,0.0808184936361791
1.1835596426671775,0.8081423461805997,0.7425243736389989,1.385009389316845,0.2665875667335068,0.41285633926769194,0.38717108018001467,0.37824387764046574,0.9440979374063394,1.8065671917280635,1.5457712275571254,1.9597418299585538
0.6844747949469004,-0.10614679531114193,0.12459311598004731,1.4154417001904154,0.2082667514442898,0.08913880098420418,0.06333992962993175,0.8544877972718986,0.7371593641240963,0.025507734706026106,0.8531484599900675,0.207302566756062
-0.7096045222409152,-0.056377613441098116,0.49770488053311485,-0.9908418378578865,0.004840383684098171,0.6565006654006837,-0.04743150786998762,-1.2184774263193576,-0.06377874737766667,0.5399081550045545,-0.47902859383462926,-1.1029106675285738
-0.24389306908138236,1.0355135451621886,0.5601552528756155,-0.5141153993843628,0.5640673652125381,0.5275012475297234,1.0643747312021534,-0.9404596058347663,0.21761228930560148,0.9048654045337706,0.1002695343480974,-0.3618183835919787
-1.2852648762616241,-0.8898276466179958,1.83799349222722,-0.48968257113030483,0.881988470819559,0.5440450661606312,1.2824664164366582,-0.6554202323759968,0.6954542904659465,0.635925145302136,0.4281871398172113,-0.2911886271642647
-0.5159636913596468,-0.6832529476423845,0.6354536200828448,-0.7354415542568697,0.6741840495997464,-0.006512578960036368,0.7411315847360189,-0.7620169713108593,-0.30379455394830474,0.03405767109595039,-0.333459069046545,-0.6971542725734193
-0.5716074791079327,0.04381567600375651,-1.291384833902588,-0.887194620646177,-0.7324573390471494,-1.0245575171892085,-1.0489722692999772,-1.241074466351148,-1.665701616124919,-0.6567144468346716,-2.5822741918629104,-2.384326567623386
0.28044098591529004,-0.7730569436732672,1.3667380237798574,0.21227870544706573,0.73277453106285,0.1698435708041035,0.9813021267735291,0.5503654737853829,0.40197705174618936,0.194014911152209,1.3624422557013383,0.7939293308363684
-0.7733443108099082,0.31464051545566435,1.0405918088539257,-0.759169547293093,0.3776636846871426,0.9134225364094368,0.4716717170193814,-1.1847566268076524,0.07288697804457753,0.852962476383987,-0.0623497508206918,-0.6515808132891934
0.0825745099233481,1.50373862061303,-0.1307642479327983,0.42095443468886845,-0.1408756499634617,0.8730985437691389,-0.20635125435154028,0.37584514711643935,0.7130565832257884,0.5192209370285383,0.7334839371685531,-0.1434813499448789
0.7484593600010181,-0.7975949337295779,0.13698372279077378,0.6108675257419691,-0.06222046387917107,-0.5145459442718863,-0.11960079862287845,1.2177640431649048,0.04597431393103305,-0.43752589294837846,0.36923527176169235,0.28573870097425114
-0.0849813225817695,-0.3196846479520263,-0.6673177595734076,-0.1628944032065656,-0.7660751415605404,-0.8832842765208013,-0.7844455730298167,-0.2766525781582415,-1.6510571225856432,-0.6101505397334365,-1.0800807673957167,-1.0279294784165607
-0.70122317770298,0.4590273987223178,-1.142632794477616,-0.7580417796217502,-0.8825717349347448,-0.5904126737315845,-0.7778047750203207,-0.7400560880129761,-0.8921001175287684,-0.5405893792452362,-1.364108881001586,-1.3682561477426889
-0.10734675264429615,2.229632362532908,-0.137022956623454,-0.16036448537974032,-0.14821054694794764,1.4768420608302186,-0.2026665348676549,-0.2726602378176527,1.262967943950026,0.875318719700987,0.02110531762355003,-0.5364001277743454
0.8206840591800286,-1.2806797112378423,1.7839428918456381,0.7167969657292078,1.3352826753213158,-0.09139934478564989,0.4928238607703651,0.8497452529491758,0.23199129441961203,0.025231658000929275,0.5867072765530125,0.33329626708186255
2.087639758273918,-0.1041838441123333,-0.8831277354407794,-0.8872502388232538,-0.7381272382421538,-0.6276126780000363,-1.0429878745802963,-1.147900642619112,-1.4725484097706514,-0.6310585391470276,-1.5123514317364803,-1.4668715288998768
0.29849105721223546,1.5410786974849326,0.9735762873806362,0.6876459601640588,0.6149744990732916,-0.4587608550908674,0.3081446120653781,0.6338540917126995,0.27976159215241153,2.4735683239595256,0.7905198055395428,1.4761222187840448
-2.3936998693776568,0.14329977081652504,1.418881206040196,1.6247280983629886,1.2215409511678395,0.9811085365220051,0.8062644518175979,0.3280288256481041,0.6886580324505881,1.2863769333615165,1.391408606789753,1.1151004841728502
-0.7474799539270187,1.360995424831332,0.973059430653698,-1.2118125032057065,1.0182242258763328,-0.09993042511320997,0.8935069654157518,-0.9003809377197056,-0.460840994850459,2.0914980160529484,-0.42323292130641377,0.1754482220855691
-0.34712610865356586,-0.05663942663486628,-1.410236073104887,-0.5638889573658674,-0.8066948434812266,-1.0860849631020915,-0.7125791945851139,-0.942102746598863,-1.9601616321989297,-0.726751719681867,-2.0505109906919445,-1.7945192532570533
0.7910367727055757,-0.15429031626220174,-0.4611695962766297,0.586005007895365,-0.5252205762905435,-0.8865690556573755,-0.6223208098937093,1.3791252982785513,-0.6700940978120038,-0.5528307395263766,-0.16551906506501585,-0.15476296581625087
0.40223471727613863,0.3724946847493123,2.178368880215098,1.0285888104649399,1.1367230960546217,1.5568876080049512,1.441141708178351,0.9827392915310922,2.6878524146269,1.194997077314945,1.7311924722372358,1.4091326247073286
-0.14252038074393808,-0.49923687759008567,-1.1136327620652855,-0.27564586641892225,-0.6952519141193082,-0.885151303435993,-0.9327163415746847,-0.5199838518294086,-1.0308017663880638,-0.9792934915772652,-1.7343982196274894,-1.3394038420583942
-0.024110208282283968,-0.15874374988132606,0.12159442836401627,-0.0036372860515801186,-0.09512466561693658,0.030324476482799553,-0.14516527300382692,0.09207907291188248,-0.11153675051041062,-0.05535488640428549,-0.19444851826309095,-0.63906292030196
0.2484895640199133,0.23916975069715068,-0.35840127223130275,0.31556523033079575,-0.39672415765812424,-0.23248491752162032,-0.527562509019457,0.3315635709171379,-0.11345933799589747,-0.15608912728385949,-0.09114305969363837,-0.6293825915307297
1.5856847608119247,1.9634387838190426,-0.18290912119871142,0.24485596295731124,-0.19627347742777063,0.577763723793939,-0.2688826442618847,0.34633753083008817,1.7734130961584722,0.23163478216001998,1.151519003987159,-0.4292233662964017
-0.39532111658418934,0.5420456434439085,0.7822122095944485,-0.7743502935452811,0.43288610519801407,0.899090380985753,0.6626289008357167,-1.2181363975804225,0.8068030265436091,1.1517288295762953,0.14390705186148603,-0.3322256791583137
0.4492154559116942,-1.690870686688196,0.45732923146042553,0.7617219876678074,0.5635139733691039,-0.7166387933232442,0.7421393601528571,0.3694424839112064,0.11464550448217466,-0.6675759826117531,0.5963539445932345,0.7180498295750554
0.6897903263152944,1.4858347313044646,-0.35265816891546914,0.5411317470389034,-0.3335847339508007,0.4246763690294187,-0.49185454208717316,0.5812924713700348,0.7003214961880024,0.43347649044118675,0.479360478207429,-0.09289149878251768
0.7822240109687651,0.16374764917064977,2.5161161363795745,0.9474414512283583,0.6802001094562183,1.2215178138162783,1.1060015808403367,0.8604711591697907,1.4216554508988917,0.9960430791982677,3.258225363373189,2.3247691753232145
-0.9282226527269059,-1.4578000988748447,1.1309360974305964,-0.8897307173478599,1.6727254580952788,-0.2926502224724111,0.7844350610936508,-1.2559717976291054,-0.7480348528739569,-0.19543938094321367,-0.6618766632692732,-1.2757374291595975
-1.7496250866821088,-0.28074279363167004,-0.32079757760582656,0.3672756151073574,-0.3109210390866372,-0.7226328173556105,-0.38603146963507984,0.3326799321944413,-0.5343288720939854,-0.533962909762103,-0.3156998504492947,-0.3334535486708204
0.2736938924057917,0.6094566734393604,0.6530306032683746,0.7876923274077274,0.6934853279107936,0.7446260497013292,0.9991285535322113,0.46961694178663255,1.0022270252060954,0.7751082554789868,1.5065267376261975,0.9110080146244428
3.240257777309522,1.142001383776025,-1.2059792147367618,-0.010189258710656374,-1.0654421633205524,-0.12722781512665213,-1.1239623148403806,-0.029929866150826455,-0.6959854102868586,-0.07618643051538737,-1.123075597152096,-1.7924764127791586
-0.3334275712270679,1.8263754779729893,0.7665817345942108,-0.6615646884633333,0.5524710632492678,0.5882034494225721,0.27010181985170123,-0.8416729814367652,0.1880420678289372,1.2639854122661949,-0.3326998310442337,-0.5856697422514958
0.30173973902303497,0.02229452541732357,-1.0341688304152028,0.5461029602899271,-0.7329023348852368,-0.7006137796193049,-1.0565906484081364,1.3484730086864767,-0.7635780683865772,-0.7859102268066388,-0.30634171008117184,-0.138384967589133
-0.5811165617016334,-0.0804508561283291,0.7597952074429152,-0.9430697257963327,0.2515545422092266,1.307586689794226,0.2695961240180298,-0.7622817436145446,1.2167361409946846,0.746594807134862,0.09553065270664958,-0.9684917854565702
0.8582096459457863,-0.0137982109923856,-0.9272981354372825,0.41408581537512945,-0.6961912571683607,-0.866655680613057,-1.0182647647041276,0.8565180730749432,-0.9271352101164613,-0.5841101005306693,-0.349728916952842,-0.2918403650221834
0.11383559152122331,0.8803163516457749,-0.47523166776621845,0.020493685416235835,-0.46133918409188246,0.0990134011920566,-0.5809593072548263,-0.055910636550929024,-0.4436889641669462,0.303169028596673,-0.49401305644895677,-1.0820025629468117
-0.04693349458042679,0.029786398109754027,-1.4230209598763353,-0.14730817855760595,-1.1046014174658845,-1.2419457010585846,-1.2576100426980976,-0.30387643094590655,-1.5955082582294633,-0.9774831975967858,-1.4605141072637275,-1.0112845177398044
1.218418147452357,0.45469041613552197,-1.0175490804196408,0.6060454861937135,-0.9836253279362575,-0.5040731973879035,-0.812295160780736,0.44391621370404966,-0.6314384938730634,-0.4381679074705273,-0.3138416515757735,-0.3908218109186611
-0.7924607526861834,1.395803513810201,-0.16297866233420982,-0.8605738331931,-0.18460286108330443,0.9037947865893213,-0.2819618153653203,-0.8863240669428487,0.008085247025695769,0.6157469300747117,-0.7107416947085093,-2.0513020884156026
0.9838539150946334,-0.9175314782967321,-0.3050109387205972,0.34508728754952545,-0.3297438767814126,-1.0155574458718948,-0.3944492604950439,0.42767790213147405,-1.0652721378997299,-1.0136169133118476,-0.39159358017994456,0.3067469359833086
-0.12086657864270108,-1.2634573240480544,0.7239189475575711,-0.20590353751186957,0.37052670607941507,-0.22122281970924773,0.43983732615397547,-0.3528634127926029,-0.4168706369797894,-0.16578368280106104,-0.32763722928933947,-1.0293504894128465
0.5153889456231537,-0.38019978179699654,0.3381158682499307,0.6654582043596321,0.31544050922004135,0.47264314491453213,0.40677399776510026,1.1140012407552307,0.8774222441044293,0.23157260824408338,0.9234152566908167,0.28836299081060035
0.1536144583890614,-0.09840850790744102,-1.1274161712868835,0.15766771238994332,-0.7639208624527841,-0.6990597247261121,-1.0780382563281987,-0.1498320331829158,-0.8912074032129996,-0.6789621119464821,-1.1141624334818485,-1.0228116556036158
1.4911932724149617,0.16445951828675173,-1.390280165534539,0.3533226381004198,-1.0971577827839136,-0.9916533874156113,-1.2311055527857826,0.7385925053205924,-0.8160362536863718,-0.6316717596961596,-0.4817089682753905,-0.39181938178952336
1.0865656166999929,0.41036334355721293,0.15931352289156725,1.1065037369726352,0.2139742658908631,0.38279255076731344,0.09434489784739539,0.5373776817589376,1.2402570084732456,0.1422425150615964,1.5695830589845838,0.19521784622687705
-1.37319608198759,1.941986216943786,-0.14827850283153668,-0.45481364528318247,-0.14620482207607727,0.35163776709965777,-0.16823200959101248,-0.5694568080494599,-0.4561131559598788,0.7502103267718814,-0.7660613974422682,-1.4663523922363215
0.9278870119570823,-0.8201032905389902,-0.30617778135484874,0.7195223229684493,-0.30307702829874017,-0.946931146463997,-0.4372624534540186,0.7801196159034947,-0.47928009939569743,-0.7249911178623956,-0.0017753140245243895,0.27781872439970895
-0.7934890281409692,0.22443575283388095,1.118960129625317,-1.004771295009519,1.1131981018418762,1.48633481320778,1.212673580082019,-1.215378608278815,0.7304332676903467,0.851605970483591,0.447601042046734,-0.2590790911597908
1.18090606639254,0.21999779591238308,1.1756545329761292,0.9876728282776241,1.0240360644486424,0.7720491400584387,1.0228008175058012,1.0210075553143407,1.3547638395097867,1.4744361167532523,1.3224004276123105,1.2655328123225071
0.4750701444655538,-0.06502408029461038,1.3535117922115711,0.5315971426835474,0.6686518007996244,0.8628825889715414,1.1574353375097293,0.7030783644077774,0.5823906250186268,0.5791250976585179,2.747610062004871,1.550135711165412
-0.0668810829484178,-0.3307502967336986,-0.5665693906208827,-0.12053798898129803,-0.6349732233873704,-0.8912762496123541,-0.7964590297153328,-0.19112414823018414,-1.546614339991213,-0.6574126896595691,-1.7818696739092548,-1.5953771448775858
-0.43347773818052243,0.16054496524642564,0.10578330066945847,-0.6867367928925928,0.19821309495342432,-0.027964133624717995,0.278781560221146,-0.7448757456062385,-0.6257588503576978,-0.01557099648185431,-0.838958983434106,-1.682611845392395
-0.8746892933020413,1.0295655626548286,1.4308268483108033,-0.7671373619268164,1.557873533973937,0.348458489191072,0.7911216797617723,-0.7963010825110891,0.1435764406143141,1.9236097847117077,-0.12156116821780368,0.2994055489009436
-0.7249881748227576,-0.22011999590348583,-1.5045019165110352,-0.9469603688647624,-1.2328688024312298,-1.1465983976333176,-0.9747007765215562,-1.221416529373178,-0.6857551424886166,-0.8196380293490285,-3.2020119522623363,-2.6198107504850343
-0.6610997278278756,0.9172634001099689,-0.08426244500802157,-1.1576753508967523,-0.13807412030459848,1.0158270298301548,-0.08972334041882618,-0.7029707788526369,0.5245240100190747,0.9134454556876204,-0.2772122441700026,-1.296135831255463
0.3674023459494677,2.4377145454179683,-0.25355460524812895,0.08577897893914044,-0.263780836201882,0.7980546986345526,-0.34454206642773116,0.1143521453328258,0.7064838942011434,1.1677880581379414,0.2520886425496167,-0.04984634091820726
-0.7005343143219729,0.8666258056611292,-0.8046714038403141,-0.8738646006823189,-0.8837065436807903,-0.07415136181953219,-1.14395031295434,-1.2337723212505076,-1.0843986007464177,-0.0069875011913628216,-2.0901265801250153,-2.658780908481137
0.5556312649036088,-0.53766460759417,1.4695367241508361,0.7751029485847966,0.593731613739944,0.585859296892136,1.2456049252219383,1.4265835163426899,1.1755123996692514,0.7050970466098607,1.4134936728541456,0.938752725798247
0.3254928163065148,0.7741920262463635,0.77655827626239,0.8448342311411835,0.4481012512639269,0.9638540226926623,0.36423225686522914,0.4629308921836701,1.2153423165927215,1.5197483871530526,0.7501321553741547,0.7280758887979166
0.9884644234686472,-2.8247037144676423,0.5044536396511106,0.8898442341028207,0.7175693191500587,-0.614826822314614,0.4913014022022441,0.6070555886359517,0.10890545845596675,-0.47982505754540505,0.763935135443535,0.6864056679887864
0.5383341636798067,-0.5882697524384226,0.4236009189991635,0.48689885989052745,0.36630737880289976,-0.18061059140921362,0.7281436142840603,0.35785209531634155,0.08340308231807503,-0.10977412588863386,0.380452932157087,0.13286684166010548
-0.2971731644611867,-0.35388822167554207,-0.7311085169721843,-0.5657857060427487,-0.5693640180516605,-0.9976750688341645,-0.8567974024420416,-0.9816148708976413,-0.812162962783096,-0.6874774981851568,-2.946079343494262,-2.671553899669322
0.1695149972184673,0.36359533302816033,1.2785407624695004,0.5422935051040809,0.6661321076042505,0.6153299046699029,1.0845614767321217,0.4513466338119004,0.7274316890024177,1.7772208475303992,1.6256159401168357,1.9148771856680171
-1.262669336379037,-1.0076715176490088,-0.6538625461232306,-0.5183091662755851,-0.686203441572212,-0.9312263786116463,-0.8237502637840491,-0.8388907388558976,-1.5410596450021397,-1.0571924649916176,-1.5376494731358088,-1.1677619980081795
-1.3791143275834712,-0.0997129215054886,-0.4851750439505991,-0.43862621928629736,-0.4448657061430382,-0.8108752696108382,-0.48356741336869247,-0.5906428986662852,-1.0279159326438838,-0.5065076952108961,-1.3848733756017488,-1.4335102903376065
-1.251778934806197,1.0514389571127372,0.028342008170040397,-0.686956081723177,0.07165216941903055,0.4570253172875505,-0.14252121213627572,-0.7770447767004164,-0.4069950663200238,0.2557991612064173,-0.8514873321955483,-2.205401263619538
0.9357762426380932,1.1506543521824433,1.126625894522382,0.4735662854610186,0.6920991071828706,0.49750457060218917,1.4743446326215512,0.5620565532224591,1.4106167901081228,1.898488181071869,1.0219027286199165,1.3144678057539017
-0.9068268836001495,-0.4596112834737251,1.4433962915690888,-1.2082461192660523,1.506762933102725,0.10130271794313522,0.5024637121495006,-0.6554515135496294,-0.2632214136153229,0.194022096279276,-0.38655347531770573,-1.1531692205873376
1.4597652968927903,0.38802268993687805,0.526166097228153,0.20486654483733047,0.8950492729181675,0.9686348322411448,0.613762273269007,0.5186279103949991,2.307453218369619,0.8471040212667409,1.6314866333260014,0.9113190212530639
0.9580925384570871,-1.025255072267901,-1.3123911479996424,0.8708502798472719,-1.2325552550250811,-0.6921509650799975,-1.174697733907272,0.7649535756677401,-0.7823120352736411,-1.323951740649291,-0.3891736819619228,0.2738799015600815
-1.5199817381326304,-0.35666599299242385,-0.17066001553730406,-0.09433719744099711,-0.19139486775520909,-0.6224097466432525,-0.23750143299881418,-0.23961716420600326,-0.8147350165135636,-0.4492156741448842,-1.0281249385670501,-1.160645458452728
1.3805865286174754,-0.9980980969263401,-0.768479194467147,0.6810188599502849,-0.6074213548628805,-0.9634698741724412,-0.624066099729675,1.0857448891686745,-0.6880449698661553,-0.9140688509216224,-0.09967708299424698,0.35890046491374017
-1.0699715979906286,-0.6578868917332271,-0.9654818086192136,-1.0398248460074344,-0.7355080039969927,-1.2371834176787073,-0.6549686326685586,-0.874128519722263,-1.1775866607461387,-1.1533622182301781,-1.4770175032509603,-0.9030007805766392
1.5369998116133587,0.9089973735533368,1.3678933440442682,0.38567035758295637,0.8649055493120514,0.9631016898608966,0.5113723948376566,0.8429189754232358,1.674505548886633,1.0628428091158644,1.0934028948888308,0.7446585723641901
0.7809007962846093,-0.7355976963547916,1.1292399766667156,0.4796016240300768,0.8116491267887613,0.2975047023579895,1.227340033819989,1.0811446465477337,0.66972870767558,0.4392968260573388,2.149715082779899,1.511938650031248
-0.6747310993161924,0.5994243612988297,0.2579728365235772,-1.1798922365291076,-0.09319841212609739,1.562183382473732,0.00297833139320558,-1.0851377609681583,0.5021322158002728,0.7622245716666574,-0.14036176566478525,-0.9561237267761179
0.26001450919881675,-0.27513683594180455,-0.552173156438559,0.3730865484715853,-0.5825005724459427,-0.7675464585414142,-0.6331016426034881,0.9690265392428672,-0.5426274007420322,-0.5653291202332095,-0.0821046469759967,-0.06579138021118668
0.9072823746358233,-0.7483264054387085,0.6586290570030539,0.546072613193163,0.2359535484225785,-0.07781210100639847,0.12740924305135515,0.3406364386105616,0.649645381750028,-0.0830387342726231,0.6503720735316858,-0.15529953929349505
-3.225350110365062,0.45636455888084104,-1.315359830193801,-0.10412552399752216,-0.7308982257831377,-0.6485030572539647,-0.6683895903394464,-0.19339470705498882,-1.3035477205878845,-0.4728099849300725,-1.4604304684064595,-1.5738103018627716
0.9321669684181254,-0.6097160785414285,-0.23352698820558623,0.5610103522348381,-0.23672004116116588,-0.6884934549022225,-0.34176392934275257,0.3110809561540917,-0.7170506216345601,-0.7582536365037207,-0.27545185263818145,-0.12970894317188475
-0.5497250385049769,-2.233517297176621,1.2170321962145338,-0.9518661783215528,1.1192548118481407,-0.14808035422519605,0.8355379662904855,-1.0866887616197822,-0.45063705377280266,-0.10274474885114211,-0.45804162756320055,-0.9749163955582018
0.41484053680790295,0.16596585498492147,0.8581604880819296,0.5620512967542292,0.6690441699115658,1.3843570425388558,0.532325846952027,0.523943115001119,0.8843757355088114,0.9970860412520446,2.55239500452985,1.5694793987008893
-0.10776047022330958,-1.6079591354131713,0.5077192038663952,-0.2182584826163435,0.5886459566631924,-0.6389597335454372,1.1763921562464397,-0.3766760312123038,-0.3582427507826733,-0.5688131404499006,-0.04615340416622482,-0.015121958325774842
-0.05771594880571259,-1.7828671379730412,-0.005864226094549887,-0.18278707995861582,0.11252409849705303,-1.164626236297205,0.2706531316333655,-0.3183501291262144,-1.3857550655851734,-1.0168822891695284,-0.9052855387324323,-0.2991526392471144
1.5496581983748083,0.1234053125968829,0.8046323185023663,0.17489686195121762,1.2786609466987984,1.5147268701331833,1.4028637400461212,0.3674284153917859,1.814097731185151,0.8191075291895095,2.058182596940793,1.1374243553361398
-1.2525350995382987,0.7370952834707101,0.051650902397499636,-0.6919519558553558,0.07162820115782793,0.3792481572721581,0.09815877877767484,-1.0409545254345238,-0.2511805233348835,0.10359406538674876,-0.5417718433957406,-1.2523311370790322
0.2474155252781822,-1.9373742772499538,-1.288354124988968,0.383899348087202,-1.0683441711088455,0.3924417170330352,-0.7866864712898275,0.7258671510774364,0.7994587418784448,-2.503008159184136,0.5294476439834603,0.6658380934217435
0.5507200157752645,-0.2454192860244228,1.0749539606458183,1.0154470210590885,0.36257186727528024,1.2966222131058265,0.5022984674280531,1.4928243298847825,1.828642459803442,0.8421290223407162,1.6329950707795653,0.8293576382144282
-1.198129207514069,0.4748720416194565,-0.2276124718422197,-0.7571042522123772,-0.18267975904574546,0.08966861651302202,-0.2604354078924859,-1.2158083355542417,-1.063196248722782,0.031236969182379073,-1.4106253227558196,-2.463386193385641
0.10234027770556273,0.6849363034139111,0.4518755490521284,0.39361621929351925,0.2276385196827711,0.6784808074434807,0.35838787698383706,0.14103080631555207,0.7127882369947615,0.7862744927438917,0.6626457801443898,0.15689797630506203
0.7777094757514089,0.7789477163417126,0.09250169345889805,1.3151214566881542,0.010659064073196063,1.1539855730004742,-0.03560721599047273,1.0609938784504647,1.9982602352054073,0.5097285368892079,1.1214717526695406,0.241138801688578
-0.726099678275854,-0.9007571292632434,0.1742564090949819,-1.2047025547824326,0.30245247303815775,-0.67484814656291,0.11341063155272327,-1.041794455600517,-1.1970058292806134,-0.4158370015457863,-0.9855845091819926,-1.112975992446889
-1.4892085033196816,1.3860440675155363,-0.7703574197158,-0.23488186093428567,-0.8749266775478338,0.05747940091811915,-0.7796286281927987,-0.43893436729219004,-1.115964964449824,0.1244703080344665,-1.442845539113969,-2.174941257806015
-0.23468103846302768,-1.6798014649096933,1.754219987001368,-0.3974131996760226,0.9681704453150676,0.4137075038810465,1.4231435348583645,-0.7538657763352814,0.27520402642081665,0.2653937847554669,0.5141957424565465,-0.7019822040131619
0.6798577053880714,0.48177616617960417,-0.7880358234744955,0.34430410278416657,-0.6532884649009093,-0.4726801530216689,-0.8504234268427621,0.9651249736476646,-0.2973164130162202,-0.2660280097322678,-0.03865794792009033,-0.1829941038979829
1.3993004368471724,0.7178923608854834,-0.015217059018309331,0.4190010344845534,-0.14965449522523663,0.47202262120067506,-0.2087057671143165,0.09983070324100674,0.26501199319177593,0.4729490136110405,0.554541492834665,-0.47418513939520945
1.054451139204595,-1.0046408351899694,-0.06504282748965871,0.46951010928771164,-0.03465347496896864,-0.6121395617663427,0.05216888857742728,0.4175449086951738,0.13887667272258358,-0.5970863731963971,0.4045182305616588,0.46307435480265663
0.5433810640692792,-0.4579205511500317,0.0690587355672496,0.8229622760558105,0.03639770253864561,-0.17821193979570504,0.20421237275908222,1.3881583557251629,0.7953117603847674,-0.16459271619448362,0.7143433332370098,0.1890471912034321
-0.6517768792549355,0.3163176618241942,0.2664187778947368,-0.9621709341159478,0.49225124327006425,0.7879140265461856,0.5162731149241294,-0.8399204265068967,0.04269253747850854,0.5959287906627347,-0.15913800067343953,-0.706351379039313
0.37808601290365856,1.4965718128961065,0.1200983672591551,0.6663346251461172,0.3358267002808881,0.8491475717157332,0.7703766693298529,1.2249956887481954,2.2365788432385454,1.0348577927279718,2.070960939020897,1.5309246671747843
-0.030758109776447357,0.9542452686770303,1.0553337921760582,0.10440668831013157,0.2656560390007283,0.3396851130084081,0.16289758923767378,0.38897837736977203,1.4834091497188826,1.2360576609808755,0.9669434934527636,0.7158032782338786
-0.0348683424623335,-0.0965640419532979,0.16635754273440265,-0.05541050079345909,0.04560933520621596,-0.07413273527127996,-0.17684158555211638,-0.0788227322565993,-0.31535294760131605,0.043646533637724486,-0.319178179482394,-0.8066314332357776
-1.3540462964367832,0.4506804886208902,0.6231010073406932,-0.4203484447560801,0.1999104383126816,0.5810994461611562,-0.05425257099981068,-0.545959743427681,-0.06718828349577237,0.5888683820578486,-0.39387666151107803,-1.4325427494965337
-1.1911219675965186,0.3165949749642442,0.09561623760009819,-0.7090304726194343,0.05059966778324189,1.2239113041196177,0.24021501973018067,-0.8182479839315704,0.950098086442605,0.5480379077092613,0.08209083221943424,-1.508242708165624
1.226343376526108,-0.1888867820460237,0.6876134476294107,1.107173241119054,0.8412127023682009,0.18267773575185747,0.9252868986275298,1.0948882985015744,1.0237407836554813,0.08792321406168868,2.733163267635386,1.5716922960196353
0.1744687853996213,-0.27838650597641235,0.4709155328518586,0.30885945901548917,0.0338484035675706,0.18376560553708476,0.004647539338605414,0.7373805090997821,0.35335042910437997,0.2609834459054229,0.6255391839809402,0.20914635765895007
-1.589016048061511,-0.09182306862965649,-0.036462436772821835,-0.0732018856030606,0.002535955528246335,-0.09624399685435678,-0.0023024332511363712,-0.13370440497458316,-0.14153434691615782,-0.08573164941560488,-0.1407244425581481,-1.111796504393882
1.8892779423961255,1.683308484316537,-1.692999258434788,-0.5835855021756233,-1.2272277830404454,-0.09604408920695504,-0.9951523652737052,-1.0462634637100665,-1.1081216854133626,-0.06575395766472619,-2.1842408850986432,-2.9233169729071746
1.7869857463452017,0.9876632155470594,-0.39481741298128664,-0.3578761694787709,-0.4260757578243628,0.16616141072034418,-0.6537841758352759,-0.6869845687964959,-0.6159669808342091,0.26099287684815153,-1.0567692211110813,-1.53353364072569
-1.4648377226064022,0.127356432619139,-1.1460715391902556,-0.27516781808128,-0.7672836866068233,-0.6561629696690193,-0.8049665867685114,-0.5207482153530494,-1.4147624036105755,-0.5955954255090802,-1.8025697534863658,-1.7661656875709324
-0.8776261352930029,-0.714197249269937,-0.7657309839457319,-1.2367615055298262,-0.7886409409861364,-0.6669886680718747,-0.8903638475007196,-0.668191463889324,-0.8106438685464584,-1.3996073235205646,-2.595906464207392,-1.7678341811973601
-0.5778230496967317,1.018362426078978,0.6862864021058251,-0.7024183492654323,0.25511532532833237,0.36926551760635395,0.3856977477612935,-1.1130764652460083,-0.19520305321604187,1.0665278923845805,-0.4067949634309354,-0.7110265358943978
-0.22282253478587244,-0.009862864683548819,-0.622879983688941,-0.37504945865354417,-0.6676167897808627,-0.7208112775363981,-0.6546554873572658,-0.5045037903955449,-1.3705182421098898,-0.4518268274432482,-2.1764472893772835,-2.3953214563103584
0.35696156050373007,0.8164732771808138,-0.3339686768180016,0.9520838475168103,-0.36623754410091436,0.03303697552607354,-0.4545792270625659,1.3333789179414675,0.2746371410793296,0.33976754399654985,0.6055000526557778,0.09066864300985276
-1.1610644212836736,0.3445942440279179,0.5057830455836478,-0.7905805101029817,0.3534884713559726,0.4699914899334309,0.5835447182816265,-1.1944661213888494,-0.04394179835252826,0.32472700754963757,-0.15972442477718515,-1.3728605271652914
1.0131262505161744,-2.023804091830624,1.2244375410269501,1.5016122038970727,0.9222249720346433,-0.18040652908935714,0.7967435582020673,0.24007579627691988,0.5644621963102164,-0.12182105360184309,1.2472427392425909,0.5218917652343567
0.1594642481725544,-2.1046560200398363,0.3847312474847007,0.5641160353028665,0.6757111359825266,-0.5890103135124579,1.0972352096186735,0.5470326158785763,0.38237096206597343,-0.5439736283063845,1.7907255503465944,1.7865011943499174
-0.7531622143998685,0.5609704760661726,-0.898784087279922,-1.2505102122285168,-0.6256531676987087,-0.3960872845334716,-0.9174349859177351,-0.9124866130205724,-0.8745634775140235,-0.2818632650445155,-2.242710102206086,-2.6071194432163103
-0.6968851772464734,1.4344794814205426,0.6719476936063794,-1.1329519238909407,0.24371536253273673,0.4506760215134191,0.4112289580000318,-0.7346404571187934,0.15631700251536268,1.479860275025618,-0.2338751426973218,-0.3202972279204762
-1.189049009018986,-1.7949104886416956,0.818012675454421,-0.8833681097402786,0.40502644431831014,-0.42962235309286123,0.7730212358506549,-0.7521174698510046,-0.5770399778371466,-0.3350806054861181,-0.5861578674005756,-0.7378376013585884
0.9634836268549695,-0.03735646880912881,0.2922732203326375,0.6120221635905259,0.5501544946689096,0.39103653144532036,0.45356419106097506,1.4460644636571607,1.8071086053174639,0.262444622386579,1.5065589018147811,0.6174950520935866
0.06674126041407762,-0.7189954074685212,0.31034051451842803,-0.05864001850997097,0.2916235118627992,-0.3129012653104846,0.5106985194064072,-0.08603077789635845,-0.16715656361020081,-0.21838604488245836,0.004183699749695992,-0.30563520889601886
-0.43991974657875255,-0.08677167967866405,0.5223325974617982,-0.8575442957009579,0.2722810545727628,0.7961807199678324,0.1409787122697482,-1.1755219272214317,0.25142604506520955,0.38800703914448725,-0.36258347812092073,-1.8103719688460664
0.907755282666814,-0.039768268703770676,-0.3123068229223655,0.4428557286353699,-0.34816259478834954,-0.42806542821577365,-0.4081268144733466,0.8892233410583674,-0.13646592504300675,-0.2877441400774466,0.22072095779100326,-0.11326376623867138
-1.2831607076365303,-0.5205777089168906,-0.17078794021970403,-0.6736171522639122,-0.10797059440790019,-0.5932556214189479,-0.3033065189698506,-0.8075236240639201,-1.2851306691637576,-0.539821237029393,-1.4509526822304708,-1.4572130016486733
-1.1562931322768735,-2.0403669803059397,-0.260829089527356,-0.6064327858236637,-0.27659862432058685,-1.042805253227486,-0.3995246274759136,-1.0620144848193513,-1.9087756539881848,-0.9269681951198229,-1.348042638464265,-1.0442398610592578
0.18038677960140986,-0.3457098020134386,0.851981240413805,0.6276779292043588,1.2080086260386813,0.5625257110402384,1.6863094900920426,0.9441124892899707,1.083601020040579,0.24548310037334053,1.4104041297075223,0.7111062085037999
-0.19649955515388287,-0.11952971336086779,-0.514003530016846,-0.35372510202978336,-0.5900258755139778,-0.9245193999620963,-0.8908430763294216,-0.5825572376072444,-0.9778532234776088,-0.5807770837522748,-2.2862863934552258,-2.2263739950607393
0.5630591523821864,1.3198315022170863,1.1164563855168708,0.5707872214303074,1.129152732400716,0.4639692452263743,0.8015210638776893,1.3579304469268285,0.6784550519444453,1.0955189402832421,1.116308412211387,0.8787067684669807
1.2884631699684803,0.24294516162076635,-0.5143157498706223,0.6216612614454036,-0.5707643490429388,-0.35465758800959063,-0.6213032920895193,1.3908881121755385,-0.15655448302963174,-0.24371976217661098,0.02730436561994952,-0.23242317950142638
-0.11598576061861268,1.0550470415024393,0.08413951707358909,-0.25746051211004073,-0.12173868284680037,0.6215624107152475,-0.16446386326419118,-0.3960227112291397,-0.02134486760473446,0.4405572614661165,-0.2541055297931972,-1.5141772322086096
-0.030465367829109583,-0.5725956137518631,0.3816045646525629,-0.017003836133977032,0.2845535819306439,-0.1757054109849643,0.18165713096403074,-0.07001304014448598,-0.1339738864481439,-0.1078921534307038,0.012875951264850638,-0.5939328441909163
1.4858040340403256,2.6611316544453576,-0.08335221073918891,0.14817445508524252,-0.0437543775491569,0.7678072968963368,-0.257524942325251,0.048273158483375725,0.39996877131730535,0.875754024590323,0.23398967835791878,-0.26217876853740896
-0.044436827293808365,1.201454691024006,0.06886867083699078,-0.08325269395154741,-0.19665772373361406,0.5758897923794237,-0.25334807406135923,-0.1466387033963865,-0.0015724166175386245,0.8138258656949084,0.01295604514991136,-0.6809883014870208
0.824807461182797,0.6674203059415593,0.4006116702961126,1.585931367570997,0.6078038682291395,0.3888238332605183,0.3667707678033902,0.6280827092307938,1.6021700969485346,1.246731932640202,1.094794787618754,0.897064882133103
1.9915692151277313,0.009067273972381062,-1.520914392150899,-0.6319209298662072,-0.8315514845167945,-1.2479904983263108,-1.1417455040085833,-1.104767917078545,-1.5399688745476519,-1.0999260572633396,-2.7413625122582843,-1.818914351858958
-0.5223205955706925,1.1257299123347064,0.5161679353561461,-1.0505971607080846,0.32333806029545553,0.7472089012648772,0.3537472041747333,-1.155954948219648,0.30092207452891845,0.7283664323384926,-0.20889082362310352,-0.9228709372157406
-1.9323087099871157,-2.345532518383488,1.695927689882536,0.7836992940183518,1.5504885802265678,0.02893801651334749,0.4200383081385751,0.450864446250365,0.632501464983915,0.003762360860468328,1.4802949956438145,0.5055265903848744
-1.2438729672504314,1.2452654066893887,-2.3652086316784997,-0.5299136359411467,-0.7218547529189534,-0.18294551177098275,-0.6745765586591802,-0.6209077744394645,-1.3366879785780412,-0.127261061542792,-1.531619435787866,-2.148430326926031
-0.7515021056533552,-0.07268763942104987,-1.3846545849043026,-0.8711635906609473,-1.1944643880914265,-0.7572328857153428,-1.2491172758805684,-1.2002976393225042,-1.0382190159527178,-1.1741939268290997,-1.969904810704203,-1.5533789223433854
0.5294747913216409,-0.9230420538343692,-0.1095911103262501,1.3179778404243525,-0.071372857475195,-1.207772593357606,-0.0748888893048292,0.9067715076751607,-0.4811850615134332,-0.8746855522539079,0.13407139735851567,0.6262687079182302
-2.3913179566822436,-0.597831479542976,-0.29029230895490044,1.4145619664275952,-0.1941211321472941,-0.5792276055312522,-0.2250647863132063,0.21024550830023894,-0.42560717335696474,-0.5455877189678583,-0.19516483454153585,-0.1971397319070797
0.894165752520329,-0.26624868435328725,-1.2451409762672137,0.8428538320924011,-0.9732934259074039,-0.696940808117388,-1.2224905264312813,0.6400707553012241,-0.8293315732525368,-0.7851211557614929,-0.45078862832256456,-0.27982892302380646
-0.6914014531028273,-0.22016723181733264,0.5836770925303524,-1.1545508302566148,0.24956418559593319,0.09480160270161267,0.31096137155988557,-1.103864749321605,-0.48287362011241725,0.1134118613305354,-0.6098301374110999,-1.1269236478556153
-1.1993194027655036,-0.47790422255378956,-1.0687791809493108,-0.8692657130797019,-0.7388086989115384,-0.999776396221982,-0.7721231334993123,-0.7454810125508904,-1.7305793937643479,-1.4534975659270846,-1.6668076542687735,-0.7842989017907537
-0.5765890728541126,-0.6165337623884524,0.2327329494302095,-0.7991858540972587,0.15380121784493103,-0.38891877646570366,0.4088300408606424,-1.2376825906845519,-0.7506633056195489,-0.24879142502738724,-0.7148628682119506,-0.9541602876712972
0.28274970821616935,0.03609035077260857,0.3008880498170662,0.7304316752053083,-0.03746679197771405,0.10800741008689452,-0.1937321554062643,0.6178376296930036,0.48426188543332016,0.2455966919480972,0.23909998597153606,-0.07045065421736606
-0.9112127920429759,-0.19875709804990202,1.2038279379302776,-0.8793633354023267,1.2018099068204584,0.7854109398640118,0.8230952613625441,-0.7479279007036446,0.9425805016863554,0.36461961979245233,0.3605493473145642,-1.1040957191651222
0.8213375273115512,1.0879177658681958,-1.2375102035731724,1.047582195617913,-1.2073030358279944,-0.12824644345557987,-1.0467448312004843,1.5292992903897986,0.1422604953004096,-0.08557214222927308,-0.01527297841611816,-0.7520367778226765
0.9935263720864442,-0.7880855505238406,-0.964903657222535,0.7382288595004695,-0.9801120969476518,-0.8323682239647578,-1.1483116499492176,0.9379419524576016,-0.764876373520999,-1.5785201420303216,-0.3859186311786694,1.1166579418467804
1.4708702618944358,1.1287061789963244,-1.0914482526260245,0.4512807315174252,-0.7736623199153535,-0.19860835635980062,-1.0659353065128676,1.248422133873718,-0.07662044223422013,-0.09056770144299253,0.19483176102067343,-0.2953877095595923
-1.5724477677683155,1.5281947212898592,0.05874414093098195,-0.09970119232845182,0.30185881659907865,1.4343019710255995,0.44191194945259277,-0.18486122572036878,1.6188630220235802,0.8646484365544475,0.4309078937708555,-0.15411404174297336
-1.2639155680500807,0.5049606206682734,0.3527456622084048,-0.696471299684345,0.2626665766655477,0.44280742554458374,0.07233459304186435,-0.7458187971772784,-0.11103166054362924,0.31637438798054635,-0.4537760247736029,-1.0379551950940789
0.36778840942137386,-0.4780992712542496,0.2503798232316576,0.9601418620816823,-0.09144746125802464,-0.34333136104787826,-0.22115890836565455,1.0488973894900413,0.18241549912040297,-0.17800581873769733,0.7333405011967552,0.42229017053864354
0.15112459249941762,1.865465467948021,-0.10537173673762358,0.2621182644169918,-0.18198304580449437,1.029235151810253,-0.25203057266156126,0.36226506824458693,1.8742085349778943,0.6337616027320552,0.9527215161820084,-0.08094357954782676
0.14287369012406578,0.08636762027452097,1.4345755722662668,0.12756652754655246,1.0571478039113913,0.3705186551704793,1.2839991857956117,0.4090071073330981,0.5397117785026534,1.5983249582941375,2.3347418916528424,2.3980283051350755
0.5151300179294293,0.4806190423980084,-0.8269726358729155,0.9826118820086973,-0.9104799332949673,-0.37861086146557493,-0.7169998133135778,1.3737802939540553,-0.18086311280477416,-0.2833247623794135,-0.018124385076002246,-0.21243076610210238
-0.771978809157565,-0.14014681402284443,0.6481600804777748,-1.0596527765105201,1.0357254315161541,0.8661662667511953,1.4690510164811144,-0.9880282526691906,0.7615986921257086,0.5798970632344851,0.6948341531662333,-0.5621918978095668
-0.6781336477426956,0.33329953610794827,0.7973344312709625,-0.7258032427465906,0.3927033434376417,1.1334196707781141,0.20157800517008484,-0.7590253659080928,0.26254770361927404,0.7723545120325009,0.011022908066129294,-1.1569188019497179
-1.1589924771224274,0.9142306283994811,0.7088726469026564,-0.7845826669496406,0.43260872230102626,0.47134146535931254,0.5258056446000585,-0.732124135330123,0.23776585079480325,1.3721538349349192,-0.16187350346799498,-0.30877679898751464
1.424225988940821,1.8586621006200048,0.3668628463457576,0.3568487198928345,0.5517327195061803,0.35050317591015956,0.7893978170296838,0.25441848775262255,1.8146785277924762,1.8349420372807281,1.8858019796232626,2.3728047750600996
1.3326966427164644,-1.0736495543933997,0.5426146202890858,0.552332785320551,0.32023052426963095,-0.3570526161940788,0.1214566830328995,1.0584937085326305,0.2072644649599995,-0.2685390611712424,0.5809443180000671,0.3776775511940702
-0.11393816716328524,0.5321915409314908,2.0279931874739527,-0.2225413526665926,0.8918587962312962,0.011019114314037584,1.5587934648767914,-0.3615968259379874,0.1289194581487134,2.1343108125299715,0.2990115813192186,0.9521571686515813
-0.6964868755473518,-1.5822423474896576,-0.48051127587736175,-0.7321905930747159,-0.49555259915169964,-0.7110708265003527,-0.7325063061286652,-1.1756796468201496,-1.3012158770179787,-1.5557960967611897,-1.7325262405172444,-0.9766569441096982
0.370632309511747,1.235627767131315,-0.1692522893547742,0.8429638299277249,-0.21965240256138902,0.5233332963944737,-0.29457350933447,0.5112983796362736,0.30817652831253894,0.22960293226670211,0.6020455996802376,-0.24120260012586048
0.48606798255548067,-0.32358088147292036,0.017961218321655006,1.3814649382035638,-0.012036085965401146,-0.31200983021289985,-0.016402080797439815,1.0844852312457165,0.2058039460778387,-0.2260114005656223,1.0093873907806306,0.6339844394360852
-0.25095135465007196,0.801743083864539,-0.6248077221053541,-0.4192360895826829,-0.5608575392465942,0.34405511096003416,-0.7702532684511847,-0.684476127825901,-0.8133070051013477,0.2220017981230183,-1.1934139170302354,-2.042808954701592
0.3581896858896229,0.35806709104827034,-0.04295127257828788,0.659881511838731,0.00883762527419412,0.5912555672872716,0.13564500347558184,0.47596394497077804,1.60675261470483,0.33398588578397426,1.6654044568239397,0.3069197444143478
0.23977513330066325,0.3151370307537479,-0.6950115258265385,0.2732000088851461,-0.7042889219135914,-0.42603665985462813,-0.9445675898605268,0.25382422914820163,-0.6590129321870997,-0.3342576949635707,-0.7156188863384725,-0.9961134191864307
-0.2955003163425764,-0.8499793046387949,0.7212943132428027,-0.4612693678295836,0.4441735516706231,-0.010101163984655222,0.5152195893743163,-0.8541615712395744,-0.55821964547672,0.010727419998390619,-0.6169863859726231,-1.2988295062542796
-0.4497471417044411,0.4127535528836025,-2.3111709679214587,-0.7364478923370521,-0.5307781210137766,-0.5740844172400699,-0.5645538469498186,-0.8688820213771355,-0.9055832736187391,-0.5288846113675839,-2.2562667641700007,-2.274769938621373
-1.053462702896499,1.0643104469589708,0.24973638618019875,-1.0798320108755284,0.4508230813309982,1.0263809573130551,0.2461954822549423,-1.1847577410960646,0.23360516246213697,0.8444614036384536,-0.23415533918407844,-0.7132309330936965
0.923299009607709,1.3964198052493861,-0.12473260865327873,0.4997697590205855,-0.08298705948131649,0.47131184596498826,-0.09142726438747076,0.6916377677633234,1.5486373296768765,0.7975153607359273,1.6734018205970167,0.9302235641446701
-1.012532408760635,-0.22229092349194063,-0.4280965909547931,-0.945260021012965,-0.4396652366805076,-0.750224493527841,-0.4874435149537797,-1.0527108325358328,-1.3465486019833603,-0.5102206694993099,-2.329493444466908,-2.3939592390623528
-0.9905263844223592,1.1091874330242186,2.5430318620171235,-0.9984114055302286,0.5661689168598895,0.25302757033772616,0.41269422929970234,-0.7418132545452526,-0.2286215828417594,1.880642964258878,-0.42785217049584967,0.020083309208308135
-1.3424215530132122,-0.6680168239787526,1.0435833916330193,-0.43021632749096794,0.6356965555841053,0.48781278491934255,1.0832984481753536,-0.5693406187255217,0.36687034439972904,0.3284989033791858,0.14113890557773534,-0.46745697700730543
-0.05092698398485487,1.760051008236272,-0.022620848866893424,-0.1674965932295473,-0.00833345688736688,0.5949881006065866,0.024169119927080623,-0.30453141930778116,0.10709245928297295,1.2830466161810155,-0.007564785301441864,-0.2710388303081907
-0.28262982708095313,-0.6359161361598398,-0.3268138053242902,-0.49433758880171674,-0.3479520619296653,-1.0758168682877027,-0.4356326869349687,-0.7080122741293525,-1.5520021526656624,-0.8621989520921859,-1.8563883236181358,-1.4317607228258658
-0.6964971610937187,1.8573691723449766,-1.3876539192394652,-0.8454586498003711,-1.2351866168410486,0.07052478802968573,-0.7850049266841147,-1.1871820539037115,-1.1662489766635267,-0.023613031564279824,-1.6096738158246038,-2.487558675629549
1.9708233618456623,0.4467906530871018,1.2193643165931802,-0.6099624521223475,0.35572208410885225,0.4503528285496651,0.32201401250748013,-0.7882900366740099,-0.23984920125622597,1.5009589478392573,-0.3388271041339396,-0.3749006385858687
0.11720198104489207,-1.2980524335989423,0.8097277588254044,0.3052358644543315,0.7543142661617942,-0.25591726312203905,0.8914179521610431,0.4472623505395604,1.0543207464234159,-0.1678450974086876,1.1777960109006327,0.8254749944409495
-0.046079036394523716,0.37515262454365517,-0.5418721865527659,-0.12013512702963153,-0.4785696900380466,-0.24508144306453328,-0.5087110508824303,-0.26909457681452165,-0.8944968216779563,-0.1638459088746794,-0.7609027269673843,-1.1379254931574128
-0.6638101721710268,1.1547787671228653,0.3875543586887611,-0.7434922300373793,0.6087441482340891,0.20127377048825107,0.24777393354585825,-0.8966887930491674,-0.31313922834851493,1.7636514233539091,-0.5181378715102116,-0.39879705664547355
-0.07060002815479645,0.3823893258890147,-0.18632200720473222,-0.14919550034171206,-0.17426534983519792,0.22162761673648504,-0.2589159661122539,-0.26151410971866806,-0.2840483563669976,0.24890529946615444,-0.4692188511061406,-1.2429572016477572
0.15652720303019949,-0.49398959511172413,-0.7874184617778937,0.014925525748127083,-0.7836868415857047,-1.1869594250720468,-0.802806954595169,-0.1115157301280381,-1.7667601424351764,-0.8430055415666919,-1.9656955930273645,-1.2759058069260838
-0.3910480762691847,2.385064689740038,-1.2959669188471838,-0.606868311867887,-0.8533007127842622,0.40565030069360714,-0.9999733642236563,-0.8647481127532779,-0.8437437929447053,0.1374887670032534,-1.3334001827812623,-2.3018090268136135
-0.15747808365259625,-0.5935384157214442,0.5060172384308766,-0.31396742071291533,0.9407416114801554,-0.13704422239001726,1.0539022962618532,-0.5951965987300445,-0.11785587161260713,-0.0046893528025754045,-0.0033563115807644928,-0.5732137498579604
-1.069577429118897,0.14304170594068522,0.8038250596266157,-0.9944286579987016,1.0484710889189404,1.3507234582415506,1.476894701035326,-1.2117908706041096,1.4463870914568338,0.7667591925442504,0.4435303477519565,-0.28571886959998477
1.073423734952995,-1.2601411583020037,-0.7150463417801338,0.9373316361932329,-0.6696358334737539,-0.46498239545630105,-0.7402843067749381,0.5106491160577642,-0.4200594808180778,-1.792375913562477,-0.1543405920173944,1.1265090638722313
0.7415313762405369,-0.10326184953631495,-1.1544808368972537,0.6758549003886911,-0.871953627271809,-0.8367153236877386,-1.1192336211330653,1.323784275692866,-0.7828359300644435,-0.9541460959304382,-0.4570423186468868,0.03578185357592305
-2.231872439356757,0.6603898328778903,0.8797300194851064,1.1690818594277013,0.9993198634304676,0.9128970500661266,1.4902991576782867,1.0501083432181526,1.7441084492203496,1.5742560419681286,1.3817710123118443,1.40422185884906
-0.5179789437834823,-1.4393223701761408,0.5652198577139707,-1.0451616362181053,0.7682066170451646,-0.499894578861146,0.4912511420930743,-1.1921284479745093,-1.2056415253213697,-0.43080755352218136,-1.1476197946454398,-1.2701925140604726
-0.5415607056095255,-0.5500919483703101,-1.2631895502443646,-0.7206128732539633,-0.7911301239454259,-0.7629163266223887,-1.019857515573871,-0.9976914685431622,-1.015850952503444,-1.1799306036458008,-1.991371509716021,-1.5405954431936086
1.0207538906359974,-0.5944467056664531,-1.2507213078891786,0.33100027110255825,-0.9225617032761576,-0.7950210123056805,-1.0371841929250452,0.4161408243024082,-0.7551252622435546,-1.2733882119037405,-0.6479518184634602,-0.05588693386339915
2.5908872103154255,-2.1771708852234535,0.8831671953262566,-0.7072240082072321,0.622576260770433,-0.5104964320383314,1.0911637136614152,-0.8502641690422843,-0.6849327212591657,-0.32083274763431746,-0.5752964746914317,-0.9838357124391208
-1.4776385745361933,-1.1838979142890858,-1.642790774880273,-0.24784059749349857,-1.1405033101260795,0.006963894925875319,-0.744597835673827,-0.4657956193564577,-0.9240732614451689,-2.277020702285574,-1.194906739861903,-0.9076044489559925
0.5440840498269638,-0.7237553685991813,0.24489472060995482,0.3008903476567432,0.19543138005285648,-0.4406713462789536,0.2819154049018942,0.3293404539094299,-0.08115557778069404,-0.3120129556790921,0.18419521030452274,-0.007870645591503383
-0.7444014818748731,-0.9147747346490096,0.22572970595007016,-1.2419586376753404,-0.036889640161513526,-0.5592285590215627,0.047116057624291705,-0.9790806157024635,-1.5797586577437959,-0.478997457002098,-1.5421213061720087,-1.6025286562896979
-0.993034589813958,0.2540932677327325,-0.31757831817992777,-1.1184707275350483,-0.3200761895874067,-0.19373460808462545,-0.40487322561159456,-0.6976529681718248,-0.9948594888220035,-0.11552906189135184,-1.0063798763694605,-1.285113178884939
1.9868290973283078,-0.7789984969562761,0.16913410045286106,-0.5385729847887697,0.010019039171786162,-0.6004350751682914,0.02309646956707631,-0.6386619366860949,-1.00499602718712,-0.3980095111642816,-1.1169554755630184,-1.348086574290881
1.0772456026607218,-0.7664090715809809,-0.005057533505428833,0.2942679460204924,-0.07047146412022703,-0.7062461531560853,-0.1022351643993757,0.6178559561129042,-0.2441318417234498,-0.6355209228390228,0.1539800771431298,0.22911753184394612
-0.06580486490319946,1.9145655289242018,0.612960681270225,-0.2849328320828176,0.8218868550918391,0.7329522355724121,0.59323765966709,-0.5102093447846369,0.1310176815485313,1.491478412212378,0.17765306474126674,0.12121885791016536
0.6034962144844344,-0.2772901627760757,-1.458917428236688,1.3683126564830075,-1.146421889298042,-0.7407489903957516,-1.070062689324595,0.2415441678830141,-1.026549858600495,-1.0821180680177567,-0.9063649090626208,-0.50885598972231
1.2369651130355677,-0.5413268338637436,-0.2478613614992817,0.4299966114821597,-0.25358012273884206,-0.8426369871700832,-0.3718379861665411,0.7898146914953965,-0.6298285165611203,-0.6896227737299867,-0.11685820237551775,-0.015611143336577787
1.7801571850124016,1.2518984622320046,-0.32849372196525073,-0.32945960835363713,-0.3561471514487683,0.879368324762773,-0.4492769529125339,-0.5718414523005872,0.04300738263071481,0.35509909057563394,-0.5151465083176721,-1.6773193045749324
1.626793429152946,0.11662060221034448,0.16648851065516845,0.029187173006126846,0.30207362490149603,-0.007734229659868197,0.5158073079636908,-0.054161028141751985,0.058071117703528595,0.0861328847660433,0.07475429737580729,-0.23417090608063007
-0.08252904213604782,-1.101646784376465,-0.4865037110350679,-0.20406372068937645,-0.42374095092973096,-0.7761838392563124,-0.5954576026758511,-0.37149477347691373,-1.5250610718385156,-0.8277473255045834,-1.1874809777143467,-0.9850524324904447
1.0924019337517592,1.8461887994255453,-1.1386773189382708,1.2571395802184286,-0.7009198806262726,0.03406991921060966,-0.6869767769326613,0.7402056237363159,0.1926023638589899,0.08339024091913738,0.5148599161065612,-0.14521739117211546
-0.11796192817135873,0.35146791076466527,0.6800567737526715,-0.1660904631818115,0.5683549383353563,0.5230814281654583,0.24704960880898705,-0.28535162207788006,0.7037238962519545,1.3746202086873698,0.11583401344436255,-0.03529013873660073
-0.20639498251548383,2.410842529121447,0.017030537570365486,-0.4266801039077104,-0.19119374536363976,1.0618253503796644,-0.25999487720454895,-0.5464613810656846,0.3534837674716606,0.8364395896208069,-0.2593712845108804,-1.3547970808210053
1.7677361565314944,1.1918553411550317,-1.2868883299888965,-0.313400941708417,-1.0674718657101765,-0.19443164818154132,-0.8189608604159542,-0.442678084586298,-0.7993385630673882,-0.11424576514677653,-1.619148818068766,-2.1012199832202096
0.9496221653717799,1.7885149556381132,-0.425783913193642,1.405232342134353,-0.40410504787926294,1.231204625450104,-0.45293075996981547,0.5275225504368113,1.1857439581892442,0.5897690769972821,1.9366455393290738,0.18722135661925496
-2.924736729548773,0.6065680051373589,1.309743256693567,0.7405649495601194,0.5008526184134289,0.2282760296966338,0.3961481052875472,0.5552097360714552,0.42933787349278285,1.7728415845515533,1.2160082435774058,1.4247813477974731
1.5787829341934225,1.3211919347660792,-0.2692333277023604,0.056331361466083925,-0.317721059007104,0.3878321593006203,-0.4766099228973537,0.012069314349536064,0.16534267587086324,0.7540673338060383,0.014351151803043985,-0.708990752588046
0.13249979806384365,1.0553653147862767,-0.6908697782262796,-0.11788876965235418,-0.7460158705182991,-0.005262977512457717,-0.8602892189018464,-0.17960582323846475,-0.875454135377795,0.1911588254128628,-1.0114447353286329,-1.560844711890785
-2.5478514848570977,-0.3120297722021889,-1.075841712165734,1.1434345776835864,-0.9021705657071385,-1.2062542183321374,-0.9113689773760637,0.3427805944892341,-1.5367938579060394,-0.890433160166521,-1.0467429278731193,-0.36789937388448934
-2.0512479286911995,-0.09542034488498166,-0.32207194801045885,0.822959476642699,-0.34984858507739514,-0.34659730249968446,-0.6439520956435183,0.9423930857372315,0.46983693372630225,-0.26005364317101815,0.3392971100802824,0.035241298422342915
0.14926099296878642,-1.1520830950788332,-1.159708344820516,0.3948609950084295,-1.0177435077758952,0.05793414478160074,-0.8827270484896341,0.5082671547956382,0.20957839949583812,-2.0951971271628853,0.13209042441994245,0.991493222814497
0.09546975976716904,-0.44657932790583066,0.28778799226868407,0.06484588999931398,0.2505031799118157,-0.12074463527810159,0.4677278501076058,-0.011674433599813058,0.3858258618004781,-0.10592317625596996,0.3516222589471029,-0.43847338487470605
0.6943976481600548,-0.06357507496543277,0.31353276763188626,1.39708868187576,0.41937572251734034,0.5738082789995096,0.505990646853958,0.5637491858023368,1.6017372018077942,0.2945834841490964,1.9765884140423584,0.6782974303737389
0.4983450711601816,0.45769935187306443,0.5590765851278149,0.9987560896973423,0.38846454761245547,0.805151257025633,0.6079176300401653,0.6769555057638871,1.0891035948764571,1.188079602020064,2.8617435019734674,2.3009570508270527
-0.7363391830328588,-0.15945884919078002,-2.211650981511464,-1.2452812515241398,-0.815463209742022,-0.7208549564072736,-1.098738404658818,-0.9791351792718201,-1.522852813264506,-0.8159728538018856,-1.4876077748886651,-1.3696520885232157
-1.199954539182185,-1.2212800454832766,0.9987997054069041,-0.8666851498712168,0.561915814337941,0.003276148048412239,1.1834251165765095,-1.2530917300600206,-0.12591221684616818,-0.03275735123745607,-0.14666508180343346,-0.8228728730096606
-0.5129267750879472,0.954223230405502,0.34867542622881204,-1.0124572058153518,0.5851415262603817,0.7631436095924833,0.5374491159683895,-0.7699551949519904,0.23606902727075535,1.4226605013878153,-0.04574712964435772,-0.15987605194203
0.11846782000094674,1.2168366590137514,0.09828356042837445,0.3044600720868219,0.13405998844244207,0.8066391186756124,-0.04465037172686122,0.7904477145175097,0.7166187087768732,0.49509222370225864,1.8862954517824495,0.5647070945997846
0.5935669342099049,-1.478285239346277,-0.1848020565524379,1.1329546158119235,-0.1369959679030164,-0.7961958424443726,-0.2470011660912133,1.4814194586895748,-0.4090228383275406,-0.8276396065797705,0.04102515701146761,0.2944178697561105
1.380339812125086,0.9163421297902005,0.015596563546729834,0.247245062181091,0.17754970957191418,0.26096730302529847,0.40530845452527187,0.17546445792352822,1.2548612314854193,0.4057844173125871,1.1908996216814256,0.36341501291049716
0.6382217272315108,-0.6891690368179365,0.8733276590592076,0.9314009471624178,1.1142622080396725,0.634062918563947,0.36871817615719094,0.8931106303977553,1.284704066382975,0.2546830577138442,2.155630191759232,0.7517343088382429
-0.5203551430125605,0.2214265656676885,-0.09198084916860658,-0.6948265818895899,0.045909716774542225,0.4404750035196743,0.18720416711731308,-0.7294941235252773,-0.10125981554327404,0.14678569230752117,-0.4123019352653538,-1.9191426002125773
0.38491774421146846,0.9156668562213162,-0.40370949781896165,1.1235755343419034,-0.4258018822477241,0.24585538495142958,-0.4729576416954158,0.9998267190357639,1.0156580667246042,0.5198428063968583,0.6772916015821632,0.19648608500971318
-2.4314571971135246,-0.1587709415545598,0.3233391262615382,0.8806482154374252,0.15117985422251803,0.9373497789289629,0.2522854160214778,1.5771169906447344,1.1836370283493385,0.47000568423155387,1.0212983822128496,0.17386668677529737
0.6382382366022306,-0.6470653215890078,0.10647796792869346,0.3260549579657625,0.1585507138735208,-0.4489676706924587,0.41247518163251407,0.14489334791396824,0.27156471304706414,-0.36524504922334544,0.5589776514376442,0.31217280649609225
1.6390316964168787,1.2769018758454986,0.8647444726588271,-0.021697640780596453,0.3423010620374617,0.18328175769140112,0.19989968970970234,-0.07764616629485013,0.14769135332254327,1.99472035327297,0.06507069123256774,0.4939795371732138
-0.5894400816673442,-0.9891449033713211,-0.7567859920027441,-0.8372484504031986,-0.5785782099065135,-0.7309764722508925,-0.7288034630966082,-1.1028032283205447,-0.9993765364817816,-1.178700474908204,-1.361850981332192,-1.0893574218002093
-0.04005857138709952,1.4413178445895003,0.40225020357521013,-0.18230556143922594,0.4078174922085033,0.33781021650072296,0.2168794704801324,-0.35609556252415886,-0.04553019124757042,0.5767772618165276,-0.09657575044262665,-0.6956413860107199
-0.9910704005562758,-2.1456189357779456,-0.6475598213451926,-0.9542012366497272,-0.7433221671137182,-0.8360057232852853,-0.9802501907739607,-1.22322959932942,-1.1344852972787247,-1.5658831199984238,-2.864865931295042,-1.348986887411309
-0.04815160598092114,-1.6082792683722844,0.7572737590918687,-0.03992455595103796,0.7101694734074526,-0.49160154935613104,0.46564475378825904,-0.12546981681757993,-0.3641126037478978,-0.3166941690879389,-0.1574439806641493,-0.4924299811431753
0.9630389783221791,-1.2249881725649734,-0.17714865394502127,0.5503490803898484,-0.2121746562718415,-0.9036470394881742,-0.2820675168452361,1.0933554876909304,-0.4299250475116123,-1.0066192545392734,-0.027746422008569707,0.2687125650889034
0.6922485141728828,1.00670985348666,0.4560472604318565,1.0226284986307965,0.700737052818909,0.9229223372322276,0.5683815067766995,1.394946036283384,1.1642086063084207,0.8661672876649029,1.4634892170444191,0.8753166365853161
0.7248030382746045,-0.09635292559023777,-2.247810652077489,1.3546827853244685,-0.8315386466346861,-0.8165914591155334,-1.0878891583140458,0.701721034944376,-0.8614491317218171,-1.2695322112344187,-0.4813726115537581,0.42432831685729333
-1.1240263156896477,-0.2282681430985769,0.06800401242743502,-0.998713061943106,-0.18383808010482305,-0.13223923955566108,-0.25687416897178605,-1.1154979405278234,-0.992023879571952,-0.08491270880722379,-0.9436452837368751,-1.2872083506351197
0.1481742099654188,-0.5353395040732875,-0.014369026839355148,0.22738846392708909,-0.006633164419664538,-0.6369573466617725,0.021876822514610046,0.08763052525622056,-0.6079373227982564,-0.4432879158709086,-0.2769268641002106,-0.39788949575631455
0.5853105011593432,-0.23970405027008146,2.3468616101864064,1.4686112646473974,0.4090833631049142,1.1828284052005664,0.39717747354690525,0.5487080604939604,1.856844865946189,0.8603782296502617,2.4532230896826768,1.2897231136033196
-0.4453071401154997,-0.8498943753695899,-1.5832785527552093,-0.6614885979243004,-1.0664940807165835,0.04061534333108269,-1.226877380795199,-1.1396152531165853,-0.7403401769127227,-2.059580516526462,-1.6840688031842916,-0.9152308494674283
0.957654001744653,-1.062237850773416,-0.28356649382339083,1.2400874805114217,-0.28647290907268347,-1.0508638543402204,-0.3559267184241172,0.9708687271101053,-0.392356655199305,-0.914912639142988,0.17287226364059335,0.834784417010074
0.6916018021870278,0.825400256741337,1.412326958238822,1.3105051252651236,1.523946909858881,-0.36220823433844407,0.294960661350253,0.5575611263807143,1.0188337002186,2.3433681840975327,0.9422199021958924,2.276962789291918
-0.42512329181443353,-0.6385590448670495,0.539405516242969,-0.6055661118690625,0.547929317264836,-0.17067434100225423,0.4434684018970938,-1.021001384301308,-0.6979180166751685,0.008994818036990464,-0.6017351590096253,-0.8379783348546614
-0.24646824984635926,-0.2972393459850459,0.3818807577735456,-0.41530031338279116,0.4511613103756651,-0.1479028714234953,0.24928918920392196,-0.5742108081441157,-0.4726114881232152,-0.100100279101108,-0.5702635613956117,-0.8823204089561532
-1.3376884780620188,-0.9015822702539037,-0.23542481940365625,-0.5413000426633072,-0.21953631305076426,-1.2514640153491954,-0.25622564660283853,-0.8776633042077189,-1.538751807395268,-1.007150346537235,-1.293554923906965,-0.8724211989130217
0.38930263882020716,0.32419484137418514,-1.4350056695118842,0.18981826879901637,-0.9902866897080523,-1.0500627212208875,-0.7600604826846669,0.532481861620753,-1.1793832817298533,-0.7231205920070367,-0.5176833330695518,-0.26201343806411875
-1.668876945044952,0.10774842595071282,-1.465205340715276,0.140264485053444,-0.7445426788619862,-1.0906891467920086,-1.028065483753409,0.21646684058612553,-1.527734806722742,-0.8080509345656112,-0.804823296485265,-0.5309042215822111
1.9747983160345526,-0.353323103663433,0.2371784474581533,-0.6644014183843642,-0.020661673521456786,0.04755290485587163,-0.09574150025406893,-1.0642272391053047,-0.7209696023597771,-0.038878454367028886,-0.7885276794464765,-1.321714244769669
-0.2800853531791828,-1.1937966751505977,0.157003542282381,-0.581856482141165,0.27028596357026585,-0.9719387101455106,0.09490164880561242,-0.6747805896983071,-1.3662238006302958,-0.6926681378573116,-1.6605927264628464,-1.3463687817645655
-1.0401037900446906,0.5628504269880426,2.0726612217398928,-0.9108228202740523,0.8671848221205002,0.5561230596946947,0.450338277797251,-1.0458787356984516,-0.0256767566178897,0.9833725596201773,-0.29174612841857306,-0.5755196276875327
1.2215786801783848,-0.10027829067864558,0.2235894854007387,0.23906840654373457,0.3765023327093951,0.34701012592777547,0.39594560093536635,0.31048368620187683,0.21883859041203535,0.16121436647876328,0.656631514464109,-0.02709585480994859
1.3403459233466282,-0.5863914089727357,0.3856922635357348,0.6329749318140685,0.37731783657443113,-0.04029111158583692,0.8703756700810562,0.515335121396656,0.8941040526704284,0.027894346513451823,0.8231377015895893,0.4784649948430748
-0.6577185696197109,0.11216061695981416,-1.2598453380638286,-1.120952053314797,-0.7242499772591261,-0.785465873447041,-1.0467485075652962,-1.1189333524508216,-1.0318716669084464,-0.9691536456132256,-2.45935282592518,-2.044864725098144
1.0372278392428018,0.15801902321100036,1.0773218032287601,1.3781584360243107,0.8505174300081161,0.1014135417532398,0.6201259950216619,0.9360572637913653,1.0548173750044232,0.32960136753618574,1.020759767656599,0.651330457199851
0.40743247882736133,0.9559953891962781,-0.08915121528816698,0.4812321499503986,-0.13382601591885052,0.28080828532126745,-0.20422782587058996,0.8061723154376128,1.432189299463727,0.3406251102117893,1.5114456129309248,0.5960718262936582
-1.066223803066375,1.242157816279651,-0.276308549276591,-1.0783465760877404,-0.276574950383128,1.0369013846186115,-0.3545489542727202,-0.8695642576851366,-0.1426867136775445,0.5083417134035962,-0.6733925262575308,-2.3442240739340203
-0.06354555175660537,-0.6092350345083601,0.5374550596473338,-0.1310001512221201,0.6986214979754481,-0.12320254251236873,0.5630149892018709,-0.31985510224950636,-0.05723739336289824,0.012298905374238327,-0.0958521735747627,-0.5619079766226376
-0.7723948639404844,1.6854644694167988,0.6632397810014838,-0.7403197852394937,0.8613556131766167,1.154074802547994,1.0105395030149882,-0.7615232370216458,0.5249205562509391,0.7636231820131643,0.28947940972911623,-0.3898087738367753
-1.95347148211941,1.7002235268027925,1.3326433458857814,0.42655333790936,1.0181776627294288,0.4379213744377984,0.7810485162097893,1.1934634108869933,0.5587167222110658,1.8551207639551344,1.5803347447125973,1.9368725105761933
1.536202706118646,2.440224929188431,-0.15815699728215016,0.23295542066984926,-0.14574553041509186,0.9747632692238575,-0.23819317115020056,0.565096592008551,1.901254798436264,0.6564021133244177,1.1106508915671887,0.1750529969372639
1.5702447108706354,0.31218402584453264,2.9088500628380474,-0.05649304266280327,0.008329333623164167,0.6286279259123876,0.14801695495065964,-0.05371240452888504,0.8640273002977673,1.424580528219242,0.7923272180488323,0.6098615973849592
-1.2575876497253433,-1.9113074961809469,1.5936112767739652,-0.6361970668840803,0.8487264648612879,-0.025506619146132628,0.5172523701562898,-0.753907303816233,-0.4046942886313102,0.009082059077939755,-0.5308476710574674,-1.3321179961850942
0.5603362146160218,0.38964509241250667,-1.2907540539864797,0.7999342501756095,-0.8128911370991441,-0.8024004427100566,-0.7333329920920261,0.8279306345360729,-0.4507513499492091,-0.6482988831729803,-0.12125482824088578,0.023885772797889747
-0.5570457609198587,-0.1290280495414551,-0.6481725192054748,-0.879060557213762,-0.6949523768096009,-0.6733639299497982,-0.7867574801972624,-1.0789974308180192,-1.0233048729422312,-0.7180000210594328,-2.0337344012695304,-1.8916199412636663
0.6120178857464571,1.2590120934826938,2.214356802417229,0.48893145166699686,0.8578358528270209,0.34803624700330094,0.9873781945840345,0.5495090188360305,1.3390553531972937,1.9944819923805448,1.6439463740202225,2.267418585729392
-0.5191498023938684,-0.09186584703303771,0.11039530285031345,-1.0469393900798263,0.016994427409850604,0.06340861111002509,-0.0698562099236306,-0.7769351392240638,-0.6876773238523652,0.005842809563763724,-0.9702953111782274,-1.7842202748624836
-1.256887390762802,-0.6921558056255506,1.002895966758407,-0.7482343436867086,1.2539822479760863,0.6097783026482475,0.8703808574333415,-0.9767560091712825,0.4452526364654476,0.5953069455264304,0.1757290756799078,-0.8447528446764397
-1.498613482890699,1.8465905771934628,0.35896834304553166,-0.21100733951778916,0.4108922589301525,0.6435214665999557,0.9357515567975734,-0.36398202508993055,0.7553075040066378,1.4208694965218582,0.2673930202233842,0.18112345000128693
1.393191712064073,0.26677416504357504,0.1801320175545903,0.6443619865393926,0.13990875495683078,0.12481729154998215,0.5273401607215107,0.9516850068437102,0.7993717843385729,0.1797181451857276,1.3971182282283472,0.8352999875768313
0.240547255763471,-0.503411753128807,-0.963024141118682,0.25231351516589184,-1.0175238547935224,-0.8151107028235747,-1.2236543548651244,0.7666931577104632,-0.6717891835317458,-1.3089961152894012,-0.40020031024019886,0.08544624230666886
-0.7035270952977862,-0.6721494820849638,0.8440203164182756,-0.8289732726303772,0.4728681029878165,-0.08794103408421135,0.5550719705388913,-0.8198572478159994,-0.49673299594837483,-0.061117346138688314,-0.6701089594675398,-1.4855814415432165
1.092611665697104,1.7609909678467945,0.3934985324900607,1.0742671177420302,0.6387263995624686,1.2299596623895757,0.988530439043253,0.9835566376532989,1.4209130529626472,1.4839092555784879,1.178130250900989,1.1288223336159096
-0.13675611431911266,1.9894516016262678,-2.0706893452173967,-0.2600546638259823,-0.6961690964634623,-0.29226939751462794,-0.643959672733483,-0.4457989118417932,-0.7150703606048792,-0.2036889954008684,-1.044964295729884,-1.2694274118442508
0.12308205576056817,-0.050043402457580204,-0.7216950225623723,0.09128553355744545,-0.6165650259177822,-0.7655162194974695,-0.6076748244960453,-0.0005001312750184811,-1.5451135759578523,-0.5267562570598038,-1.0889056649343551,-1.1207455428698083
-1.148342622711403,-0.4983154325294302,1.1304849492630025,-0.7412943934860069,0.5396461925110562,0.12851483626565116,0.9169150093779177,-0.7193157394998865,-0.15929940365104206,0.3656638083207299,-0.1228445310664049,-0.6440263574841999
-1.7622431002023498,0.13638146509961385,1.9854281824687965,0.14605378874071878,1.367064288887299,0.38664870656702655,1.1853260356748345,-0.013945129739881684,0.8123301164263029,0.8774457451398107,1.3195567997841948,0.76623016161761
-0.13132943252270227,0.34389344118273363,-0.1701168989750798,-0.25021946036680304,-0.17216951006094977,0.3844339731056108,-0.23690256619285316,-0.4598902863673873,-0.3319095305197769,0.21879154609524545,-0.6460353447590478,-1.8285148070735255
-0.6868483139586401,-0.7836962190304592,-0.6930763372898892,-0.787285124805481,-0.7267119043811526,-0.7422598571130548,-0.6973146163817172,-1.143222407246448,-1.2965544463025471,-0.9281206521213732,-2.608064673897109,-2.1891079080033156
-0.9237764585599866,-0.08855048551555615,-0.4867261065402958,-0.9428094480260624,-0.53393434592705,-0.5996472248064437,-0.5447195694581058,-1.2532522119778275,-1.4254172555148021,-0.4302325188091393,-2.0557745720751406,-2.2265193554094993
-1.0303036386339535,-0.498888433001928,0.17501689870330092,-0.7172835398342297,0.2527612752480647,-0.19742815968604144,0.4624735274811431,-0.7174712822804669,-0.5008550836987606,-0.1432235756293598,-0.5761694093514603,-1.0683223590279387
0.8498268265277399,-0.4559241621206969,0.6927920651579577,1.290168429313853,0.23324702723276824,0.2579371647428941,0.577008879160823,0.6133617099778651,1.2671833652709388,0.36141177951497905,2.2847911689609335,1.397820787781573
1.4769667141875522,-0.6718601457296355,-1.042561974028453,0.42635120280829003,-0.6743605685952027,-1.164669574834193,-0.6989461020488015,0.6977365255216909,-0.7379240546882314,-1.2074189632397072,-0.41279197559197434,0.11478513257502704
-2.4391369021117595,-2.4866497374611427,0.7328433154869524,0.9669384523157277,0.9496560992599681,-0.5667626369513785,1.2965286548386563,1.1913916344281665,0.6915113177689771,-0.34638689611378287,1.1233095256102896,0.8702667441530806
0.7193671341552633,-1.1979518331170547,1.770963688311526,1.1926292457579935,1.4882561144379827,0.6103123828152194,0.8340598044481289,0.9820770563275943,0.7128543197961088,0.37079534737868786,1.0919258146204862,0.4935288546591863
-0.37842141980272814,-0.677281113094102,0.9083046811138299,-0.5445878632943633,1.4758721533827182,0.5045621580716281,1.017288095694714,-1.0004635111592106,0.4727867986082891,0.18274949514942068,0.14487040073310056,-1.1705031563884802
-0.9778264431130183,0.01815725327879379,1.08999193856301,-0.8667265708639788,0.47751523521003414,1.2529615009820485,0.9435916404503454,-1.1453835784076671,1.867592369390155,0.853810323089029,0.8398290137803379,-0.464248868964388
-2.0911152561149273,-0.504599044483222,-0.29175062777059585,0.7911544746383492,-0.29956206321052525,-0.6751243732913937,-0.44884864780433303,0.5013911539828483,-0.5911874335153459,-0.7252590876838506,-0.17404239985618117,-0.0743890418232503
1.9123745162397745,0.26487441995224137,-0.06877985606716161,-0.4764609038868599,-0.12173075893135699,0.32098776240009996,-0.17673226289672167,-0.6026774975918398,-0.3804815944682869,0.09893315207594212,-0.5921434950762366,-1.3291778647936405
