X1,X2,X3,X4,X5,X6,X7,t,y,y_delta
0.3783032115820479,0.5635569476451684,-0.4578297700682261,-2.0043377166666017,0.9190357974000826,-0.5443533203361332,-1.6716373258211714,-0.4566572937167759,-1.3553178879222993,-2.0888652623324653
-0.8341731310816306,2.568337859814221,-0.1237987515924924,-0.23158622789162364,-1.056372611350398,-0.0877511180966232,-0.6236988904677723,-0.06855706108067014,-0.7960853967236559,-1.183226644320853
-1.4315550929399656,-1.2961552799167233,0.36110204987607564,-0.7321219650474372,-0.7959351274013114,-0.3574822020734051,-1.1906192783757314,-2.069878836935415,-1.443702251091879,-1.3243783325926535
0.7157296991150529,1.678420752033281,-0.2876310135361934,0.38615431154245317,0.04178183076863309,1.2596955381438286,0.5100590829249256,1.4594993267067546,0.5988211015232341,0.2105498522503991
-1.0679630968237968,0.9177667684885819,2.077252178739639,0.2411240143485985,0.43334617559607724,1.3338806857137475,0.10786167888011952,1.5763319055009362,3.1408675041019025,2.487484808117705
0.16787144251302288,0.7737487375363996,-1.4255753308240442,0.2172231168398844,0.6744258648627187,0.2544039630212847,-0.014878287174351423,0.10312560426329705,-0.12474460256714726,-1.069926484924293
-0.7218591090028708,0.7009437415344995,-0.5622990348304664,2.785101933505849,1.1114479361988587,-0.40429333311618565,0.7659736424038328,-0.2867844512292818,1.1270711304575225,0.3706062859092168
-0.7529505065597255,-0.19445467703525693,-1.0343786017406351,-0.11744983733355714,-0.37530856129515816,-0.8194004161010565,-1.0267767447404441,-1.1930473378820998,-1.3967972091947325,-1.568109205483224
-1.173603111419565,-1.8588956770389,-0.06294471135531479,-0.717698570429744,0.08055893162670454,0.12847460349923326,-0.8046942384030971,-2.3507248953953646,-1.9167975097780139,-1.5535192348232754
0.00017400827690089343,-0.5285615481242881,-0.2829658204768003,0.3522455643303903,-0.6367278814207473,-0.3719631225119805,-1.11963339636412,-0.30917752907629853,-0.740782376716766,-1.4099577619855213
-0.7700996319607868,0.07904738572380306,-0.8317216655913378,-1.3002532868623593,-0.04431762243229001,-0.4584791257927141,-0.04511551248435536,-1.9567320058833975,-3.160478472891034,-3.0345021971782122
-0.6577220760523546,0.24991128484798938,-1.6324866461254288,-0.7556355333802254,0.6791658541176172,0.2953519143734883,-0.32791360344561965,-2.5339080487561967,-2.498922192571716,-2.05011679702783
-0.24501209315875566,0.013846525052981817,0.3648939176930117,-0.001976465155602711,0.08807621428127557,0.35235884625507,0.2557599862200231,0.23590832132555858,0.6761384902455049,-0.08642901416006556
-1.704350744010398,0.4542571126400984,-0.684488643872513,0.7698470391164224,0.4310787957789471,-0.5308191133074756,-0.2688655412155636,-0.4528436836915807,0.04808204173325393,-0.592048938646496
-0.8784051721649051,-1.4262322551568802,1.338692061567526,-0.9948756664601108,-0.5134558368890173,-1.0898784645252142,-1.298549380362444,-1.0143957758211137,-0.666483752406343,-0.9130747654204382
1.1522630691436826,-0.5683172126253709,0.09441651171256524,-0.35721455848977207,-0.9357105827231605,0.0003900577375067493,-0.5460314942184961,0.2559644666451687,-0.6304173231104964,-1.221968175249886
-1.5782237039634615,-0.09523324163279344,0.24520633916963164,-1.133221124686826,-0.14398745875622948,-1.2521121926006475,-1.1809718577793984,-1.1619815096481623,-1.7996390957715178,-2.1669456020078663
-0.1234704006877937,-0.7397998206486257,0.0280623450947454,-0.5090596353626814,-0.775562447165853,-0.8145317097892812,-1.7913158773698723,-1.121182517626561,-1.909486929303417,-2.2512048027475586
-1.6438696554456511,-0.38610911495027617,0.5869862197448655,0.9484447242140954,-0.7752426436734622,0.16133942769057757,0.6499912036446643,0.07372247994386107,1.1529138098944876,0.23104128642172883
0.27022919015642044,-0.4304606989890142,0.13299479573623124,-0.4420678382731205,-0.6392407389618872,-0.5432913644297749,-1.4615559917459149,-0.4144943338819763,-0.9229427455051213,-1.4228304895507091
-0.5489571843612665,0.5928797598888093,1.2167762369139659,0.29623087174832247,0.8183641956771258,0.733296524732422,0.7722734016587895,1.6896258479327053,2.7896122601949283,2.3102854046084804
0.7300922411815429,-1.0120041017180348,-0.36868414976855274,1.4075094559954935,-0.7211340762252483,1.0317969125540114,1.6958140019812353,0.37162110287231687,0.4136145501857666,-0.4196313245988195
-1.3395656846541197,-0.04978792280080856,0.47450910687499376,-0.6432843220026678,-0.021123405075920684,-0.8096754571464274,-1.2934003566115568,-0.8589312261090002,-0.548745704163116,-0.845847019873326
0.33621046169671226,-0.07198140750445636,0.4162958016965803,0.3223588371971202,-0.19036019449895447,0.7999497443467434,0.3515004369835655,1.1739116882147833,0.8769014689126318,0.4122715201013192
0.3675510612953209,-0.16956802821161895,0.7080540368190248,1.0470937253021873,-0.29412953412150566,0.17444602678858276,1.173261037103874,1.7824329312391778,0.955107594022143,0.7155047969695472
-0.5654523428941227,-3.1492385090578456,0.021856586480293535,0.6106539620483981,0.3705893510948194,-0.4378583546514445,0.12293246846916667,-0.33581988360967513,0.5861240166702496,-0.01003503999286211
-0.2820391069152125,1.7468005896456376,-1.401355899307036,1.025012190739309,-0.08617589440598546,0.6845048337802939,0.5162932364509332,1.0496282639613614,0.2796311953175467,-0.254661670633684
-1.5188359440980403,-1.3688426415259665,0.6735603108284814,-0.13731437244892225,-0.5091115720810218,-0.8338233531306705,-1.163675518880551,-1.0470075934203131,-0.5007969895339168,-0.7537429253991828
-0.16047893944201896,0.28599219722941277,-0.4570682735637797,0.5476308057425444,0.549467796609379,0.30735132607863586,0.13672789391972884,0.3737796752810702,0.30283972257923836,-0.12075530067697232
-0.6688569058652158,1.5733076209615415,0.08047327297504127,0.3475017065557416,0.12853374054389755,1.040456593360039,1.9156739411474117,0.7818914457827326,0.957285739266502,0.296391519579597
-1.0798516426168374,-0.5974688099850424,0.5290726396792865,1.5821306176606458,-0.9775753117745108,0.15078896897897143,0.35829238983288747,0.2563610896282029,0.8145526510613041,0.20741354135444287
1.115502178842174,-1.4964370439319639,-0.5437802180309418,0.08429822359636768,-0.3784465163857911,-0.758003702752144,-1.7248815256188599,-0.6478803806045738,-1.288556319203337,-1.8340482121548105
0.313799090386808,-0.7306889064838749,0.172703420334439,-0.2206309139582174,-0.7840762059021091,-0.4090740390256069,-0.7809459836976469,-0.36176882228399104,-0.7954180232065678,-1.3181769752601418
-1.0368296591698505,0.008258094328701187,-0.5470551876150843,0.08852555743958537,0.08913558117773224,-0.9465178363815733,-1.7526992074937087,-1.3139089878232184,-0.9650049373610285,-1.1270350398953466
-0.2237796326999341,0.26213358459091785,-0.9795194202056188,0.17179670220543408,0.664810177734658,-0.5637332192897205,-0.8487786408677639,-0.5232702071758509,-0.4619255296711171,-0.8647025321594706
0.5064528713421406,-0.0825330349693816,-0.42197694178018635,-1.046085598839085,-0.14584201254375953,-0.8140087452977482,-1.6827398030849037,-0.7480637838822931,-1.2893526961740849,-1.5899295818508496
0.5774688381886608,0.1739532173769359,-1.470455258762006,0.470495297539659,0.443602903969,0.02319756141430181,-0.25187287007004044,0.016383802867257782,-0.25041147353063686,-1.1081810670947254
-0.3580075492608217,0.005253572213382528,-0.3581602268668722,0.4205479380931619,0.04859921693168396,-0.18567201709555783,-0.20227466750374223,-0.12900499747277874,-0.08093857489877584,-0.5918052881894454
-0.01777751579578271,-1.0453367098105744,-2.551860345417369,0.27784235151469494,-1.1707036391807175,-1.12560011420706,-1.0969452066048209,-0.8430807991186607,-1.2196248889177115,-1.4672950571932375
0.6155535309697256,-1.0883257520602607,-0.05128024227420502,-1.303220621632026,-1.111720771588458,-1.1481079379724863,-0.9894751770948798,-1.0287665429382553,-2.844683136511056,-3.251841458561925
-1.6576356527021658,-0.776299100793512,-0.9654873579992176,-0.2217533846670412,-1.2440801574452423,0.8271255337464376,-0.16353707258608663,-2.971792802689697,-2.1638942049199295,-1.7531208880562075
-0.1916195360717538,-2.461583309537713,-2.145269159025569,-0.12097442561482194,1.0945675234924708,-1.178135078349273,-1.105639403639066,-1.4067124202082857,-0.8360066748369249,-0.9496387471255159
0.13655844326365404,-0.26226681485019127,-1.489060229925012,-0.6844406754572333,-0.40866369831724747,-0.8204338269356085,-0.6889390066251975,-1.194980865093858,-2.5735275231893304,-2.8304032428084773
0.19783662925800072,0.23661546299644412,1.639487013906052,0.1671753547191456,0.5869571950057647,0.5538166023923716,1.723493904527422,0.8683369271495354,2.05770574935356,1.4202817376083314
-0.29948009277222815,0.184697239539919,-0.023718334437750656,-2.194007159359387,0.4175816448692206,-0.7414563917971108,-1.5448633641320124,-0.6573610220585708,-0.843907891403943,-1.160269018583637
2.272613681659854,-0.6851684360357995,0.610236093019339,1.7781274577191908,-1.1705569652026733,0.7383527166859933,0.8293968394264848,1.8314769438964351,1.323090889635424,0.9951845907713751
0.14901820894668774,0.06899887934320988,-2.0055307066022623,1.3708185131195674,-0.006990756724254699,0.19163270821209427,0.052018805203472185,0.22729366474040338,0.06515235139076225,-0.5186710107590169
0.3779374529082743,0.2198259264389039,1.0217662478393843,-0.28609870521076625,0.648367629423735,0.7654990709441679,0.6901794904262246,1.2522981770610602,2.51702226339085,1.736597578441489
0.8759384958146864,0.44962079750059786,-1.9074229887780112,2.2471358366763856,0.6961509514758591,0.7759199203283522,1.4341517172562712,0.4984705383187149,0.4328774531101699,-0.005195566233763965
0.8300797764100942,-1.225887807630335,0.997737042316647,-0.8213486437923748,-0.9406146098842547,-0.2685108450646675,-0.6782897241292867,-0.20668010633647474,-0.7406057656755656,-1.5632608204404925
-0.26775508223613065,-1.7112441795353872,-0.8533749934826053,2.4181319316085657,-0.09654562849557083,-1.116344153625226,-1.3715400867285379,-1.0075907375293787,-0.44998799316117694,-0.6762625016937199
-0.08235394146839477,1.3114041951303261,0.397241560855843,-0.7962979509299785,0.5735558716084339,0.009137524863156637,0.9506893136525902,0.21433763342536138,0.5684092353379862,-0.3399769436271507
-0.8072983414536989,-1.4448077824767755,0.6068042828303141,0.5636963136543343,-0.4357884111347331,-0.5073515016848826,0.3711611228726076,-0.4295681525088879,0.5215784263550087,-0.16617669818260145
-0.40898012675892836,-1.9853024128875978,0.28828508530650004,-1.4990495408223588,0.495691345744581,0.275272402760415,-0.8558004679190429,-2.503893409716568,-1.2909339999810445,-0.9389014691637434
-0.3721736678038561,-0.11635601467010219,-0.13604024725672897,-0.4208884974191346,-0.22776884714611298,-1.1234937378216008,-1.9577659084607253,-0.8384318872306805,-1.5289470668578773,-2.0892547162949477
-1.0012056168243761,0.8983847480698335,-0.5783055061056689,-0.33340573243319016,0.8053115399385135,-0.7204207402482226,-1.6464808921485514,-0.9287055536027091,-0.983917550756968,-1.508950132619757
-0.9072557150709734,1.7391286533477228,0.1695246575961285,1.3123258093577366,-0.14087428620708103,0.3815428723874208,0.4357559920788151,1.7568190179934433,1.8032351675957272,1.380755057388211
-1.1189340385428879,0.5667237075291373,1.29183919982767,-0.2686460223623447,0.7238282561784783,0.22121586466982404,1.5619498988168632,0.15509078352214054,1.6521688661347356,0.8674755896282104
-0.003314658201090668,-1.2075944507333278,1.548390252643261,0.44754192020540584,-0.8139608619213389,0.22281256040680517,1.362101487589945,0.22521977954862774,0.812055453442671,0.20113697812121425
0.15120002724728218,-0.609412054919154,-0.867521871137197,-0.8539828429086366,-0.7358279905811691,-0.6485001594211101,-0.9737473513970162,-1.888998399572586,-2.3172748062027684,-2.2628281766115093
-0.7346646296919814,0.48993360776570966,-0.05288817952085687,-1.7647374505339988,1.0140356059916986,-0.9705017757419876,-1.076676005599739,-1.0554154753021097,-0.8383212960926161,-1.0867316658257897
0.15997774634144782,-0.6313666876887913,-0.22392013309407965,0.2128695164102476,-0.7655352832088502,-0.38208055252382506,-0.7586058160681908,-0.32757688238187543,-0.8414434625375103,-1.4290425092136014
0.6929942220899638,-0.4919527490533215,1.3347678224784782,2.2392394175065338,-0.7164569788839863,0.8045221367630079,0.3196566109017163,1.7253289085551917,3.050223535508906,2.475578275795784
2.2923082675099336,-0.3586833719019793,-0.44596747535466796,-1.7289738698869754,-0.5134506437618109,-0.6804378875281094,-0.918951534708575,-0.7672425594912484,-2.2195086743518893,-2.635746972834327
-1.920546473763619,-0.9298394968412877,0.2963653973457688,-0.48265573579514387,-1.0796553949013477,0.05547578870830511,-0.9910614787086507,-2.472273081110819,-2.034271175850972,-1.6595130993590974
1.3142875572638484,1.5934050041946515,-0.07873171988792962,1.2472894806196118,0.2821239186777017,-0.8894332874076623,0.12646999833921174,4.01834678411765,1.90485356224294,2.630765274150883
0.7391750248891299,-0.7041538843731252,0.13824707064703567,0.8835559701389456,-0.9460129164178741,1.424044030996286,1.8176076879126726,0.8076111211454206,0.8888450111796304,0.04775277262672472
0.6167264296225765,-0.8891628677252363,-0.26904635045423314,-1.989535838937346,-0.7854514848703852,-0.7630356822432905,-1.5907623283961176,-0.99870425306587,-1.6748175247713262,-1.890637755023902
-1.752151138425573,0.45032800398875333,-0.6281125874566595,-0.033619446008104584,0.8006722782800221,-0.885950420193362,-1.6113795726714903,-1.4515491230510633,-0.9247968192099884,-1.079744583763039
0.11270630104356344,-0.6022944650901522,-1.0627377253394787,0.6766488660636821,-1.0167703909108285,-0.6607539280098796,-1.4463888459024705,-0.5343248150384071,-1.7781467008788514,-2.4688404312275054
0.2959170295356119,0.5902422309512677,2.2968237241721363,-0.5044060415233655,0.5746679403605359,0.6040224441574306,0.7986606622551141,0.9084675935571163,0.7015101379267743,0.31265825373961365
0.12293346827543324,0.3879846592376684,1.5008026944702868,1.3859550800803566,1.088330441634887,-0.6990194135603763,-0.7526545236011174,2.856834771487621,3.487251406002955,3.5403716791198714
2.1157345600210147,0.8316977099660546,-1.2494736518625813,-1.381412568944848,0.665759780191884,-0.39721864452762623,-0.8588243134296456,-0.2876265034287789,-1.9994232577491318,-2.8076546672018963
1.0187200828417833,-0.2843902070993559,-0.4721589133852005,0.876955213819428,-0.4665108768022489,1.2903385945348953,0.8084124761673921,1.0686557455635057,0.7961238573307754,-0.026687353817027207
0.7084493128356513,0.8633773444864044,2.813672840835655,0.8742523401095948,1.4126379793748127,0.4733646780757243,0.8187517316860699,1.3558479583712117,2.0421381157389997,1.6183483520406492
0.21721510758584606,0.025489871676896148,-0.40413755900216536,-0.037967915300282165,0.2456259215812576,-0.145560095515344,-0.41463459427212096,-0.1374552126614463,-0.30928383304002305,-0.7048964181171448
0.23652444357968333,0.9663474109815795,-0.5956295925698704,2.890928240290513,0.4625619108856043,0.9666312759802855,2.0738264056858795,0.4925856118524751,0.7999358043237667,0.14722880311821174
0.45244392478483003,-0.09727320983391163,-0.12691009892747007,-0.9546508706774331,-0.07055304192110698,-0.767414018182885,-1.5348466332717206,-0.5647556849309753,-1.6184780562409042,-2.309686712998552
-0.4097659602413629,1.8055398408941286,-1.0954586757780607,0.44893052170236547,-0.19185704180052726,-0.13499000791564486,-0.6814023769920412,-0.062340478855622466,-0.6430952075427803,-1.2054764063133885
1.1362568481626774,0.043829217874278306,1.7228801925175012,-1.5059748913155842,-0.16607997025266874,0.6748319693987995,0.1843271900992464,0.6734324601676243,0.21750912148128143,-0.2893218874293859
1.988136196534016,-0.5710642063666562,-1.5194764740017437,1.083468961633475,-0.7073215152134044,0.8596750823845187,0.18036734716602287,0.46806398434930785,-0.3772444362981448,-0.8981438102705761
0.0735753920665866,-0.10158809822004589,2.106121515211303,-0.8039374007298928,-0.21488756103715562,-0.002282333025306865,-0.02120988166372123,0.09868470668175092,0.25474049725699127,-0.49062963905876134
1.6304117641153921,-0.7755220907756795,1.5553887241950866,-0.6243897979860079,-0.8537988562308073,1.2004491556450227,1.8430986447032964,0.9845306231936034,0.7258475545267589,-0.08896713567890772
0.7695747710764331,-0.901903824154291,0.3076476830633458,-1.2479340479506407,-0.8814840029818695,-0.7013212209008277,-0.8497986742120076,-0.8828584452583204,-2.198300389112872,-2.6940777003235277
-0.7654218825526173,-0.8103342371453677,0.7838992836395476,-0.3472276256674043,-1.2537788869395559,-0.6580884411556738,-1.0100068223178287,-0.7274961782134917,-0.9055687873406936,-1.3441263106217436
2.056280736200977,-1.486520779436887,-0.4623877220689107,1.0338076428800225,-0.3770923785416672,0.6496369003361343,1.2994455396160274,0.9360247671015686,0.6875498363963932,0.0005374215817124349
-0.4663090800133376,-0.10079039323266882,-0.4949607826089325,0.8159199547404565,-0.15409934536670422,-0.21122180051612968,-0.2801543018037925,-0.15672532236448772,-0.13640193971335152,-0.5465564264861438
-0.9472720938832055,1.2171294747793742,-0.9604658889068416,-0.16633321375607735,0.22354972878177676,-0.8946506857501092,-1.4076787529097954,-0.880994437285341,-1.0715123343513224,-1.3675084430512647
0.6197313502203932,-1.5310081035838274,0.5618993231500669,-0.6461160831774714,-0.31368069307590607,-0.7841773807452248,-1.28164811054729,-0.7240415075802114,-0.7874723671078295,-1.2938711073333329
-0.03665923287677941,-0.673910306816914,0.4525745827144647,-0.3622207760374217,-1.0661542977007246,-0.4928264551946894,-0.87000828920272,-0.437683870729202,-1.0905940073897233,-1.7767827451660205
0.5820997979356302,0.7939463674984938,-1.0064465689776594,-0.9329009493783099,0.7916306902398373,-0.7849519420626111,-1.8668044391668064,-0.5531106448404004,-1.5703823240492603,-2.203987505905664
-0.335681232091787,-1.8006349856466395,-0.560130604993688,0.32291989080343064,-0.08898177353414129,-0.8113755612996423,-1.431603868277811,-1.1068448623681848,-0.9611146110621973,-1.2369415208763181
1.6599057526317325,-0.6582440674779486,-2.4010171043248056,-0.11790461513620536,-0.8669861396522713,-0.7057864758431539,-1.4685311428637708,-0.49080787664285214,-1.5376772190018622,-1.9717941590114623
2.674796463482591,1.3716190628525993,0.17714719096521417,0.7508894028570373,0.46767936947282823,-1.1394370655016683,0.31895307287393526,3.2155497043349577,1.534060777581843,1.720010352072128
-0.03666209560862438,0.7391645461590223,-2.3036124916988956,-0.7702100692686452,0.7653786306837015,-0.9779081998205398,-1.8383708107952281,-1.2041159564560588,-1.168254410065107,-1.3398964793762165
1.8600285336177247,-0.7703464885735856,-1.2998822813173836,1.108033039622865,-1.035372444773808,0.11603386524855014,-0.664221810033788,0.12239562328643769,-0.6659785001329416,-1.1747702602692054
-0.4379491423866504,-0.8529784898635686,0.7014506946911039,-0.523575457272517,-0.8910712236898687,-0.9874163830443832,-1.1411841282032869,-0.6969518931799845,-0.8401714373445349,-1.2538176041510554
-1.583500227424856,-0.5484603643396055,0.5951340022493505,0.26448940045497626,-0.684188407658013,-0.6596024345132847,-0.6471606480625048,-0.4860016859149051,-0.1922724265405206,-0.5120072285269389
-0.23536265198102804,-0.3700827078770453,0.032298328848498516,-0.3337546343281526,-0.6593971705608143,-0.8260388210278237,-1.048747809791968,-0.9024885278128775,-1.7096639375651237,-2.2500007932152863
-0.35587670572841634,1.4646479844496978,0.5830168504613835,-0.07637709610386693,0.25301568166265703,1.2650384219867232,1.996618655751583,1.1590614743811531,1.1148274557409386,0.6031470723917371
1.0742763384641267,-1.617742393116801,-1.9711455738293553,-0.28765627126158677,-0.28075629699056276,-1.1816056857270014,-2.085527680458217,-1.1275141577942547,-1.3942385715331826,-1.5587148217424607
0.9166604379588644,-0.18101423243940426,-1.262595002043744,-0.6683294398977521,-0.33334590025146854,-0.8143504445393116,-0.9862924845071427,-0.9918497485423593,-2.3826250736467993,-2.732564908206678
1.1910065636505873,1.654981490996608,-0.24278351054312636,0.11287472761732822,0.11810526812552394,1.3596072113319562,1.8435947074813066,1.0713495268184046,0.45108888653048984,-0.04664257703446569
2.0528616693368504,-0.40815048453106145,-0.5792262484273818,-0.2019791964473394,-0.5814384399660557,-0.08775889933682578,-1.0388211903455817,-0.061275940357925364,-1.4940468033470007,-2.378426439610156
-1.0955631813272908,0.150118538047492,0.453561951914993,-1.4205842728748332,0.2097960851013725,-0.7915478961141229,-1.801138612817457,-1.1780578485747013,-1.150072063253987,-1.438949785875447
-0.36908299288431734,0.4026569666869363,-0.3273739409298141,-0.48862738580664306,1.0405875389007908,-0.9915604534321124,-1.2626644797897182,-0.7265307262333113,-0.49226182195732393,-1.0092517546661164
1.4532556992200252,0.7363424603076894,1.0754448358262338,-0.7025899557505068,1.465882081716711,-0.05189405541873442,0.6563311592396622,2.2745025727636277,1.2714482754654903,1.132723182082949
-0.4121878170998787,1.8954654270306726,1.6065044645748308,0.8138888583992575,-0.3376123917459854,0.8345976040470888,1.6461712153390495,1.4997069156057403,1.426353331367287,1.0691582831223796
-0.19308291412985454,-1.3748504300885798,0.7066144954836162,-0.7803412120761869,-0.6712771070125358,-1.227852236427432,-1.0633276606893864,-1.0341072321902358,-0.854110879661952,-1.0723868381296235
-0.03643020502321753,-0.9551296253883199,0.5306654971168365,-0.20826385551759743,-0.7358266001743934,-0.5286299026907028,-0.8210222321759122,-0.5266582549749728,-0.687173879537218,-1.4066656740081616
0.9018569047006596,-0.38095994264679506,-0.30007149099304603,-1.0580188390741179,-0.5383839466195003,-1.0228427959619706,-1.3276341652011288,-0.8938582382155013,-2.512312420304528,-2.999241343618539
1.490730126330276,-0.21693274856730055,1.6397089076030864,-1.6103931947081205,-0.3659589078885898,0.7959698601720093,0.6134505118294268,0.5487690463774447,0.1721155987533469,-0.6060837760580852
0.09488040996533002,0.24517078042436471,-1.8908410601265024,0.4232082375908763,0.014409088408658344,-0.35409337657560674,-0.8095532901037454,-0.2697600700701106,-0.6446301926726785,-1.0514209494430529
-0.9272072265440032,0.058581846156488517,1.189640104986147,-1.829482495799702,-0.1254761832698794,-0.7645379963555334,-0.9388104173445705,-0.5294044652616283,-0.4669822532836292,-0.8259063664337709
-0.3831291213888651,-0.07937046533835203,-1.9226238170109284,2.354233962234922,-0.07165702381066541,-0.985704960062045,-0.8318982101812837,-0.8661159128206906,-0.5814808985869562,-0.8040499830582222
0.7978331437109771,0.16996213069784655,-0.7988273275380375,0.0070450887847762515,0.583797907813417,-0.3010769505657005,-0.5295063064485908,-0.16123545493223992,-0.3347747481163139,-0.8455762102697112
-0.4142212943651991,0.14482817538718623,0.35901660177075106,0.777947295269895,0.4267805379058697,1.2507121040594773,1.706014914181932,0.8287382912677911,2.7077566950283942,1.7642832928558245
-0.879920680149329,-0.919904068067721,0.21410021827577885,-0.00599900773968395,-1.0963351254464333,-0.7701643336533495,-1.7407963340326564,-1.3971385761373272,-1.6930681744642444,-1.931875692839671
-0.8735075910735401,-0.8586201751475169,0.7537509914045375,0.752758656595174,-0.7888346128332971,-0.019278992421021268,0.3234528766521648,-0.05453583044976176,0.18687982170537282,-0.1801557331743557
-0.3361922664638181,-1.4899112295929045,0.19162552553497728,-0.3187467691272705,-0.3997705069195996,-1.0565461699858558,-1.9894177536536393,-1.2485052719953107,-1.4699240035330483,-1.7977951320820904
-2.0903698732657774,0.7876217370950526,-0.16253502595517558,-0.7643008104171766,1.0910591174720672,-1.2096925314475888,-1.3781247328011255,-1.346398153438165,-0.6739667577492664,-0.7793506736883271
-2.3762701594947546,-0.1413082459305196,-0.27782217094240064,0.9136444884594538,-0.24448351972198745,-0.8549230851643606,-0.8125470329427654,-0.5843613407642995,-0.21008038752840152,-0.536777472928892
-1.6958001037458545,0.3788762949153899,0.5896712046100108,0.5898822680427208,0.6288980836396603,0.8092775426572276,1.1900376589221728,0.6350283841279444,2.6331156422505617,1.7205634896863906
-0.9511760672729247,0.6771179273070882,-1.8499443018558792,1.2705318405623962,0.8866370830298861,-0.05531588083884277,0.6036586885331152,-0.03463023040778196,0.8369887841442241,-0.05805984087894639
0.09315042572457823,-0.33364628254777745,-0.557491252367202,0.9030609111998363,-0.5546309192342648,-0.08851707188524524,-0.20978493634087828,0.1392623343720527,-0.14818141712794725,-0.8521170386311918
3.1129996725666547,-1.4183476358045732,1.0300949243107804,-0.22506054599643951,-0.43906943115097474,0.1864344969886158,0.3955298432594422,0.06693476536564513,0.08344345233990211,-0.31451628363424766
0.7859805967077064,-1.7366913731080913,-0.9357971021597503,1.3903184479068778,-0.023751109758819472,-0.29800021048220443,-0.1589071086283397,-0.22826092925965374,0.022854071832579745,-0.7576953955184297
-0.11437960071443619,0.33562958071660937,0.7059918222871011,1.1122446384439857,0.33707463944524285,1.327573598479412,1.8539885414442911,1.227865315906239,1.1030794782190645,0.7700754142462454
0.3803084181598956,-0.031543705626180064,-0.8411190032581991,0.10984407018064551,-0.0434853067203913,-0.3945225597380636,-0.8329005686273661,-0.33767717701718025,-1.0847425173041612,-1.8295811489317075
1.0654034156027303,-0.8125873250965491,-0.7146084000061633,0.18366694694879512,-1.1636176307956643,-0.44882628166808347,-0.853029103864663,-0.31105212763904033,-1.0814047451539943,-1.4658393457139747
0.021730336602772727,1.132709339056948,-1.7488361509562118,0.533888185502108,1.1491830668330645,0.0833242586677504,0.4418265029573879,0.24265583416363265,0.11423948364773306,-0.3061118680228777
0.39329898159532684,0.8475286199262784,-0.47936751224903706,-0.12041376494018072,0.760058510023799,0.17078070408644508,-0.07352851706709436,0.09449412973118992,0.00454654780344986,-0.49307238519853747
-0.4391685544536706,-0.4619748806472995,-0.790372528396187,1.2444891532214872,-0.7609981324177096,-0.5075910018207367,-0.8555930260532902,-0.4338335394385795,-0.8001527963292148,-1.4843533732282224
2.277294812856909,0.8430980048896599,-0.09586870291097489,-2.0275126327280426,1.0673976700374608,0.959680365119636,1.0997651748352402,1.1165446734674291,0.18131410781392104,-0.264516061775112
-0.12339459070007558,0.4011219693659533,-0.82286553927717,-1.4723719433510267,0.7106191587286071,-0.7402716591216273,-1.5115070943958382,-1.0236469608545102,-1.9445302059568441,-2.3134374453725712
1.193653490970001,-0.9997207163205603,1.534704345062862,0.4362085348347052,-0.9327791479327853,0.6385106409940194,0.872979608891332,0.7767093405262426,1.5017696166518637,0.6856450622332333
2.220606809817497,0.26099904287817494,0.050511811248559704,-0.14154916689984623,-0.030954339998223945,1.1315533099078088,1.4248867520197077,0.7925634062521892,0.40796403187936,-0.2361152772668448
-0.4257587049588621,0.3156020163933895,-0.49053808786652786,1.7569312700004511,0.46915081098613354,0.9316333037288236,1.2097234215131445,0.7851128850998003,0.9480955607560815,0.46530987604013113
-1.077295142946422,-1.294250062713335,1.0814342540241821,-1.2932193484269063,-0.7738690528283187,-0.04048513841044235,-0.902438211999938,-2.284452331906285,-1.1515598698941498,-0.9825865445370123
-0.7373421926617593,0.30393094598022646,-0.28327920716046184,-1.3491588341221188,0.17150731681791345,-0.5202704467512277,-0.6301623212778102,-1.8122465118481172,-2.6274204924282207,-2.580245644921144
0.5897496424579711,0.33355326151403736,-0.1508329547380504,-0.7260579558575767,0.5292441953348158,-0.26583724083772603,-0.44840846756561126,-0.054263894828194104,-0.3178414355742533,-0.7897268627204884
-0.6813736259586035,-0.4947676110977965,-0.7205947027736754,0.4361562486426093,-0.7599518832774467,-0.7643423748055665,-1.0828772836548288,-1.176019779732086,-1.376426174331625,-1.6028620506308637
0.6278461830831437,-0.19573201821834194,-0.46729121694290954,-2.021368068458558,-0.34812287589572394,-0.8154231523599724,-1.2685738924388532,-1.0086643913545421,-1.5833722097560001,-1.7942234585560906
0.41141014919496,0.7132913023380414,0.8948714678020208,0.4631020443501749,1.083887640248663,1.0825868197839175,0.6827133404967868,1.398601545491869,2.213452719727716,1.750940370845497
-1.2887361482465638,1.0906742927521558,-0.29592159173396737,0.41371014457404887,0.46147658094357563,-0.05323121122710819,0.2078081397959916,0.03471237758241781,0.20131629223260455,-0.2380125330057809
1.227023266834798,1.1206058970939552,-0.3243489061323375,-0.9364324792565812,1.0500030198540666,0.31264154688185775,0.2264636152730713,0.18957829889847372,-0.15657991695576307,-0.6889580395648698
-1.4492166237414428,3.0770768245900113,-0.04807468144990499,0.2856927709174574,-0.48686856574213944,-0.11708663860895252,-0.3105725316619973,-0.04092664789867606,-0.24256801073844786,-0.6563341080723827
-0.6657263642125346,1.9537952707744988,-0.15225080337514657,0.48336905805828473,-0.47811426928826095,1.5785840881199886,0.7143440161107902,0.9514434486503728,0.5112294353172366,-0.1549450127374757
-0.23358388370166494,0.6743566342187066,0.8009221848233699,-0.47438421063540104,0.8237164916918407,0.3030660337597187,1.7108779405912329,0.2983696644697765,1.5508200530934224,0.6599626266243059
0.6523905784468296,-0.7940318458260858,0.5370927187989084,-0.5651399585278613,-0.7408707912465122,-0.27038866809762585,-0.6783033657234897,-0.20813020012351002,-0.6819716248004879,-1.3304640018405711
1.9897770091491098,0.34485441375207654,-1.0265093969623627,-1.6145460371909488,0.4242699468540358,-0.6722373936350663,-1.281787168370342,-0.4564087961085065,-2.3353846493229913,-3.074120842797118
0.327717626352203,-0.3711436265780108,-0.9108247387560431,-1.4355058551035433,-0.5292826929192582,-0.6618823507455879,-0.9182054810977953,-1.6121727768950036,-2.0476471638180436,-2.0887305112159256
1.340013434668673,0.8014499602827655,-0.37525478389300393,-1.551680035643625,0.637622634074358,-0.06739021571746935,-1.0412586077153687,0.09369681083949415,-0.9100275847883169,-1.8471136048187597
0.9451986899730525,1.2274460697085114,0.9725403733370259,-0.5344063948523321,0.40071962745175616,-0.20110342847498683,0.018845573943727545,2.466355716551716,2.519262879483342,2.331971866391551
0.9036585471255185,-1.357737711708255,-0.8827549622800644,2.1624111203955154,-0.5695822833613324,-0.34895708924166263,-0.719031721415486,-0.252348023560697,-0.3904340434814942,-1.0721600790435104
0.17077991005596999,-0.22850529280625811,0.6181990886099292,-0.5487907709083565,-0.3661823221198453,-0.07433898976223209,-0.2924830645249923,-0.09678778502021482,-0.230558904616526,-0.9371638969939823
-0.2862570709759631,0.10448719446595839,0.721983978784217,0.29333688377996314,0.42365670259134636,0.6548525978620361,0.751515796719515,1.3010374155714415,1.3272523717096247,0.9164279934848933
-0.5841955855516671,0.6860428861698991,-1.8467209651941738,0.019933356340196835,1.2780855875973816,-1.11913874509955,-1.4252228622810024,-0.8857012477146535,-0.7101245138627116,-1.0994391714174585
-0.006060780439925631,-0.5557053341765913,-0.5368319538451549,-0.7995221818588455,-0.6623841353884254,-1.0532424885487335,-2.1012841258277266,-1.3734384399305786,-1.607949537099587,-1.7157976824206895
0.06873502698742257,-1.2961826930561018,-0.1343580794219263,-0.6962858942200726,-0.8236567154726914,-1.1845797584556057,-1.961399659878638,-1.161870182963251,-1.4476122962451856,-1.632973163117314
-0.44912427831147633,0.6919406304488986,0.032325921910422856,-1.4394973237963637,1.5917312163631558,-1.0767724357020354,-0.8734178351170596,-0.8924839174314121,-0.6142979650671834,-1.1231878731498464
0.3338813419775185,-0.06937872725848777,0.6069082575374866,-0.5148357402824626,-0.16473041099176597,-0.1621122774365093,-0.08290307064269879,0.0986529019137789,0.1044614578151771,-0.6159915754291174
-0.6394176172796135,-1.8241499034407809,-0.4644391964288681,-0.3453649208102179,0.590830795730506,-0.9254099444951865,-1.3349785113125325,-1.4738146807405124,-1.225928930727907,-1.3701763382312344
-0.25376446710570744,0.051451863747938684,1.0010937107470255,0.7345463627152258,-0.042570117134203785,0.49009340871961116,1.3471105232526217,0.6792276114810256,1.6910181300027463,1.0488880374231895
0.7041290637055312,0.012940513952885497,-0.7715480195351193,-0.5212986649549903,0.18104819480290701,-0.9364197494476977,-1.628895518578592,-0.7303846360271259,-1.0002897997582039,-1.2674984966975669
1.5997486347871706,-1.4961974260634043,-0.05952732691478379,0.4464833892090027,-0.34624299218014193,1.1306406591489568,0.8484668673483869,0.6667636223596456,0.3333773005207297,-0.20567843562243426
-0.09914243635487599,-0.8390658470499336,-1.3810636629671085,-0.8791272764586134,-1.225138287873866,0.6667357545035516,-0.01080952049504215,-2.7795026088306147,-2.5262576423923444,-2.195236509052961
-1.8276067511848049,1.6000010879498014,1.18226825543385,-0.548289371061355,0.10805375805307538,0.7130592923685721,0.7360256759942732,0.8317298530386266,1.5580831597771225,0.670343278204292
-2.1417436739356845,0.24600383589406627,-1.2196093716604244,1.992051477772384,0.34781245489025364,-1.0869006434050439,-0.8952862432192061,-1.0001416557394878,-0.30585783581279397,-0.7208800327138895
-0.8057428975731222,-0.45495504997628894,1.3340411521761484,0.0759994698706839,-0.7222213527633883,0.4677213585887347,0.23045893645031407,0.2743120523162912,0.352974554465445,-0.09808696575849617
-0.17104776275099695,-0.9272515101434387,1.128283016134109,-1.4289445281184563,-1.139955048791847,-0.7659684847152755,-1.5042687876064516,-1.17332743161245,-1.103969289327511,-1.274921923860692
-1.0430580203193351,-0.15162763380843658,-1.0728556897989243,0.49582177244609144,-0.2826818236941251,-0.6903717692841289,-1.2596553728082194,-1.5136280005738771,-2.020560370519637,-2.1782600754834403
1.5073501368981115,-0.6120831336776613,0.4507838104458653,-0.9232224846262199,-0.9437404232531311,-0.017278676944585646,-0.8220858119936479,-0.04083676719105581,-0.8984043858634969,-1.4731725934650859
-0.6203233069921035,0.21545131185292787,2.1885381955366405,-0.05187267451727173,0.8216140098794364,1.2606678916898622,0.9453427500691353,0.7922508896344613,2.644585161683766,1.7654116227289582
0.15583182325407233,1.1431346049107791,-1.3092826271395839,-1.4051246301554376,1.1321778331055927,-0.9063617327653082,-1.9646840398617582,-1.2505977508755572,-1.26439632608773,-1.3943639791446636
1.5862011519992372,0.2477554141815926,1.7078892159063628,0.18933213465492854,0.6134201222170822,-0.6217974965823584,-1.0377396410397746,2.995107811241039,3.4879029646767195,3.651279798003414
-0.12560769523822624,-0.8743748776041058,2.714778586449526,0.07609115442179269,-0.811554494540845,-0.13485016186463156,-0.07225873784067449,-0.032008642320798336,0.06678645573350017,-0.7792889240534826
0.4505324466981068,0.62406692306036,-0.38716848574737855,0.34254424686798257,0.7572099210544181,0.8287362335307316,0.8505032140081831,0.7376258791417141,0.9657836248594522,0.29083359153668176
-1.3261113426553268,0.1730948279033645,0.9493095425344008,0.7933670422112737,0.5211932131424832,0.7514530681114959,1.6891064310670119,0.3113924478543881,1.0353584609568227,0.6326598139632248
0.36023950468768806,-0.36182296937276126,-0.21510331806757008,0.5060978395503122,-0.5212819280660478,0.09063479290300394,-0.12292859176889055,-0.007072512847368928,-0.14171121730891326,-1.0395343536040775
1.35823342899999,-1.593582963396018,-1.4189537357224413,0.7190809238908463,-0.19923585678785496,-0.6634203909438392,-0.98712121346489,-0.46656995798127254,-0.7362547835917402,-1.139617049135795
-1.7725871813024845,-0.3257970297695512,0.12961066655309175,-0.1796278727527937,-0.4725193279868648,-0.9013591106429543,-1.0733055644184646,-0.9860347940421008,-1.175593382957885,-1.5912159169622968
-1.5379456584683655,0.52237244560007,0.7781462390843529,-0.76124818947862,0.5426275555619698,-0.6884150629139272,-0.5095088773671339,-0.4646214923043459,-0.052207206871956735,-0.36621060114928256
-0.5617001233287506,-0.7532683650042377,-0.963833441389421,1.3744285041275695,-1.193281066731902,-0.8359890185520614,-1.8935763327222723,-0.9186683474763095,-1.630332197159361,-2.1313568017491282
-0.40134514164986823,0.2720231233551336,-0.9556243563709269,0.45887096779047726,0.21367822355369387,-0.6374422876154018,-0.7209114050290103,-0.43257405884377825,-0.5804148262973359,-1.1706789607457149
-0.251690964572706,-0.7728353846076886,0.22140616596207602,0.07789218308509561,-1.2426310879996318,-0.6431586462751485,-1.4645183991402033,-0.5560960729639206,-0.8387121396614614,-1.2786488442108106
0.34819062197531053,-0.02757138176632177,0.7564655662672968,0.6811363010951629,-0.0530679040222895,0.34530589773775044,0.5504149349996101,1.8667526186083647,2.577176021890098,2.1038696312372673
-0.8275882242144067,-0.3983091482039571,-1.164496745795832,-1.669911295736248,-0.8001036147077356,1.5877542110266556,0.05680390818253751,-3.7633725109041505,-2.3533621086003342,-1.824109258589974
-0.933161446444468,0.09418103809502829,0.4116496458432453,-0.8244169486562061,0.143703208814885,-1.2522582034421088,-1.4059902519249714,-1.1382715273407706,-0.9109222186448394,-1.221725697322262
-0.34522939993332935,0.5840810415410626,1.6140659452745882,0.9001884040091209,1.130578154567671,0.5793485794895162,0.9062795527791699,1.6801523988885594,2.235415569772173,1.9151257042101097
0.558264983895709,-1.6767422079677103,1.2637852466104784,-1.8417600812781911,-0.200167507772681,-0.6594852198211406,-0.7568630642464196,-0.6515995552266705,-0.5539820532280457,-0.9028055765944905
1.401412036389572,-1.4464068320433465,-1.8987010309746275,1.1453025873257732,-0.5197390953047456,-0.12102794552403986,-0.5506945344119669,-0.09777343522124901,-0.5296196076553894,-0.9900346582690076
-0.24397567741507742,0.5191214995094708,-1.825463396505204,0.19227850821097206,1.2093599483905149,-0.5599640755855801,-0.587973818586956,-0.46523428752380075,-0.3597829796456655,-0.6726181599087959
-0.583760705104135,-0.38044099930951264,-0.7535465614357634,-0.634044490883803,-0.5654077183100665,-0.6734316323123976,-0.1276162306153638,-1.5387928754976905,-3.2665232084656943,-3.401686757245093
0.7040871006827217,0.4564805114972724,1.0520258330319352,-0.9257842125127264,0.9793738699940571,1.367959212588621,2.227905945561543,0.7731503261217206,1.0025135317043976,0.47923767657603866
-1.1558728182487863,1.0963813400751143,-1.7144986257858472,-0.18068865985506288,0.9464246275322257,-0.9979606178401309,-1.0650908246632445,-0.9321150076565047,-1.2313900497960464,-1.666568593137408
-1.9903142028800846,-0.5918555760189549,-0.6362443205736026,1.084953051424472,-0.7329630152987514,-1.111539615397895,-1.1228444738377883,-1.1367998811011806,-0.9265699434706544,-1.1676669143950078
0.11685093620025784,0.8552683535714548,-0.6816365706417097,-0.3279981760728995,1.4019851667352274,-0.18595534385486379,-0.20627723945741253,-0.11657804208877842,-0.064873952782589,-0.6774426542594397
0.4647282133751295,-0.2573469886156366,-0.3614916878124635,0.9762169766158717,-0.44588624305670016,-0.08963895470896474,0.33409881171938716,0.1887765803305604,0.25782253339229855,-0.551203907492766
0.4829760699841126,-0.2999194410346544,0.788964654174084,-2.381864164718756,-0.5131511703178834,0.4295500426062653,-0.2821030477476259,0.18090117980557,-0.5611423814193855,-1.3553774322194738
0.8799473300748447,-0.08378926386988439,-0.2922260183863945,0.42168576159218735,-0.12811489454387637,0.07074781473195768,0.19024809101968254,0.2474953923354438,0.11808913995883409,-0.5207205014909411
0.4939611340340202,1.5726613395187903,-0.5331828331387001,0.14882121451925479,0.2723308103374277,0.8612283284308346,0.45394369770432225,0.6648805518575291,0.448796185581644,-0.41983841871040084
0.633495091726328,2.454135004564282,1.4218610378593954,1.0020003785832439,-0.8343973337003074,-0.8574398047100438,0.5382315521850778,3.354002595790563,0.9681469843256245,1.140644442982624
-0.9778062397576494,-3.007840281951963,0.6374377634110906,0.9928096510468978,1.2043998798267377,0.6850837548533998,0.35326074926663303,0.275713690811561,2.964223421504159,2.109164631018831
0.5641483216292402,-1.0234375102740392,0.5360346057350209,-1.56108212640303,-0.7156484016177647,-0.8863201253490992,-1.8993105761215818,-0.6475020932235993,-1.4150170020572241,-1.8821759509087845
-1.0788137101336142,0.23365920496574916,0.5305080961257544,0.556746427887927,0.5463572940347672,1.0522084387899278,1.3210512107880266,0.6404784646173609,1.989323665375528,1.2321040700352117
-0.758871924063349,-0.45109216217234327,-0.1475788948515764,0.6895617970447337,-0.7311555956253629,-0.4749852647898319,-0.8746755624724164,-0.37897321932831557,-0.4359193995530706,-1.093547043826644
0.08735427773248298,0.5455101405244764,0.774402181856974,0.18360105771700388,0.6588232712314877,1.2308021415766501,1.3385231896520347,1.0017154600249512,2.9215850159021035,2.0121323222650527
0.005232507076904227,-3.020482147290251,-1.0657411509817414,0.2889010598458064,0.79822800535906,-1.1337645261231777,-1.556721953528431,-0.8511404282204543,-0.5958761922915126,-1.0019417423066923
1.5965984687862556,-1.5722594663811265,0.9063033091735009,1.758416246366302,-0.244394638761457,1.584793623142668,0.39895800224244715,0.8807825999105391,2.747460457325974,1.91749384430225
0.2432547791644352,1.4005605165710648,1.4162778499577644,0.7045205988421764,0.47282252136634695,0.5345068659805073,-0.5271521991556467,1.8868361157657574,4.276913843117498,3.7223387162547894
-0.597859285010834,-0.2193694109467708,0.29346822341017176,0.8013247425913814,-0.3669396731135963,0.37118651302372485,0.5243513111871376,0.08882006511638829,0.37871303852250854,-0.07737251615880383
-0.5268059219126364,-0.10626797118448687,-0.672990578590234,-0.4217738055708117,-0.09924474170808878,-1.064499526438066,-1.741900741036439,-1.0415038646751094,-1.9064894152424325,-2.281160827053676
-0.797805458554382,2.113167331240678,-0.1986559900918047,2.530400203619434,-0.600291829907563,0.41408978659852413,0.640675726423141,0.5370449785881624,0.9325547329210425,-0.0006500656916802044
-0.34272839329200944,1.1973422335649377,-0.32066158472881473,-0.3416063385396282,0.46351042274784987,-0.4016750399212489,-0.8111771362732756,-0.28870145732732433,-0.4447252414560912,-1.0918875280412352
-0.29778686479269845,-0.25167080071527576,-0.13312687530910072,1.2271843608343558,-0.4544110840448207,0.046567607366089336,0.8569995005530043,0.02474791215199898,0.5497211452528907,-0.2613080187880356
-0.601603877495437,0.6369095174091778,-3.0914153221954894,-0.6803518311397068,0.9114151680949805,-0.6892685338065647,-1.3508090164514388,-0.7632576089689928,-0.6784321412906558,-1.2290372580729991
0.3407917973532217,1.3056922557540218,-0.7251136562977751,0.73050962472989,0.2944682140945607,1.440545235277573,1.2713687862313208,0.9335469000042653,0.28838770418546217,-0.09503536654876353
1.1674904139800408,-1.3514257754439343,-2.1704977096220492,0.9116940983296672,-0.52998644135636,-0.2558410482151713,-0.9168824120415064,-0.19083920029770904,-0.8925245454924522,-1.7200271520825448
1.2164652893963712,-0.4109803038311834,1.0027798200278881,-0.9788904904354684,-0.766351333440901,1.1683480167256737,0.5466920882001107,0.728978372776084,-0.08427767769880842,-0.5313558346460969
-0.8609396740511143,1.5766383402437993,-0.08230386506664714,2.7387813890793424,0.00936372319074405,1.137975792029647,0.7936943124340375,0.7761554124989754,0.8745848131968558,0.3623686933083872
0.489336844429681,0.04106706296545934,0.3381491579396527,-0.8524517206731659,-0.07431413552745303,-0.025931618629775853,-0.4589189876250731,-0.0057350883535787905,-0.4089358791268542,-1.1287169834912183
-1.2929246588030976,0.6564094298247359,1.708376956708166,-1.2677123786429396,1.3710616998160294,-0.3946989104401476,0.11161619667421555,-0.2838454885305651,0.603386644485026,0.13616882296804222
-0.02530182051238506,0.9696587844708288,0.1419069785992505,-2.371379445844437,0.3109466934468577,0.2717064205987613,-0.36016718668269565,0.062138241027140634,-0.5101497614580961,-1.1577608116819773
-1.9564597007884532,-1.106686020810074,-0.340756481510846,-0.1843615860929444,-1.054983451860711,0.13987870120914236,-0.4504831055490154,-2.439727394549,-2.3672945502547904,-2.017823425631875
-0.291490769343281,-0.9618416446487188,0.9976128957948861,-0.8882765338526877,-0.9889093798137863,-0.7905436897990632,-1.2983940795747655,-1.1471935645570117,-1.635388710150438,-2.0236598229201554
-2.4169393575691505,0.07953517462277611,-0.04873263898576569,-0.08383775919688177,0.09301230092843293,-0.8134208754573569,-0.9235464274547152,-1.194484052035159,-0.9184378074201641,-1.2880472200608482
1.9209804809788606,-1.0528312577292889,1.2620127144031057,-0.23506678466063957,-0.929834984833814,1.3715054816424692,1.1367280086526048,1.3356063648759375,0.48050955598734313,0.10417857115873026
-0.4318470069432106,-0.6782285026356117,-0.43902315314492935,-0.4161507690998058,-0.9796023190506356,-0.9555743095005842,-1.4677249501917429,-1.3196186781730033,-2.352863453360819,-2.5659526774247405
2.383754002241215,-1.407508416132463,0.14675901738121758,0.797356020627516,-0.45353147675953864,0.5812419984754745,1.6531066665287828,0.43708190727037094,1.1610618031897117,0.1893634610202715
-0.6343376759115643,0.3096439180336013,-2.3241413263682222,0.8857240396564645,0.2652316377957969,-0.31416656707978063,-0.3359301604748237,-0.2032992386138914,-0.13352003096671272,-0.5570082674191263
1.9540279216277685,0.3338867516386792,0.180591504438119,-1.5940021353557874,0.9360433348684393,0.4514702208244686,0.3312922037845827,0.519252231132663,0.3309506584518502,-0.5051254551232628
-0.8914542842442439,-0.9782206035407556,0.36387660283514095,0.5047636237414778,-1.1774668108072917,-0.8098011299980323,-0.6901379005761693,-0.5500603838539584,-0.3902549060286366,-0.7049510703288571
0.4795134185558397,0.8214672270697639,-2.198383370549077,0.0851985092675797,1.1388804356376654,0.3272621490097817,0.34549113816652693,0.596206728700887,0.009028260735351845,-0.3770315104446821
0.7921596689238574,-1.7355263516776445,-1.447516558701457,-0.046631222107149116,0.2018320384592581,-0.4765742983226063,-0.9797252083412955,-1.8867179399222547,-1.2332349702571097,-1.1929610149611454
-1.7244578238058534,-0.2993937357945678,0.5080644542481345,0.8573620173769897,-0.6028301282723642,0.4712113870435926,1.0334061049605219,0.25481203862388563,1.421601722025865,0.4491935165886122
0.14937742427193879,1.0630037884072574,-0.2916948130990928,-0.8877587973840538,1.4156430490248835,-0.21929478598390917,-0.2930483324333383,-0.17463784791260784,-0.16413317499732552,-0.8144526696561702
0.334980420044936,-0.30734630264800544,0.4383235565124907,-0.676574992719016,-0.5916124741026185,-0.32603200914198005,-0.7299423380050651,-0.2474871233860736,-0.6769020474862691,-1.1978119243698413
-0.019449317016350064,-0.7220572722910716,0.8416764877026834,-0.3171819704009934,-0.7252850071268531,-0.2478478828711871,-0.4359154926476705,-0.18566095017167897,-0.23524802486045995,-0.6350159113896638
-1.74216228677438,0.5732109122302007,-0.8945682610243516,1.3077403051207608,0.5147350105157685,-0.3985790734810009,0.5712259408588399,-0.2821784482484073,0.5932022130667438,-0.2270472924963809
0.6274127262005671,-0.01979671112124825,0.250905428644031,-0.46160938888404085,-0.11959509878650561,0.44856625877079653,0.1705935232530954,0.14187418460639467,-0.1059126697220904,-0.8997039133566848
0.6693037675224625,-0.21894619727329132,-1.4702478634582596,-2.7186616163742277,-0.41902957589641443,-0.7527301670215745,-1.027549337396134,-1.0738982988340078,-2.490732592253577,-2.765648374439516
-1.5000200285781335,-0.5920909336516811,-1.4379323866653044,-1.211558302105523,-1.0437745734207509,0.4941630733521839,1.398783648128932,-2.606730475686264,-4.061322016974492,-3.606644615508372
-0.7522414118564464,0.24208573908401618,0.76592407036857,-0.5438464644569874,0.5031027294067569,-0.30768558660673984,0.6109733518701399,-0.22447515254379208,0.6232379093964773,-0.11519474028834599
1.2828695100925012,-0.3340026741748014,-1.429936268644812,-0.45433477489248153,-0.6611091904375083,-0.9169271870066005,-1.3291345004874842,-1.0327077506801194,-2.1310594021191553,-2.4057510789272025
-0.11660568381722898,-0.4842791403077065,-0.2401999183954257,-0.3494340790239865,-0.6146982159973984,-0.9174402684101131,-1.425697873190606,-0.8443485066502638,-1.0792894281438008,-1.3340676022811029
0.11581298229153994,0.1313244298816715,-1.844739189058016,0.5003109791000334,-0.05210117706430459,-0.41498311291509765,-1.2724654109683229,-0.29080766536495734,-1.007512341099987,-1.8353360135708738
0.004989154191902359,-0.7138224808481903,1.3021686471928475,1.3879752940592478,-1.0192875233590533,1.152040845440617,1.3224452958203263,0.987174601381985,1.4691870731714771,0.9216950498434596
-0.753550104391905,1.414715309876552,0.10374142120237971,0.23324399462823,0.48816498127152835,0.2731819213294514,0.2194427689748433,0.4195859637827881,0.31724770098529476,-0.067395967179248
-0.2794019852936582,0.2903363181897094,-0.8051458107718028,0.0833617423621013,0.41176905615421416,-0.8898629213327851,-1.4723069775966313,-0.6310366802509503,-0.6824078822876257,-1.1136142765102077
-0.7578472359733641,-0.14645761681364608,-0.18161052762994812,1.9013965029333546,-0.2672371711353497,-0.11283718246863288,0.18429146907965605,-0.039034928986610234,0.4444134609100802,-0.07815743778253553
-1.0566364573520564,-1.682826830025084,1.435030005230241,-0.3846155714439479,-0.059667921546740804,-0.7090336889858426,-0.5924717089538095,-1.4176606080835217,-0.18433445883652977,-0.39509160677153043
0.8184892257784667,0.1595103764501401,0.9927856309121482,0.06068371508713534,0.3762885895411947,0.7920452219035475,1.542173449228815,0.8003909326480176,1.8790729390560161,1.1382974217121038
-1.114440813453124,-0.4151611292140857,1.8582423080252755,-1.404935926879101,-0.6702113869255903,-1.232866121336561,-1.1137126308976995,-1.2330239082587635,-1.0883391452695532,-1.3027440931243175
-0.8302048961331134,-0.8412605508967842,-0.45112905578076123,0.24365954682328997,-0.7861763732944078,-0.5399441331026323,-1.3475909924327962,-1.7812119542765703,-2.2047525214815127,-2.1812250738286783
-0.16245493706321748,-0.0004915299014145115,0.5357842039649842,-1.0708940105277218,0.17687292107057587,-0.5780345195076435,-1.044027904381756,-0.4914958729241353,-0.5335307107296664,-1.1736911955020373
0.6225313244085553,-1.681105993899738,0.6211832255160467,-0.3440520108559074,0.1187980115939343,-0.40134497683976134,-0.09438770772567076,-0.3439217282663072,0.08586203972951784,-0.41058861308099326
-0.06965579646056336,-1.119567599406631,2.0240139940461517,0.39868524027120994,-0.7323433527221017,0.9259704239681052,0.8851524627520941,0.4768283003067998,1.4972862189103404,0.5801775833764633
-0.006240263449040887,-0.2827800830835145,-0.8158618353046442,0.3077276658189403,-0.504250847095828,-0.5618691004614447,-1.6263927763197132,-0.5567186698077454,-1.1210700429410374,-1.5803640676859383
0.6309286532997888,-0.5331997647018759,0.721950856650094,0.24059222702223468,-0.6556600367333637,1.1290752427623865,1.8552716358472583,0.5981135327180201,1.1135344535582905,0.188950480717204
-2.846309967105531,0.6280336463906661,-1.3679318908656937,-0.3122403508710701,0.9306852942875632,-0.49236276910198534,-1.5316080269270191,-1.8563541596687008,-1.3570242441268296,-1.3098015367158522
1.8129347992755889,-1.485884824535323,-1.0813268839593393,-0.8827297643833022,-0.3580970301256168,-0.8423269141553481,-0.12950610074249563,-1.696285140937556,-3.394431882137688,-3.423588642719603
0.3979124217284044,-0.6010815930192535,1.3945691034127918,-0.47443746036544693,-0.6814856718891753,0.22473444892656497,0.18355120670944364,0.07329205002443039,-0.0037915833258726217,-0.4422306525192508
0.08197667347335616,2.155025580451233,0.15366496236046548,0.5872782153471982,-0.5796875053983829,-0.3637341197295937,1.0560827590528639,2.589048942625843,1.582644723311455,1.4853408218545254
-0.7713124031812479,-0.7150207790566965,-0.013903902329754345,1.688109356685262,-0.9410740819790984,-0.21869983187121939,0.32808698228335176,-0.16322331397857642,0.30020735186716596,-0.47300983105233485
-0.8487338288770142,-2.1714967604013946,-0.466593998523567,1.8012624498692058,0.24616579622783796,-0.7035074632728889,-0.5363437432687868,-0.8987699275604867,-0.11009126129528536,-0.3260144791177687
-0.7004678785689259,-1.1901501523343703,-0.19658748826011935,0.846697238855791,-0.9356136288175068,-0.8757716044643292,-1.680765024511202,-0.8851394426850366,-0.8932335865567581,-1.350648373654737
0.6876810617956052,-0.9244359992873118,0.6656221563811902,-0.02473044634132691,-1.1827373790173534,0.36546095056501,0.3640931100067047,0.24119793304667675,0.027760754106908217,-0.8862386141967975
-0.5967066697192456,-1.2290552433560409,-0.08040627970025441,-0.9850171350806808,-0.6810535817788222,0.9083880013941193,-0.4718587880837279,-2.9695008294933127,-1.5076596289840185,-1.174663538544863
0.6193892663716364,-1.7363508361734399,-0.9546172165288882,1.9780753602070136,0.03029317057069169,-0.5222807709323557,-0.3221436049035537,-0.4410727991898131,0.0032896165951701306,-0.7201174739512733
0.14768662416289252,-1.802835323144814,-0.070877399408373,0.1625489583656407,0.1311453178631015,-0.7836464263445027,-1.1896603460451391,-0.9182643196629371,-0.4809442421718535,-0.9742495214971965
1.5428106634288246,-0.2657652906984356,0.17628692980889663,-1.3187852689994175,-0.40874543136188957,0.20918969784632938,-0.8420963360141756,0.16580301425561983,-0.9611835301173702,-1.6743574595755073
0.914335929384701,1.011348981535737,-1.0234245942085685,-0.14458972257714778,0.49137622048748364,0.8702439465511151,0.16677299874213014,0.37218450157261557,-0.3068447099615371,-0.9434542990472428
-0.007518617840461261,0.29128757499120705,0.5988092101028982,-0.7924143961448952,0.5619764803660193,0.3384987618616543,0.2858589177030264,0.15735035434480799,0.2137136095981667,-0.2282619797759477
2.488974974357239,1.458321340797619,-0.5583331198433471,-2.092841164003721,0.7990902718418179,0.12224070686799222,-0.9613413193170852,0.10478897300040485,-1.0248343704612053,-1.908895093650918
-1.356482679381091,-0.1452140967729477,-0.642295447736636,0.4580102114088676,-0.25401133747486726,-0.8249409623213947,-0.9099447186109484,-1.343209233094567,-0.8677102185209968,-0.9809809244186247
-0.467002976873715,-0.7561768884775092,0.9897685795880764,1.7722553016376015,-0.753207091933828,0.893809374930285,1.8031126863939555,1.367469065560281,0.8871302873301979,0.5745133196730048
0.14858879073632325,0.9521008959894085,0.2758008913936588,-0.1989766328574114,0.4220764894735659,0.7415678377314996,0.7217797441087553,0.9095314114911381,0.8083304567448217,0.25918854915529166
0.15289560514549336,-1.7894111486005024,-0.4985175409305503,0.4211474584309546,0.1763106821522883,-0.9737303432820418,-1.3012489251191184,-0.7154859602043924,-0.5148339190731911,-1.0857997922015339
1.3645105503869321,-0.5159422151265962,0.736138762776177,0.32844482382953766,-0.9835537777220822,0.029625910315925444,1.179409787844425,2.1489862057238898,0.8568137099110383,0.6470324767126234
-1.4317102906228993,-0.9699300481928124,-1.538981382119117,-0.8353819190812216,-1.0754526670215747,-0.05446476937723023,-0.49221646491679066,-4.621468579133282,-2.5074209023792635,-1.8184428983794974
-0.33904622616352426,0.35691736007326574,0.980039011070303,0.011140078700921334,0.6252132218579585,0.8310586775667463,1.4722264199852892,1.2643492573414554,2.03263059469839,1.4481860909975555
-0.5501053331930356,0.23581571698880718,-0.07419021780633825,0.5825354924227486,0.4389970579798619,0.8441155720824789,1.5281042851470952,0.5341173734935674,1.763120746926011,0.78012432733289
-0.6257385730021869,-0.1127402984917907,0.48551193549150595,1.180535230177884,-0.2621498185385331,1.3244605054126373,1.1677428086005124,0.6680476738830555,1.0674977301422484,0.5593988544132528
1.079379269052674,-1.6285283230378633,-0.7478714983486108,-0.9495058130984169,-0.21538047384685036,-0.3126261613210336,-0.05288500433913061,-2.0995220160865946,-3.139836762766723,-2.9242898744917043
0.5945295486154861,-1.0280372370770683,0.09442148765607389,1.4381484325490774,-1.0606297692466722,0.22361375505725387,0.20970897906352035,0.15037839559848515,0.15501180139391763,-0.2847825115606314
1.52394800540666,-0.5930430826922914,-0.748918494568379,0.422885636384302,-0.8811289465673129,0.6671235641721551,-0.2758735199188036,0.2841117911446689,-0.6183111689626779,-1.11578852830277
0.02163525737490683,2.346159729955304,0.2116563063200347,1.231415955945904,-1.108531048976329,0.4979188193235735,0.5460143970281787,1.2752025938982863,0.414359251195104,0.0801014264089473
0.35005563131955086,0.136035079699288,0.25143661185617,1.8431934314901113,0.4068921404231375,-0.041105859231008096,-0.11473493233636256,2.2335230114450244,3.063683225364214,2.7792684277910493
0.37252821083360166,-2.56354981593627,0.15137503329889263,-0.9928159397018053,0.4940096169844055,-0.8319049178476446,-1.8317868256369636,-1.6578989694855972,-1.426285338336202,-1.4830162806466414
-0.5462906899941707,1.3346083297154991,-0.016537671106465784,-0.9465907247700204,1.0070143485588956,-0.4088673931560811,-0.516106899680476,-0.3585376758670755,-0.2813106469029758,-0.6342443325245012
-0.2827648129554784,0.8251186320638593,0.07682155201991708,0.3275182626967914,1.3747582873492652,0.4925911372039644,1.7873511824226802,0.5190758658115581,1.817957899445115,1.0385899165166623
-0.8174292399679929,0.7632383672612455,1.7553935914930439,-1.4036748757728825,0.6006371180288234,-0.23156195314586148,0.4178188262154554,-0.1357792242437589,0.2982860297147994,-0.19262976478092475
-0.08857847154668798,0.8238356921927744,-1.2113792482681707,-1.8264736874789318,0.8725523372959132,-0.9247972926647269,-0.5469808502937497,-1.4781091240254065,-2.859382483560855,-3.042081992126163
-0.11327672252217862,-0.3657835602932529,-0.5021159732356344,0.12762627748714972,-0.6738200666596016,-0.8172848887469418,-1.9156126822261428,-0.6942503590594455,-1.6778298765998643,-2.3403402578718437
-0.47618188651471666,0.5187778488198251,0.04682622184140754,0.014767702953181125,1.210512935255207,-0.15964545052526255,0.43867000670194417,-0.12232631580026201,0.42092964412772016,0.008657552239685187
-0.6742116384284494,-1.5680482075236604,2.1810217873373,-1.0401785273558464,-0.16934628298404694,-0.75599270996172,-1.3858896478457141,-1.8150180495210293,-0.7208883043754345,-0.6997434096282447
-1.1932207431805224,1.3838315290055474,0.4475039737883969,0.8908786137206262,0.7549948536974919,1.102013333934142,1.2528430134134507,1.6865002847976098,1.8794189762025375,1.5289561108918723
0.316792771555031,0.48415764147868207,0.10853917993103337,-0.5158006862752487,0.8111985050836339,0.24245467258740125,1.324860672249708,0.41783400637592594,0.8659442301006617,-0.05192812598194467
-0.38979680101948505,0.6445835027784481,-0.7323874022191044,0.3832094481050493,0.6449957545308324,-0.1979828998058695,-0.23300728777654608,-0.1036798806742629,-0.10496104728141324,-0.4751751977805203
-0.4763762442633489,-0.773948993575841,0.569161415275451,-0.32759418545312713,-0.8357219795152444,-0.7077284429843269,-0.9627519577301435,-0.9090611461703482,-1.1644033377326963,-1.6618200894177664
-1.436999066778368,-0.5609452910275913,-0.4311567216361203,3.1595310389194196,-1.032670743531859,-1.1564796080000066,-2.1731942958382766,-1.4167237140979383,-1.6019729859348701,-1.7795812779164515
-0.08547502045670063,-0.7014748884174734,1.656930347328598,0.457569210724209,-1.194315573386544,1.4824548719862554,1.3791825352651974,0.9861616387853748,0.569370329957393,0.18412440125180005
-0.0026470716392458485,0.09300993822244087,2.421594323358925,-1.0386074738262598,0.29528591601585147,-0.020603854038312875,-0.04114710575947117,-0.01613157903425866,-0.043903892705118006,-0.41688863036845847
1.0769375156737604,0.6939659113959193,-1.451893356039659,-0.11538154671890573,0.8523704907123482,0.42442021580030465,-0.02034048245791359,0.1836616834528174,-0.32038411272436973,-0.7518867148462108
0.3794076569306487,-1.8753334180718209,1.3264980273099634,1.6722948137394775,0.05442977599654811,0.6804886582945865,-0.09363197294158698,1.6786809717978237,3.4841555616152786,2.93173669320206
0.19375470331038006,0.6004725409611037,-0.5654514726100233,0.06493411826889206,0.5655885319866532,0.5244476551626915,0.3641071117666853,0.31624886128573204,0.2896891145318079,-0.5495683312075411
1.6234522863578362,1.249234157756212,-1.553194048693101,0.17723008957446132,1.175069109820716,0.7067490729726537,1.0270892535554528,1.136232858900674,0.4986078705271663,-0.010401933775046404
0.9728926434618507,-0.11474650753560296,0.28414209950260255,-2.2525506464003784,-0.21642232753755494,0.029506525227823308,-0.6223163905829487,0.11079211419515039,-0.796854231009197,-1.470150788000252
-0.9295531193054041,0.21405138050024755,0.7989354456334522,-0.04362407620219122,0.03880380828094965,-0.06037236735055856,0.6820948112043087,-0.04683448103204013,0.803374589298672,0.05680142012772291
0.5459323290866244,-0.4052353022378941,1.2721927056238034,0.28236801318422555,-0.5450302380256116,0.8158379412209367,1.4561649697540398,1.6037744655319728,0.9988410075865105,0.6733313054087599
0.7121689323861523,0.004677042763189559,-1.1317397219414982,-1.8696645821134714,0.038879048530700434,-0.9605012845871815,-0.11825258304323603,-1.2008640530220545,-3.405130355165012,-3.7739581631443806
-1.389437995310025,-0.04503698421993161,0.5259949298886335,0.9299347453952178,0.15642258097082423,0.1469830388268556,0.5394398131296483,0.2077761412409973,1.159774766461357,0.599588667129579
-0.1294384073741218,0.6116391106229617,-1.0886107941884584,0.6878953362789433,1.2774140855305394,0.16708599835699456,1.2408270209617582,0.23577354723657884,1.149628277200533,0.18800409073308008
-0.8035293984199192,1.018259103090295,-1.3082083576033818,-0.7758215029472364,0.6587215739475275,-0.7899453823317613,-1.5220836481422158,-1.3239919242124962,-1.2837482843093766,-1.4093749268487965
-0.032681439933967306,0.14769408189959998,-0.3766116012090214,-0.38722616653229586,0.5318637684965919,-0.6820567316655533,-1.151963412262865,-0.5710861516215047,-0.599559904127862,-1.0430751406049896
3.4520102842259295,1.1873830247248405,-0.5731806862398428,-0.5336973592382074,0.5542680437248957,0.5234648269594083,0.33887279110619295,0.6482009956355379,-0.04507262970253832,-0.8915263050016403
-0.6415297615250518,2.1918365615363804,1.0731599131645064,-0.8512505266597279,-0.8019449285742914,0.6136763243997194,0.17033011476330534,0.4391255486955583,0.0048562784519494,-0.9208547448961445
1.762512456255797,-1.1098463058734296,-0.8160127581872231,-2.1379635053902284,-0.7805415951913628,-0.747874329120136,-1.1292729315383716,-1.5379214796268756,-1.9756938626980478,-2.0317282102067784
-0.4606333397720775,-0.07960617396477991,-1.0694106705484017,1.104226928858274,-0.15712146388736317,-0.41232024433293524,-0.5553350744780012,-0.3587918562602925,-0.4005047266168107,-0.7413302064996217
-0.5792434533336094,-2.0705717107911954,0.7952722112210381,0.3496277112274637,0.40336988688720504,-0.4328131653527425,0.44024002655525296,-0.3700831964238351,1.4474668970192668,0.7012579986809511
-0.8559369630257465,0.12256470933890336,-0.5482993461707788,-0.12541317431116572,0.018700407278015724,-0.7343459081883477,-1.8352983722332343,-0.9712511893017011,-1.2785652475196545,-1.6545661315673452
-2.081715442614776,-0.8576350248399813,1.3428342080099858,-0.9881560145511772,-1.2281953416680775,-0.9440440742473855,-1.0722233113664925,-1.198506375763435,-1.6099093936462474,-1.932003614221164
0.6058107439634206,1.3605111451767917,0.7999421583635443,-0.589979260863528,0.8219842910640661,0.9063524884646499,1.9090765686726288,1.4338352301622337,1.1602655501299735,0.7590726020810684
-0.25165815127058805,-1.1438072576980536,0.7719269422132761,0.13177151342398236,-1.0233561339461978,-0.1396384359605387,0.07502849099315376,-0.10846015098345108,0.13839865776058197,-0.7448469786449186
1.435030528062471,0.4450326099347084,-1.08018908829191,2.3816551335479277,1.2307372529594578,0.7974750631759853,2.2722729368221124,1.3928196701930875,1.255467756954107,0.8305321688612204
-2.0238599586130204,1.3772959117322672,0.0004466816664152718,0.013400472279480196,0.20975227387680773,-0.23688064392404898,0.014658006647113975,-0.0628451537741495,0.2534035624345961,-0.5739775845261774
0.48216003048294537,0.21022198718327165,-0.30456148462723465,0.7345327005135008,0.17258122122291214,0.7927625562324258,0.7480536871352561,0.7471960406062437,0.617735794638873,0.11425747780473135
0.9626502179417744,0.3183188934611838,1.1635857085592247,1.8162001237530154,0.48295355060153544,1.060537925949694,0.16211241132016085,1.568558631801328,3.4245308026379773,2.8806619727089005
-0.4332943758330297,0.7351264503955934,-1.2780628046475988,0.11802965730532376,1.0180777364937137,-0.5867612767872792,-1.010974192245815,-0.6244547303217176,-0.46501742908423044,-0.7650791610740166
-0.5794444470941862,1.5288885088376263,-1.1660242601384574,-0.4323442374396871,0.37104550990423185,-0.9956916063551463,-1.9182805268100531,-0.9421074808206352,-1.725312664569409,-2.1328563166436436
-0.7176339382324517,0.5619420141674583,-1.307359621034763,-0.3561354731134343,1.1862087456545793,-1.0593870038119169,-1.899178626986411,-1.3276707408586372,-0.973176497840774,-1.1172376615414445
-0.5677582513578712,0.06483287987500587,-1.0871527989366216,0.8823575777764061,0.1864107472274305,-0.46548661666469354,-0.5469727409793583,-0.383612366913564,-0.3027770224134785,-0.7647599411005482
-0.5841933860701509,-0.3581282836486188,0.17627378970097624,0.3569431712730956,-0.6118948645858685,-0.25001146047408784,-0.29276537978005385,-0.17917631332483935,-0.14561332047047523,-0.6584457944423118
1.4186440209180529,-1.1452349843491842,-0.09439005992789462,-2.3455884751767013,-0.6809083121380063,-0.8373565812573422,-1.937089899992688,-0.5966324448734738,-1.4950354783472053,-1.8581767005416525
0.33905894607292764,-0.1316128579250876,-1.0869332097534214,-0.3195194325568638,-0.23077842151948635,-1.0156618461646452,-1.0863581252849155,-1.1727836472469528,-2.7123688857439823,-3.0917510530459054
-0.28553663717468336,-0.2745106893652398,0.9818184144640306,0.44810288149917016,-0.5371791651277469,0.4611333518428984,1.4444923495117823,1.2171236872802655,2.090000061249964,1.2933108364370527
0.19701892348938846,0.8283452065687714,0.7474779274319632,1.01299813075824,1.1314602551195008,-0.9621761829309907,-0.9592349808708127,3.324160706257103,3.20825485383102,3.5068295171522847
-0.170419421399505,0.11369423123966521,-0.6844772457372151,0.7290646339487235,-0.07744836365728038,-0.003672384076936694,-0.060117028204431405,-0.06756775819127847,-0.09339188200960173,-0.9547663418015646
0.5450859416129284,0.6676825715283506,-0.84003085797884,-0.9406951638833089,1.174350210941978,-0.9877963516086361,-1.8966853065336096,-0.746981293085822,-1.0260547167158616,-1.4207322082342075
1.5930125509832715,-0.03160469019810769,-0.7938976474647658,1.3785743060556126,0.03963814528823864,1.2125028524055592,1.5041768363277432,1.7256422084375158,0.715267675524495,0.4108495410026029
-1.0090148061236033,0.7765813265721621,0.7779834373437147,1.0269878161187276,1.2262515000373644,0.8781015820728574,-0.25065956101251124,1.9211738675316148,3.8320487745287224,3.3912720246014563
0.942962250388836,1.0020127949420277,-0.5129485807213396,1.6064624761504356,1.4489424301683373,0.6413504531686537,0.40833852421727196,1.1356930814662423,3.0859222890436904,2.2235066324255484
-0.3483568205892516,-0.06674032907460813,1.0288144316755476,0.2505995728664948,-0.15256722117524532,0.8980912398110098,1.9078887095651207,0.8196937871816631,1.0061899934930927,0.5136704917075617
1.720293868281086,0.2816831231366994,1.230278350726852,-1.5180531862928281,0.3836241041930274,0.42068092817200453,1.8197011680673132,1.0318420900715564,1.1610147201826506,0.3951477132376653
1.3786806852960694,-1.116325698770531,1.1172857106610674,-0.8117270653205876,-1.0609516347088368,0.2559355178984752,-0.1857529890664354,0.3003709965300602,-0.2779328340646296,-1.1187867951690702
1.0290515465840433,-0.6159104775670339,-1.0828896545307898,0.7656113092720266,-1.0404622982290748,-0.048190770235740255,-0.8338182892941433,-0.046697390672739016,-0.7631809851802116,-1.1632218163778447
0.18416923413615202,1.2704197212350445,-0.4113767008887061,0.7181196847298699,0.7336465041701583,0.39674231488614403,1.294311588976123,2.070126689581125,0.8076414243602635,0.6282062046474077
-0.8701937771785849,-2.479505695460719,-0.06340846850464116,-0.672913087025912,0.9044993068734327,0.7539779858845691,-0.29869728862925093,-2.7247173488834178,-0.807475144890955,-0.42100544188518135
0.4752490218410326,-0.22844568311873906,1.5851066699889154,-0.5089982800040458,-0.4500349203703384,0.9665915175099724,1.1486116480649755,1.0709047016728988,1.2712226609211483,0.45871923628547084
0.5150302357250585,-0.9882749928942013,0.04311720298143231,0.07827343829772293,-1.1648796096000809,-0.21678616877032136,-0.6796162715684556,-0.1673899688775837,-0.6674786896191487,-1.1323934292454052
0.4328715696749635,0.6541881751678773,0.1348366497455861,0.8007898536826101,1.0432265196467212,0.3938797452041904,0.6426197712304108,0.9364071046436901,2.556289529133069,1.766159528318851
0.7716267329006709,1.3213137027697262,-1.4802287227044355,0.9653982210736712,0.3009341961234138,0.8044045654593669,1.5900181278627463,1.6332506412932226,0.7508157752031187,0.32106471824430133
-0.5706386694731854,-1.1604548857900792,-0.5831179563948266,-0.8311497041335044,-0.6579021985490862,0.37112093571454546,0.6752232443643829,-2.455321560712092,-3.164518977083015,-2.764643067033977
0.6562574332761104,-1.2834271368452428,-1.0857502440240816,-0.07321918424381217,-0.5594553072990746,-0.9818546942352855,-0.730859102989227,-1.6329953703951725,-2.8639554688594147,-2.9336960148641587
-0.6618492087548389,-0.8863610931926281,-0.03302171986944987,-0.8311468031998819,-0.953064931257236,-0.24498990853529856,-0.9447318010072643,-2.1451928832430123,-1.673753816915418,-1.5448552965835964
1.2711317845413828,-0.24793217542391197,-0.5712526242451494,-0.3591461212673473,-0.4917539383410028,-0.361479720968124,-0.854900711977073,-0.27099843534960294,-1.1036696929776224,-1.5526629014535591
0.33541993852969115,1.8957189662175935,1.6009973199355412,-1.1741887548423162,-0.35764576845312007,0.3163401234157958,0.761468222305704,1.8800528646219956,1.0002073766696244,0.5641538873781186
0.09181651352990952,0.9648069583170412,1.6192157777286162,2.4647191562846174,1.4800654864729765,0.9905138093840529,1.0323482370005215,1.5378667246511915,2.4092468349570844,2.062410501774497
-0.04673215150361117,-0.33662216785730614,-1.2733492518204943,-0.01552448108418466,-0.6792640807527647,-1.2520441754524787,-1.5846239583733364,-1.117214779302736,-2.261958292162195,-2.568885518198459
0.11840635703949921,-1.6698007067061167,0.7671597348730415,1.4747941495427623,-0.13960418179499387,0.5560710603826531,0.6290993892693292,0.9559223121164333,2.8155765101128063,1.9721222585123368
-1.1770137156357936,-1.2018640337404176,0.38759598141444584,1.5701663049171126,-0.6317113426232666,-0.3599371017113936,-0.05769115377732411,-0.25589740200537947,0.12979824590804787,-0.19992648700834564
1.502360563361532,0.29804083301744977,0.6114759954611634,0.4877284489493643,0.8788848695536038,-0.1037749059839403,-0.5977525809032889,2.4059244982503003,3.7088141647707493,3.484782589647004
-0.7247752744068713,0.5325073463399791,1.20555756085398,-1.1608975857439023,0.7135893108388425,-0.3790070157859331,0.17803259724378506,-0.24045253737030414,0.27393303988114126,-0.1681198918061096
-1.2360057541455405,0.8895297861329092,1.474316395672333,0.8320983902635654,1.5775927065768287,0.5556155129189264,-0.0621571240781853,0.6908319215196237,3.3493412776339375,2.6015612973367297
-0.14523243734054464,0.6464580013145271,0.6072141651906723,-0.9934487382332631,0.5948902253944026,0.1601041036100203,0.951700276440356,0.06442619598226265,0.5329528537542207,-0.35723967033370874
-0.6192005113948884,-0.8089321843357165,-0.2917166956627563,-0.6609242876457584,-1.2529949040434278,0.034841248955477175,0.8877305314562496,-2.3990105257819425,-3.5467225866910788,-3.112660976828254
-0.8459641704672896,0.2262655441267495,-2.514253320465748,1.327527289264939,0.6598013754296475,-0.05502941443500567,0.21735184975378552,-0.0009953345445604111,0.41927082476161825,-0.040034240426670996
-1.3064208487815183,-0.7037581659865368,-0.04342186554041746,1.168002692293226,-1.0702999284154728,-0.6372258118578787,-0.8508402512238729,-0.528705363163075,-0.3157376766722428,-0.7771416952136694
0.8071427478578214,0.4021411291276914,0.5018582864420283,-0.47339185673972967,0.31392623900188704,0.7415511896330846,1.1808474373962314,1.1398578045834746,0.834677388286805,0.3157515968907689
0.3009103103185988,0.6339772380539052,-1.6054260859491787,0.006837296739170693,1.0402070182185934,-0.37723107463033634,-0.8304683479650776,-0.26999028580017775,-0.5008464078457591,-1.211888535814124
2.0130913595518334,-0.198913622796259,-0.4159690373901721,0.5834633738322106,-0.37815256546774206,0.7164229315877523,1.1820037264667498,1.4499962083146545,1.0762457981199534,0.30831002141213365
0.4962818084302652,-0.04788090447260152,1.341891985304588,-0.45462422638900574,-0.1258968453792189,0.7316074989858463,1.664847645987665,0.7030222013579169,1.2522849974865164,0.41364337254566613
0.7885289180200606,0.02360548514333479,2.0469122691964667,-0.8693209764047996,0.07680945097792533,0.867986288388036,1.7483921895448078,0.5212331592165571,0.9491235091385686,0.07901638506948984
-0.5941587648521884,0.4113949856787974,-0.5598555595600077,-1.2548625334819137,0.9929320099844609,-0.6176272324142152,-1.4892540162791028,-1.6491904309947465,-1.9622114682572054,-2.0209428574772645
1.7129787488944934,-0.027883548844176105,0.4109128618694831,-1.9391841284181817,-0.014242176892868878,0.6631932268778671,-0.13015447886110684,0.25898235929834684,-0.42653459142057404,-0.8202598055581658
0.4616122394993168,-0.5705674043579377,1.604510287328159,1.1929044806422493,-0.7837133534513865,-0.17357811280359275,0.4313203495417771,2.4640468168853116,1.3431524225205413,1.2568585616730747
1.3016606967602162,-2.2378370806203702,1.8678197225875866,0.2963507533218141,1.0409089663879616,1.0287258282494247,-0.359248310486805,1.4957786488081681,3.8810822583150952,3.174097289531918
-0.05302501524960182,-1.3210011080314064,0.8595554141220073,1.0331968455775598,-0.5488317988652844,0.4194252085713258,0.4465173394205929,0.17236407663241654,0.6164031461142273,0.20017963795236543
-0.7491884362427671,0.6408703065390445,-0.010786200118067229,-1.1846034220747175,0.5518835970862717,-0.7341131274162096,-1.744916696372711,-1.007471747542913,-1.138456420083661,-1.505342423847287
1.2113084837003965,-0.6326285822916685,0.23457336962775346,1.0321494991270743,-1.1231884981983553,1.0786743200195965,1.040664183678487,0.8185219747905531,0.4924180383002637,-0.007460777330642328
0.2106521634045504,-0.20076514062724435,-1.9936500862852007,-2.9911635107519343,-0.3705292249113455,-0.934224048302233,-1.7840323196758316,-0.7475763931541548,-2.0644244619622856,-2.442251652425594
-2.078224022493885,0.2339114472569157,0.06516911053077981,-0.5561504838985142,0.6568821760600148,-0.8401272486469915,-1.2732560151177919,-0.92870267358533,-0.5196022680190779,-0.9261402142956846
0.6203600263988966,-0.8075505342813654,0.8041925487412017,-0.2523478368684043,-0.7855020443865333,1.0234774055858462,1.2789399654998612,0.4764365682633516,0.24798786725780192,-0.4516225975158488
0.214791762938409,-1.0588509609022148,-0.706648380842333,-1.0022650409517657,-0.6996298404511355,0.463202895171742,-0.7180428183816677,-2.652330149060483,-1.932802703098595,-1.670348171244665
1.0174566864951726,-1.414640019250692,0.0811310084307742,-1.2951765273882374,-0.5805854622134914,-0.762710846752567,-1.153903131243013,-0.8468599984373568,-1.396243768369074,-1.6954598390447435
1.1986046711481142,0.331757668195943,-0.4109894799486514,-0.7198404252055978,0.7830206041706714,0.02628110874420199,-0.2883200785107667,0.02024897027209179,-0.3657276667503763,-1.100472902385727
-1.5743197748551068,-1.4246975688337142,-1.0025442656892685,0.695811765432552,-0.4552751004250785,0.23761507424492448,-0.6858319280492366,-2.5044014052388173,-1.129341277527583,-0.909585724972322
-1.3064739172670927,0.38549738674743084,1.1889171019428142,0.6204221985168893,0.3786522560253028,1.1226685599180217,0.9299180933120298,1.277800201625102,3.0033717216996916,2.2992092474454786
-1.23019206847251,-0.09465356804577979,-0.9870290882777152,0.9499719451403347,-0.17905517150124503,-0.7495258679086473,-1.3681684496268547,-1.0365416815279498,-0.6852820121379769,-0.886392742397945
0.9179852248548538,-1.7716904875007402,1.2598350874870883,-0.3927836617155064,0.19985372169866966,0.06400144354906584,0.5994172141872447,0.24433934550931585,1.035448138101603,0.30518302221460103
-0.4464739313743134,0.2608382935765685,0.8872609539569108,-0.12091393385256147,0.39068405739864803,0.9118781577296007,1.3312661711517175,0.4662176738942938,1.5140207346729717,0.7161501561254495
1.1602508792099973,-1.7000532916897333,0.4472744956269302,1.6786328021069121,0.03619533409126157,0.722461577626868,0.8110513448073803,1.4956245980875795,1.2532497688000215,0.9341396682212677
0.6604905815872507,-0.7233210504940251,-1.0029264304841514,-0.0713189445704908,-1.195062406358152,-0.7288851780726439,-1.0978427120388181,-1.007651789306509,-2.3838267776251407,-2.731377885061882
-0.944978274286227,1.000897092171995,1.1152464811469478,0.48752975006684623,0.7222877279745175,0.4566647777791287,1.6728707377913739,1.5668094939304156,1.5892273505059773,1.2700531098186612
-1.5278588805914215,1.0193796611612138,-0.8966183866670363,-1.4510649984524209,1.1985845975667844,-0.9625255494516353,-1.1051531984470142,-1.6518512957176572,-1.9381713043300173,-1.9865129828193768
2.273287387407676,-0.9104329501577931,-1.1660192807583885,-1.2120578348768865,-0.8955615578539932,-0.9415061188451725,-1.292030150652871,-1.5652314049523866,-2.064942582848334,-2.1125438533339223
-0.8173558499913788,-0.9092199517907823,1.0775609159611723,0.3571165137680794,-1.1642371494780843,-0.07123006077828324,0.4605566300024949,-0.10220982459060232,0.38633806973945806,-0.36358270254049146
0.22658661622196213,-2.3876408858762983,0.0785982052444304,-0.28011414826298636,1.3305660645788489,-0.7518887760128551,-0.5826154332228047,-1.1329428825255103,-0.07393703014843978,-0.2803703469948816
0.21198183529855869,-0.5529995726093735,1.069793389460386,-0.4085207016243036,-0.816714831714347,-0.08407366579545872,-0.06760332996633188,0.08193374852419497,0.0013010893357573161,-0.7100274176107105
-0.34529559116838165,-1.0324146375028764,-2.4392750665695457,-1.7760944120026962,-0.896079324273852,0.8265768921102202,1.0228163350119834,-2.905786297846528,-3.2956895517003852,-2.7925035103849116
0.6023425723222793,1.8436469921001524,0.25831740827137045,0.9863943776978786,-0.2505352239949143,-0.13264567023481116,0.4308735101098702,2.449120198955283,1.4448519062115586,1.3266490731630765
-2.182589677377077,-1.0654034736924498,0.6845878147111397,0.046249003155843085,-1.1532026330975687,-0.8837164277760372,-0.9975882209707616,-0.9690578802635723,-0.6194743387300047,-0.8228805768122217
-0.12485477361722441,-0.17072383255090023,-0.2394697492605012,-1.1006618168878153,-0.321251761716305,-0.7816419641495418,-0.8022412387654262,-1.6657093726000165,-2.421566102215759,-2.46383002373701
0.5170082402080829,-0.4844001078017236,1.1782957878240774,-1.3509404369151279,-0.7985990964040474,-0.11051566166695337,-0.9185298753587923,-0.14603224555726474,-0.7274048532698569,-1.408235911374281
0.19446901187421453,0.17842965861395674,-0.23155159692071217,0.07916597778442543,0.3894842936536665,0.7547599950941707,1.4640549788059558,0.27328320646272997,0.5860536243650799,-0.3477167784331589
-1.116541159741481,-0.9098354296700468,2.1694855718202337,-0.659147617887516,-1.0363748676280176,-1.0617176039818643,-1.8326436852144106,-0.9083444322059596,-0.9215691038232304,-1.285759885342792
-0.31076820526392607,-0.610027651250454,0.13296118654494868,0.06030122646114393,-0.7097798441265077,-0.8151505539358651,-0.8467220107580566,-0.5968705926901511,-0.722304908556981,-1.1843423377796447
1.2397397654677766,0.11002678064426492,-1.188770860672654,0.3749545704010281,0.19912030181873658,0.45814744426164644,0.3602018468657897,0.5737109288404425,-0.09580904642215171,-0.6337003087499907
0.45283988281588006,0.7571511254895682,0.3321329265343698,-1.809146441536764,1.261757503463827,0.5549163472235437,1.2803756334894905,0.27753324999392864,0.5958671468990382,-0.3408988889803403
-0.06886579756791457,-0.6997033644673752,0.7822518891789313,0.40384686617047477,-0.9211732133328036,0.2314892833305851,0.13209990357349075,0.41656894476767775,0.27102264084375444,-0.15515489332822402
-0.3692850376378755,-1.2925096607694926,0.38441097797644863,-1.4676472727407468,-0.7686898973747938,-0.6169060352844341,-1.1232380603038161,-1.721489195265997,-1.38038479618569,-1.3868000944197565
1.3049287215759586,-0.15989637236069792,-1.6302682712889018,0.17106958654377902,-0.2966946433300589,-0.26116556877718056,-0.7471675704760137,-0.17828948631060204,-0.9616747383909178,-1.4113360261398789
-0.07807939092748206,-1.0783967445306573,1.6524791407643231,-0.438112647973469,-0.9627883248085862,-0.4364653373965853,-0.5362254520829458,-0.39799661827317323,-0.30181030875199055,-0.8094880151501616
0.7295501671682677,0.7809834240952549,-0.20143620156684736,0.7182374916974722,0.5435880303338382,0.12713894223998437,0.6646016956566966,2.2267062397204143,2.0033363591606377,1.73291297789508
0.3934014604732274,-0.5145385750803106,-0.4310950414898969,-0.21246073431925996,-0.7301344140241485,-1.0569827256535498,-1.8950085230094018,-0.8766043613014105,-1.6834862386639644,-2.073940684606597
-1.8563792890044006,0.6523167537708803,-0.08706929238506277,0.7614931696595852,0.5893946494216177,0.6940661672940721,1.7584465840097492,0.2949166424280653,1.7676814465453734,0.8129663499946654
0.004126195697001558,-0.12566887766159066,0.33164816435077105,0.6718898845349748,-0.36900570439805147,0.7211676527397736,1.137228372931688,0.844097306889542,1.568621179352171,0.6814775447116526
1.0723969441874095,0.5773030871300036,-0.9984337824029427,-0.8587501303521774,0.7048014774023992,-0.47378346120545417,-0.9341280754399418,-0.3695936579158598,-1.2816890059001802,-1.8956646962342898
0.6698979780760463,1.6445116796324823,0.8455334294562806,-0.9177482788825481,0.08723820731580599,0.0757940698188903,0.9065050221994814,2.141334855973863,1.108845452386586,0.8264875935480345
-0.0819594439240335,0.18172752474042939,0.9903976529665911,0.1190249464761288,0.38845388991315233,0.5920912323851626,0.7565029573492577,0.7769344564574022,1.222800236559794,0.7199196590030277
-0.40299352835720537,0.4213530407123321,0.017131874136314888,0.5119025718681389,0.558131115105637,1.524451081501542,1.930746075752351,0.754810624701033,1.5479240523156916,0.788208043179096
0.6239521948715049,1.6319786093883368,0.6044539200188996,0.18629268348658293,-0.025268556777694823,-0.33432104835721577,1.1766569362182577,2.599845124523732,1.806933727789825,1.7318602496751456
-1.852255135654387,-0.08488966650957722,0.4236850465548767,0.8638795150993397,-0.18959289701047283,0.6716908901462408,1.2963843440422358,0.23546705931919476,1.283717669814052,0.492567127777706
1.3716445925909553,-1.1228297418862014,0.2814454426637052,-0.2959047195180051,-0.7784339681221074,-0.10720151589767779,-0.5963318312827028,0.016380861474738627,-0.4579092929391277,-0.922656787033141
-0.4903245105221056,1.5280603681387062,-0.5556045555862897,-0.46474544319228217,0.5184234139607089,-0.45694940458770744,-1.310374976541386,-0.41754682855164604,-0.8217825427011556,-1.422833660071849
-0.32108102716255776,1.0214815182910326,-0.6706575400983941,1.5322144573030438,0.6239062333077681,0.5111345974296038,1.1130889207815875,0.5830457291701355,1.071342655665708,0.4573591342271911
-0.32727357208645,0.5357520583511617,0.7491859523385823,1.2764817619161388,0.7311916681184081,0.9448361920068475,1.3199974898861913,1.0044958074804153,2.3760229943611852,1.8048364258606957
-0.201381760402689,0.4791249687853566,-1.107210366538477,0.4291057543655345,0.4957269952795414,-0.2609693705932944,-0.45467056116222554,-0.20572873921050788,-0.299096195504334,-1.066101307843387
0.8825147089650079,-0.5459514487629686,2.385418785364195,1.5095585180697215,-0.7402090078920587,0.6936984450875547,0.73812114652857,1.7378751766294815,1.7064024296994071,1.338031475642141
-0.9328298066655527,0.6522796764085448,-1.623986042175458,1.0790668102588654,0.4580034281691118,-0.3006474448540477,-0.34212105716923796,-0.24551108381482117,-0.15190810064767432,-0.5212907774824952
0.05343497327596931,-0.7958170326309969,0.9357709494623654,-2.08489516024475,-1.1158439287907236,-0.7153242376507621,-1.4930605144881728,-0.48919419860810315,-0.9478444963625865,-1.2457390088169409
-1.3778765306532785,0.9373260221391099,-0.31700813722063004,0.6633735042574904,0.5377048835132793,0.29150863896507634,0.8424841270459271,0.21494462807573525,1.3488205479498496,0.3804183473239351
-0.39890368690864125,0.5251265132466385,-0.11895280046042615,0.6581211559214823,1.4558043091483062,1.207471285965614,1.8956669388737433,0.7597387007612841,2.3162284230608132,1.4778838466712267
-2.606742202703599,1.0044713412828379,1.275713436055965,-1.4155933375444185,0.4156312629283092,-0.34122365641758673,0.19582137575037914,-0.24648848107905907,0.2334714363719042,-0.4610861872786039
0.5556500109555957,1.2701098972179143,-0.7177112403892666,-0.1119936638712912,0.17891460389864428,0.6555713751947662,0.21572642197994024,0.47242774872337445,-0.27788503642490797,-0.7116426817520085
-1.668538137790643,-0.9046389524656201,1.4641516118096058,-0.8621445779419373,-0.7995008503424818,-1.1168962454806597,-1.0445163296083992,-1.44599865242834,-1.0086064454402928,-1.1361194592789952
3.394488494171793,-0.6160173265831592,-0.029177679736298374,-1.3419282502030634,-0.7330222130964471,-1.0107579834503257,-0.7558949812138006,-0.7251751769545974,-2.5623687482300626,-3.2101012163733667
-0.16523383409302084,0.5171081007946917,-0.659696924893901,1.2875154381659961,1.2066619337941196,0.3110716727286822,1.377602670233649,0.1184135674385039,1.1518516628370563,0.5012638573018552
-1.340504316875585,-0.20058323436160586,-0.9633204619966563,-1.0921932181870435,-0.3809620250365201,1.236594267504275,1.0469262397362866,-3.3912282396545046,-3.471179939996907,-2.5777313772780954
-1.0905016007803503,0.9290962806894828,1.1529005624054276,-0.010249641627597839,1.5414891600294196,1.2841784488819141,1.1838061611454516,1.1119404721974824,2.9060719196341642,2.1935333791578713
-0.29308786372351064,-1.2971914523874395,-0.3793391714510353,1.4704641067533955,-0.5519364267861326,-0.6850348806362908,-0.5849779659826528,-0.49533693946236934,-0.245929386135385,-0.562192619631627
-1.1022843332302799,0.380403511602753,-0.49771536986907505,-0.6194186290276544,0.6060195962261654,-1.1976830310889046,-1.16729737750566,-1.0446471391588952,-1.435739847817885,-1.861879640164623
-0.13803836936338096,0.15137562588421552,-0.16391869515841512,-0.03190541230086096,-0.010872416231885534,-0.19052533272374408,-0.45972051695307914,-0.14587465392911442,-0.28783625230452853,-0.7052068946871923
-0.5731626619492599,1.4647267104315824,-0.8079380996508506,1.0336813265589468,0.5835996270236253,0.864159951978867,1.2066003388644162,0.7168571008276893,1.2160464930998474,0.4041359429427767
-0.18886394363715786,0.8960441666425563,0.15393007328541336,0.6550559596977017,1.5635269947879888,1.0514779233204479,0.9845977776133559,0.6584386641400203,2.3578138486212987,1.5811746088121417
-2.1734213783932845,-0.6075135679362165,-0.15976012234140044,-1.9463467298429558,-1.0882305282410787,-0.5422374474337166,0.4628422901682606,-1.796125602892983,-3.84586020408341,-3.810916330371063
-0.15614718203854105,-0.748367489601117,0.9178971902349894,-0.39674539087301647,-1.2096623927938748,-0.42659335668116216,-0.8250810827395686,-0.3350901143679673,-0.67336985409457,-1.3704291194912275
-0.6399525713389385,-0.3950444082576753,1.025341660844662,-0.3327363953407225,-0.575035777071992,-0.42514273665239943,-0.5746690888039971,-0.3142968991415814,-0.2715929482683522,-0.5956060707166608
0.4129315661364059,1.1774141611021234,0.5360725848924159,2.2170361255142725,1.274379939757302,-0.2814733806096623,0.7934398134837956,2.539956933021579,1.648825351535275,1.5936289071538337
0.04245276094788909,-0.29327755947215434,0.11713982234677833,-0.31654502824268127,-0.5866164935739311,-0.6594573001863139,-1.3686299331848408,-0.45829494431449197,-0.880269637987016,-1.3997481617006493
0.7178382779322766,1.9474938063842147,-0.4491969048213292,-0.25644948181539207,-0.4612101361057792,1.0234895033395766,0.24716310719403478,0.8353132613988129,-0.44909129564886513,-1.2071094068955004
-0.6416299750502847,-1.342153105448272,1.1408343131776968,-1.5608349921075142,-0.7342697161804297,-0.4561089539282077,-0.9935379484830597,-1.9235913625820844,-1.6148763633609435,-1.5273946916305625
-2.0682572038863856,0.0256107889793564,-0.42760616849914174,-0.8192870473936437,0.10486350337838704,-0.9627170478231286,-1.909485662893725,-1.423756569632331,-1.6900952326096936,-1.8341556930377299
-0.2785435864977169,2.1348305089720148,-0.8648785268804237,0.7910040244828274,-0.5622998705972078,0.8277266812160293,0.25685855415055026,0.7492309388770951,-0.03138277340980454,-0.7864796562050773
-0.5451383865218927,1.545614584987028,0.6534418391261504,-0.29323682657519207,0.4461323560815601,0.12836596855919058,0.6409839371454314,0.36047499078017686,1.2170409703124432,0.3711600473156449
-0.3224561383790104,-0.5785084114094877,0.42463847773985175,-0.12707197694063496,-0.6685420264030495,-0.5786236410708855,-1.1101175887226573,-0.46604612704412196,-0.6077469248579455,-1.299614785484093
0.9298896304938977,-1.208533582787911,-1.7958566077266378,0.04516789711997191,-0.7085364166671602,-0.7219883123970778,-0.5761303378105325,-0.9710445443437813,-2.818892617324274,-3.3173383197420954
0.4991946918456076,0.10390895614378756,0.582571870237018,0.41038222320646944,0.4252074426409569,1.1122180232529746,1.5623301384746688,1.1463180040189989,1.1836260263842853,0.7693602822763737
-0.5209026406537101,0.6060270866486122,0.8212613414116958,-1.0251914394623929,0.9718829407955094,-0.20369600195114024,0.6855896954221556,-0.08955145855880789,0.6923136444819928,-0.020271765301545553
-1.2612243017700397,0.8391638732703705,0.7512987800019797,1.5325198378307185,0.9205782650806165,0.5110358882299653,0.09248023641296874,1.4169501418438306,3.242982445836567,2.6701564061576977
1.2912598717903732,-1.1919889619807205,0.8912740652293233,0.7163656583248835,-0.8056885837564554,0.10440351009640615,0.5565907002540691,2.270337200524636,0.9106699647836318,0.7748087494076878
-0.42555501691388564,-0.7302240787137,0.3015703826414129,-0.40328215527172434,-0.7934819866335154,-0.9012990953619011,-1.9865207199864878,-1.0065835025246617,-1.3472324785914913,-1.710719260063205
0.5479657747310007,-0.11047363344841238,1.7020596933874856,1.4255908921586269,-0.163316211558934,0.8161454970109066,0.7526277678381196,1.8125965432443383,2.5759306748321653,2.1837806663684134
0.4618453494136606,0.9534478385544796,-1.0025063114102142,-0.5603655650374173,0.4852339241200967,-0.48485684806259055,-1.2512039789916665,-0.3415112946426214,-0.8851290884618424,-1.2970649933956475
-1.2534138962386863,-0.6721358117179892,-0.06608911391974488,0.47116383557979086,-0.7148758007326923,-1.2476986079082781,-1.3874391654053788,-1.0838864182843337,-0.7385939675330082,-0.9092515264576468
-0.39759845681413014,-0.5412806443379248,-1.5887903243100505,-0.6058257671890337,-0.8772621683767845,-0.6788302508590149,0.798522824713615,-1.5388889965558998,-4.064741019023375,-4.203449847754836
-0.5979887029826977,0.9545984028271076,-0.5411489036574788,0.12084635150621657,1.134727697919943,-0.2503933765105848,-0.06329469453153005,-0.18767602087831975,0.03744822973316675,-0.3430846578934315
-0.8216043082605701,-0.6683878208929044,1.6587991140269402,0.6972489574945954,-1.170005153283817,0.7198919218106229,1.1032752580728982,0.7234861903190848,0.6109960910827392,0.20103715620899779
-1.5955267853466752,-2.0012879407262636,-0.06518939625223709,-1.2437800828477665,0.4968332955660371,-0.21289818080584189,-1.036501643154378,-2.1650176545878863,-1.7912361032440187,-1.5525750101063625
-0.8160772957626754,-0.26730052131296156,2.4885107494570673,-0.6325721090235161,-0.41049451012224664,-1.031316730096588,-1.109785262331638,-0.8138040891620665,-0.563788797424527,-0.89331051611521
-0.16422735776771086,-1.2200393024944558,2.374471375915932,-1.8200021419848242,-0.6148778606284973,-1.050449027531135,-1.7979830349834085,-0.8746644002016779,-1.3025154431240118,-1.7111705940990678
1.256636190477399,0.9786033517082406,0.7309700350094503,0.363694777476017,1.454396535297867,-0.5639998365594416,-1.2032366776902277,2.891291176647681,3.9082672625183594,4.005767181052409
0.7005167315498217,-0.8711217020673004,-0.8390582302133213,-0.6322848845766391,-1.220930653485496,-0.569809934422449,-0.1781007033193449,-1.9394577123009755,-3.16811232428571,-3.069015522903335
1.5454212199281305,-1.5827010608236864,0.45372877929791255,-1.0750758344367624,-0.1648420664448563,-0.5055120161582335,-0.9950380982159526,-0.4706180596539836,-0.7610675960702543,-1.2536521129986147
1.0570766092991504,-0.9504531450598701,-0.5283499336201953,0.6322066255907616,-1.2347831850632083,0.22656686692388162,-0.4131567488387206,0.00801314080925572,-0.6330476710806897,-1.0709480397713533
0.11100785591307678,-1.3758898638827082,-1.2748176909695026,1.521435348239919,-0.6667613733492757,-0.7192384930717033,-1.596243347374401,-0.9194223236967107,-0.9257117827449738,-1.2297461082670154
1.2891597205615593,-2.4911109145047248,-1.2138304282177392,-1.7228034477117533,0.3466447597800878,0.41267159601605446,0.24761847551712104,-2.564780914978481,-2.991341901705873,-2.558746637227015
-0.6505379749098977,0.4076193439302942,-1.2173009013639657,-0.7129267217442631,0.6152982576025392,-0.14275295182521783,-0.8443560991875656,-2.219955743838727,-2.362084953133925,-2.0925013156780494
-0.26274007997847204,0.0020996521551164553,0.7235422319254717,-1.2635378447871293,0.10884389845447193,-0.7753361133074939,-1.1367992889406835,-0.5511370464798545,-0.4826162284406102,-0.9299123983962287
0.23926480616096946,1.0684382107085828,-0.4128045050933534,0.9995846384700248,0.547128852965718,0.40283124399307935,1.6761704940973543,0.7436070931103242,1.7458986323337367,0.8562458954461982
2.385913389509523,0.3930245257965897,-2.28815662558768,0.2142451594704644,0.6182089965017827,0.19110014931333155,-0.14488723009437177,0.2572599516800093,-0.11543468761536167,-0.5461632096093239
-0.3292694476013303,-1.468564753451686,0.23483874593354942,1.863678786997577,-0.37812860392291525,-0.10933518584515674,0.4381158278011133,-0.003002617460262473,1.2460879450135318,0.4291812904582085
-1.5755812057433733,0.9057899774538705,0.20157403609171473,-0.7261817352791891,1.4579256465639734,-0.7094478817647529,-0.5157957580550121,-0.9004187044245955,-0.044180546515803804,-0.44463440041477703
0.018213138908382998,-2.7010711924891617,-0.14135656123006665,-0.29832267512307403,1.4335626541741497,-0.8868496801433952,-0.7962870558077264,-1.565318195813868,-0.3373584973135433,-0.39609127500811314
-1.504100824826603,0.2388479511288509,-0.2633500708391146,-1.9308481514749205,0.07116954165585482,-0.9733025113291783,-1.1109479482442728,-1.6339228037124147,-1.4109899202999054,-1.4430439746439339
-1.1016869658052815,-1.145028058759216,1.017451933193311,-0.9206577361428235,-1.057468698143221,-0.65768975955412,-1.093650626131829,-1.848404530858822,-1.8026821847717058,-1.7433630058085812
-0.5296437368438185,1.786027297078231,-1.1675609400119518,-1.225728163857862,-0.15434854276239696,-1.1588614651679512,-0.461467023851812,-0.9626159655228126,-3.1684263228628122,-3.63558251637202
-0.48442983983909094,-0.8497012833698562,1.1809343832693784,-0.24870125380735797,-0.7605855372842818,-0.5046074723125066,-0.36243934751480067,-0.3508677196363653,-0.044253054325126356,-0.7996457569703559
1.6235310645318832,0.7738787859508452,0.34373633893888833,1.035542969488131,0.5854517905162339,-1.0880089947498712,-0.11465456465241691,3.682405652984123,2.438257735977185,2.9288893835323693
0.1698510636437108,0.164639362520837,-0.010678965870606148,-0.19604547812402873,0.5022986522708615,-0.007628458115879991,0.2571177549026495,0.10221611814777079,0.4490814659954806,-0.4086400627959461
-0.26000091599419295,0.4411044653394503,-0.5190310999184485,1.0394102959397054,0.19601217755535782,0.9042043208623312,1.4123150903453165,0.3390477009008471,0.9590691523803885,0.0658216425946469
0.250792705722221,1.3234920901427478,-0.9772791456885709,-0.9938864663554142,0.5297283089358644,-0.801410420367889,-1.661493571796619,-0.6955674333002325,-1.1125785429851818,-1.3705273891379637
0.15153290543954614,-0.3414528678443202,0.06071904727627944,-0.056787619430443685,-0.584973942427438,-0.20006582872283868,-0.6402484496243775,-0.13891207881546924,-0.4464231284839063,-0.8460913819518272
1.2008783549390571,1.286405072188503,0.7150423315721323,0.27617324563600526,0.223561681757596,0.3266178222435583,0.8119853260346255,1.5838516526367048,1.7680902033950818,1.3059461935553047
-0.9526205204356788,1.874607459367426,-1.713892986790366,0.8420760280826394,-0.31528650864048546,-0.20161359911133114,-0.6693481752918875,-0.14714865218233597,-0.6725821288402474,-1.2444174807838546
1.23497479975255,1.0354711775203085,-0.07096651714915861,0.33468340861689916,1.5286519943889516,0.7432759602733283,1.71784010569233,1.100568131023756,2.2498816926307614,1.496521102441109
0.3380507155900654,0.3655543402568223,0.5445313569499111,0.35878519449360685,0.8355361077099972,1.0895610985097788,2.572904777393067,1.3533143330863011,1.303663515982624,0.94001772032005
-0.8780984131830497,-0.42653999157527817,0.19159057795172854,0.03923619746693785,-0.8422770420338241,-0.9678260372734863,-1.6082365352775276,-0.8960716167769172,-0.7327878907850426,-0.9678367005079348
0.7177111879754728,-1.14495944571011,1.6592278330167929,-0.6469081456688297,-1.0474662396141157,0.08364005579145896,-0.11300978384655348,0.08958618173503098,-0.20991135585750292,-0.6488419524947664
0.811308790447807,1.1738478351003738,-0.6309896484326465,2.2065826962926725,1.243459455913611,-0.19655629567225555,0.22182754008189168,2.462788632994065,2.131073951642754,2.001864237142254
0.844676002712504,-0.026887444762028156,0.5060488485201676,2.3268215674126655,-0.031445118720437704,0.5802739249692286,1.3064261028841841,1.4109617518826183,2.529228773621678,1.9076866987897463
-1.4255250702185023,-0.5746023410780079,1.2712824716867306,0.30200634415722105,-1.0733603880772775,-0.015455786233251861,0.8594009520512425,-0.04090994844701354,0.6179813949641091,-0.2154300851150621
-1.3489486428027313,0.04583145032017446,0.4981453476328391,2.558653427739488,0.20928912441041714,0.032281720096013274,0.7110496081448843,0.05946323675551775,1.0225271215971459,0.5527194870678291
-0.6855116253201934,0.3411768187067476,-0.6565019452040244,-2.043073943956931,0.8114156316092086,-0.505838991534314,-0.9044890526225368,-1.8641979791400185,-1.7506609700228204,-1.6997518477531397
-0.39807563299512083,0.45590107194615087,0.06105234319864629,-0.3609273033738225,0.5067842333113463,-0.3150736868675855,-0.02501033381865076,-0.24711384657659666,0.14986730951839533,-0.6972379039776828
0.9588629791234918,-0.13100788136256636,-2.186273333044528,-0.32172840613536124,-0.2598417393386879,-0.7946574775670207,-1.6454755681373017,-0.7658476100166604,-1.9820642774322117,-2.4517719569947274
-0.06063813330474153,-0.6596392762413411,-0.6715369625803268,1.0589444962353796,-0.8225242660291399,-0.29177977790773185,-0.6216350187459521,-0.21633415435548384,-0.5873352940795395,-1.1982830651824872
1.2017095193750307,-1.8264166550400147,-1.4051010646692412,-0.5722870739017217,0.571327938110376,-0.4035246985831451,-0.8783038898138648,-2.0446332035729466,-1.8528039816618864,-1.7202075487301847
1.106672828982508,-0.9902969486697369,0.5064822558090438,0.3771723401757496,-1.1942230025750538,1.1141687262823028,2.085013511835485,0.7030953401354944,0.7223449505361199,-0.21186179035903485
2.4919381250476893,0.587354976826533,0.9087069908843556,1.1292715722483158,0.7857313759388347,-0.4201410046978006,0.3257621837703948,4.283493655549338,2.462833293893073,3.1117760191833463
-2.3594763269273096,0.042915415096683014,0.1850932261320674,-0.29463401624833013,-0.12160354367592222,-0.6997911856117671,-0.936991863860595,-0.8797242084976628,-0.8700631855574159,-1.3693413231508151
0.6060603455752193,-1.4625861967336724,-0.04332004684878023,0.07518914046588025,-0.36935072457326,-0.4474331645940655,-1.1040261337699098,-0.4099922899951419,-0.6315683214198518,-1.353534265057239
0.4238468237778198,0.8667702644165907,-1.6539569680889328,-0.1605776603663293,1.3611265780285549,-0.10998707120958989,-0.572353790558116,-0.2025882887986803,-0.42938692600992645,-1.1444920446656692
-0.3305438990822968,-0.26734140671946804,0.3974597354362528,0.9723039751591959,-0.4274814809847874,0.9440195799402342,1.9525562249709163,0.5056192011227056,1.021362419096406,0.3779880781259122
0.1960393811574707,0.5618868915893964,-2.533689536307466,0.40537884680815006,1.0702734250335597,0.3079478691112448,0.7570823922175175,0.2931964059351403,0.8918035487711404,-0.010052245759993347
-0.07767337358198566,0.509713464053097,-0.8608057342883011,-1.418428186707492,1.0754141755732547,-1.1803490533778491,-2.021703603326303,-0.9678542313010284,-1.9698918651163106,-2.451309348047981
1.0372920181976606,-0.9684228434967406,-0.4142732406631703,2.3377382092779664,-1.154724483250189,0.0868802456908975,-0.10542199897818483,0.0884839398180692,-0.06965266150993388,-1.0014886381857757
0.23677161706233746,0.5114260362426921,0.17093202537430993,-0.6123338574098631,0.6760343145271321,0.22567713628409947,0.21631921428033732,0.2289259141498128,0.014282051564978415,-0.37154718294846434
-1.548443087066524,0.34779200509064423,-0.41911851263236655,0.729490505643524,0.5750907751664708,-0.3809084522690129,-0.10088162004718441,-0.328789504227437,0.11892785427151334,-0.23993517563005484
-0.7597623277440918,1.1480248340733894,-1.0614407026307726,-0.23219435932575597,0.9108145160102368,-0.6884117066925636,-1.2846483079526514,-0.7454899603069141,-1.0547108783535606,-1.61884899479403
-1.4833265501899673,0.015440594435867816,0.6179270381756965,0.29362054167425483,0.14148247241610687,-0.12483757317744013,1.061164556571032,-0.10283365471575967,0.6514303870404714,0.13110742314361012
-0.9046877872988867,0.44087689968078864,-0.3549687484961522,1.5059464662951723,0.7404777108604137,0.3105365162563119,0.5771716538876971,0.2638841778185461,0.9824840736047241,0.45961152745206924
1.3852993256976704,0.12837687175167467,1.5372611784849246,0.7177413941548632,-0.06833576732675983,-0.7260169429863907,0.5700121634501574,3.659176617265726,1.4706999191991132,1.7781886271634926
-1.1619502547329148,-0.5333599943535801,1.5204237338748892,-1.2069058648316495,-0.7376607779320228,-1.0233755737233032,-1.035057104813609,-1.4834980009494263,-1.0037031837694512,-1.0974922349049145
0.21407288944312328,-0.07370806013873693,-0.11394387199889153,-0.9862034208186763,-0.1354979406277526,-0.9539590678695617,-1.1216813217287123,-0.6692438256304583,-1.3307064345954551,-1.7761231107560764
0.6904147048323329,1.9075001295743501,-0.8427579224054864,0.09103510204163884,-0.3420883743806671,0.9531125080296,0.0838665729345173,0.9363924026732425,-0.30917162434311846,-1.1227277664729391
-1.8782702921073975,0.18283280957681278,0.18931020467704654,-0.1480508745612324,0.6376399094078175,-0.863568545509897,-0.24608122096674007,-0.6308713445897053,0.25195486500804665,-0.4006610862261463
0.4956709131227342,-0.7174482020611509,-0.35296288995721814,-2.2277336855300174,-1.1101281983907818,-1.2426247122264236,0.044255806325793165,-1.2514644720296892,-3.85024466861468,-4.180675194721195
-1.1577141478105384,0.8131796937062952,0.870762018016718,-1.2648663681694117,1.436678914783673,-0.6226123973178914,-0.09228829126294273,-0.42625525818572746,0.29323580166122326,-0.11318788342190003
-0.5378795762958751,2.3904367581499826,1.0120280640073362,-0.19503758245123676,-1.170725905229734,1.4358510331353904,0.5715125780932981,1.1857295340637155,0.333570467425937,-0.08565005856157243
-1.5528696814981584,0.3017444822634934,0.2263683230358913,0.13675122212084775,0.4070178474977645,-0.4486432098207447,0.5343660557219869,-0.31792406649672883,0.581788709063211,-0.1373471358074558
1.8091850185270442,1.678466677126,-0.6559366147813172,0.032553533820195275,0.20664596285734702,1.2740911196354765,0.7538504697626077,1.160537999948163,0.1773001071259117,-0.27631901562442823
-1.2579397573199178,-0.9185125261549669,-0.015926957495583222,0.07212959524657127,-0.7374551470093259,-0.5963690019516471,-1.4842045762974894,-1.7114257872814298,-1.214899119622527,-1.227703008814156
-0.8295714771973391,-0.5959406487140784,1.7558881498037084,-0.7047477985320351,-1.104621143438254,-0.6540600448940015,-0.8970746358272038,-0.7581708450297912,-0.9938522194280763,-1.5773544712279428
-0.09984910485736809,1.516203352666455,-1.0497131055155209,-0.6203733346145798,0.48962469151100874,-0.9129269896440155,-1.7262860920175591,-0.6583329056975853,-0.9830566070098815,-1.2541413847355702
0.32448909140080284,-0.43396991922547856,2.4186706600152936,-0.22570488883757836,-0.8536625990540903,0.9584449023370376,0.5846102646328446,0.8364246812366585,0.5333684345858932,-0.16613984582644425
-0.30420836937466667,0.7969169823520119,0.9688091147475564,-0.0013691702720539068,0.6201669949021655,0.3080876931128481,1.4623101915119554,1.2813811056870634,1.8833711912928202,1.338446364151646
0.7531140754448693,1.0175286644522048,0.016756012208497914,0.620061167318128,1.1579380619266406,0.8882107371940509,1.9198786479821386,1.4208121268560612,2.3580993287623873,1.7559489331667608
0.5396754343300105,0.8009348501024244,-0.22343064804731858,-1.3070293105779023,1.34017855589262,-0.2428871846590981,-0.43586751873904656,-0.1829516188529396,-0.3449338278599904,-0.7179172982135709
1.2532471727523595,-0.21503173201028813,-0.442302894761765,0.40327542944502104,-0.4119281713382341,0.9422842429486503,0.5264245628526584,1.0436033761657721,0.019091639385863057,-0.3628684692600398
0.01753251068690012,-0.7058413158747331,-1.114154817291764,0.1891325002442918,-1.1594726641909037,-0.7283563098491708,-1.0157121540434715,-0.8759347290428657,-1.6985815507427915,-2.0091846348180025
-0.9570411326073335,0.09030147250961712,0.9966506502022168,0.8381813652435822,0.07710716841458139,1.3659926829338682,0.5341650976614992,1.6211567958118678,3.3339882700001238,2.683376528648515
-0.9762727757561057,-1.28515258617751,-0.36146406112313184,-0.09515892960666046,-0.8416807198427114,0.29970552755874474,-0.6386877214120033,-2.478723873717868,-1.5126709413983463,-1.271507942575896
0.6881378178240641,-0.5651222458272631,1.4156828494792153,0.571490233621995,-0.8410145336789199,0.6632553160233295,1.5139423247381354,1.3699703716425933,2.3736989220678133,1.5988702646261894
0.9940687353302893,0.8216721179040346,1.295225343255518,0.09065052616807831,0.8272862746536371,0.7384384027056462,0.13282097746296273,1.4205424409609335,3.0905748256477183,2.413744564918249
-0.6668501486535157,-0.614707675662934,-1.0716383804466716,-0.4591215366707664,-1.0477277624917853,1.0586070203754867,-0.3170257515530086,-3.0816124452860065,-1.8004505383115146,-1.4723117178907157
-0.7008458503871118,1.9976978275989474,-0.2351736763208426,-1.2519100215874053,-0.5529862250749483,-0.9913204118446994,-1.1900003017331813,-0.8116767689788802,-1.4153607009828424,-1.6831295864485267
0.904495957138589,-0.5385808983060543,0.46003328068386207,-0.2936705786553701,-0.669094929966721,0.41541980749239193,0.1423402421680649,0.41925335243059975,0.04012631560646013,-0.8334171016587213
-1.3244897368682889,-0.3461794837501542,0.9109576054619504,-0.11037515781434214,-0.4948144846586765,-0.535792027733216,-0.17677037959949082,-0.4180703673486624,0.13763204769839094,-0.6237592218029517
-1.3051894277777674,-0.7597610649856962,-1.0311841311197882,0.7632343726672856,-0.8426017895135478,-1.2162329763603907,-2.04829516287199,-1.072817763614783,-1.0614456589864851,-1.2403263530912403
-0.3741789344306608,1.1683549911297249,-0.39710992153569974,1.3100175731338866,0.9525700859061155,1.2315224847578647,1.4124156547460243,1.550859618926048,1.0945420307413065,0.7905835085314801
-0.6672863307869649,0.8800892100960492,-1.0841280531494741,1.470164409973067,1.0029194887048714,0.41069045745333904,1.4344698926061743,0.27372844651298495,1.4435370025049463,0.5176545564745937
0.3953873989678951,-0.16562690107672923,-0.20949432013621877,0.8850053619886552,-0.2801525997210075,1.0877059489074952,0.4014244547582051,0.582855501221776,0.4121274660773381,-0.0945369699157232
-0.7589416155697375,1.3870643678717887,-0.32542520554752696,1.5667616040474754,0.23092965361666576,0.7842595469226973,0.9678542625448989,0.8078952815600404,2.280527566455198,1.3107109030487143
0.021731571949335265,0.17450217091841946,2.1444823253781586,-0.1761013179822239,0.30690452941033736,0.7637434641943289,1.572473923284897,0.9113749180390572,2.05711514580347,1.2292886951875528
-0.07752919089617363,-0.3170187362475801,-1.1419782070344469,-0.41839086526214464,-0.5119715757558354,-0.6102941031062339,-0.9282296262365506,-1.9103167785359292,-2.513404593890818,-2.4360663465388073
0.8994893832090034,0.5772052051766611,0.19152415157727903,2.0384486613473376,1.1926541322254003,0.9413262651952234,1.8497458033817835,1.411432270675947,1.8963283108517786,1.5093336268760478
-0.7853209517451458,1.155873797981943,0.32178465028279646,-0.4721615705237765,1.4115728421048641,0.19278209957763406,1.5050286209425172,0.1581330574243526,1.3526127639912229,0.45353872080506724
0.17882914436526498,0.3067478776796863,1.60820005301145,-0.6276860611856703,0.42083125404576727,0.9256340205354674,1.157523072308479,1.0358608748149465,0.6662324867090094,0.30174225420298295
0.8384759589065905,-0.5195840972816165,-0.5494098000582632,0.545771334014774,-0.6528834206971955,0.3687724872880853,-0.1444585855922797,0.1681597335621421,-0.38795446243489273,-0.8782708462163281
-1.1752347695676437,0.6962943858251325,-1.4053731035380324,-0.39326739088408097,1.1618617280822128,-1.0588032370355,-1.050385810018152,-1.4210899578453517,-0.9610829468684525,-1.057929218947103
-0.8838106392029518,-1.3602659826269778,-1.3380397053558022,-0.6340747240893418,-0.49140248727043706,-0.5475961984187301,0.7469700561968224,-1.9544789860377494,-3.710521588289273,-3.573389103462225
0.8919822760199011,-1.629073096732808,-0.10182041983941519,0.9079529937919262,-0.14765868496857637,0.07876826182487379,0.44148532529383056,0.49282554218693064,1.195425154931683,0.26679879403587187
0.17432460693852483,-0.17775979041000778,-0.35003152751369815,-0.6972479793232904,-0.3058476990449177,-1.1831242993073774,-2.1136266364576692,-0.9193801746828714,-1.1623962388533597,-1.3859736750972693
-0.3002695213430551,2.006869150344924,-0.22281709297198582,0.9824479819903661,-0.5264501314742212,0.6715325355188853,1.3582068536002663,1.382366795778511,1.1490835152973862,0.4880571837761915
0.893417458938801,-0.8816244138646834,0.9200590584019717,0.11314555845739736,-1.205941815034182,1.015519525419711,0.5990710265749362,0.8200949165816024,0.4753520683603089,-0.09657812812428915
-2.0800585234062994,-0.6405330644343802,0.5695987277627943,-1.4870450859802289,-0.7497199641081205,-0.2151660649951409,-0.6968688661620133,-2.214517078138626,-2.366289924985529,-2.0944180763221834
0.401856000291158,-1.863720884394092,-0.7777497039118599,-0.41073483213995726,0.32303534570659387,-0.8093264748189493,-1.3487934520594178,-1.7702363629559217,-1.9337729041736214,-1.9191710186969522
1.2742128930065,1.008134627663214,0.8522575934830161,-0.41542210508636823,1.3917540437796019,0.4877936440026313,0.7183267212715014,1.5717698698037037,1.9675321022713792,1.5074680877292617
-0.25042986636498105,-0.6267052112397955,-0.6186592149170175,0.1564409073270685,-1.1378665985791918,-0.8770744349241825,-1.9447862150975503,-1.2400230296672106,-1.451290502374754,-1.6164324902755414
-0.010822907881377988,1.1598031365326988,1.4564982485263749,-1.1879851381070936,0.7991241365039455,0.47879013475500143,1.6245746706087238,1.2062689454463924,1.4524907737436188,0.8608674250381831
-0.11731202446438059,-0.7120201244341143,-0.15522863600467215,0.2862419160658387,-0.8540712732120995,-0.6787797621640859,-0.841618492122378,-0.45872762104674153,-0.6623839366144753,-0.9726336489103091
-0.9947052763509086,-0.5605434372057664,-1.2713977761514523,-0.20000251507638106,-0.9095150916494308,-0.3024262564128935,0.04120337055891728,-2.107836010352897,-3.123401777366977,-2.9246091608347493
0.46302437786166634,-0.36577861448526056,-1.2323001910751488,0.34584105916465846,-0.7335081850572295,-0.5660519610017154,-1.3976599048269607,-0.5887203708230094,-1.2055567199319224,-1.5598075617374594
0.349250249629392,-0.23654561130182383,-0.12219159709658216,-0.2978037857539728,-0.386169316444707,-0.39606623593872703,-1.153748794575985,-0.33187772128792986,-1.058239865968196,-1.7902168731583985
-1.6717548718272817,1.0952813051625265,-1.4312797727998032,-1.3215293304727387,0.9012310196710931,-0.41963674135576207,-0.7980133432268348,-1.9830883626869809,-2.0986871144526664,-1.990209134932098
1.2044334897279794,1.778448467856326,0.5526160566451623,-0.20102756831836985,-0.1935684140700203,1.395348635355181,2.019554058087683,1.0660481840962797,0.576000469307369,0.10709758046715721
1.7148476692470793,-0.21571896948924385,0.2783056019149797,-0.228188466486345,-0.39735174002450063,0.5652850594097223,0.8416229076220713,1.2199461531518416,0.5044621556172162,-0.08020605844034975
0.28018134847527004,-0.9499324266776272,1.301004538810486,-0.17263216186223795,-0.9847688632299859,0.12613964105249625,0.3214377667295176,0.03441350215622205,0.22698759566084734,-0.5829769518313209
0.24246536047803208,0.809670146119691,-0.5816204815217948,0.28868878058946573,0.7278367267041804,0.8966776377757547,1.0123045371126143,0.7466476674320637,1.1037513472634517,0.1959046659519904
0.6903792514438373,-0.7207115009788085,0.16081780093078976,-2.2991080802862136,-0.7589791513475318,-0.7761057158139932,-1.2743699415965488,-0.6264632896612408,-2.3469355020871303,-3.041986541900765
0.1097022428717133,2.048395882182746,-0.24778432593323696,-1.291881915343916,-0.4997090033655408,-0.23210286286699297,-1.257839236285518,-0.1259289027117339,-1.86183725192009,-2.6174893556011822
0.41966503710082187,-0.5541345403684085,-1.045640701840572,-0.9262387730202816,-1.0168785915993455,-0.09377062780175888,1.3908752308104928,-2.3540512684623316,-4.431285947995137,-4.027052500064116
-1.36186708886146,-0.8836261716425821,1.479159829378449,-0.623004544183883,-1.1317389800454671,-0.8241682700782763,-1.5346813874730953,-1.446444646882238,-0.8415923584448589,-0.93557221891647
0.13057994021205943,-2.678598002436545,-0.7894521436712332,1.534314124471424,1.3470828258247534,-0.5924755614406245,0.3576374165931117,-0.4147469713918229,1.2103094821245235,0.4854474927313802
-0.5929095101990597,0.23661944347980043,-1.3780821678958917,-1.4235604103063322,0.4382478523941964,-0.7107468439286222,-0.24892501708388173,-1.6639272800591138,-3.159245932807053,-3.209746032283531
0.788992840253725,-1.1893600018592823,0.8791643271096783,1.0586564826448348,-0.9509965827105744,0.4224553746813119,1.1513581732493778,1.3240093492279221,0.867978510825884,0.5158436529127628
0.4274059287793008,-1.7027660864098277,-1.347266561389139,0.07182546870798433,0.19374081114113348,-1.2550210996642341,-2.0991403162851046,-1.126226170012618,-1.8389291075857832,-2.219339192250927
-0.22403311565917888,1.1561270692954635,0.3701451710329602,0.3030240540008997,1.173188951867838,0.7224947745373655,1.4284418695499363,1.4159836233463767,2.514221743484045,1.8984891130554202
0.25323248621562283,-1.2577685894304766,1.0469603386826323,-1.0040899113370674,-0.606704367657,-0.8609955633254627,-1.6139640956887091,-0.5929410374367036,-0.8525406092581029,-1.5657853288119516
-1.5037150138764794,0.23541477043757214,0.5524283104074249,0.2578013931645399,0.6812857960940202,-0.012772647742057747,1.4867274789126093,-0.03978592273917704,1.33832740455929,0.6340406899581549
1.0557517571118882,-0.2309476663432391,-0.35569328727957844,-1.3937984621864004,-0.45548227187599133,-0.635895181672965,-0.8454433556078117,-0.6442083169727887,-2.2432486373721097,-2.7785417258296556
-0.026336895750481072,-0.8101902538906851,0.3455973860450767,0.12513666147684901,-1.1694647212278615,-0.1863890143511331,-0.7354891775720284,-0.17541917619873174,-0.5347267281695145,-1.2571862435500574
-1.5891932106154694,-0.13273081362596162,-0.2529519074948552,0.5742823296070267,-0.23866146853141035,-0.8294068219428367,-1.0918904119120671,-0.5651685700312659,-0.38096224980006127,-1.0132285449015028
-1.0858689243989474,0.856589075786219,1.058966953356195,-0.41579994545149684,1.4097755598323467,0.2642743840985049,0.8117375081468888,0.0704098931469439,2.1887109927651465,1.267571052382493
0.14817148839798677,-0.6971192773358259,-0.7755458619287618,0.48863380740812723,-0.8889489659486254,-0.5209072134468885,-1.3531013316777047,-0.5103197482784274,-1.6298952279717756,-2.3744813560756453
-0.053562400441354546,0.3816533113953115,-0.6904609758468452,0.0454070090358961,0.27095196459369986,-0.36417639214767816,-0.7068718448066358,-0.3059683317536742,-0.6724359346247416,-1.4481449012709269
0.4168746142145729,0.29975880255833703,0.11294943382089058,-0.21027055376900844,0.43273237924440583,0.36217697446452995,1.4003153700089073,0.6140734171192528,1.1519609289444892,0.1777370735493741
0.32445566182161656,-1.4223254842573396,1.6818561268045675,-1.0329256722347833,-0.5026887661930558,-0.8599658011007915,-1.0450213820823377,-0.6107966556221831,-0.5222707247908599,-0.9743239415811995
0.16860621697329392,1.3527914895895492,1.407634844842035,0.5045404647049585,1.0380430207882922,0.6455969759096656,0.47108155215706043,2.0346951308430508,2.69375709856836,2.405935399383087
0.6183752834774054,-0.7378138496084481,-1.54233350122116,0.9210949715356113,-0.8519337428122972,-0.44612484265802893,-0.8688340073034615,-0.28626223169547027,-0.9518983839910687,-1.4225476296692916
-0.35412921719341267,0.5905172472427989,0.635330448723066,-0.8834012193983132,0.6443723470532668,-0.12450174429381847,0.19447768004457527,-0.11815191265236111,0.26300103727257895,-0.3112810005560997
0.7780848236793906,-0.36062928487100354,-0.2043723082730287,0.0330430523516968,-0.7118191033404515,-0.08391721399432589,-0.872648233666777,-0.07947100469785474,-0.7477556771798971,-1.3769214298980326
-0.5892550763624073,1.3995871748662663,-0.3977623307270524,0.5185286630069814,0.5285215206585684,0.5393830755812045,1.3292212783336432,0.9929551645671892,1.022527451600838,0.40782031776860544
-0.5513083472091708,1.395183883362156,-0.43550903077577496,-0.8611011437862914,0.9365926697227481,-0.795542291688791,-1.039310370712432,-0.5531341817991464,-0.9266355625092628,-1.6231661788564713
0.22387858953145892,0.5918117362564358,-0.4632696419443613,-0.710309772875846,1.3388943040147805,-0.5015042682475268,-0.8259805093280743,-0.4256515617904132,-0.4240537383426021,-1.0289262752068324
0.10525255193369126,0.12490378188380379,-1.131396766140462,-0.6102615751272312,0.2848947269967504,-1.1879895608202309,-1.4325274056085837,-1.3958495167386342,-1.7324547821795395,-1.8755349760966975
-0.45060336413634267,0.004567755794815049,0.11120745897202333,-1.2918647865598183,0.08776482671157221,-1.1188936289601827,-2.0029504989557614,-1.344262944225998,-1.0753931849012788,-1.1969252077015784
1.4290625214371981,-0.024413220978127495,0.44133755151368825,-0.1927161805158639,0.029553682888959487,0.8405166350396122,1.8345037275511402,1.1299458472954906,1.0181726368289261,0.38030967375563285
-0.0571013916324134,0.5621944141941564,-1.159037489455798,0.7675774670353621,1.3141655047237546,0.4915440916417889,0.9743805068507227,0.3270907202350839,0.729895951160412,0.08226944975056923
0.02310159928457926,-1.665080236476757,-0.744429526441791,-1.624745847843279,-0.07465709730628523,-0.052708220890974294,-1.245912065398648,-2.527805472534972,-1.7427506148771492,-1.5445442915227292
0.2816769559959378,1.8293598214965356,0.7054349906322589,0.9732821767413544,-0.2579602931694899,-0.8994945606667515,0.535845691961685,4.010824584737262,1.0943518682038191,1.5104555786578433
-0.5461649580911828,-0.2146626884809517,1.5592280351058285,0.9066050857076646,-0.35616365222734897,1.3090502182618324,0.4646223906766644,1.5797567099332077,2.9862228121602215,2.3513695730620983
0.4283219181016332,-0.07575638994363441,-1.7188745132525591,-0.4034768544433498,-0.08325291133936322,-0.7097720337509805,-0.8701519613087453,-0.9055718171060214,-2.628522027416714,-3.1594225290794977
-0.24551106403565767,0.3285035133993791,-0.46417274070927095,0.6149788221796589,0.8516243522343725,0.09661724282360173,1.130614949274084,0.1146855738387578,0.7575967521665623,0.0935099203370498
1.653365391396066,1.8441186338531546,1.6860704263338218,2.3278385731686604,-0.25030952881076046,-0.07226450384240414,1.1432083282828265,4.607731900855433,1.0795492075288378,1.540901125384751
1.161802260558679,-1.0060429284594983,1.181723302149168,-0.39810183904662805,-0.7234259247587469,0.8097932559366338,0.8124392569640365,0.5671386473812472,0.7198416756741219,-0.22520204060068583
0.4356823706769709,0.5569625771476018,-1.0932412159214047,0.6327951455917806,0.9030878153897146,0.9445606202608655,0.8654574596275193,0.6764986300076593,1.0166463655287836,0.14594185432287204
2.031576408162265,-0.028486614033887404,-0.6695070824493382,-1.2938619686170891,-0.01431506458735362,-0.5070102531827839,-0.9381204243785443,-0.4956861323945819,-1.263200152671343,-1.595164490536383
0.5384656675802556,2.1162315904846514,-0.7835237057154851,0.8061809716341722,-0.7705197129480922,0.9844948168336389,0.5487494302071525,0.6993528992634328,-0.17214149472524118,-0.7317577098204846
1.8393317275316348,0.28215359208744945,-0.1969947033875655,0.975818483551619,0.35659596619310746,-0.6565116388277226,0.022356171788088457,2.8888866787932526,2.573540850769369,2.6717821979135614
-0.021585862937254802,1.10419350734271,-0.6304869556542138,-0.42954246298586835,1.2267784132189419,-0.321211977321435,-0.5166802465117039,-0.233351674208646,-0.3057390892476902,-0.6568467038364024
-1.1019154882029896,-1.2462808484433199,1.793030132568092,0.27902250347396457,-0.8048934138433208,-0.364242575571858,-0.005739271984349037,-0.2987074498133093,0.5576084014438969,-0.1418144126607434
0.045727508953529845,1.3603122222154682,-0.6068441932830017,-1.839352899303487,0.3059169829782393,-0.75962955181814,-0.9337406596899779,-0.557848564193517,-2.1445915060112286,-2.815309971325065
-2.567415081974219,2.736897450715903,-0.44085378356571375,-0.7675974369923707,-0.8273143486019767,-1.0131590163542679,-0.6046846087354152,-1.6101416164546476,-3.0495369244821373,-3.129364748080976
2.998133483712375,0.5518336636083386,-2.538615623560996,-0.6640436303478847,0.9407048180296905,-0.07923716076064899,-0.756354317932936,-0.07008284143724965,-0.6567538527723656,-1.5214577874525401
-1.9729345710549915,-0.4391004164219811,-0.29755394385024175,-0.23355354108601784,-0.8223519954601629,-0.808697347264027,-1.3493538237961342,-1.3568354360804569,-2.1037072640627064,-2.312064671343802
0.22137992952701632,-0.36288605967581006,0.0906758129905653,0.6469161302968868,-0.5143905715099382,0.4775642644178215,0.3028504458083903,0.32597558348367517,0.1613376575002837,-0.27270886015628815
0.09140990683819696,1.0419695217263496,-2.3666549376169237,0.0171370757691627,1.1503092167089837,0.2807397739106532,-0.0015952022680696953,0.11423305649799641,0.17360843568470058,-0.6370081137460131
-1.5905515158130183,-5.36795980579401e-05,0.1476563101052279,-1.4593175139917365,0.04654267717392524,-0.9652366730390562,-1.0325178066814993,-1.2395841255995153,-1.9196825143662526,-2.233933702687135
-2.199779587005688,0.0780898651848134,-0.09319055925928853,1.60918476152897,0.1995268906167821,-0.19864682089778216,0.6156963702832656,-0.15104139415521628,1.1639110919372753,0.424666134844532
-1.1638767573800748,-0.3864107179378614,1.7489270602624452,1.314441185595749,-0.5289333788649626,0.825430145424526,0.8557150809760139,0.758610931333016,1.4012471952296808,0.9019732722590853
-0.33254725000961866,-0.33291360830540245,0.10373231957521432,1.150006139302819,-0.6416790348113606,0.6296102091251786,0.9370700366150433,0.339066108444298,0.27191484725048926,-0.1435323461856582
1.517719712754317,0.9574044540141365,-0.4888121449891283,2.1098275601733323,0.7933366930012983,0.4908198952903442,0.9302367809510539,1.0373180458939013,2.452234276753558,1.6076876841654
1.2826385204738098,2.065156633818199,0.6899588983904016,0.5652124538357037,-0.7221328673597232,-0.6969386997845737,0.3276211573078647,4.164254318896682,0.6664230982073279,1.1934954165056542
0.34710916537839337,-2.1373842555493248,1.1752394858889292,-0.6144438619751048,0.6502214517790651,-0.5797633240416196,0.3211204169360296,-0.45750496007595415,0.6470006419248933,0.06958157580201091
-0.39825435267776754,-1.0254324030629571,-0.7783511648335579,0.13662402964575138,-0.9166896238763157,-0.7774264314038171,-1.7461284138647788,-1.26426367377195,-1.8096320520189506,-2.012330504003825
-0.31457687442056453,0.9443390436017983,1.228568225207235,0.2451873731676245,0.48475125938539265,-0.14069106082394367,0.43085297100885545,2.326574551696691,2.2832107411052314,2.100500670408705
2.4004853265386794,0.13274378315621185,0.22142244085298932,0.6723803987511742,0.17338297484215603,-0.670257752250159,0.5022775600359946,2.857766556167364,2.192948215108686,2.2587714758547053
-0.7532690085385921,-0.10077078820580872,0.31762248356636813,-0.8474849124131958,-0.21421898205447862,-1.1636877958172995,-1.8507691487366635,-1.2115318392545285,-0.9654329221148015,-1.1038525738184006
1.2247671146272319,-2.193147435123448,2.15966253264421,0.2881571101150811,1.3255407804482555,0.24214734845803648,0.6962550027639507,0.5297115433586488,1.7478388736066641,1.2197219078894865
-1.4951839684290045,1.7033056495612173,-1.2135199372001677,-2.5450359782491674,-0.028830848011015986,-0.6477010013237477,-1.137603076431241,-1.5870975488988628,-2.4678838028010177,-2.535938324247599
2.174685748085985,-0.40681476323950805,0.1340215140379817,0.4821794317075349,-0.6188387277860933,0.9990145291884908,0.9844051538615927,1.3703371069364276,0.41873915509683884,0.068310053337961
0.3631927097088035,-0.1813937986916602,-0.2461608321902892,1.2332849504088892,-0.3136900078259517,0.8210461175381434,1.7306530571179954,0.4878640718018246,0.684776155167452,0.016447426379372684
2.4802499739313704,0.861087693041621,0.08163975247061402,0.03916956967682494,0.7756719754919991,-0.29398657988879684,0.7954669982882859,2.541007188766179,0.8941975440924664,0.8343566347706995
0.5725207466525435,-0.33012787873811905,-1.6416353150848617,-2.0786148119099312,-0.6365662751284671,-0.17356941486207128,-0.5821582233604762,-2.177943533510695,-2.58507771435277,-2.436296459154866
-0.6092726348561499,0.8686426135382189,0.2950588138379947,-0.8569271263775612,1.260511418745801,-0.4296546376509788,-0.17139644094428008,-0.31541246898086994,0.2548299844395538,-0.33607979123677384
0.23055361835117055,-0.33429059906756403,3.668877600277548,1.264864553956547,-0.47974679207853693,0.06275460919755502,0.7327948269445707,0.27632053543258317,0.412564943209718,-0.3376137520806609
-0.40560421076768605,-0.2787091084097761,1.2987791575440821,3.0920056855642812,-0.5134905744348487,0.5513075108158164,1.5340019945325514,0.44238454727981347,0.9838217391879845,0.47954921194835637
-0.35362092983274224,2.3834683530375074,1.227707311966925,0.16611018766714403,-1.0744090359033174,0.7890926612991763,1.9766142995738796,0.7685345619881352,1.0532296547672013,0.23474993636051766
-0.7183617396758801,0.8443952842781484,2.0068031600755907,2.180066024749536,1.1347086095195114,0.3160879413040012,-0.059757750410733404,1.3369726174129493,3.1958869593007524,2.6710990172365863
1.4825867350261597,2.230788671960689,-0.6177297963489669,0.27672103887451066,-0.7271921591320892,0.8425229111768574,1.2600785727275396,1.741690274540271,0.25157142746137084,-0.37108575436094915
-1.360444013615116,-0.45935382865407015,-0.43440485864355827,-0.4154081444687632,-0.8678468870195628,-0.8701648690359804,-0.904262608412494,-1.7205553231316804,-2.4735895876318708,-2.4858110791260692
1.2149361291319618,0.5613944311097536,-0.7343783410738971,2.4562526819936905,0.5654576287788593,0.7820420582283452,0.6806335751473895,0.6839193056389248,0.6024305376076363,0.17570139588367054
0.7003615172717994,-1.3841429973683534,-0.21174896425466067,-0.2962015445481656,-0.6213181428750525,-0.7410554811302492,-1.6778801933733485,-1.1020432210210298,-1.4827436688441804,-1.7545805188731807
0.7046731788390046,-0.4685955813182371,0.8308780290652822,0.792536972491824,-0.5944503651118411,0.16942312073673182,1.0405233452005402,2.211211080834619,2.3109155860930075,2.0084827632271485
-0.1228831246386972,1.0050434401615167,-0.45826345146940717,-0.39644029127298636,0.5872104966864864,-0.19034823309043014,-0.4498246301242229,-0.19992171917495005,-0.3873215108409784,-0.7929500529274518
-0.04644134198025591,0.02458032679094075,-0.9888929445964938,-0.38506798616858745,0.2080970211689876,-1.160841069467466,-1.9326619675914494,-0.9650242442675941,-2.040344911941916,-2.5238713265141497
-0.372888298322683,-0.5789802941103933,2.491566932851399,-0.25165057261474916,-1.0767009052153576,-0.11467563389560773,-0.39395661448147234,-0.09957084900531704,-0.28598154170764845,-1.1750819511655701
0.3181198493153055,-1.1197556352037275,-0.7412170581600076,-1.4005050152142724,-0.9994788141515442,0.33402522325730377,0.7069720003747307,-2.7058202065544132,-4.249239462541788,-3.6688874502798297
0.13701281947482655,0.7279594151113956,0.059629970098695854,-1.5239693111976245,1.560222822403164,-0.38685893489309325,-0.48259401047389294,-0.3342655568624936,-0.18851206763229936,-0.7234534398290343
0.8745588279276663,-0.9624156361053414,1.6200743398364554,-0.22734322874026808,-1.229220739929943,0.598270786816111,1.1746694115264822,0.33559325065518325,0.6391723422787031,-0.3473712816783905
0.20149757666991802,-0.6103693844865121,1.556267579332676,-0.17459725993265293,-0.716013350609764,0.6807895354526295,0.6735512190075151,0.6410699539266002,0.8735697203400393,0.11030783068641711
0.15880952367000675,0.6077740670520346,0.005765851757151623,0.2787274296830075,0.44448770431642937,0.9435071535887314,2.097823932537142,0.49314111684777673,1.243943110480322,0.36291897120830824
0.5565425557035127,0.18837553371663732,0.895429255343961,-1.1399805923483894,0.029320552422787333,0.9488012464683208,0.8594908661162962,0.6291117521779785,0.6918104039875608,-0.26208076988489337
-0.46962739229706824,1.0739362519125026,-0.8701019275861437,-0.6534661543752076,0.6338434721981087,-1.2062240542945006,-1.4798874891309124,-1.191704423128397,-1.0603283150322937,-1.220278314828937
0.22860716268859288,1.3240990209585441,1.393927922314216,-1.7399434941873253,0.41345013714506973,1.0143741979452503,1.562856442429968,0.49146068842101437,0.8000482609825956,-0.016161707349243284
0.6010199943293568,-0.3725402670190313,0.20242709736193829,0.8628177266065857,-0.5957469640841415,1.197049915699907,2.440549488849955,1.2473904290113134,1.077961851645908,0.5188425681349026
-0.6281475537346566,3.4533533180643206,0.7505931343040857,1.0446217913099323,-0.03816072575571529,0.5965042335099358,1.1319922553366146,1.1388608436350236,2.3977238367782383,1.6989368329959957
-1.2369152851182053,0.18653072417456978,1.887654769374536,0.8390686403342646,0.5058317111975693,0.6599315598806775,1.1185480991774026,0.8259564033442295,2.567000172046484,1.8927565965181927
-1.5979382207762398,1.23599043116003,1.7219364653947236,1.2673082516867913,0.7127568697173172,0.4171073601339787,-0.7001343466815592,1.8507392145930741,4.143496634942137,3.653436488505512
-1.5909723037317625,0.8184663281806329,0.3438929015916687,0.37199953203494157,1.0058583306520599,1.234050567810994,2.4027374067235487,0.7014403398718057,0.9036145895856578,0.5040002116549691
-0.26275228884765556,0.23549791295488798,-0.4746960860048757,0.9570562451219937,0.5098661120671217,1.201841312298142,2.3054398885978995,0.7138073524816922,1.6249471677607492,0.7152608795264852
1.3635925798239108,-1.5610897488560564,0.1846061494635027,1.4209199261091325,-0.2710003551978314,1.2450199486792985,1.1262881389524038,0.8489768882627438,1.585324964949243,0.8632957839855755
-1.7088559458118415,0.0728943958968825,1.8659216162158216,-1.4724092753096831,0.2021595026419421,-0.9682509690098738,-1.1816942003356432,-0.9478789495327496,-0.3723196843064586,-0.6097946435702307
-1.7375939586123472,-0.3072706587404809,-0.5410316907118569,-0.8449578934471501,-0.45335855484318693,1.5123415338005453,-0.040639730519956396,-3.3295713592779346,-1.9336700469045112,-1.40287520050476
-0.17182324777263178,-0.12798234336472364,-1.517937208889375,-1.5682444689571216,-0.2360465924984166,-0.8339552336466136,0.12596409078547632,-1.4592784095615245,-3.589823774838808,-3.7554041586990743
1.6950779140424421,-0.41252640387831035,1.297327184497334,0.7581663819681048,-0.5531824579268856,-1.0100737466471434,0.49627216197817114,3.097831107151804,1.577483035103957,1.717942895725236
-0.36438276383552837,-1.2316710407038565,0.6059387764291058,-1.5834862988787213,-0.9076339072385943,-0.6917818296790689,-1.0143147563415131,-1.4682653123104845,-2.5555188658108423,-2.7399767782463718
-0.5660550003702435,1.1229060032169138,1.154745881745048,1.58467271773826,0.45247449838750997,-0.5420608072958831,0.778705095889023,2.701318381970234,1.8901926529444917,1.8771627297801725
0.9692832734198388,0.42444765684031655,0.45188786471699555,0.49703124031004986,1.061629931316431,-0.4520789810838922,-0.6173320703762816,2.6398488954595996,3.4785338935651295,3.4113504679464532
-0.4740092140024227,0.8826837964598931,1.6342510334065148,1.1353862331628626,1.0969891702017687,0.8047633437716869,0.7141971711044743,1.334678065896606,2.9225918013725676,2.4204695298811694
-0.8396907135463203,-1.43094553033167,0.525124695713845,0.5009888287427641,-0.4528558117542322,-0.8673772093330792,-0.4645372836821908,-0.6111215964048761,-0.040391183305459474,-0.3496098511587134
0.7808496340377268,-2.0284017344887126,0.19912959434772004,0.4202762193697554,0.5540799628724875,-0.09396900161325084,0.15504491799105583,0.0236418867397689,0.43587395472317353,0.04681769482738052
-0.2548133741607831,-1.728098454787552,0.6839256823689083,-0.7372921030073513,-0.07376106868756008,-0.952682370463339,-1.2574994271981441,-1.6422786191038132,-0.8407086379593299,-0.8830688936207804
-0.22653070161360342,0.6212082972943234,-0.6118314726722879,0.2946813047350741,1.2681233020342795,0.23709637167132103,1.1599259695294188,0.18963251962581246,0.47719992156809576,-0.05744060374854044
-1.2416256420501675,0.8623699957088371,0.1310002875907574,-0.881295305897239,0.412955608358006,-0.6773767329847665,-1.1342876036974514,-0.6445313538472943,-0.5660961816791089,-0.9388543153420187
-0.39149877728716703,0.9132026528544309,-1.6605168432970034,0.7296769085003433,0.8041791737424576,0.128537030087432,0.04677274298969065,0.18419407503315638,-0.08321837316542635,-0.456274825549825
-0.7671143488574316,-1.6093082020416636,0.8892690372238409,0.5651883469255629,-0.17231693032855167,-0.3002300156216238,0.239168143863644,-0.23067609349809173,0.6686699703727284,0.19209358274734337
0.9981406386864157,1.7555107781012123,1.006788800378213,0.3131252202251033,0.021958376506825833,0.08676479356915133,0.842078062037291,2.107030564652542,2.534596661362107,2.1813974159964404
1.0746071776113453,0.5380759310149023,-0.6415955319844519,-1.924330339486464,0.713690852563501,-0.3758853427312604,-0.9374541161527041,-0.3198530037007292,-1.5913850614487741,-2.3581406030780503
-0.5880876731224535,-0.2529805250580107,1.0404508935191066,2.323069202972197,-0.3964594147863638,0.35995220711687115,1.2177729742537862,0.3267001740162742,2.3411294804460074,1.4408761503658793
0.0905195641805651,-0.6758044396226729,1.601777159389643,0.5578117457968609,-0.9413715066251224,0.8998583224325131,1.9978645724620039,1.5734389341446267,1.0324474719561414,0.6937883569259289
-1.0337110081114838,-0.5000507807690928,-0.6394257920280478,0.6831546805205775,-0.7466099120727385,-0.7120471830820087,-1.740536360490959,-0.799297718994929,-1.4263926830340452,-2.014943299834437
-0.07003897368866922,0.5868292419617323,0.9368640924510232,0.3544346039639974,1.0919615714996935,0.5686505279125083,1.1214427231719584,0.9998144687999083,1.591576086859447,1.151804151725336
-0.7663558644232717,-0.3919329897685526,-0.9880000056035462,-0.20190724120932282,-0.5885084708739061,-0.5348234255846249,-0.9102580126876533,-1.9369684642243148,-2.5563833696287066,-2.4570050452622207
-0.22461852580911978,0.09388863191066965,-0.6639233356332658,-2.454989740050661,0.20529174442514442,-1.235630782880326,-2.03858455967196,-1.1496491004177682,-1.8257343051526764,-2.0681461665364256
-1.2064508778109753,-0.8714711601396545,-0.8785958007419842,-0.7553944622002299,-1.0475287939871636,1.373180163512577,-0.23429618866910906,-3.760413877925258,-1.6568696159075502,-1.2543218154563587
-0.08820538731015962,0.6912345414585322,0.5058220097927523,-0.8788176628141878,1.3757151423370195,0.3034782327340513,0.438910744877849,0.4950583200792006,0.6916042409924726,0.18300535496036552
-0.04766756724678473,-0.9409756225270445,-0.3725259044632591,1.7632284457685672,-1.0533318855774902,-0.14049923730476788,-0.11242053431738021,-0.10128561266756245,-0.016826140575190246,-0.9160058378604046
0.23739199769438835,-0.5668090029149938,1.4952897398157474,-0.8402089958055652,-1.0083609653448673,-0.07217207035325637,-0.435641009091536,0.00092181802004343,-0.34418102556196917,-0.7423619673090784
-0.9497576254719567,-0.2617398259645257,0.1676842938527567,1.4562765886429518,-0.40578707786429835,0.19394888837569074,1.430481408709095,0.2786174144930071,1.25547505663329,0.4195898306077588
-0.8708801468569154,-0.6027995351002475,0.15612936327903745,-1.0396710285865065,-0.6783951347451851,-0.8323281993462944,-1.1867141352443555,-1.6582944744258028,-1.8017629698433455,-1.8377289699799049
0.11183476569705712,-0.41149725773641266,0.3518392298315685,0.5972876762012668,-0.7901523475107095,0.6692328046353034,1.3579737694906369,0.43056345666099227,0.8972050578243058,-0.07366768550325506
0.6720023382614739,0.14445578160767905,0.32413811715427693,-0.09127925356841675,0.0687307669154161,1.236805902464171,1.0439460757862233,0.9209704991757748,1.1199414842414548,0.3252618476297017
-1.3440465028280395,-0.020353660936627358,-1.3067157331159132,-0.7347186535160936,-0.11565467448136729,0.9090323633863567,-0.18568740714205947,-3.4051539611675725,-2.132338574933148,-1.5510089533447613
0.42472717013405964,0.455879625886129,0.040711488084791136,1.2162668959432343,0.35971483724788794,0.1511943856189679,0.6316389651111296,2.3118702277843957,1.2654194403039278,1.1349343275875292
0.6297832984835015,-0.03366692489176654,-0.3317773719290312,-2.1505681032955017,-0.09524563060658262,-0.630999705935336,-0.9641334521737697,-0.7078462639684133,-1.263093779579675,-1.544253568445502
-0.06820393433398468,0.8280182537711803,-1.1125442984211682,0.683857248571098,1.0026340443198976,0.6847415363360653,1.244705401444782,0.36128202914293983,0.8050245354415994,-0.02779601530309673
1.243658368177361,1.0875299107623728,-0.08456081806582948,0.3006566104754653,0.39660812609189666,1.3312887883381364,0.7978707252949233,1.4006038981072106,1.1176761689637886,0.6294966519834881
0.9793787319035866,0.3155416193255799,-1.8877840145199707,0.13284738263587706,0.5600868467916877,0.3034022682272847,-0.05484408341804632,0.2399806931943048,-0.26931400862720045,-0.785271277499251
1.1252864661802586,-1.4408949902830148,-0.6238907113584153,-0.13137787598354106,-0.4836502775220486,-0.9202226151672842,-1.3838573451398506,-1.0144451004946708,-1.9004118358434503,-2.2848899435371286
-1.219095367423552,-0.09035866021956385,-0.821070103717837,-1.6503263117209541,-0.17234206113985573,-0.05680091486352867,0.34893531700688324,-2.258715786416111,-3.70890336417394,-3.380938580590061
0.8061878624853291,-2.0443828362529417,-0.05104233490915648,-0.44560127534714755,0.894424147745895,-1.102736988430358,-0.7432545938697563,-0.8108069245549987,-0.3061102926555415,-0.861713845704283
1.7944787098402721,-1.257744960886294,1.0423260312593403,-0.3329488942127599,-0.8643410285568628,0.9653783176822623,1.1746896423775344,0.4944318217564967,0.440971510151021,-0.44503781036159606
-0.969103115462762,-0.2658580956465448,-1.3643907972560394,-0.7494210131111292,-0.5250599027905595,0.8116002678552483,0.6582896234571113,-3.1458358908791806,-2.9617297970362046,-2.3425521056541347
-0.557667895014755,1.2424174817442395,0.1040601417958707,-1.1473373992852487,1.2688921747602497,-0.651416864296102,-0.5787705376564494,-0.4576997114160746,-0.1198429392450456,-0.8735202340248914
-0.10768442118559109,0.4500742513606787,-0.35581100491960915,0.6758528318160382,0.7395203853302978,1.257569913920712,0.8571117587624378,0.7725622443703275,1.3582379687055808,0.6378011105265632
1.0615454065787016,1.3972782214559132,0.037179312619160125,-0.5963916635953501,0.6280677053133069,0.5147356207280875,0.8467673583348181,0.8548783658420306,0.1628803389040205,-0.21836762199681775
-0.8881677358075791,-1.3673567437645124,0.5456275860153473,-0.5834033450888604,-0.6236859734539462,-0.975794390989451,-2.0540486774280726,-1.1327159872919959,-1.4193335100689966,-1.793805812117182
-1.270574533059584,0.08813890224934351,-0.4921878494711834,0.5072625293636865,0.21151879279334684,-0.7320484664404172,-1.1034868017042254,-0.8230854897542041,-0.4737236622043842,-1.0267660335027942
-1.878419982651051,-0.3712298974957767,-0.5492367657056426,0.6555632587334286,-0.5331460668187016,-1.1926428956498305,-1.3516532246711663,-1.0317229282416611,-1.0294411108084627,-1.348697018837973
0.0002662544145363922,1.4327766117411103,-1.7595497023057864,-1.6568838712703913,0.3032034787238787,-0.9746325560576539,-0.760517527909046,-1.160040850100316,-2.685397413749356,-2.9849665703691666
0.3675092207683666,-0.6303966141799325,-1.7048452379714942,-2.147817946284197,-0.9868621135497139,-0.8435010016111107,-0.5931033885870229,-1.5126470967743044,-2.8013846288137065,-2.8869572349559194
0.3682581537889486,-0.8767878640194732,-0.03271815075411284,-1.282507096214335,-0.7419141004778274,-1.2143307379761332,-1.8508113803821507,-1.2807116039647757,-1.6745862260369113,-1.8316889595771702
0.19808043117112095,-0.6696534418291187,0.025148583248042478,0.35662176679789215,-0.7628416274857143,-0.17327582946032438,-0.462628487833283,-0.09961105780725003,-0.3025164766826537,-0.7457527779939387
1.4705094434988422,-0.030794657188298647,-0.5280690474117735,0.5012448333345978,-0.08720362859946389,1.1285858293697004,0.824781055308074,0.9119222950626394,0.7143582731652263,-0.17805974986839468
-0.8670334626094167,0.19591126194193415,1.0020480953329882,-0.8218597050544525,0.6357385092309776,-0.43476046408215463,-0.27354924214287835,-0.383996378686934,0.14683839183291925,-0.21081855419424822
1.338994171078099,0.772183437897611,-0.3114537558763393,0.4039699430047528,1.002545835930465,0.7223521090713051,1.4488184581989234,0.8347945211691256,1.9827265653576271,1.0395771869436738
-1.4265338122834916,0.9030651967025957,-0.8646552688609346,1.1198242508790457,0.892546553401018,0.2698176811300278,0.6599687966063221,0.06468525357631996,0.18113282396495164,-0.18381041672779294
1.2311853638241037,0.45926144330109286,0.09592004558666853,-1.120378458524712,1.2123891447087614,0.6520886844770274,1.291832981744492,0.3519328426058715,0.551283676243414,-0.34834861344778917
-0.33418331659018347,0.10704546541958854,-0.5905233279528862,0.3936303704545817,0.331793993421634,-0.3136466918814372,-0.3384669602563433,-0.23239480334363996,-0.1448580190151033,-0.6214848274015582
0.2921040147404844,1.6323879349379662,1.0229215283434163,0.13409445822555527,0.08239127957105441,0.07161592735772904,1.6539025509379663,2.267492028360704,1.5386256146668937,1.3603184424315942
0.8875810664516424,-0.23224765898147381,2.1588966543947707,0.9548027626575845,-0.3706906279372694,0.9682858229561788,2.11051789033306,1.518102989895369,1.513220271918049,1.136374643841155
-0.5507666250280832,-0.21124402344904772,0.1846136331996805,0.7785885207121587,-0.37039194569643896,0.27217383028147357,0.45334126604685016,0.35472894969812424,0.32798282936051815,-0.09421393233338593
2.342074140209518,0.416373683206824,0.2549343361315122,0.4877520351462193,0.719767582749166,0.8191998463702739,1.6052456611269128,1.7116790696932969,1.5026378265819569,1.1633089388535574
-1.2339847478929489,1.9861759477375938,-0.8411528019492552,1.0156124290310706,-0.42459786341082106,1.1360464866561562,0.18652749976729305,0.705139600806609,0.08849742242329968,-0.45281909890640876
-0.1315975692070027,1.3992243639833641,1.905448230794585,2.4288702694391815,0.6002460745971613,-0.8125457094223901,-1.8269732362882805,2.9012158281544607,4.6998588300709665,4.8058970962220515
0.24475237363754998,-1.6697046375598381,0.0007615021372252779,0.20278054767772086,0.06888923776303074,-0.9335698858736803,-0.7979577794272384,-0.6511953066952838,-0.12890559949112115,-0.8073794637444945
0.04164373525074141,-0.6875654173137558,0.2856830142314136,0.397657808938672,-0.7290312450051634,0.17139205201155122,0.5779741390070301,0.13844639551485946,0.28123513295213476,-0.5936915248760657
-0.7156440329588024,-1.9217901339090462,-0.18118600651053424,-0.7354413671666674,0.6757914153849097,1.227758744253403,-0.26059564050874534,-3.17230290343423,-1.0126204130287622,-0.4491429725935516
-0.47226252668386093,0.8916228660252334,-0.3440327298831114,-0.1348243310729288,1.6043999613084077,-0.030400762760713546,0.45454497876836597,-0.08803370709819236,0.5140273661825258,-0.16757244506157107
-0.29812627264487934,-1.4465616066526417,-0.4771955230222086,-1.5568490864330142,-0.48955820155419316,-0.6371557140147657,-0.8483621914135859,-1.8137328099310754,-2.140635205779,-2.1150361909668005
-0.28906534048599686,-0.0017288254034134199,-1.6822348943268222,1.5509650720109975,-0.012804119681503709,-0.24882002581211723,-0.2981896696394982,-0.20367245231017703,-0.06677898951632294,-0.935712160697094
1.5965521616712985,-1.067548071580416,0.5633634692392219,-1.0962287082888638,-1.1326055187338058,-0.44415253409619837,-0.9543416798439756,-0.40759562077399725,-0.9365032915316509,-1.2601304117543373
1.0748515541888297,-0.696173334852193,-1.6150149690548226,-0.47689374545439694,-1.1981050551936485,-1.0954723725089996,-0.9506152339460541,-1.0508746111491598,-2.8322261175059453,-3.149192338159062
-0.5664542615263913,0.41616432442646795,-0.029742724225294052,0.01616357162992298,0.3084905764419975,-0.024031035597059942,-0.14319646841595923,0.047582217587761905,0.13876549928107945,-0.360239393998372
1.0164831574158761,0.29364607394705117,0.46041377995753974,0.06275620710809451,0.612448051931084,1.1791792207670255,1.3677521420166752,1.3018444157050189,0.8647962120104072,0.5221787678660547
2.179396470383811,1.8251992324684643,0.942918824974658,1.3464887910049697,-0.21990237407920749,0.17473631856263405,1.836628072744464,5.056397938221521,1.4564913298556803,2.312440640744912
1.9454517926825932,0.3227176178348223,0.28941263326189814,0.7032368514534532,0.34949749830113785,-0.7689233230858094,0.6498388163381693,2.8821540657495044,2.1451683469005305,2.2160997483407594
0.17501784668567388,0.4102770586386651,-0.5561190490734085,-0.2138575556419055,0.811444884470455,-0.34522231861495944,-0.5544131062190036,-0.27021856544297557,-0.2783034589510117,-0.9039446407576177
-0.45009619265015816,0.13848790140449918,-0.24854555050835983,0.6322362176286884,0.3980758279545923,-0.09475624690016926,0.10370530572716069,-0.0797622653574264,0.25766150773252955,-0.17008495059593354
-0.5023179356277347,0.6510145019403701,-0.39974476205291753,-1.465457024106965,0.95956446951441,-0.767053040242854,-0.9698538226869134,-1.5819338694838108,-1.1024380515592491,-1.1538613451128148
-0.35696969589380295,0.9820028782068093,3.047824082962652,0.2778409712374523,0.5424404714139959,1.3078814315648657,2.065573816377013,1.4283401783120557,2.2655910505330574,1.569527923552143
-0.06171573236270563,-1.1095640184487432,0.5237705450530091,0.36923377988406053,-0.6936205807596333,-0.0641749420379633,0.3190632699540505,0.01400055128223817,0.18119389664499902,-0.35129002329070136
0.5429689113071834,0.7031310174227628,-0.042814040705011186,-0.5378638889881905,1.0968616476276527,0.09690146406423274,0.6867747437513317,0.1646900854943395,0.709083193495077,-0.22651697877643556
-0.524866960355635,1.8055676279282988,0.04628434618086638,1.2258890649002567,-0.23292221640909805,0.6486532303800465,0.8900122007349449,1.3365817806962605,0.8942038812345424,0.5185353028952583
0.17684856891466094,-0.9659672620064158,1.631489987409518,-0.4759861185468565,-0.7404302740276754,-0.10182272138272774,-0.10224698367763113,0.02068010905311435,0.034284867509955394,-0.5053144246636928
1.1424646288436473,-1.267888969435719,-0.264349492296364,0.16539862480367432,-0.5966988823127278,-0.24522333922607847,-0.8488509984052548,-0.2123806502763789,-0.8500250980834926,-1.696989068262139
1.220253267340279,1.1186216793704915,0.30584667662873144,0.47297254019964147,1.2344567341257828,-0.7280158744180104,-0.8883912110557534,3.269224352668581,3.4140351068949317,3.767644770028997
0.709949903493938,0.46168776287859753,0.6648349911944392,0.02721104085950029,1.158796608902972,1.1840648206402198,0.7959874305830329,0.6546794170190862,1.2011382372034207,0.7260179409833504
-0.6973781079148967,0.3978611933360024,-0.6839468247400267,-0.8721724972630135,0.6082312709584882,-1.001216109476094,-1.1499678279720007,-1.150525094772169,-1.0781969445226716,-1.2529195734283
-0.6321280284853726,0.3451934564579753,-0.9164107103533098,-0.6645208746302115,0.5114080513208112,-0.6544126000496788,-0.9752320992113344,-1.881595174320886,-1.391009905337016,-1.3445414605477755
-0.6349718131305343,0.5173675263971214,1.7483995367507523,0.16275216498644215,0.32606031485086845,0.4013402653801326,1.2749425473073652,1.5819363101143247,1.4845024318446223,1.1407865767933634
-0.10867634474769274,-0.513767313885731,0.25146403293839054,-0.9440654557537447,-0.9537321058326461,-0.7188327021045143,-0.8431890205782332,-0.8278538616080741,-2.208197140898319,-2.7759501009118535
0.12187335484426279,1.5044432084077464,-0.5294649096184461,-1.4921646029991955,0.24127355208576615,-0.454173561306111,-1.500622045211701,-0.39322181078449103,-1.399396199001256,-1.9087506857839263
-0.7879633610666278,-0.4670040075112632,-0.6494065629913558,-0.03267971453620179,-0.7231302559192744,-1.2348093771584967,-1.8099547828826024,-1.2690661741654887,-1.5122311467702454,-1.6818592610200365
1.3316232572372406,-1.3642658669728263,-0.8179490400181463,-0.5124659204307225,-0.6903823877108961,-1.015421279862594,-2.01983298985335,-1.5833906362997476,-1.6544917308936893,-1.7007920900423508
-0.18924725869247827,-1.0060237789972621,-1.4372358970012569,0.30952797426779705,-0.7225938163139485,-0.3885480803766673,-0.4389279288388322,-2.0108467393803653,-2.724639301002183,-2.567004322374941
-0.28497225814533156,-0.7503093079540993,-0.07498057342287621,-0.9577780545137022,-1.1960519320569476,-0.5475298893227503,0.08764897495019208,-1.9425708697741333,-3.382731242566741,-3.2529221715284797
1.1102279526618333,-0.2327136591740801,-0.39820171986816516,-0.35911885100972957,-0.3817660778034768,-0.2816498045436156,-0.9326021212889876,-0.2111187405412397,-1.3986825795961801,-2.243444935065264
-1.7650574703736726,0.35256455671622255,0.6292363592724757,0.0666257184232341,0.8941273098851498,-0.19299219726011063,0.39945619973488966,-0.13247307408212328,0.5384125441123907,0.17198327428417143
-0.07348500200000743,-0.16595439262217535,-0.5419400394752711,0.08609737483307994,-0.2880469234613338,-0.5826875224101188,-1.4675242885864774,-0.6127542598425454,-1.324353015794442,-2.023184567678719
0.9883302003951269,-0.14828467106555387,3.1840395490266085,-2.0465677495574144,-0.29310179715722184,-0.2983899996464042,-0.9271984262870467,-0.1920482562417512,-0.8939952361639302,-1.2404527949776627
1.5521227251905978,-0.8336225002410894,-1.276533689822914,0.5973366954539173,-0.7424062191620963,-0.19915238015217082,-1.1259812942439773,-0.1400294724894836,-0.8737323675512232,-1.319425936674918
1.673210343883529,-0.5974417753693189,-0.2787517702439704,1.5798878051351837,-0.9422818282957093,0.41798514756575367,0.6687136578976446,0.8053509360503359,0.19804049837364474,-0.20451268098662498
-0.4025954092254799,-2.4562444863936603,1.8142692075519884,1.6098330452831124,1.4196784909625852,1.428403358957743,-0.2826633012923945,1.1476857307250163,4.295536496465797,3.5617859879168488
0.6484022181639079,-0.4041838211635182,0.06307185808239363,-0.22455774903851164,-0.7335591022184788,-0.10374048587594412,-0.659219126330971,-0.0955883212609826,-0.8031981110339598,-1.519873380534675
0.7482171130662588,-1.2971160852479553,1.1644551574618882,0.646269991643873,-0.785881594189239,1.2853536014997715,2.393131763477169,1.2634356065580032,1.382389959244118,0.8618393701750726
0.2749963949482852,0.10820003451172858,-0.6823719422689507,0.14085154463682423,0.1848243437492612,-0.18559623448463028,-0.6096468914102093,-0.21840197811649092,-0.42927577785013715,-0.80885570963018
1.3895525451716542,1.3423604726611826,-0.8050934413062107,1.5216592453118678,0.25219031642182477,-0.9171681700306104,0.624452205123539,2.998452255602492,1.4793370947826434,1.6137953405504137
-0.35662068133385044,1.129561171322911,0.3525720136245569,-0.043793325847016513,0.3789681149636146,1.2779549610100116,2.135605319950936,1.0408120008531667,1.208952853214828,0.5894468077650458
-1.0631083754316273,0.6131405466640103,0.004736007140664165,1.0730094589505372,0.31190163999883747,0.7486041938319383,1.1132671306006598,0.28126995299804636,0.7225497550318462,0.266705491197456
-0.6856838865792735,0.9229041055936229,-2.503249594011862,-0.5351832561164168,1.408506581659464,-0.7299514087302404,-1.0208120900054543,-0.7688699630691594,-0.6070038506509184,-0.9213338958535275
-0.9283527637749046,0.565552447764261,-0.6356515103863852,-0.9786541367635071,0.3712121406569864,-0.25591474865438135,-0.8453526464793726,-2.140633818726249,-1.9150001706404762,-1.7358975633238989
-1.7518016852503133,2.6863019755011814,-0.6119669402017791,-1.1260851386144757,-1.20596662980333,-0.9290924123272327,-0.6572989000480793,-1.632778543723576,-2.882554102388673,-2.932472060333914
0.7647049525597325,-0.3675181254008588,-0.21606087107372599,-0.1592787853308509,-0.5633530392801365,-0.1653757280416558,-0.7699954165237111,-0.09953572465649285,-0.6598554830308827,-1.096819792442998
-0.11866617847333488,0.15449594525346358,-0.7059520616609953,1.4541096563617513,0.18894824873552235,0.3040413102103904,1.1240509002438475,0.17629223630637575,0.8133602597279149,-0.04277034416342167
-1.138305307222181,-0.29208792216479984,-0.4916380540066568,-0.5387286551897181,-0.5792840758220841,-0.11290291001231664,-0.9266727916619943,-2.2177867908017665,-2.259370792035288,-2.041928182221319
-0.19993565092945698,0.07397118736242136,-0.7753252254081702,-0.4993037303761145,0.09606357036676788,-0.7069566255288212,-1.5733647011271756,-0.903166682532665,-1.201277151980054,-1.4711956211476716
0.8170397120506829,1.1377337654999424,0.6725015096729077,1.1802627281679539,0.47088869119423266,-0.5944530417659011,0.07192330720292894,4.246404099701918,1.1482954168595978,1.5321517157669695
-0.7761950345559027,0.18345019336515553,-0.6066309389561422,-0.49072937694822727,0.2784974157839455,-0.8973826474762958,-1.8862575252845426,-1.266775550842311,-1.512330047750127,-1.740060158477001
1.30802952203659,1.2672698895147345,-1.6487648188407467,0.8710381156524457,1.1360719470317806,0.1380147587137727,1.4260924325226134,2.2708228257293337,2.067416484262698,1.7626644928310433
0.8981079657379736,-2.227372446429101,-1.706357206384294,-0.27436132404396835,0.8450367907059586,-0.20289568057198554,-1.3209073305634975,-2.1229809971875486,-1.116262335577046,-1.0054420791655898
-1.6092886985761559,-0.13204064785082298,-0.9916503048267897,0.044044128695036024,-0.21066246204780453,-0.20604452423017272,-0.8323768059389186,-2.1641564416041446,-1.2946960535072383,-1.177454916772423
0.016268219985762167,0.12108319068849133,0.3678812211889465,0.1612665637805904,0.26679112226214613,0.8144630367814162,1.1623000363524831,0.8736907091839208,1.2733403108118964,0.6026646306522113
-0.4850370931206208,1.1802692851852983,1.4324599301411278,0.6466867930332371,0.6876102048813673,-0.6007349547025046,0.31375530237078997,2.855199395423672,2.402077953864345,2.44686447261961
-0.73161299491143,0.3699960615768601,-0.8279840565594487,0.7809278958238098,0.515788928785717,-0.2575079004036039,0.0611168379116832,-0.19563048932654795,0.2086910446775938,-0.5001139826719603
-0.44032279103892125,0.9413794043810425,-0.2674930006929178,-0.28134431655650766,0.4605283591917866,-0.1842447766006941,-0.345376616636398,-0.13395750250989033,-0.22010645574233434,-0.9457943684108184
0.6099427526492373,1.450562921224566,0.1513606366163442,-0.6460691933445811,0.229975343899164,0.34803920579085834,0.27678056169875875,0.7913992392908681,-0.08748018510693972,-0.4592103965721119
-0.758354125089311,-0.9784882541732726,1.083125678275455,1.2124305912556619,-0.9032233842437831,1.1140938692911744,0.7604232505626767,0.48547541636444336,2.0882340224038876,1.1244580914402849
0.706239525559821,1.6851131148251197,-0.2966568883676831,-0.08758870295104658,0.001270866551411995,0.34718682501841913,-0.028232942639133177,0.3628616547282149,-0.19411544361423355,-0.608332103369939
0.229428836337287,-0.6953300779124072,0.850913850459549,-1.4879734445985004,-1.1422611911787623,-0.9743890860314071,-1.4085979764741134,-0.736825217395284,-1.314648595489194,-1.6982026323490689
-0.4696604913200736,-1.1581292227666407,-0.2555453529567233,-0.24934458637407828,-0.8648955969299202,-0.36718352025379863,-0.990089694692851,-2.0276326050630353,-1.463886769965212,-1.3739133832915016
-0.33506694809272636,-0.5626350774417624,0.11231681174002396,0.12120381923084558,-0.9948776234224993,-0.5265484582314348,-0.8667869531097326,-0.4196101385066151,-0.7402507185934866,-1.2456894883074159
0.033802384502543734,0.2867610254659263,-2.0637484924525498,0.4494628188172209,0.6162248308129058,-0.26704348100582603,-0.41999888060056606,-0.18787639899671427,-0.23299117601963884,-0.9534769436733957
0.13723703586984043,0.6532048335776577,0.14428724224904096,-0.7476681831865354,0.6375985760324729,-0.11137412729408441,-0.08082413671286111,-0.09241219778978234,-0.007939232817334548,-0.6935442646072681
-0.7124235789876062,-0.2079272411089585,1.1381768277028106,-0.7015262956558447,-0.3534703336568718,-0.4736416677964762,-0.5955346264805649,-0.4399605466778164,-0.2236901687893526,-0.9399621112349432
-0.8351766997614314,-0.19671182345658556,-0.8111248818346762,-0.37529280895340955,-0.37549896968891866,-0.19730070365051772,-0.8006455430267336,-2.1909507124320733,-2.428860759037421,-2.2033177047971297
0.48225518511367854,-1.596275630697645,0.019168945810959043,0.38075746158630536,-0.11987931926281192,-0.24157645093771413,-0.2242750553165332,-0.17887500681358942,0.15044088259711347,-0.5380322905878858
-0.040494393671569026,0.4390233580480357,-0.16959830412047924,-1.2567742102692008,0.5760855341343123,-1.0193687550582133,-1.5898296482472358,-0.7241588093310793,-1.266785780582876,-1.8239355405540052
0.19970270542304003,1.038181695273975,0.75533598707427,-0.7110585231107098,0.5256261487612102,1.323079362476887,0.9588983673452959,1.550765279878365,1.0028606616446323,0.6146516994880917
1.1076779394088014,0.7830274087203466,1.3803062637667358,1.920282653682598,1.3642704776798318,-0.4727030397136805,-1.3976714808490327,4.327205100802143,3.892165350270306,4.684978193318591
-1.121169706414369,1.0597892971232572,0.14140478116337907,-0.16647320013115116,1.2734378922617438,0.008208126800777846,0.30553117882009284,-0.01634662057423276,0.7655456581544344,0.15999289059331992
-0.11951886452902745,0.17944997529057272,0.054905134634258404,1.7828244706895078,0.552313703306908,0.40329190821388533,1.8949148118648111,0.37752289877168793,1.3273357524033507,0.7823869875665191
-0.5311895777127144,0.3707181409703469,1.8666043052657495,1.671101676877994,0.8249921197140118,1.2007384198668656,-0.27312543730907585,1.246782033846395,4.803029719840844,3.970397149795145
-1.359530034764207,-0.10630678831918572,2.028522818254925,0.6785149146479293,-0.18412515171184057,0.9730148713792719,1.8933781137867385,0.44809403054930336,0.8546194565540145,0.43876049504299075
1.5450973537496624,-1.3433399688254943,-0.107376223699598,-1.518010099399579,-0.6073709698404992,-1.215410492314062,-0.6444923675659339,-1.3450329474234022,-3.115963770981157,-3.3873282589862272
-0.3942322511255258,0.05789596385502768,0.23184564743404593,0.473436165476983,0.38885467045836464,0.34765745289090183,1.3143853649818824,0.19555879495140266,1.0096754948067903,0.3514061940419523
0.0744364825970804,0.45310404799704695,-0.09693081065885374,-1.6489694419306145,1.1543077416337917,-0.693204248445659,-1.121075611933275,-0.7783070182741879,-0.678363865174206,-1.0119294987114442
0.4645918881669187,1.9394317481514416,-0.099892094044558,2.226406698326533,-0.39802624702376116,0.7106574994829802,0.5090217420340319,1.962409675422285,0.892509910309771,0.6622553320771718
0.6847045585239254,0.3996602849038779,0.4576899636800796,1.5668254231287688,0.5011728745718421,0.22792298097224928,0.3318434189067747,1.8533811191653984,1.4983196231258684,1.257528783605962
1.0893097332797055,-2.374922274778783,1.4367325419932224,1.2078449446252446,1.4062421914356185,0.5537516239812224,-0.36522178728556104,2.13714143925959,5.226932323789029,4.837244772089888
-1.1947091168440676,0.979594074893477,-0.42375196675023935,-2.303431793132427,1.456914537632771,-1.154523130122705,-2.0364563112545873,-1.4046075519980372,-1.0794441052672141,-1.2115156438431858
0.49879535070843306,-0.5129666137748976,0.511519839294572,1.1390809618341375,-0.6277524855780784,0.6371032997179077,1.8088029792219578,2.084215442883818,2.2640011862592133,1.888076300658705
-0.1934438618575926,0.6181718227563588,-0.00815956911870098,-0.47862739263011395,0.3993016926818632,-0.22088609523703076,-0.31749043797160936,-0.1647025517344208,-0.19900802323280545,-0.806969978683628
0.6803595846160899,-0.8803735567711002,0.6112953038673726,-1.0814359481363784,-0.7694608199481264,-0.5121903500129599,-1.1670806249250927,-0.44891695366971895,-1.3142603821665781,-1.990307222588737
-0.5425892027222572,-0.049038161368939286,-1.0931880973739632,-0.1916785137775071,-0.1201423394119813,-1.194264046004155,-1.4331538032279356,-1.3838963932101924,-2.526991417458138,-2.7743473849270264
0.39962313731430726,1.9866680209831338,-0.35994854010017435,-1.8027972573677804,-0.5146491389605259,-0.14186938726907017,-1.0219971067901397,-0.09841866705609023,-2.1874969209410717,-2.9756974075316363
-0.8252962239969855,-1.2859507231537624,-0.4477963331036444,0.05671221367515836,-0.7388028279877029,-0.8457443188481253,-1.365125303018138,-1.270194357615149,-1.1622610874187564,-1.2878852001129406
0.635477551739664,-1.134857963266025,-0.7178049921384093,-1.7670604167491428,-1.052260200237709,-0.7683732633904115,0.08745390852864277,-1.2882927049158017,-4.009855977610544,-4.290207767973413
0.17700229143418633,-1.1151943955310963,2.7358436838806544,0.35506732929374313,-0.8377519621154519,0.7602539989708855,1.1573577886013513,0.4180689242960111,0.8324975690029799,-0.1316216090278926
-0.32699901217027777,-0.6044910344840028,-0.39787967675584984,0.16396179553397028,-0.8161257009526521,-1.2255697896728714,-1.3826044014873589,-1.0736391058474484,-1.4525560452945572,-1.7483310284507059
0.12033803572151486,-0.2091996924806086,-1.2446424704531205,-1.37792163591116,-0.3887911179348678,0.5686403636745367,0.7388395906870443,-2.6520413642588605,-3.9835511852433774,-3.446682070531729
2.2089223493020973,-0.5850393020290509,0.7980528478725724,-0.4289234424130506,-0.849066125012461,0.7548891827450454,0.6523191268438133,1.1585203632053453,0.16198944153628883,-0.22121603925435485
-0.6526577752498182,1.076358213118438,1.5325014305155404,-0.5644275414886383,1.4249862174740446,0.5980444415295034,0.7226100364537441,0.3503550078604422,2.37748341497461,1.4575526070408884
-1.116531850579038,-2.0233353815033412,0.33774882454703414,0.043298813233150726,0.7706294055041201,-0.6901552405892395,-0.5154897639898108,-1.78853152500484,-0.06302047848464587,-0.04486600419944069
-0.06933919109599201,0.4234252547733957,0.49083906975535246,-0.3095231229215823,1.1280646901757836,0.20364231552631054,0.51977509388501,0.12649847758501773,1.407693170320132,0.5685814249076443
-0.2851654046354136,0.14823164636299357,-0.5934093015157603,1.3436934211891876,0.10428262223657736,0.8905747621091533,0.9923868364319968,0.4195362204130896,1.0086698325428296,0.13008648641170123
-0.97969513650511,1.8466993913790453,-0.07711945012111643,0.7638076645315789,-0.255733184427737,0.7514904358301996,1.0350871840816762,0.31720248122829486,0.5815859149177056,-0.14033371289288593
-0.49283041434645697,0.27732371932349115,-1.6838462938085403,-1.7554793468384515,0.5272092887637156,0.046836038866960666,-0.6816842170475458,-2.4388264228295613,-1.9195974740358486,-1.690569677436786
0.35067512980824017,-0.660073455563065,-1.649119528668072,-0.7632528221445363,-0.7671266412458942,-0.49079353745993204,1.0916828196697477,-1.974360435750702,-4.270817059144152,-4.111805634942891
0.1808792178135328,-1.9686181197063193,0.34442316440878984,0.3662698881052891,0.38106905038788713,-0.210232594060947,0.16894508742361516,-0.15622199975431003,0.21125915228991435,-0.1317474132091941
1.3742439118153194,-0.3104480932190705,0.8442349202807529,2.729422724756011,-0.6129981228706691,0.9092801454297762,1.4539458271559735,1.1074683355017263,2.1393828833363777,1.390082500632228
0.9654958287777242,-0.8007299521205137,-1.918379561614959,-0.5176925475060434,-1.2464884310365263,-0.7611258903137048,-0.9159713199727596,-1.8045144936708466,-2.146811892183341,-2.128055439438424
0.7960942636360965,-0.46008487216549754,-1.0397280992259696,1.0844809122436336,-0.5966245573280748,0.04379458020457622,-0.334024696156868,0.11882641223134575,-0.3813941099723285,-1.334604729913245
0.3613450673207663,0.4556119243000877,-0.43511203500925255,1.552130786497821,0.21303290079071205,1.2561067856129222,1.1536849004544565,0.9447441893072934,0.915505501721583,0.43459585776993814
0.8885073338883167,0.2917895110786046,-2.5091966471359193,-1.0856555198458362,0.35735804036021257,-0.9711294542784819,-1.6653728670624375,-0.7335831761266337,-1.9763208655972877,-2.5133705175735344
-0.4269537547159918,0.3142031990591111,0.935726852056435,1.9314586602814467,0.999300056028474,0.789008766791094,0.8548594519410003,0.8639334179336272,2.3829867000114264,1.8535447897377353
-0.06348829628675753,0.9661919040714367,-1.111952219069167,-0.7083137738791621,0.6526236558388133,-0.6431338317525505,-1.6308477980178715,-0.7208423909914777,-1.045074078478084,-1.348260599813402
2.3466737265514435,3.7472630259603096e-05,0.8767085520204345,-0.9146893124149136,-0.06713207379114652,0.6688801974543103,0.657899861090766,0.366932913088171,0.3263681183028666,-0.4492259215661207
-0.13368699048533933,-1.0200323801620252,0.6451367534402944,1.3713212587700796,-1.0696667570473808,0.5133944045272522,1.5945111571403985,0.6521377728670088,1.8574880139855474,0.8853104603914632
0.767877364977537,-0.3734298654527102,2.340329720153489,-1.1161284740095152,-0.6751150663650151,0.0600313760178285,-0.32855443232800374,0.19874913711371894,-0.3904886128289481,-1.2419277942999916
-0.45489431256891655,2.8077950475677835,-1.0418474482953988,-1.789893234622375,-0.9737121479859793,-1.0073862025226863,-1.3720698746526612,-0.9888244054565519,-2.4793900907116515,-2.7447212287571685
0.46686582260101933,0.32417391768849185,-0.07446049538785632,1.185047350391806,0.17232806495912037,0.45265765183531753,0.8452748847150434,2.039585518952355,1.7880125047110758,1.4774425618844131
1.2618972392618617,-0.1434469702512533,-0.5480153465854594,1.3515008083771165,-0.260330945176395,1.1498292108291484,2.1217606617147875,1.6759011633973386,0.7502108560398368,0.40869199469538425
-1.4243488766829306,-1.449060649157302,0.18049030572956776,-0.5318202956874316,-0.49261599091141384,-1.0160885787250282,-1.310202785083503,-1.4915980735937264,-1.0610550961586636,-1.1285024384576212
1.5703769575990172,0.9583385838263774,0.2830330783280955,0.6338142976719094,0.9261108309527681,-0.7075827544607806,0.5462547338053099,3.7477465410114994,1.2506041559962164,1.5585312206740336
-0.4753381724827645,-3.282130109618716,1.6855781325043389,-0.8093799862398684,0.09347268346589799,-0.5756726558250429,-0.20761858195132155,-0.5247622453197517,0.11083213267288466,-0.42792965007505135
0.2021563176651948,-0.29266028869108385,-0.20973001407492342,-1.536795370092884,-0.4911440214448907,-0.7562452844709016,-0.6689547613499593,-0.9099449248248983,-2.8143255323548915,-3.340221487278898
0.5681606321664668,-0.7533204067878398,-0.8243246009313587,-1.161157516572761,-1.2291728983010557,-1.239670605746009,0.1297847219849893,-1.2281592204415328,-4.081657937688875,-4.409283293885619
-0.8675955885794707,2.119878090772251,2.0834535073101748,-2.2278033359834972,-0.7306639869588624,0.620381062884959,0.24827495312337616,0.4670376354187347,-0.2671793375889666,-0.9387622898757885
-1.477493448417865,-0.41641751750927297,1.0532931406063597,-1.937916780245299,-0.6272141523508008,-0.7131097264470945,-1.3410240037867507,-1.4274339492569954,-1.9179343457029998,-2.1304951085998405
0.8909927993023323,0.2987476391370425,-0.49085110103833807,0.3224423062050838,0.0947448428879159,0.6216816252355202,0.9469279091673227,1.1356436328188153,0.5947590322280947,-0.020762910648211768
1.7731891476522463,-0.9034612204480945,-0.4647087813845053,0.15901745886915544,-0.9980153129403381,0.13347376357945745,-0.9456586739683683,0.21395547779477792,-0.986622705857215,-1.8099855836834513
-1.6735261871013385,-0.039565492477375695,0.6270673796182683,-1.0952380500832355,-0.07122058690649265,-1.0827420592893522,-1.317060154623118,-1.5380298533226564,-1.220812780255139,-1.3260928102359872
0.34925411373207116,-1.7223683740646438,-0.6922403475382488,1.519134292825382,-0.04686175826647589,-0.3757822911197129,-0.2817998337706428,-0.31482633601268645,-0.0585129173439677,-0.42741426420287787
0.2644743082527087,1.8544884342637278,-0.2952846741743026,1.1736041330728444,-0.2638971772679618,0.5303876220088679,1.7303259373256745,1.507821739955784,1.8454233232528574,1.1121051205987813
-0.9219135189246742,1.6637283241180083,0.11894296268364508,0.31903451002918254,0.07697293358081503,0.9408055861555832,1.2203254326311648,1.2909578890678224,1.0934049670050376,0.5600650302981427
-0.22418647210304596,0.2638844359738762,-0.050911556358986164,1.5077380259638682,0.10755030827501463,1.111455392642258,0.6742491534819028,0.5756549298976902,0.8658452887357395,0.3919238494848052
0.7541342981133926,-1.3609879600218955,1.1362506093638696,0.9968737398869364,-0.6005649221556796,1.0585074378041337,1.07079069331204,0.7717747427050509,2.4852740683514347,1.5424566781286115
0.2856241537288368,0.22503218281504278,0.5546918326311425,2.0879748813829835,0.26603014626595267,0.1697382166837338,1.2913138483393505,2.2685812556728586,1.6762531941741385,1.5288330451173313
0.8969469183855799,-1.643190741378624,-1.4268003053867984,0.28444748930937075,-0.09940167819699305,-1.1218815069382226,-1.1200516906703797,-1.2299303271391595,-1.2959065889347972,-1.485899362359756
0.8634651171186123,-0.6873364970920945,-0.3628613465582748,-0.39493007210766856,-0.7150339462574995,-0.6271788750084308,-1.0349972158839225,-0.6866595150512106,-1.7460406741058296,-2.2404549296251575
-0.508433083318921,0.7152964593689375,0.9551013862849638,0.008439548087168522,0.8698268029961963,0.6793418074279008,0.13318638996501256,0.86878259383476,2.9575461343271296,2.024041018829787
-1.0454956561272848,0.9328133328133984,-0.1839046530829294,-0.34765767830859734,0.41387690476554184,-0.7461735485176305,-0.8977873374931221,-0.5064863171996276,-0.5142611823183544,-1.2585238255226852
3.1445719068366302,-0.8038759968252361,-0.9734205364446769,0.5401221782262324,-0.742317955337309,-0.24886855959624116,-0.6829348726027017,-0.1886560671663024,-0.8070272754744945,-1.148080009672828
-0.38087449083251407,-0.10321989927927266,-0.2311332527860317,1.031727674265106,-0.19050879961266062,0.20760500625719297,0.9713155123771381,0.26315653090682967,0.6943533408934915,-0.09081770622620222
-1.9246300467926356,-1.2283337011527562,-0.64011539977788,0.30886689012809193,-0.7463960268844939,-0.7144584579608215,-1.1503729217431495,-1.394683013483397,-1.9089008190828167,-2.0986475611387396
0.6321649069242089,0.11835583465949966,1.5894840133542736,0.9331452766918132,0.3333131810874012,0.4196586849779009,1.2530220245304515,1.6291465026656884,2.0396682760799383,1.68388466216177
-0.8591363021674147,-0.5055396738339308,0.25679136976344197,-0.6855470193509556,-0.9705515307094097,-1.154689534023715,-1.6402724267618283,-1.0068926035948813,-1.974497016210717,-2.398605386862605
-1.2681494819920338,1.392356328734295,-0.36234764588906276,0.1047108589448098,0.2163931804135352,-0.1857210845067797,-0.2929823633981691,-0.1154502157569342,-0.16652612349127896,-0.7675005341717539
-0.1415548513531855,1.4106776963864327,-1.2144147713654998,-1.1269186508497793,0.5971690515866838,-1.0359341605138177,-1.1572122025392368,-0.999026191669517,-2.375884095267532,-2.814937216963979
0.20433060089729974,-0.59942771243185,0.7131799718617563,-0.8494746052067912,-0.9134493558709111,-0.6968755425154055,-0.9985669697548817,-0.47070117206078266,-1.2318330152516923,-1.94796312070842
-0.22325418263159488,-0.3246029379797798,-0.8305075753154918,0.8720071011259863,-0.6465953392821543,-0.5471461072567931,-0.8569892838316568,-0.37807969885431925,-0.9785059730696674,-1.7493603536735518
-0.7622635781627678,1.0062853135048024,-0.5274636777447437,-1.479043226466095,1.0838977300107975,-0.8985432925998744,-1.0704954134727314,-0.9766680289035866,-1.5743470207324601,-2.0171367691440962
1.0241280823636176,0.39207859414591456,-0.3759907457362603,-0.6803512588955595,0.40831153964821965,-0.049186595859376424,-0.6166370971492917,-0.007853266744151523,-0.6638528094559861,-1.505591782121953
-1.016223419967707,0.628272126369357,0.09850191098258973,1.2369249584664794,0.7421602805701878,0.9775895619429453,2.215510589523776,1.2057607182555437,1.292791290644111,0.9124280415212604
-0.7731206208410679,1.4439367077200822,0.25756421591238066,0.3996993490224177,0.2887904751971228,1.2392306192032594,1.5286582387084469,1.6871637247644444,2.6878332059613546,2.022284029854921
0.6115538443604248,-1.4086735475900178,1.0901467713564352,-1.8370026580004533,-0.46054638953144006,-0.8747774395929917,-1.5064598721209153,-0.6130968405650963,-0.8837474330724386,-1.356217534224291
0.7990522101956156,-0.4961416363733215,0.5533792223497761,0.7806138765479446,-0.8384482534773757,0.7898653452026818,0.8369321256837214,1.1368548388137014,0.7740269337389851,0.33667523432153273
0.9386780985155332,0.6689635633547111,0.5873883882603692,-0.18028301878295294,1.24448561210076,1.0007817551290588,1.3439836479473617,0.9292587977502448,2.681744165639732,1.7642401944746746
-0.33067151889126883,0.3827833595651517,-0.29435853705176857,-0.482042505759367,0.7508708412821508,-0.684236953554769,-0.8784158435017383,-0.8361208779291077,-0.6415758159894455,-1.030835008816018
-0.555280664371509,-0.7525223417332153,-1.8804271795996916,0.14154921983284827,-0.9673042225664299,-1.1630964143998999,-1.5283801334510532,-1.4375900322028892,-1.8186511645025845,-1.9254947315261144
0.44320840244215487,0.9673132790904271,0.7411899662150144,1.0348436042935856,0.6275067545688623,-0.9577739990089053,-0.8863673349533844,3.1341387727350383,3.6597862756342785,3.905909643967992
-1.0241819895529587,0.4166538259548995,0.3018925080433828,0.6042947259968717,0.8913393399484498,1.3294624961946337,1.9584149814821405,0.7574337834550766,1.8558836576122466,1.196663011779578
0.0933330069676001,-0.7726680701759673,1.5734758120001466,-0.059437548703272114,-0.9632832071582809,0.22798201229634962,0.959296877639656,0.5792209433839118,1.024909737377464,0.08475896575781475
-1.1362859278771131,-0.4064430032784595,-1.4084757311228884,1.6175195849920472,-0.6219142451099277,-1.1312976699222916,-1.4734111060867536,-1.3439331243460946,-0.9274862021776961,-1.0488883254264962
0.8772602883186995,-0.5947752231152348,-0.6680053903649131,1.387134443146035,-0.8285349885018128,1.3076471492864747,0.9804621507100209,0.9544114635024589,0.30074409361768173,-0.31400138181526016
-0.28099796016574313,-0.053627452961929355,-0.749453187903384,0.33909038999060864,-0.027069606822879136,-0.7409548763681574,-0.9951535642989755,-0.5711949629283631,-0.650914163744145,-1.0233620312082419
-0.7307575822644915,0.43518873677715747,1.371214562577558,-1.2553980951089443,0.5917999994815111,-0.5236505246100154,-0.19829460011996472,-0.1804443145717305,0.31682951209178517,-0.19119388640083637
0.3693661121429718,1.392591270538131,-0.24880573283500804,-0.5272754571089222,0.8023355930429963,1.2954395249902142,0.7529314267107752,0.735370025554729,0.7140738491154243,-0.22176957307774472
0.3955170279766442,-0.3364508435417671,1.387887265983142,-0.16791125905552481,-0.5246164951388598,0.6620313727796653,1.5456836389213784,1.4259435644302525,0.9581579458848659,0.5253677548648562
-0.3150916691182466,1.1081969608918951,-2.1194179678548584,-0.7037640564151028,0.8139722278837068,-1.0479334190621148,-1.676465347640526,-0.77279364534983,-1.0603974553977547,-1.370975066679362
-1.4616784987239757,-1.5840929081477095,-1.1629099282291298,1.2848165244703855,-0.2383987796788301,-1.0350007158747796,-1.6208464089401804,-1.3615224592615112,-0.7572843758431297,-0.8646224690349755
1.0594990155039081,-0.5348780630358393,-1.036465157951896,0.05598030981241264,-0.9106218179757509,-0.7981003510995541,-0.9555649838210124,-0.5413816570238354,-1.9797594216105854,-2.5463968405622928
-1.5510390732786907,0.34847705972642934,-1.0820893711803439,-0.8837393600573058,0.9551873652176015,1.1150185409508122,-0.3725982374878685,-3.007243627444198,-1.3185759541897424,-0.9286410608490585
-0.30728712026564575,0.2495303950961928,0.21736719221543507,-1.015489385648038,0.7664654426118056,-0.8236337726101796,-0.7003681081573137,-0.5750977769094208,-0.38739390788693984,-0.981511539207153
2.1477654803197077,0.6949506687466098,1.1585301892832562,1.59194974818544,0.4742573159929861,-0.18821738966285495,-1.1999292177738712,2.4641050945124636,3.9493554117071366,3.7870759234888065
0.03112208845740716,-0.9160342193709743,-0.7544415965969777,0.7781369457769796,-1.2475582916914487,-0.9656514072838158,-1.7726275715439461,-0.6775359564179355,-0.9522871441116014,-1.236510768055728
-0.07246121984047242,1.8392429755262334,1.8370836002050077,1.2278505570957556,-0.23873957136417978,-0.7654520748238326,0.35724817383056034,3.2353046128401113,2.0634765609900634,2.2640763422757213
-0.5883189227183879,-0.7689891901370725,0.8317364619393532,1.3926943060650994,-0.982301205904891,0.32758875951438465,1.1176578101785661,0.39921468505301394,0.6445223462854107,0.21230942140757175
0.139064740319458,0.28102885351443985,-1.5867532404481077,-0.6987280264960177,0.7258221964039837,-0.9360447032843587,-1.9495307816850378,-1.0023548766811747,-1.8154751171228665,-2.1955159235682595
1.656768720134094,-0.3806523065355424,0.23128738589352413,0.8497414559231766,-0.5343024507924499,1.406539700936269,1.0759266514106565,1.3634646938446042,1.1250043760547868,0.6157190392863173
1.2760589086570133,0.16152823381552375,-0.46073198236921875,1.317921693937667,0.19252095894528942,0.5504150301635516,1.178523679413036,1.0139899463977726,1.62498468658034,0.827634041184327
-0.08764463006397934,-1.2496510641034047,1.515670675242154,0.3388224540898882,-0.7006148667594531,0.20503199902105362,0.7272112243564979,0.3611864840557219,1.1191449266418945,0.36791349417749
-1.1123244779253127,0.6478136156999723,1.4364987868774604,0.6328250699456854,0.8710017201233663,0.7021774602808956,2.002361354214958,1.9604536197010007,1.7227634443835345,1.506974312943568
0.3728407518202069,0.7690505730616916,0.3895555827073453,-0.6487330465878464,0.6511039250110936,0.8951342548234504,1.2543381947620786,0.5205058100440253,0.38311939875056317,-0.08199293812725235
0.25587056791859286,-0.8489911989919164,0.4419871894601342,-0.35917290191958356,-0.7415920616805953,-0.4758323378176672,-0.7099143693515398,-0.44012862987932966,-0.6313514414011614,-0.9356304280775828
-0.8840657695330115,1.4730879181428203,0.04490750006496853,0.03807350782364052,0.48098066359758523,0.7793600015641525,0.7167153459185559,0.5729259826085904,0.33968771920682583,-0.06537270205027751
-1.629971327765628,0.39044356879175446,-0.3488460030413238,0.46671453945959035,0.35461946097982744,-0.48130678739940624,-0.10142010447881922,-0.45705581748005597,0.12071679600084106,-0.6119226649044986
0.1515682545023949,-0.9125497866690506,-0.9012448014716995,-0.0688549475302276,-1.2454265241406437,-0.7459083629684276,-1.1452571817813662,-1.3103547922267478,-1.6276646124256398,-1.7543282874421997
0.4397871981036784,-0.7227411060270419,0.8731363681120453,-0.5167768012341848,-1.1505942007328636,-0.1929930073799605,-0.6042053493183184,-0.14664641356901825,-0.6412325693223808,-1.4308836591162948
1.4175684077075295,-0.742101269061839,-0.9034501915694336,-0.6640712604062309,-0.903159641633427,-1.023589472837883,-0.5752789646124628,-0.8198435721384933,-2.868004890320187,-3.3560032738206167
-1.7494257724766795,-0.005041684633265766,-0.8530396175136266,1.5036005256618152,-0.028447595031241765,-1.0031689797470356,-1.0752625433975938,-0.7225451286076112,-0.28118469158601894,-0.6824596862581045
0.07707891487971005,-2.0034904663800805,-0.6715725002274714,-2.6737100438732493,0.6450722527197315,-0.05146653804763253,-1.2099989622174752,-2.3312230292266287,-1.8453928184881583,-1.5840946617676168
-0.010124303049973563,0.37437168858713854,-0.4186238715689582,-0.8627738634971813,0.2226801293504846,-0.7500067520661825,-1.4897288906482495,-0.7105673955267332,-1.733054200581578,-2.380448685077437
1.5529440951033988,-0.26616749482387947,-1.1377823154152078,0.580473019257458,-0.50299401156021,0.3572194323738967,-0.3557368859044356,0.23851493604340457,-0.6265102280864585,-1.2785497672075339
1.441015026489726,-0.6340163504844054,0.25614100134907203,-0.19070855176158605,-0.9775652557332288,1.2241857378901364,0.7830260939668423,0.6942897502455627,-0.18140325977441796,-0.6472000282251844
-0.5978545121459985,0.5439879080742952,1.5504107714601112,1.1632021861700463,1.3386437428379705,0.4326993181249322,0.06166096810809444,2.0369909860388025,3.097507309868903,2.819231272562597
-1.5873729043867741,-0.06045847789824079,-0.42471002998311796,-0.7963659839382787,-0.14229245551389252,-0.8818277574668419,-1.0245596407731599,-1.5034132959059319,-2.1413088470463895,-2.2668547436941964
-0.3599366282720539,-2.7100484634836906,0.8981070931096681,0.07320752725945165,0.8781815584990001,-0.2842924760192555,0.5248268328969536,-0.22217008091391283,0.8444928655921111,0.41691552878508675
0.4036369932641573,-1.4700445348335403,0.691660454592126,0.7459814318135964,-0.377754360541738,0.9452541905597923,0.8894382707384818,0.9996645283491752,1.9622398756529595,1.1651658174510842
-0.6980054850406211,-0.5516525241130225,0.4253215027559802,0.15080558887381476,-1.0351156852279046,-0.44816869791256575,-0.8509305364408167,-0.4128894006418113,-0.4251581405555641,-0.773569034849834
1.2444732839024581,0.30550928322065396,-0.24655795046692622,-0.2959627598865045,0.6275186326792553,0.20855934165917395,0.6573846614274503,0.3742567028051994,0.2955443572587047,-0.4426666781529975
0.9342649048274225,0.5574977028909073,-0.07801034870223962,0.5278838568169829,1.2146707364787952,0.6402272048778543,0.3175914327015632,1.5492628357925724,2.759912896762887,2.092926117452743
-0.0032571312352392763,0.575544374985196,0.5606130766966841,-1.8253564993048867,1.0068091107680563,0.31314737219420424,1.0421868315267153,0.32167723251153235,0.6841057880680778,-0.2240004991329346
-0.8984024562927232,-1.216330802053699,-2.3387708049202716,1.565209287224854,-0.6373944753589067,-0.6915223513666942,-1.003129665698312,-1.633273387084308,-0.9498746893637697,-0.9878689454807044
1.0088910588132416,0.9304514637630753,-0.3437790584802599,-0.21152840745873022,1.1789646650608097,0.9696004240658478,0.8167386756653094,0.6987870832333721,1.172442459613615,0.24260510669210295
1.4882213845368704,2.255440384391422,0.4759008047730548,-0.20502583717838416,-1.0079218455284207,1.1502619084727823,0.46814319573784424,1.6046113019740924,0.6020907207758012,0.014285430001654935
0.9955926393360598,1.047169201244844,0.25088329403301096,-0.2048521520855686,0.8204816511561455,0.33472677755652935,0.582993422199011,0.8689274468841436,1.7860501711268202,0.8867497406787175
0.9981137175988634,-1.5558364048407574,-0.5241870388938529,-0.3076250469938081,-0.277999842894899,-1.0795124141650128,-1.897471353353496,-0.8411091718343939,-1.93861326618973,-2.521207658552137
-0.160423729016653,-0.311575677659244,1.8166593388917496,-1.1010064365472638,-0.49171197972352765,-0.3713478609463462,-0.7575655676792785,-0.3168391661528064,-0.4092342263068086,-1.2137006631976541
-0.07472076171477028,1.0472621077641346,-0.2014589343602635,0.8152934663204622,1.2831467865197206,0.9327965114596147,1.0265328421357314,0.9972644699259128,2.287119656009336,1.5305958478592603
1.1087744136121735,-0.46649616740798705,0.03486204713324621,1.3187167658642347,-0.6880721626700839,0.7445575464328213,0.8527148411651089,1.0137311316009323,0.7616236553139303,0.2649852498839468
1.8295766942556668,-1.1405399236971205,0.2919266624091117,-0.32676950731732946,-0.9011324417806075,0.3715540393304224,-0.016628850234751247,0.33795578980575014,-0.38771718934021004,-0.7925308847997978
0.9142981994380164,-0.4858626023294654,0.22089279820309293,2.101386527077711,-0.8732095625504749,1.3244291622990072,1.4560606849702984,0.9314126136673861,1.0881000806350478,0.4735147393860955
-0.34681847551904754,-0.060754346509141625,-2.217088400437924,0.5576927720055592,-0.07587267506500835,-0.8407984975302552,-1.6148155598241973,-0.5759557783324075,-1.070948727369926,-1.7470700103474313
0.8035078795671824,-0.6380114412258192,1.1883568990984474,0.5892308849972119,-0.736532525744553,1.010154793507788,2.3267280374010055,1.8600731120227476,1.50318372065568,1.1617625586440161
-0.856249261915639,0.806699663263971,0.8444002548207313,-0.6928724770351344,0.7187029049949698,0.0692557241409792,0.11886508996286993,0.0016107429491312997,0.31340529451337973,-0.08387082635575707
1.0056571802822625,-0.6324086799577252,-0.8779514675860585,0.7458320538391706,-1.040572273715209,0.05881991286379576,-0.5980292372674194,0.24341046049247106,-0.785150937050404,-1.5457024653760936
0.6041232853672253,0.26087491281149466,1.1938335169200005,-0.353981340271842,0.5696154977041001,0.6512026333611384,1.8444381629020872,1.1797875667690019,0.8370416306229103,0.48828785780205736
-1.5794853542407026,-0.849724229872857,-0.6044129598045176,-0.16250213098193117,-1.149551776928547,-0.7687777289398929,-1.2884932864809477,-1.8029337788585045,-1.7140094317339576,-1.6949738465408144
-0.9614206701088398,1.4420165251882742,0.4497882616683279,-0.6813389145781974,0.33511963286055824,-0.24531433399236352,0.061932892425333466,-0.08356138884985248,0.15253952510014518,-0.6089250266232938
-0.9955400305428322,-0.30669549145628017,1.6263936994529058,-0.9389192073595282,-0.5573225410761646,-0.820340381249499,-1.4178363735738881,-0.9392541084880508,-0.8334528828921096,-1.2785013388290472
-0.012839235490106637,0.22000196540091785,-0.7246237279934833,-2.202045070962801,0.5161272767073201,-1.0109116630467332,-2.0510985387246006,-1.5071138874711023,-1.441270406721098,-1.5134376432846863
0.6523134427042868,1.2642998403532588,0.6394774975186197,0.06753325392593329,1.0040907660091236,1.6761540596781197,1.019369511774185,1.1986633030856226,1.4815635228928739,1.0306894039318897
0.757556943111391,0.3107640800838389,-0.6356634111605155,-0.9711186211462173,0.63427118389122,-0.6117672485799692,-0.9099258422006966,-0.6696774477283383,-0.9903130667096364,-1.333057766596557
-0.1747183340785997,-0.46610226769834645,0.904209408033693,1.8690649678867002,-0.9184734000619812,1.0805250798228678,1.5355013561961086,1.8008230480573193,2.276439833481131,1.8144160705802541
-0.36893887397227015,-0.12075030918182382,-0.8894477311591505,1.8424434370669103,-0.220319140541546,-0.45107554148123546,-0.5003476222830793,-0.3567741041501772,-0.29623928060817195,-0.6165449656668475
0.011481862253174687,0.6310428910224289,0.19491941922536968,0.9344995864958994,0.45327369267472145,1.2021310167279187,1.9367095861396064,1.702449104073874,2.402746098282055,1.8978877994604277
0.7183762881645513,1.0763607851772914,1.0903880982426597,1.2149138163426771,0.4603767480475537,0.19647112374043676,-0.8732923104202082,1.907088845137553,4.126934887924971,3.62132624548444
0.5834157184133061,1.0855830845086187,-0.8979255577129369,0.30266682612425994,0.623020076498316,0.39500111214292977,1.312357429216271,0.6292368188449039,0.6303054544510992,-0.2956504323571789
0.8149084406541937,0.8278242921516417,-0.06715747829944602,-0.19652838645225898,0.6353283227225772,1.2646240874511399,1.3356333900667707,1.5746331113902436,1.1382079945500874,0.6394202996959576
2.0980541114445757,0.01653938123426884,-0.22455381634758118,-1.6540130883707054,0.15418750442298992,-0.24949026981668423,-0.8840289449843004,-0.18573090284453037,-1.0122433913457474,-1.502630779208471
0.38108041925602715,-1.9452783369955928,0.3848197200776329,-1.2167589590046424,0.5291654597424421,-1.231796202474483,-1.5902032239879047,-1.0367675441263215,-0.7906793582307671,-1.1448979687259762
0.8296528908804581,-0.7559676754554296,-0.03821339248684882,0.10116055964478657,-1.1352461831810055,0.0599634385525785,-0.4554513216271049,0.0523856649579278,-0.5714607123208246,-1.0433142542257616
-0.46811414210821056,-2.2991470066157875,-0.35754741629275144,-0.4549063040022353,1.3219531566832705,-0.4865696697091214,-1.0456999893282801,-1.9557585953933627,-0.7016508907878407,-0.6209359707417799
-0.4982848715345862,-1.4333243113125058,1.4573145184046543,0.691998746414957,-0.45749833608245194,0.3554453297807325,0.7524234170301866,0.6166264409616923,1.3325565867011844,0.7454726090168888
1.2087986508629274,-0.846154653705769,0.13783950182555874,-0.6544210957647301,-0.7654804505325091,-0.5229364054775762,-0.9317580218819068,-0.3676964981194206,-1.1143814521040543,-1.6294175236823583
-1.5442812602539786,-0.9303374890263373,-0.29925178389002266,1.1157329261412512,-0.8814988679534151,-1.2118277426847357,-1.6878164758021827,-1.2093724664759657,-0.7257638640230888,-0.918000788149152
0.26925718132478943,1.0195888327477123,-0.29594650455832455,0.3372529889185817,1.5069250538968884,1.1084950433162044,1.326181804182847,1.1660325829311784,1.9354155279571814,1.2287514992089523
0.9860169675949111,-0.6415967687178774,-2.087202049741253,1.0422199357043114,-1.1125943213786849,0.4110634244512936,-0.42366592394683616,0.17245890171533354,-0.6614608402232534,-1.1560028438017464
-1.1730869600630005,-0.37768100272541105,-1.6767911738424763,-0.9385922701818754,-0.7494788680894616,0.4150596764015415,-0.619291508475523,-3.1748114023649334,-1.939703173341236,-1.618274272811914
-2.093340167375465,0.89484924748108,1.054018261324993,-0.4443500068444294,1.4130251777816998,-0.25745870942357063,0.11004176484428735,-0.09258197426502804,0.7192734351071153,0.32123913502205736
0.21850853960737776,-1.0202614568240578,1.2566445024771749,1.3769964425722663,-0.7980942923523677,0.8715521829347107,0.998548648930362,1.7968003264314127,1.236508901455453,0.9755288520892232
-1.903635279514606,0.9893388506374413,-0.4298517129233498,-0.6450405553985181,0.5924830733749432,-0.782935415516163,-1.8374142521027388,-1.1321061665287682,-1.3190469120851283,-1.6499021584048248
-0.6298329060101777,-1.0401023368291884,1.3377522885721378,1.1026782437296085,-0.8033001433756051,1.4247775024185503,2.702346078850453,0.9526909022074529,1.3020300327967782,0.8024894388533058
0.7521224838068246,0.8760482022070437,0.019236039405229794,0.2904965609248884,0.6767921618203975,0.5808328143228961,0.456030594640185,0.825956207195883,0.5040337570703898,0.13015170425542605
-0.6736448309475239,-1.2897702193588334,-0.597947671817557,-0.7504169074841541,-0.5786823085630877,-0.8163164674938105,-1.4931462805323557,-1.6991254114099228,-1.9870236115317423,-2.0038169972105666
0.46825324463209134,0.6558059730717699,-1.430128427179848,-0.06373213626643393,0.5482717840729439,-0.28659007639244627,-0.7493693245455434,-0.18936434626580745,-0.6091277399839714,-0.957675802178601
1.1633572247570723,0.8192659239003355,0.31816638029240296,0.4837269160466916,1.2735696646140695,0.1479556257609298,-0.38375785227797565,2.0159353426635396,3.485694520941213,3.034635768545612
0.2654763511564667,-0.8920683728350175,1.2379176287290843,-0.6580961733598203,-1.2449408525363617,-0.29777760051642976,-1.010269106711351,-0.23305236881890729,-0.6596953806085021,-1.4043136363697064
1.0536291185362991,1.0310202784101457,0.4205548512858076,-0.5129346310408244,0.4405132589430613,0.7215269097622472,1.7492089049476756,0.781023201805813,1.3591631484641364,0.40368636519355894
0.570793684921998,0.8832311819367047,1.6248500127983045,-1.0568386673180237,0.8581506278039278,0.3644321239612106,1.9248437729225247,0.6059361308193927,1.2273461104780923,0.5627696131904736
1.6168170558286794,-0.22530554286066254,-0.7775309126868734,0.5066266225759198,-0.4260145745698805,0.014849345463979646,-0.3040207532701779,0.4053211040853471,-0.2952679425849805,-1.2578425522904253
0.3425349036045278,-0.314027445575055,0.5506939326212378,0.3519222296463642,-0.4979627806783094,0.3353874031141844,1.040751776888134,0.40822387431630947,0.5903317175042488,-0.02137667480966015
-0.5406124142144071,1.2585961590522479,0.5364510855776116,-1.883710294117747,1.060629863631007,-0.1636307394618869,-0.07550766695435832,-0.09497123067754697,0.007669661757200866,-0.4081907159021077
0.9911644004192028,0.12149234872344694,-0.4042361944548583,0.6654846227698196,0.11055823221504393,1.289989084272624,1.026028665900486,1.5258041326917207,1.3675896878107139,0.7509379257534087
2.568844806119629,-0.4869854420741217,-0.8482699945670822,0.49134168570390757,-0.9537964828051058,0.3793747106428662,-0.3791770178503237,0.36726696488071126,-0.6685546023214544,-1.2413982288545264
-0.8839027826694136,-0.6995450764041796,-0.4885119116570604,1.5251245031260041,-0.8145675051654208,-0.757887591989348,-0.8787001247588161,-0.54657184127345,-0.5249514312213915,-1.2069303187353804
-0.4683486525384554,-0.49833026467258884,0.3783156054640791,0.8817563599290078,-0.9708766157360808,0.07217395343050031,0.524758548822179,0.2508719627913576,0.5156847568299735,-0.1732877359145831
0.8258711310891145,0.6375320017898138,0.3593750796609312,-1.3395374318534778,0.3495628189345726,0.22051939786791128,-0.0678729227690395,0.11303768297122396,-0.26579128932013685,-0.6624782650842904
-1.3594516698893442,-0.8551421562445021,0.25862485168282523,-1.1011024576376773,-1.2441312727828324,0.05269837517623232,-0.3495767003543948,-2.375048328499312,-2.638196972050897,-2.3071817451702934
-1.3155246400748262,1.7957075958148885,0.02823612833369892,1.5882513341984872,-0.16443873197868558,0.6344723732193995,0.6139268182706019,0.5144329847241917,0.4864547941002772,0.09845516773065471
-1.0250445888576614,-0.899637844306891,0.6158060777383605,-0.14029760269415695,-1.100224153243581,-0.7241076890850119,-1.1822271265259665,-0.7336891956654858,-0.716381848920294,-1.0893472845486698
0.2512587014554994,-1.801959339625846,-0.33301758142238497,-0.16966833909788787,0.22672771849874562,-1.031470759350218,-2.020620219678048,-1.2710209578106837,-1.2511155896120367,-1.5298695616763769
-0.1852315295003201,-0.47260680323880744,1.357291548278464,-0.8650404123981075,-0.9223330942822376,-0.5236178448580466,-0.9806218616676018,-0.3643700380357463,-0.5363848481195799,-0.9996698196497092
0.5224233661708483,0.024006551532969416,0.41738784290688885,0.13780758906854126,-0.10612417363310764,1.156530840602567,1.3990877866996787,0.7611329669137978,0.5219140173874907,0.07187056828793961
