X1,X2,X3,X4,X5,X6,X7,X8,t,y,y_delta
-0.12561128656982715,-0.31338054733432086,-0.9651481115066483,-0.8545112260010984,-2.6612203929015235,1.71638523486997,-0.588224914649667,0.739303030822495,-2.451238787285185,-1.7436537347059144,-0.862429334396231
0.8705698958545629,0.721763277230616,-1.1260712070077905,1.1384310673559692,-2.268182587936197,0.2191305831393994,-0.03660164729375298,-0.5344529999710556,1.5608574721251118,-0.19588587018218107,-0.7300155111360586
0.00736427276221776,-1.2991340187322458,-1.4890059093671755,0.1805400034494338,-2.155545860550512,0.7582182017690423,1.4763402288043146,0.831579308906841,-0.6825910678122356,-0.7057932812123069,-1.0853842125684656
0.689260740376725,-0.3720485544214346,-0.5349962403398835,0.5399931741284163,0.08267424840808957,-0.34708008414291525,-0.3563158815949842,-0.01906264218448825,-0.1669047908301703,0.01842803347766192,-0.8205560422079381
1.0203439180549558,-0.4929038543666077,-1.616129812004323,0.7002862815517428,1.75749249108129,1.1925095144803053,0.44622587713315753,0.7298823198232052,-1.0308010971755568,-1.0130480593082978,-1.220326437975059
-0.9189572979379411,0.3869657754288896,0.6741362664233094,-1.1708046343225116,2.5407375993545167,-1.1089583330931028,1.291332279806663,1.1065270070740347,2.2468228570769284,1.1687580327760718,1.2922787339320805
0.20690797383425105,-1.362272725658307,0.38359341859796775,1.027216504682222,0.604055680751352,1.3306959225625064,2.139819374025031,0.497024957504554,-0.11332387284526291,1.4228606467570288,0.4107614445679847
-1.1248104018426823,-0.7704142791529581,0.12177210004302445,-0.35188182947487046,-0.06668608905905671,1.6358736978541148,-0.05476842877480559,0.07909270463137091,-2.0534882872502953,-1.914055916952109,-1.1692753877366253
-1.4433192253650762,-1.593458587616139,-0.3094994379872873,-0.7204162482593015,-0.9944769516874672,-0.8783682209895871,0.747698900342902,-0.5025053690132633,-0.4782395727866551,-0.0889799274478662,-0.42359111225213497
-1.4235218097894313,1.459143880911226,-2.0242338290927946,0.7805779568115341,0.8736512984668383,1.2268876795035932,-1.4164658640422991,0.3358557858216788,-0.20846864401079926,-1.2960001308884808,-2.2575676381255603
-0.28068197266919753,-0.5287710696835193,-0.002302539490022819,-0.278215817935911,1.4948312872612233,0.10090197747429464,0.7585780699780686,-0.22792070619448418,0.40048077665870596,0.33807707246113605,-0.7796529341631528
1.2539196233721404,-0.3631751480731084,-0.24402398479340037,1.5993852735074898,-0.20256669995411744,-2.92416070345647,-2.40288446038617,0.15001884390459685,-1.167126979510536,-0.5981957653144234,-0.5820936791322274
3.1131616370901924,0.7117188427015928,-0.5096326724945728,-0.3342709601547802,-0.10752689687324646,0.4742456888692616,-0.6842386418959945,1.1995544074343176,0.5383885072206062,2.39478722536656,1.558045356636769
0.5852069815196249,0.8367991154924771,-0.6689731610591535,0.6927839371450322,-0.7427560570429983,-1.256391838768147,0.9936702919876108,0.2694623106980417,1.3879391140743869,0.11196823919205068,-0.4851013351518727
-0.4771863366130331,0.12933358287048524,1.9154989354311291,-0.15066270258590808,0.36446443043157295,0.2202106992104101,2.040122760252444,1.0499732411405585,0.49438901615589015,1.5054717068561647,0.547739651260468
-1.7096086933592434,0.660230783515588,1.2018374503063605,-0.7052240173287218,1.6194847302673276,0.5884032634399808,-0.25238511062151614,-0.1920145905360795,1.0688573910190646,1.3210186985415415,0.45167683990977014
1.8159170896770118,-1.518835934579235,0.41853506176598126,0.42479391480139045,0.194269094630668,0.16804071089316325,-1.063972848404045,-0.8423487283668761,-0.8436282001635541,-1.6262567418250564,-1.9894051688988375
0.6804514493005944,0.47148728216715224,1.2518235241931488,1.789155819490806,-1.221415644120539,-1.1448557960288963,0.5281948667452774,0.3833517912704836,0.9101176046998454,1.6854908310106742,0.8035267234235183
-0.6384264309664829,-1.2940593755861933,-0.031191994259464156,-1.9651794723117924,0.36822450170218685,1.9360293893650864,-0.7331444709253131,2.413662780667594,-1.0086204942380523,-0.7181204190140813,-0.8733262582803742
0.2616135222697518,-1.416686977642535,2.0734074097769657,0.9348995941591967,-0.814860121686712,-1.1886910009218619,-1.884228404245163,-1.2839741733012322,-1.3282726008752792,-0.977618970100517,-0.8251136412400648
0.18611947983588076,0.8750452592422484,-0.6562813247477153,-1.8007661798259187,-2.0601726995107312,1.5823420984329064,-1.313938450360991,-0.04102891740831449,-0.10389276699590173,-1.8128982562419849,-2.1994684334366226
0.23268976868091293,-0.0773677264448627,0.48880658088310325,0.507592531379933,0.620339982377369,1.2446868899480394,-1.5303059457208847,1.4473420200044502,0.1503069146150977,3.125340018002486,2.0631539733485864
0.6179066677669335,-1.1394582848391548,0.19447109944736826,0.9990055797659309,2.509517137327261,0.1185567388301153,1.251621461302346,2.732353156937668,-1.5344376346827655,0.7541963732458268,1.0371449657384773
0.046736778130854674,-0.8720261020480369,-0.04114169951408067,1.0929528938926532,-1.8824341669643543,1.5808881681830411,-0.9383218044330304,-0.1022317156170752,-1.1126672270510218,-2.207256547883325,-2.283257705106825
0.8550277841964522,-0.4001403150630276,-0.13976378237207124,-0.5600103022947094,-1.219280179509188,-1.415206129356398,0.8593493659577867,-0.4526240501488491,0.619724569154385,-2.667836665779355,-3.267943535554502
-0.40254849340155274,0.9323852907804704,-0.8387517563547378,0.5167391545845433,-0.6775808096230245,-1.7341508591751036,-1.4531784201807785,-2.2132043001472477,-0.7799342706887467,-1.0759977351680223,-1.3802138858616841
1.3231482559231575,-0.5630002221067247,0.14208308857171914,0.759368260936774,-0.10025172714641167,-0.21126168909632748,1.2006517690057128,1.4577675345016439,-0.3996516139643134,1.3423536590434344,0.6567045902252728
1.978907345683924,-0.7712300366250862,-1.091790155185298,0.5490934752672808,-0.9291342954057337,-1.046628992977222,1.0486133193894238,-1.1382935442138478,-1.2615626417955057,0.8473339549677676,0.9310774513530196
-1.9482535117041924,0.668923284204762,-1.020672405796872,0.04087614242445464,-0.6327416991456999,-1.6044102781078884,1.010109434019261,-1.1843625531956197,0.1864692471938333,-0.050167518726556115,-0.8160994387039922
-0.5709056803284452,0.010604701930653737,1.1851343808184973,-0.38818948481407195,-0.6151689839986235,-1.1866500460381562,-3.0892428597811072,-1.8131974446305297,-0.735779551427379,-1.354258249725282,-1.563437531048915
2.0157697112631294,1.3165237885445074,1.2117707292439546,1.032871227807044,0.9699402527591798,1.835152221949146,-0.3112907859642663,2.16153340372787,0.3220208729323124,2.709485131501331,1.466840588609513
-0.5364901669124053,0.9298928095131963,-1.4737031926876898,-0.47731857103870035,-0.8436912367705648,-1.611336033964868,-0.10516892174274395,1.684198947808258,-3.0918553304013745,0.027090657326225176,0.941446155502885
-0.5081224377433378,1.8823326233579007,-0.4781807024834322,-2.026757728294447,-2.0006464809998397,0.357059661393897,0.4637577567130148,0.8576502019042652,2.242412485456818,-2.521772828643348,-2.4194794440932585
-1.4668993129253989,-1.1335593302961173,0.040173122359536066,-0.6228446153618448,0.030318575896467366,-0.9080176898361473,0.5098094289751025,-2.0034422715203184,-0.3542173247162129,-0.24960358276832545,-0.7923659326565418
-1.9576807922328558,-0.30307474666786427,0.237407567041567,0.6199016819143542,0.12932596968286836,0.6320508536412461,0.9233211620598649,0.8629154111964806,0.9880648776705134,2.0007872797032427,1.0579082686247516
-0.7473711835778989,-0.21545219937921664,1.0095233419703655,-0.8396414617953778,0.4470297714043736,2.105880166186202,0.14725135974976322,0.6964863479174459,-0.08569898163251,-0.9378071906138148,-1.6693793293353743
1.7301970971986826,-1.8808943554854891,-0.41841993350351314,0.9813336585783385,-0.28989082162723745,-0.33233403887948126,0.5560343335764605,-1.379359451405559,-2.0454339134604123,-0.34007506202270327,0.3643933310736972
1.527070100584269,0.15354414847698697,-0.7158258673733158,-0.16206089375200433,-1.7499709569665718,-0.21426563616331928,1.139167406616862,-1.2943201131941868,0.06300551190745868,-1.5617623861156416,-2.1384228598556216
-0.92217908384549,-0.2522774940542428,0.5259873362342807,-1.6182393094225538,1.1656573371252614,1.851586794457214,0.1657688549008346,1.4164309926600698,0.7358324471989014,-0.8194388316146799,-1.6728509726164187
0.41266985679181134,0.5743158412933901,-0.12354991402918458,1.9112540053703504,-0.6845607193177607,-2.0289745794689216,-0.17958536835572936,-1.704608796245238,-1.3386017652251392,-2.293762065691677,-2.0881305786799382
0.7601633146795885,0.8087277464885194,0.015279881019330937,0.04034904964846864,-0.5894391871045725,-0.33464916777722725,0.5996120123579793,-0.5712765573101113,-0.49027021008431015,0.7883856336334947,0.33439429749191096
0.930750739976355,-0.799732807332372,0.815793542568017,1.0047116115143486,1.025169831842299,1.8381222152851304,0.68157570842955,2.601676806297416,-0.22719785968403455,1.79372102637255,0.8137515150446556
-0.4480963204992316,0.11612761662889465,-0.6651933015152866,-2.2740856543002197,-2.4298786931642393,0.4605306997077432,1.3777443316635318,-1.6773751690506884,-0.08802549608376281,-2.460950209970512,-2.8361037343068176
-1.173248127285029,0.5670976101244496,1.8461412353390991,-2.1443424406879563,-0.3830783471165017,0.11459554839688024,-1.3130756383488285,-1.88762693958055,0.5195524408659546,-1.4241719170093396,-1.9540149111881813
-1.3778074965348863,-0.12868154829221168,0.7556228206121838,-0.3223114864065697,1.2708969129487344,0.5466950437221729,1.559968821950048,2.266562926326575,2.69013517750659,1.765712302670422,2.240415105706956
1.03908133748242,0.6185614617527028,-1.1766141974029425,0.6505707562296734,-2.6505064128319553,0.5011026321497811,-0.8805887267195189,-0.15830349533131124,0.2996591632407666,-0.24623768238000848,-0.8962013327302868
0.8584057623990343,-0.5658879486847527,-0.15042676313119335,0.7709974243348363,-0.7972935051300805,-0.08773577068832983,0.5990513312397585,-0.49071580641325013,1.006930077280023,0.06743656946351184,-0.7288261410131676
1.080748912392239,-1.2177076312537354,-0.4676836451484568,2.471378661666383,-2.943056840290256,1.134259137026441,1.227727627573483,-0.10128458794409612,-0.5754469450480569,-0.14233894414511566,-0.6448738924346613
1.627406326112577,0.965183687773844,3.12135313337536,0.18584310853126154,0.7647227071603452,1.4824579615989446,-2.0988974865740406,0.8822342816121714,0.1746845264242174,3.416482912007899,2.3766701103599654
0.089327242145558,0.6439571440814997,0.532290810812524,1.3711983599444422,-0.39052605911392924,-0.8576627939118464,0.8937027999366189,0.30737103700039803,0.5063707682374572,1.090792239683377,0.031122963230220818
-0.05737951940846937,0.9947582118931428,-0.18300691690027288,0.3295126915696657,0.2994105149299735,2.278088673243742,0.4610246145419711,2.052400766519434,1.4413620710864459,3.0761353281947317,2.395643947077451
1.1972406764589527,0.2861811498171601,-0.47909755045138114,0.5901038522627227,-0.9079890118504116,-1.7269204632514432,-0.731008704231199,-1.8865959337603384,-1.4263553558229507,-1.8865205321868437,-1.666052385517284
0.15308317716940534,1.2899180846448348,-0.5996013317595534,-0.047364058903219486,0.05985519796258132,-1.508016530483696,-0.33902493170551806,0.8618844903307361,-0.8944299774742283,0.5126566547155945,0.28658792847966674
1.2467078632075175,0.7444926003945729,-1.5314009222901717,0.0200671134637046,-1.772682167055268,-1.633349647336257,-0.9353981640470771,-0.10900778329080119,1.784617124352973,-1.0119993540619878,-1.2796039152007759
-0.3763068924696075,0.6322555155660325,-0.9337833112019766,-0.3388863398191306,-0.5124981824377448,1.7437380588247748,0.2823870104937499,0.8636142618609581,-0.9752562236991793,-0.5141108367125876,-0.545724436300513
-1.381096046946242,-0.6144545127521185,0.6169153450082046,0.7034655324254979,0.3390338831059245,0.7685573370519545,0.7884530421495586,2.4080697838408125,0.5740748085804038,2.381787054896573,1.2874518176688134
1.2393568260685133,1.0733974113252698,1.181018176133912,0.8839715714995651,0.49460573124607854,-0.0864713337310613,0.027034458785249127,0.5898374413206944,1.7192827055476503,2.0120819525516844,1.4770364750903655
-1.6200519556922341,1.0191720033710243,0.6949573890469466,-1.1577582749368367,-0.03159299879842403,-1.3725817084701675,-0.18745750669801586,-2.0374214868298286,1.1582000727362347,-0.8773147751840118,-1.4629440324450367
1.1070361315188744,-0.778054221965199,0.10979410483205868,-0.22162306208020233,0.4005880998552217,0.011980010828635534,-2.8414778277308717,-0.919564940023285,1.3997450074721889,-1.0787862221115807,-1.7122956269522764
-0.43978475049652627,-1.4345569807085334,0.5570387397704948,-0.39485149030745714,1.5594326800073133,0.40005431839058175,-1.6139217904564678,-0.33891259805387963,-0.9333882408343984,-0.5264657784054604,-0.7024492044045788
-1.172162857468482,0.5732636307247521,0.13175104905913207,-1.4304557211885895,2.2982245541524464,-0.42065400939566466,1.2005704383754932,0.21143762773549918,0.023936075496040043,2.4959549417020925,1.6201542827316968
0.6101574192012461,0.8114527762578019,0.27866935690303163,0.5680022458389338,0.16243179322850332,0.2034303878033751,-0.6989338358172867,1.9374030773586068,1.4400280089369373,2.31056619045623,1.6220298925450367
2.1871634173526506,-0.9514129914138026,0.4825159989195774,-1.24816344228522,1.746273871158353,0.5855471489935604,0.016569855845215975,2.4142667564669997,1.1813117993056013,1.6450429414858365,0.8981129252656432
-0.5122922081499162,0.09185859926718146,1.5325496967090948,-1.1537652108810899,0.3129570218215286,0.1295317497407708,1.3072395242756805,0.4638758492752936,1.283357523310854,1.0641287697848991,0.47079386863452755
-0.269847613021796,1.0753930624301498,0.030775616310267442,-1.8326608437495329,1.1805189104832945,1.9026543510056986,-2.4455369606623742,1.3522920145505224,1.3147191817094044,-1.8397163743180625,-2.4935499365119265
0.11869797351407702,-0.22291321306647718,-0.30070528461206364,-0.29433992511952944,0.7899439179868326,1.6006306450225636,0.8714978811113853,2.0118955391402555,1.5483589629615369,0.3594943598247511,-0.19295911733702398
2.033672831904493,-1.5384612012578827,0.2843801414330869,-1.7223213353271767,1.565168590516695,-0.44237410361361895,-0.931962409837092,-0.8323799993959319,0.20660444947527867,-0.7266138602786345,-1.6075939350547221
-2.2079460455392392,-0.6772416943363946,1.1282769657736373,2.0709379215673556,0.9826457412657691,0.27407429007549566,-1.6170402394447114,0.2829271914937474,-1.6304069642820087,0.03317271127727417,0.3983560584569056
0.9100517459788684,-0.26923200550523835,-0.26319637018984393,2.6051010800203445,1.5477575202888518,-1.3125425976790246,1.5409147696484777,0.22549119401580103,-1.7244800906612485,1.4476141489735137,1.9110902164495231
0.005162457439835737,0.1768431494151422,0.760285659928618,-0.04794928165163976,-0.7064568854175721,-1.039759331219938,2.090831721010472,-0.5600678477101797,1.0893755254732524,0.40947477247953323,-0.23777379206519444
-0.23107825898271167,-1.1873604443112733,1.6640550914919041,-0.5957467096108595,-2.347531309989882,-0.1044920343270675,-0.4344145505787653,-2.026295906145398,0.16161824919231885,-1.110305617380145,-1.5832045369276473
0.9362131511439369,1.7267190760984696,0.3861597677056759,1.1924198112743207,-2.148696378021636,-0.41375465904994646,-0.3010743027282704,-0.9358685769077645,0.7591053958848045,-0.945842673302678,-1.7141723464688
0.003995541373040219,0.034782818951007516,0.03553189210749307,-0.9319306064244748,1.114593373224724,1.3094924941312165,-0.0001923565460976162,0.03663239647954586,-0.6769681675390994,-0.3242066265745884,-0.7215991104821777
-2.350282523837376,0.4376777502381501,-1.121668443417315,0.9950521721539497,1.272905170458615,1.9840126005673822,0.09117746070023347,-0.9158367288954371,-1.3625338568964978,-0.6059545664749719,-0.5021568055412066
-2.4204792755331743,0.7458934420949711,0.2596489398781949,2.0046258872366423,1.6298185211110057,-0.7983933262123042,-0.9440672823807753,-1.0728428482374224,1.4988188332573298,3.4083365164112567,2.6813628699153274
0.1817042921851034,-0.011553469505824919,-0.33131824140507926,0.4560365386789724,-0.691363394214028,0.019740469245671743,-1.4854860869207522,-1.0801767038003722,0.02413801110473368,-1.3219057391258389,-2.099222280783229
1.6306724951748781,1.3968729760708647,-0.6542251046166172,-0.8455664162795863,-1.6028543955640926,0.5446623054608545,-0.6582160589828759,-0.8147509622547356,-0.18017874461789446,-0.5986807719088102,-1.0373167908745362
-0.3364958643366611,1.2243263700875011,0.04085427692327724,-0.8915255092849637,-0.4710454090773883,0.016407718157343876,-0.8490283921067796,0.05421432385146019,-0.2780948053230501,-1.3669573278665852,-1.8396078297256393
-0.17313171657828444,-0.5608157356878807,1.1917438728663516,-0.4034657011517493,2.5476016221061677,-0.4247357158567666,-0.9073332452061721,-0.06500410090314715,0.9676785216287276,2.576997609801439,1.5644680352458655
-0.6392802226889773,-1.049130053077631,-2.0013365692709377,-1.4124035391513972,0.19946082167944024,0.9306584882043929,-1.6144342802536285,-1.9777732053758075,-0.0015295582210299585,-0.6263339073637778,-1.2902110116531946
-0.6460615560678464,-1.5102726774027482,0.8534258145183888,-0.10329422492092077,1.2428820159554643,0.21098472772303856,-0.6021309817914544,-0.7227718362508193,-0.6458845151762824,0.35992305857976986,-0.1392937047879524
0.23067904422427302,1.0376000505843959,1.0145591050333809,0.538713005407575,1.9044623491283121,2.3160519919319476,1.3748237826687832,0.5083446936662523,-0.030947528494922327,1.1853181965435173,0.08200960010984548
0.09909786892460778,-1.7371829248063204,0.06621916349698398,-0.37397043758612886,0.7846932424483859,-0.3841592825488699,-2.3369415186850846,-2.7465362509879934,-1.4580987252109376,-1.7313404171121272,-1.469572830983144
0.22164782457884769,-0.5351819262688948,-0.6890178830492045,-0.6362606299125582,-0.9639666969349391,-0.5312556404796582,0.1353831823418511,-0.8664198769884162,-0.42300011128770754,-2.06770906800823,-2.4409312812916233
0.9897359531968063,-0.7995292627368833,-1.5587355481897756,1.1029609601929748,-0.11707720635897392,0.5777511049865041,-0.6666852618386778,-0.09870784808938349,-1.8337579672044224,1.430085346776318,1.9795034900487627
0.6002844401260161,-0.7376294803083394,-0.08073654310319645,1.7196400529587479,-1.8917064300676878,1.0072842600249492,-0.24180854364874177,0.1079402568680809,-0.5999928939470183,-2.316156348533408,-2.7912807007474942
0.3678656881755439,-1.824509970706959,1.2941005408649575,0.8609882734303589,1.3226884892382387,-0.47888435641610283,1.3892243870096208,-0.252611820990809,-0.45709271370171906,1.9697063152927097,1.1824497492586175
0.3655873378470508,0.0783629351770556,1.1730968933069568,2.1768789063218175,0.8338156440055194,0.33945827823049535,-0.24472436022300792,-0.29388270054650434,0.9536929214927967,2.8049866299999824,1.5919802118143076
-0.16104392154607072,-0.6653775742370371,0.027673183604140256,1.218496333552882,-2.1598572850792253,0.22655251214953226,-1.2308953976175727,-1.8415691811521802,-0.993692513190082,-1.2988299364986933,-1.482141388002967
0.713261223978256,-0.25254091532012524,-0.7725818153748634,1.0045366944998506,-0.5308170787130699,0.2981996528184404,0.48538176563657764,-0.27308920924718266,-0.3377211340182601,-0.06864857519740772,-0.7436866293175317
-0.6544301630240165,0.19289127585482205,1.8608902164130556,-0.7039990311932343,-0.5162970850218538,-2.8648145118170727,0.16109401700080273,-2.3261713507870763,1.28496941854708,-0.5936668998108089,-1.0735982316597283
-0.31780305327826,-0.3540036368474552,1.0975569902793274,-0.0924810250075555,2.518626733919818,0.5555723490972633,0.8744427185678008,0.3792268709940948,-0.12279581702721121,-0.1590018251737656,-1.0880080406100774
0.08657321501178786,0.4489756219898408,0.8140156807629872,0.0008262429709121888,2.681218151528944,-0.4280539067696068,1.2043835526360542,1.2318662518133798,1.033743374327098,1.0205188819176076,-0.004756554723527984
-0.5186526659639995,0.9153078814442775,-2.832619740800694,-1.056118433081327,1.505687172194256,1.1862658957582726,-2.2315932577980813,0.2979719840149371,-1.4137281837825588,0.734428691897433,0.9839101215422021
-1.0720722549746025,0.7061825966294235,-0.1772613293657928,-0.8350878689341825,-0.8474145778939671,-0.11428016241204142,2.3264470059524127,-2.3620928374371184,-0.8198416528945796,-2.2805485649087776,-2.3951384971748255
1.5476793119740544,-1.2139071287738457,-0.7243109697592953,2.8459259829819956,0.20932547582653738,-0.6454738240646393,-0.3429872914445109,-0.11387858200550639,-1.583816484416932,0.6675370883408351,0.9944772530848225
-1.1067059338519891,1.2058853285222133,0.3751389954796273,-0.8185291650751768,1.0968151279096083,0.08583778020337507,0.4118869486144932,2.3673913572123264,1.9815647739110367,0.8601772240171787,0.7236314690854746
-1.8480415471078546,0.7023497759513888,0.1495359471783444,0.8643223296483427,-0.08298729248957798,-0.729184185286653,-0.17169233293500158,-0.8014227320386098,0.4924843456203319,0.05331809872820126,-0.9892101477489305
-0.2869168808036816,-0.12401615716938502,-0.5523335536138497,-0.09392250291990845,-0.9634418008053232,-1.6456646087730267,-1.2842086226327813,-2.0548518249532974,-0.38504205446972317,-1.359683356227178,-1.8304597286187476
-0.730744718321392,-0.9786852270359141,-0.7598686276101357,-0.5329964989977845,-1.6752974831364238,-0.489244163697266,0.9817522127729599,-1.292366968892141,-1.7091516464156613,-1.5996578120455107,-1.0822946625469247
-1.4295092953836706,0.012563921054358074,-0.9525658440440962,0.6506212564315036,-0.49803089880999274,-2.760509909562231,-0.6168376657452679,-0.8056386492767831,-0.5246818578525752,-1.620111317804442,-2.1437445230299357
-0.9514965553970046,1.2528647749703528,-1.2433756070877546,-0.22353566446965512,1.5858384103348393,0.6183705697149801,0.19862688366008263,0.9252488330378541,0.8201798630338281,1.1256838124780504,0.048523636649958735
-0.16675504662922505,1.3542140856821645,0.7774151260988288,-0.40842445828252993,2.217777300632066,0.3543317683383741,-0.526118428624114,-0.6888214604188014,0.0068689740342107175,0.3060097789019052,-0.6779158297607286
-0.36295678743083387,1.1241855711630782,-0.31568479158626306,-1.5267697257874318,1.1197628809174955,1.9918261684147338,0.44821803441225194,-0.8130834376177666,0.3190442333812604,-2.160546355473126,-3.0253856108504493
1.4088561213308723,-1.6808490251300212,0.30035433216985324,-0.02178113708144236,-1.3343801477961281,-1.7880372671431546,-2.757822257775307,-2.1273277796876138,-2.4957577706320695,-1.7205195394144457,-0.8390732553967388
1.6117752409847694,-0.6046185438562611,-0.8667187466896272,0.6496678899566952,-0.8144158290772125,-1.6355216331366167,-2.1974672751893465,-1.5600869195707932,-2.1433809980041856,-0.5949899060633711,0.13083302339723146
-1.2044774533183404,-1.5156930265120165,-0.10644779309499683,-0.6790059036045742,0.2520021416822938,-0.2643071909422933,1.1209012884594185,-1.364667062163421,-1.0736185993722247,-1.326193521414563,-1.36804478471467
-1.4988802413916475,-0.9004988019124887,-0.27516883950606236,-0.11324748931662848,0.8818427333079035,2.3761097519324323,-0.8739313398319112,-1.1004415876369888,-1.7908725542535326,-1.4138497716715126,-0.9044324200261814
1.3656883773942208,0.41962690729036933,0.4662896937507093,0.4878536925622341,1.9916563093389985,-0.22096813628181494,-0.47677923042802617,0.3237091494128778,-0.08824117455967528,0.4916030669071747,-0.5624887588907359
1.5106642844453115,-0.26822553859735393,0.05661914124709029,0.14308184811983446,1.3139748839377934,1.190246750749521,0.3724318687082746,0.9621084097692536,0.014523799821433647,1.0432225460943723,0.0073840110772357415
0.9711409158165784,-0.048801621619466155,0.8326252371374785,0.4903333336926837,-0.8258985871315796,-1.3402633355419034,1.2548194446107215,-1.062024055860498,1.703954623550667,0.38248882599371786,0.02601504879769395
1.0565001758679113,1.0315972863210927,-2.408997372853834,-0.18396383238887293,1.8217581954549407,-0.3281221193966006,-0.8179029440940518,-0.2566543539843375,-1.1114996280590614,-0.5822757989714156,-0.6091473075027602
-0.3819876155764913,-0.7664969274738749,0.19929635045090663,-0.7183161791158028,0.46894612060607443,-0.4903456492530277,0.1201466773583888,0.10239048388774935,0.9698532500827812,2.1330980384136984,1.3367873754565893
-0.30380910876880873,-0.4568097199458012,1.2224108350101979,-0.11946407429171568,-0.24789340658997527,-0.2592867168323024,-0.39891950539607357,-0.12379125269063362,1.6140042720810277,1.4368592538035323,1.053564297116517
-0.3089443552484086,0.004233913871129746,-1.460914019099478,-1.542913806147788,-0.04253929418265312,-0.550505859008794,-1.0749820399873062,0.043359930796779134,-1.749241219604734,-1.6078557954304535,-1.0986735869374509
-0.129075022028648,-0.5314595662236804,-0.1649117453824967,0.05392420378423132,1.0288397536343048,-0.0003560445432660986,1.5069938345041107,1.1080541455999477,0.027447764528697793,0.6764527720791261,-0.32251101354770373
0.22399643182480383,0.28552260877838714,2.430805419156144,-0.8142151409206043,-1.6616625558154894,-2.8953954737985175,-1.104327761507963,-1.5967683317238912,1.1736564369695437,-2.1134072220660163,-2.5561504807743107
0.15349281086798214,-0.6341409817663984,0.5042729014321647,1.583905839091064,1.8334615743785574,-1.0471763234867766,-0.583853712436822,-2.173049642895384,-0.8897558861856593,-0.44624641317614056,-0.7643882542831253
-0.18384389004636112,-1.227205014635498,-0.3591182037773829,-1.645034886804615,-0.8279843351931767,0.2770903454535788,0.6991414340585922,1.0161516626119769,-0.05295977348124414,-2.2833353148008015,-2.745631440025777
0.958946380375081,0.30267801349106016,-0.02318482339864098,0.6360465477949293,0.9227425381222235,2.311722331340805,0.4159956617790891,1.4981314764888847,0.10646882676579913,1.7809190468556189,0.6677212341342544
-0.4459387030282967,0.5939240866038827,2.077271548364574,1.055920695308597,-0.2809886352112227,-0.5399376867996207,-0.5304758773607062,-0.8475837628627212,1.2415298030425832,0.4033393235773681,-0.3772214703606953
1.0046966582850883,-0.9883325551614742,-1.1353905783316487,0.8610844830277931,-2.0224514581248276,-0.9211769803158234,-0.7676721758822829,-3.095221344452119,-2.2260863532259165,-1.6841127438976757,-0.9276088247550718
-0.3622009842031475,1.4950979317245152,-0.5038818509724902,-1.576184382927559,-1.2625719355324367,-1.1381974641222101,-1.2560304448436899,-0.9809569131890556,0.5238536033932446,-1.6547966860808578,-2.100286806306362
0.6800129510577946,0.06193172306568878,1.8372471024659003,0.7349294742800415,-0.13002981990791596,-1.482575083282814,2.346435179339752,-0.9898742503428316,3.2937217339623333,0.23423889910192047,1.037516721454901
0.7896043245958484,0.2637602046037426,1.710747199613459,1.068407944050192,-0.29803060476167736,-1.2239769153103244,0.502598021581171,-1.023769090756131,1.7644448859070732,1.4334853191203447,1.0671393689504025
0.8374220333514126,-1.8435877198581054,-0.6590477292323899,1.6739311110852475,-1.570896783993476,-1.7405998509606437,-1.6392627686461891,-0.3269096313071027,-2.377518464064821,-0.5787572126385405,0.2604743085349629
0.2775465013950611,-0.758292975241406,0.8993634769940307,-0.20072139613147127,1.6891937627180846,1.6121672859145493,-0.5102814221763282,0.5538917729261055,0.27069600626034396,1.4173958707978254,0.2916526743912858
0.2868014897746732,0.5445333534552166,-0.47657972016139444,-0.9562670094894146,1.1088163895119765,2.024394601947563,-0.3164375302606629,0.009418230562565855,1.6575615599640627,0.639685781721735,0.22660483650705449
0.6721037862452457,1.0610226882011975,1.3836370117125592,1.020236062047813,-0.4442219100167323,-2.22086279179687,0.4319614637942525,-1.5264258325708995,3.887215332070506,-0.5357864926158835,0.3982107129235907
0.40965564501262963,-0.6285803701249283,0.44363533159774754,1.7843073133644154,-0.5627057221141049,-0.20407863410078653,-0.4165588567806157,-1.023305352832062,-0.3295140023434871,-0.46987950298070474,-1.157166264025907
1.129285862225215,-0.20505436416182712,-0.3053710169334625,0.708958964526511,-0.6349522283956996,-0.0015356670319089938,-0.4871521354073809,-1.7500627245413753,-0.4070051220839719,-0.08798474390354338,-0.6839150458332729
2.130583183492694,-0.3497587337254916,-1.0364931488752835,-0.44359442073917454,-1.1197058825925013,0.008891595124305152,1.5617892113452716,-2.497539253800676,0.37510423191477593,-2.45854691943953,-3.092739997991332
-0.6953478267833592,0.009124306613807467,0.2160136211876619,-0.21626094475960844,-0.3776575629973189,-0.22033202371190852,-2.14660334597224,-2.4052789326941926,-0.45926513358402477,-0.7837971925103276,-1.2418289942513943
-1.0693950689531202,-0.8804722839267605,1.1258622236854101,-1.3350602100911035,4.011647918030473,-1.4354775491016916,-0.7847003422475558,-1.6491565172666576,0.5163942961143819,0.3995105529316798,-0.7559803349458423
-0.7856708012950369,0.3579211663280156,0.42250891098014903,-2.2061715194901805,0.3012256838330014,2.141474858649664,-2.0141538321729797,-0.8394171843510883,1.567048282738661,-1.2538953362333956,-1.7191491618982662
0.8167143238233704,1.0490544554497407,1.0239150555700727,-0.09308512202844033,0.938334371575446,1.7479368590380542,0.5089040720520248,1.7525122714727153,1.7935799171812807,0.4938056751152644,0.11697570859750228
0.9453327249835483,-0.48526323323141934,0.6816590358432283,1.2332727584241248,0.04689813565981449,0.43057903399466935,1.455748601187903,1.7822378278675335,0.2921056419241005,2.917199948962973,1.8172554005366675
1.2496854086649776,-2.512967243235586,-0.746397750674938,-0.5032045379303194,-1.1397096161581493,-1.1791222031188964,0.7237588462493658,0.40589066328544227,-0.8444746166311129,-4.121360966744931,-4.2420223979159974
0.2203892394774442,1.1254262196977491,-0.8594744084860284,0.0373881276484182,-0.37306572372854285,-0.5443746728542677,-1.6180591290344855,-0.39158544735315814,-0.7602134769791951,-1.3296831227043313,-1.6076126793270191
0.7654380208749917,0.5357520089069688,-1.87121995914562,0.7541213954143031,0.5967914576032877,1.2623059652341366,-0.9384252100680109,-0.5420959734569557,-0.5061066086319252,-0.516319068594733,-1.234936555566241
-0.41105752948101987,1.0541224044366624,0.10728259412050586,-1.6004311314041382,-1.0451981943408393,0.15688524751118704,0.012815485347412947,-1.3820538563016063,1.254156215994581,-2.054714067864521,-2.452282176120912
0.06903017720086747,-0.5544518853107054,0.9917459263080861,-0.21927454818753858,-0.4031956291031261,0.1870343401282062,1.0699254571433212,2.9067339164285095,0.7392232340087561,1.816684741922757,1.0385205989608295
0.1547226407285159,-0.0910813039768557,-0.29922867864950353,0.707361303906647,-0.8631959004949978,-0.5830771489850217,1.539269711894951,0.4884182891604295,0.8255408716651084,0.9115155484247938,0.07634989209079651
-1.7685227200502505,-0.8654141472441487,0.5073147932775569,-0.3721289797244499,-0.03224307828075901,0.7047348531391259,1.4612055591066986,0.10697263946230562,-0.46417402575099287,0.2256171358814142,-0.26563771667294733
-0.8383675183255976,-0.7258315475127768,-0.7801768717739014,-1.357441008351124,-1.466221528355585,-1.1274440577331575,-0.492140050824747,-2.347741394115553,-0.6597947980830132,-0.026399252273078044,-0.26687290129157315
0.659914278610449,0.5929949546779152,1.5656355014792804,0.8035289467795387,2.8490919728684077,-0.8416620829377808,1.0074628875173404,-0.5146243379196083,0.6048651656232478,1.0779208726668572,-0.35540015839281225
0.09559971633299537,-0.6455060027220781,0.06650491199661016,-0.03541397473745453,-0.4587887173390539,-0.5353175930938606,-1.3873078899034634,2.700580841175411,-1.8249283625479016,-0.0056519270768304875,0.593281466895411
-2.322343546162352,-2.5266468767732606,-0.08147192226715494,1.3695577809823585,2.2739998252947076,-0.7607125417002791,0.5284660149832168,2.2867515889729564,0.4045626169052733,2.228542226482315,0.7562367455796491
0.22176752632265676,1.9854926601792833,0.5347260314021591,-0.6083397948594849,-0.5977814857295718,0.7087172097419123,1.5245199725537675,2.2550357470649414,1.4406690145614176,1.6520211427558325,1.262017261877372
1.4967028700776834,0.6394937188745807,-0.49797339961910153,1.2511518658361866,0.09193867564752278,0.28477107782621913,1.6119918078470197,1.6079517890828459,-0.09940122783850476,1.0825161276919164,0.13204924517252314
-1.8323876986653735,0.3206972382380301,0.8795430191239135,-1.087736859428927,1.2600811564068162,2.146159379969447,-1.8557913583832994,1.1143400571817823,1.6969780221036754,-0.6150641340247437,-0.991129762589767
-0.613910170327832,1.35112613982418,0.4931314455104365,-1.9146618686591608,0.2826036794974329,1.2380358001253358,-0.30061800604899147,1.105245647535607,1.1688873941163465,-0.540486164698476,-1.1558085478903624
0.00887628504375033,0.6977262672510567,-0.9382429968644173,1.1602328910941597,-0.28461779909328055,-0.40534192457694007,1.0187002640186358,-1.2574990477759365,0.17180715334935986,1.9816924873768658,0.986704006710646
-1.0079560492027022,0.4219157406438318,-0.915594632695121,-0.15831410492829268,-0.6679747442885465,-1.1455960517570132,-0.5924290843902427,-1.566761681493495,-0.10748899894370029,-2.3468569804063173,-2.972685459444694
0.5609574898501145,-0.13671176880345107,-0.903992045236539,0.6903547568906356,-1.127343545399585,-1.880356833121472,-0.40002344581840654,-1.276916006926704,-0.3372116322139322,-0.022951832265757366,-0.6297451202677593
0.22807489229613137,0.3461380868759692,0.18202172178054546,0.5141195472522174,0.13367954894479334,0.17677368334331744,1.9485022076777865,1.3455039174769987,0.9752693343466052,1.2221084923679224,0.2890683068713336
0.028816995756786052,-0.2999531012598082,0.09708220890223496,0.6174431179127177,0.8759620460652032,0.979166764537468,1.792031264071237,2.6240099755440878,-0.05179594906382633,1.3129154335999573,0.2797379482965946
-0.06608536174395785,0.9011225809042429,-0.15750474544488585,-1.1678368804594346,-0.7688981693295744,1.1682273943351993,1.69470226528425,1.9381373298391482,1.3638930894485595,0.21165840595821594,-0.17018820048950956
1.1943983576474797,-0.07351833495227052,1.202666513592606,2.0938342907242937,0.44361853167338783,-0.011791578377617129,0.9750873048348675,0.7638657274632465,1.3644666623141193,1.6486597293612053,0.8281655537086614
0.20942128514556652,-1.1122951825704679,1.7987277260944818,1.3443327664761497,1.5987907948571063,0.540254407955574,-0.7747914662173236,0.20252154023116536,-0.14344074929592746,-0.3206016460562975,-1.4100756013300204
-0.6960103634082264,-1.555215800350579,0.6464881630277435,-1.2601828690801709,0.500709934800439,0.12638221604366784,-0.5730335507377446,-1.171998176588262,-1.0631888124813709,-1.5334781193771387,-1.6246948753503918
-0.6680115000742074,-1.2060541544806362,-0.6798983657932129,-0.8532255533301846,-3.305514407698102,0.9246198451277594,0.21417928311131174,0.3701681785016467,-1.3901118412433153,-2.2931300884995327,-2.03528317667274
1.7001797793611726,0.1409677215259578,0.5828990470538838,0.17983154684140007,0.8039183500211989,-0.043347892811874345,0.7503386092802617,-0.29061700082884123,0.7540608842601286,-0.403813887683669,-1.4676131138490396
-0.4777375350551209,1.0326733106248522,-0.6546886665933184,-0.2624772447507988,-1.213806593920749,-0.2832718337410306,-0.7585902305033824,-1.2718438444180875,0.06273638813208465,-2.273706278834955,-2.876993589386278
0.44715844854647313,0.17086912571256363,-0.6623079833022015,0.3371506511335973,-1.4847505981555842,-0.4238323523185258,-1.150342104194615,-2.6454020148269444,-1.5819941462351026,-2.003529047341509,-1.6752306650302924
1.7142515389822068,-0.9495255881730978,1.6524944901970133,-1.685808755172612,-0.36806453182367527,-1.7198680402388162,-1.275803140065762,-0.4975093716342541,2.2027900451817004,0.5450078204705386,0.6701738124611842
-1.1110898689739277,-1.1157608373186456,-0.7298796502080444,-1.5875687806767038,1.0598575118282851,2.487060682120863,-0.5051808449691115,0.7172739012922293,-0.6660807513326277,-0.4706291946997409,-0.8924214320190915
0.20135320782373853,-0.23883891445251842,-1.4341768898672314,1.2340221445703425,-0.21854179536314028,1.0646288881113004,0.7275515495798939,0.9330010448399351,-1.5818364725251999,-3.4979239101500132,-3.1250691274046165
0.5265595745590235,1.0252547791925348,-0.32728831648682233,1.5654665636405545,0.28143196652248026,-0.42150676819761107,-0.3381100070134688,-3.6600406362919884,-1.3450205361113117,-1.3744559563922207,-1.2780545559468628
-0.36628330039254947,1.2228742848837866,0.30815127158192196,-0.3805172977277128,-1.7627222225099985,-1.3283103250805968,-1.3488632796776276,0.22896779906087739,2.4310118935395515,-0.7506242599349608,-0.45145241130410824
-1.4364468430639865,1.920750293427614,-0.051358162825394155,-0.4368669710221119,-0.9109722022444982,-2.129101050121636,0.5326387546866527,-0.9369254360297562,1.5235019492583088,1.139593978048743,0.8011174317515616
0.31374135326313224,1.7073240095861224,0.11660624567414979,-0.6200462383217391,-0.6287025606853694,-1.1845288423836482,1.2175385635247509,-1.5397635887235828,-0.458672047394141,0.21363639364907194,-0.16101037498107384
2.085734462846142,-0.8544882606815872,0.9266332192937453,0.37362760436001863,2.1415687507688808,-0.42357988048527045,-0.42227591792969854,-0.16508977716700493,-1.4540180867046775,0.3042756121321084,0.5075330073420916
-1.0643955172437085,-1.3447812119772633,0.09493412135739186,-0.032908860798039896,0.5272943162231357,0.587321843324259,-0.3153290216858451,-0.3422264310843728,-0.653144452354347,-0.11401951846756664,-0.6079871134813599
0.7859574687100144,1.112675175302856,-0.06695217104108284,1.3929398774172705,0.24103256976382456,-1.8976066083092875,-0.16735213913556857,-2.10089553069238,1.6448745967070093,2.910108011455524,2.3490932779389304
0.9733799861232596,0.20069136428288045,1.1585691527059803,0.27539178926448704,0.035795482664975786,-0.5254368823518726,1.1122392906727547,0.9677655110316737,0.1206604755078653,0.24720389249835453,-0.6622356206440403
2.049014076915441,-0.8114201110552636,0.48895330900353307,-0.37717129361403195,0.38491013158564696,1.1151067754213149,-0.23470478749847196,3.1037410543222737,0.8553516278018256,2.2555829579837736,1.3842932287276781
0.18815261486466794,2.2158010420695153,0.838290852368307,1.8591917823024535,1.735119640290622,0.8186960407776329,1.6041134246154154,1.1887423710361933,0.33023915942478044,2.74266022573589,1.288156462013739
0.5114981516544326,-0.25200803641717157,0.6634009707223592,-0.4662922017456699,0.8409711893987253,1.5060532654293564,-0.2852207298121341,-0.6575265901879593,0.7775923099631894,-0.5682541837527121,-1.5230803751514268
-1.123825745471583,0.8766705999303702,1.5339124272435989,-1.426316019965784,0.49872918432158797,2.709082645931595,-0.2483246741128311,0.04554490500955838,-0.6041763813842027,-1.4176578090365344,-1.8563230082885642
0.2696322120837436,-1.4358180483023542,0.10474429757504371,1.5922430708810382,-0.7719913101512387,-1.7171034629190833,1.972104269171481,-0.4048000504422288,-0.18654596874455165,1.4061203145185193,0.6375935457314735
-0.85820601188769,0.45543325364325116,0.42399031632973055,-0.48095003835191474,0.5198258026343151,0.39141543646096005,0.26839966951560557,0.2356480856375834,0.505408398094395,-0.0567687507599699,-0.9874267219898529
-1.4980980171795093,-2.286004417744376,-0.40274253155511736,-0.08788704223730442,-0.42940458205336096,-0.5130375262004138,-0.37154191079832233,-0.5559092710194069,-2.138667656319579,-1.6625885007621966,-0.8693418602170131
-0.3244957551879683,-0.24685899485406465,-0.5370307449207513,0.06676445879228521,-0.40438760359699905,-0.7502463045712728,-0.564153478446112,-0.2523501714251881,-0.30934933674130694,-1.543705686973531,-2.1406678500568734
0.1432425390759673,-1.413367350788946,-1.4539974186189242,-0.508369783741158,-1.2913267836987412,-0.0011239211397062743,-0.6580455299951357,0.8780466747724467,0.5963704025582448,-0.9188291484870571,-1.5179225124801143
1.5326738621540663,1.5098488277372706,-1.1611281273544956,0.9412131617800757,1.0861537353113286,0.676799892983101,1.083014596154459,0.5868894042296167,1.2040215972635844,1.8160626830139566,0.8205781827676834
-0.4246289251558226,0.9286806388088786,1.0670777653304404,-1.6765935319653598,0.2856323868682489,-1.4546849532409183,1.0406732958188127,-0.4532018657187743,1.5117222492724818,2.274074197748818,1.8017464502935538
0.7448942455822845,0.6408359257548755,-0.30422081945104684,2.193259944693014,-0.7161074211811533,-2.3280674641687193,2.1558331229769916,-1.3386515346329049,0.6408972409851136,0.7885366504188934,-0.2951209907115231
-0.20289288655849472,0.44816936951714853,-0.3849416523602186,-1.052385406504687,-0.41307866022452566,-1.1280298008804293,-0.11045894607092999,-0.2954384977065334,-0.09938833305830311,-0.5947629277049149,-1.1429584697943194
-1.080216494667193,-0.05534995952773565,1.1990353038012591,-0.5278310367424963,0.32492100203916713,-1.4761378231985023,-1.1207457814300128,-3.7800937531634276,-1.0618714517716112,-1.5589993570981466,-1.6251805798413756
-0.3078297012127978,0.5115970204995072,0.3582247022643258,-1.8514125937207009,1.3444032009117026,2.2006214865632727,-1.5158053271293697,2.6924121034091626,1.4937524013893217,1.1881793771094031,0.6408684906899644
1.3985288284123492,-1.2792174006337897,-0.6404115567554156,1.2735298908811379,0.16676686271540364,1.1416191691873634,-0.3082178953159085,3.3960087858882018,-2.0812817449998544,0.8798836458147725,1.5465469295848815
1.2278610117748405,1.5098209660439084,-0.15079636718442085,1.5799989578387497,0.9352205760469541,1.7528886639387156,-3.060624256600843,1.1851217342273177,1.1319242681464257,-0.09620876100084219,-1.1689743855771932
-1.4369287487045144,-0.18114506246655618,-0.6110700434271057,-0.19611228004007086,-0.8451294713636814,-1.0345357653271752,-1.4583894295611768,-2.259523067615402,0.4061207918328694,-0.867356600582213,-1.5901547371392617
-1.4228140319487064,1.8271969159641557,0.695346278694688,-1.332060955444601,1.7883762029340944,1.4309302683144427,1.6559543974038191,0.42240541433224554,1.2597511001462114,2.1685639254321667,1.4786774591333802
1.3791584205504737,1.474100170387542,-0.6820474743784277,-0.5227466812225711,-0.37946607043352387,-0.7055040313686278,-0.6033469327955663,2.011433450614782,0.5516640076242569,1.8759884089382146,1.122420495572919
-0.12857994306690673,-0.2985533970712868,-0.42633852011270207,-0.8596156582596047,-0.5740210573179945,-0.4292965018740927,0.7218308199940969,0.819122305297949,-1.4005024136831774,0.7164299072031937,1.0408128899872122
1.2268069270529425,-0.36341298165232977,-0.0005088101472775313,1.4517619519425735,0.08866934187271243,-0.7528344041426417,3.259859984383291,1.699979214340479,0.04850514141343548,1.5076219413460086,0.4625838521745797
1.1335542709181783,-1.0490056788792694,1.0663692161434841,1.559162984680852,2.310059201085991,-0.05505181502540807,1.9799427661140694,2.0542359796764798,1.2471243197378208,1.2274600844162777,0.23908289478062317
0.04907851575185534,-0.7017490622488161,0.41953110920930375,-0.5907028234247687,2.2411105240851903,-0.10802445252296618,-2.685554248057937,-2.5758931917843864,-1.8503837433660533,-1.697096675312535,-1.0895392419350034
-0.14935475619845032,-1.4747471226736186,0.10892936896004697,-0.19240888100526396,0.4514522643844552,2.434313563551774,-0.949726563173022,1.4992316432068173,-0.5123271020083102,0.8823289094170101,0.31559514064907535
-0.12966731849472304,0.20116973586720935,0.7964392051736389,1.0867980033044304,2.232295638089476,-0.7460082987370511,1.1349821073837856,0.6510614318660313,0.07585078428051861,1.7449881703264427,0.4793088684286186
0.7184757198761622,-0.2404125949978114,0.07637307206746588,1.1056850083013106,-0.6143098364756395,-1.9965180608515043,-0.07667641912492296,-1.071304910479006,-0.2360511822348038,1.4752922431150086,0.7389161496145158
-0.11269154745389359,1.0374631564707244,-1.0362785372299819,-0.29083689872892593,0.42368737905379195,1.1005314230520045,1.331281498537434,1.0279295800661086,0.8709527794861203,0.3789037667501819,-0.5089710290193462
-0.6026706418459571,0.16650896914273103,-1.6576825674113866,-0.08674324695278623,-0.626699824471902,-1.5503274742880997,-2.2173060050520266,-1.9570343627825388,-1.7121733305264137,-1.0784593600775851,-0.5541311599263947
-0.30621676807825365,-0.8641961672395849,-1.999995706992268,-0.92773244424716,-1.1536895373721205,-0.41471252595868247,0.19898410635800606,-0.5131494610930494,-0.34621461724282687,-2.301468717946897,-2.6836488362318747
-0.5954647515507447,-1.8265913518453292,-2.0629312878260873,-0.12472372775354579,-0.7008040961274267,-2.724059929357633,-0.01816682374327938,-1.3703882150976836,-1.8518995873636914,-1.0760142518373916,-0.4540189402344163
0.02882494323206617,0.48275114280729026,0.6880335546574716,1.795234664556957,0.31921972322036996,0.9035223911860972,2.7179650949135805,1.6834549224272217,-0.24709496642769624,1.9594357349182774,1.0531267246835698
0.44867544926183667,-1.0934512217914414,0.1623172621122255,0.07633074017489305,0.45790535306622815,2.330750350853667,-0.018109133028595445,0.6295070259881583,-1.2890797644454035,-0.08069867516875495,-0.036470021148546694
0.34436914708797267,0.3550705367147705,0.17815928973957096,1.8760717316752835,-0.2966180399001161,-1.0115394498523314,0.9379974170218289,0.3816596753646869,0.6461819219717709,1.6534617196570318,0.5273370221107774
-0.48945799175299076,-0.038652209264390607,0.19629626369858294,-1.2276834980314095,-0.05937211070013271,-1.0664935831007272,0.631992490425644,-1.1990349819514226,-0.4105708799018425,-0.36616639493980885,-0.823888947339865
-1.7077471683742038,1.4357415557790918,-0.5285992514367084,0.5125047128521849,-0.27778929739238467,-0.6329514728435237,-0.5805971966690726,0.27833763482986196,0.7895051881837536,0.6837528570691191,-0.230047564568072
-0.7526552816449756,-0.6732805002541417,0.34148570621053526,-1.4029984695968607,0.41712927535130845,0.5859513256143236,-0.4512535401979659,-0.80347369067157,-1.8231179594553135,-0.848528290438785,-0.34080862435391246
-1.817446731165079,0.24321552478011468,2.259182417956862,0.007645617415962258,-1.7816918308823266,-1.3179406652848271,-0.47775357980812627,-1.6467925894769446,1.5539388947344228,-0.22368948241724557,-0.6343684970993632
1.7861563117911385,-0.713665948315103,0.04471270946470442,1.3531073182251687,0.43606344744869363,0.3694895534798936,-0.8045764971095981,0.23141296393079785,-1.679826106907719,0.2919337613767005,0.6613719491363881
0.005364480390711725,-0.9691572980910979,0.5264301898221413,0.6433952096048359,1.7116593720151458,-0.526902973031058,1.1421361607110776,-0.632536518738064,-1.0072051673559355,2.4952605059268413,2.2644031169457906
0.020924559894739878,0.4730554132768726,0.6051891952559729,0.222114683936164,1.1661163065182063,0.16386605882169736,1.6483431416841667,1.3011733563892955,-1.0162349086947795,0.7754525076499745,0.5633581139214228
-0.4457948155055159,0.1630991821930515,-1.2778757187187528,-0.8528414974703875,0.5297742419411717,-0.04340251739760004,0.1143549636700279,0.33407738983030105,0.5841329993438646,-0.36290944981466977,-1.2323532367322436
-0.821113385683588,1.5000063135855617,0.16508476627480714,-0.06840903568209444,0.46714107474963806,1.7573496279803158,-0.18134726874269247,1.7809178462615984,1.4042873921154635,-0.1389359475708467,-0.8042800003610339
0.3294998288711049,0.18763711399368857,-0.8479680372071765,-1.1783399193099195,-0.6097650911882853,-0.9764635964405645,-0.6817052693109142,-1.6486301614636403,-1.0394349759620853,-1.482633899610356,-1.448196547902652
-2.303261324464363,-0.476831424998313,1.735211103955729,0.7342753087451073,-0.900102745595649,-1.0334238335089292,2.0649769309018717,1.1422609698281299,1.3455100406913991,1.555663808084675,0.9398018346242687
1.2812158180716713,-0.24718382931925817,1.7432604411717971,0.4860808632074894,1.1735365045688966,0.999957195228934,-0.36081158467673446,0.025431775560658343,-0.5165038200078684,-0.5003413629371999,-1.2055108197269986
0.2214307415227083,-1.2709302362147286,0.05220465441174329,0.1879642997642709,1.3730514025151725,0.9400778693758987,-1.6807816484448082,-0.28484541799278834,-1.4807478837188959,-1.0397867909119982,-0.809018638125063
-2.281164202154222,-0.09967956308242037,1.6631229890154533,-1.2087645618781293,-0.7362130894290424,-0.35092796081902866,0.1246475022206629,-1.363440130996007,1.8462445058238264,-0.2464329737388926,-0.3496810149803191
1.5791902152517039,1.4018487389610579,-1.141310970411275,0.6029317424388602,0.5036364689148152,0.7355392543318114,2.6479781829215416,2.6810233589564794,0.30818917451220584,0.9973611602429633,-0.09727894280785424
1.1744426376369441,1.6999283967585679,-1.0076154221499822,2.4633332453946255,-4.07601375754447,-0.9447678220860276,1.1691696738272177,0.5749859612477766,0.32868185016624424,1.6604005031490865,0.8637105653982164
-1.33254264351042,-1.4379937226133759,-0.7526864728349766,-0.8557581664888585,-0.6237065911072249,-0.08073717265510583,-3.2952555482463053,-2.3879392994637847,-2.2990812815760466,-0.7631247792756193,0.09839694375430319
-0.5503543351211289,-0.5561675915820719,0.182280964859139,-1.767122350410168,0.9346581125417832,2.0463123507334666,-0.6441350671217838,2.4242569282831514,-0.03586510751940905,0.0344155661189397,-0.7131784152462542
-1.750444269740304,-1.3469832151517382,0.6984763186713405,-0.3049038857502093,0.1648923162470255,-0.20987598808705474,-0.38083521443100155,-1.8315909920991045,-0.49137616474464024,-1.9217409361614903,-2.440869188678129
-0.2787781903981284,0.475190507377158,-0.3785321754117907,-0.15347530704035606,-2.240448303646366,-0.8662248803999106,0.5085807288721955,-1.1533578046175637,-0.44791561213477926,-2.7919559040349307,-3.2484407918639544
-0.5289559074603392,-0.8456528221101033,0.6790974629910109,-0.7073903589427868,1.1588667102100938,-1.1649081986128,-1.2239670389196904,-1.6182054849139522,-0.4414287626339031,0.003277292899003803,-0.592082083604803
1.2172553787429599,-0.4781461563537179,-0.12050177957570452,0.6905568903983531,-0.13324228480633166,-0.233382390041507,0.4754411398158869,1.117344792517121,-1.1761375692446365,-2.718241939433479,-2.7410644586950124
0.67800382596675,1.0927556298009595,0.6317346839899639,0.18510398877300793,2.0914804096680966,-0.7209444512802105,0.39736639871137036,0.6585134260877328,1.5492737198583255,1.4036982538503393,0.8053210232014796
-1.2894429969690904,0.2608822249480093,1.247415287872498,1.0856837359767884,0.3407536229886032,1.018909539315684,-1.6334137024776714,0.47421748147410847,0.11130098907085184,-0.39495676686977177,-1.4769242507603406
0.9372828626297919,-0.3508481518014845,1.4047481927968568,-1.8769849098416378,0.480267993899397,-0.16333461622623924,-0.2527264947469983,-0.4120718168131404,2.9069108204665257,-2.3846132503249535,-1.827036101780855
-0.8407905339504881,0.26999149789461896,-0.3262956567553571,0.2864242707703396,0.5815758504993005,1.3851040856423227,-0.15144807112041037,-0.7189416643806668,-1.0160197763134198,0.5421208775530283,0.3055354517267117
-0.21042028384599704,0.07898097630253162,-0.18339638588451734,-1.0848890641572602,-0.8626851175144153,-0.4848545745681648,-0.708339730385317,-1.2404207005576673,-0.7439622087253641,-1.2561854221324835,-1.4228035040469003
0.5063938332431087,0.17516074605262044,1.9616232043243087,2.4389403394345726,-0.19498231506218006,0.6753874838898033,2.4308560483476436,-0.14537204148052352,1.8344045295452993,-0.24807326388187811,-0.5135215245524765
1.497101166239775,-1.5479034826974092,0.6879126472193008,0.3623921428853111,2.4428082565977904,-1.036014950343428,-2.51730839683482,-2.3400932496771585,-1.8826287480046922,-1.8166533694287037,-1.27747722103932
-1.0196266312596596,3.732674079562594,-0.18511825028603082,-0.578481994113941,-1.5028523105550797,0.3226018693712569,-1.149021711565931,-0.002922339402763763,-0.37373337539535834,0.17749436854889655,-0.22400712685033586
-2.016846421342338,-0.1422865478407344,0.33265689637670154,0.08958398597801104,2.5714763820095428,-0.5421969389541987,1.337778004633798,0.28201914907187225,1.0962548895293924,2.2837580113068077,1.2999211312814531
-1.0054158228145977,0.9961674069110797,1.2107542621024516,-2.4864119079061027,-1.3529985313015753,-2.152218446034617,-0.01109825550116808,-2.143175108458646,0.4714175443392439,-2.507632252673235,-2.840347813833864
0.3734905546796718,-0.8500408799942203,-1.561679830260546,0.34495684834289503,3.3908865660219245,-0.17443591337653164,-1.0910443666281116,-1.0875257943788694,-3.0990559230177643,-1.1926018747645026,-0.3438317709691665
0.23566830668520042,0.861349242932218,0.22722455607340297,2.1702924137122457,-0.22034469590475103,0.3615863402602248,1.339792092038632,0.9383648838705257,-0.26361777419545707,1.2744263138548306,0.4857512822793251
-0.578587659551,-3.2400583188293806,0.4023049227941502,-1.2974071993908367,0.6061470914170926,-0.7533021799172089,-1.1564046043927334,-2.008408777649507,-1.6772304901573354,-1.7528663934062942,-1.3451044818890412
-1.1402936909727885,0.5056427970299162,0.5116104333158525,-1.8461759261948738,2.206246086170953,-0.32366470085053295,0.10577366064706906,-2.5821492028165647,0.2964002904471903,-1.6543764910197523,-2.6066804080941672
0.9381469520391601,0.9925845980787504,-0.28410268095111985,0.8788782218250244,-0.4569716634869735,0.1861728565892441,-0.03576978026268712,0.10901884106608706,0.6147810389944762,0.20467566587871988,-0.7640250741266934
-0.6339271024263804,-1.1435825114193772,1.0732505739272789,-2.3310812293505565,-0.31406539541757983,-0.5187871609308916,0.18311209974016449,-1.388757324120574,0.5274904623330635,-0.20569473913887082,-0.7297858615179583
1.410927784728292,-2.686704961936301,0.8393077343184729,0.6470206930905903,2.019301342998234,1.1648080025075456,0.8156086863779295,0.19240936159401856,0.09413411666255689,0.745181305744644,-0.4646030809204532
-0.7856657559728621,0.4598606511788994,-0.7465682710055175,-1.669309847714829,-1.349323831643884,-1.1305788425324683,-0.7938468104476506,-1.31310114664168,0.8324042008475985,-0.17716201206269466,-0.5985623286625896
-0.5749259030983224,0.7860443970043746,0.3123907377393674,-2.006299672487846,0.8591605937236539,0.43663980368438027,-0.36628346334993467,0.6416581481970469,0.2701985613171044,-0.038279347968435073,-0.806537787711817
0.9320447347473004,0.15888603150169386,1.2507906175738126,-0.5578667362450812,0.38941040686515255,0.9929719608196774,0.5216996080319217,0.9985853029901972,0.5573470326752112,-0.4128446254721078,-1.30538558048534
0.7796015464651286,-0.2868506611281069,0.24530839260177648,2.4614927692855115,0.4480257464867777,-0.1476355839781488,-0.033503426666401825,-0.16276174527577403,0.34318734956524966,2.29776541849488,0.9782247658655032
0.6001119656138052,-0.7518927665098052,-0.2834276183051509,0.6032448769107946,-0.9120545573527863,-2.558843903827277,0.9845895885128424,-2.580074818397511,-0.7053606026448855,-0.6699172518236256,-1.0348559830842774
-0.3693000530858776,-0.9562614432144118,-0.48693632010073745,0.021665728125688566,-0.8778613166670417,-2.572739357931456,-1.2938818359791149,-0.07358937135849342,0.3420113385703546,-0.6005066469421976,-1.3493273819848608
1.8847355792944767,-0.825728965112995,-2.078537710795126,-0.5396494987216347,2.0322281448395967,1.1311139500731247,2.2697228643870897,2.579424914003101,-0.5503227139590418,0.9670739235252344,0.47723144929969774
1.8875415158561841,0.4561673722348167,0.17879646088949674,-1.0783753536915497,1.5281098510123274,0.6133608445794037,0.25965785661168206,-0.2018933281221858,-0.29116366820970974,-0.03607229904618256,-0.7168055370780787
0.39023226038080555,-0.6873877331117042,0.4372049744676656,-2.064100947535665,1.5921016538533541,0.4407171583511358,0.16129502408587287,0.9855513379547124,-1.8128044401335817,0.4503310491087813,0.9837260541117606
-0.6378144729205172,-1.0382766325295916,-1.0930994094453175,-0.8642675229779897,0.470849054717812,0.09680711183420687,-0.657324621282775,-0.3204981951309607,-2.3252276246932304,-1.8643380906805815,-1.0605711904920088
0.4007456963733166,0.5978917309891708,-0.17244771388071045,-1.7582044296563568,-2.9730982023765486,-2.6658006619108985,0.1809527838901107,-3.9232335531535734,-0.2627218693688775,-1.995359702235635,-2.4143778250895016
0.7323629645750263,0.5344801422391334,0.7383211706688619,0.23340413406608818,1.0319664617749043,2.6937213130811877,1.3420954158653158,1.4782566516163889,1.0150233817306196,0.36519817375458796,-0.644239529105183
0.5817484263434427,-0.08429278955538087,-1.6570728222990547,0.6069460062915971,-0.09627710369261583,-0.2377398583418806,-0.44334582441969683,-0.4450115787354022,-2.148687216618904,-0.009137162761593931,0.7122742067123697
0.14002444263183875,0.08462433546063583,-1.0390373159267998,0.2764016443700663,-2.195734694325632,0.19269184031605707,-0.07660166954379605,0.3546324754265014,-0.8399435306364054,-0.43396958638197103,-0.7191468021747436
-1.399614371825608,0.45395121413497047,-1.9137858428106185,-1.0020390301173345,1.0501879111866335,2.7899413536442084,-0.8153214460272533,-0.5010156927282484,-0.516218569780115,-2.0874366245534,-2.610143015190669
0.8079139035873885,0.7577542791647064,-0.6495768362531886,2.886496367023511,-0.8490682887798348,0.4190639738989401,-2.863866802097479,-1.203809809637028,-0.4120992677075664,-0.9034557167018604,-1.460454933816461
0.1725046654399789,0.6745962081226661,-0.16475643032221335,-0.9049249934057386,0.3807481666909618,0.5863423164126604,1.0686521617138733,0.6043836331404897,-0.4599208850205944,0.2277553818013861,-0.2886951416108662
1.0111340246068985,0.8100947720064597,0.3311632216455773,0.05685507639801701,0.5243009146763536,2.7319295381748465,-0.13793972550072342,1.8770047132001217,2.1691345323649465,0.21713550035212958,0.15515859092768935
-0.9111046825116952,1.8733642332717557,2.0765700040686434,-0.6251857763142787,-1.4401169334188717,1.4471386187746407,-1.8819376664133847,-1.905343507158132,2.5982826970664052,-1.2895347531820767,-0.8487609554731432
-0.7414792746003944,-0.29548219852677193,-1.7805550628577982,-0.7873616415146887,-1.6626166531553181,-0.2598384249913546,0.2947307110546289,0.462027030479943,-0.9299903294053635,-1.3034217027354067,-1.3776968731873451
0.20042560698128667,1.2770673308525113,-0.24855920869070466,0.7513116618327689,-1.177799969880689,-1.775701583057275,0.8465457960401224,-0.5973778380370653,2.639934003172232,0.42104448872207745,0.8025925877230928
-1.773843354662966,-1.6993975101540983,-1.6333742240322064,0.826750040469537,0.0019671082874528067,-1.1883036661185824,1.126501571307484,-1.937802620234092,0.026426741013870325,-1.8202628627975845,-2.7732660849458606
1.6031550618032588,-0.3520044540704432,-1.0318186668436256,-0.9654469052697474,-0.7286329081056968,1.453841922969687,0.29876737238129825,-0.3623894891264259,-1.253843084598127,-0.7780178432907913,-0.5732773201153453
2.3968011659335846,-0.5145701571883873,-1.2277967970250263,-0.5768522540052468,0.6084617880374525,1.9780577295022188,-1.9257664250331654,-0.23082064942583397,-2.1461909544059514,-1.7879868853639742,-1.0431209030329018
0.9225338206687081,1.2010350782429933,1.2445006807376664,0.6846450156966116,0.21454963701166796,0.2834281610258115,-1.8349246617402413,-1.5247102773522407,1.351118600038463,-0.6595049205327841,-1.4302716700237255
-0.41543477342260965,0.36789769388172977,-0.840280263949279,0.4550751850458098,0.47274080520002515,1.243499725254139,1.0616650705867894,2.6869708575837854,0.8446316399320202,1.9302875620862037,0.9003018445513886
0.3224271940744253,0.729455310372752,-1.1751558332824934,0.10680452851513528,0.4445746950843392,-0.07523814504791337,0.6598912926346521,0.10127206502030339,1.1330496255842282,2.0064116750495806,1.153942174940906
0.9783724617618768,2.292884471905897,-0.433252015830176,0.31910281290489495,-0.40188970473571806,-1.1265691339430215,-0.8992568197735766,-0.09547587305559746,1.3266644224305555,-0.3653937038690892,-0.9936118576983425
-0.3041466537671027,0.07722642313389615,-2.5307670970830274,-0.937323716169969,2.3930767129413186,0.0977899718887496,2.129093288899282,-1.6007405932650272,0.08090385945631051,0.6458457395660061,-0.32145459948359445
1.1965403657994196,0.8623753887477765,-1.0978374207080843,2.244175167682191,-2.2671963303898917,0.5136893584483441,1.6254615679630136,1.3524329920066627,-1.1088018509072421,-0.22271433860817502,-0.26646232388401614
0.7014470911235543,-1.7631000984652228,-1.1449291611859063,1.2107459337855897,-2.235141771346604,-3.216872588722655,-1.1189516812667886,-2.1554191964557887,-1.1322106827359013,-1.7520628177335587,-1.812690976116477
0.6522979583456786,0.5410114840961684,-0.4589353248136151,0.4710176461583822,-0.5497222228874815,-0.5581041437033816,-0.27208764757846793,-0.9841208705894333,-0.7641651618054065,-0.016885491558834675,-0.3360853197782683
0.7757246668648483,-0.7804238492056328,0.8901809479956768,1.7589034752585548,1.9049509931326218,-0.9633121895829624,-0.5629852193459354,-0.11190174480481607,0.2744592200256597,3.4139638281599964,1.974906036750332
-1.2612774242705354,-1.5065106794896244,0.026087221371467864,-1.0364738871879717,-1.6166590989256253,0.9818863502707129,0.49869582318600364,0.3087419825222844,-1.2624685960888855,-2.6679784242526092,-2.5017457715621165
-0.1622599849312289,-1.027210877223889,0.3473216580606867,-3.2060739086260517,0.4085077118494826,1.7274959292482697,-0.9041033999342343,-0.7069802979670493,-0.7911353388642913,-2.1552142333954105,-2.5150515538301006
-1.6943849426654598,0.35534881470212226,0.04053412853413033,2.343144500460686,0.43580749696437954,-1.9144024614917678,0.1981627044345048,-1.2853755515135918,-0.40623258012000235,0.6269094237548128,-0.1459274524565459
0.33484322744403155,-1.1785385942081303,0.014150620642616867,1.2295322648731777,-1.0318384191261223,-2.4154796377946712,-1.38392287820702,-1.8155152330193625,-0.48175755148369326,-0.7904975301308715,-1.3358507619277449
-0.47930686530735733,-0.7025077151798351,1.5213224058345538,-0.12356040048931871,-1.3027819336098645,-1.8993220830236885,0.8635113529459316,-0.6694629237012598,2.496719463390016,-3.396803279938027,-3.0622640308555886
-1.0309088697343443,-0.03682836963666176,-1.090480493624898,-0.964634381996463,-0.5392387179345766,0.021391241269570704,0.06225878036568144,-1.142685551277048,-1.7051078070594734,-1.1674423159370255,-0.625774227307931
-0.041878317188194916,-0.37359212233992095,0.9346807972730942,1.1279761773376595,1.4064402952448352,1.611607541941215,-0.18376381375550666,-1.3892799812257164,-1.3600803014058054,-0.8833026926657335,-0.7694551912526545
-0.7873610144807608,-0.2894860400447657,0.839189266152926,0.02357801802681836,1.7241672671332866,0.9546556068977252,1.2008278474109626,0.16261809053321308,0.6495655297726184,2.3217473970170746,1.1319788501352313
0.9623268040675099,0.6249920797329421,-1.3838363462344507,0.8876746180883149,-1.8552757736589727,1.3065390423618473,-1.1533641494617743,-0.6943807312656243,-1.004470095636577,-2.0213739628886316,-2.1980534715099442
-0.7863737278688173,-0.5115333469835103,-0.5310171635361466,-3.343319653252481,-0.5994714210926065,2.482933745010012,1.079663150897298,0.23063057630737271,-2.0655500177938393,-1.9967494933341023,-1.2624496225321207
0.1907309894783828,-1.176618546969258,0.9184697281991338,0.4993411449649408,3.130333811138855,-1.3296984564818863,-0.3704025565521407,-0.9311542585064057,-1.1590575146626647,-1.1192714033565794,-1.1791969296782865
0.8844539715952134,1.569490599572644,0.0022819502791398883,-0.33928346433602674,1.5851932379304956,3.0801010176165105,-1.8118444952400097,0.9119638614925252,0.7233061469246651,-0.3323664658496053,-1.4248351111948365
0.16759805844976627,1.3740046138689155,0.7461643443941405,1.1601564873131975,1.6473391269035855,2.7044205417474894,2.998726007156122,2.776641442246724,0.03203270665574354,0.8667352140163676,-0.34617572613665404
0.9146552529230193,-1.740433580447319,-0.7885372907676259,0.4038993289041696,-1.5506110049597521,-1.2347870153551161,-0.6811925847211351,0.576502736109024,-1.6289669483251197,-2.7356525527956874,-2.376588634120999
1.9969539754499406,-1.6422387947077832,1.229957055648955,-0.08008235776399858,-0.719337893571689,-0.9856965381966574,1.6979855207089625,0.4930835553402839,-0.7727836700994509,1.0513367636179096,0.828661767973075
1.140987730844378,-1.3907144753497656,0.8997967730700949,1.3142568419451235,0.8397313146669501,1.9427309332204832,1.181147531556903,0.8078674983829324,0.5819936443401371,2.362769754753302,1.087107605750915
0.9325969953385287,-1.5523585174658707,0.583479690946689,2.5438402588641473,0.8678201045936643,0.15529432881778538,-1.297850168425604,-0.05944829413991176,1.0274772254591507,3.1243278234364857,1.9546993498000946
-0.04629043654365754,-0.12775150669598576,-1.343493565240858,0.2849591835165955,-2.327635774975469,-0.6484693498645813,-2.2188108260185704,-0.22951542199912622,-1.0896620965350647,-0.8784437390951035,-0.9680293122600446
-1.6500630287089781,-0.9990801625939574,-0.7216204302806747,0.26080355470976735,0.013084884766159766,-0.6324617597983436,-0.23302194581962227,-1.3121753691958837,-0.37459184635365295,-0.14514811953878184,-0.8077674507162663
0.9781847900391534,-1.305198595113933,-0.5789475004243081,1.423042180862928,-1.2005917814013531,-2.195826979081213,-0.6860416408471848,-2.0850160360870937,-1.0615356660984658,-1.6669656474089996,-1.742445437573418
1.9216316392870385,0.027899413172878033,0.029774333650093,-0.6503962520701225,-1.4805673678276174,-1.5639662269983488,-0.04337041823184273,-0.47339737641499746,-0.5148212993201489,-0.9206968824380557,-1.2481573100964891
-1.0864740068679224,-0.04381531564160739,0.8781709542588593,-2.64107774297634,1.8830156614357032,0.7510271910731906,1.3689429009697942,1.438989156650778,1.6207812895067168,0.7780316726235099,0.31365347190326276
-0.6036288120664738,1.1222559253435147,-1.0159305831220875,-2.359930881050254,0.07974651413308631,-0.727555827569578,1.895919578599103,-0.2517358637114099,-0.5463900863349332,0.25386384319966937,-0.1902039955877921
-3.302513018657299,0.3594485113663616,0.38832969389598987,-1.192229499102565,-1.5567959219075362,-0.937682185252155,-1.5089402146349227,-1.6266535912000673,0.7738459098370783,-1.282831536712303,-1.7351508869133396
1.3366436946841436,-0.3817834893802327,0.2712184088325964,0.36562341245730595,-1.7957872819672431,0.692803611732667,-2.6596052393471927,-0.12276779222339179,0.7754036500190868,-1.1134719830893984,-1.7883603306122162
0.8842033529312799,-0.7985322453304302,0.4317308140735465,1.0147970435116682,0.4980616850883537,1.2348493287114943,1.3353123456218778,0.3718926842102166,0.18635367967982208,1.2051867025123053,0.07852132030814346
-0.6440568599628848,0.06324232347604926,-0.2125767031626486,2.5906939272800127,-0.5408370860185455,0.8869159413143619,-0.7941661664752375,0.8265165733728531,0.44384559815830027,3.1472230377127777,1.982163185604633
1.3298849302254718,-0.3356598162102177,1.3566647975801083,1.1057631305812652,1.5535741696455687,0.8974367115761542,-0.010735054045849957,0.5727287761782207,0.4351978094243877,2.074177991567761,0.7170880606179256
0.906545282032476,-0.6917979866820342,-0.9636545284986558,-0.11779255473065886,0.4983430803563965,1.936433605677867,-0.71308672049002,1.8229508010225366,-1.6544892768080564,-0.8125046404185674,-0.42589101758900966
-0.007398458912816609,-0.23969436311710546,0.6582638719337797,0.2895805136902541,-1.0396954005193386,-1.2762216962146693,-0.9909587031210626,0.052643519038125364,1.040847860766711,-1.1817689484046454,-1.8661101996021272
-0.24082166671047753,-0.1961106661800805,0.450224006538736,-0.10195084281299926,-0.02091469571783111,1.6068228185149982,0.5271995980633624,3.5872220379643265,0.48966352790840495,0.9881399324638944,0.0949073689699167
1.0756114484914614,-0.7006168048819655,-0.4368571987698951,0.23543548879386245,-1.209902295401728,0.1443612017593996,-1.3091116943164278,-0.26887467017735545,-0.6596755428926393,-2.6487311899183483,-3.0090485179202626
0.9335279219343935,-0.39858013102068796,-0.35020939704660664,0.6400092112111957,-1.5539760634298843,-0.9742070518547712,-1.5191937477421382,-0.1387290147379141,0.327304060050016,-0.15048802202527153,-0.9026948543518036
-0.7679388981819272,0.9985382385686475,-1.5110050741062042,-0.9314020977912829,1.1807493435293006,0.4644473094379571,0.38912997010875616,2.0025221215014923,-0.468448629038426,0.701797833532973,0.14126099832910177
1.8331994452005342,0.43335800571863936,0.36903918507606376,2.1371531247195366,0.278760935538223,1.0845504010454916,0.15376615951373307,2.936632498043835,0.38549823726507415,2.927949367486569,1.6594289757780434
0.3731978651000278,-0.19841186692277749,-1.8950821662591095,1.1953375866579536,0.27385447480212693,0.09265080742568704,-0.5460139213805709,1.5185487042896417,-0.009277350975853915,0.9283248883779236,-0.10022132858467815
-0.3678531015710736,0.01385238014684079,-0.525876826174072,-0.707503421862315,-0.7822059129723823,-2.0279213223816,-0.3830779987279589,0.11855838864336443,1.3920621200697134,0.17016675646013646,-0.22272028236552088
-0.7746822391487614,-0.49231767919978286,1.5362705006111443,-2.2509654810052133,0.8648121703493403,1.0742091334611872,0.9623919126250755,-0.361012928111928,-0.10632132989634108,-0.3002011555277318,-1.0117826533927898
1.567943278085667,2.0548606306408628,-0.07608173504839129,-1.3523022283512254,-0.20900978639312318,-0.82571296695642,-1.5359132546552836,-1.1365559168646797,-0.6189830051879516,-2.675971442112637,-2.9854302179197414
0.7753118280144984,1.2855574212965446,-0.09381315909749169,0.8704617021386737,-0.17481099324419178,0.2268870578072778,0.6810286802927802,0.5457590372116361,0.13634035081265827,0.8104511560195349,-0.15564910545142835
-0.8791681667093391,-0.161440993036855,-0.8478267714178375,-1.2896794230859563,-1.698463105948525,-0.9773836361123358,1.2459831115784463,-0.846365001583673,-0.8149625022903103,-3.2194236115227906,-3.3823405160680706
0.2439329030188552,-1.7408945357379275,-0.27524769089377293,1.0110635497378075,-0.3036173242389607,-0.2746510349835952,0.05301644443088653,-0.407344999810353,-0.9777860549557968,0.05617199014541541,-0.11675068076657813
-0.8801110284890381,0.5623635045494635,0.02429720186348349,0.9057222590418608,-0.5545797257406145,-1.6185996812203336,0.41627692739547395,0.14219913868891648,0.4354168626178392,1.4114043336451345,0.4523227870056129
-1.076167813396928,-0.6888171024070744,-0.3369186983841767,-1.75457836266279,0.01784010066348507,-0.36276385118989923,-1.7336502438191896,-2.40315776928374,-0.3412057392376831,-0.41184210486810446,-0.9192874191719074
-1.279612161010228,0.09968901388031545,0.22302127197930016,-1.3306498468572083,0.037756160264835026,-1.124095248087056,1.8127485729453738,-0.1563895957697321,-1.6164097389532508,-2.461319781106357,-2.058227399185774
1.027008240386013,0.6454243204729242,-1.0371113222612305,1.1289977998548018,-1.1540420719856452,-3.156599002213342,-0.5380147741278299,-1.0566855963178585,1.1497683103507224,-1.3145682193227,-2.0506225620301284
0.5702626558178528,0.39611700955124907,0.06058713011253245,0.7199055688342864,0.6157104301274775,-0.5132572727369049,-0.2981182747461737,-0.9746009449166918,0.466584284436319,2.7951620090918405,1.645431999070329
-0.3117151225798252,-0.2748872448399744,-0.5619205345806605,-0.9939629296370773,0.054626163894452295,1.4660878533955324,-0.2680263984243486,-0.2780463564912127,0.025251886720656702,-0.8912194181582369,-1.575477116117893
-2.71939711122965,-0.4483225274049932,0.1996149030337121,2.1716704361119232,-1.781550524930183,-1.1523845807341815,0.3095917399148279,-0.9806087948252722,-2.7163577609755327,0.02815152778951069,0.9395934821963133
0.4087026660661969,-1.8842174049283937,-0.8158127769894397,0.4916091578013018,-0.9979922399909313,-2.6835541936080842,0.37452943722566046,-2.3302233187302006,-1.910611890486107,-1.4266827429662559,-0.8503899863489668
1.5835725582615625,-0.18467560398193128,2.138124814152158,1.688218006908123,-3.0616644194867684,-0.2080365555732765,0.3536341700436525,2.291380833729134,1.9057288354604607,2.736127808761922,2.4811518866878024
-1.556794220878914,0.7994713577144938,-0.07173235509119955,0.036716061224759455,0.7696225998293482,0.9675764754807311,-1.4676878617579208,-0.6693740069764502,-0.21807055366709438,-0.5205646169585669,-1.3581593482752885
-0.415040277514235,0.7678006769265066,-0.038891388399055656,-0.647498518510884,1.0106801170604802,0.35501879249955315,0.8779103927093219,-0.33792778382880195,1.068596652686036,1.416465764831595,0.5789175658409546
-0.2695341066826477,0.7348210767194235,-0.9009815294544642,-1.3250073885520859,-0.8001040468030858,-1.7105455583202898,-1.3393396162816031,-1.1083932688343328,0.36384915991699895,0.6283448009567878,0.07750513563810824
0.7483710765746524,-0.31624334662090575,1.1251153525883135,0.06835582358562742,1.1119781822357802,0.6223693648269322,0.9352188334019775,1.255481733189774,1.5936548945053102,1.8737641977240747,1.2958085160263404
0.45654245332613674,-1.0385395306236376,0.24412127666455388,2.014098511112096,0.3173457854603704,1.8025316204753654,-0.36549238392710387,2.667323159074821,0.6270457749753056,2.3489104514753905,1.0881546879346784
-1.9146407785374393,-0.20690517031005598,-0.06420683370796337,0.4338763982570421,-0.21275434222983225,-2.1551827009241338,1.668908223456502,1.4534183375741048,0.5433710259535754,0.48558739740755785,-0.46162084376019696
0.6618715110141266,0.09291196688139156,2.293070368421671,1.580636921153098,-0.19964315413432265,-0.203357253590856,0.9563588943070274,0.18302109660209676,0.2442526561895576,1.1806368104317089,0.09773160494176258
0.8783272686045167,-0.20438232529254297,0.900747734277334,0.3071793311059924,1.5686000638884217,2.003734325853864,-0.2245182353114341,0.3687260758977303,1.2291616527929352,3.337673214481375,2.4246476556254244
0.949646455466669,-0.550392880048586,-1.3369812636859921,1.4423880167781038,-0.3287835129051809,-0.6892516859742558,0.7348089173997846,-0.7528039854479416,-1.8050056758419597,0.19847213143468334,0.7628669556532153
0.34989556864095184,0.2783771780609406,0.3420058497505138,1.6176631942898654,1.033726721506568,0.28749510711836535,-1.6362842163724614,-2.0513986136327684,-1.7354967841089892,-1.7951400015248893,-1.348109519636327
0.5713558473045567,-0.219724969066186,-0.5991082780444198,1.6753089357075805,0.08071813906387149,0.07438634264378796,-2.665076316234542,0.08683179910350469,0.4040346155240141,2.7053235773858093,1.5226308550062402
0.539696672918722,0.5197032377171631,1.4285665354491646,1.3659855521854016,-0.25186815723099615,-1.9151028100918353,0.7939908821172241,-1.3135628970273934,1.9653820467044592,1.6456830204841022,1.4689938315775455
0.6988963689338588,0.663971224266845,-0.37734799247504347,1.3945781533857051,-2.0527854931802545,-0.3182185671936458,-0.3041534596359569,-0.5425816254683338,1.0813460347301542,0.12656227500116257,-0.6245129860645036
-1.4340859979197877,1.015330085258638,-1.1427677206126385,-1.446379993084444,-1.5230162789726287,-1.0121611826804222,0.031629232589525436,0.34014084324355986,-0.9257022683430354,-3.5422160183145572,-3.633634127701656
0.009642948823412798,0.6467005675905899,0.7488434333538896,0.2581500580581204,0.9380338632336667,1.2801909192513317,0.31745540577188897,1.0083815540326602,2.930742673573402,0.3489353258619059,0.9053307249638689
0.027517239757721187,1.6368099629198218,-1.1554570917644533,0.47214323116218576,-0.6022862944876263,-0.9171194962570004,-0.2884029556362404,-2.405038209812429,-0.19895497069362084,-2.518497832812879,-3.2128252368614088
-0.594978301821453,0.6172865189933315,-0.2149182167056823,-0.05745936714171851,0.5129963779935298,0.982078814126824,0.23290057726324442,-0.34482364733657256,-1.3107096407755714,-1.7862634553848067,-1.7018628806397125
1.411474728547672,-1.1911122681592776,-1.1255681406957958,0.27441799702174613,-1.9158452601097349,0.3457365234943424,0.7686684935508746,-1.6316266383313844,-1.2074857883684103,-2.158155911050187,-2.139948638462903
0.5996404801213511,-0.8935466549277785,0.5322347913747488,1.8411135431942807,0.13427686893993973,-0.961085852512358,-0.00017587063869867192,-1.0414579402254702,-0.23459676506552424,-0.08800732316727133,-0.9710540367263164
-0.495855464166496,-0.21130740595586342,0.07595674723017863,0.024077695925509457,-1.3067168749079168,-0.9477644376320843,0.4446853948025901,-0.11634877889039033,0.927631313802742,0.39967848406738177,-0.2451123144198828
0.8165186709320361,-2.1147026897750716,-0.5030111053881866,0.5362995947179805,0.9978247882664618,2.4434872502016405,0.4980091888529399,0.06805118886290273,-1.3675550647995036,1.0716322607687863,1.1546848383133514
1.0213444122713482,-0.5120982741188335,-0.38578011048942884,0.2517932294087428,-0.10746372334217746,1.3817546293846368,1.1500681990446844,0.48629030502935033,-2.2464217790383905,0.39592564945370834,1.1687143901696377
0.5513297159301063,0.6678527558120284,-3.016682418033554,1.1947546899621093,0.8550623184724286,1.939999176681298,1.4659498842329786,3.883724188208912,-1.4743121492453506,1.9958230498228167,2.192853508179577
0.732476158973234,0.5556923858684942,0.7456464502573896,1.6312595390975368,-0.0017197652009799391,1.4723069492385745,-1.3639301308242313,1.2141933209197728,0.7152562745130199,4.253611185992437,3.115721101877217
0.21945274902697418,-0.964105425593407,0.4043287229511284,0.1478192737334301,0.8087755255045896,0.983189118296189,-0.6496350052784583,-0.7319675266008037,-0.23793850385092877,-0.5075405292183447,-1.355725910303761
-0.7386002175809517,1.3579134897590286,-0.08639829887549523,-0.12031746267828014,-0.7840261940932992,0.23842944542967703,0.571247870248303,1.6922788598849872,1.5382338684506842,0.6543163698986293,0.2735772312453597
-0.13483334474962294,-0.5455615719421064,0.4495434173652862,0.7288325474198053,0.3893643565349225,0.6571181653242443,-1.2542915548303313,-0.754594396991858,-0.6472877468345752,-0.20169065513789083,-0.781466552883394
-0.2690166467566336,-0.7927487272680235,-0.2351071770463626,0.3678631337010067,1.0318157927467846,1.0377372179597422,1.0499015146858932,4.15034906415499,0.6832632874669691,2.016892014818129,0.8702991682888892
-0.7492164236961393,-1.1210538405838806,-1.2485609088222689,-1.2118605500505661,0.3529552467559667,1.204768607799136,-0.006478481818507076,1.3957930670714664,-2.484255183953652,0.5350547309356066,1.3760119910677497
0.8290958283296482,-1.6351330935187292,-0.5634588902321388,-0.7739311886345839,-1.0331908504262068,-0.6426987047518073,1.3665780024595107,1.0059169376062005,0.7230873285759567,-0.0846166369828737,-0.6692100788509034
-0.8227747093273644,-0.18987461842582468,-0.9016845289734695,-1.9600913051079227,-0.5371553691684775,-1.5956413107297547,1.6132922055341585,-0.9951685764515608,-2.878419434778195,0.21223547449160263,1.1483174446359303
0.7310739166319082,-0.22953164876192872,0.9690722356248819,-0.8155746364067146,0.4436746969441545,0.9087331261853082,-0.6064438115128559,3.677978525562585,1.002204295716271,0.816892700747162,0.049649118201114284
-0.5126395061262339,-0.3842843502380033,0.773191407499995,-0.9168832174717267,0.23704607287545632,-0.81976370001142,-2.981240931895429,-0.6116098604578681,-1.0658269355749044,-1.5428159317180439,-1.5912759560109382
-0.20490730167949275,0.6083468358271084,0.1149274227891768,-1.5026792954756998,0.86250115443869,1.2679207171619349,-1.937816494736131,-1.7551352668608788,0.08573343927183669,-0.42853892397480564,-1.2157183270133438
-0.3986179271223194,1.0419808200284362,-0.7405518603027016,-1.3759736296506953,-1.5796656626287948,-0.753918260119354,1.1250314495893579,-1.8332534863897763,1.2263030137079742,-2.4925824518713853,-2.8870032025768033
0.5825425275999206,0.02736484182484353,-0.32296369965846244,1.4163424840048435,-2.0889034000122706,-1.252619032545694,0.06416762714677171,0.7864231998561446,0.24983253486045753,0.5317503460947955,-0.2698556785951546
-0.4216796874701973,-1.0417765075289693,-1.007348360068666,-1.8038890155409333,-0.02711193369670517,-0.8249050018754626,-0.099578498795244,-0.9869764095015776,-0.534937520258099,-2.392054714908356,-2.799644484221271
-2.24097126329673,1.1517046075052322,0.36017839142836033,0.9498066272659216,0.7112887965207069,-1.1844494488111041,-0.512054529928659,-1.3291438321481213,2.690237497537572,2.8208770155560163,3.1886106482357075
-1.4625106316362542,1.783463996360425,0.3885714858057537,0.1243340952537677,-0.7887227997460738,-0.18026996556045316,0.10514792808967632,-0.446746034001456,2.0692794800148913,0.6816057861776433,0.6576558548095093
-0.9393854775154439,-0.5350890710519535,0.43917995370427304,-1.8366775451962558,0.7758543147897198,0.9997127590927686,-1.8149561941478598,-0.07993001575246739,2.082192228917691,-0.26076392155169437,-0.3639615528994533
0.22084614458051643,1.8464475369089062,3.527251298040303,-1.1890678970629054,-1.4140413118969675,-1.3481573378300546,2.0713052437596198,-0.27220232374302045,0.931917346422084,1.1035093491313301,0.6473688135301474
-0.0792781992324225,-0.08891354040745308,0.2501395913891534,1.1141711623519786,-0.12224188397520697,-2.2478358629663595,-0.4611255698868104,-2.180408196697429,-0.7391462403255069,0.6960157661152966,0.27869718011509215
-0.24777862076627893,0.22675919623765736,-0.2852126149933677,-0.3497153735391608,-0.7076728790651544,-2.3531722012850387,-1.2025492107990332,-1.9983947098494168,0.8004106458367549,-2.2030358833302306,-2.8933344076487932
-0.19480939542748996,-1.7876874326710348,-1.4874651665302168,-0.34697041280356833,-1.0946494474305954,-0.9783101584100086,-0.18463097740809026,-1.7582252912710818,-1.5899397594418228,-2.0599575737576754,-1.618209728780493
0.10192737438920423,-0.6080465708698886,0.6341603433996322,-0.47447703782535233,-0.4736673166099875,-1.801300250435228,-0.07827918118416466,-0.7208302376616333,0.44320433281388105,-1.48110342327466,-2.2250436949491723
-0.34172965572119585,-0.5653458072469376,-0.3695100130912905,-2.47248765032377,-1.5629941868242407,-1.196076099089775,0.5196324627611324,0.6516729677286786,-1.9521508905203944,-5.335752099673023,-4.701444924602638
-0.7467007566827386,0.5013344482322881,-0.5904655270652581,-0.6733196678838611,-0.6220801155361897,0.030059807100758396,-1.6120523821321697,-0.8453862104582294,-0.5397245415056224,-1.0230028122422117,-1.3419578862956478
-0.4551885197657632,1.2306782657765698,-1.3462146599511968,-0.670649682829007,0.19485054795527978,-0.776572581009459,-2.0159223112789184,-0.3089591454291696,-0.041304422803712604,-0.7595077717725945,-1.4862478840566837
-0.16083662745054234,-0.0809818453539002,0.9500715823259421,0.5157009788210515,3.8383094719611535,-0.023595927697346086,0.11432370722883367,2.4358007307940044,-0.44449044310947505,1.5252122848510274,0.8414905848697309
-1.0022094616222674,-0.3685730973308301,-1.932219600850353,-1.207661910240749,1.9372403433913072,0.5051528921712294,1.3378620876237197,0.483645719571006,-0.8497644883896011,0.4778879682855661,0.2580460818462613
-0.6244871127742121,-1.2232732961722759,0.3566997398955886,-0.43856584855924163,0.6162911000899001,-0.6444007230223856,-0.027946391439284513,-0.17656888122563133,-1.5713191989264548,0.37655331594959696,0.7302144971760123
1.092412851904869,-0.022230311695625084,-0.7614076954368653,2.2379770921760676,-0.916087672806892,-2.1560211253880155,2.3422623308382335,0.14747660867186396,0.9252434669142805,1.9810341389579054,1.0442275140223067
1.4383792647688545,-1.4981939895046816,0.37291553379312914,1.9555188262664458,0.03316578571412765,-0.5299936056811101,-1.6688883937278824,-0.5639326557956813,0.005632246424739029,-0.2166719897848597,-1.257812498862772
-0.006153701323057012,-0.9841974384957117,1.674372356284107,1.3069097887655599,-1.2244229578076102,-1.5763887025934764,1.6359574344316892,2.6479577092624105,-0.25122836735508774,1.8450682683159019,1.155269502025284
0.9000468942052263,-0.9811498507946703,0.7493125389790052,0.9450865063120156,2.663407804494109,-0.830314097980273,-1.7720961493826364,-0.7814098507696191,0.5005538146665135,2.965907629600748,1.5117099262753722
0.34774516473135436,-1.2109166721914701,0.3235734320831994,0.4328888869057741,0.23831208662193265,0.9123948962757669,-0.9688983404346433,-2.0050967349039386,-0.6144628391415852,-0.34731746991986223,-0.9050394185126239
0.338960188747702,0.4879131854722172,0.5252880795536667,0.9415535599533998,-1.5287726096590297,1.3520109941878482,0.4515089292916212,1.432269358108445,1.6692438742465687,1.9256334459153526,1.500300574334018
0.5793745040162551,1.5234797856517563,0.572940666244408,1.050210186418641,1.434108230614763,2.0455067192414096,-0.34992083200832,2.9067467135153726,1.979789270941394,2.157312712962584,1.8900206175126637
-1.1684841575093923,0.01355250550611204,0.4895519770145513,-1.3708261116571827,-0.08306469870849653,-1.3609159249859974,-2.5662188368325944,-1.7020766253176314,-0.9986427455787029,-1.1293622646522095,-1.1926753298735826
-0.49582437668508084,1.9311100827242762,1.6899785915118513,-0.651975811404795,2.212223256953391,-0.5492963554362575,0.9492663518714127,2.707139132713191,1.0037923882628303,2.3182769084010526,1.379072503560016
-1.5847675942657278,0.1407774179741315,0.19638287501771232,-1.3579849325778883,1.9136592090384514,2.42246102547481,-0.7183344854551051,0.4998327573959291,0.9541862902513534,-0.6793076553750639,-1.559431859266244
-1.3856043188599774,1.0473867806639767,0.3185190941240861,-1.4396853622213257,2.126568393681264,-0.8438419193119773,-1.6239793432796619,0.9807268596407077,1.6275212980384857,2.1916643720707976,1.7909738704351996
0.2507727707590303,-1.268645300877193,-0.31166023369009965,-0.33951313883245465,-0.7307307262983588,-0.89655785577031,0.644007821301459,-1.026900118968347,0.6019283476278801,0.6858428456810661,-0.031807952015789454
0.8457481333255328,-1.1572074737012217,-2.609855807849366,0.1917367661069438,1.2806426607977555,0.3682238583094367,-2.2759895756915163,-0.1718532960559686,-2.5046340242183422,-0.635673931678945,0.21014159302462532
1.213206222288155,2.5171678234813206,-0.08929457104328307,0.35525580660702855,-0.0794384957773723,1.9546104761919763,-1.1942908865870598,1.748485478994994,1.1401251573471982,0.964430866304688,0.1697668758538831
0.9103863674882094,-0.6212244323205091,0.6100752228706434,2.2026308107381385,1.7893848115031463,0.9321283866089274,-0.3494877172390039,-0.5301871738273166,-0.4210567166801734,-0.5824327204875059,-1.3820751518807315
0.17704677586613543,-0.3333686724387029,-0.876280712044568,-0.07016180843188435,-1.244213921257964,-1.5064945818685567,0.435994430467754,-0.5321056570956632,-0.8152805531808007,-2.8064164191052257,-3.010812998086002
1.107229632641855,-0.5719027824023694,-0.17619699765360874,2.7446724901502577,0.6501289216479651,-1.529419708771568,-0.11494974246462175,0.7716235716403423,-0.8916038772269889,1.0191770166141896,0.6977321459026777
-0.21320103778672136,0.14354130185581393,2.1894788111000976,-0.9630733263672422,-0.13734065335761592,-1.6941413277142456,-0.6802209249959028,-1.2835532689883977,0.17429602858709325,-1.8391311508195685,-2.5317625860400534
1.568606329567098,-0.6620282280983049,-0.22841959437012047,0.9308689484444999,1.048786316477427,1.6465541549238951,1.5137172006791149,2.3637272367268762,-1.1711997440850164,0.8186878728461056,0.720144316273325
-0.09525547305148982,0.3128107218311121,0.5851628584499429,-1.2006820795847293,1.2705972152423226,0.3531671742247945,0.7246674369171187,1.1536163731986389,2.520025873388041,1.2140357041347114,1.5349653149723779
0.733695024852866,-0.5417302261480644,-1.6623786569586585,1.026853507123127,-0.218518454672821,-0.5667034003755911,-1.6118262815246809,-1.556436509550613,-2.0126542495027335,-1.3098682023191754,-0.6292337715982719
-0.016392980485109666,-0.36582596662547034,0.9541022633730709,0.06178415041637185,0.19383884780475613,1.228181982506611,1.1701503377160647,0.9650709548601626,1.1894075341691281,1.1369101551634158,0.36454964223309344
-0.8033719885289572,0.6415636734924904,-0.7578372526633794,-0.37297821843414647,-1.0615057289933458,-1.0053841901888225,-0.37011696675340466,-2.062799009639,-0.7314403414700128,-1.9945753706114666,-2.205221540501003
-0.9690442813323861,-0.3815134384140023,0.8814374835567066,-1.5063802457092406,1.988636101752088,0.955250490907553,-0.3146152216949769,-0.0901114335813279,0.4107614233290271,-0.9579690513519283,-1.9497618771994447
0.9904707320459085,-0.9305627937142136,-1.9360415745016506,-0.7705057293820717,1.9212322644758526,-0.7371658891591113,-0.9048950118395872,-1.1619686502315458,-0.4081667306941177,-1.157134295696756,-1.7557451427167048
-2.1085319543263563,0.03759195607706037,-1.5303296217850726,0.3820796318466509,-1.3907647501111042,-2.68261346029501,-1.1350409745341494,-0.5597483886517702,-0.9883289690091536,-1.1544771702018073,-1.3058596939775096
-0.36916425057414104,0.3423245686750076,-0.10968922070306546,-2.2060639204056116,-0.29131401632012316,-2.656989202330827,-1.6409439611446164,-2.022097316492734,-0.6145492889494601,-0.9982397377193781,-1.330536461155219
-1.5672148219837982,1.0838908138882735,1.916149910715819,-0.22027005742191214,0.05854033598675179,-0.505006603767288,1.3396254337742401,1.3253601484136266,3.0580777362295644,1.6216049265456343,2.3359815952791623
-0.3159581552439675,-1.344560576936966,-1.215763032085268,-2.4742808088315815,-1.0963065233774163,-1.3952290718899358,-0.6639362603635333,-0.22063552428052313,-1.0924260889970419,-2.415728355098758,-2.402223069091681
-0.19587073068474725,2.0656255374679686,-0.0811956470916901,-1.332239487209621,-0.6685497895241844,-2.3681094450284657,0.8778316106298296,-0.47653651575280365,0.9826769800393892,-1.3260174955070911,-1.8461486462687686
-0.9730873516448194,0.601559108702488,1.2050279908626993,-0.8284487873553846,0.5608069809899056,-0.22792374894181477,0.49476739040775325,0.9197479570718201,1.7387240203845429,1.569694948039424,1.227216559693336
0.5162373419286629,0.7183872945339456,-0.41925163065609733,1.8242820378785214,-0.5626264486894156,-1.2751418484140555,1.1423294669122166,-0.19355922050748195,0.5463359644856747,1.3224401278067246,0.23762993127128124
-1.4804136393699399,1.0296729809914844,-0.27693263773158777,-1.5214952643354083,-0.8769324580102072,-1.053665680934012,-0.64099336127402,-1.5673937871685957,1.6373649062740632,-1.0487640475979196,-1.2915439435872886
-0.19674482308237234,1.2539884110778448,-0.6527051286335241,0.4740427606000102,-0.9663451309056393,-2.1619574790483167,-1.2467546827947533,0.3907056596266907,1.501328115004016,-0.8432953760833983,-1.334784704510239
0.22913286177149686,-0.5873884919594905,0.617618094326175,1.1791344112144955,0.5752039605324779,0.5051983942730784,0.7992107274536904,0.019903392632165007,0.3669261254242063,1.4309007049003692,0.2267900148217083
-0.3699719036869279,-1.89914365405404,0.761945685292266,0.03810680577955805,-0.370253492814545,1.6064646943123846,1.352052117704134,-0.28857608069061724,1.4386342028019001,0.5034970217465938,-0.012197434088732403
-0.4755848063945817,0.13085357838932885,0.633569838607171,0.22246847403719472,1.3835407882104582,0.5720547070669668,-0.06852513860029896,0.7396438256755281,0.30735122322842506,1.8563402561629,0.6854003562923769
-0.9532478101568927,-0.08592098369398411,0.26231378244647124,-2.3427344093002276,0.9314794549284098,-0.2009253444235758,-0.3938618866272632,-1.4023909876505978,-1.9755769037053008,-1.4443778568000647,-0.8210481216582282
0.9610393072789011,-0.3683070870601388,-0.17182671836614852,-0.5462535759149555,-2.466916982728545,-2.073240280933959,-0.8196426055351889,-4.102969074919423,0.914694351408682,-1.1803971765022587,-1.6608194092447124
-0.0066699291693503296,0.9061032996963418,0.4163646394229355,-0.46203649518255085,-1.2543362453866629,-1.9417442829192382,-0.6243341149037778,-1.8521472922166926,0.157589313466435,-2.303169764844481,-2.8886962319129137
0.9148383561013567,-0.8888442092544607,-0.23557928813814039,1.9776645900778926,-0.6309633941590372,-1.9319606570528567,0.9139933673547397,-0.20270829554060188,-2.227165652030126,-1.0485660799566816,-0.23911397782513494
-0.7304401491986839,-0.6669485242394204,1.697467022725527,-2.6277719372156936,0.031417420296312525,-0.8029657277575901,-0.9341709653010543,0.6347240820550035,0.8622152922981567,-1.9374412291742422,-2.5153527447958552
1.1554972234670398,-0.7865074573437452,-0.721032322516144,0.5469516167168889,-3.062461391598371,0.4580553825124666,-1.5083774775030097,-0.4563416504424746,-1.533633200626178,-0.9652518312307747,-0.6968297261967253
-0.8636721650526962,1.5686310978668678,-1.011937216970446,-0.7467904873256382,0.4015011314918846,1.3737398775103795,1.054038172715507,1.5374387783331713,0.22256550834566355,2.3010374554530477,1.4654450931175473
0.15903594312215819,-0.21137944193033503,-0.4799404756916169,0.9967236504090621,-1.7136354829199738,-1.9711407346536722,-0.2605508884465486,-1.2997431687529581,-2.0166803847279016,-0.7352049168782934,-0.08600650717219083
1.152145146031712,1.2724596049174723,1.0311272364453428,2.5352039405588727,0.4036524659566828,-1.5608716606813577,0.41063934924703355,-0.9700891343544003,0.8548045586244677,1.8413929463744036,0.615838837326125
-0.202271662864361,-0.5746274742863264,-0.2922413065034588,-1.1007484980481435,-1.503866871102904,-0.3481885780854636,-1.2903343287875642,-0.40942209322926104,-1.1818877334863327,-1.7750421090927164,-1.668167831660789
-2.0100999213719546,1.8982231902039657,-0.543710118694712,-0.8378324088257256,-1.0770811831185194,-0.8969392395334668,-1.955391046272076,-1.357519511935414,0.5134635478506824,-2.02886750235466,-2.6100890982817493
-0.136896689532168,-1.2184578283051117,0.9675212234014376,-0.690281015142896,-0.15486184767652178,0.6531264512870485,0.1712233803238159,0.6752333912187422,0.25973993546669055,-0.5569739274568992,-1.3040689742668787
-0.021747864255268024,0.6398870100655942,0.15299668703262892,0.22983317364933464,-0.44198979881536904,0.5581641514304542,0.32734827549450746,2.424536688794156,1.6572952740698481,-0.028502896641882103,-0.40975543718340596
0.16780097179540493,0.6068185310785469,0.303163163165305,-0.605967243648659,-0.8909892070837222,-1.3383264346589396,-0.764747542089093,-1.0441720596645234,1.27341934635926,0.11636038227938261,-0.34101933001832
1.6087674607228084,0.5490473990390409,0.02703643390346928,0.22717025984819833,1.8388013268944234,0.16183815572606353,-1.2761938950037393,-0.6875402710677725,-0.09900758125069697,0.1392840285585354,-0.8631682507255147
-0.5799850897963755,-2.1489456405818874,0.1584145428639133,-1.8851268660092555,-0.1500830494352131,-1.473036790414537,-0.23002906573974702,-3.579539911600187,-2.712989411468972,-1.8454042706535758,-0.9089584048123016
-1.6676370273015235,1.0744621580350628,-1.6075752086326371,-0.1367017304683801,1.4295187946728474,0.2872387256092681,-1.4305483056968904,-1.7367144074437317,-1.1959968846310849,-1.5959231259071063,-1.5666089316789986
2.174620772658227,0.5333534814732631,-1.69682592385751,-0.973661816044854,-0.5443881208703842,-1.8702279525742287,-0.14176664186852733,-1.9672425253616235,-1.170188401225917,-0.31828112479244997,-0.1767173501541901
-0.20108280304093798,0.4428556521226964,0.06920611120497223,0.6983828492888645,0.134340073504583,-2.0499593721744107,1.6233979460100711,-0.9143726580692892,0.22088592863690407,-0.6215714115127309,-1.6450184245446091
-0.5491144009668345,-0.9276942543803338,0.13796655973301972,-0.29476096843011734,-0.45349214547499334,-1.2212994125104837,0.6665505801041964,0.7354629049132542,-0.8099816085012315,-3.3005287386617423,-3.4764009751096685
0.2411891395451338,0.7357358690237178,0.9368736806091484,0.6299761258950847,1.647577874770775,0.045805389123262596,0.09543829810386073,1.654468366810822,2.4258715211396527,1.92194985338076,2.085295896222307
0.2571116434848607,0.5863764515276089,-0.23221296806125227,-0.776142807317681,-1.592528167451438,1.0038690626282762,-0.18208723772570934,1.0267930503073006,-0.35166884216634214,-1.893995201852359,-2.2862465147460616
0.9126882654091669,0.9828929337555371,-0.9591152698235038,1.0075011483054734,-2.043736491524733,1.8927481614818988,0.021151707223890148,-1.3183264862753483,-1.5379362828714132,-1.7525632015585462,-1.460791343888727
2.6167847599387333,0.378511125145255,-1.1987618981272445,-0.13005616881956505,-1.863622140350435,-1.58545477146447,0.038478794513637116,-2.3628706382940563,0.07224001027653393,-1.4682614795676394,-2.0444414040126344
-1.0652800414299202,-1.320806280305759,-0.10331492682053209,0.57224277471029,-2.3114134266157276,0.4529967165864214,-1.1026731521239082,0.0392521468341368,-1.5925952045919805,-1.6479250896676172,-1.3290927471401195
-0.9606158300695967,0.6321030798710678,0.1626393728316739,-1.4858162798943448,-0.391905637180131,0.2832276335216505,-1.4548278144628863,-1.2920791034096777,-1.0705446389582707,-1.011235382670212,-0.9794899714407809
-1.3995365517348675,1.427583504086742,-1.143644605507117,-1.701687970518587,-0.07616155866267071,-0.011029797994204574,-2.23979145071158,-1.8135650644925159,-0.10013472154576696,-1.6585407816523516,-2.22894760783353
-1.0566779162644941,1.2388910855356143,1.6824638838967996,-1.3919527958534328,-0.09202579939373082,-0.5788140445252089,1.486918106476852,0.5938176541362437,2.5536996125022338,1.0233829903868115,1.4007954813608476
-0.26178261436001266,-0.2597309801856119,-0.9761056745504625,-0.797118686020923,0.02755981478171876,0.16340376502229714,-0.7850549678070028,-0.7001554935492419,-1.374927141193302,-1.6131303597577493,-1.370976392619574
0.008680607035350044,-1.6873925901206728,-1.1846641051874511,2.3148762303166484,-0.9423475496660734,-0.3616861322617352,-1.1801341135974002,-2.4318141200977754,-2.665150262984352,-1.2503653639785015,-0.33593266979900754
0.8328128844817667,-1.0819828833721008,0.5357766056896561,-0.30774376431006123,0.9118171264560648,-0.8149534769043474,0.6062895589992455,1.8942624961208268,0.02305283619126014,0.6032605199978751,-0.31859471864718125
-0.02962079194973957,-1.1916276149979637,-0.3050113227840326,-0.5139663840612848,-0.7734596754495291,-3.650453880356123,-0.32121279237139044,-0.48338956666656274,-0.8618306767994994,-1.741959665136862,-1.839180348254511
1.415616504655645,-1.4299132144335551,-0.4113723935045009,0.8936911962504153,-1.656595681024148,-1.9130487028987364,-0.8273083621090489,-2.038759260973367,0.191018464621592,-1.311638882883377,-2.079395200756322
-1.1109731367814144,-0.4159843527706998,1.3475954493798596,-3.4282838951461976,-0.6249816906266726,-0.2941337558216694,0.39970175651186446,-1.4666638277592425,0.29017264767382234,-0.5816695289182461,-0.982102671985731
0.6421645661536826,0.08877044176674159,1.2451457114076032,2.224451693066173,0.7289408388741121,1.4139035087367837,-0.3172521628406074,2.062759873950216,0.2059348746767512,0.6680889221742037,-0.6278190435598251
-0.6319616381023397,-0.7587334325817872,-0.3033617664140862,0.7220577362048746,0.5944721154063726,0.6806368523407765,1.1382738308994274,0.5230031926335614,1.9978070596649418,1.8066140622850835,1.523216792603395
2.3045086260903647,-1.572671029111823,-0.846904945449995,-0.879851015766326,-0.8630218682725288,-0.09082771205744378,-0.10463302666524577,-0.7821169582753515,-2.001076868763974,-2.1508129976357204,-1.4390180467239646
-1.0057636069662388,0.35072685517652413,-0.1482332997130052,-0.30508209372809014,-0.6299765992144117,-0.9242532251043153,1.9218225061613465,-0.9253593749543587,1.362475857670428,-0.30482968728379933,-0.7785724814263717
-0.26562339471237983,0.12746732141021416,2.2727157531947477,-2.053807199445898,-1.0668130951992765,1.044639481883922,-1.097097931277528,0.2341412917277445,-0.33603868961309624,-0.5601862518784764,-0.9405106193365957
-0.2388411251440501,0.4135986077154299,-1.9024576167870826,0.011843878425263021,0.1575643611483961,0.8431174391008821,-0.8958503614856288,1.954909411585491,0.331480209988245,0.07347673968898522,-0.861418236468683
0.008542940390045045,-2.001303306345781,-0.2826827012052051,-1.7239977080351625,-0.15568371505538114,-0.12331471431971315,-3.0430675445213087,-0.31941189618425747,-1.2289776600159097,-1.2321087357287734,-1.11468355676866
0.9695751623079287,1.5490009278026768,-0.0900531272262613,2.096380402915713,0.3432831216389547,-0.04535006070556019,1.5596982771831154,0.5045320568664895,0.08863014701247207,2.5694667055685385,1.4121550050200127
0.1745979411897525,0.1202053552234873,-0.0711435812973197,-0.8736039996857793,1.3285407339067354,3.2993554010320985,-1.519837400207908,0.7296816731875579,0.012063233933441813,-1.4679517237651136,-2.344952730396243
0.892589926941977,-0.29259935439194273,2.7963782132730977,-0.05978818632265859,-0.8592902966996623,-2.192285685727578,0.69758695258262,-2.1557391126825394,-0.5733659776881332,-2.0407292898093274,-2.4057145783567906
-0.08200231458679,-1.13910030042918,0.5061779739046506,1.5078984779729416,-1.3826431335480684,-0.26146585129822664,-1.6549961834947742,-0.16255036388984934,-0.5419472897923662,-0.5633349743148347,-1.0661509223070988
0.7787931622342795,-0.3223472710611783,-0.7108301577953939,0.7439713071280373,-1.5966891884745298,-0.9055672562149149,-1.4279109817663183,-0.14810562530447813,-0.4123591546342165,-0.8617928419827459,-1.4375268623318094
0.981150026938452,-0.11339429494123034,0.18533659226084495,-0.7924080769517794,-0.15200438718649795,-0.8620245429779915,2.276609164117179,-0.4601087086158308,0.34995438716920957,0.8523078882366384,0.10721662521723818
-0.08801221401372544,-0.19014328865880278,1.5566873196217224,0.0557597268483109,1.3456101355544887,1.86125190148799,0.7625644472795212,4.027817443589926,0.019594234874906746,1.9905906056906564,0.9643165969924667
0.49459299614633156,-1.8011956999242127,-0.6589621635199063,1.767412961238068,-1.5056215118287164,-1.1591792310274465,-0.2810863955265612,-2.344814990471031,-1.829521276989197,-1.9757313100620033,-1.426519940033343
-0.5415278145079548,-1.4631449716058176,1.5521400537245278,-0.6545208212628248,-0.06037727701039969,-2.0060875746817217,1.3313081569343992,-0.17147518558052688,1.5536483819893387,0.9942350727133531,0.6018771098854858
-1.3531393794984343,0.7209123192262529,-1.3472798186606132,-0.7991228241594099,-1.2096292651145533,0.22216108123561717,1.6154880679790324,1.1780247411322082,0.08188775865907638,0.051647896560263584,-0.47397357513447225
-1.178053303314894,0.3780384687593338,-0.5761558192518174,0.5191878593938675,-1.374491809934555,0.4818785209219766,1.483490113811286,0.19032554750530276,-1.790884787604539,-2.9010409930313337,-2.419196674148684
-2.0529946007077484,-0.08869158192452664,-0.0879685163232318,0.5166541528235882,-0.06398822504230575,0.7473652601027663,-1.0358719357211699,-0.3260943821450238,-0.04898209554816872,-0.13183324643069388,-0.9970872450577293
0.02246928572219363,-0.9095702267905718,-1.644557121788173,-0.003392634024224815,1.2968510863885787,-0.022973124476450724,2.478592704072295,-0.8829411621844268,-1.8580584223289565,0.9111481207765921,1.4685399045291432
0.4435976065203805,-0.6165129935254507,-1.393564146551885,1.6572215969043167,0.8026834565494728,1.5354139709620198,0.1368597620092986,3.6067728175075304,-2.9262402947152415,0.4472752662108501,1.3459269774404232
0.10369916449502266,0.928884539082772,2.2608610284389825,2.2150718362348663,-1.8095331226461913,-0.4479592554282867,-0.50037315924745,-1.6696528818335505,1.0953414982631395,2.984872939598088,2.2099332094857917
-0.8772991465156066,0.7759292660960689,0.8495877575133595,-0.3935251023869394,-0.2347833897772117,0.037067791892979984,-0.04053850035843676,0.6625792103386965,1.6257344631679471,0.8347777602624644,0.4991321257394911
-1.4197533746569955,2.1237915449060827,0.2832169134596401,0.020282733445410206,-0.3730991506209285,-0.15606742827191794,-0.9225439693492077,0.38673437570529207,1.1937162753223516,2.780940887545749,2.1221543364330406
1.0036377831144725,0.9077342344901167,0.39668567847399466,2.6106479828412463,-0.2515352167688887,-2.099010496817955,2.1340740591475154,0.23609245226422204,1.1129678596679136,0.16982616328579314,-0.7381216509870301
-0.20777883378246523,-0.056753432291497055,0.12127689012620037,-1.5201783401475386,-0.25638949346017065,0.08430858801225599,0.9941867558914769,-0.2615777469936207,-0.24538409240972864,1.5381571557591427,1.0436039303157671
1.0978148588216916,-0.003724967999205315,-0.49332956910118153,0.9831600880537222,0.2674067187502467,-1.6769587264993016,0.7452713564561972,0.49200772082751065,-0.004506991634852631,1.531248028149022,0.5231302999341154
-0.2708791104739006,-1.3125649097459016,2.162655159883226,0.4494013434649649,-1.4436220675428988,1.496074567348856,0.8646394175202147,0.6832439269643995,-1.002356107082377,-1.2916080617631673,-1.440986935514668
0.35111969341249816,0.5490104805835512,0.22190701291403245,-0.20794268703744434,1.5452713079657603,-0.21047975126482232,2.210763391467923,-0.0022831304364717697,-0.17845523339973524,1.3046017783178427,0.43977889758714606
-1.6570432345535342,0.22957124362938017,-0.4349393673868859,1.0040656231558307,-1.6566838490423286,-2.3404232264512044,0.9258688733473012,-0.6256170443174554,0.21379296629627437,0.2268942249297694,-0.5588184134004441
3.0980757472742044,-0.5274139402344077,1.1260505094460989,0.6660323765551577,-0.8400287781749921,-2.3281930603192387,-0.5933779740251903,0.1476252413132666,-0.39545106505341293,-0.6095763453809385,-1.1925690604466381
-0.55768554422668,0.713982578587922,1.0445293788520142,-1.4757663753757733,2.350446985901182,-0.2099655495172189,-1.4843113190091,-0.8350618392925557,-0.48653696707599203,-1.8998222119074561,-2.4011229859357353
-0.6582148537589958,0.3887515523771883,-0.18467914794915824,-1.653266716701282,-1.3704807596971582,-1.1822106190720265,-0.8237906035318391,-1.3637727627626133,-1.4615021984511078,-1.161933762475585,-0.862505890281374
0.45480221921574154,-1.0084995341750078,0.5301094900670384,2.019588249139116,2.4180337006086763,0.9480759618713632,-0.3359861363699731,1.155437958869275,-1.4416553965987333,2.52220347724189,2.7585231579537366
-1.1419354326628475,0.4716591088290306,-0.8037807695543443,-1.165075245954956,-1.4942199680856525,-2.177814476989487,-0.6430356901894881,0.06490793779382209,0.8405278267548013,0.046042730178538216,-0.41313010467619327
0.8668585609409981,-0.2368407775851911,-0.6813328890938901,1.761015011040055,-1.6579448382631679,-1.990155736064611,1.9968150911928952,-0.24697126845488546,-1.0426821991856732,1.2792816708220482,1.1800973215150148
0.32509280194022655,0.6935305897059925,-0.7185700056423563,-1.6317933291785751,-1.5344626467116302,-0.22990558287297558,0.4825177346346715,-0.0705479242375453,-0.01789412283699421,-2.3476193159899212,-2.753323219910314
0.07698399290333584,-0.2903073284457522,-0.7567616230790822,-1.8568516661561745,-1.0307932323152436,0.43511427203466646,-0.9639496545797901,-2.646895909486538,-1.6992510876618783,-1.5694010117115804,-1.084616171081951
0.9243553357533707,-0.4303837636106022,0.3356332165656552,1.080688796749148,2.703912747603596,-0.7951423456788024,0.7838975952464743,0.2708193597446546,-0.5505927456846933,0.6828947426391296,0.03329174201110996
-1.3606394399530661,0.6890599508683266,0.7155147406094982,0.3075665907943803,2.191406227245345,-0.8474635195923328,-0.12301419289433524,-0.982809477494284,0.6233655270099554,2.149291947203979,0.8551870822876292
-0.9183783213058707,-0.6098507033368895,0.9505572613770434,-1.2364347884126394,0.8508016531821869,1.2751254075846719,0.107062934271978,0.5580694664108572,-1.2185240742940056,-1.4097150378831718,-1.3670550394133973
1.2186905797315322,0.3583294010122318,-1.5068638100456495,-0.6694278262178905,-1.5500366135974895,1.4627112105560336,-0.5598166129190456,0.3318002133105359,-0.5647497363439873,-1.3823902574268516,-1.684952731109748
0.25312083126180196,0.12202727684217515,1.7859702399806932,2.3532902341392146,-0.3652941440426354,-1.0068350148474532,-1.7661403815058252,-0.6056224261692005,-0.4647934332609982,-1.2146249326213336,-1.7939830572688331
3.220016856250057,0.7700288685265698,-0.2122639218077162,0.007743610809182955,-2.5475568492777416,-1.4148559791949893,-0.33467679380962556,-2.861973428859027,1.3665536062500392,-1.3455620540620399,-1.873863774889074
-0.6352706426771538,0.5228755591523979,0.254007105609553,-3.1194713823949387,1.3326111733060875,-0.2487077514563949,1.8570764039432497,0.5378671957971387,0.4559995470695384,0.17854469802169967,-0.5757129771028173
-0.34619100227496313,-0.20697907930574627,0.06433486456629008,-2.1806696682793465,-0.46762844132338605,-0.9716242667626289,-1.6346654555204791,-0.9721936831350291,0.6698683766075861,-1.0619292423642333,-1.572762393815333
-0.9724648470501358,-1.0335767740200166,1.628632398301497,-1.6316662960873343,-0.24243278574466984,-0.676780531419261,0.46309426919132574,-1.8860286212774153,-0.6243814683481861,-2.652745591477529,-2.9629052484541343
0.9292064814714595,0.21301280259156607,-0.01889580419419132,0.20505835066637657,0.060874592475642975,1.1602450108675806,2.470129999796796,2.1965830671373454,1.2006074893594176,1.3004737877918713,0.534799708534223
-0.7915429918061598,-0.9014692507469839,0.9877450302898134,-1.3811322023490864,1.4250589920287777,-0.9780048439670171,-1.2862515763595934,-1.287593767419203,0.8820832808812331,-0.24568626179132513,-1.1197727745300445
1.8968750710461295,0.960122607815852,-0.538692000096964,-0.9323570837424218,-2.0023118454122746,-1.371401587341566,0.9862875433225167,-1.8569920578799222,0.9863556850099027,-2.7223993011528846,-3.1681251603293283
-0.4752517866461878,0.3966511376044672,-0.31491104952151483,-0.6907211761100607,-1.9500816276793917,0.3574927119985356,-2.303519158155871,-2.256117943055215,2.458841602381677,-1.5017882396301958,-1.1779250242595978
-0.8159121743420963,-0.030278849090512695,0.8253624454301399,0.29173368260829335,0.8833856422484451,0.7645077745195837,1.2747146931921958,1.603995316619622,2.0584576469061022,0.8049559003247266,0.6096775134377777
1.6541218953453047,-0.7885775058267759,-1.1561931000947177,1.0916701737437042,-0.0806573348028492,1.436994027537068,0.24280887779213212,-0.3876615893560854,-1.6984573335761262,-0.598029937346356,-0.1582332343231115
1.3267424765929137,-0.07811664360394245,1.0121578324029032,0.9394513301676977,0.7599278678274526,1.9329637439211087,1.7335555627615857,0.9360363570464734,0.34251994585014667,0.8764624557022997,-0.32134311846717123
1.2609934016308608,-0.8644578394397664,-0.21581649171634354,1.1335834875671589,-0.5188875953544902,-1.5481583941830992,0.06475784829730655,-1.849339703729807,0.3415240690515319,0.09657134669202755,-0.8930861409249441
0.22156175405610185,-1.4825127623139118,0.4718310471526227,0.24384053814895104,-0.9146304755978412,-0.39247616339831726,-0.14693485806262296,-2.6526398087192904,-1.1650653197823018,-1.3441361999111499,-1.3134973467887503
0.059733847094458115,-0.48646151546289496,-1.4651379237679991,0.28624667023852135,0.9294923803979165,1.2084543676786437,-2.127053978005177,-1.161299958762197,-1.0498513014293458,-2.0748227773867676,-2.275608591878096
-1.396443669234893,1.1991585319674873,0.8777872699000743,0.043057031530100875,-1.043171252028484,0.04863505234961207,-1.8138593128145728,-0.3749915978832977,-0.8890159887866487,-0.6330324393778607,-0.7934428620663238
-1.4257920449792456,0.3890908355827384,0.24048704017098077,0.3724508851087128,1.9796049277930439,1.2695848998265387,-0.2402457750505933,1.158343300255829,0.9064678552282008,1.6741080134113366,0.5098312925681816
0.7771264606665453,-0.13933336345544275,-0.7052349260407571,1.7491563157143146,-2.8077062799185675,-0.6817219690162596,1.451762365386017,1.2909559693110795,-0.04273100422664056,1.4248913312686877,0.6514900621744937
-0.4172493136054076,0.6627218891546132,-2.9608972358770678,-0.7870334309216931,0.06751086689737729,0.09756156002060602,1.5771238267709797,0.4734032796854474,0.11498619055629439,1.2233539012185224,0.4826630916980632
-0.3342350790609261,0.8710755493562359,-0.49528965083132825,1.4668477718056236,-0.6889124259725306,0.7784598102009459,2.3814973826350503,0.8437555205702301,0.964979335544725,1.0626682734912685,0.16117097815258466
0.22178627272628165,1.1048621554823044,0.5524115238213464,1.0220858976209533,4.156423823764307,0.7361199089850661,0.5771500597920546,0.8342961968348155,0.47227192459888645,-0.17636843903654342,-1.717367436168646
-0.6092454418625175,0.9470770224697678,-1.194108859344887,-1.1450983898916907,-1.5603983291657504,-1.145300844626365,0.08802739433086337,0.4583444066211537,-0.48577265306608464,-0.5593912971817057,-0.8809403583715927
-0.10187119415078331,0.9696920369908978,1.4476863912613136,-0.9060691237619649,-0.13509411808166905,-0.4362911196849458,0.18281506242331808,0.5099900187514065,1.4150458710548273,-0.025057685175600586,-0.4766376789536916
-0.9018968761053092,-1.821988119187844,0.23715953556502237,-0.999839753461998,1.2368966978888927,0.8011451186029842,-1.5958025166719518,-1.2998551597799208,-0.8182944596280428,-0.9660943562356146,-1.2402758759885733
0.8308611464657935,0.458792330999621,-0.07306477397948641,-0.002500782710669003,1.095064450988372,2.723884946125372,0.8845592241386067,2.297525594861068,1.2867974558443418,1.5898092164246678,0.7805053498291319
0.3582330354287655,0.40538731783772913,0.3187604832934718,0.6219819795775916,-1.903799168890498,1.0900287707766534,-2.166547156021309,-0.8942910297665737,1.109523461307011,-1.643656207042804,-2.3162168134846888
1.3686787385508494,-0.15707796212322933,-0.34188041574889305,0.8680295899096158,-0.6097236318995427,-1.5664925538402967,-0.8174542678842864,-3.554205628447784,0.4051368008395155,-0.457204040075842,-1.398361711863669
0.37268588577140876,1.0045783921233724,-0.4632565717909946,0.89490697658191,-0.5640043005492698,-0.886588658548472,0.24522670338495345,-1.8971573813390104,1.096393212363807,0.816019254631245,0.011788315866290783
0.24174393326291552,1.0402460777852507,-1.7675277203327584,-0.5943109491803185,-0.4997391313477002,-0.6979905103735421,-0.38063971149947085,-2.81382639833027,0.08911637947205686,-2.6419120900257447,-3.2985203603703135
-1.4588860864180835,0.887981374685696,0.1571244883724037,-0.16632137648956918,-0.8010976389563613,-1.249171040091532,0.680186656700298,0.09362018132315786,1.6451342169215897,0.15433013101678233,-0.145350571582531
0.5510532139255303,1.2328357490479613,-1.1951360634822896,1.313360857741994,-0.5830054041349139,-0.4940974610682743,-0.6231259226635889,-1.6133991366102278,0.4951700928085048,0.08466224581180981,-0.9316165795539072
0.4257902390352634,0.9544888335780382,1.3759836829864909,0.8567924280311764,-0.5401852454126056,0.023736736628574118,1.878080601581172,-0.03472299637910664,2.7077706972284425,0.36644481186183264,0.836609252043763
-1.8010730929503507,-1.0052370263555712,-1.3481123174802505,-1.2692928458895643,-0.8139684197759007,0.6608115642987897,1.405067304328949,-0.13808719757190813,-2.330500323487595,-2.2028279548261036,-1.3546955009440833
-2.6062466618645694,-1.6357008587141093,0.24516889210441786,3.082470071842522,-0.4395267287641735,-1.7949940490095817,-2.1408137292677663,-0.24859184612613427,-1.3011500036113068,-2.886511422127829,-2.701395311296527
-0.3413212576283403,0.5158035292725959,0.3746982515324151,-1.0766349979569305,-1.1124544700856587,-2.7069823355394353,-0.6192755759537792,-1.940054637096361,-0.3227092157374124,-1.462572708686497,-1.8473342834654394
0.6541468327462617,-1.552857578116433,0.482008499853721,1.4975744507674733,0.44137768614758827,0.7102053411690415,0.4490243867064394,1.3350006430535477,-0.5382211285660262,1.4461242805962196,0.7633311494936645
0.2489766676948796,0.8412291892396149,0.4408732022946654,-0.3486466898424907,1.7904174752705793,0.6842608007677664,-0.637786263094449,-2.143971891606966,1.2080977159066855,3.718989555504301,2.8982322124995186
-0.45375447647927675,1.186957970248365,0.023119245508969113,-0.1102117141777127,1.367628114566366,0.6092254344521195,0.5303152018937781,0.8095571713817461,2.1257471306052986,1.9130865502332015,1.869584879693441
-0.7334844975325653,0.011801236819605187,1.5801203586512742,-1.7199907324690242,-0.6981600192703348,0.978714910685479,0.048097636129148635,-0.11582427861056488,1.1565417527339708,-1.402792786371953,-1.8556847160504573
-1.9880612879604576,0.4912059967876686,-0.802215541436102,0.4453445952379873,-1.76811965085116,-0.03713412974211383,1.3513055346558844,-1.0493981670577475,-0.6424259352564676,-2.5306174111678326,-2.9551925404713044
-1.7207465927755583,0.779081569269816,0.1679554394559118,1.728277394216968,-0.21718421950190253,-0.8177250545278696,0.1653711456151119,0.5731406043356166,0.40402735365477416,1.5499320592925325,0.41732426424721214
0.5471435464443242,1.2449747061304093,-0.3669730301627727,1.1195178067442697,-1.067437358679212,-2.0588464252923875,1.2071185866739065,0.40148577142623176,0.023022486365402328,1.6099101097669877,0.794262283482823
-0.4239298811853571,-0.8279777228766988,0.10672813740853226,0.4885514130829558,-1.309050239376914,-0.9384939102677488,-1.2420820540217226,-1.1044732264684933,0.10206062935530014,-0.8113268379421505,-1.5392257375709009
0.33657012288223864,-2.2694346135743713,-1.3065164764993977,-0.738008553026979,-1.3303320262999137,-1.4738185697178046,-1.0472330208511604,-2.858563749364888,-1.6903559350808648,-1.507100014589699,-1.0010432645141798
-0.22146727378504236,-2.111109797749473,-1.4607549999139262,-0.21526222820314728,1.7420620205915753,1.9372124362478496,-0.7544489300990572,1.828323675950595,0.13493236900304506,3.4250078012680736,2.3531866522969342
-0.24015592167036506,0.6148394511958006,-0.38797362425378623,-1.3030060341934193,-0.23440654762295227,-0.8193782641214886,-0.07579134884589728,-2.594873856785191,0.29506310971915195,-0.37584901366020423,-1.0253984080060707
0.2547805017325641,0.5723925256397594,-2.1078092001937954,-0.21731598844387884,0.564995836314612,0.306801699572365,0.10120343743049687,-0.5102429986886056,-1.725229595952246,-1.8370074044255247,-1.379597401106847
-0.5923608982937683,1.0576595511674531,0.8724456068950255,-1.4060204542968788,-1.7471670906697194,-2.269780090516015,-2.317469378778516,-2.009759764898914,1.6117407597507105,-1.0007303972627475,-1.2792189234854396
-1.631231175885735,-0.07708769362114885,0.2166062802415079,0.08168942803226872,-0.8787835349752422,-2.2976677381410306,-0.9795056608910013,-3.1377668374832393,-0.026394132626358813,-1.2287379304141683,-1.9009981220279317
-0.7699261052309826,-0.7154044732397979,0.9741130860854361,-1.1609384626206232,1.3614977480832255,0.06179176005638398,-1.3810877895539937,-1.4743491821843768,0.3496711045008414,0.12672823205548442,-0.8256466858790367
-0.032853472766167215,0.6004263321642359,-0.529482413659344,-0.1394818397112372,-2.60340547408005,-0.3382622405388047,-0.06900463488082828,0.8449724215267533,1.0448970007767209,-0.20377208948346162,-0.7548684145289434
-0.11140892932782728,-0.709011021921439,1.5763544998350978,-0.5290514830787766,0.2025332987924756,0.15440780582894234,-1.5073892714936188,0.027855693619815325,1.4370223508585274,-0.2933009298744532,-0.8262917712452565
-1.5072386433485547,0.9644878649687053,-0.7670450632214272,-0.5125604309945294,-0.23734881053918855,0.12268374979348184,1.4020646391014837,0.33693761917191634,0.2120152923378354,-1.8728086203816234,-2.622704250355307
0.5197110925321435,0.9793276165072877,0.011954012929216405,1.5443199679669994,-0.1101108915268586,-0.3414995134425739,1.418430692361666,0.6491398189542372,0.0892672446672167,2.098301090289665,1.063462434759796
0.5757929941004375,-3.3447295625022764,-0.40788527544433795,2.6471077721409855,-1.2230039348344182,-0.9350125372577567,0.1732775792049449,-0.08091602008116439,-1.1555295874020914,-0.3154231517448245,-0.2776068153509179
0.9662157959348594,-0.3746802457580689,0.9409986331765241,0.29518000702366276,1.5760608316462876,1.9359940228135364,-1.2594772399757388,1.904796137495968,-1.0404565214143102,0.2609957832129181,0.08275172556907998
0.30360369594455294,-2.150678722451694,0.7464362256036443,0.7378025971565892,1.459581734912127,-0.8762675852429211,-1.583094005184738,-0.3639870658236297,-0.9765767346172116,1.6667680074509303,1.3925203392041303
-0.7761780854483156,-0.6005040269714431,0.519045384566641,0.770291644180973,0.9550472971840849,0.9679007097058377,-1.0355106610375169,0.5648593830858226,-1.4060646373887995,0.371504836339983,0.49029584900385353
-1.528839023286839,0.8931402983603267,-0.027528617199234683,2.303998391224773,1.9413978835327041,2.420916087352841,-2.0990214576709216,0.8859051253198218,0.9195324770310851,3.744728254823689,2.39787618352358
1.5033917789674587,0.3378905908154129,-1.8396335796688956,-0.2787197891297876,-0.9957960338257893,-1.3735458983130027,-0.7135607772514404,-2.835490716774697,-1.1251706025397785,-2.847255243149199,-2.770813819765583
-0.09655800671950505,-1.888326114709696,0.18837869173730945,-0.38177454603478433,-0.28232841774908124,-0.23257414261100856,-0.4767194046866028,0.7586927843085913,-0.1895320081518942,-1.0005333552898605,-1.6106989218928072
-0.25925711551902875,0.0392966885555448,-0.900573496657881,-0.4934767199579022,-2.10630177026176,-1.3829579735318496,-2.0737717179685586,-2.002134428149427,-0.2927302648810793,-1.7211526082052486,-2.177561381221932
-0.709642764927152,-0.7679898271794932,-0.20075065192835237,-1.044869774915061,-0.9264638449442268,-0.9629980480235343,1.114517133111891,-1.0589745592171562,-0.8143431816357037,-2.013059224882961,-2.133988796438647
0.9121204247430515,-0.6591088831570879,-0.08686761273261906,0.45222854547599056,-1.299931330164627,-2.183078924619913,0.8668725717791902,-0.7180012583359596,1.2998948451307615,-0.5412002377732203,-1.1341372116656059
0.17010825686680708,-0.8360789772797105,-0.3213607287835456,1.6191275548547142,0.10037444389720163,1.4511072042470783,0.5582213686183662,-0.07722575937388931,-1.8585404921283222,-0.5395127705050742,0.0027677535957859045
0.695797350586409,-0.5284507699345484,-1.1845966303327193,0.26568942474171964,-0.8959053024550154,-0.7731837627779553,0.1048778081096361,-1.5885372113914435,-1.7372086205961828,-1.0469080472174646,-0.5727247118801551
-0.05920175303806969,-2.4673642643681215,-0.44441289671055895,-1.45251746726668,0.2282694979866916,0.13176890026073027,-1.0741934448461654,0.4436698200651064,-2.5467688818253382,-0.6211524223716303,0.23527022059714908
0.0015462995397698383,0.2577860589644968,-0.332962165966084,-1.1946875678823201,-0.3212666838746093,-0.35001468706620487,0.5074334459134582,-2.2496321537885944,-1.6983731073498656,-1.1100515920450549,-0.5878173552000658
0.10556884003805768,-1.0375797779522513,-0.5471683789805063,-0.6971536481657427,0.8212978578741399,0.6886682301455617,-0.33263642501220136,-1.3127081147203021,-2.297031049387984,0.1385756938723287,0.9587899407529774
1.479867550852197,-1.6156666727889073,1.0376007399462857,0.8417537933719363,1.4798552755236836,0.3595515181985434,0.22728951254983887,2.370518892694589,-0.15737942779901487,1.4981517022145496,0.46131958717770033
0.8163654032684666,0.13750487928569927,-0.09706796868263237,1.6223090705652021,-0.21906842445072178,-0.018724960163957582,-1.0604318582134498,-0.45254490890407467,1.4465218386900607,3.3387435882141694,2.694145018059751
-0.8681165348265113,-0.5760278662895716,-0.9397256279862001,0.22292418704312478,-2.1817794674908684,0.6197959008778472,0.29630535376301026,0.5958673036421538,-2.4066472270981993,-3.036555042828601,-2.2185409238335003
-2.2215671402177266,-1.2779823546690308,0.03331643869484916,0.3374411781763787,1.5015395557549704,0.8300922378893919,-1.9762675435301547,1.288650381165055,-0.8949313990181516,-0.3967159840489654,-0.7219399931975867
0.399164271801774,0.21086376023773673,0.7270953282869379,0.28498324876264736,0.4675536527451908,2.42428960768981,1.4094781679105186,1.5179925050190994,2.3184301349619063,1.8588033420291934,1.8985169361518235
-0.9993330298818872,0.6013864576532834,0.23741921139463043,-0.44788146417315056,0.4908450878987668,0.6897890330218189,-1.7397785196567774,-1.497994276771668,-0.44613962657007744,-1.23814541040304,-1.8193935144846138
-2.465161930793262,-1.983795168586671,0.1384720917532374,0.909086147754444,0.0024265845110469364,0.8245249493689254,-1.4670110697804954,1.129818432520698,-1.251965839610569,-2.017690009569947,-1.9910829655236713
-0.08674357802963101,0.3749005967585483,-1.2735373982199036,-1.1352276814475828,-0.2794256910995382,-0.47379049128950057,1.3828071805831015,-1.2590766689805806,-0.9210856038171362,0.4368988082887322,0.35743120066697665
0.3184690086051959,0.28010693298775535,0.8016265037719283,-0.11189430974648262,0.11770941883879438,0.33153315490275387,-1.2228859170130382,2.547008184858104,0.5598030502414834,0.8946539851364934,-0.021772207954232348
-0.828434081592932,1.7131234134884379,1.5731570502429328,-2.020413624162634,2.0434325038174066,1.8347904767908485,-0.11928593879274807,0.9280127135177454,2.266879761186938,1.5960609969230768,1.698953859620549
0.440212302630208,0.12917443647342278,-1.0839172077811379,-0.7865727229055977,0.9086608021974635,-0.08699907239037563,0.8777542667623948,-2.3288629212748893,-0.5391534663436418,-2.237149197022949,-2.7495409073148944
0.11098335068800869,0.9345180474232557,-0.028488950604647664,-0.03263747711449838,-3.0966993258146354,0.6734809519852253,-1.2531336654620175,-0.5294486300652741,-1.0468376930282492,-1.4601816143815598,-1.5435426242641377
-0.661486025105739,0.41812986762854065,-0.9023881654311435,-2.1336276690727805,-1.2473881514259433,-2.1202195158978348,2.220425675203537,0.8429249284634526,-1.4961021285472464,-3.103844718520417,-2.7820979723828816
-0.026882304220317108,-1.6249909671106448,-1.8117201475751405,0.8255659708808506,0.4636454326198581,0.8644768054120635,0.6398338564808775,0.23580872598395697,-2.467611435180218,-1.9865096288291206,-1.172974159477049
-0.7433439097050173,-1.7391866516202852,0.709374343774677,-0.24292259076771117,-0.36981149812637826,-1.6452976977155767,1.51217539118488,-0.325864035514415,-1.028904035051724,0.37685882962680695,0.3663062871760574
-0.48303655450736344,1.0043532015397068,-0.7947532284991926,-2.031016417497451,-1.8539416724507864,-0.7394654306864419,-0.6371695439222675,-0.4542686819146319,-0.05065448262086738,-1.27684800780621,-1.6547985550953572
0.9208483875415144,-0.08311770712894918,-0.25220232809789567,2.5510381464972496,-2.070339193554991,-0.4812040515882178,0.29590234879390076,-1.488115290262109,-0.2982709614441448,-2.067977402416906,-2.7248400763593366
-0.4962115385915858,-1.3341122508420526,-1.3672205831863105,-2.5357034183963822,-0.39661926572217465,0.23910809923916676,-1.1708290142768552,0.19796880391979232,-0.4631807851812082,-0.9284166382107457,-1.3367942004828388
0.0033034423210418617,-0.43502976043928476,-0.8927465895572485,1.247425038648591,-0.8828999551973482,0.9061316849716672,-2.323068172055519,-1.2177220414615681,-0.279802298209304,-0.16867359649302766,-0.8569460300241486
0.31034291840482386,1.1011091798477541,-1.3022713486109847,0.5196242968744049,1.2147278374696833,-0.07702048783738857,0.8919013083477398,-1.836331029231455,-1.5472055261595576,-2.255529372919899,-1.998600094433057
-0.6190651220594741,1.3846295968183018,0.22511526361021536,0.3941877028859645,-0.15621860239150626,0.38756578440453626,0.43270585291982677,-0.1723790181757473,-0.06767512131476439,0.09066118092322362,-0.730167633405668
-0.11367954263226693,-0.5924714862892044,0.312138391376425,0.3123062339789346,0.17446739096534608,0.29595859740738917,-0.8173863464544423,3.4906474551589968,0.13082432472368843,1.0597878764210564,0.11489254412766586
-1.008467358055066,1.9076859650302513,-0.49166799546157597,-1.0837139784261638,0.3641900283096642,0.0888418027031726,1.420889283173075,0.5292673240944061,0.041277364423864205,0.5347383341168535,-0.2017127744456979
-0.525742481629279,0.8222691037122543,-0.6539914311129383,1.7484380171027691,-2.113965899057354,0.4385613919232616,-0.787456298727758,-3.108935887452242,-1.7155517402833376,-2.3077313635051393,-1.8476374343130328
-0.2267039436053145,1.0906343012755337,-0.7619921231835599,-1.1772767945246092,-0.8044962311259394,0.5891612319558688,-0.8341456627082899,-0.28706909242529727,0.30341112821972577,-1.496518043408161,-2.0619018294026965
-0.9908086004931775,-0.856397947702236,-1.004827068396427,-1.4794390020889239,-1.86389482154149,-0.42024148717854026,-1.434091407487842,-1.5626022474879793,-0.8323539490598503,-1.5496874299297447,-1.7176877232412764
0.45830534118339744,-1.384171750099611,-0.3815770705781031,-0.9095656057649241,-0.11614616513078135,0.0840357312389173,0.4250121701538949,-0.3802054821956043,-2.029852566864092,-1.2204324503007693,-0.49712103453435785
1.063655639141005,-2.1183769770675567,-0.6786575052009184,0.4963532899907318,-0.9765781030639519,-1.9173478863166147,-0.4777013888503018,0.45169608033807895,-0.8284917474919166,-0.1185286909326122,-0.3838109024785792
-0.2572217321383861,0.65402754044216,-1.4110835807440958,0.20658202911315465,-0.4700369052863441,-1.4602433312698657,-0.4482166726512098,-2.5367451502035943,0.6950525998471692,-1.4837524912935003,-2.330056381950397
-0.18293289923392408,1.1089206119459216,2.1538043689624105,1.6392849360080566,-0.2600367884534496,-1.3750241800851815,0.18586919329876134,1.019628299909448,0.6346555636290963,2.3111235327410666,1.2031657897793944
-0.8692105565725212,-0.042073232691707256,-1.2002522928412076,-1.113875063356512,0.0961368645663192,-0.2593104464352387,-1.378841908198985,0.32788765880088233,-1.000762872385642,-1.8289723516329848,-1.912510361258178
-2.51535553606174,-0.14787176147986328,0.25318243702994886,-0.2619152571957232,-0.1826003265553247,-1.1391113030092317,-1.2217619234638686,-0.6383593094129547,-0.5107755349261797,0.007128979589943518,-0.4400641996026661
0.7912403689762644,-0.22476651100623848,0.6029082056967446,-1.1556348244714076,0.946729926638611,-0.08072819307701351,1.2164058391115578,1.867194494881208,0.12186362343890378,0.7064812686098366,-0.13733839310008122
-0.35974348159866865,-0.30391210955270453,-0.821148656269992,0.33431643323514826,-0.052559251283491704,0.9240899001874182,-1.4696755300557227,-1.9282272864357637,-0.5180812467996045,-1.5389720404415326,-2.1021777678080156
-1.550773463520735,0.47289106691412713,-0.8575315856875614,-1.255970770384659,1.091198874677665,2.235309605423068,-1.7747105387906603,0.8744765513550092,-1.6055328232257382,-1.551079997877303,-1.1720908626322086
0.08674504317377461,-0.12472962588120223,-1.7553085989757455,-0.24774769404596053,-0.22928185940396867,1.1669418514268415,-1.8063420174824731,0.48035598082053294,-0.7653080815798115,-2.1563796918778175,-2.4042637014192585
-0.5628195107175018,1.591317733990387,-1.1424105918730276,-1.8111027402888622,-0.37343239107942816,-0.8151882252328437,0.03915465897857395,-2.642745654812135,-0.5539491495411704,-1.433430922606482,-1.7713353559734246
0.1320281476806037,0.2404175492778038,-1.3904091900271085,-0.3519762004415171,-1.4470647363926403,-0.005607631492049792,-1.5867010997658682,0.5195480600046428,-1.7135823143391005,-2.281099011251877,-1.7612236345282852
0.06847461763651257,0.29891121463040865,2.0131917930928958,-1.2385940960475075,-0.17793347469748488,0.24532997618565,-1.4927712718664536,-0.0013058924909827851,-0.6633115686584958,-1.6348189037422167,-1.9181029526397242
0.6180361726683505,-0.2547109521276282,-1.052618819493952,-0.5057004733013326,-1.1448213534582985,-0.6875133108955669,-0.05720421307040183,-1.3407423980636988,-0.9882437386689543,-2.696528396784407,-2.711941243386908
0.11185179449662108,-0.011847770143516108,-1.3504994254472684,-0.24104259876943696,-0.3881593175184813,-2.2815422342463862,-1.5433495152069754,-0.0970553325094703,-1.4697420378508608,-0.7709312766340173,-0.4096526791040279
0.4981731268871829,-1.3897403079724087,-1.487757441784328,1.1135325399368732,-1.4564559553260077,-1.3112775456866892,-1.2947324398269155,-1.5585142983283113,-1.3623035711110134,0.06929574492548651,0.22781862672269915
0.7122334976184932,-0.037329062426354066,0.34703409548873837,1.3382165261200676,-0.16925131159868967,-1.7084161103018445,0.006559528672447468,1.0772768813262943,0.7098774409835336,1.9221636078021263,0.8499450132616098
0.07259863953016328,1.2578709039001916,-0.22401175149657002,-0.3305247248218587,-0.8224025744063739,0.5823319614004175,0.945228715991198,1.8126007656173606,1.7700677611238524,1.1437909409666411,0.9587566686306824
0.20994878499161845,-1.2166935225366873,0.6735070322858702,1.2250238745193,0.39438682142549897,1.5619905677871369,0.4422892868034945,2.132008004180257,-0.971024351679606,-0.006357659350814032,-0.29030910439854135
-1.542590304116344,-0.08199733229565684,0.8997211765870523,-0.4858601401852024,-0.3084711096955213,-1.9308910676935387,-1.9431112729828306,-2.708399288444518,3.4706212815497386,-2.079164551294305,-1.137594090806472
0.05022183848266608,-0.399765242284106,-0.14264415336163525,0.04378524789790747,-0.6248376172850376,-1.3858298651595056,0.7636454601121824,-0.7778707959202443,0.029199324742770927,0.510089094943414,-0.21090790504248302
0.11379934918610343,-1.2232285125573288,1.7824034709436696,-1.2662673081624696,0.9226312051069512,1.456953096435993,-1.4216518369707172,0.2877788848558901,-1.6195184809758432,-1.494636425950591,-1.1139343063564127
0.9255088834921891,1.6314970457067752,0.9056681279654397,2.0459462025779755,0.48562986230678107,0.4372265495468243,-1.0397620944862336,0.9889994716532822,1.4535865892572644,3.1867087784750674,2.44000259376713
0.7010620957788313,0.8559963597813223,1.7454789939826048,2.690146592967704,-1.9826008970058413,-0.09551637359019882,0.9116648249542534,-0.2553487673968784,0.7416058002393844,1.543611871188934,0.6172756746760013
1.5694482603103497,-0.7072070758696961,0.05132315270562781,1.749826929041423,0.245353754913965,-1.1693757546177448,2.0058766071344687,-0.15185522458345768,-1.8091343845010344,0.7479908066997842,1.2368155834533123
0.4031266208338919,0.6913813985569913,-2.5974952459526226,1.7962293036716426,0.0003841352734303971,-0.16788142904448614,0.8231856572984091,1.361983625325414,-1.9300956837384238,1.3111195883493665,1.9223641865242274
0.9567175857410312,-0.5858945815658243,-0.006452241829701638,-0.15379613848386797,0.16832826511686447,-2.6116540374413693,-1.7758412268777195,-1.353604941357239,2.237438959518772,-2.319168865061135,-2.2512805755316014
1.2959358782928048,0.9156851731018298,-1.4276305414668424,-1.6449870319889985,-1.0617761176652971,-2.08532261111877,0.02211704903963685,-0.3361077281981022,-2.7653718393295157,-1.8429933231025764,-0.9235913082429972
0.568864225427186,-1.1579160534314716,-1.611793922856593,2.6527011906632443,-0.49188651460158545,-0.34026351568685176,0.03429432611488514,-1.4197944436811554,-1.4825618086860184,-0.48091218313209344,-0.14531634736683158
-0.801515915626655,0.19825813974638284,0.876187788338849,-1.463596055401729,0.6602129203028497,-1.0798242353739593,-1.2029669227917688,-2.6567272447022794,0.5938302398787549,-0.09873715421691132,-0.9027232051121894
-0.4431844644766707,-0.4213977093431908,-2.3960941970028813,-1.9158123232036939,0.8804191804681015,1.1265675761600316,-1.0479489668839426,-1.4771102504336393,-1.425511336576556,-1.653311003489153,-1.4546485958540583
-0.3103103055126119,-0.7848944178138679,0.4961654464763268,-0.2857747070315036,0.38272707595886146,0.2905402230991103,1.7190374471783474,1.6292139165970219,-0.6112213915943644,0.4440662925094583,-0.025342010452675034
0.925331576455274,1.332355267471795,0.2598240646420916,2.0737766027790463,0.23626404890738706,0.11944581367048943,-1.071061377812754,0.7798220719950005,1.711699125961192,4.15505555218085,3.6848721156496342
0.15463891104278113,-0.8391837984708364,0.28970914753546984,-1.879505437192095,1.6603096764567742,0.5683626988312906,0.8851741696661655,-1.6154522680397516,-2.0482345746098796,-2.5107056658979436,-1.8237409889714042
0.2644825899385159,0.7472866641120935,0.08134684158757008,1.9454485731039022,0.22949004439643453,-0.5403306074757542,0.624726709167072,0.25285807390776616,-1.3963747741791601,0.34978149552327487,0.5088667901996236
-2.25265212292643,-1.2531568008587552,0.15538169312693698,0.049027649897491754,0.662851247981074,0.5760444853174764,1.5464653821073469,1.2587699671132537,-1.19621951290637,0.33947654779615366,0.3022895752682838
-0.7591048270403292,-0.1990016786337394,0.8003532313470479,-0.6876010901375873,0.1791561001836156,-0.6685989655390394,1.1412245081904386,-1.175272122106789,2.1552943866567995,1.5494538726214704,1.586652774687462
-2.183763887354247,1.1293940223465972,-0.13659348510802788,1.454363025795417,1.2763062713355913,1.0092986596009301,1.3907190045136608,0.8988120403248349,-0.09226375672151654,1.7121092183902238,0.5883583861538348
-0.19306779374640204,0.8576613928001962,0.9774190104626789,1.223597301035443,2.419988169278594,-0.6620587780453893,-2.5475038639427114,-1.87454304322228,1.1382370519631695,4.193733943947292,3.1053616655691876
-0.1203742570544483,0.9344322715967908,0.5392553503981368,1.1330072476862048,-1.4938112430431167,-1.378098313282404,1.1717512187297245,-1.7599134345011687,0.6999206497529733,1.0293940952738965,0.19762197486007949
-0.5855396810803247,1.5316106453832237,1.2972630770130622,0.6698797051938529,1.7389364323545893,0.5312241090586242,-0.016487848882914435,1.8293182067742566,3.2227012693335384,2.4588252559885477,3.2019946068949743
-2.4398147537834847,0.655238126999233,1.189628293921456,1.0202470183737136,2.605574910163311,1.12633357431657,-0.8272117549100985,2.199660332477869,0.8963094533690078,2.6083847002397267,1.3143196331641793
-0.07666950523881427,-0.1660003360007357,0.10599477899121021,-0.4836551426729009,0.5281394652050313,0.3361973739687234,0.6473016842971017,1.3590555383657912,0.6394488002400983,1.0641990748979337,0.14060299567179024
-0.9982460053646118,2.2576121699050073,-0.6487981700005521,-1.210991120634712,-1.0214630026314935,-2.1040491220200397,-1.7616906039004252,-0.9574378589143949,-0.9981486733692069,-1.5434866775264877,-1.5492039702590628
-0.7174228050090106,0.3088319965999128,-1.3710723487394645,-0.782010752605183,-0.4991442883531012,-0.5573651101671003,0.7735650386831125,0.12967888146410333,0.0009320021707376336,-0.14214457713038853,-0.7430745731026747
0.75478837811348,-1.1948068163616579,1.0082337068748843,2.279844591028772,1.4288178933326208,0.47469833015527596,-0.44657199941629067,-0.05548611514375201,0.10806194615159412,3.3680270118597035,2.0372295780914005
0.03517930875111403,-0.34967536727691234,1.5620197956044404,-1.959830436617472,0.20699172091579535,1.6321225508262855,-0.959982208308487,1.542754361035243,-0.609179670894764,-1.5020076782720269,-1.917158908913427
0.7765436173488696,1.1530001958271572,0.30318612526957606,0.940241297309625,1.3299642790081936,1.7077286366009377,0.8817293177127752,1.9030847080016615,0.8940863935191177,1.2212053262262128,0.016937089622450996
-3.035100622747168,-0.5731238266409211,-0.489298064217375,1.597721370661497,-2.287939037731715,-1.5445472977189045,-0.9735029736866132,-2.608073726660432,-1.3614657441517815,-1.8605898872286963,-1.6982252324963758
0.28173101668289896,-0.06035705862936203,-0.8847287498409655,-0.10575039819550958,-0.630997436957583,-0.696924511754599,-1.582036997639752,-1.2951247636407022,-0.34290737897685064,-0.6795598817401498,-1.1971525423641651
-1.7561809765630647,1.2369755388343608,0.4246775375403371,0.7718985186131299,0.761619779085676,1.700887631795316,0.0026429017037370994,1.2323890143366054,0.7026139511126259,2.947167522559539,1.7827101735044177
0.9321520852458532,0.37283081581378763,0.6976435416282287,0.8234268310175457,-0.2913749729712539,0.9512681919676337,-0.6148113184688764,-0.4302423086963114,0.07425265290147587,-0.197447811429116,-1.1138139197233416
-2.348194643383227,-0.5471456250625251,-0.28586580212893375,1.9331731490636528,-0.6397795953738561,-1.7006937355268108,0.07291207991846638,1.3831271711048898,0.7370792161903079,0.9494402473575008,-0.09565645746074894
0.8138480345943924,0.19660732626034502,0.6484212349925761,2.272770438927121,-0.710479778667483,0.7544795442114531,-1.02149792744723,-1.167624254594527,-0.052025220600304234,-0.41352133053619694,-1.2953488004441278
-2.2602365032924476,0.47339883119059295,-1.3403507932165655,1.3748229350425374,-0.39585981222901256,-0.10861182595019753,0.2888909112905041,-0.9727642630041535,0.5162434610726664,0.41601918173621544,-0.6430342922674144
0.2584101840264566,-0.13334725376857773,-0.22522602442713274,-1.1098713552581798,-0.42606052291461183,-0.5957367266733259,-1.6819392295268627,-0.17046615239092067,1.0997063852589275,-0.6076686099655936,-1.1486203980681184
-0.02011834366042546,-0.3393665598198191,-0.7762329882107097,0.6743512797663235,-0.4427605525086046,0.7099263967633078,0.7039467019764448,1.6734360112837283,0.7592375310929033,-0.2666704108282626,-1.182811476606462
-0.10040481549952474,-0.5486476260711126,0.282931243168164,-1.2689617210119306,0.06299968844424497,1.8700210779038184,-0.04353565925874675,-0.2901161316581229,-0.6781941989163767,0.3213539844925988,0.002343922592657588
-1.187686176912836,1.9516558259496504,-0.33370296953902906,-0.3748226969061201,-1.017375810091607,0.05613170491903252,-1.9535901799213078,-0.8545473045470802,-0.7805706469152112,-0.3687669724223188,-0.5434623161766612
1.0500867291651514,0.055890133970311014,-1.18373518352176,1.4135134748801002,1.0897056551215547,-0.1288408589666724,1.0526818659703339,0.5778074840039908,-0.1819031694081389,1.2161946843365423,0.17575271315650126
-0.6181530726586375,0.15596700959989826,0.15374558266048105,-1.9605191631654597,0.0942033806830371,0.3822505184925601,0.6858506121877944,2.038218245705669,0.935585369578751,0.5915060897608435,-0.029908419653019047
-0.05409034642355962,0.010007159653285903,-1.829942083746329,-0.029303035124880028,-1.1019254933430163,0.04686382188416127,0.4122442467710456,-0.4601256523433601,-2.730722599765592,-0.39175420950419093,0.5296579792600569
0.9056901065522449,-1.528979583948292,-0.18865570247741617,1.962329395660646,-0.25813087923241285,-0.8005247960936434,0.2555737132098276,0.012748444961138028,-1.6934853514969301,-0.43737620426713425,0.047576482724911925
0.7682439264993446,-0.658210779429542,-1.1970309552961773,-0.20846276476262415,0.5050344789488527,1.5487976187187686,-2.7967770426568177,0.4750899654353443,-2.3180786187977755,-0.5211326242537546,0.2912194993336605
0.6300911718475614,0.322287020649837,-0.37484665376400444,1.5297817419839874,0.5197448006756921,1.5843320288466134,-0.9016837162104409,-0.4916852551127322,-1.2896583843418252,-1.8268400577559496,-1.79847119899109
0.8155303867660384,-0.11525562347150077,0.8237636250106466,3.0840905636215252,1.6900340485977068,-0.36966556385972293,1.351897537303584,0.1807216077469584,1.8138145244669008,2.665938815806057,2.310180899770475
0.2367959988219427,-0.06729807856896299,-0.9563413422045126,-0.7560727422170015,-0.5448013765095981,-0.3360623729187588,2.684705645372426,0.20247917288156092,0.10367981617306288,-3.1228187397806693,-3.7523271885960767
-0.38545537537881686,-0.6777413551053965,0.155915087201972,-1.1451327522067563,-0.32566909827538787,0.5939487965797892,-1.0535659535608537,-1.935076343030253,0.7595301269827499,-1.478334671958943,-2.124142420765549
-0.07307345378808129,0.16060097147124824,-0.4637423945678839,-0.7997247401129777,0.7773391068223495,1.7621603226033415,-0.21287488399318477,0.7752747614746479,0.744298823902084,0.36641060861745406,-0.5333240614558098
-0.24760342838432028,-0.20723558837827724,-0.30444005381832506,0.45042660390494715,-0.2538133829552216,-0.1928780795555627,-2.090990426882125,0.11765767443977437,-0.41553836175460546,-0.6467083336758209,-1.2608357689528646
-1.242326248196621,1.87598143103373,0.28669224772578933,-1.544643292564024,-1.2911687228391093,-0.8608265912260027,-0.9630298643255759,-1.9233486819789416,2.0560612028713012,-2.0092372539109267,-2.004480470539557
-1.2271593112221226,-1.077958422319298,0.9728947803842105,-0.4395251688845229,0.42527456615258885,1.4610091523334734,-2.154624794725964,0.1765060505004341,-0.8758254248885842,-0.3391213262409204,-0.5806523612637117
0.6772065584262913,0.25224670716617414,0.03492372132021576,-0.7633271459555554,-1.2278989294989482,-2.2906164916249327,-0.9255121796409543,-0.502263161947733,-0.2886493377989988,-0.671132218126537,-1.0887148978026877
0.43664261514187674,0.1064109602607765,0.24109708850906755,0.019381125740456473,0.2290467470512322,0.30144061263631444,-0.23077054615049408,1.0072488338981949,0.4287612328105107,1.7803153731769206,0.8210155427487017
0.5134599638025495,-0.9205871442414603,0.5341265483904428,0.8370143953536568,-0.7518353383785645,-1.821802415895439,-0.14156196965895862,-0.40468256242383194,-0.22989541274455383,-1.9194517225009253,-2.623063432375414
0.6670549199363203,-0.4773227673563509,0.2087155454577132,0.37627442373384046,-0.3872003674791584,-0.9157734635400345,-0.6838109715268067,-0.39083421269591745,-0.5460984673500984,-0.6959973972924591,-1.1879395614337727
1.0456336499189773,0.3134699824260192,0.7325011113046063,1.1047527333559546,-0.5427568854604296,0.42528170610011684,0.8295961634763708,0.030226147798589453,0.07862351492140163,0.2949538276573273,-0.6139433027189105
-0.16939518074416846,0.62555179348897,-1.0330997974586482,0.013735670499346875,-0.16609170151256136,1.0014069983774627,-0.9827890953463375,2.815128175054937,-0.6445791687294349,-0.32312745345123467,-0.7197787847031227
-0.2200758297994554,0.5592306882058606,0.0792166192560535,0.5332403632942877,1.247628830157253,1.4071598790383941,-0.848599317557685,1.230951819135711,0.35711086989112845,4.473890717663025,3.260159879110578
-1.1428952453230972,-0.5334035546125694,1.8622024225258433,0.44822100918041896,-0.5917385520695666,-0.2861229585625505,1.3921659244839506,1.469251634956032,-0.23285862934780777,0.9437441094093946,0.26939206312129915
-0.7152175252284081,-0.7610327263683359,-0.010420530413845584,-1.3510254815836078,-1.6873463524400216,-1.2295565890625149,-0.014169492052390376,-1.401737710181362,-3.1196782645626056,-1.3360149399806471,-0.4599414637106555
-1.6341961938005247,-0.27957368702174296,1.3020177985312136,-0.15879045645771425,-0.360240353692717,0.5856613929621934,0.3830776849078267,0.48580881461060044,0.15227508020957076,-0.2111037669362682,-0.9818186834375873
1.036334672438833,-1.2257515244028498,0.27633795794538885,0.10744137050134839,1.0191878246513688,1.9041727138180076,1.4356960024877856,4.080575018640649,0.05699521461518875,1.2398641754324844,0.21979445752716845
0.0039342140109581555,0.3429755521875885,-0.4892357255495252,-0.490317252403666,-1.849028124404704,0.3139334417117681,0.5881900561679471,0.8523589815648734,-0.4403581580778726,-2.771312488556261,-3.165279534485192
-0.18341577113229232,-1.40299374244873,1.4698881734961657,-0.013056493039624029,1.2384265680038948,0.5430529753505791,-0.47905381566938643,1.110986204554548,-0.6236246883157667,1.1305873655192211,0.5960101193793992
-2.4741552148617814,0.274273821878392,0.24699462023037244,1.1566533961387533,0.02460554298120049,-0.3223666079299777,1.5308677715592314,-0.5170329178424987,-0.563869775864309,-0.6748494831314462,-1.2719739424165528
-2.309432014026728,-0.8452756110908023,-1.0526739075477967,1.7838073423191996,-2.651813983734768,-0.5921362603300182,-0.9325688092798377,-0.7980976063605582,0.15629900119775564,-0.7048389346380418,-1.5016055337060972
-0.09325879428607903,0.22396434099436716,-0.3859833508377537,-0.4945970872045052,-0.6319006159582393,-1.3152586724621795,0.5850543591705901,0.39356067414141754,-0.1561223348813335,0.6091587033544814,0.05377571574965656
0.9956548810694392,2.1235918003193337,1.8139359898627212,-0.13031334774897818,-1.1004267979836062,-1.0644165158217378,-1.5370707408974034,-0.9979951103387763,2.8579039481272117,-1.913308039783943,-1.3073209993152572
-0.5321109784117943,0.7568518249007992,-1.5027765219214233,-2.2029345065962866,-1.6951899471426575,-0.3041968350768481,-0.8455694927012922,0.6758812825706135,0.711429212553283,0.18981597122356986,-0.13663066057601214
0.019661158171928664,-0.6046364248979889,-0.5266972621236046,-1.0320516702122,-0.952767738968523,-1.7632569318292335,-0.9540449376808736,-1.7836429151925879,-2.1630438703135835,-1.8314789736820811,-1.0499952377733588
-2.215775985115996,0.1559016938924534,-0.31069543169372904,0.9599736543276932,1.125232770516328,0.1762356168344067,1.7185376087509359,0.16626349373928273,-1.124229029352135,1.1287147793788574,0.9883685613820845
0.668923768642396,0.7584711618732992,-0.770638877861509,2.06781266683349,-3.0060570061930423,0.7515160815236579,-1.6202439325334304,-1.2046026429794705,-0.731026009531818,-0.9963700957555135,-1.3891700402744687
-0.5305159561287928,0.8591302832203007,1.6939819337080306,-1.187673739150031,0.1794524689680089,-0.4760221204128022,0.4225021601207956,0.991116498422488,3.1540844006044404,0.3583336823394022,1.0843964187479502
0.5874671913000421,1.2184134081736124,-1.3490842852932552,2.4339009604379553,1.4053022755369762,0.6172367201663487,0.4248059199646864,-0.9157087573219251,-0.7656800650940423,-0.7345688878103429,-1.1690921293656307
-1.1617343190505616,0.6324742955594249,-0.7587394281924805,-1.6284029438697878,-0.6280509267132438,-0.3052970025287804,-0.6966669842204352,-1.0707433030672393,-1.4622493871474236,-1.770982585155189,-1.4343151123611697
0.8149885375708608,-0.07360711150333096,-1.6598500133062766,0.021251205206161083,0.0774105909206448,-0.7914410786474215,-1.3350486451893049,0.1667042212291996,-2.0434019612795336,-0.9165329830325671,-0.25012534798440494
-0.34343944779257096,-0.16730392602278693,-0.33372098251348475,0.5486853578628059,-0.04177667264381135,1.1366895905707988,0.40792904251147266,0.1860320291241946,-0.28010168911720024,-0.7667839912946219,-1.5190967374270534
0.569304169784478,-1.0904469594576285,-0.13440770043467948,1.3752016108006022,-1.3438047625405474,-0.35368345894547126,-0.4253962520823251,-0.5481787667250821,-2.4726203394761628,-2.3776526798687523,-1.5099557207000212
-0.3315929400427299,0.7199430364305851,0.9684041305148255,-1.739626688436674,2.767633284129478,-1.3845886918634323,1.8533226196554509,-0.018061357618826185,-0.1010364964645114,1.1562563667010217,0.3800062437100391
-0.2807581254979162,-1.0256183375527128,-0.13810646348260944,-0.009729149878458021,-1.5050659293064144,-0.7125223851569141,0.6205985128334693,-2.2230574599960455,-1.433626697895031,-0.8194191194658257,-0.5609451645531892
-1.5598333898222085,0.05278755863944238,0.3339796792761647,-0.8256914071628679,-0.6440437691631519,0.06091084242975442,0.861530151534712,-0.7543157358403547,-1.5213933732737763,-0.7360385336838458,-0.32120854329833426
-1.1868895876759231,1.367341597319236,0.10111073612032456,1.3190411380301998,-0.12653891938342998,0.42664431140688946,1.7666196887237817,0.07287430508943937,1.5123967260344446,1.4975766355172646,0.8867506918570304
-0.7535063875733747,-0.5069814670492413,-0.3373031194695778,2.7267870526897253,-1.886437145702585,0.010589009170120012,-0.9615596235674917,0.07099375561512283,-1.3735744964727445,-0.32225662913386377,-0.12627758080132745
0.7528843281391226,0.9875470881160144,1.5481205255866552,1.3127890891985254,1.1101158229326644,0.3443242455630905,0.4897275263414763,1.1924436784424457,1.240186879269969,0.7969835494193576,-0.19407629185893516
-0.030196051037573182,-0.34536914873643915,2.514806657306474,0.832637499302954,-2.0417067662784274,-1.2895003169020811,-0.1250457642283368,-0.1104977497743016,2.3643173490241587,-0.39779947325167114,-0.2645505924961927
-0.7121931602496281,0.21475726134996362,0.08699506627683792,-1.7226133571623685,1.109424554692541,1.3332781901897963,-0.28910719004566793,-1.296204674945623,-0.6993848621079859,-0.5523843942051926,-0.9537484380844925
0.02755920233650999,-1.1569720791168294,-0.07108270312428913,-0.08233444733332634,-0.3635703788174252,-1.2182252739847172,2.858328962791912,-1.4908188180208317,-2.2407571210813035,1.029476819560297,1.869633469580285
0.9658827289695392,-1.679975236646918,0.4740165335513665,0.9434674261476681,1.0060196840916575,3.8542232937440515,0.09681485586617475,-0.2459392029428592,0.3952766877943412,2.876004081133421,1.629197571890926
1.3542100709514893,-0.22634692419886848,-0.2628176057174835,0.5081845832693316,0.04263788522352968,-0.5326519909712696,-0.5155111265790613,0.22580767806387886,-0.40167800999415737,0.5557099055017318,-0.1298319722697172
0.4680766022682608,1.710494434349542,0.8797545750298922,1.9350867253640152,1.390654393896178,1.5661064415871258,-2.014368826705366,1.7853655159111126,1.6641575764671015,3.405435072795474,2.843727064967696
-0.04468350252847264,0.34467691908437176,-2.8680904890583814,1.0487030567415965,1.9021655572700378,-1.2485440548222204,-0.9679166670272871,-2.833619012380105,0.6769509705671974,3.8857084359573113,2.5172676431980725
-0.9687017912657953,1.194718423132971,-1.099801957723295,-1.414682839814017,-1.5590984996261854,0.3577053985654589,-1.8604189459222917,0.45139871801181636,0.16490995800453548,-0.05390875429363451,-0.4784138968113256
1.4646146287083743,0.030218643980722236,-1.160973198011898,0.37514642634658557,-0.8568118099508488,-0.9982511827594125,-0.7199557625746907,-2.8591966015766284,-1.222920082644849,-2.933469266979632,-2.8678013663380075
0.8121508097667479,0.7810319183843941,-1.8560246851513427,-0.14141318286212345,-1.0233287262476507,0.8733797113743712,0.1868050319622753,0.12343024854522194,-2.2158002753589443,-2.771616631618478,-1.9627532687249787
-1.267491532131722,-0.543242308758326,0.8167325887279393,-2.7443893249688722,1.1798374254853985,0.3886868438323994,-0.5610926687491782,-0.6901140657496694,0.47509697340059664,-1.6531849833161507,-2.410870258107083
-0.27074130418249204,0.5116460076474456,-1.2630600684638682,0.7999632759543519,-0.7369772818053603,-1.3381505131063687,-0.08752157840604491,-0.1989277266165146,-0.2774614472308417,1.7950695830832453,1.12046129116323
1.4171103999653965,-1.3290682766786641,-0.9801377615646503,0.6713879021248181,-0.9217608108669179,-1.990291477261494,-2.3215869494018992,-1.0205086729788408,-1.3273922167585717,-1.6086110845998005,-1.4705694659254704
1.077312085473043,-0.746370019727377,-0.27184737142292503,0.6250530891808084,-0.025559371113535345,0.53957854253635,0.2596192337437284,-0.8373607979242659,-3.613355512859381,-0.9633884368543386,-0.31169870866148974
-1.2482927523074618,0.7325827152970312,-0.7327521498452888,-0.9136886180110013,-3.7727384146297007,-0.6740267774638634,-1.3265856313313136,-1.9429778616098174,-1.7199587787361608,-2.568644836877407,-2.0637690798662387
-0.008038427794776927,-1.6335801977998958,0.8153963318805283,-1.0092802445100966,2.9455867134886944,1.0236037027697582,-0.13015682038381648,1.6079139714285855,0.55727413846971,1.94469830595876,0.7958320519274558
0.004834865499441639,-0.07605174070978184,-1.5213011543573092,-0.14898748715260163,-1.2935300279667747,-1.5361479472458588,-0.28109692500068656,-0.23999685745418575,-2.332394926264854,-0.6636149953443069,0.18746238449081698
0.4183114130806147,0.5699049199985252,2.2399362049875906,1.3743176761809068,0.030662986308209073,0.15707942891090237,1.2888090311325326,0.3985269817408893,1.1671033796812624,1.4169534088683244,0.5131556974685954
-0.396420739273849,0.3759465883609758,-0.04908115039892737,-1.8405669060123093,-0.07077115103956333,-0.39830826669773123,0.8652893775596724,-1.7498506720490268,0.6965185200483697,-0.1680002671135552,-0.7860028629638065
-1.0912654584327677,-0.16151714625956393,0.3711584421773559,-2.384753968802843,1.082532869975886,1.668750182361244,-0.8715746088147913,3.080115195804056,1.3514207861252356,-0.17694450353351576,-0.8246644231989709
-0.22950196283783814,-0.4342998344613914,-0.7222467447029589,0.26304751080649463,-2.821332177195178,1.8663741510150749,-0.3716433674269215,-0.07133988191961063,-2.9160665238739636,-1.5209525456170903,-0.6426795702666126
1.2330358342986316,0.1722101875652931,1.318244676745864,1.023125533458975,2.2626431822146467,-0.030048076214261865,1.274782324010008,0.72198483946398,1.84370093214637,2.6391714807841327,2.2664667053256227
-1.9087301047991616,0.36640889848627356,-0.02982534959868778,0.762783912723277,-1.415014250734364,0.09456665845699397,-1.2404589863081812,1.2828212631505247,0.8019859566651902,-0.5209939994910062,-1.296098764747061
-0.931241605000213,-0.9505048047028624,1.2325530961807105,0.5830663381679219,0.9990077620260709,2.4829843830111806,0.9208024444137272,1.649136075930535,-1.468142043458509,0.38553258199457874,0.56078313389172
0.18527462097279543,0.13074675223861,2.325921182968783,-0.5496334607824509,0.20741307870005776,1.571650590180035,0.12373280804704018,0.08940566805510647,-1.1956893314987513,-0.3618032501685843,-0.29765509934146983
-0.29608772882759066,-1.0482250315836985,-1.285612602211321,-1.647165801967712,-1.374969851250944,-0.08019849751924846,0.20015246218986654,0.7525770714756043,-0.6890623844003924,-3.280053029377274,-3.512629090517428
-0.01910331363919359,0.3106790117484879,-1.2093792937254508,0.8360149242743445,-1.4918712315812337,-2.0392648593088363,1.1174455995659538,0.11407647313934843,-1.3938447756622105,-3.2609910761848777,-3.0897934982074826
-2.021401685302936,0.20255194079834393,0.5398204606387949,-0.9700700804398892,0.8432193910118084,1.3321321901978112,0.4850505777909788,-0.4895664418147883,0.24867712780190548,-1.4526413698432052,-2.3366165312408436
0.42642602900267484,-0.35276601380739536,0.14007998641635133,0.19978215048116432,-1.2528956638887725,-1.8905427551331717,-1.8932583775765983,-2.6460536908745627,-1.1715039805221712,-0.6028882372777185,-0.578988349607038
0.8194171447581706,-0.19267308276410214,-0.5113004040559752,0.4355145969052663,-0.41823586522699824,-1.002802723848017,-0.8160712845148905,-2.662829198590881,-2.593841751314362,-1.7699353587207867,-0.8748103268672095
0.14804039463807572,-0.5095324481908776,-0.7848793454094533,-0.7895401748581374,-0.911690179852059,-2.4564252541107185,0.16806706440974384,-2.011123539835327,-1.5451266628840108,-1.8091167848969658,-1.3890717554065466
1.3212489597612125,-0.8411835187004771,0.7189710717542542,1.5169815738585313,0.7738181059840061,2.2874438211331647,-0.8954512623654349,2.390891045196072,0.28381377112283557,0.8441033472053507,-0.4215016132844628
1.0580481302486542,-1.7202861289840061,0.6578497550775558,0.9056500790190495,1.9868524703354828,0.202696609832524,0.1708740411950319,2.062097862488966,1.0531407249203069,1.81743558756487,0.6810451014523877
-1.5581201888054153,1.0634710095035251,1.7998292594931766,-2.0065203698021206,-1.264202128932887,-0.7323012742053289,1.7301460977031284,-0.4176441710882838,3.282549066629535,-3.69598243772735,-2.8863511553206784
1.5286701813596633,-1.035714121236759,0.254709202014694,-0.12896715899388494,-0.16673030298054287,0.8112197852837124,-0.9905350650249971,-1.4755699584475521,-1.8002306533408339,-0.36698006509236647,0.21058019381687632
-0.2208579365288724,0.14428856796103662,-0.6796859675730926,0.12111309390972802,-1.0294745619982573,0.9113988658753915,-1.0932463102421175,0.07839441240426342,0.6897669729654377,-2.3583180356403455,-3.0961621975187543
0.9535860374034143,0.409001924789639,-1.3833266765998677,0.5256972735221601,-0.8279963964535197,-0.9680495231941626,-0.8274221882271563,-0.9952876995456972,1.1634018913248547,-1.7914619395937006,-2.484158863221894
-1.5897349035124049,-0.09263111236208998,0.0189150642633563,-0.5734058581980761,0.6074442189484599,1.9367237449818262,0.8752815219491128,2.6251169263589547,-0.4190760021281786,0.527615167007634,-0.07037948776975256
1.2491260005373215,2.8463144115821146,0.3521592935795655,-0.015861773932752232,0.42791980631869037,0.5889779789434966,1.9855446317625693,1.268721171131791,1.6862191082545581,1.2857091193193702,0.8256657459612351
0.4731144917120163,0.2048629670802147,0.16766207813066347,-0.3749717776307795,-1.9734688166871528,-2.914505409692975,0.043912454672179,-1.8125393143295807,1.152408506197741,-2.460239935317723,-2.964197004323769
0.16365457819112206,-0.7785792656753195,-0.38781815683681453,-0.7099161750548926,0.2639245021191371,-0.27739742543043544,-1.6651299083295719,-1.269719774208967,-0.2648253650607518,-1.0298791470909936,-1.6575914442940247
-0.11554828422867044,-0.1415494298373536,0.21603147844033674,-0.9965985073717666,1.2319062119163688,1.266646502951983,-1.3566342650226857,-0.5954602465763515,-1.0131028014037948,-1.6241012600587195,-1.7294519587728678
-1.8889331416697497,-0.09962780240324699,-1.0685221368142035,0.03223787597783445,0.18300084298310226,-0.4176997817812735,-0.24333376581920288,-1.358829976608969,0.7374179886508124,2.8110446698148417,1.8793459190380206
-0.5700392388812263,2.270073121511582,-1.833017224369471,-1.212087425817748,0.32725654070878885,1.1053046625203744,-0.4675664134398315,0.9043867792611556,-1.1038234883093165,-1.2830062884062097,-1.3249410171881775
0.7528450966519238,0.1914095895611679,1.8138454895202074,1.3756031503211568,-1.554582838968109,-1.7911912439959008,-0.45550347805063063,0.37533516254962906,1.2301204794444631,0.44042972394534013,-0.25690730858402455
-0.5820669854458163,-0.17476858555266025,1.3109346354325235,-0.6357483746834349,0.33791546567431613,1.0828221676147545,-0.013776183125822627,1.731679477259767,0.46583600157066224,0.8737504131341076,0.0027158092326735606
-0.6156509130413197,0.9277675625075621,0.12419490849301873,0.20645164721111708,0.9305007660750544,1.203314359711616,-0.3281105506300257,0.8813586057758254,1.7687980145419702,2.705547766047355,2.2563485627389586
-1.0237227313639445,0.6370456019261377,0.8536738063248986,-2.0993617623628036,0.6582892914807876,1.1860474352207897,0.21684918044057144,2.581061509957578,0.866343212399302,0.28865080735075477,-0.4308758868838282
-0.6342869130553972,0.8303406000145158,-0.5882628876244116,0.24288578284206586,-2.386258574077768,-0.5488935939868513,-0.34407478486183346,-0.2342927116120461,1.129686389449398,0.023820415618444613,-0.5889224274673516
0.7060662950306319,1.95306421109802,-0.5162794523906886,1.2209819499104417,-0.5902194433415243,-2.3853494095323367,-0.49858097011521674,-1.7396006486118212,1.1737511067731254,0.6358483868341663,-0.14881434794414394
1.3437266932025196,2.0883471718965163,0.24295209230865816,1.446099625092097,0.15490434491137817,1.995613309234785,0.512377034316526,1.3894168204791928,1.9142615135522796,2.94519193748061,2.651198414490468
-1.305888299736995,0.974166621884298,0.6396265355893959,-0.739805667563775,0.9628245815659371,0.7144943668581332,-1.2412399444559918,0.3669441001976075,1.551483048706796,2.729715494170537,2.2231079817825297
-2.3314284212537983,-0.025203185158266226,-1.0124650832509954,1.1719886958596186,-2.242040991041483,-0.05581010634893736,0.5829032542743703,-1.9063221314728,-2.452908858912831,-2.756957657000605,-1.901058358438705
-0.696365294320442,1.4712615723905256,-0.8347362617497565,-0.19009609358259338,-2.814489993996939,1.2247727614522481,0.9259611252196203,0.7128873436665243,1.4884944039277088,-0.17926087880509745,-0.6332907582051289
0.10858434442734667,-0.6701212248416782,-1.3414257930103415,0.07570944567380584,-3.173300622035906,1.4331614630682066,0.5958846200656958,2.4698482156444332,-2.2670079328139776,-0.22516704589546743,0.559125558683587
-1.255489644754601,-0.8071902144194879,0.6775768144467234,-0.041292535175357026,0.8671475072821416,2.28379974951541,-1.6438070438720083,-1.4050793988288295,-2.207871561714702,-2.1143685237649144,-1.3554882087376863
1.6597305883940348,-0.42470224671022766,-0.942396400065377,-1.5590131597493715,-1.603386355451395,0.2995642105035733,0.4441595925223982,-0.9972442290209316,-1.2791257676968888,-3.4299832730404027,-3.274957513995157
0.7849710283394404,1.2223603343265286,0.6196012276535445,1.20967393655001,0.7851853560845141,1.0643803888609238,-0.8720935495110285,0.1624850801354475,1.4182253818081236,3.468055810900614,2.6455831806186776
-1.1412326674377633,0.907937831082616,-1.7557556492763706,0.45520376161811393,-0.9136670543386592,0.3008403671564871,-2.2533781669778374,0.0739377077296538,-2.7845461272452683,-1.239517590542899,-0.3491693920542262
-0.0913907061769056,-2.2522852174200128,-1.4776317492850795,-0.11252685651009686,-1.3164166360999003,-2.019416857353349,1.0421303318229327,-0.22043911505804448,-1.6222330597551717,-2.670616796125425,-2.241772128416302
0.3759734573298673,-0.6461233505692165,-2.2790748456476146,0.9999775768252225,0.6054985112146327,2.4417422061752445,-0.3994188773593164,0.12383092285479724,-2.5162864740795454,-0.23068199070520662,0.6118906559053827
-0.2027208498392248,-0.413859975945222,0.6795881679701583,-2.1589765767869693,2.793175939545179,-1.2189934879202218,1.0058621135752042,0.172046049132361,0.19715024259354658,-0.28269391741791633,-1.214582048406694
0.9933169293460495,-0.1760172873666113,-0.4548000785795647,1.5818055651176444,-1.4057804197311494,-2.4263099135877093,0.21104564955316324,-0.9285592783710844,-0.37593074375683466,-0.2840309965752756,-0.8996702973562185
-1.4751013473717662,1.1539798843059679,-2.1007891093834474,-1.5767552969005545,1.3340230343495976,1.1768475837075303,-0.7103909335092851,-0.33422511386596754,0.09356046893378578,-1.4346054353659428,-2.273794777658675
-0.13945356505041984,-1.5040095802329652,-0.4373816140977137,-0.3409800927621775,-1.6169993075025921,-0.15452842102752407,-1.0645338441726353,-0.5068176058496014,-1.7216795396313642,-0.8073601899721911,-0.2856948989076392
-0.36828208965871034,0.7101403511095447,0.1905798577735355,0.6513506287915042,-0.9198896215336387,-2.2104068673977997,0.6671069241187366,-1.0766192958079852,1.6833150151052818,2.518136323294391,2.13361673278822
-0.32386423818663346,1.3112702571127812,-0.17142919682580687,-0.09157661227486202,0.4182088859247339,1.0193523153489839,-2.3286639198733052,-0.06085300978804986,-0.6300956022867722,-1.6359607063928618,-2.1263100434514053
0.5774319076896061,-1.96577897514723,-0.04049006344774719,1.6159038128409997,1.1866830363616958,0.5276312494189266,1.301008510376205,0.6627358564741699,0.26522824431533776,0.8047028625834891,-0.529988205857801
0.4916785890164858,0.9659572870450863,-1.6472263234206581,-0.18382177877574235,-0.32201459595570014,-0.48109327504281885,-0.4504850217676747,-1.9494611916950375,-1.1300214919073976,-0.6284444444361734,-0.5664588026093356
0.1859455080569784,-0.9633062746337102,-0.12543474677643976,-0.10640567754875163,0.4240930027147529,0.6412804167483122,-2.8084433339287425,-0.23448371825084852,-1.3703299951192793,-1.7663066996851624,-1.618439701237308
-0.3601472540992804,-0.08723926216039372,-0.7396041604686296,0.35371943416757834,-1.9411562392754362,-1.9931830362729217,-1.258195551298842,-1.5905746886497525,-1.167931588870928,-1.4296814098453947,-1.453977574510581
1.459003671049774,0.07605565283441003,-1.5191283819766592,0.9114404766797428,-1.1822149461953688,-2.7672760553445963,1.6251052346826946,-0.257416860516994,-2.2203784785833776,-2.3674239193183584,-1.6042315731261279
-1.1948654968847816,-0.2084731507208479,-0.43945820713154776,-1.7993907522234105,-1.0849762423442655,-1.9415495484900167,-1.1094601941580522,-2.3816065098600996,-2.5378110397039584,-1.407084437218025,-0.5152200308826969
0.4302580147666761,0.9428657780803772,-0.3417804385955921,1.3585713603818386,-0.9061944789520862,-0.3689171764495873,-0.2631975598480354,0.21964712192414537,0.11504824714686612,-0.5791053773440227,-1.473303585358698
-0.2806593977865522,2.0105271862279346,-0.8333629708442071,1.9015471602978478,-0.5419774282132204,-2.426899851894438,-0.2889011892869744,0.8937410824541306,-1.0262168518540893,1.7613974436950859,1.6921835191624879
-0.9637131604083979,0.2521112211125038,-0.3070509129666102,-0.8504829980615694,-0.6673819722857212,1.2526300835019253,0.11270444238460653,-0.930290157048248,0.23299312212240136,-2.1449572430689785,-2.769956977908339
1.1236837186603321,0.5192125342785756,-1.670521074184422,2.086208487759216,-0.6181837344489385,-0.9772222326367543,1.181062613691413,-0.5962268562204027,-2.7951438735145056,-0.10630273337358813,0.8281386152414978
0.7122793836793778,-1.106361513764717,0.8626045223674654,0.3940022209900125,0.3255976228587424,-0.3828634200484731,-0.25628144969442146,-0.8923014843717479,-0.9309363722449175,-0.856749032999148,-1.161272175993489
-0.45367804803599887,0.8861797000809566,1.920418256273729,0.677426195498757,0.2562428227371713,-0.3019224785270582,-0.26184878807096534,-1.1223137859511128,1.8436202351262176,0.6309700155924087,0.23992764249714904
-1.3599601058907202,-0.30555422917297864,-0.43423408615949183,0.08130585561213743,-0.07741844659558206,-0.34724046423772725,1.9995401769811063,0.7537021591127047,-0.04205899196621654,0.5735448799747894,-0.22170834446786858
-0.8012499533405005,-0.9194520794334631,-0.08265728897287537,-2.1851340368977454,-1.1719397893364354,-2.611553658068214,-0.30193697590953084,-1.1777690208679954,0.47093155074627013,-2.184494358760961,-2.573494127510677
0.1825031448590482,1.2918244261790903,-0.3045080625435784,-0.5605387524335468,-0.3722645244891316,-3.001705842672635,0.043901917708862356,-2.150228230376513,-0.8133296503758161,0.07014258640919446,-0.08395190396221008
-0.14699962655157314,-0.3270038935313192,1.444437995367857,-0.5538859817845573,-0.27707644286793354,-0.3693950282619134,1.195652158537539,0.9568511950722242,0.34099371666805156,1.3014485823348638,0.5428507294527583
0.7596113991469802,0.25670117420742805,1.0078189737495125,0.9442824507560316,-0.44968657891972463,-0.5383290448651363,2.8796367670811196,0.5007023412729477,0.0648687412830139,1.0889861354179826,0.18873886460888456
-1.0835588335997666,-1.0348397989781826,0.1270083980078068,-2.3867341647730127,0.5724191491731172,1.0638815754329058,0.006894170131330424,2.448956333117146,0.3689016691341017,0.26574601481667104,-0.42042448184856396
0.7512795443137217,0.08379638825324114,-0.07509336524180672,-0.05393197315855269,-0.8518596188704954,-2.8725146665342067,0.3048696333615877,-0.6429297639426189,-0.8650051400244662,-1.2693269147644715,-1.4256833292117448
-0.5030657700068515,-0.13499077573795343,-0.24914141344407745,-0.7689216180229649,-1.4796382918223685,0.43840130469461813,-2.061836416526706,-3.0441722543793888,-0.8921016695747379,-0.7728980033720213,-0.8649134822715817
0.8696690087992338,0.2552625627629389,0.6220983457373908,2.1631738861345426,-0.04353182837308189,0.3107572634793593,0.45737829506444266,0.2574491058000894,1.3939565001469905,2.6908732721822513,1.984101662712463
-0.30179806553869426,-0.7230352038541112,1.046509864511515,-1.1818177435912403,0.6885163150462084,1.960435014272441,-0.34870956465065844,0.16395959320322406,0.722556606686233,-0.7956411404069517,-1.6296997283642582
-0.5891533428470792,-0.40817088545272007,-0.2623284667873843,-0.18009076826194304,-0.7430984418332585,0.5548979257515435,2.7810488270374583,2.075711235218384,-0.0645158722308462,1.1155500749085792,0.4852626067482819
-0.42555565544207286,1.2662826901266382,-0.07916177429992856,-0.4646683217085999,0.6022193607321056,1.2538442208878022,-1.0026305597042522,1.9793081560356134,0.5106386561202675,0.05937892747505735,-0.8889187770237503
-1.23696996777638,0.020358257222990537,1.3396689998860316,0.06377030169063125,0.3149442145428651,2.3317658559528027,1.2997176280138998,0.9309928588091179,-1.1859169558308582,-3.849967002024793,-3.8835475221523845
-0.3711091140415003,0.9424258921617769,0.7330870747706695,-0.03588780124835411,1.9045829224823496,-0.48250710360478716,1.9909175594658288,0.3940655146204847,-0.39482497751014556,0.7806860162929543,0.07098506115732453
-1.7378562569995548,-0.7579596980226864,0.10944582915418445,0.09816212306470598,1.051165865708727,1.7982603455691804,2.245203412924929,0.3074625921498739,0.259940575438313,1.7264219263071507,0.6347773142361864
0.7125773744551385,0.6711567115814718,0.5763286463763114,-0.23489143223637354,1.9766294110766873,2.1667932778670616,-1.0976812779624647,-0.10957156731428253,1.8099287484287636,3.418153363186634,3.125108509209009
-0.9990751169653262,0.8792916984511359,-1.35823981288966,-0.5379196039947951,-2.4204976567184646,0.17555192622709578,-1.3950802178611228,0.9073894814712079,-0.33032713995734264,-1.37901621368595,-1.8297014088634695
-0.3708757035229785,0.31820478439784805,0.6847602498993953,-1.445499251209257,0.6692737038429977,1.0955846481076832,-1.0742858586456387,0.9326168772298358,0.16216234347655145,-1.8344440898314582,-2.6138715038520854
2.0641546321696986,-0.7440696387205307,-0.5580818704958129,-2.1807105510609253,0.3415756042707119,1.3103468950310946,-0.5288681735308813,0.8119953100259123,-0.30987516314755126,-1.6269049965283147,-2.213583404780547
-0.16304551425301791,0.9183774462147883,-0.2951493939314298,-2.7376654413624095,0.23363354349283305,0.036078186334506324,1.8603248882022378,-0.3087261163769519,0.023388012937577585,1.7872972040315214,1.1691960537016555
-0.629491510038675,-1.9464205005072222,-0.18379397179273896,0.27692998582218864,-0.40127893842565354,-0.40285330153039345,0.39404448711486406,-0.3516423917815812,-1.1242382467187653,-1.9589862251081964,-1.967385086304714
1.11326062550452,-0.06195517182680549,0.24207460134357747,2.7188100552024235,0.8727665248180985,-0.7470102942872275,-0.46121054558656766,-0.8424053261738866,-2.1002134656247655,-1.0126108702717938,-0.3176439168549021
-0.11713573994548085,0.1936518931102265,-0.1865062643543529,-2.170054730668857,-1.3664812463281648,-1.1958590082862997,-0.0156699594809937,0.7180107345635436,-1.5508497589211723,-2.126732872686792,-1.768175983532259
0.815659129313459,-0.29934288690305494,1.669726420888247,1.9885219553705231,-1.4589953860861997,-1.28476638532719,1.05735227752271,-1.272348534818557,1.6079907808945493,0.9761673125589067,0.5383648726809649
-2.0705173666887404,0.675975277406733,2.048218688722805,0.2031096358495879,0.37279946966686406,1.3411143852648806,-0.12244599250382915,3.060837987653622,1.3483802595605863,2.268227925148175,1.5341667922407511
-0.7410047681180488,-0.4102468234595772,-1.0208691825744414,-0.29310690409386986,-0.32747715408897127,-0.834209278954789,-0.3556270841037369,0.501492045811633,-2.0156375128087527,-0.8251782306144808,-0.07477751415677542
0.42170583075835383,-0.48593236844301524,-1.9907925403944022,0.9615761893064813,0.914568327169626,-0.788781837586691,-0.8350900011229588,-1.118819841722095,-2.553890698481764,-0.0699681895000247,0.7958258174174563
-1.169905465541273,0.8031186137907238,-0.6345551705110433,-0.4772676275881503,-2.3290189548438964,1.6231547902328387,-0.5913890340320396,1.3225106246746077,-0.792233157720492,-0.7706834143100536,-0.982456723278827
-1.6032632820616033,-0.5726129318580043,0.35813729597021704,-0.15736079592043728,0.672953118983234,1.0307837958845572,1.3948727237283367,0.99043844513928,1.0501297967910674,0.562473484105904,-0.31960263423548513
-1.0435233876920067,1.556386064288227,-1.6551434501165896,2.0348205435817226,-0.6996323353260607,-1.1625570465157034,0.07032995240276607,-1.413662576805066,0.6498104522160703,2.2152265410040184,1.1462680188579917
2.0439433354842835,0.5857295464782967,-0.7432349271479562,-1.2982142856156513,-0.7473918637966848,-2.2588239100046756,-0.44798575043677935,-0.10335277273709376,-0.42705561202316084,-0.11056431708535985,-0.4621062388381718
0.23746739334629005,-0.5035394624242497,-0.5359102000356499,-0.11211467568647654,0.3830425150911443,0.4959440385103591,-0.017233782452429514,-1.1207502654991717,-0.8514312947581363,0.2880747578018703,-0.01416054079793938
1.9452773662330447,-1.4794099856791496,-1.209567800465192,-1.1888421040963806,-1.2616323985585225,-1.9607989359164888,-1.0385073100895847,-0.832027762843618,-0.9394735107987997,-1.6943947218792859,-1.7513897638042286
-0.6559452842773223,0.15813302985664418,-0.4034625508717067,-1.1018742555042211,-0.568888014130262,-0.7711703693241395,-1.585011078890211,-2.926214125307843,0.5329913084906566,-1.6251147496010385,-2.2530436210943243
-0.29175678907420105,-0.05718367154819466,-1.0439135934518975,-2.3228551861556843,-0.31786152446086735,0.7308013947432537,0.04471421756325622,-0.41019227143617853,-0.34225999469410856,-1.611655348762954,-2.071996685861831
-0.8799806148214656,0.04632685298333417,0.39377010284795866,-1.420006370482135,1.3476421779001586,2.448233958352784,-0.733826724140145,1.4122389189803874,1.091470588981101,0.3971945025979144,-0.38092730427395805
-0.5040866365514058,-0.911694041638844,-0.07928243035767842,-0.4948204560443062,-0.5160784743573137,-0.29508588227468324,-2.2648570228148133,-1.045045192828157,-1.5156913345559244,-1.2719392605302866,-0.8527664462555984
-0.3725824522478416,0.05724706139748109,0.5432014099126085,-0.44896295836484257,0.3110482988945916,0.5331096183002402,-0.9707985442607115,1.4285135929398225,0.5054340105905274,0.3116462391186651,-0.5856690964520962
-0.8210602700291338,1.261474987162534,2.172606054663254,-1.716739748736362,-2.287955323938462,-0.16609692735473708,-1.0435357372941665,-3.817162963737771,1.8693224376521647,-1.2838034629419577,-1.453952017997282
0.24789740026064466,0.46170512658397755,-0.7254755896272884,0.7733045635709275,-1.9790499895870028,0.01717418896330264,-0.3589748694465966,-1.2167963331018758,-1.3197481466175558,-1.2576016530316394,-1.1645614640888462
0.818973747590017,0.40913102023762943,0.43079767302101407,0.5987941103250771,-0.7096527293501311,0.2243456357664072,-2.05973167468095,-0.7411201987905001,2.636012997759899,-1.3004568219095287,-0.9021087649351768
-0.7499971659690398,0.28262263846568075,-0.029715166034264967,0.4895554216129191,-0.9321795970903729,-1.714106808145675,-0.6484360643487248,-0.24968783076442802,1.018405686767008,0.45027288917767305,-0.285061078023281
1.3096381046734784,-1.2287401244673581,0.40055464058560186,-0.614905509352024,1.2494275689925898,1.8571853495438804,0.08097742411008929,1.3504677779030172,0.5725318968762538,-0.21604869111151548,-1.2452075438408938
-1.0330861133414342,-0.4888302906679482,0.34646550145422816,-1.3441922680253777,0.6792438312355704,1.8241693007865427,-1.8581023833759711,-0.852651725654848,-0.7086637050024618,-1.7106464231833955,-2.0889190656364853
1.995849596616053,-0.29677366916696485,1.0281937139554858,-0.33592012442636354,0.5682885483801279,-0.7048992067425135,-0.5202695143921061,-1.4575858294566848,0.29138067536868284,-0.18757990888574783,-1.1327975178821041
-1.8707805876063173,-1.8952272795770524,0.417725669458247,-0.16771793703569027,0.2977651102094426,0.48536593554435536,-1.7420982312554862,-0.9849863774890808,-1.1358369843511675,-2.068627019792695,-2.1056300874667846
-1.0256074884825235,0.4179708076482213,0.0638460442688012,-1.2619501286601467,0.7655745758830763,0.3486931412963824,1.0490012560555468,1.347249837510518,0.17236133855409735,0.31703559694694333,-0.5002705605652769
0.49536466392685924,0.9636720761441886,-0.6762741197038553,0.2985675890412585,-1.2578140024659061,-0.44901852425532585,-1.5538159652036343,-0.2854584346361547,-0.6546595920389634,-1.62923982173914,-2.0038868281048727
0.07313106173032297,-0.5154551799184479,0.09691688821525378,1.015274933063491,-0.19076882988622446,-1.2357171910509828,0.9130285550415772,-0.297270792711279,0.28720719196449157,1.6277047355541117,0.6040470407587917
0.49432772042677475,-0.32467656862458305,1.8651185897458473,1.0086908278875246,-0.2691123592875392,0.26027031487901126,1.1796078623149322,0.6578495732408931,1.16706999753481,1.0086316471978025,0.1835369544045488
0.19348119742827583,0.19190766715827665,1.2250487672422246,0.1778183574337668,1.6231533479216065,1.18667711676295,1.1912165626268039,2.2388325172818586,1.4993651405610575,2.5339446579893132,1.8706766489049005
-1.0502399212343216,1.1457769685852497,0.49589216564766797,-1.2161036201188031,2.2105914866174876,-1.7719846799037549,-0.05208591325826356,-1.0299111585870164,1.5290419716041508,-0.4872552901442426,-0.9578077173630621
-0.3824398380660861,-0.40953012324739474,1.4438928975617047,-0.5329699105735048,-0.2142821528683153,-0.5307830824167861,-0.2738750604515124,-0.5685174517652338,1.635112629032605,-0.6101006262252779,-0.9265694582857346
1.4807141193236248,1.6760788200764927,-0.3209098128282021,0.7028368537049524,-0.9453990025492685,-0.009444809839221024,0.25053452198376835,2.0887646224208014,0.2885309507330204,1.4580369264465607,0.613792996706545
-0.6008590694965521,-0.1713014165718656,-1.1337457093145793,0.019019206297700597,0.381335627607288,1.1288253093286584,-0.7987081529054008,0.5710389145463767,-0.22083262559060857,-1.2764024541368577,-2.0570789916340653
0.01693666019151367,-0.5759383064732517,-1.3513301460400973,0.13738206665297759,-1.2696962218732857,0.8400997554819765,0.9794713617965392,0.15615061186103718,-1.33448279005172,-0.8679002362278742,-0.7042740405789062
-1.6513610719823835,0.732567610549172,0.5692418981322352,-0.07443553030954071,1.5873839206412006,2.049029526336226,0.47637280838079465,1.5098990761363478,0.9440495193326469,3.689115037851577,2.646982085747926
-0.4843682742389206,-0.4273968526636765,2.4568900897863237,-0.9726334353473011,-1.743947855888212,-2.7348292868848514,-0.9457730039817507,-0.4195798275029978,-0.39536980508765873,-2.8102074488040865,-3.177573059670893
0.7066389096693776,-1.6885734354690074,0.06427460031574163,1.9058716930119806,0.39330275210279536,0.18697196755714912,1.2096930420255902,2.746736061270827,-3.172017819735685,1.427689764742559,2.2606571520576004
0.709688939126249,-1.206223424804577,-0.5142551232664632,0.3882992248948459,-1.4528972322860136,0.5838998616156629,1.1300858535547402,-1.7227205037000484,-1.1764818395132335,-0.05095060868235057,-0.05502613360551112
-0.838978935544999,-0.21795315804340615,-0.1583211382057684,-0.44718630304087603,-0.49239677980009444,-0.8774840299098703,-0.21490778833834379,0.5067395662812157,-0.21601712465666417,-0.9485098182287959,-1.50083714612161
-0.3030448711473733,0.9557596194838083,-1.0750733380879822,1.214877161745435,-1.858391772133535,-2.0456699942262766,-1.161549449206981,-3.204296287831367,-0.92958385997402,-1.2232385367228182,-1.4531666366323008
0.1294573628073156,-0.9331242139552823,0.1796675577423768,-0.30128434519976816,0.8637228084712107,2.345091458281204,0.147219813920969,0.7565508316676373,-1.441707680866951,-2.376643020037042,-2.131297667175519
0.7770279286270667,-0.3734783260665804,0.6879016686497524,0.8066024545661085,1.621160568918564,1.7386955761341403,1.5013203704204896,1.655461563986584,-1.4137978785189722,0.6112562262161578,0.7673426785347585
0.9857894644412657,0.27570607702657524,-1.0199191596412942,-0.3238368897623366,-0.9874539587167801,-1.688797843618389,-2.9125081681987957,0.3344337810356892,-3.337173475687101,-1.6197394567360253,-0.7871165662698705
0.3967798699578293,-0.23272726578029268,-0.773531316886928,1.8477586671634731,-1.6698327258781402,0.47338184941317585,-1.8767142149020397,-0.8110750046007703,-1.1131698346179482,-2.397628729010817,-2.432894717587919
-0.3371957771681701,-0.34530022781590025,0.8773353480448316,-2.2861805896874725,-0.17774531346407474,0.3237952270073218,1.575901940744361,-0.6716309971747835,1.3300853623788886,-1.2664480436104533,-1.7542283805289025
-0.8319875237583295,-0.04550390900095292,-0.8937359259192129,-1.985250365874096,-0.3403265148218041,-0.5024995662328035,-0.27757649197088025,0.26993382071066274,-0.6612812606627415,-2.086769031472503,-2.374376835984137
1.4035726622261646,-0.09726379007005552,0.17832022654020893,0.8124314646932944,-0.5999406536660746,-1.8171903894074686,-1.211292066471649,-1.9370719245612444,-2.074019775855457,-2.4632593843868222,-1.7539725398114814
0.04321293215982737,-0.2197550185805662,1.2734580751874132,-1.9609443225917598,1.8260526196209295,2.5200356815083347,1.99341773776665,2.982168316139182,1.1845006881120108,1.323620735695866,0.595616219939243
-0.447352999552075,-0.6806018999897089,0.13021772460875256,-0.5812598265370362,2.5282480128989437,0.09534910892970083,0.05169145867708913,1.3440514650039304,-1.3457487394678453,-0.4941246962930069,-0.2700866704553505
-0.31881568876590005,0.4642384293023649,-1.6473774136372883,-0.8207496395798751,-1.2008224375987235,-0.9601368596444919,-1.3303192122571805,-2.311200565649229,-0.6842213045508344,-1.914638515615299,-2.1267969273356457
0.8553874088533754,-0.4289671316855675,-1.6642086921218973,-0.4175569496730879,-0.11964631359130022,-0.016207240116507482,-1.5299773447642058,1.3830415256266488,0.49512089259281167,-0.4433391646897108,-1.2643684301809845
-0.1684456801024129,1.5378813194554528,-0.5300476314410804,0.8842075996428732,0.07345363535486193,0.8955023046913344,-0.6939179082647877,0.5309097735513588,0.18434505586765318,0.33024376466947913,-0.6995303871470722
1.5334799419623248,0.376317256224542,0.7970452652611938,1.0972398427178511,2.0415453994182697,0.07431461208524115,1.5326054283286887,0.4882880550726916,0.4905607638597311,1.8752662582850466,0.4562429426525899
-3.3266796022455805,-0.9368994467305772,-0.9460349398606074,0.15671455791164615,-2.996327028388916,0.7151034193073271,-3.981948809411769,-2.0116420667857153,0.0422681070609876,-0.9110933619989114,-1.4996618558325614
-0.050199557406583745,-1.1964741922623747,0.27843284676741353,0.7231835397757845,0.6377520466607818,-0.4148569208837035,-0.3156969102141265,2.5504578859715124,1.0752887999002125,3.5023853553102158,2.4980078853695624
-1.6881426557180168,0.12500632764611214,-0.18101540789661152,-0.329979579989706,1.8865966850877245,-1.8401507274759623,-0.4996983786636816,-2.1252342285333405,0.34006559101916756,0.13175560041927847,-1.0138605391939879
1.1851788490833806,-0.10822436057444156,-0.778313407686214,-0.13436814326032187,-1.833889680490711,0.28140368307018676,-0.16175457451266417,1.2031324006153232,-1.0673117732577027,-2.79470014398843,-2.824276886959624
-0.9213108241986376,-0.9982256896392402,1.6223578611560387,-1.6878502855941848,0.5911992670252164,-0.03228299609120455,-0.4806743976354694,-2.708706178641459,-1.2495670072562872,-2.4521964714653315,-2.4093805219924302
-0.24039156454168864,0.9766171784390073,-0.7057538621317853,-1.0535095506542325,-2.0110213908568157,-2.20499030716062,-1.7617426848116429,-1.2997085183187496,0.5584719793189087,-1.693540606151964,-2.114071143323078
0.3362551022554969,0.25592355703544056,0.7052444906242241,-1.7147794574449684,0.6261174829928141,-1.0744186767154151,0.27020551542198035,0.309146898311195,0.6750265525257692,0.43193032850017743,-0.33035750915743356
-1.2759063257814265,1.2312434298121795,-0.606421852593686,-0.006931707207452509,-0.46638028117274744,-1.128486595278085,-0.5530474742026174,-1.2922057027154994,-0.36363682876895137,-0.529173469644185,-1.0715126477913188
1.590861120886142,-0.12424619615700494,-1.2364748431488108,0.004607283500278281,-0.5032388173182181,0.7640164411352879,-1.7391307105168663,-1.1954920645868021,-0.8971986464700432,-1.8588787443427988,-2.007636279785571
-1.747869632187048,0.9963172684003397,0.37861653691372626,-0.6351396846669433,0.5278301379292009,-0.3979909505341954,0.32980971591529606,0.20484571923846617,0.5889354680810216,1.4433615054737194,0.539884243092521
-0.26013951040991495,-2.0579917663954053,-0.2547932718380457,-0.5192890992577593,0.259991444952706,0.8545424794934044,-0.07106324341160453,-0.6377309620763049,0.23375699868481914,-2.1199798899167552,-2.9675390473421652
-2.680406320754275,0.5033075912954782,1.4914185625763319,0.39681137005173517,1.0765059846817717,-0.09750558134252674,-1.429996983310623,0.5753952031446992,1.3805905494619182,3.3073160335091565,2.5033785285262367
0.11751254822409417,1.4164272555033979,-1.242987802833011,-1.3305052817882086,-0.5559695014779364,-1.5067326756118082,-0.3584698188263512,-2.505478486213611,-0.5975078308913606,-1.2646816068899356,-1.5402223414725864
0.6294671699095442,-0.6875133689318241,0.9611715435816385,2.336203220825722,1.1318523263782303,1.542077516821354,2.1558232400831945,1.812511631385515,0.8399561397236268,2.564939726336552,1.2281008339432833
0.9500284308897171,0.675349744976308,-2.2231936574335522,-0.06846893856980119,-0.12093718547712284,0.7511241375444976,0.34780044567878654,1.6871315147308654,0.0243570544144478,0.694592073475572,-0.09366592497687631
0.4959635346113962,-0.10567167980512288,0.2066816915007504,1.1402048170458747,1.9694830360454936,-0.2133606903878828,-0.5568941317202942,0.27583140883360846,0.39891901419389875,4.522515146372952,3.1146003140782996
-0.8695543624074697,-0.32732677881881056,2.696667543911612,-0.8555182655503768,-1.2071774707189535,-1.3621753758182205,-2.0929603594519106,-0.8177546214463008,3.65412385380578,-2.1713348939241466,-1.2485090114672543
0.39388334122173596,0.03380956567580257,1.878573763541026,-0.6165501098612683,-0.7539236373021769,-0.03636040992154432,-0.8143789943481425,-0.4273592129459948,1.016634395693447,0.242239010323624,-0.33641276544362864
-1.0031907302380185,-0.07030163463204785,0.9087358076072691,0.45972649281771294,2.0745574529736994,0.7176680084610559,1.4747938495235493,1.2966025854079322,-0.8196240059147917,0.7497501421404813,0.3648344614987504
-0.1840735780444497,1.2223821681694336,1.3905138418281395,-0.7913008324598458,0.29770722866313915,-0.5253318772825295,-1.8942995944606262,-0.874756605775848,3.0998989402385604,-0.4123924609971006,0.2926927548156749
0.2103898491485646,0.07193887963738534,-0.90044497857034,0.358337379958943,-1.5178233438288367,-1.7623687278708289,-0.5233691116763554,-1.6067939995391924,-1.4593463552503079,-1.826450698945572,-1.5983875187036904
1.046135186014404,1.2614710651310381,-1.25622081692293,2.0217497960208024,1.3114204753310534,-0.31197704893639333,-0.3925665718868704,1.0914459868488202,-1.661745821108091,0.9688255912774638,1.3737422523359621
0.07377220663676147,0.42768064481981616,0.5257270812081628,-0.1959537335956683,1.2389145646208597,-0.34616271203685844,-0.1281200666498804,1.242208794653367,1.1811218902860974,2.201798930786188,1.3462245306735765
-0.8720335848866878,-1.2394701699933486,0.46408843270766054,-0.5829748732687904,1.8266289154358997,1.0146010865939785,0.24909224159060223,-0.3222373092178017,-1.1499316268814193,-0.2850479367795255,-0.24007528937941275
0.103422979903205,0.5441019183146776,-0.09130116918417626,0.6086927668465046,-1.4744832965250914,-1.114514454133808,0.4093197685479379,-2.7324262248816966,0.0328444576858517,-0.2873110435043172,-1.0045089945262606
1.4083778090658627,-0.41441163024066735,2.2370184241202233,1.7368714295018033,-1.2753029505365792,-1.2309598562572004,-0.6753333607368345,-2.897696112922789,-0.8225411173168844,-1.7426001868973815,-2.0108036100441415
1.4319499884020561,0.6016772615066845,0.666725982751115,-0.051735658494821535,0.9292114104262047,0.11871919111092577,0.18004256975724364,1.706196442870104,1.9196402772511414,1.5033138464372027,1.2345996523037064
0.9268279872179144,-1.1492216465731264,-0.5027451047551289,1.3969527294269113,-0.7771511655504879,2.430220679353891,0.7810458570074037,1.1718595464280968,-0.045855803459333044,0.025180219194918342,-0.8180124484132854
0.32759766822836234,-0.5347370955044366,-0.7583703421757134,-0.12902816847669385,0.470090046130361,1.6170857130403717,-0.8453886337501585,0.26668497340500985,-1.402677215896606,-1.7166058428868678,-1.5387419996706275
0.9017516807486753,0.337388406355907,1.4064719950869942,-0.1790375255275234,0.38116339442584724,2.181314902391115,0.4570944866491097,2.9059845593921048,0.46431504839184357,0.6544995183730299,-0.3009864827726323
0.27984867345571834,0.7944958681117439,-0.8189126894526144,-0.2456228019232099,-0.97046946478927,-0.916845426272699,-0.3122790858299762,0.9652618810207207,-1.9058281720773633,-1.5784614199007843,-0.9216121839441053
0.6355027897025162,-0.750237465359231,-1.6802911537956706,1.9384826139994076,0.9579833463535783,0.3406723103358179,0.09654688149034718,-0.5854523065948806,-1.4017506412355156,-0.20327439980982176,-0.04331482336725945
-1.8152863232459178,0.7927456823317253,-1.8606578535653724,-0.8642504589263988,1.3555175483559518,1.1328903747736512,0.6147756139390836,1.7534297294953922,0.7593038693773223,1.8095189036606159,0.8387815267559657
-0.8513866898982647,1.4491247303309724,0.269507668902855,-1.781376397054831,1.5820990656508893,0.4970090279202291,2.1166940788572775,1.3018735719147727,1.6055935730572328,1.6171397172618378,1.161297578478191
0.6550791872837057,-0.788578155458513,-2.996995829754305,-0.4429972803092902,0.4540473581971341,1.5583276813545182,0.5862367852532308,-0.30459616212015483,-1.054941667043609,0.0038637468434858935,-0.08601926331746645
0.6583748122773616,0.3900652646509771,0.23787616030685554,1.2893656208560118,0.2765189227117809,0.3802894313099644,0.39266210477722663,-0.020255818252350566,0.7302068486456951,0.7027737217348735,-0.44263063488612253
0.7583523181205309,-0.56889179674368,1.1903238161055447,0.48086607911709,-1.1309726296111764,0.05671377013374845,-0.7831891522974054,-0.7150069421937582,0.7260322091079958,-0.411292613358613,-1.1897278422467323
0.2969624924963716,-0.2823443403675081,1.7420621043747202,1.6902510829917998,-1.1154848051896844,-1.0780081520791274,-1.405954845340026,-2.069311971963908,0.5157354001482786,-2.258260124183915,-3.233332220717053
1.3552755803469632,0.6236273091200327,1.2944456409833407,-0.8913108273666085,0.011170578702052958,0.14257139365334132,-0.2364468199838925,-0.5719769964209526,-1.000175538617342,-1.846195519390367,-1.9071706424354695
-2.5104801421192797,1.1307915714002543,-0.6685689853945938,2.03728479792191,-0.2508054019148067,-0.5402480240602522,1.514063784262854,-0.9851749015677752,-0.40660300369187097,0.3810288219357663,-0.28078692840926783
-1.4770313809423359,-0.22742057982102726,1.3863548970722277,0.09846194493384403,0.5380004691491423,2.7675468131754393,0.9416505813423129,3.237127673512556,2.0390087067445597,1.1821240021847106,0.9958405061986633
0.27982425941882144,1.008709784573461,0.20872107186924266,-0.31088962929037145,-1.9206656258069457,0.3743381251057998,-0.22174274728193166,1.6656299325690105,0.19024717571940986,-3.196731206021778,-3.744639779390397
-0.12816554070689123,-0.49786793884871416,-1.0848234564209687,0.6251558892606432,-0.2217176523028559,0.3712974565614659,-2.4175525749518045,0.4438555150986241,-0.7319328388875983,-1.8104544372168918,-2.208343885500468
-1.1933326726488833,-0.7138529973288634,-1.2100527337230238,-2.3137866504954703,-1.495171902562733,-1.173476689654973,-0.8414962481427055,-1.2804488772585207,-3.2866414048845716,-0.20708631797028432,0.6145141150054199
-1.174276067197042,0.5702795240864018,1.9588262387762636,-1.8484052751610474,-1.4003369761097004,-0.6247049384885928,-0.9388707212888573,-1.9987518054474367,1.0616866657430486,-3.161705660043382,-3.5642691772173247
0.2274611227794427,1.1693779127313837,0.06794452418952915,0.25970523335393936,0.26304721319408264,-1.5180917945816201,-1.2729268975465156,-2.3915391567032396,1.5384810919359935,3.066482083009563,2.471401497204083
0.21061290517926654,-1.683332159844291,-1.2812476481919435,0.29375105607311736,-0.892474409283318,-0.4480678833415721,-1.8138014389316452,-1.218030910983117,-2.0980721286669977,-1.7024400384649148,-1.0060260562356764
-0.35024142645551787,0.22769284891805494,-0.17651917159625055,-1.0517165809733613,-0.7951872479205957,-0.7648353969876891,-1.2508135014898398,-0.11719736908248968,-0.8692927107386417,-1.082522062352996,-1.1647029255963723
1.1403671409892904,1.8430954052848334,-0.1682104403743351,1.3221253531151362,-0.622173863597319,-1.5593592381005021,-1.0500032610995045,-0.2774212156302117,1.174308716765416,-0.3340778845638004,-1.1193742292597402
0.6228041159226416,-0.5919299993425738,0.25665500811363123,1.6578535844511038,0.7707495615619567,2.7599750067036224,0.1221081437738408,1.9929932680671505,-0.22444611455725794,2.4788347104001924,1.4928216445921492
0.2419935904034932,1.1194461774103617,-0.45359728062688065,-0.3063958005774319,-0.17529002510327374,-1.2277466498496956,-1.3783961949321766,-4.2260194744026,-0.3291123470586313,-1.451160114634467,-2.0129425376189136
-0.8505885086905007,0.32021855745326894,1.5068252710017371,-2.0695348359718246,0.45560790492250425,0.10686439777406098,-0.01247205685371268,1.3821822059302864,1.9265240411491915,0.057302726934680276,-0.1748751371295362
-0.24649774831638027,-0.47011602483302495,1.4498224191160272,0.637642281228961,2.186262543067551,-0.04440061115820436,0.8617308882825369,0.5912071696319003,-0.279620988871975,1.6694773732457289,0.7635821383178308
-0.8806174795528471,0.04490387519808614,0.8241390084646398,-0.8214335243037423,0.8726005052843,-0.2789833679977466,0.13386876981312779,-0.6083300939552831,-5.579862908733357e-05,-0.9652807893352464,-1.7964522434727415
-0.08216020941343043,1.1712467771784805,1.5994381498040107,0.13232722571673067,0.3793418838003295,0.5774104282255856,1.6053075185069616,1.4157569285976288,1.8258481304148653,2.118936346894877,1.7543038330740726
-0.003488633578738908,-1.0569380767523688,2.121000987131136,-1.1717448305277574,-0.03816405478669438,0.5963435418030327,0.08957519029438721,-0.2068874309702764,-0.33858312140661945,0.10933905737141858,-0.3914596492154603
-2.0005461863545624,-0.41248170051032274,0.39105081474839465,-0.7691982378122428,1.1562824712342292,3.0466585170236007,0.2599854691984138,0.00821699686350055,-0.5592883263737409,-0.5968695935380974,-1.0947251593093996
-0.6571073567113718,0.2815542492697481,-1.2170271056707123,-2.278184752637878,-2.124421591514055,0.6584890039162645,-2.758139815078374,-1.6494637072284846,-0.07075295136872439,-1.197618829647235,-1.5694209754667627
0.05053184806884207,0.4137941608594634,-1.6072427188700589,-0.06824272214204048,0.24935655282254326,1.3285312852658655,1.616157136199344,1.3783789894145158,1.1247840395851612,1.738197915545112,0.9450357094061352
2.188253757634704,-0.6905434007353364,0.4386412664383438,-2.1899603672714782,2.3133244315189305,0.8308743133832353,2.0261400307242177,1.8636045985745784,0.6056714191600251,1.4465603537993845,0.5021381312045712
0.1635282135358825,-0.596162104146535,-0.9094205431818793,1.1442965438187975,-2.0395792638682346,0.3389127145454587,-0.4659998006545183,0.2755074357763254,-2.817683093043467,0.30786422132667335,1.217836380635088
-0.3883447279754092,0.26922716273954456,-1.9617461881316651,-0.920738664611704,2.156455162458628,-0.17336628418378763,0.025878978604054526,-0.24719167531242459,0.22635871185868284,1.656356402988547,0.6187945806769148
-2.2295491662505156,1.1699091457886397,-0.6801371402130166,1.0904796646124932,-0.8969595906630701,-0.7216135656134931,0.7187710348020785,-0.9893156012150699,1.399608062582018,1.4118218924214037,0.80780290607559
-0.4128310565572443,-0.23617201357822812,0.504924191810147,-1.4444159201014952,0.0870396915789341,0.45289285433413873,0.4773977832496642,-1.0791988476157794,-1.0524843611537877,-0.7319119588081529,-0.7888569949734487
0.5037122101089494,0.6074572400786125,-0.6310078907071924,1.1032110284656609,-0.9584500877993345,-1.5402650040673254,-1.180923824624747,-2.0722291536507633,0.5099508086094791,-0.12109646873452679,-1.0414521869523665
1.2485266175420349,-0.6087327196644218,0.6583486199064336,1.4350448026613758,1.0411713057580312,0.0606533654453848,-0.013203950771564832,0.23211596364819712,0.40704031836028387,3.1118806376033197,1.7876074413751581
0.6423920683805935,-0.5574185824788876,-0.4653442865481669,0.22236888461676085,-1.3451274569875653,0.268223839318219,-1.0387759519157396,0.08614454049398657,-1.562269627769091,-0.8822691311260324,-0.5533228811504378
-0.3008305747166627,-1.3998130162642806,0.14984932539811502,-1.3720909330070818,1.8407948086180128,0.31131435539471053,-0.042875303092906325,-1.6222672622839411,-1.748474041681023,-1.6077761470643641,-1.106102411982727
0.2353421271010388,-0.5271408805845409,0.3690982178221967,1.6991421775034015,-0.6605892461591439,-2.6964574481338914,0.41727616504866394,-1.3800331149258276,0.9971860626210658,1.5387629048785372,0.6342479865740815
0.8841626592936072,-0.33051135097424506,-0.2373691319213282,0.6337787196639628,-1.196125528934493,-0.8999550743013249,-1.326789129362706,-2.3226329540010155,0.9589812502047546,-1.060199334510233,-1.8071838823992574
-1.0391715887958877,-1.3624691502776842,0.6796113820269399,-3.3350657114054783,0.6236934299348378,1.4484559323322945,-0.2861810372263154,0.00822418034271677,-1.5297698848646566,-3.208378257458635,-2.941184137412659
2.4021879864888587,1.8136207951293746,-0.10545209336961003,-1.7326320245747007,-0.2627830252086266,0.6579774285144685,-0.1563930323783378,-1.226882536619726,-0.7397085614044577,-0.6596701780566265,-0.8973054157528617
0.00964896778990399,-0.4242663747538061,-1.2316631422582596,0.2270459660809079,-1.1718244058196545,-1.4848119382599587,0.5702012034347217,-1.4987863127864887,-0.8910274566988492,-2.3001494629238284,-2.4945987040047726
-0.8103840655342189,0.21375082128160583,-0.7154750625154299,-0.7474806145570896,-0.5210675927930771,0.14066701080408894,1.4236033167063857,-0.1100914834369251,-2.106141593040761,-1.634196219941633,-0.8429020128379183
-0.19808468175518146,-0.7080220037481815,-0.7580448288627689,-0.9432592726763032,-0.9167233252122996,-1.2092518790028848,0.8122816195231856,0.5201374888373453,-0.13885018015555195,-3.3847606034878983,-3.860952506232625
-0.8737336369910089,-0.3072472648650989,0.6606975451396412,0.2750987771838008,1.4891325199688514,1.1272178786221576,0.29463528808254913,-0.08712224088248943,0.4364998567155459,2.4855641616492647,1.2704678353653889
0.9960851305682827,-1.5676130043481573,0.5518754345937699,2.4412329526997305,3.1727446292088652,-0.8630272680153602,0.8669394886598893,-0.9116338299686058,-0.8207969221089291,0.12427937876195538,-0.19845172430215607
1.3434305027619207,-0.11320754525116976,-0.5039786186193403,2.042777671039909,-0.009211591377127792,-0.9421907229966153,0.9295497348859842,-0.5755894890269508,-2.1960450015235504,0.05688102802503525,0.8225358100691318
-0.4310995648419785,2.581961502376744,1.075316639917168,-0.8738061598174691,1.106009307518763,1.2468996773345027,0.14766550109749127,1.6261770980461006,2.3450870953888576,2.1668019582610354,2.3495811194146103
-0.39390075875396624,-0.21744799474535453,1.8648049758136718,-0.5862526337292085,-1.1357603383286865,-0.40499187040997353,0.8501396389752067,0.02920567603392188,1.538369567801191,-1.9490558835321599,-2.260845842064964
-0.11795608337446145,1.5245473721220761,0.5499184413658589,-0.8498425755327891,2.4080963090490695,-0.7142849756344268,0.3632169732578082,1.0026874801722396,1.1753080149374746,1.444406592299632,0.6688487459123598
0.27390531610698565,0.4946158303761848,1.4401076920823808,1.9795194727906087,-0.5098307342198037,0.24849778453972304,0.8148993590644371,1.7793350828397645,2.0453773958969013,0.8620143920270028,0.8112646431232885
-1.0115591440741607,-0.7158997622745844,-0.12133773437262746,-0.6684398282613411,-0.6065253924792723,-0.19628654600906503,-2.226017632414051,-1.4945491155082822,-2.551442537267267,-2.1767008953700904,-1.2381243430145865
1.0289293417345533,0.2523876561137251,-0.9763193196822852,1.7835093036532121,-1.2605579860912894,-0.24452903671431292,-0.726392180250362,-0.8372874697316547,-3.892095362052446,-0.15643694307276457,0.31396328308314514
-0.5497607872624086,-1.8742936040811844,1.5296583607808512,-2.1630282459857755,-2.2108511402997957,-1.2075356611067263,0.42277276862451474,-1.4381416569889012,1.0220472275504477,-1.1081824601132886,-1.4688543358233996
-0.7618866150271791,-0.15360641528327315,0.3767724135656898,-0.8334327233204485,0.4266100675197385,-0.24617191595287702,-0.0820553456845673,-1.520228526966446,1.461089177067131,0.42470601037821465,-0.10141099466113002
-0.2832304269519435,-0.05661096769766825,1.0036459143836756,-1.5497898093599214,1.993597331112171,-0.20897079951253475,-1.4027139458631321,0.4823206727952423,1.6215962550503304,-0.18572706656873095,-0.6007982282639837
-1.645792906080485,-1.8795746872075625,0.5411968600224074,0.5319011652703406,0.751207162412601,-1.6744868136300757,0.3981790879834781,1.1666483668982022,0.8264921075313588,1.6780758978517356,0.5836886141738064
-1.087971290398125,0.5112162987641465,-1.3325533542219927,0.49776942728718643,-0.8402898301423392,-1.537692665864093,-1.5144871802886612,-0.20017813972944137,-1.3258598276508624,0.6352986409947314,0.7786011253146163
-0.8043770109096703,0.47917226568719806,-0.15369064664064705,-1.9004144792679751,-1.0952553370566176,0.7233300438918776,-1.1491874822295725,0.6553667692414534,0.6589236810153896,-0.5354044219183725,-0.9679787315565263
-0.9626649107994678,-0.3420767961017581,-0.9936771685797625,-1.2338348253945357,-1.0104688462020213,-0.022095439051807775,-0.5283265060643989,-0.4815304722163486,0.6819679309480975,-1.7676064246757528,-2.2932470461380814
-0.08408910312157235,-1.4446217730180704,-0.15748171836667205,0.12542923877522105,0.38092718909747253,-0.7845319404570845,-0.9908585466512132,-1.7350134928088197,-2.728166159857171,-0.8950916955896886,-0.03650963600565882
-1.4264530222629292,1.1806255690125704,0.6126113513383858,-0.7855360454464149,-0.09611746830297863,-2.015055263640897,0.8407310115196196,0.31119301967379487,1.0511826499731491,1.0821094256350612,0.4292224420651958
1.215243153419654,2.0863426315444005,0.03660281028078388,-3.4969954559833365,0.034137411713593656,-1.1327851400201117,-0.2532123674201068,-1.179892113643669,-0.8149281708613343,-0.6435753285682931,-0.9293320225405556
-0.2813879045384888,2.088379750369406,-1.1388960138287572,-1.6262267782067916,-0.9675906969185637,0.33186465549989375,-2.794511496617221,-0.2325383273424545,0.8210910211933141,-1.085111668015697,-1.5601358028990204
0.18098136312835655,0.01612875853549182,0.20435722806836057,0.3937639533013526,-1.3427451222213032,-1.3273431466240373,-0.8538153298105378,-1.156270625542906,-0.28240665738751924,-1.3816512405029007,-1.9733059609130568
-2.3781370094706853,-0.2338144427962583,-0.4934998607203288,1.2260986810378902,-0.9622706758726967,-2.0509029703906396,-0.9383899512173434,0.590469670341548,-1.037257488283276,-0.11004410459885139,-0.20384018710077412
0.1590366368165613,-0.6760134420955126,0.7985971891838907,1.9749316496431706,1.3776561735081039,2.7733762092714613,-1.0293085578942087,2.5424728462121022,-0.8602702164623682,1.0860467745541589,0.7323729434963133
0.26488863390632406,1.1058848467911733,1.167079631921366,-0.11620415344267448,2.336381194723446,0.6257763246428494,0.8189375784557766,0.12107623591651984,0.0361829368341009,1.1619751875485012,0.10425259972114143
-1.8755288295930712,-1.280983815517742,1.6676174191301538,-0.4756492717881773,-0.20385061618325578,-0.023203003406626566,-0.348366867740761,2.0818788109349953,1.5707766083020196,1.4646089688186665,1.0931540469586927
0.32177667494618567,0.9120006309615966,0.5309782920686391,0.22276998645173557,1.9161278334836975,-0.030283376519837646,1.7254111670588235,-0.7494205803755299,0.9030429370533889,1.3627637357107063,0.22498844530983042
0.5719864315113631,-0.9786437125154164,-0.6735871919324058,0.5925511070989256,-0.38231956623374586,-0.013321058038723521,1.1321962694589023,1.188000027557989,-1.0768406129981458,0.3007413114712585,0.22431313525940944
1.4327460244562589,0.04191354356781561,0.5307320882541335,-1.024707719090841,2.055434870918219,0.07677159127799629,1.2865723622140646,1.5983359551918253,1.0213060330551567,0.6967216423461298,-0.18013956999297992
-0.06662104081799039,-0.928832252555983,1.4072293439882897,-0.7361984425116996,1.4458909702915523,0.681877058722686,-0.06583788743339641,2.3424502968181633,1.1402391499533053,2.259818351632086,1.4471022410224674
-0.30009662569105355,-0.4739348948303684,1.9960745909520698,1.021123232751763,0.3256360829034426,1.7336804199316793,0.07986789775573289,2.464509392602413,-0.23679516973336145,-0.3562333121555412,-1.2490102253903137
-0.202221787077345,0.7701065959278668,0.7091208878758537,-1.602573545723094,0.9341226115243514,-1.5631991252601487,0.5925127236261234,-0.9146665074190374,2.3309530155282245,0.7106931400507213,0.8388112685723825
1.2560124900930425,0.6465099628460855,-0.5779841771658639,1.6521720785810983,-1.2249768659937352,-0.9994091213678699,-1.5149709434475063,-1.6956961786445264,-1.0609893801431318,-0.9195809963059739,-0.9864508236363817
0.3586514220030328,-1.746739923861034,0.9413100365421684,2.0589709346088236,2.2847312460880977,-0.8136377605190381,2.301328277235805,-0.7250122825562795,-0.37828091817700243,1.588715777166657,0.754541833292548
0.362546207819188,0.6941601445036288,0.6784799198943413,0.5033065914743223,2.169338201040797,-0.6652893626285061,0.6429882967796515,-0.47874081710383654,1.387410779776352,2.3075266044596736,1.5172560808503848
-0.23612055982056956,0.3473753276337453,2.234111094348496,-1.7635757059097732,-1.5713542474088429,-1.2865186881670752,-0.45212830510253926,-1.1231651966691807,0.2530329130154694,-0.9828625021964803,-1.3678266674116324
0.9415480061024534,0.7059630794153546,-0.5625597955806638,0.5983575022898752,-0.4215672180844978,-0.3968866638184756,0.714580542188141,-1.0001751878364429,0.5327607854069484,0.9771945749643839,0.041474675249872195
-1.2263187447955226,-0.4376657665718321,-0.2904096981312547,-0.09137732734256998,1.3344369055220275,1.1882956583411155,2.7008501506769043,0.49170832579978363,0.6543798827790384,1.094339900442469,-0.024304780259114978
-0.5887684005054911,1.685267613877924,-1.0171050950830378,-1.1425682518602804,-1.418949596875636,0.6971439355834823,0.00410017280444408,-0.207432352957432,1.4410688402633016,-1.4226744890964749,-1.758086729853812
0.9475129526279416,-1.5603892129775614,0.5561543689505895,2.1597515234306406,-0.3134008723704057,-0.803629070563096,-0.6199790257352225,1.3526257717962946,0.5212604893861827,2.206976683290809,1.0377787104623573
1.3455026197362092,-0.10745394388448222,0.34669644151332607,0.572033705726019,-1.0935849831864204,-0.12226226069926194,-0.6576400795286987,1.3784536151579045,1.0024473889439205,1.3925798906683324,0.6570921773986981
-0.30014379662767465,0.2558997442121938,-1.3568703863655651,-1.600208667161593,-0.7864664615604839,-2.9414597261977526,0.250534395414293,0.46845694955572514,0.0005675986315150094,-0.8114384683747348,-1.2914682444730947
-1.5080269544301785,2.688164581808615,-1.5081282924398716,0.986091418991297,-0.46258374316066914,-0.8312038824036029,0.034848666176024556,1.7845051988455547,0.03908066670820315,1.7112197130038693,0.8184653670576768
-0.300668362523428,0.3342073238283637,0.7611062830192334,-1.2803980428190007,-0.2436561328782969,0.9353210951998886,0.6627390691125556,0.8826941186053439,0.35733456827692467,-0.11912176147015208,-0.7759793242486306
1.4176881490360542,0.5989734442123099,-0.4386134678986478,-1.3167449579678014,-1.1749543987848314,-2.072933834860659,1.0599146098811092,-1.679723391617788,0.30749627404678725,-0.6595594036197252,-1.1485669681643642
-1.50943472384952,-1.5750994131147729,0.4826597216347087,-0.7404124959014249,1.0190337162017526,1.723051257002031,-0.08853187191293688,3.6727662896429036,-0.3134380886287744,1.326945045445958,0.6454881653364197
-0.3654662698013064,1.387987585816408,0.6123393678970965,-0.8715616963951988,2.2218644792019564,-0.7762834726395136,1.8661343166164188,0.0038273439512300222,0.6222919691966546,2.482938700102949,1.382118248605729
0.47402698639111435,-1.8205856192504426,0.017118426988594213,-0.6343254024916968,1.0059614337109515,1.140723378078361,-1.1649319750664127,-0.08097993460436717,-1.3234998087306233,-0.49207199690737724,-0.3277821704515188
-0.05095548613596694,-1.0928319632729817,1.0809942392311305,-0.4229537567667614,0.8052169188519654,2.387308863044428,-0.18041849138617905,-0.5715927429270339,-0.0998763415732419,-0.8641557716783816,-1.6960245681580015
0.9113761923032808,-1.1400170150645625,-0.06427354278511388,-0.25901302840674323,-1.2262039148165902,-0.7919438748748076,-0.9468964797668645,-0.09855613047200862,0.47829688002066273,-1.6376046794212584,-2.290520557779401
0.5581765607831025,-1.0299284375032554,-0.38263180320141144,-1.121993579812263,-2.0283796691146536,-0.010508647726894582,0.49666024897098415,-1.8616628151418002,-0.9552028293861368,-0.658617470579014,-0.7360233306344866
0.1906336733986758,-0.2825868845012607,1.9439150831621654,-1.2075082390237153,-0.5966365549003377,0.7523745174149813,1.0703996134747094,1.5355646308649387,1.9462757244386135,0.2757265949206925,0.23992579244956003
-1.2727417001521477,1.194775899061863,-1.6325654748177423,-0.5141131100368155,-2.531404965164778,1.073926419901801,-1.9404358231216008,-0.4995091331112317,-0.6923971829705938,-0.7861687367804423,-1.0686073818032709
-0.13315048855726244,-0.25696734168624324,1.551486814406254,-1.5716358561705528,0.5228814240806011,-0.9109635289374005,-1.30431746589809,-2.3173257315364055,-1.222647180058864,-2.457314275931787,-2.4320367119747273
1.7338226007309003,-0.1313254674379985,1.1649266246846064,0.13301522468681382,1.4604751483657603,1.9898877791824936,0.9636450254538639,2.9399249382711026,0.7893272601151119,3.4230168235691103,2.2864251937725757
-0.4400665368209307,1.4689608316803164,0.181512846258457,-1.320847137069453,0.0819642112089203,-1.018759363831847,-2.776054268306777,-0.3031712821685786,-0.1411419557776341,-1.4595278590141187,-2.063396074805525
1.118039460453024,0.9176366405770433,-0.8657407072009751,-0.02549868963155988,-1.4214928849472197,-0.6993900647955102,-0.11001020363583985,0.12334820693858117,-0.6286835676973832,-2.7823575890672467,-3.1274872131103617
-0.9367958469179896,-0.6254993192491947,-1.6343578532702525,-0.8420731720379442,-0.2376845807457788,-1.1789532336726558,-1.5472023314491707,-1.3067060184304629,-2.4572422469463353,-0.6390254001830755,0.27869024354609145
-1.1741109001682841,-0.5015075860908303,1.4456598455792782,1.3083032808337354,1.769076081532476,1.0364810646633373,-1.1917181553367782,1.1265557489416864,-0.41445937214104356,2.7169150257801435,1.8891402393166699
2.3675329970199352,0.8559217159242863,1.2840231408104323,0.7518453652036807,-0.012752866329704848,0.9626924993005238,1.661697335555858,0.5645115829337557,2.5760485966857165,2.1403921621940145,2.4507030767513167
1.346385494736101,-0.6732356206976068,1.4131407542002818,0.9443444989632623,-0.24535586458758973,-1.104080077170858,-0.8114924801437946,-1.1846405140184613,0.9381589405138526,-0.8879291734674084,-1.8236310911655584
-0.39593101269396225,-0.16772575061068565,0.1058413434834811,-1.8129501662868113,-0.7149344123806576,-0.7288659381684561,1.678658292185429,0.9916216228802395,2.0230037915115173,1.0413853162575886,1.0354949909979627
1.3190393607091553,1.2861381955812472,1.06178014776438,1.212039213684315,3.8825879802260608,-0.8138464694433009,0.5750177663803677,-0.49644491517159983,0.9658683650543618,0.881919797612569,-0.3912408660750447
0.811662258163282,0.08866885766608068,-0.6282069907836325,2.172066303526231,-0.6667553123693348,0.3701840984305259,0.01570730225681738,0.4521685239648934,-0.08463897748632532,0.4932914237887409,-0.36912386140435505
0.24582179469997129,-0.7426671598575958,-0.8803403063376126,1.5201277779031308,-0.4665769948336095,-0.08362612618722054,1.3167083839937612,1.4608533799466286,-1.5117037078792899,-0.022196802506386337,0.3205538797480171
0.9479828293369138,-0.5437665124672756,2.1344675861803983,1.2832203580519592,-2.030410009193095,-1.6573112727808454,0.650207605847218,-2.284255541780185,0.238627701466949,-0.07835639892339019,-0.8679831287387174
1.2391025926655552,1.1454910984193198,-0.5404007254333223,0.11812040252558109,-2.2705861301107175,0.2892241952966199,-2.0346334589075057,-1.8017078646144404,0.8390960677272125,-1.449468804258843,-2.0457583887230752
-1.0545815696560674,0.6529458412642364,-1.1875846524033356,-2.3626860060283352,-1.1546520393627666,-0.25245286193859207,-0.08458511756875597,-2.3300814385670887,-0.8887628013071627,-2.0280270067885398,-2.1606742768888383
0.575240368681514,-0.24379501002568618,1.345354835140184,-1.0968007007077913,-0.2744606406070401,-1.1325505171091999,-1.3157628208956589,-2.232126264435605,0.8852801863365287,-0.18193379621649125,-0.8176519889505856
1.2625085614726863,0.17503307577245192,2.9546058262113077,0.7920042812242577,-0.163063200719768,-1.3278880711593775,0.5869597556819315,1.334870438662275,0.7233258486835362,2.8017169795531767,1.80803666493097
1.1234930648255863,0.7904196321485112,-0.7957669664920543,1.6149436004663131,-0.1659871079248768,1.212002226402753,0.6612519801917772,1.909662697663689,-0.03302582848577246,2.1543247625724553,1.1912062637282155
1.9356555090605114,0.11320542790674101,0.5843411599610366,1.2805644797876532,2.181594052926156,0.9969048812836202,1.5471086008108206,2.2028415989869297,1.005138443502462,2.5172061681376694,1.2996687399514242
-0.8122064955841026,0.4198258219180784,2.016049368234839,-0.06337366942255163,1.054413212976991,-0.04355379831446404,3.1558278743620383,1.9764524903931189,1.6943153255144456,1.9945449346968416,1.5262609893333665
0.3676226873197835,1.4028257484419582,-0.7122832130687174,1.5865909666509954,-1.045965862313363,0.4807289252810458,1.1192089469261792,2.371092487790597,-0.34060378261687396,1.4020840162702983,0.7590180816724161
-0.1326123562257217,-0.32699315545613605,-1.2388197626338031,-0.5002899483225991,-1.8315568693695874,-0.2831732458160033,-1.3395327109002704,-0.8272983562838445,-0.32487302997819467,-1.7521683650700415,-2.189729133075557
