X1,X2,X3,X4,X5,X6,X7,X8,X9,t,y,y_delta
0.025130525743645053,-0.5402629892807984,-0.5138950410806511,-0.2483451723435116,-0.9198649750504755,-0.8654932999617675,0.03590538456121439,-0.3063409099267944,-0.9587854579315497,-0.35111964097962944,-0.8089955086499258,-1.0437544571754693
0.08532362668936513,-0.7564023089562668,0.39186861354082986,0.25946053975430033,0.2125882794292578,-0.9197458364567827,-0.03310229329745784,0.15378431135429732,0.3206001261817295,-0.5046069530671315,-0.25687550141306914,-0.30275037567734236
1.3528772695028684,-2.8426751521976126,1.599290163524433,1.1695328612264353,2.2636209859328136,0.42820286093271887,0.35916060363940483,-0.14075356256335814,0.11351777664119711,0.3702596113989979,0.8561961541842562,0.0431163580667131
-0.8711591519662526,-1.1117545967325653,-1.453301804604913,-0.878604636663194,-1.1984713608922688,-0.14370741049689562,-0.6256757520446343,-0.8729104849998052,-2.5388361625076077,-1.814476110398014,-1.6570257012284544,-0.7587854072785989
0.9398462124696964,-0.6431884639845543,-1.992364064897345,2.4257149604443917,-1.7862896333373024,-0.7416088690319327,-0.5275720367765018,-0.27463178148969525,-0.16674704643721228,-1.1157564624609666,-1.1558375347579217,-0.6023134072902896
0.6037696189073624,0.7298890431202688,1.3002387533680797,0.32032256580063434,2.34772880892148,0.7759717600939724,-0.08367338927580917,1.038180161619056,1.834354223557881,1.2876963121569276,1.455835308542684,1.1517545342136413
1.5997301410515001,-0.7171361658076146,0.15253846816843267,0.4767039436059756,0.3086148941897763,-1.4821204701835393,0.6262949756004345,0.14914426202038378,-1.3287687436170073,-0.3960133981371665,-0.7118477984088343,-0.9536699755059705
0.999742035247249,0.3274268362695189,0.4239372952184308,1.6925675931605046,0.3827526265009267,1.2408954206828349,0.4815474927886526,0.2826666002747692,0.6708145573481729,0.8838449929976184,2.962487609375673,1.8733720628033481
-1.7453131917642624,-0.11778134657183759,0.5891342297541091,-0.18004366672745264,-0.7335021975068623,-0.08353460330220791,0.1817609691098483,-0.6056815274459043,-1.7568073285912678,-0.3937920822030949,-1.1492208876987131,-1.330659516171743
1.2075970745281361,-0.16817999991758473,-0.7244938989329991,1.0910114248021612,0.17780430091103916,0.16265668820909074,0.2217007516530815,-0.7023439011856106,-0.8722563930152258,0.2776643495675736,-0.8237887262000364,-1.7956543711502546
0.03384979060387498,2.1639312489275095,-0.46970666490121826,0.37600954652703955,-0.7541151334463962,0.35566682037025515,-1.0182544816267538,1.1815304240622955,0.45720584395607966,1.693555675572847,0.07072845214121248,0.17659835669200963
-0.7748612620136429,0.2930140313957491,0.13757254583493458,-1.1862482836990214,0.539537955776838,0.6707575162294976,-0.12497032833494115,-0.8839221215938846,0.9322474236352287,1.2232159587975158,-0.14774091276892315,-0.3984853313332052
-1.1845191017995866,0.41265671464052645,-0.20845377332472642,0.679896240933354,-0.34109065740579214,-0.774197451889654,-1.1203152452633243,-0.23087595483300538,-1.9743296567794628,-0.20509682304274862,-2.680993735219335,-3.1412796767899884
1.6743731828541073,-0.19254852949930473,-1.1902361047700365,-0.4038847601772617,-1.4602485793988877,0.40465764109321867,-2.3966480594292423,-0.0001839125252124374,0.16335439532830381,0.004274114589042921,-0.8262476636247127,-1.0043060088921585
-1.585293191698016,-0.03996928099020379,-0.05539859548279094,-0.07106436446196279,0.41375111851606705,-0.10646175874296317,0.9743879840030696,0.22250927531356735,-0.6710866008636527,-0.02642575814567425,2.6532015085264034,1.3065028029500259
-0.25918879680690715,0.9790215584331148,-0.45095596924432724,-0.6555906602980497,-0.5795748995887454,1.2418971710177558,-0.6855812493124547,-1.0034819525430008,-0.059492073555056854,0.24985749013226022,-0.7241738885768277,-1.1983500438709849
1.485765873555481,-0.531821990920851,0.029503150523832653,0.7024641349634047,0.09843811279509959,-0.47926465151052444,0.18899008151228802,2.519707255419473,-0.1969474136039554,-0.7175849439514452,-1.0392333972048233,-0.8296581619318333
-1.1407510822704081,0.25271091296476444,0.43545117373738806,-1.417635843499235,0.15478258333729228,1.2604523759673336,0.1404811829359514,-0.6988960956497385,-0.46965910901800456,0.8197509963879561,0.18975916218983985,-0.36178891323740886
-0.2105182179713887,-0.25058403066377993,0.15478424981183478,0.02290518339748493,-0.2574459442677631,0.08604443089406588,-0.41714968293423,0.4591552620033681,0.5476546621360558,0.5171266273457371,-0.0667724901686424,-0.9478202216346419
1.0276276974618057,-0.01068857362970822,0.9012379450321001,0.5887308403008626,0.6168033175171985,0.826376493177582,0.9836279279818146,0.813397863430714,1.5469818588095454,0.30742410016844485,0.9781108391454973,0.2697865452678905
1.1247154245188364,0.13525219026563162,0.9477977931656517,0.9949859001162846,-0.07972158473605373,1.4019860662347907,-0.48890248362883015,1.2379335565698786,0.672513202542359,1.2153168062865956,0.4881715020391745,0.1522696557463903
0.3753418841811581,1.64468746897458,0.4043710507736096,-0.22797261180699513,0.5982707747888927,-0.09758096839523667,1.3162719477561624,-0.5466637334989604,-1.5617044375729618,1.621452683711067,-0.4824171308094387,-0.49364600444605444
-1.8904126222165203,-0.6879530659230696,1.9910901160947185,0.3424786457225404,-0.4544052077069416,0.843286337417055,-0.7371741215982515,-0.09400152280325069,0.45271841773280486,0.34180899138579146,-0.19782591346663944,-1.0881613989926349
2.2544833606324914,-2.0188270181943695,-0.12398602656038263,-0.3785332844389008,0.5942800483193952,0.15425693984277267,1.3829932150351163,0.6896493380888644,1.0732733388774167,-0.15649645602418694,1.814070934903231,1.5217980711576615
0.3278376466471939,1.5251752475517126,0.46827077809055584,0.4654059109518188,0.4637431916517911,0.04833566674492637,0.810160025693824,0.7515044467022067,0.9292484074395512,2.240930343223815,1.4565496972736875,2.271135423947688
0.5764953963047939,0.7100016538078181,-0.387516379842407,0.622930823896324,-0.2384517059947183,0.8230683661375218,-0.6252256670697438,1.1024481478995591,2.3525191549955755,0.27825075539091837,1.2919595271867426,0.4511519314871038
-0.9603267840450871,-0.21833283853683585,-1.8076937048226285,0.18118574618999506,-1.1023372908188709,0.5750714420817569,-1.3494967304626548,0.07323823221891887,-0.1853603334839215,0.5339701019027399,-0.6596513277137259,-1.7558325989805494
-0.28170875260499206,0.0688821547446418,1.6772466014905223,-1.2990646032501616,-0.07221451918325628,1.3896109932755771,0.1103276708165805,-1.1922940642154845,0.6924393896047203,1.2029770657849626,0.5025593639718634,0.5704429013700201
1.9166786092337167,-1.4614874986381245,0.6409466059362411,-0.5591921312808624,1.2136487575653856,-0.35865221486829074,0.6475773645480135,0.12199357386557574,-0.013754290836720418,-0.48351832170353737,0.3985652597969733,0.3305153868015411
0.7452110521723262,-1.0007376675018573,0.7316442190215535,0.4681247289960704,0.33147046152594584,-0.4118354119099214,0.4374068761964816,0.43893546304687525,0.7277884262901344,-0.32407032150735393,0.5157225967275058,0.2779474729707314
0.3181136722640862,-0.0915542822354734,-1.3282381080952925,0.22394835747759345,-0.41149376378978575,-0.7976004961764156,0.029952281535966296,0.036826192013979575,-1.2631595883381812,-0.38835374640883746,-0.32148461685497365,-0.5006096092008229
0.5380109001382055,-0.31022270995330137,0.208056853392673,0.2592920519619042,-0.2626385347066618,0.19236672317697295,-0.4042704808196321,0.43910189266738214,0.8626687649341426,-0.13410822054249844,0.9054978261308175,0.4566568557612993
-0.8185844522037511,-0.018661602279147246,-0.13698233842918847,-0.7472519496988173,-0.2558510848576156,-0.45800304079046283,-1.192865408737716,-1.3248820885318182,-1.5602198678641312,0.11308419128246244,-2.3697043198375667,-3.060367931322247
0.3148842661085732,-0.0782457741543385,0.1938208469446798,0.5671025436946157,0.04770901377373146,-0.3893868294093154,-0.1584245942972914,0.20386510148988712,-0.45298282962319825,-0.07044621450035542,-0.09523824796752711,-0.7454466221427791
-1.4511475825162368,1.8602624795166145,-0.48246965833528743,-0.6086214751747114,-0.4391935225662178,1.8203273691178028,-0.6255045285300512,-0.12540021949486402,0.7055737211092116,0.9191901527730788,0.21973278719882294,-0.5799795197790737
0.3429198318271214,1.1175116515534635,-0.6136786474397993,0.8268113797431861,-0.504735861839207,-1.3691763832352257,-0.3611654909181723,1.5454221569169784,-1.1248741071096218,-0.8100525457717653,-0.6200621322881654,-0.1709177673098685
0.08909303978811653,0.3505767755721696,-2.2526449960337342,0.5436517528216213,-0.2967719532180837,-1.5641775144296342,-0.9320028369815989,-0.06402079925533621,-0.33102075700006717,-0.4296773500939907,-0.15641020966305308,-0.23468814109857394
-0.2670325169681549,0.9920591284400815,-1.4511983603730667,-0.5919326411367105,-0.2987461209257045,-2.026675031405198,-0.22607032431848534,-2.1889698886995395,-1.101451677662358,-0.8090705062545609,-1.6080509464559845,-1.288164847442905
0.24649817973365545,-1.167938178620431,0.7289495159139844,0.02703732568784145,0.7443514693451398,-0.32941369837173495,1.5799184060131146,0.12635018100683384,-0.5020230926307141,-0.24670365915160392,0.6113490750844482,0.30814329990547207
-0.08673361406038765,0.8038271358234927,-1.505054304700398,-0.15180838657700563,-1.9533985022161346,-0.3707150562241772,-0.21143775600344195,-1.3606279001214765,0.5509901844132747,-0.09906867470690695,-0.1363212385764223,-0.6520930497231021
2.1562099406955206,-0.8447783592360738,-0.3308314185619002,-1.0693361041296878,-0.962530111043904,-0.18670133157369562,-1.8880407395795724,-1.4711708244441541,-0.5139439040599488,-0.04974455460440774,-1.3702470732320187,-2.0083478386017557
-0.17051379406205194,0.011666738035329378,-0.19180626165994047,-1.2368675546432675,0.11037705620384033,0.05299295802844173,0.14664842392666352,-1.0355323455930452,-0.7500862263603987,-0.837837960646932,-0.5284011757957863,-0.39347126006969035
-2.0291584193275547,-0.5614149392619675,0.8389883358627738,0.4531558564008807,1.4437385110611156,-0.21083645853382385,0.6592932195492136,0.5518697423237557,0.812279084929928,0.16507757705187895,2.9464857102409567,1.34578008914015
-2.123326045772467,0.5506766149023161,0.06601111046776155,1.1182192055271525,0.08143786456284302,1.5018506998804186,0.12514336152899228,0.2892827054924628,3.4435884256149247,0.38369216251937505,1.4777343313739046,0.828702874955878
0.6571694080421149,-0.12919367940090742,-0.2298684471135169,1.0203918602258126,-0.3811748371506589,-0.5955659277966615,-0.35543402637248744,0.9622973172554569,-0.33229820790164477,-0.3653266242260933,-0.051527497712909986,-0.1656013359638616
0.38897231607380633,0.5243348742926011,0.32168389668377845,-0.03825788784115536,0.19313379076873255,0.47140450904022096,-0.06635499523090199,-0.03154196319712333,0.435095836718854,0.5492459185958902,0.40118032990276553,-0.387243309028858
0.7244401818766437,0.8631751454937497,1.0408828711355491,1.150043749601573,-0.5523159035390525,-0.40415998893382565,0.7378349211729105,0.8308800533160691,1.3257839115664343,2.01750194782842,2.499022973457942,2.682549540110076
1.4833156710047477,2.8591995302290023,-0.08116025978539336,-0.35221163403520284,0.18893541150739715,1.0884512358272591,-0.20847026351913567,-0.06746078804453948,0.19459418270587495,1.4424346542082338,-0.17767578506988574,-0.22104911106534558
-2.1870655951929687,-1.0239715416951438,-2.570634335104099,1.667364096197121,0.38544453790048644,-2.05228074020964,0.4412111962884522,0.34038581378280486,-1.4872974090730615,-1.4050495664223155,-0.0931121454313521,0.6333457721880988
-1.2011722580501165,-0.2610143405588009,1.5923027442390212,-0.32205812646370763,1.420071282828219,1.4431999407036287,-0.023337369468831914,-0.44296408033145007,0.8342302726967408,0.9812135644702051,0.1278698823537076,-0.6661774707343149
0.8495764469040774,-0.11465574381983756,-0.8790733548688278,0.5840103823464785,-0.6380028276066387,-0.8088914627112581,-0.15610216798545629,0.3297146594272373,-1.4779684142476062,-0.5603569585386943,-0.28430276358758877,-0.2649243362040496
-0.6641615020100597,0.8039460938207086,-2.4068083116964396,-1.6124187816605642,-1.124430422180485,-1.8120951198375623,-0.7549515963162087,-0.26423043514421096,-0.8196110821675263,-0.34760111799236093,-1.3441865140186333,-1.356146023749445
0.6545431966189359,-1.756923585708106,0.9237403665436301,0.4347730445962821,-0.7614467126880159,-0.506364685227292,-0.9377253727401103,0.42008113675991915,-0.6849474473409318,-0.4314262691230535,-0.43275237289857676,-0.5717532884081556
0.917234706296973,-1.15161353226186,0.07655447726903498,0.7933486936839511,0.31102681125265697,-2.385796399438118,0.46660842775750777,0.5454049243111905,-0.522033015038776,-0.7237532004477025,0.2760861902567717,0.35980393366751773
-1.0242096492801611,-1.5286748647653685,0.11207523690103474,-0.6890746559354542,-0.19227785624537036,-1.3686076170130348,0.08161509811271023,-0.6135341378708944,-1.926351575517523,-1.0493398139557997,-2.934475146920288,-2.0432479606066267
-1.6341848390832534,0.14134842337104792,1.0290387879705312,-0.03109201712699241,1.56364901251981,1.7717549188868311,0.4457389460828618,-0.02881696331679947,1.8064723773042055,1.1732517287728206,0.556212809035186,0.19186209924209352
-0.8801755864489437,0.03889861157903389,0.6602329244973905,-1.4056100207787738,-0.8398854264065344,0.9958697215699577,-2.08791666854692,0.08881885244008136,-0.259794468939351,0.4485613211131779,-0.9726940267783315,-2.5743268715954075
-0.8849741553178748,1.5317882246031105,2.0565473085021604,0.011865837839285076,1.428443989171647,-1.8399265208938194,0.6943481217889909,0.2389754684978086,-0.11323167027363668,3.2307481781295992,-0.061559297292001505,0.4817838299103995
-0.14823925287812115,1.651580353158081,-1.9156141017817696,-0.5437109954530905,-0.6345059380131366,-0.3959915907730467,-0.9008424417393046,-1.0810760316685033,-0.06496634177351213,-0.1238752902104977,-0.9279583552465802,-1.471565679328877
0.9622745443225074,-0.059842504476433966,-0.5212836369238288,-1.1197546990105522,-0.04915558073220927,0.1084716183020058,-0.06204717037300515,-1.1465700539982642,-1.148239630529925,0.16719233743948303,-1.3742705814142884,-2.266876172059536
-0.2174007852142447,-0.6281324922301624,-0.34760937687435395,0.2328718449168375,0.42623125258089706,-1.816860240204217,-0.29395741420301136,0.05287496760502536,-1.1227567295095837,-0.6811825723196617,-1.0621648939916788,-0.9363608920851125
0.7931675379457322,-1.3582970048250995,-0.6506917337533331,-0.14688794350541556,0.5009186306165374,1.1812411981711903,0.6264649587340333,0.11749294559100948,1.3695861503606972,-2.4325250713902307,0.7524044422005347,0.9537424274608296
0.2330826425432714,-0.9887772002696926,-1.4176043974054726,0.2869343332713508,-2.408011881147593,-1.570647195400488,0.15596493513343862,0.47941066359022455,-1.5356144206844764,-0.4977684124950501,0.2829457452505342,0.27318102977661646
0.5550590715118746,0.8183742703774705,1.001676761400215,1.5905209824874658,0.9205954322011654,0.9752176042187792,2.2054540803034057,0.3356023217297979,0.9192347992548175,0.9057620747268824,1.4395033634888352,0.7542542949254372
-1.2704018139596744,-1.3891839414485752,1.9244025957982136,0.2552278398263501,0.9887538715024567,1.5703363525806266,-0.16752567211906289,0.40540864978635366,1.6127042824528361,0.4575085748314611,-0.03754950447696581,-0.3984622579572944
-0.7540526424096127,-1.637702467137199,-0.938262989614823,-0.9843942319757911,-2.117190118548545,0.008367674681557857,-0.0014468643639590495,0.6002654704620397,-0.23370150435021012,-1.8782312809812864,-0.30109973113011346,0.26068633179231315
0.18291136880249478,0.9786436467409463,-0.2472087471283246,0.022613417949731318,-0.2814829574243276,0.2902447553679875,-0.728609742208238,-0.01805219029618684,-1.8152267239917017,0.05105797537178092,-0.7003176630651056,-1.373108219132733
-0.7707670238986815,0.5484477534430747,-1.1822119367894615,-0.960671961539711,-0.17519033293489428,-1.3314130443269532,0.2965626385722854,-1.0358505244977558,-1.288597790482938,-0.7711403879735522,-1.7059567404147926,-1.4122568109523967
0.6273767994537478,0.6379523184047264,-1.2266756035470043,1.8349927842647675,-0.8215652919500956,0.7550116271937838,-0.40174405304728356,0.2719305481540226,0.7419921123012045,0.7321652203000055,-0.05105385255060846,-0.6927539809243685
0.9227551897388704,1.068858627978337,-0.7668044524038595,-0.09652615118116847,-0.3885117299587996,0.5538502334625267,-0.353357481507632,-0.0645048087856445,0.4801648631710563,0.47185347816953094,0.17162836222754815,-0.43010372254865753
0.30957490379224584,0.21930525384336094,2.343548587598911,0.8138098652199548,0.48992323163985674,0.8896795532887501,0.8132918221630654,1.5388800561293532,1.8245820990674608,1.094589605714109,1.5231146074224458,1.0256645913905018
-1.2442156748658337,-0.3341660361024726,-0.32897042261249937,-0.806155983488186,-0.5576899994252854,-0.004336196336457321,-1.7253205738437527,-0.43567855758799734,-0.7127717257718427,-0.2534662840088453,-1.9914116567985771,-2.2707857568534164
0.3933911321136016,0.33001111276778355,0.2571962987254661,0.027786673350942315,-0.18860119421335586,1.007250217393377,-0.3107380513306273,0.7254178637382257,2.490706992399929,0.35867607023137027,2.314235531644802,1.1902613783067708
-0.2946182783206736,-1.2280666161747085,-0.738768342876828,-1.269584943762339,0.6585458974801423,0.04458673458219209,1.4854233592779398,-0.3591437102071755,-0.012339447664056487,-1.4695859118826071,-0.09484748055240089,0.3618292260680013
2.1915717160323926,1.0025189555862026,0.5936837743466791,-1.4400672321675394,0.9538466460254252,0.058642000279275845,2.0122506099481496,-0.7793880634114241,0.2673936665313198,-0.036849993211423904,0.7567051831405037,0.5656562358428461
0.4833352770508658,1.0338489788483327,-0.2785325640218972,0.4319899697365921,0.05111507342371613,1.2424487620664462,0.3224317290163163,0.5065224156016584,1.256332093392685,0.9758600966143103,2.5089330257810363,1.6728255425552652
1.3591644217649692,1.8257709184712743,-0.6069110874321888,0.22710665462774574,-0.7695385689079651,-0.10874574020229355,-1.7890236551858179,-0.1298991754692594,-1.3334207255360888,0.1145600318981968,-1.326162348194745,-2.13846411897579
-1.4458120928720566,0.6913406951508997,-0.3227262194493416,-0.5587896796156975,-0.6875120100779066,-0.23856068079733195,-0.9414726147004084,-1.186702295337074,-0.744508856551616,-0.07320005991835438,-2.417862578720604,-3.0562554224924465
1.168331482110433,-0.09946558850205435,-0.9907100462066216,-0.6363921324487983,-0.8330879691771337,-0.3950078740204678,-1.9630633873695431,-1.442054992275554,-0.6755064708764661,-0.9805227231265214,-2.680180841526427,-2.3106103775300237
0.0557333475071896,-0.8953030479585377,0.48920935729534964,0.238050917834652,0.36757432411196433,-0.8131302635178894,0.17691914960776978,1.264444804492915,0.34326677734725164,-0.15261702267508642,1.4477486102132642,0.5804283111802164
0.470906953923336,-1.194498496281325,-3.1234459938781574,1.420225404552283,-0.22952854580128645,0.021685649068156954,-0.44332466325646114,0.9591783832297878,-0.02153319673614823,-1.1473071694178145,-0.12501012617460583,0.05313559033404036
0.9782967940451086,0.03169815309913246,0.04764928772139111,2.1792029715956005,0.371381421411173,0.15499404523378568,0.1657625810279777,-1.0877337948571957,0.7360671452150946,-0.17612589091804826,0.6119492039562391,0.5172047736544636
-0.80370412547803,1.0616161590724063,0.9374584904059153,-1.53509320539343,1.5741669355379937,0.11145083537776805,0.6580899858953417,-0.9816059032594926,-1.6755911130934495,2.1472739485452284,-0.9396628340400535,-0.13306645192863498
0.7391262579614801,1.590222517131016,0.14872658609897974,1.816536046302452,-0.22606799489866203,0.44068031979010985,-0.8707349771634092,0.1485591150863526,-0.09738019325420805,0.522163747861908,-0.4056039658345994,-1.6816213958551012
0.41205793277861347,0.34785421945092804,0.8959529281210306,1.1622779713802152,0.7431028280598339,-0.5887164516470497,1.631399916537207,1.153897879473206,-0.4055226533991833,-0.7120555940084314,2.910940503042944,3.1229129024081423
0.4143835927321979,-0.0917996929568868,0.516795370564526,1.2628040720543328,0.570625784023099,-0.5839945175430571,0.9902414703395174,2.833463326693913,0.02779282284820017,-0.20091034906841138,0.18162627723377167,-0.060792471585204955
-0.9603506191264619,0.552675086233463,-0.727794426675944,-1.1071451478531635,-0.7018106479793922,-1.026204868133492,-1.213468121344225,-0.5771027060594077,-2.017811948671837,-0.19960813704421507,-1.521358486123146,-1.8571417691478498
-0.1915600055031649,-1.221525777943248,-0.5162312699079574,-0.5142790780141224,-0.43451531897393897,0.03721543330591981,-0.10025406052495484,-1.21766462138899,0.046808928819147,-3.1273025641972505,-0.7753157024866296,-0.9980634922146274
1.1331547495660252,0.3885709782381536,0.5868872822810395,1.7070095589911052,1.4223170381349286,0.5042491857466181,1.1434245701262638,0.9317989701992418,0.140178922090628,1.049009185909167,1.497615821409147,1.0821379602236842
0.29567464296775525,1.7020670823764428,-0.5233761662422352,0.29764078830845997,-0.670100688067055,-0.3400247647835749,-0.6540639469245507,1.4429788077252295,-0.31022451201489765,0.8924287088122147,-0.06614897777323434,-0.38924962553721043
0.4616239164723769,-0.6018658302111939,1.056627489003804,0.11122010360105106,0.495107106559587,0.337152542270435,1.1551750948861816,-0.09958528330820499,0.3722404558214596,-0.39080817693024106,0.2673265828603947,0.21053343872970876
0.8481903243916363,-0.3170334204953593,-0.06092340904247264,1.3043221490286823,0.13489619566244976,-0.028562109666439683,0.3417909920767974,-0.4562983151047215,-0.5383681040884023,-0.5901038635770838,-0.35378620177756115,-0.32062507162522597
0.8407183833326421,0.2607761392565466,-0.07458172991326706,-0.09548072223816206,0.10766506670296233,-0.27720287188828535,0.7284279731331529,-0.14938835067214914,0.28897542969510714,0.019753817841921442,0.24941503727493342,-0.4249627791957168
0.016482251694059136,1.1175670032178129,1.6667428311975936,0.09891337226944036,1.6843300088706874,-0.1002939208595923,1.280423308010336,-0.2862134496961056,0.6101776569315316,0.09840859253885381,-0.14478023063112516,-0.9818131029623978
-1.3150427592690621,-0.5339330656537167,0.7335409818147821,-0.8039921346865431,0.3826954660460361,0.9983628678309542,0.3009290750329332,-1.1023357366578121,0.5336038956156796,0.3329098650423516,0.04333419457905183,-0.532238135608516
-0.5709613252276204,-1.1342969567305716,-2.5107917021742456,-0.5016554704837439,0.034403390503933484,-0.8385870519945197,-0.07589476180409196,-1.377012829900473,-0.1073444839376887,-1.4511578354787855,-0.6950184865367148,-0.028224964152864795
-0.5593130332089545,-1.1813252824994216,-1.8657825993316197,-1.5965615007400307,-1.8130636682636214,0.0034152690921638307,-1.2294605438777233,-0.6940739329973418,-1.5675082085327419,-1.456935972046439,-2.122045912045364,-1.32493627792167
-0.32489970821021863,-1.2805064316378845,-0.33618702548390106,0.23744911687902126,-1.1775618025131462,-1.0413491520842897,-1.6773324818035769,-0.06773544009921961,-1.292621211971907,-0.41882480535429556,-0.4362543645754908,-0.5783678799473426
0.30380554215305133,-0.90308695780805,0.007319357998295915,-0.07150201053601768,-0.11802394841664998,0.49791943606909483,-0.22767790863761458,-0.28504470875738935,-0.061505807801814416,-2.3354644705460545,-1.0278156467678987,-0.4995661713342374
-0.32031561323696645,0.8554788173806078,0.15492530679883162,-0.6354940112080261,1.0107479683133846,0.7691893959048611,1.5397694715992523,-0.8344055268973616,1.587422282356263,1.5226542681703485,0.6188562196733226,0.5849400726597328
0.11527335355027651,-0.24741908969057597,-0.47901805029459116,0.674818636012205,0.05804714693000251,-0.5848021796928252,0.3528829163966407,0.8497873024586582,-0.18837179427436757,-0.6069535512023406,1.2757860779933763,1.3603275556619638
1.3345092648821604,0.5515913801020582,1.095468754627192,0.6552837958657525,0.742429738706323,0.39549107198730205,1.4754756634914852,-0.04939232204856159,0.9023652008984572,1.4344906441520466,0.8374626854243654,0.7313823851972332
0.9520555422779619,-0.3342551620183052,-0.4830495566908003,0.6620042246538624,-0.3026248533668723,-0.7572275582692003,-2.3696862109269907,0.67617153583863,-0.8421721187046208,-0.2179107697316583,-0.48872623444696317,-0.8768707929949004
-0.09690427354089903,-0.38704996751186505,0.7212504826033138,-0.8154117604434753,1.1996568634041622,0.08459943615095958,0.4495144904680628,-0.7113588541685945,-0.918241872602397,0.030533901345660086,-1.1106813033150909,-2.0448210898806227
-0.2528123468473311,0.3529357110830992,0.03437283084345518,-1.1891701085828053,-0.1366979603660473,0.5955417847606074,-0.4973085277411571,-1.2042036043271016,0.46758242271391715,0.3116752997528109,-1.3416789653339514,-2.265866267930684
0.1350545291388708,-0.7050535915509952,-0.26635577489832135,0.6088802531692985,0.294774977972152,-0.1545946211036815,0.7414402971309286,-1.2873950848488835,-0.10664575134952592,-0.7645430700630366,-1.0027263964889137,-0.7403412294046829
0.15650829058423218,1.1636640133314777,-0.4383637457303927,-0.09355020001241898,-0.6019503318071486,0.48641465160170405,-1.4024267426960308,-0.5130357833388903,-0.3020026070008253,0.0549630103616382,-1.2362963390351243,-1.5690215616602805
-0.09086478331703657,0.31401437959432843,-1.1993638844263785,-0.09901880878492132,0.2162500810543342,-1.1198010784210504,-0.14863492100316644,-0.2645130999146692,-0.6385521208974245,-0.8885886380526811,0.29461647190317186,0.4996067332847841
0.1427732286768108,1.2822271649478774,-0.39247138584339336,0.24148119459356318,-0.7215052497218646,-0.4190388943714035,-1.688848911452941,-0.5529935973500296,-1.551810011734029,0.689523740537907,-1.4193803326902303,-1.9514853783353452
1.196967397263878,-0.032150187568499175,-0.7569027314030695,0.3126625046294239,-0.5230985386624296,-1.3058798636271787,-1.8926453911326853,1.1278743750732803,-1.1114660419338518,-1.1100338686836062,-0.3939341492210751,0.10725036435272964
-1.0181569911556634,1.5917249452361635,0.1091957900911684,-1.2211534204880738,-0.13524817955817756,0.5584667510557988,-0.44400289359811085,-1.7961868441880398,-0.12408089560609567,1.138969494246917,-0.39729968384211906,-0.7886305565775839
-0.38498385212515035,2.7672632636723797,-0.2602882463075243,-0.7155920332463971,0.13043307243370794,1.4759625894998933,0.5147742965031019,0.2669866288663366,0.2810138245675067,0.4352030680201211,1.8813055756400758,1.1312028816516575
0.4008111461536269,-0.04469547870469018,-0.4152401590462821,0.5630470986918958,0.09882868004925072,-1.6826777584463617,-0.5264731117437104,1.196400368200195,-2.4449154969734264,-0.7329990801013815,-1.1782176947932181,-0.7472668693052756
0.7502800545911708,0.7060077426602857,0.666480757656232,0.88341528511676,2.0928285892131586,0.646248139140007,-0.026969094984288233,1.0291938757726475,0.402839965142188,0.24161901682504572,2.9450653988098416,1.8161938324866485
1.1768304741582383,0.6074027493286287,0.5085612747077066,-0.8800678749442945,0.6732297262042484,-0.3022528649497385,0.5915894907949413,-1.6789015106523477,-0.9391307418019752,-0.24065998375061592,-0.6785121924625401,-1.1808166139220628
0.3530345564948626,-0.3349180129720816,1.2650476600060845,1.2454773271100974,0.851402157041937,2.045739085770967,1.008209055805717,0.025929499784963395,0.48299177167120755,1.1215523682210897,0.9466257475509068,0.48668920449900566
-1.1652771176162715,1.6997757482877274,-0.8360461813811934,-0.05144040201581912,-0.765278341049321,0.8395021655115381,0.32076579805209793,-0.9170130066127953,6.35575031046609e-05,0.8336914473576581,-0.09930161578122762,-0.7929866917860888
-1.1310497342364176,-0.4929189551025367,-0.5071582278124674,-1.3923367805691078,-0.07381979856856652,-0.04127354576861486,0.2993904549019267,0.1359601655908247,0.307180987849769,-0.7245652238845879,0.9500663512269016,1.1506895926169183
0.9773257290344894,0.3928920191348159,0.21625295923421706,1.33207707124575,0.8584408292616457,0.9234231106035666,0.9433500303962183,1.324919826074995,-0.796254573271042,0.6455534684882152,2.0423600492584266,1.1587173718458572
-0.855131994982884,0.5526383637491333,-0.13598574132348695,0.20222883542048198,-0.4676867895605482,1.2552666746693966,0.017337200162280353,1.8703282128335348,1.120559271193716,0.6098311319744053,2.237692246792123,0.8113711713383192
-0.46942726079548924,-0.8794723834545745,0.2704438428991433,0.09025992280826067,0.4292033192523589,1.0006668322686647,0.2572928508958774,0.14227967976272268,1.5977515473371282,-0.27389301230507107,1.163222474915661,1.2224240185713164
-0.3413613087798615,-1.0807415765015151,1.7044231937122913,0.07766537263398332,0.6176307521808723,0.7192277189814915,-0.5328423921859979,0.35559427887504463,1.557033369977935,1.2112807554833211,1.45311024733669,0.7756114758420923
0.19908626358021378,0.05950150416941781,-1.446178541439624,1.0826959423113156,-0.36664214936157025,-0.3650160526352537,-0.5356690866739146,0.7401684909638295,0.5623128065915584,-1.3201646811822976,0.14249711769147064,0.7839838657056803
0.32916431412231845,0.2939511820321731,-0.8016046238510672,0.7365612131758386,-1.1988132407699665,-0.8534742082737443,-1.074933384468622,-0.03742961411491952,-0.9773314141524084,-0.6622344696998561,-0.8144523578951072,-0.687056238710393
-0.2676666097528404,-1.0536721328817884,0.09684311286224383,-0.8161582499222225,0.22920387518757177,-0.7286649724616757,0.5555023055114019,-1.2716172959455916,-0.21176335685384085,-0.6351423672950041,-0.40175734675671504,-0.31998643395518334
0.7912791005701302,-0.8376369895293655,0.21130126276805644,1.0076054349510835,0.2999959036845712,1.0309517903605574,0.6636718173662886,0.8323526500178224,-0.20316099237386254,-0.9954597639378103,3.176821717503158,3.03670712909765
0.5444644949471582,-0.9977143536252356,0.7926885124007139,2.00024815254139,0.7217928891336629,0.2094514200610388,1.6364875211053547,-0.04784616797951069,0.8689538324864309,0.009349397660149972,0.27402434618068683,-0.010517140376505307
0.36461683065027284,-0.9039192558531026,0.8091577844338567,0.4260980777680802,2.32216838655123,-0.16441650616386458,-0.22029923785546685,1.1123524739824564,-0.1814742018376812,-0.14904015342940743,0.6958715445310814,0.2364260135691202
-0.16174743054714041,0.262491321921128,0.5802107980212369,-0.21744089634629804,0.868471388702041,1.1078959205352754,0.6964058761144918,0.7219237635526533,1.4230312750467318,0.43031743623609026,2.555727950526392,1.6829426627802782
1.5071086968690919,0.04442289051722037,0.9639236394229789,0.5137113088430887,0.9059486161505309,1.1762929891795308,1.0705348648460447,0.05115598467275917,2.1417079590704855,0.7279039901004576,1.0878001743545624,0.333273250302085
1.1403003733205146,0.9911741728656158,2.0883033741482153,0.16161649384965404,1.1179041852533946,1.7781829168135515,0.8524849775002658,-0.34587099906719493,0.997041849073893,1.3941458394907382,1.0229684514463961,0.870551248115688
-1.0628130251171177,0.5847351040639267,-1.0482776766464241,-1.782802331814042,-0.14102713711807513,0.5913241518360679,0.01874543767207898,0.49931634277755643,-0.36946390228262826,0.8889367424237788,0.861993446789455,0.2919885400273007
-1.4031806711972543,-0.6165383436409843,0.611011718334736,-0.5639600426362855,0.2790663464275887,1.9459191070040283,0.9023468136269239,-0.8445731437426056,0.3931185972249951,0.6500958030780166,-0.5036905151992451,-0.5198127585439847
0.20774086801033778,0.09574820701499584,-1.2705602316133024,1.031303488749253,-1.9152989202533373,-0.17067886535257953,-0.47914030027640436,0.30921128493389427,-0.849841078061988,-2.066119166321558,-0.06066821404240739,0.4833157583852927
-1.0481561843397655,0.952829859638205,-0.016020908587957523,-1.118941079382241,0.36076721933465916,1.8268621545203287,1.187491571450152,-0.930786457780725,-0.6536580168801654,1.198863347776051,-0.32191019629062556,-0.4171122946133954
0.6819589923311313,-0.9175537588423623,-1.4324075593356085,1.6482961162282026,-0.4872090676273282,-0.8001889742767897,-0.7783840946312459,0.12959797493830283,-2.0358285780844447,-0.7188329315932637,-0.9839992996948848,-0.7688827002145159
-1.1137665244582748,-0.17614339249198738,-0.6914101677020262,-1.2914119660240249,-0.7148333998509736,-0.3117609473087041,-1.3276276136299008,0.08969291574793747,-1.5685320076027742,-1.3771368298717497,-0.7639588552230412,-0.1003654477722861
-0.7313097166234134,-0.8166525923478529,-0.23120072542984174,-1.4883806214233992,-0.0002494305121278906,-1.0523841890850865,-0.43406109004754556,-0.7343998435157664,-1.0082434552961455,-0.4981685879885421,-1.5391569514786152,-1.5993046988671171
0.10517991694585492,-1.9157864478915048,-0.5659394237514346,0.09306320646800581,0.3767337246531338,0.9323167029347385,0.6208954693133725,0.34804166180789164,1.5446601484875753,-2.368063807694327,1.622413224725849,1.9511913732358053
-0.06576152622454169,0.7386427349078449,-1.1443659647504771,-0.4021830366260949,-0.13663736963513873,-0.9990116947188581,-0.3655710589828167,-0.053866781670942276,-1.943573876114385,-0.7042351697515642,-0.8303169466432985,-0.645802524785797
0.3785429984061307,1.4462093950978054,-1.4250570635474842,1.4306287491739837,-2.8040583240345223,0.014572902533676935,0.31326438154019187,-0.47115831128582697,0.006343794537613613,-0.05663902584049318,0.045054725739952506,-0.2705154706349173
0.17217900360495184,0.48879802386807125,0.761480332807144,0.07449936999615564,1.037465667840482,-0.12015768266578986,2.9671906632462557,0.07327119690917695,0.3674251849527482,-0.33506180842905287,0.2921115421553276,0.14406201954042025
0.10351967922329541,-1.4962466216896775,0.9436123521569587,-0.3004540506618746,1.1131438031960994,-0.7956532659986097,1.5078887104318084,-0.5978863080366215,0.08081542832037486,-0.17675733484282585,0.17443009330774495,-0.03772104422187739
-0.6616213552576978,0.5221551754533517,-2.4772536078348835,-1.4151090556686396,-0.27939668660186756,-0.23816324878478876,-0.5641227973452867,-0.5248267993666312,-0.7387223541266046,-0.19680350636533828,-0.42734991354421825,-0.7897407296331606
1.8307200604741085,0.4069344342425544,0.23536012851086563,0.3923575785882983,0.5934416795173956,1.676804485312596,0.4878961224328104,0.22922739228047612,1.993237239130389,0.6644856729417759,1.8834745998770825,1.03397430875179
0.8238157102155048,-0.0450015329609362,0.7022715423218886,0.847887034144933,0.5831163526049018,-0.4278837754296205,0.5975713200726478,0.9185212172671117,0.6838760577278262,0.0861514226011107,1.5639746040511533,0.719659698962563
-1.0580208287542443,1.3127497215835802,0.11741131548013067,-0.40693429937026765,0.7077552172019758,0.11282655379865046,1.5727729213764499,-0.11628497252144998,0.0019345084728902145,-0.008210593776871722,-0.03969437626812922,-0.24983675390884086
0.40373613706669165,0.4717459611299029,0.062079790933763444,0.8379900462638592,0.2826711701283179,0.70031635800989,0.26310003683224853,0.7540036455876504,1.8359968847691523,1.330846636789032,2.662846533415712,2.372798840760682
1.1843621168199492,0.641711815638164,-0.17390948696096936,1.0431230277731773,-0.3791990486753183,0.4632714229710018,0.1964507238952269,0.14642349092785045,0.42947330985332144,0.10400392536006492,0.9097772616733629,0.2655569105518291
0.47491455518303066,-1.2731721258827993,-0.6312894974303177,1.975197996170897,-0.2823286161284785,-0.2179375399485356,0.10209557696922084,-0.4814235076062743,0.6888844892631429,-1.5172540763045774,0.42679795283675637,0.6679380475886287
-0.02779342915465297,-0.16708481258990657,-0.2546295984398286,0.20602529676587364,-0.25167078649787766,-1.14650594878414,-0.5893093590569772,0.48699913306349846,-0.4692261605305124,-0.46306128008622466,-0.3521916538235891,-0.4398224994408996
-0.6576377769426786,-0.36847459120002063,0.20994186519154584,-0.8328372785051444,0.13006859902354484,-0.3451878773132641,0.07408253271215447,-0.1885457948488397,-0.625977472721432,0.19315580571495317,-0.6766591095520996,-1.5312683193607939
-0.5261080759105737,-0.02756127738454966,1.2674457668272343,-0.13055384655720814,0.2890235627490746,0.3264178519867226,1.1837450617301026,-0.546065535008422,0.9966278818077766,1.7033719424767577,0.03578060609731526,0.15188568739237124
-0.17310767891490136,1.2996225293091073,-0.6526978129193487,-0.218417282042155,-1.2614871090734274,0.7352602729961557,-1.7036589368277748,-0.869834080969446,-0.1689574128663336,0.180631908039101,-1.531825439709865,-2.1200349034773405
-0.07200696942215228,-0.3593623706783654,0.349955711019884,-0.08632727444584234,0.9418023829913978,0.3983319322586324,0.7218215292463899,-1.055731852338502,-0.5045964407459971,-0.07908167666651565,-0.454489683420319,-0.6734552925226021
-0.3743541776176952,0.045153117481999114,0.5433255931420866,-0.19685929303584648,-0.1745128668849637,1.3355619264164695,0.15713692451847283,-0.8865109246983942,-0.09759414787432441,0.5881999231288566,-0.20781908688368353,-1.336723122381815
2.1195791427238224,-1.5663829180744626,0.26227078006541993,-1.2333219958165405,0.24862401351572594,-1.17478767028456,-0.5913928818172902,-0.9804491170529888,-0.6359040508290331,-1.688304240121414,-1.4699057210033173,-0.7256178858016393
0.8056058248753901,0.5394455015741738,-0.693835623230099,-0.21879224561210708,-0.24379578155949727,-0.9057513025333783,-0.5183484750986355,-0.4014311883948071,-0.059644112579411934,-0.3800268514977391,-0.5204782050276116,-0.7088690705715688
0.055678537801758486,0.2591970952992267,0.3145952542946654,0.35783359769426937,-0.0036368459239404793,0.905520732601464,0.11929490563386788,0.1556784413098663,0.27208351699647404,1.1900006173830924,-0.37848034517810925,-0.4901912356052588
0.13834453795509932,-0.566401852557244,0.06657268253259878,0.2374479906956779,0.10160703343386217,0.16644658316056749,0.4607005542447886,0.11802711295553442,0.9593911058513567,0.40315834449983706,0.45010764112898777,-0.3574955290306794
1.4419458370222697,-2.5648178595674382,1.9600869773314598,0.46564670575829314,-0.21097167619817303,-0.30368825097683705,-0.23724450230991115,2.160039003250151,-0.8679337390792641,-0.672267812746957,-0.945768972572435,-0.7719804886512716
-0.5214303618824774,0.8822770583700916,0.27175130409486814,-1.5336319428809184,0.6107377782984644,-0.15872937121979502,0.5191382238158719,-0.2020906354160635,-1.059304453028854,1.7221421777862522,-0.27720024926687375,-0.230785261734749
0.6048429891559134,-1.59076212528012,0.6170781121431487,1.7356537953972029,-0.13745635329818118,0.9972437811565237,-0.1683971942856407,0.15301420248267317,-0.9922707657319138,-2.4710009432674775,0.2684704420571279,0.42651931937188337
-1.2818785136182258,0.17694399469339234,0.4051468941948252,-1.1960744609259057,0.3211678771437322,0.4597869588425534,0.597268479332267,-2.022945131852924,0.35638828304723064,1.1559886232937577,0.1276236899445291,-0.06933380432947966
-1.763325820815763,-0.7611212002156716,-0.9133413672112739,-0.003018493195666716,-1.588206696964169,0.1457648409491618,-0.394077820644136,0.4820254221531369,0.11605814019611277,-1.9079124587410266,0.3579897309773492,1.1235246558388854
0.09955197270079146,-0.4636020480231242,-1.1175163903651695,0.42903328047020295,-1.0749396714886947,-1.4916126375543657,-1.263021888554755,1.6940072555884922,-1.6232874298184323,-1.0536680653221164,-1.1888573281731067,-0.48626241731399017
-0.11641101945757942,-0.8182579605320127,-1.5775774094308084,-0.5774171772810811,-0.3691582144740194,-1.505825181297351,-0.36106336851604515,-0.8262129010808634,-1.3228434309001789,-0.8572510178874341,-3.152527405204186,-2.7241269225619718
-0.2076955031334602,-1.5086551177628222,-0.7551818493020449,-0.7196835939546529,-1.3933413143594235,-0.7626780279122517,-1.1984928395045165,-0.3975594674991355,-0.816527981042774,-1.00614198554592,-1.3101658239310585,-0.849839145518847
-0.7300714575005671,0.4309614014772178,-0.23525136998962023,0.12842592374691253,0.5619562017641755,0.16561753827258868,1.0375723757998445,0.23829811368957599,0.1555338845719726,0.20484943268831873,0.29687050061834674,-0.1809711305407326
-1.461418112691598,-0.4558317805589187,0.101743456035911,-0.20308160738259934,0.43798843235014556,-0.23300903215896204,0.6974183611975553,-0.4135067708780016,0.03243178072696348,-0.2602953628207367,-0.045442910068796555,-0.2908217346808091
0.5722356939820321,1.1719920677624012,0.9733449049556041,1.2032198553492564,0.7898078528014402,-1.4797089638353136,1.165169386999939,1.8302740163003781,-0.7498330002358458,2.36183525411116,0.2300367755306038,0.5845197838712247
0.302314297768061,-1.8262900615022426,-0.9222670193397112,1.0744042475813027,-0.13780252286520955,-1.1400080726411694,-0.41416024007676455,1.038713591436607,-1.6281465520382241,-1.0328112129228315,-0.039788690814497436,0.5727088845122512
-0.3230361539742367,-1.1930341190256069,-0.5114340682161072,-1.3599583884495572,0.0649385535160164,-1.2306289158927881,0.4301996976286624,-1.7674861678866782,0.2929894548227592,-0.9236712636536668,-1.7338901552778103,-0.9927053491619751
1.0677384390251117,-0.47281319010489953,-0.5988904141219126,1.2932372531422907,-0.7750003226955279,-0.5872600829206578,-1.59515031646725,0.9917677263297136,-0.43171200789658043,-1.127886426248917,-0.692493793864785,-0.07514252902447444
-0.47255350341517643,-0.34221012665650985,1.2439898008731671,-0.21797744475320324,1.244975992006063,-0.14317482225194444,1.509776471080889,0.005966811819049012,0.31230196220086304,0.39123223986834466,1.779422009590146,0.4113101064201451
0.45653534735103407,-1.1271256889293246,-0.14388835003378375,1.273955207848756,-0.39742530748889937,-0.2585584518085078,-0.7965412717549096,1.1860327861334645,-0.20887300843314704,-2.621186995349929,-0.10273684295189628,-0.09691571130140647
-0.5336469318245858,0.5573776422573882,-0.024629503942324774,-1.8727012734361612,-0.16375450409581713,-1.6345513760878663,-0.2860633072174321,0.15722607698803914,-2.9467474009724253,-0.4833820941843606,-2.4169192905493277,-2.5004846542561436
-0.6712582328615173,-1.2438026128504454,-0.5575749129631173,-0.032872115965233095,-0.8009735435180545,-0.061883043870445076,-2.009437318759641,-0.08935531169183383,-0.24603567382533653,-2.4850060730684866,-0.3590934170301109,-0.2633400889309868
-1.0461990610856786,2.2696244367448113,0.06764660508921656,-0.6437434071136814,0.0027248793976173274,0.8433237498296251,0.1142089778234966,-1.5123818028642837,0.753790102427008,1.7136706212448436,-0.26780925592612304,-0.04826289524677188
-1.2896579889011153,-2.461707038604143,-1.4186453371234553,-1.3168416006932748,-0.12538560009708255,1.5469631559933728,-0.19736891375232127,0.3197527886564434,1.7076499618725844,-2.6682653283173376,0.7073145675887349,0.6831189071417856
-0.20929834765616617,-0.40616180651950645,0.14944682272414778,-0.6859225837540135,0.46531904594982804,0.35843932115752003,0.1290573411391402,-2.0108382219163214,0.6969407985710708,0.5268107433668836,0.29725055234206943,-0.5483759128765479
0.49621026319140854,0.6948463814004567,1.247279470082242,1.1300080619825477,-0.14679649571976738,1.0370623646905672,-0.2676966146260902,0.9919688581651311,2.2594833249241293,1.8611542816587727,1.4078433059532252,1.7340753457899805
-0.23227215149742664,1.4159753484388173,0.19849287564659965,-0.0632632141896392,0.5136263994912146,-0.1711170747709244,1.6664597051770327,-0.20574705771027868,0.19900410888737616,-0.07472162241070945,0.17358819653754415,-0.22849929608172945
1.0185139530528806,0.4874471092712768,-1.3383271460299113,-0.2146483361371786,-2.1142442692834087,0.05717770004895498,0.315355417233349,-0.01615169379120429,0.4087733614001496,-0.010375665232609799,0.09042208263363652,-0.4836652385418375
1.7880805023553437,-0.18345724520602494,1.146322304679417,-0.07758125597977927,-0.2789272343070264,-0.8393264901866888,-1.0816046168919766,0.037166253365988666,-2.0333241962363306,-0.39812568491588496,-0.7126504528869906,-0.8832549568147761
-0.2701641848481055,-1.6093896077992358,-2.736282718025141,-0.8201171345808876,-0.8431078055027466,0.26621580937446576,-1.4511214434738828,0.1897561553792836,-0.6740975090295638,-0.41623923554040343,-0.9045254975941421,-1.016135243427692
-1.520892565540173,1.2045649263384535,-0.9846557901873325,0.08127390108370305,-2.1733361241686158,-1.627144712213629,0.2447921398968138,-0.17642775565939933,-1.9150883529944986,-0.46366057636701163,-1.5680397036865479,-1.64589838896471
-0.3569454903393132,-0.834600763756688,-0.20556730164974965,-0.6702181036051891,0.16079718447710786,-0.17931672886518446,-0.0005676075905788891,-1.009435246174337,0.36505178354371104,-1.5368161984971194,0.312207251845138,0.5118875880879672
0.25944288199116133,-0.5214470012731424,0.06344730400661368,-0.23282059398356575,-0.5419513738013374,-1.3963521243852957,-0.7032916056018701,-0.028147867620019695,-1.6129744259050376,-0.5132386735264789,-0.9184417404017728,-0.9524264524922362
-1.002687927293663,-1.1398543091133149,1.0106582625396272,-2.0890765135983944,0.5998574528458198,0.044370139651517676,0.6972337802163364,0.42264156496234995,-0.1750935296174902,-0.02608278569952838,0.2759069525956557,-0.06862940075156809
-0.15688175428748533,-0.8231714308418137,-0.9546396267881798,-0.8617907667870865,-0.29609693548833116,-1.8361794331693981,0.07058357628877532,-0.4538576628189449,-1.2624205412524638,-1.1375002534591063,-0.6709133437528284,-0.07741099992996214
-0.23796878784568232,0.31749661799381124,0.29407455521636233,0.37168550791694704,-0.09399132945531963,0.4075462120467829,0.13967268157068963,-0.08877831613772846,-0.23196229502848942,1.042214486703064,0.04738396557379812,-0.31267171274053895
0.9491164885816517,0.07363774555903331,-0.17024105757317462,0.3104411353574319,-0.3306062153029431,-0.10648967012215838,-0.7378832343523194,0.8886439180235703,0.21353843097103742,0.24326688919870926,1.0349636356451783,0.32743910251918207
0.508041559145003,1.3895871125792019,1.008922470916173,1.220349721293883,0.725315883495423,1.2108591975989837,0.5975642567682027,0.13707804552770808,1.093672854288985,0.8720689116512526,1.7228778913111853,0.8443777758245374
0.2509506679691966,1.0591069369003054,0.9466538256327626,0.8211652989282152,1.0335394762761678,0.48558218951462573,1.2065120072365547,0.49034436343084875,1.6185543671401186,1.2738713149798895,1.5963016979846052,1.3303532574125834
0.5584909046088963,-0.7065134246845273,-0.2006293038407214,1.7402881087287234,-0.3259557654102395,-2.1178866198861535,-0.670680012863009,0.033558278062214744,-1.7091389936984758,-1.398853220606045,-0.8964786843946158,-0.3363718052910463
0.13924092569188878,0.8560932685924216,-1.0476183172162605,-0.8795361428945686,-1.6299251269727701,-0.3032395919343225,-0.4028155145125456,-1.187178405356392,-1.6303736075086293,-0.5268678358331014,-2.4127256023253754,-2.4366359602246765
1.5057070420893373,-0.859846303277397,-0.4211327417530358,0.1755284871620081,0.4103115774722294,0.040952720911279064,-0.13212383019519358,0.6331911346904717,0.5127871539451225,-2.2037567186904,1.0558558020878626,1.5874919792004711
1.4729506958988872,0.4412074834533009,0.6370455875555825,0.501511169566919,0.05938267198338687,1.112012301771801,-0.48222546299413116,0.598746020549779,1.617143828323802,0.9528471219508531,0.9961331955685536,0.3192100793112095
-1.983732229450055,1.735341356957802,1.5764923829066075,0.7851827279341076,1.6160617638795873,0.7011356201945838,0.4450296420577842,1.3650145686284696,0.8937213651156467,2.4415634296448836,1.752766625325042,2.280490699092228
0.1702425472677761,-0.6429578892055653,-0.9433502386647591,0.6402381699309359,1.0769732716894422,1.1432915886119766,1.2865582241622702,0.16463587077447162,1.4671310197573098,-2.390796305130356,2.9729549506360793,3.2502437983900756
-0.1712047197058649,-0.12023969328213623,0.25098490137728713,-0.3119235806006374,0.9246332938143942,-0.33758294558195173,0.3202663644388588,-1.3534311697751162,-1.0312299965639682,-0.03097077073059827,-0.6404938771514265,-1.3060136174185941
-0.6020104397159491,0.2515542812214324,0.8903799923273145,0.05326980194228004,1.393432456547576,0.3863039425620353,0.7714029358459699,0.18899513823703415,1.714910249383514,0.23893726737243826,1.34389547854588,0.417841329138249
-1.04920450465452,-0.997161887651657,0.6997627374998454,-0.6670707399516387,0.5396463233887894,-1.7656824824678798,0.8932955254079675,-0.884837577060527,-1.2432594569295907,-0.5355499758563689,-1.0194022857725265,-1.0275629008530314
1.348083794996203,-1.1576396860695664,0.5961747208766144,-0.09984056248407652,0.8359483592018198,-1.1134544981669017,0.8470086679238362,-0.3005430317022161,-0.9018768426330458,-0.3216320012848526,-0.2744214572278073,-0.47588434419729636
0.8138212504374364,0.5031701175127619,1.45293017164716,0.35408182661591536,2.2622210139914216,0.41786812029719006,-0.35961084675606025,1.057678427631487,2.5959214709002683,0.7472696349379365,1.1660405902813586,0.3378169845256446
1.4033470487602606,0.891825696319218,0.6338299784580826,0.6301259357606848,1.1159729804915492,1.2235722691632085,0.08202883226916602,1.6884145907195265,0.3778973627908291,0.9826268710953808,0.8073717995318161,0.22691104763663267
-1.999569523745195,-0.08689212524531427,1.4088117665584905,0.5571457150852145,1.1478803113196374,-0.13321400742164724,1.5264863209225026,1.2327819965701003,-0.18086532134136776,0.37384011925790805,-0.2863737302931524,-0.8026040960151408
-0.18093739126581806,0.07018076775726899,-1.3552586079615607,-0.33243067478694366,-0.794358234535,0.31547510338477514,-1.306621498453255,0.05647421611808867,-0.39967126557460697,-0.6023011370800504,0.14820842524526867,0.1590914586680764
1.042817810430728,-1.7748948282899693,0.36505881508045585,1.8870108248591824,0.4146480445812334,-0.513602074361157,0.14834833789044022,0.028919842220476638,-0.6107422999055312,-0.7080124573356725,0.018391309943123046,0.12980405297423075
0.9003616082530498,1.4650007399086975,1.3692584542241053,1.2215512789430565,0.7431645360338172,1.744589020444581,0.7394735275590628,1.7016950535469608,0.9181938208921104,1.6038888200683457,2.22495533612634,2.263009759855067
-0.30825794887685676,2.1627379728546683,-0.44495689723415066,-0.6336406648842207,-1.1640278842509653,0.31032708238064466,-2.00314424882973,-0.14802874171829628,-1.673692162181468,0.3775176437663144,-1.1273314281348459,-2.0472793392547453
-0.852184067678048,-1.7774806035688921,0.12929333841069737,-0.6787166068097186,0.4891693746370873,-0.026720038661986467,0.9786901163874211,-0.9837540864319012,0.13758213285750526,0.18850698816098177,0.591040753756072,0.4358351525285402
0.7940223511700133,1.5942103584148364,-0.13297824261936173,0.8526922709284518,0.10203984804927407,-0.0841297448759554,-0.7045007506568344,0.5047401292408804,0.30174287928470334,0.13010983802821763,-0.18273431619303676,-1.2971847715634202
-0.5367661128212867,-0.23457569702802308,2.1754908560950685,-0.4578882153743529,0.4795836945490162,0.34515638955931627,1.0344567034735792,0.21872770476988668,1.07240975838933,0.9224152094438065,2.1829006008494303,1.5237666180994225
1.124225994411989,0.19832544457180984,-1.1196675213872769,0.8821086434984177,-1.3074124669560931,-0.4170478477460655,-0.9738391284402317,1.227519859406845,0.7310798097954284,-0.290574872011071,-0.46462409132336924,-1.1040312870726756
-0.23368937325906963,2.99032651651793,-0.4202349146552076,-0.7878938285705794,-0.6834938919387384,0.2970923741909658,-1.2129041432975454,-1.0732383586328205,-2.7496798088246686,-0.01894454027765763,-1.522138132321734,-1.7935186590629189
-0.7627425858882971,-1.3019871692761673,-0.6612292128983543,-1.0090131615142504,-0.2362879276445895,-2.0307139592968513,-0.7629978802059321,-1.836651634685518,-1.1592550553706784,-0.9620929783483467,-2.0498701981073233,-1.5407171833399165
0.48054228200696714,-3.202474207737221,-0.7605754301566068,0.5020166277146023,0.03175184495590577,0.20066486599528016,-0.08840716628498135,-0.3376154365685087,-0.8220039861057993,-2.2412201472703255,-0.4612559984199062,0.037816390317495556
0.39466782730738603,-0.41089430293083573,0.6672031332386648,0.3623553038227697,-0.5515824269917314,0.19221137775035552,-1.544050312090917,0.9320485234722317,-0.2197005036423964,0.011953381488581355,0.24136369553171289,-0.22173360759341515
0.22334461681732934,0.6579382023093575,0.1793371515327889,-0.354001062190813,0.2858364617117832,0.45771258367030204,0.19958800638682514,-1.0391561876261444,-0.7910834452058219,0.4649331026982756,-0.8849392251251365,-1.9667051720134099
0.06676326040302082,-0.1310645396619282,0.059812634984787616,-0.1280177767620592,0.1831957486119786,0.03489690754365806,0.16285728306342906,-0.5165404909377895,0.25041331459846833,-0.0034451402735369008,-0.2548872449686278,-0.7517685963901769
-0.8139538214612031,0.7805259090804917,-0.28099267879890966,-1.1978359199955402,-0.41043148543733876,0.6098766330792587,-0.22945356829369684,-0.8606580579705811,-0.8110287126671472,0.7283855933042054,-0.19858973583563444,-0.8607918009939516
-1.8619398760351102,0.3522508001650733,-0.4427110958850944,0.9259651175977084,0.25997609805061334,-0.9361841737174887,0.10587790179567447,1.8828475320744276,-0.7637956947112308,-0.39975254374442076,0.3275423625148491,0.29556060330687234
0.2515597403234379,-0.40731018377667927,-0.37807725632635336,-0.5051911001200491,0.4089121769814246,-0.37313545942024007,0.8385288817517469,-0.8165989139564859,-1.6168727638375227,-1.3615015427358448,-0.6979221269088312,0.10531412382157569
1.1473177624001494,-0.5305896206683913,-0.12981928065042264,2.0711729527787126,0.11666976537939233,-0.36546595899264755,0.4038225215213962,-0.010213241035538057,-0.2772705764904021,-0.3136517502392397,0.14363760730106395,-0.09639759645994411
0.6954062970849776,-1.159137385129362,0.5828818658114614,0.7296608736398913,0.222676680777525,-0.7353766068821639,0.41917952650797385,1.4478711781660334,-0.8059974506487456,-0.722179688696567,0.26684101547373484,0.4249902106166581
-0.3939477037863944,-0.3349523002846871,-1.7649379731783472,-1.2766142371352274,-0.9960481913115489,-0.07405028762016502,0.0664253193016402,-0.8859401256017304,0.18838570759485335,-2.14393313062198,0.3356476471889698,0.4761198437965392
-0.408220998385537,-0.36385036269050586,1.6394613857167102,-0.7697126701989503,0.12426415041128502,0.7343225837640099,-0.2317758832941407,-0.4438760097048111,-0.06850433787859807,1.3443048295974005,-0.4000498391756014,-0.6647299513170323
-0.3794942071744676,0.7009423623846467,0.1788212571543805,-0.8680252780700006,0.4873199570969784,0.062145165550879566,-0.10358850086237759,-1.1169077637750298,0.34602910228878736,-0.7168225188023827,-0.5647677752567273,-0.47476856617884894
0.08246871318180639,0.045551453641706686,-2.8563030120857342,0.18261361367326337,-0.8597529212110602,-0.14138405804165688,0.20200633016136438,-0.2740328781553089,-0.5945572230910989,0.0682314491183047,-0.4453803663352741,-1.3063326550739816
1.5727440917608284,0.024000297239525917,-0.3440605065577155,0.3890658129581346,-0.46428372876986795,-0.8030850162036391,0.027242965906761563,0.021972594200902806,-2.200314044130188,-0.7625827093242309,-0.16363175417290754,0.008236560220861167
-2.221384618750135,1.3978010032831458,-0.2092489742628363,1.8068609509324067,-0.7959564075152397,-1.012645384444489,-0.5805674180629623,-0.08232334162056763,-1.2116313572500488,-0.3394531568701489,-1.5367323839771685,-1.8005347188598462
-1.0567981865015617,-1.463159840929341,-0.9114044754115377,-0.7431599655381121,-0.6819698896866323,-0.02704584048110481,-0.34322540937153684,-2.6744209330135256,0.7412240231573575,-1.6630099949146788,0.46176569482599766,1.3008736691085605
1.0161880013465847,0.7779707350661509,0.8435388686742283,1.3857144412049762,-0.34334967129707983,0.05274077232927757,-1.3012724921244025,0.41378551683093867,-0.30498527980736434,0.12304179680974836,0.24474227346378735,-0.12871588679944368
-1.4524222537791263,-0.7783573071222031,-0.022411859279671032,-0.03519017282787579,-0.3488018282473157,-0.4877085230744212,-1.38752669488967,0.23319403732997263,-0.9646655391368326,-0.819031558085747,-0.892952081446954,-0.621049066751837
1.4150360963918462,0.6326383781691848,-1.0657689847844865,0.4534061092809248,-0.9150805996029858,-0.55201357654996,-1.1890165691073094,1.436284942528144,-0.4522934191743019,-0.5495154147026957,0.0629831076735074,0.0643237740007242
0.7206237953997522,0.6514875547619658,0.34012163016259617,0.47326446824245294,0.3968041809220672,0.7010210243505584,0.48840269954881843,0.32468575784279563,0.65183582872259,1.8357503354652625,0.49220352515546395,0.8206291795943123
-0.5371721831750889,0.2829407689688376,0.8569774962905946,-1.513318211537345,0.8944556659769924,0.17947388225014904,2.4224214898716334,-0.0391862294227055,-0.11527242950978417,0.2354549504353607,0.2516187068948983,-0.20009460217879668
2.7994627734510336,-0.3691876037296108,-2.1007710953207774,0.8272111491265519,-0.5182709329349722,-0.21140001166506728,-1.2868591854795395,0.8650806223255334,-0.08626701093698852,-1.7478603051137775,0.4144260588422299,1.9950146754927054
0.48145545573958903,1.3575956497111312,0.09724825894159278,0.4269024729136631,-0.2192351685242101,0.16497938524500197,-1.1068902400052187,1.0041657718716799,0.05570396607886752,0.14439975858079157,0.35670557515881995,-0.4285533483814363
0.7299955881373976,-1.6003458600316698,-0.6449428926358621,1.9557682932853586,-0.29660110967649295,0.11327144678933909,0.4132317071530719,-0.5139835643567946,0.20485676657623236,-0.6454053068833903,0.05260845545646342,0.08542888649594199
-0.08783787119165884,-0.5173755318753417,0.7420585649800795,-0.15049166597214966,0.9927064476342697,1.7443864114821923,1.075688919357148,0.3477841932661073,2.7403582024356687,0.29135214913757423,1.243453303290186,0.940736730959469
0.14864700175384124,0.3880512126421846,-0.5270381470965292,0.04449252933442785,-1.0247593976112455,0.38519652000030535,-1.7191392197703204,-0.23431948472555145,-0.7727635200739713,0.6487374756783894,-1.706214300021167,-2.6302810414724047
0.9526052099282868,-0.12909643624443426,0.4431390123554266,1.1894765060205623,0.890872876109776,0.41104167676547837,0.45159272848472753,2.3520343006711606,0.7179238149197444,0.20738615288130902,0.2564539025808176,-0.5337754655188524
-0.43646137971131505,0.21189605637140937,0.0044964496656189805,-0.3978573396856601,-0.018166668189826915,0.466683588185126,0.2557512194641076,-0.3085124839651464,0.6405926039307447,0.16930719324320428,0.19854886265129817,-0.38162388542913284
-0.3126584222132521,-0.5102732433811095,-0.10310356492046094,-0.8996535303355851,-0.1567446456685479,0.6079160604980338,0.041466086610985914,-2.106861972810525,0.41793946732228215,0.3658438781832126,0.7091043140803257,-0.18964505920217528
-0.31209667922507167,0.04537182389245055,0.6481123493165839,-0.43194453513936193,-0.28388321608041756,1.3547209023943902,-0.042871171050518686,-1.9609406365526612,1.2265167319330834,1.2338152762248487,0.7122487964212408,0.2511693413590841
0.6427931988663105,1.7073568792135132,0.5116717176435023,1.0539432857502518,0.4114402837003398,0.06524173873684824,-1.5813892719321823,0.8846173167309797,0.28022787208504224,1.3888766131707408,0.18902099218870724,0.0676401083558825
0.6762001723901678,-1.6978719445696329,-0.3239362144691113,1.3201281121707158,-0.41187766172647416,-0.6081013653455691,-0.6182802261761067,0.019336925058733634,-0.8577325287029423,-1.6372864704928236,-1.538352629847099,-0.22051461185183688
-1.7276066276885707,-1.0081793067950984,-0.531261617070722,1.0897783216684411,-0.49605156390232474,-0.1424896291690178,-1.3731469112120562,1.2254980393163262,0.09229249616698346,-1.7654421247441687,0.03696000540772633,1.0171132799174951
0.5663231027180098,0.1799854317007599,-0.6259537450008437,0.966943260247313,-0.3980948562786396,-0.1394951382486085,-0.04191322179266016,1.1276328710100219,-0.12492017545164202,0.07510655331382349,0.8594674688119801,0.07035762893419964
-0.6865496302813058,-0.15220554479458692,-0.25723476119398464,-0.42158455961804475,0.1453677355329237,-1.111719206668218,0.7960570075041855,0.48504052514511975,-0.05290298857324313,-1.1254042675717482,0.371150520637186,1.0021425067844638
-0.5916381345990671,0.8968048392609348,0.7491430146099061,-1.3193613539791422,0.43859704938568694,0.8412438430230709,-0.5265028749113235,-1.1532392354543983,-0.6507329379056044,0.10523526357532154,0.001594617543387633,-0.15213592782852203
-0.49282247188742,1.345447347562556,0.7810881017349048,-1.4641709418440598,0.7314268026598758,0.48207277389791925,0.6983466777265602,-0.5112280464339373,1.1866133539264165,0.908622263924735,0.7040536085086928,0.34300719409797886
-0.9485249923107821,-0.11272805051158086,-0.2850759951316889,-1.8814154380007135,-1.010457715797309,-1.3436643454711479,-2.029714159317211,-0.5575986122047775,-1.8873785501417157,-0.8566132332520299,-2.6141577542581613,-2.2097154784565114
-0.6099514050870927,-1.9524458619649874,1.6024240544082893,-1.9369347246358561,1.0881387054833693,0.6012388948556039,1.122987864772517,0.8547850542505485,1.2549813077800234,0.37899378612610113,1.4261283476334787,0.5962578568931939
1.1581376091983828,-0.2280576869008516,-0.8295319047408914,0.646012998281462,-0.6397677024041929,0.006016224187336439,-0.8413611528020267,1.7978863117018644,0.0697252125404117,-0.1095178707456127,0.08295712532104671,-0.17921881196279582
0.8342340209404386,1.9231485123412104,-0.5068945176381549,1.3717125069232563,-0.41095093222832885,0.5729862054472552,-0.5039960820539103,0.4604698031029457,-0.06611255023582857,0.6656246435079991,0.08536038017136971,-0.5675288315186744
-0.3393650539400638,-0.18570597789773824,-0.3619177068641126,-0.013022770459286348,-0.08217751407884699,-0.02035075508510542,0.37679774872609034,-0.07732530421022166,0.676852887168981,-0.9336609983225095,0.6648760140114522,1.0557179749860712
1.2076092963829659,-0.5333720852187789,0.7238209077306125,0.42064915879401066,0.8763049583375477,0.11450541683945346,1.3500300641213854,-0.059634351441053,1.1758966169699128,0.14897031428925836,0.5055878784060327,-0.08462515669968938
0.11319412944705559,-0.9605148721568421,0.14934261387871792,0.9935375586220518,0.6909654254195119,0.5289872535219098,0.27511044550545516,1.1003774917561406,1.5816695973947836,0.32917644918360245,0.49776104535220855,-0.11938609647184573
1.2231678429308814,0.36788734725164857,-0.3309513393052185,0.7225671065069778,-0.22341649586777151,-0.8317747119732981,-0.761919152108497,0.07282974358579775,-2.0701192015406082,-0.31072223440698793,-2.2558770067702647,-2.661217784866076
-1.032103785384889,-0.2011746212911693,0.19100892661871577,0.27028914072842536,0.26994861802351927,0.1857626489590638,0.6891889738311501,0.6700592455649004,-0.21817250862413196,0.04652836001651329,0.6373287175221737,0.16427576969035562
-0.2990241085851177,0.46131649975041206,-0.5909134564112045,0.503505304155052,-0.7064753632171985,-0.28115364866038084,-0.7372972745133671,-0.3256766171064369,-1.0731617954776866,-1.125506751226649,-2.7235511345564856,-2.0978795073341043
-1.1692412115435031,-0.5594766293357379,-1.8255179241132493,-0.9752162251712364,-0.9119888401938598,-0.9414639400417075,-0.29153302396594993,-1.4297118883870334,-2.333034952034643,-0.41406184699002524,-0.7549011003813394,-0.9096468653812785
1.042235771555994,-1.3763352810081728,-0.9568674139791081,0.9591811671923018,-1.122886035658327,0.4455095201030135,-0.7210897391873136,1.320908471261334,-0.40981854963414344,0.0590389136634184,-0.2209086033224431,-0.3258731954067765
0.42574928940352774,-2.1078839322150094,-0.39473726622252236,1.5292124603651005,-0.26105969423776265,0.09527846166503717,-1.0589466438827153,0.9043974658635253,0.07098107786262194,-0.6939555320744561,0.11464092356600028,0.1850635999364011
-0.8510255970685626,-2.0054458495078955,-1.2670340118300776,0.07048127267714621,0.07158915489471607,1.1282372960766018,0.18340552461380494,0.5181729855093277,0.23274245851478814,-3.8928149211499146,2.031380624441618,1.3142517676039345
1.2317195206774223,-0.1094820566654094,1.8706686359172455,-0.2721255345390865,1.11660795018377,1.139879618372794,-0.03821949243415523,-0.24403032081341203,1.0925869321623285,0.871933889057616,0.16276397390213032,-0.6517352374850398
-1.5188471660550928,1.4004133241743189,0.20874921575290964,-0.4717079128804791,0.3925495045076486,0.05336338407275887,1.110339465805076,-0.7443978823324474,-1.0786738948569952,0.6226162406074154,-0.765670097730083,-2.4062089833396128
-2.1738131014352016,-0.8216255126579258,2.0161286400966665,0.4884581228723142,0.9559867254055353,-0.3976121569631501,0.5694261052430836,1.7545924900562144,1.4828172774703257,-1.2136992959300295,0.7141938679758821,1.323355761359535
0.7806224374742011,-0.9269638634046834,-2.3747022618067803,-0.20614415917931783,-0.861052640923815,0.7191649925894695,-0.7733327591464332,-0.535737360707637,-1.0542689830233747,-2.6293938379231037,-1.6613078589879702,-1.6393888605866365
-0.30819380216336684,0.354807834014068,0.5816552131118473,-1.0396312461504715,0.13414721628329357,0.5801110772089015,-0.33290157435905116,-0.7132601929779545,-0.6360943241541726,1.521983590811414,-0.7744333783303488,-0.8047888865015252
-0.3036556793484419,2.7353093771816677,1.0778833569470059,-0.7975784695801891,1.308791575110566,1.5963214720894507,-0.2792042091980633,-1.630044191059373,2.047653858652222,1.0158863650463155,0.14995901455143296,-0.430165661881682
-0.47982798363308926,2.3251478635345206,0.8070834154566214,-0.47012410193531234,-0.8152315548412544,-0.1460758207673255,-1.6037278833617656,-1.4379969366694523,-1.158444572942599,-0.42346041282237223,-1.666681930899998,-1.7861793753159518
-0.05410689466467546,0.26307594356873193,-0.9724370894830207,0.09547023794533857,-1.3157966406877506,0.06591333006208727,-0.6663358151614083,0.50048203667295,0.6777327707850163,-0.34852442202768685,0.6183317764611455,0.35309649495089823
0.1380614190176265,0.4621264953228425,-1.2292554359226158,0.0853354749955372,-0.9302747077146047,0.26134645666955414,-1.241883638972523,0.08034268461347542,-0.491231031976899,-0.3925596652022237,-0.9809572360103544,-1.1073640396966409
-0.44821205487639054,1.9169646263329054,-1.0791968924839699,-0.13494609721143336,-0.3160639048621239,-0.4191246416563118,-0.5745156747443123,-1.3228365483762377,-1.2001121695392014,0.21031227266937094,-0.9784881187637083,-1.657696970905345
-0.2505056996693,-1.3997316872822179,-1.3848175912804213,-0.3577680502816518,-1.1377942682751747,-0.902754599750244,-1.3091888908050735,-0.27232255696930957,-0.46470475484428453,-1.8678415977846161,-2.2994702671096197,-1.658163102041188
-0.23761597498800177,-1.7245663456809217,-1.1095239458721882,-0.6690877088335595,-2.2222876483391705,1.1944365245122484,-0.06546709553826671,-0.7791956688515477,0.057562989420131716,-2.3023606489356587,0.19543540173875656,0.2975984039682783
-0.6669958201142868,-1.43710471333558,-1.0703074007039048,-1.5785305961493066,-1.5999177500137711,-0.32374830714540426,-0.3251178418269585,-0.033337247786553115,-0.09790818020001002,-2.2746851333988234,-0.2536424560642463,-0.11981843551209212
0.5059897655381881,0.6826180417213482,1.2924041797354435,1.138127440912149,0.5777406963395761,0.045552730247521156,1.1070900796333036,1.9008933032824915,1.0339561554897954,1.6979117140798916,1.4581855991825952,1.6079066254173484
1.8111047675877827,0.16169410409925888,-0.5623978209143797,-0.39944200204087726,0.051531696941089056,-0.30803978704363466,-0.09443733575932992,-1.4516434495809403,-0.6850456176184705,-0.12944960391394292,-1.3237858573026928,-1.8865423517692257
-0.5361529787152102,-0.0686697270034394,1.5295241722908384,-0.5376786791252103,1.4986351125037212,1.451336674574042,1.0469813221979638,-0.4248021664560952,2.440769661963678,0.9028177588479542,0.8093028577177434,0.10496732992675131
0.5200778368867586,-0.6007360489507331,0.22114659569187062,1.004758800021607,0.30038613722314894,-1.063589752156453,0.6620274604612095,0.25723564481597183,-0.37848642244474934,-0.3252243326087727,0.4553604115367644,0.1359648362165016
-1.150406600992195,-1.18953534673715,0.7590437832321032,-0.06918528067542895,1.4482039109834997,-0.7864206555036579,0.08446815067510682,0.30959556165516594,0.11618202604787564,-0.36100718615825134,0.0264854829835176,-0.19183557544826202
-0.047008781841156914,1.0969668654714242,0.08041267626456913,-0.030125389546240278,-0.3808836701541682,1.025539867042865,-1.1179470467632977,-0.2900753581128296,0.022304167961742782,1.4866114812318147,-1.1041636073068688,-1.2171761054846482
0.5211616664888014,0.5370403185350361,1.9418792762443904,-0.3415147874293901,0.5070241703593763,-0.595887432256363,1.3145089340879954,-0.9267306926539892,-0.41235762035067464,-0.09058251389594218,-0.038432702645822714,-0.43967586691884575
0.6485940568494601,-0.33236992814490324,-0.5530738796789754,0.5516181614462066,-1.100471347607081,0.08369207802445289,0.228898247018974,0.0940117907916751,-0.1007929076517653,-0.8794461574708383,1.0194357450082685,1.3022638031096192
-0.6965622426043638,0.9706833704372164,-1.2359473848838944,-0.5149596564853706,-0.8715613494932125,0.704781039454303,-2.3188566512607993,0.3986333916610878,0.6718465008334615,0.25813997590167564,0.09163616440094186,-0.6511016559502438
-0.5064654380038334,-0.6276884387529656,0.7494257392997797,-0.3109923419221229,0.05246601464525502,0.721983014114084,-0.04042028700938173,-0.9408601471559577,-0.08218388553784607,0.33685740262688724,-0.526923218009381,-1.3720415973489446
-0.13425459320745872,0.4815049132760447,-0.7532284572045707,-0.30657931457550053,-1.3077943257974485,-0.2753228825893903,-1.4511071597914238,-0.10625272423195553,-1.3971237917178665,0.14227179932421152,-1.4512144106089995,-2.2454907268497486
0.3497101752361822,0.09992373372269428,-0.6725155632465428,0.02094628057278547,-1.3884029178234687,0.050902771650164436,-1.0126804737594697,0.06396813171757383,0.09963485429404029,-0.5102123757960089,0.08164933627060578,0.06797551881024522
1.1428382600424365,1.3002973371069582,-0.13714420470825261,0.08209906091960784,-0.2734714324266485,0.2915422996037455,-0.8247724245436383,-0.1962896357461956,-0.5095219448697692,0.13114963747824215,-1.2251923265332936,-2.096057206530493
-0.44340115887555165,-0.8239576315961207,-0.16886523816549515,-0.9872534699492008,-0.32935033417893317,-1.7154396224597117,-1.0036155833185383,-0.2059659359454038,-0.8103380577368734,-1.015645926662709,-0.4861036279957207,0.046207811358868645
-1.5040616803530351,1.128459204930481,-1.5563264568646655,-0.26800021452834893,-1.0786870259681374,0.9205451041003885,-1.1408769408685695,-0.6534767334471422,-0.802030617183397,0.39235184384737753,-1.464378640439605,-2.385928147860426
0.7425597767310135,-0.043154768846553615,-0.053223739117026714,0.529859733990264,-0.1906333722216344,-0.7187568522833149,-0.3303255621126064,0.816654974405576,-0.47847055813063133,-0.32743708541905464,0.23982443394461855,-0.051268849084694985
-1.2923685364136959,-1.0455456859524856,0.35679282740724166,-0.5458264129349191,0.37583555664383383,0.03202228999602175,0.3731065167002485,-0.5438220351088873,-0.4743218600048307,-0.9345150638690463,-0.2321467401026961,-0.07763242299923442
0.04652707335173657,-0.5366601468776785,-0.27569277668641773,0.08474092293089963,0.6181973982547246,-0.30445247693744637,0.5179801433223001,0.22338836320975386,0.42062818196868806,-0.19594829026815908,0.47698908518775757,0.06357931739294803
-0.6199783645967939,0.22758886260151337,-0.3608912192765729,-0.7470378379755195,-0.7230492242732842,-0.04912842124675157,0.18703839243249576,-0.9430271583818757,-0.806418276878743,0.16717217604221812,-0.7281093086717334,-1.523433758562459
1.3429049422820543,-1.432902130245433,1.0110090341631306,1.0854120807232357,2.0521945727331157,0.18832425625489946,0.02564106882867398,0.366125467764268,1.26611443225327,0.20786114754012425,0.33079588279127436,-0.3573816780469208
-0.7220834620414667,-3.034705869502765,0.7746094313987747,-1.2341771784883393,0.6039880826523161,-0.20560873427621307,-0.251075273249879,-0.2820227302518743,-1.1790175239936866,0.4388160854098867,-0.9442362603944278,-1.7634679486947844
-0.036765925676537796,-0.23868568165353163,-2.3413760216102926,0.21341244140801602,-0.10239267933759111,-0.42141138268140943,-0.6443900995074318,1.0452995467853932,-0.14986238129719,0.45529774857444005,0.24648052940849025,-0.4147264429826047
1.0859531382929688,0.791226229214679,1.3951138994419308,-0.3210667833679328,0.9154787986727729,1.5294815646887647,0.8626359232446049,-0.4779688355582291,3.0971829977820455,1.1032034515839648,0.6340783708221207,0.12714453344317866
0.048466487566796154,1.5002963272869316,0.9110303294008224,0.3510207663008814,1.7811656539027165,0.8735565372230579,0.1969042665385608,-0.033274063510456475,-0.35820198466433695,1.658230634258018,0.3754232338487507,0.490666644389015
-0.08272406201277073,2.498509425009274,-3.1543802916027546,-0.0006591090572284908,0.1486809188644002,1.045589793556058,0.9698450996084702,0.35037739116733163,0.3887130197405204,0.7548492789346916,1.781244949865663,0.9395930039630779
-0.9395072333875986,0.08672292608981784,-0.6740778762813361,-1.3483840866245633,-0.6221626708884282,-1.1852932287653282,0.6032067434790372,0.26124429836093765,0.04864827793885179,-0.3105338286279337,0.13303762248315615,-0.10535266939042298
-0.9396592652990645,0.053196811199407085,0.3705733581436939,-0.5046163508998878,0.8735932121544672,-0.09749881475812883,2.4672740785473195,-0.5317641878689009,0.19229037644077815,0.4203426726715375,0.0581196128888974,-0.8215152080251189
0.9255417622861367,-0.1566178876416019,-0.5884607554995801,1.2017819261861185,0.11277140677026076,-0.4689515537162926,-0.7657134444388161,1.2393329564347892,0.14215659005722733,-0.4733695256712768,0.09690068730547574,0.007427659823244399
-0.18104897834391598,0.15821786648578118,-0.18933326263012873,0.008262325276741256,0.21361782645987498,0.20681427937293467,0.5047409948759701,0.03640551574662008,0.1896350001495556,0.2995610752781275,0.9389252605648374,-0.035398323299772494
-0.015455661098652136,1.7099172150540947,0.0032460288226346407,0.4019557705176185,-0.20847650727432296,0.6028750516251086,-1.0682940662553735,0.1303619516544453,0.42134368867589606,2.0355240344339114,0.008782980177570121,0.6779976473925712
0.7913918273885935,1.3163164695735974,-1.538323014880902,1.0689272341228777,-1.4725616610817496,0.059354987375155155,0.7001112883471027,1.2122199813681878,1.66177079152471,-0.13751968352776317,1.6599513366070568,1.2831772743091203
1.5090582713957637,-1.3766832098300863,0.16631689215126239,0.02620994654964856,-0.005104984083582148,-0.1376975632843131,0.1685956962730264,0.08710525500824293,0.9372805706665932,-0.32202288008815955,0.2285681649679805,-0.012186755513288197
1.6703086740262547,-0.0772502735038509,-0.5109706696086129,0.06644345335738129,-0.16677549623796595,-0.41003381401034167,-0.2429895787395546,0.7051608334501017,-0.821726292252289,-0.26399785723471864,0.7059004621636346,0.21721127566644155
-0.19713663903513362,-1.8278048091050885,-0.323570830725419,-1.1025791148929192,-0.7976042502097872,-0.2858178591052721,-0.04784127812104133,-1.2104840527451945,-0.329800021233023,-2.0070943228318696,-1.63042701962332,-0.8915219103949596
0.29377595586430094,-1.092604049406524,0.15263166884952417,1.3047217419027863,0.6272822277199379,0.6368537743608345,0.194385419684034,0.8722320212446176,0.9614745357735269,1.1170534135802526,0.7430819345791744,0.37829015126296006
1.6777597799752444,0.023382809656714083,1.8643934280868806,-0.22444759592048646,0.20031083133313954,0.8686002086159326,0.3459898660895398,-0.5478157197931899,0.6732729907170141,0.18729089541553434,0.44143603780528723,0.10332479756958929
0.2816572180120582,-0.5903423795733441,0.604134735511737,0.6228731312698149,0.33464436819588406,0.46258762722903646,1.4166004765400162,0.1384911960024553,0.22175491006415654,0.19382595376456038,0.28392826699651774,-0.19691229012494915
1.0012257386137204,-1.2548541303333254,-0.7081065519519616,0.8904117209211246,0.06284144087895138,-0.7445526913835301,-0.0030013885260142953,2.3931663439544835,-1.525792949353626,-0.9876821262790776,-0.8382364708548904,-0.39397472147516577
0.6159208596702745,0.9973476165300471,-1.3311742784555134,1.0469955059995835,-1.8368060865729348,-1.1010965055390067,-1.4842783797971328,0.5660504182484166,-0.9578282082701116,-0.8302889116624281,-0.8875478203341076,-0.5233394220734275
-0.3672051716130735,0.23603674732561944,-0.6329472769497835,-0.6159087296925052,-0.5155460266024592,0.12894076745888866,-0.054893467218342984,0.35503388397031277,1.0750780896481054,0.11052354937760178,0.43014562323626526,-0.2869252531419197
0.35833713931048927,0.9127418482489407,0.023431160922684695,1.016269547037075,-0.20899233398596842,0.3231886999193125,-1.7953975298052245,0.5846226103875611,-0.02212910304185728,1.7131651461610131,0.03613846372369803,0.24019191161487974
0.7922407069642826,0.840251229081739,-1.2366436167015127,1.4171960875953393,-1.6960542662149793,-1.380979259452874,-0.9977284906965478,0.4840172767810953,-0.5889076308716082,-1.3257045634793498,-0.4375594642579934,0.1400747622852996
0.1000388459210372,0.6817961675857409,-0.06250826353200044,0.4164251424821805,-0.5117578793122278,-0.4960187080403944,-0.4901623561774061,1.3766920118759518,0.19771762503998008,-0.17474656870339306,0.3719986168527236,-0.05443732109000027
1.1887894707311906,-0.46827198537671233,0.7020987532281064,0.6472816689984939,0.3514510706953631,1.0678903738155208,1.011410677277995,1.6478177412459196,0.8770553826069508,0.6781733584971891,2.5713987468903277,1.622029729764739
1.4683081694597757,-0.6536631495705877,0.802390614252462,-0.2114690894681226,-0.16158220807235357,0.5963160137565131,0.1730466320356816,-0.9516050081725733,-0.08143656497763518,0.15588210269773378,-0.6994345744696978,-1.4160021939856022
-1.369986861466163,-2.4753939701761842,-0.2403651862209519,0.35394831761250206,0.2928776005743235,-0.5710372121462355,0.9859176318438794,0.16553931108055997,-0.4128276193482739,-0.3873202087252452,-0.11649188456623982,-0.19327603019388273
0.6250770263550165,2.1821693770657253,0.007295886051306779,0.8720340989198144,0.00376608990791859,1.458951540960803,0.5555240817200667,0.46669980978652637,2.473894288274779,0.8416530324876945,2.2383787670576734,1.3782965586460092
-0.42671122541674433,1.0692690171211856,0.2700092050438729,-0.17133922091522547,0.259142919247498,0.2968712614419998,-0.28985602113580544,-0.1782696600503817,0.0053372602802270325,1.648606388040469,-0.10042415642294797,-0.019951288838422537
0.43343530395022634,0.17020591021899478,-0.2695363855775361,1.9629883731626097,0.6412735269461731,-0.3179832534664154,1.8437679042734785,-0.20808082005691692,1.2662184888159445,-0.054436818281871406,0.9092905194414975,0.11025683443007261
1.6248888711065193,-0.5035951456807851,1.5173059538649005,0.38874651985886866,1.8952255617392244,-0.19187081252100047,0.910242688627441,0.7787905933351605,-0.42294960097627876,1.1955704184286393,1.802570622329832,1.6547362633449048
1.5546379233537648,1.4310744704953764,-0.3929601355577893,-0.13066661643341212,-0.012989628942110254,0.4792855542865152,-0.5202064150230706,-1.4607975370005584,0.49482608373393644,0.18888477019302324,-1.0364470699883677,-1.8010174450783363
-0.6486315834850085,0.3565878067675901,1.213230193433079,-0.3268347604901244,0.8745965215943677,0.18612254069507028,1.265694423768092,-0.9538206507100163,-0.06543328139858773,1.3307293730729084,-0.1802305146324492,-0.4303248286897092
-0.9651900086477238,0.5629049150831898,-1.650759875999807,-1.618830180619892,-1.8713760256256515,0.5100351645763277,0.3500897597704919,-0.5132821626652341,1.1982312320548854,0.15667775139485784,0.12298361385684176,-0.29894352739764685
0.16452309903104026,0.07506476859428206,-1.1884686599541667,-0.059752581101728486,-0.5434880193437444,-1.422717086906633,-0.419662179393022,-0.1351409451579442,-1.8075582760372955,-1.4786901650997721,-2.6026162462010243,-1.3567809175775185
-0.09975013416811926,-0.20308171654038984,-0.8992217023134635,-0.19771367664770756,-0.5814591309250682,-0.2669753832908168,-0.9673223058504387,-0.6818190073586778,-0.8087291967820046,-0.9432020640375489,-0.9371535850062342,-0.6688429004931545
1.5641983781134223,1.852796376820793,0.47871511251607823,0.1875144287912139,0.08454933827368938,0.07807190294127525,-0.08109656708468414,0.7308073660480124,1.4872943214157734,0.32736157259867915,2.6648201388945916,0.6573308431606681
-0.6033065794445296,-0.5290878220510272,-2.0346634651268727,-0.2626709130840452,-0.8061949335098317,0.07049505119449029,-1.7945139490959232,-1.0524389940326275,-0.5403621399490549,-2.632500739563924,-2.585901073100101,-2.577762812776655
-1.545093120221829,-0.556819971107848,-3.9974197333756716,0.34847334503385363,0.5979493271822706,-0.1819035583877851,1.4616901095084454,0.14539435188916605,0.3400444761338736,0.0408178588173235,0.4798805707223649,-0.04998562036069129
0.1264663766764892,1.660099650824051,-1.178483162115717,0.3251336477147198,-0.4078034987420347,0.1602708111572807,0.17161679756953774,0.3477890688874583,1.6511370524464741,-0.311247593766895,0.8025072527748007,0.6275762392329876
-0.6305709844956824,-0.5170394152718276,0.1713548646534999,-1.751232554588961,0.6448853668580747,0.11673593670849478,1.4555399398343658,-0.2338570603540021,1.3610116370692251,0.2088487238640598,0.5313384138904528,-0.2620537252028562
-0.7174580382077841,0.6789705230066871,-1.8987671590410786,-0.4947316749191021,-1.147057132349146,-1.8862572058732963,-0.201112545941182,-0.4475308928762714,-2.147880092829972,-1.1467561997690683,-1.5934742673627986,-0.8455082239469538
-0.7254049775979577,-0.6137111602828101,-0.4034446514935078,-1.4366602573448912,0.030378468359524013,0.23158054484901902,-0.37557787277946286,0.4429010421997882,0.13554557939296846,-0.4394435619520489,-0.22461186841305303,-0.24478270423489323
0.014937873817152733,1.0624859987404844,0.35440151427589,0.17287773818917035,0.43156715079188357,0.8003047914133321,1.1192496188615983,0.48955516609709526,2.3568850667863774,1.0797342475145797,1.295493293495286,0.8184766598747919
1.1816511493692998,0.09437657958308703,0.6959530470821677,1.0129499129160657,1.694395124891714,1.1547867217997931,1.1379250160121583,0.7604913326212155,2.039300500012443,0.5346212704746167,2.615265245920345,1.722867261161764
-0.08976608149626411,0.19542159021123312,-0.860245848476067,-0.035537334231488665,-0.1996062581904935,-1.406749880161197,-0.07212539568602083,-0.4121848253049974,-1.3834081915966263,-0.9910811040667195,-1.1015198408449698,-0.5647934230261746
1.1054657844594717,1.7286361772233192,1.6668155159596536,0.703852327153043,1.5548171930873267,1.6060744086377334,0.09703865824149283,0.27827872468905757,0.5979097963305577,1.1445385432810395,2.2539348447964698,1.588372018704987
-0.4462287089429266,-0.08931551785971222,2.093878042551648,0.23331411997868545,-0.19396392073363733,0.8443826791919863,-0.20362778757785105,-0.8335847856870621,-0.03417374182224692,1.5465532037503897,-0.2015737605305205,-0.20214957926845312
1.3928643097751645,-0.32999591277653667,-1.418081381641757,0.11593122716705656,-0.3490767077160144,-0.7082985974283744,0.7394997719708924,0.05975287271591384,0.16497572638780397,-0.9907784892095535,0.24530028874924276,0.759557495554207
0.5688220407633363,-1.2913412525135048,0.2774011925653978,0.8146137647337196,0.34050471609428634,0.41572785261467204,0.9979486035175653,2.1746287767932535,0.8540110904026766,-0.8451021103539549,1.863251211299911,1.969233416588567
-0.24501394893478456,-0.3640410929904554,-0.9429939859025752,-0.8761181775423073,-0.33928522603986583,-0.4544711498208306,-0.5233367932051243,-1.424954740652979,-0.9263960955354316,-1.1083041799573998,-3.096749826580745,-2.500366626123653
-1.06351269188355,0.8490350311292051,0.5186533460397877,-1.8328462308998166,0.2447001629581217,0.30108637803305494,0.5041823920934305,0.3971439009645636,1.8590331658273722,1.2386317241657578,1.1280797666901272,0.8727255509339319
0.9365514097347692,0.4660022283322203,-1.1963653163355428,1.373092351193804,-1.6793487115401078,0.30005940965645783,-0.9113793415546486,1.7204338946666606,0.35900525000024364,-0.12068562926424625,-0.6024257539208928,-0.9295570211116998
0.5715419451221684,0.10382710798371285,-1.2128765195751532,1.1152855404191115,-0.07503649427783576,-1.8787165689509941,-0.19994922904365897,-0.635562575720223,-4.5424515250568405,-1.0157978765911686,-2.675170832819009,-2.001729313919537
-0.32334729191091705,-2.2829835994297216,0.09463281595528344,-1.5934526979509824,-0.3085081889540604,-1.215723048934888,-0.11091956824135546,-0.10945079900016305,-1.397337745719169,-1.1604678444749306,-0.39384639113810116,0.08409034490908618
0.13105378259121747,-0.5652946798720342,-1.182345070626108,-0.44761534016793675,-0.47890072012600493,-1.611880807387331,-0.2565028716875398,-1.248026415159953,-2.2677853346772037,-1.5170292917259833,-2.384506279082296,-1.5699975647330338
-0.5013347781055503,1.5803230775678823,0.7021414347842195,-0.20787711904564798,1.6412144464993481,-0.02959545279644965,-0.02541206260791673,-0.4744486511767917,-0.3111885123119774,1.830114841352436,-1.1316647781433113,-0.8033760955443626
0.9991711539958051,1.4052932621719048,-0.9827553936495229,1.2631551782548365,-1.6141164751244177,0.9290921729720585,-0.8704917971057052,1.0652693777417952,1.0097037964953701,0.47876683202015835,1.5158492826309373,0.2846702834788137
-0.006507036024370649,-1.0857073565482553,1.015460191635142,-0.08538599023787892,0.880864553042955,-0.32558388508109226,1.3258823726512863,-0.021930038328560025,-0.12880545060140738,0.43973063216134,0.11194206315194455,-0.369625212026224
0.863906092473197,-0.8899709555932144,0.4739921475385828,1.2135546590145645,-0.22592170446621873,-0.19603881524253802,-0.5942070254409341,1.1659050907858701,0.7367952885080168,-0.1848291426463065,0.6220370752136107,0.09740533219490619
1.4547660873767547,0.6071269692420053,-1.2570353266276557,0.02651536696469997,-1.2452443269391973,-1.5900058740381633,-2.030938696111551,0.31068983748334156,-1.1548442588725865,-0.61894530950185,-1.9609767110631635,-1.8784198633418603
-1.4943646321376929,0.18255115686891227,0.40129215299350773,-0.07760204910166907,0.926020522135845,0.10929010482727405,2.103153392415198,-0.05871890011761284,-0.521602381253846,0.06108692684012551,1.8165369583176663,0.781790511876115
-0.3906914682855984,-1.727451812617885,-0.9680248803746614,-0.7924249352359515,0.6799977144254953,-0.775965017625336,0.6690883469414335,-0.9578189669698316,0.09555861142681282,-1.4495933861812929,0.48851855857158255,0.5307627183508837
1.4251520584880841,0.16428289856720335,-0.8608189047652313,0.5210759298899127,0.05013635526798488,-0.3125159026744655,-0.1399499173081719,0.17797232522884765,-0.7963238718433625,-0.940233814794132,-0.07927483172593812,0.2240982830764791
0.7267365755998839,-1.2346572792738204,-0.015083642433438425,1.3712298155002531,-0.23777797833591627,-2.772956632616398,-0.41799862145986305,0.2458062589533856,-2.339231259697413,-1.4468576654809477,-1.1700950817495641,-0.8731378873970765
0.08264569950025456,0.38987766101656646,1.5170467738823359,0.3659128419038947,1.6361714082342598,1.6088224259631856,0.9438229453940086,0.4186955304370029,0.7790300019141347,0.7142564982400377,1.9516243599729053,1.1396840140897304
-1.4775746669803684,-0.8774005924406542,0.4111595768785591,-0.0893137697705757,0.19373213198438746,0.47983820646019487,-0.06704580803702026,-0.42690678966233797,0.19263143008967454,0.28993674207015985,-1.1234944711831931,-2.5755559403965025
0.8036363003753405,1.2350090209891906,0.0812707962731447,-0.07298527644483921,0.2939322214194723,1.2073624749584004,0.7702616825166944,-0.3258150115143551,1.0741904500480803,0.8030567407180134,0.5422185697600244,-0.09834209112740108
0.16567410780952563,-1.8573655563073335,-1.4912038364020996,0.5453016577044676,-2.350301960871438,-0.14360785674230453,-0.43232949413460764,0.774594563001715,2.104972204433208,-1.9189210900191511,1.0087206826353117,2.096153869713844
0.8426324850404071,1.7231066151707608,-0.15681900555719125,0.3725291628112344,-0.027977319155176983,1.7783899630738933,-0.3751389895864571,0.5058924193262134,0.3498545083409266,0.8973239975218871,1.331088737818817,0.5442009154605014
-0.2298602309701401,0.46333660960975914,-0.05973300018296135,0.13197786294730196,-0.15270403286156164,-0.6964285228393408,-0.13372697370415398,0.4097932609019489,-0.6613191078821627,-0.20767084691135224,0.10998650031844211,-0.21271537284346764
1.2722906717790103,-0.5423094567115146,1.317968418970295,0.537546458388964,2.2659295950676266,1.2716820441295724,0.2326503172937771,0.9152968484375783,0.49673754963382116,0.585413722073521,3.5171590979340737,2.441792410177013
-0.59437964845374,1.1212305412029666,-0.29588576165610503,0.5745490218995474,-0.834786356909982,-1.2820323728348335,-1.7861100240622654,1.8527188842482958,-1.3196949389942838,-0.33107582889368464,-0.4030594312240656,-0.5768960543394936
2.014302483642913,-0.22315488718951296,-0.8919366711332012,-0.5769785074204759,-0.1367300854921537,-0.6076879012395808,-0.4652393689600052,-0.5514730235760064,-0.7992381446882435,-0.81069769163628,-1.4036762706828358,-1.1249821317474265
-1.8604165531897685,-0.5246912836897714,-0.48062131051138707,-0.22290152564465904,-0.4372158527726302,-1.3885646263505078,-0.4795327109784416,-0.7247942382642012,-1.6711115785373414,-0.42784566244646466,-2.4117604066930096,-2.530517199518379
-0.5248750200691537,-0.4845189995575632,-2.13633950584042,-0.6744575366302613,-1.1528892378304763,-0.13104743061690582,-1.7999641050851753,-1.4059089387728583,-1.689633107430141,-2.0264371260572105,-2.712734553853206,-1.9591284051171143
-0.5845352371690468,-0.20432029103242996,-0.4078465849769876,-0.8047919453100795,-0.38443451542010043,0.14785654513402569,-0.030495881608245512,0.26002649253686805,1.369536011376149,-0.07554911478713716,0.7252992990590099,0.23315315826192298
0.7444698979347886,0.17321851170453453,-0.3698621572307883,0.557086946788091,-0.5637713971621339,-0.25086600107131896,-0.7502207063493955,0.8328789805510504,-0.21454274416674368,-0.20805187998413482,0.14067488080258533,-0.2592076860804731
1.1532878965621693,-1.5902962894179118,-1.189243886995102,1.5637178303859236,-1.4548262321974803,-0.38995997531254933,-0.3159626627888449,0.7175474587829003,0.39930685808298716,-1.7975259739855167,0.4310780582761943,1.3523880681561582
-1.0522004836808034,1.4128931715984023,-0.506031356442954,-2.2439725146433407,0.49089128847635166,0.13781046555458756,1.2930516127464529,0.9231910435984987,0.6567722011722001,-0.12952908264845847,2.028804718861124,1.6976833363549775
-1.568476587663922,-0.06481808579190738,-0.4279077364118176,-0.37641370818304354,-1.4015302040601938,0.010692793376204879,-0.7366699319695958,-0.1644348761645002,-1.0253215583366333,-0.2154744835577572,-1.1959343520829893,-1.5544711589833584
-1.2272580968437545,-1.1977844671948992,0.48106044705039347,-1.393578726950932,1.3536329327558678,0.6068732587286366,0.7414972484548801,-0.4023164439507889,-0.1401219818715177,0.1381711826044404,0.18070813452149076,-0.2938967923416824
-0.8321725338672216,1.048647586236374,0.38764023595226516,-1.0442670815181725,-0.2596610899742211,1.5979105540419267,0.18713458282072204,-0.9352587584712676,0.31536612066378367,1.0510783122595933,0.40024117951794974,0.08789853138160231
-0.7449679146641996,0.48405025178059996,-0.5565352338293605,-1.5041736033191098,0.23495716646385945,0.39770265938459853,-0.0698221383778449,-0.26709611881269574,-0.42153283336146663,0.20277007287495075,-0.35788503684187456,-1.3385895025531647
-1.46339027911597,0.41948193761694286,0.1232040480880594,0.0162982263179991,0.0442315357648739,0.6886223023189401,-0.6582221390365078,0.7099226168391601,1.946613001826303,0.7001876993147595,0.9638141842353154,0.034194006408886375
0.5177793671355432,-0.664274096049165,0.042038247281934206,0.6597909707813352,-0.11763979012693582,-1.6789083922686898,-0.4034343453974215,1.953693497388999,-1.0800925423028362,-0.5751620055123547,-1.587211218925372,-1.5565586975287546
1.529156304874695,-0.9738501392412496,-0.9084247828775748,0.7387123433194406,-1.3243064152170074,-0.7509028585817985,-1.7310817861713668,1.5094194196543644,0.2937079564886123,-1.8096402337474589,0.7271124901149972,0.718571366583438
-0.20478315102534986,0.7155116966270164,0.9428232396504731,0.6250824594905219,1.5592800204127508,1.200431547176395,0.8814206057747637,1.729269896329492,2.8357514858224695,1.5305040903081175,1.3561057910725203,1.336233022827702
-0.8377073377860724,-1.5080754808634023,1.6601545505530768,-0.5929151491570901,1.7762938706670566,0.418210286029542,0.2538204631795161,-0.6961798063844803,-1.1015253626782322,0.39385362033582955,-1.0584145926029618,-2.424682620668749
2.278525355364641,2.067339161569822,-1.241588576401346,-0.5351210294373331,-0.35699220090483197,-0.47079136755346784,-0.049183705279511325,0.30548278493549885,-0.2733703223459422,-0.18600584693905092,-0.11702568775744324,-0.7160720298456176
0.5419992961116984,-0.9191141984500305,0.8090349821486562,1.4495996274740603,1.202992793018912,0.0068780869771545294,0.824971705719676,1.3337594004481825,0.08604432201592638,-0.048411340950733246,0.9866423820914504,0.5137527525169996
0.1799041957359611,-0.23254803729001383,-0.6683561236684274,0.4907430475797858,-0.9154863859368407,0.09984147298132562,-0.37523301271595677,1.081866530786975,0.1937666063398028,-0.11964324420760508,0.7030990830134377,0.3564986621402922
1.4081834764544447,0.3227287447960315,-0.04980637188431687,0.41617434122522573,0.40815473691853627,0.6647565323233721,0.24263114213201087,1.4025826987823198,-0.0039024413034213223,0.8774101684850836,0.3642086138390692,-0.11392541421951496
-1.6040657591630207,-3.2925496165177965,0.01800902317702032,-0.40316175278385524,0.4238151869664531,-1.1371202894114558,0.7567300861076063,-0.27512270774334435,-2.590802025232145,-0.9666884161141478,-1.1954773502392448,-0.30861930059667314
0.40771851217050514,0.7270808081699516,1.0056406507466602,0.8998140889611173,1.346633134646079,0.8146797173386041,-0.16673181267206028,1.3268102488752533,0.2518416891636912,1.5867815328024788,1.3661266395925158,1.4168973852967701
-0.6596398986761487,-0.2670970297966422,-1.9380901202254457,-1.1307976449688675,-0.6137916637350763,-1.7816472379346238,-1.126356501539552,0.1384739253574393,-1.1149069905235947,-1.0070811638716763,-0.6224242466839492,-0.13761547764223414
0.6987852879503604,-0.4084201677787196,0.3492289266137184,1.4120591358217862,0.8660177967186123,0.35492819246725377,0.8851265431895935,0.9594999354439404,2.184385353994771,-0.22581052768789314,1.07262793095103,0.93217592486571
-0.2972870228618915,0.5609960536328839,1.3904188844104872,-1.041750303081824,1.0122393386993238,-0.2549087236395093,0.1347254517763785,-1.3596243230620273,-0.7687355992290007,1.7837623026987273,-1.3912533834347003,-1.2208489061331447
1.5904021599363662,0.49710498858830915,-0.4698554932127153,0.09629937360817478,-1.08257299685496,0.6604959380191566,-0.7728006957488036,0.3665904392826965,0.3257460636511517,0.09948022328792609,-0.13576721891334165,-0.25982959998415067
0.14595611455969681,-1.7966333521864113,0.7814621172029305,0.110715214053793,1.1571303328409817,-0.6046980634189183,1.9763151904526395,0.23345750039750032,1.362321587648942,-1.0636573356169339,1.6082298323678534,2.185534177107449
-1.071663863670195,0.6543955080694148,-0.3847433995246664,-1.2786432282207938,0.09600000107370171,-0.011529167419512265,0.4649913607213101,-0.5348828589983083,-0.85356116688429,0.5236321416586165,-0.9515288208158978,-2.1344737818079595
1.7136106093895416,0.4579630030959203,-1.1937348864856758,0.9878015027352178,-0.6261428810681815,0.28219049062082086,-1.1489207614018415,0.8909263791669464,-0.27705441350455995,0.3728630496714641,-0.29380733094228784,-1.3007126849254227
-0.5842111090304027,-0.29338229181625625,0.6852477217081371,-0.9003705002035789,2.1740706658062585,0.006413005124815463,0.3405302743144799,-0.9359290599219576,-1.7990490057479533,0.28844070355050827,-1.623661072676903,-2.756353002608313
-2.388294816421501,-0.22925364139712087,-1.5970147002317825,1.4591610560711057,-1.1414762694947775,-0.1330454083476864,-0.9909554978346785,1.326942584953148,0.37686906799499786,-1.2872099388511562,0.2950814253775015,1.0868592232808783
-0.01012785594672395,-1.170267636448912,-0.019231549805699296,0.3802689561581693,-0.4135881948909429,-1.7197760028106246,-1.2654945600608252,0.4361425061985751,0.5007318159494392,-1.0519189924929166,-2.5843339760668185,-1.4469535809076741
0.7980817295063363,-1.0307555222586675,1.1854554192727045,1.5997187890477913,0.32562169034605315,-0.24282980876400884,-0.1891853648843363,0.42582495719909985,-0.31918057284231527,0.47754731975107867,-0.14724879447630157,-0.9954196718543643
-0.7438354415846651,0.9525774629665791,-1.0887221168835353,-0.5944125833362466,-0.3161685406782586,0.7216813431792812,0.16242454453123129,-0.4624434579539415,-0.4154503440350853,0.11778311671047614,-0.3387994512344334,-1.0051292145568511
-1.1364631932495475,0.5273265041898427,-0.9011491106600925,-0.9873998137358058,-1.5891874116251075,-0.014684777487036615,-0.9756075103570239,-1.2688430582998382,-0.03949868500536935,0.11760590533190718,-0.8319830514080555,-1.5995917877883858
-0.29582707252788437,0.42699136429283124,-0.9685153116696091,-1.0983739708679405,1.3733742718836022,0.447443642588625,1.3671808392325246,-1.3731894156856228,0.1295688028727695,0.13404875736362037,0.5311977343493041,-0.104531646595038
0.8592866505827607,-0.8093306288110098,-1.4608197144258583,2.124740322687303,-1.6499179838308207,-1.376488527580859,-1.267414491286826,-0.3456686768425807,-0.46669197506858506,-0.5108151109480623,-0.48758269874250115,-0.5251514916484945
-0.8971722193409976,-1.0246160402687672,0.28844109331490975,1.0613691064827915,-0.39696207398384475,-0.7144726077236832,-1.158535572259872,0.2896114081584722,-1.2449582544451947,-0.6295591627060121,-1.7629013137175056,-1.6163050210694347
-0.10444121903928627,0.20074206724713797,-2.184558405105528,-0.7302796119417934,-1.7394100086751618,0.17754094985015284,-0.4961709661656828,-0.38024671709755864,0.18511564523961527,0.164901328466301,0.017626258945906637,-0.5866890359215249
0.04778938329869006,0.021208593407271988,-1.7700703361717518,-0.02500911047475131,-0.7880032011417633,0.8625071639645683,-1.365319764722666,-0.254609274656385,0.38711169599497885,-2.552289979943442,-0.19481093537753025,-0.12024775607970839
0.8445477689219301,0.29574384582973356,-0.0010359927824618292,1.3576488008073184,-0.10109980401849292,0.18234125816950053,0.38334676861986094,0.28293688290880026,0.43720417668205475,0.5162125867997538,0.6896716319440631,-0.07265642882650213
0.231474821225624,-0.2609711011732547,-0.954651442399495,0.735820165819967,-1.400828462362825,-0.4118638560962116,-1.3062832822410801,-0.1755286523509526,-1.1649235218160654,-0.21069243971341511,-1.0130816698435288,-1.4235417212771269
0.09474139275091877,-0.822163752079148,-0.3025943333911523,0.034250598049757275,0.0900685588889853,-1.2822156663844755,0.8360548146340449,-0.09888975533852748,-1.1613628732237675,-0.821874129528752,-0.8521262168880426,-0.29510216553650903
-0.9439008942514204,0.012578978898705557,-0.6775961458365422,-0.5437663193099247,-0.521792723162591,-0.9129770357509825,-0.9148155957069584,-0.8107644009250754,0.019533506073883267,-0.526527406596261,-2.21808542972328,-2.244463782678824
-1.1187460980668977,-0.7065462474762799,0.8925815541336778,0.06585324565065565,0.9667604428319363,-0.03782546610149409,0.930964760426308,-0.051917986872574526,-0.40802466818503225,-0.18015261708572572,0.4618125046336666,0.13454903175615374
-0.8192135443596393,0.3175437975814808,0.17451232263127583,-1.269419074307448,-0.064823287832319,-0.3421470542632921,0.13111491862092714,-0.9933384650508186,-1.824428530535124,0.04305241717911046,-1.2741448468192949,-2.042663589964765
0.02608457831158786,0.33258122628328923,0.7195220433320721,-0.3080199108867172,1.7216327538812664,-0.7125300044249651,-0.2596394877930297,-1.312730561958999,-1.1208686170336644,-0.6489828126765879,-2.6249856885920737,-2.4859711577041246
-0.803446237884002,-1.1849545919844915,1.866905525681855,-0.7731439574061928,-0.009417821118307801,1.2220429621557827,-0.39164560281765304,-1.2770993688151802,0.30538114528917054,0.2936790298096058,-0.10616691057823857,-0.5462941628472461
0.8638289478749174,0.45359974497291494,1.2201048798406855,1.922053786915206,1.6691734675550833,-0.03952711650844849,0.4629557474798231,-0.44254052051206094,-0.27251924573498715,2.0182414245228877,-0.8086558061282717,-0.2690675952955917
-0.1698264815042217,-0.3240434847758439,-0.32377709158862705,0.22667415922537137,-0.1328313310959406,-0.4598044968378868,-0.8614127620025803,0.5613605746399986,-0.055648138792983526,-0.6869949247431653,0.21544002108060217,0.2594037506201901
-1.7432344168070224,-0.23509288798735228,2.244454770593317,0.5011588522781755,0.7278166511357622,0.32852926217131373,1.3998083024964532,0.2278940325494041,1.12311797276326,1.1944850677072898,2.4631843269109517,2.1142614198415512
-0.3642050137033033,-0.05500147093139004,-2.3388981980274046,-0.00045597683980924675,-1.086305884026609,-1.2325794618561008,-2.0066991317122223,-0.2303426844659538,-1.384719967348794,-1.17879211757871,-1.0419683212273219,-0.35199488424012093
0.10969316583744763,0.996769793562335,-2.078902271310245,1.1245721660620691,-0.998474251343511,0.3836407832074603,-1.1229548741140805,0.7767653843832516,-0.26896506803879794,0.8083373806899968,-0.13247043910233003,-0.7348943325626713
-0.9952747744983832,0.43996718385158384,2.1172768812025002,-1.6946447009472636,0.6091031403903425,0.5190186911997063,1.4101888102961886,-0.07123683455954903,1.3278362336176261,1.3033128766570503,0.4830794455818961,0.28744957905613
-0.8856785057162343,-0.6435281688133084,-0.07590221389519607,-1.144760410851258,-0.6037433036014593,0.34339566049389514,0.4011173883034139,-0.9099733648336529,0.19303546695986273,-0.5170478503615346,-0.10091586468730118,-0.11069633359633335
-0.7014564705072744,-0.618272388005168,0.2597170682328807,0.15644370918952022,-0.3623238257809372,-0.9009242915297616,-1.2988342153081212,0.47718796547710307,-2.160443440378202,-0.17443477698176035,-2.3403469513161133,-3.002845381003943
-0.8325465949769677,-0.5049061922018976,-0.04199738341135593,-1.253515567861928,-0.35347806881622756,-0.4603562141286972,-0.2811841822703702,-0.3217225382232806,-0.688397374829465,-0.3728437906284642,-0.28925064135971745,-0.45399158073722057
0.7310035266509014,-0.4780138789493644,1.0204464770902042,1.5290545781123348,0.7539266763600085,1.066229657468424,0.7453472377029595,0.763488696208471,2.0272051153002857,1.0112897209162366,1.2017093160925332,0.5987477256935334
-1.3420525216027743,0.08273203873772048,-2.9699839604558953,-0.4459817117409931,-0.04320856597007096,-0.8978931466690547,0.23537687801378265,-0.4182614448927202,-1.205200767466393,-0.823947639148259,-0.6644494263493235,-0.380047038187456
-0.8193608717762391,-0.24789436928093012,1.4312122740033946,-2.514189021890502,1.492059785761075,1.4257317924032225,0.7467485630142415,0.615825293834075,1.8354219305990669,1.2984034874153467,2.765018515567676,2.438228822103332
-0.8923779371626507,0.565308174232174,-1.4208681539718337,-0.2103086378842548,-0.1478581921454165,-1.4109474408620777,0.38124201778125905,-0.07399582473471783,-1.5098585321277715,-0.857538714903581,-0.13117657180764963,0.09414852463607346
0.36245947025713454,-0.29761607170098214,-0.9700593840827185,1.0931507849933348,-1.6173885836292696,0.012547933905373843,-1.417824411165643,1.2564568282714321,-0.6257063379104922,-2.2952920846940703,0.12507189665340537,0.5062649715564764
0.5044813432997227,-1.8756709882203773,-2.5556365913051557,-0.06152985325476967,0.4301724149676853,0.9674873742006613,0.3919819455490614,-0.15436807250721885,0.46141041532092997,-3.4373707842328853,0.450176266649759,-0.28001302767679415
-0.3608811057148641,1.1971457531588574,-1.192556075981332,-0.408622147882862,-1.8613302259824587,1.1890556772251824,-1.4798483926218169,-0.8039513102152437,-0.9323018137102612,0.3084877107692271,-1.2015245415651783,-1.8534248957606096
-1.2337176554190685,0.9030144975572817,0.5627296747540629,-0.8211662824148386,1.4275985102866104,0.3307232477149511,0.5987170499147254,-1.9902507052319256,0.08324040946169721,1.7849946427503327,-0.02067706237607292,0.1422298827280145
-0.6260278954147451,0.5462691432579254,-0.7356186938069926,-1.4077050763457373,-0.10760759609356907,-0.5622246754934628,-0.6937028211276655,0.24995101716289359,-1.1582219102037745,-1.1116743568621952,-1.0760146307629288,-0.28698222908273674
-1.4410945171181786,-0.4970176173361363,-1.0295453047331704,-0.29309708961376824,-1.7776708321423258,-1.1005927277635252,-1.1514304529141042,-0.5194618106981962,0.22397086774779384,-0.35191343776668804,-3.3983138114436713,-3.6299574063192375
-1.4995779734030763,-0.37529239605791515,0.09410762124145569,-0.47635348911616304,-0.028064717239390496,0.43435280000841214,-0.10582289230781611,-0.19712968521438834,0.5170112272250477,0.08455488791207633,0.05766549126921322,-0.31619287864928014
-1.8307327722488416,-0.11928318327621434,0.43903027312123566,0.8525399815297255,0.3421202675381377,0.3966092285181079,0.7321791232411998,1.5662187817927964,0.9710541999679251,0.10956255751656058,1.3186578025630924,0.7397556915072978
-0.34729987611795055,0.2470295235495504,0.0385976257564492,0.32875398985845594,-0.356642976302056,0.7014318768722722,-0.8804150051517259,1.1859258017009426,0.6627908271016906,0.318039649111441,0.5951926609360042,-0.11608975025249753
0.5088703813542117,-1.9364784615381543,2.205638780736166,0.3470098354008211,0.20443860776950584,0.33899107018871194,-0.19206303020932652,0.11274109415822176,0.1798005987252186,0.16895692474686566,-0.43613434023494607,-1.4419675229551985
1.9398358289212319,-0.5302156934790487,-1.1248684531357303,-0.9035763151372989,-1.2014113736482506,-0.2763981237074361,-0.8380592880118171,-0.6094111732639268,-1.349943118438474,-2.444342599516225,-1.2560673605214927,-1.146252521936258
-0.44798272734076394,0.8843902591523516,-0.10047768733606255,-0.9042992409135644,-0.7312311866707155,1.2259047207211167,-1.7872013316197917,-1.3354961567100139,-0.1362018190260252,1.4540486933909298,-1.2318263909610065,-1.3516751001131135
-0.2665054551123857,-0.07438164520179115,0.16939856633590597,-1.3754644593071974,0.5354072160024832,-0.011917067730323458,1.2688731644593814,-0.7351092823311838,0.6027517403927486,-0.035550245223650134,-0.036768897505990564,-0.5960205232596095
1.096888011329862,0.21006707654822218,-1.3356253138947491,0.8432916260965457,-2.2052672176035855,-1.3541640908541839,-0.46422351878509005,0.3246390919198513,-1.3392681595362887,-0.4909751002527794,-0.31122216495353516,-0.35793499809334467
-0.3726396359806923,-2.679833095718776,-0.7817137100443907,-0.6023193935345568,-0.7258611178464967,-0.09733853224664515,-0.4112254102034657,0.5223973635058606,0.42325952141366135,-2.186749030323564,0.2943357687855322,0.6837264112575282
2.146678254590875,0.9194332285119194,-0.40177341625663465,-0.07556962995549932,-0.952157956080536,0.030467034195713207,-0.1611587109922702,-0.23963182595100413,-0.04484781530499554,0.05738755154042033,-0.40370545684104303,-1.105104951442436
-0.7965084009927671,-0.22808609461706175,-1.1569649888926217,-0.5443350336516601,-1.6097730959398782,-1.4355992293815714,-1.002007725255703,0.02063385475860391,-2.562814581939638,-1.1856552859774776,-1.5310389982665373,-0.7379017091302925
0.7203530944068083,-0.6272441805280873,1.8091286549537773,1.5276408195760314,0.994722943837942,-1.425383263692897,-0.5821667389714119,0.503720029529069,-1.1003062871791092,-0.3999537877733259,-0.6014370751078864,-0.732660297012068
-0.9183666928598971,-2.8531559234417614,-1.0713189716151703,-1.4161801880021774,-0.5568508789607024,-1.3011585522962368,-0.23567137733197724,0.19341500464043926,-1.5419125175485073,-0.5221279550439781,-0.8091986984711139,-0.8404957135810803
0.4922211263801312,-0.33815028954548015,-0.21744209276312607,0.6060123903896414,-0.2720403078661249,-0.7772290933684086,-0.5431903408600278,0.6740803816194924,-0.7188829999709128,-0.38404762832282496,0.10874344192881175,-0.016022774817522845
0.27716600823681103,1.2147556621883788,-1.2398155567212328,-0.04296418994791362,-1.1124882769852218,-0.9023346213363648,-2.3985879317870955,-0.198455098899868,-1.743871037487172,-0.15461899059191136,-0.6951417918609388,-1.0809217836732627
-1.7741458761161502,-1.9137553312893005,1.5254922615222068,0.3398854701303675,2.140636779900389,1.209307188715441,-0.11822407547743699,0.5451958200783655,0.6448780810305738,0.3863842296629198,1.8682226510535909,0.9860789255341755
-0.07582949513206937,2.3378640783599947,-0.24098277877313884,-0.0863839610463028,0.10446695144532153,-0.018488316130115257,0.1345514233768309,-0.33487359676998485,-0.5207972252965085,0.4206020380577835,-0.6886569107136308,-1.713207021430895
0.22919105515888838,-0.3518758409496291,0.9739306261821604,-0.37452278772100395,0.7030958660494693,0.2708938511441447,1.641664917450688,-0.7147915905553335,-0.05078242231042887,0.48945611061087047,0.04185966814895006,-0.9394701293855071
0.2906808286750316,-1.1612621898982474,0.011610199543626529,1.2141357845310319,-0.2083709324968739,-0.05921563535037533,-0.21078642496123082,1.2586900930729268,1.1425725637521336,-0.7078860348208977,1.1658777469219381,1.3148879020139321
-0.6790009968281006,-1.9321289402834703,0.9283305771333694,-1.7126076741188236,2.2325561795483324,-0.3703004829284617,0.24436199213356566,0.0793784765822434,-0.5329834659678765,-0.27600407574759206,0.07448245769451718,-0.24701736476107894
0.08580363408534877,1.244169363571458,0.1140176502525748,0.31611541266435517,0.35708306549205554,0.5815170499426359,0.26526722257835145,0.04691218291738697,-0.5946730916888578,0.5924526598932836,-0.29563547666926426,-0.8133345249189787
2.3352359499583124,0.17109657736476938,0.7067823369156744,-1.7171406572437746,1.8698498688518717,-0.5490719574829315,1.1512664549851843,-0.3548389721785905,0.06683813859213644,1.8459391930757874,-0.09455373436092067,-0.02680589605240579
0.14264227824755696,-0.3288467674470786,-0.08848118700303867,-0.28413560460552634,0.005669188640485767,0.256918427196163,-0.18629823417019378,-1.1045781640318808,0.2196742263747044,-0.1941088219449897,0.3908708841259638,0.27553662015302294
1.0797072416445168,0.2222860614180924,0.15263782381224006,1.2033443248101299,0.23839440481538693,0.9305843518858679,0.22780909485895354,1.3401816890776992,1.5423521918436764,1.377617248394316,1.994372528938747,1.7737970831114602
0.23212539981507876,2.003265083042179,1.443883686207904,0.07794861421654392,0.2995389783415413,-1.7288491002540898,0.6553861929990907,-0.0680945879347874,-1.5377346208249787,2.9793530386664764,-1.4364701451341797,-0.3965043426602851
0.8903709698234108,0.142122431730669,1.6630127258290388,0.7590407013203335,2.165706656688127,0.7968456527022896,-0.24633872042917918,0.4556832156631657,0.7745004520283196,1.2375917657533513,2.534932656644419,1.892031606848294
0.24310816372969538,-1.8866585941203697,-0.09059870182061718,1.151681274738245,-0.14404290561136768,0.18575197163960355,-0.13027472634507006,2.390483563474169,0.34558136464298195,-0.9270706068531754,0.13066470573572797,0.18487688920833045
0.2441388959774714,-1.8098907013854115,0.29468253395918337,0.6112482587652841,0.8856231682652775,-0.45540153196336836,0.2952804071676627,1.3194171123201146,2.1586660298598246,-1.4614230972547948,1.412587420949522,2.400628292460863
-0.923642715985556,0.1912585222726558,0.6728526117883682,-0.8329680994676664,0.7349070781968803,-0.12240733689159078,0.4243246149027117,-0.1700528255678544,-1.021053135310557,0.7079427118737863,-0.46624847337531905,-1.7585738728048648
0.6146575350105126,0.7829159396810477,-1.4040677902069418,1.7033395276513352,-1.5631349391036147,-0.6393375591518313,-1.40177550173995,0.3417196216209362,0.14659879453084845,-0.35455549253202673,0.7312049680118236,0.6453711972758465
0.6975655423704346,0.538496618610659,-1.846313559590373,-0.46207718682521604,-1.760724324592624,-0.1747311550691808,-1.2507172855915134,-1.876246692379488,-1.7184070035435526,-0.4852396089935261,-2.0049941777160285,-2.0740380993950254
-0.31837948817405565,-0.012580112112505506,0.18719382701035422,-0.8634875572161727,-0.06029476473473264,-0.28663091494268433,-0.15628951191495713,-1.0697021884100677,-0.3676943505301402,0.12141072315636531,-0.3232092795989099,-1.014383602871892
-0.1803894107326926,0.3115321118954833,0.10810398049414505,-0.370189317978882,0.2938429315897755,0.20256374750267486,0.5153909870766079,-1.0266568126594882,-0.4356390093644769,-0.078492565343877,-0.6912139305814199,-1.0843790658036099
-0.27924850775897553,0.5220851591146689,1.8726636192351784,0.17830019740287306,0.966290985420459,1.5654314963283307,0.6192777333303896,-0.3476062025046258,2.1359496904163664,1.1913658951665644,1.4470745482201306,0.8110250830381682
0.5136110125316962,1.2024839909570073,0.4886273809670866,0.6388275216069665,1.6305951513663282,0.5887436607678801,0.8038309015323081,1.3191665756027953,1.1015874990106305,0.7112606727012599,2.701635366857708,1.7838769461266737
1.186579956127167,-1.3636937605028996,0.6307113196907156,0.046359190502059944,1.2976984802179916,0.87183773632894,1.9993027070462288,-0.5471493780612373,3.405050460165502,0.40664787451386675,1.4257718970986706,0.19587177680245457
-0.7969910557031101,-0.08866537239464968,-0.4368201820479168,0.7921715701738778,-0.46677095038654526,-1.36344904845221,-0.27304296247234594,0.12999174664802715,-1.3346211274019557,-0.6782470379798401,-2.2481955430321667,-1.960086784382058
0.4257969870561366,1.711915412362153,-1.5948337768784038,1.6338855571955562,-0.3255630150545461,0.5474537231708483,0.1884643199628942,-0.16213973423464695,-0.38392674204153043,0.21935874114710796,-0.27029114606474014,-1.167824117259798
0.6083363429506159,0.715122027025011,0.5762540214325513,1.0133532726024033,1.1134747694373779,-0.3316117847830031,0.5175176485753771,0.6182767935646107,1.496837314224277,-1.2205809961693186,1.484922995006599,2.1374303434303235
0.18872999193587248,-1.232680147323691,-0.08089463682958084,0.8339417896414956,-0.00905561895521026,0.019327118190627712,-0.11542041248594283,2.337009604067406,-0.2826907657053118,-0.5353295911828831,0.31021778047989806,0.30814802397421936
0.3022456370187563,1.098671079331375,1.1650547257824095,0.48464556166602796,1.307937768615277,0.6171336142459292,0.5164344803038355,1.1411589181832997,1.7367927876369993,0.5550228005534334,1.7793575446082908,0.8757513855627694
-0.09002992126949586,-1.1477939083523645,0.0736674980342509,-0.18068974175699923,-0.5863738502187351,-1.4099772821200722,-0.10847943318765696,0.15958008277545144,-0.7402599822313779,-0.2958023799027091,-0.3083145510565203,-0.43574615931284605
0.020273408505875123,1.098080872484741,1.2518776686326685,0.2895897137518258,1.8644239975313766,1.3903228235159975,0.7130628168216042,0.5337823675039012,2.805582089824358,1.3870861689074083,3.000762216891957,2.79181650886918
0.2940115781756574,0.5636839119574364,-0.7105503763252853,1.022225610606639,-0.9834677756517725,0.6662132384381239,0.40548318138847195,1.136981759070908,0.2122980760653147,0.5066486489577979,2.829978991446466,1.7051173527791188
0.5139700900209019,-0.5490950537008051,-1.7531228911634802,0.7521539517436533,-0.36295119404846377,-1.2532316116414308,-0.0008188366488704468,0.5475079195728394,-1.1438935129492227,-1.1849184075864825,-0.18528409574344207,0.384244989336439
-0.24242436748481103,-0.22284027449028984,-1.4311784935184784,-0.152348711311316,-0.9421550579549819,-0.1460903370576625,-1.0328159927293659,0.08445934736031396,-0.13218031597136248,-0.6614899189303955,0.443208686491422,0.46570655748975864
0.20754384878399232,0.30590285861367933,-1.404622580661006,0.6827288709736132,-0.6906233333318139,-0.7224886326557296,0.14250214428196006,1.4833883524674256,0.07224232381418197,-0.515682964869764,0.7691029522268538,0.7146932783783382
-0.9423884743285238,0.663662640816751,-0.861327268487263,-0.9418345551807523,-0.48704118762730564,0.5274339285287539,-0.4903478702432281,0.35155755341326134,0.08983336188815821,-0.15913725720022978,-0.3879307146004416,-0.39729205484273084
0.7033817159956847,-1.1121588662079462,-0.9162714447099156,1.1624923788687616,0.4053770504776316,-0.9099584582034141,1.5546602113275285,2.008103284897342,0.5424840135286739,-1.3115698622332295,0.47443941489548086,1.2932261566466214
0.7148185917806216,-0.21228629561452939,0.29188956736360727,-0.14428132428019558,-0.07243451177514365,0.05102202354444649,-0.022843817139421255,-0.015435907386835701,0.2841781589322093,0.019828831571429645,-0.20155014054765327,-1.130904056719221
-1.4909859049220056,0.4217459751664205,-0.8434873264006758,-0.2562995658265005,-1.1369114449641198,-0.19047601753741206,-0.00917417577880908,-0.07957266311644301,-0.44003734942326966,-0.10637991294125568,-0.4370152535081632,-1.0960187369393766
0.8976283823623982,-0.36013540804067545,-0.06885875138950012,1.7083291944166934,-0.4980934200267498,-2.4180714018758063,-0.4408397425151439,-0.2213853540510347,-1.7474354752720633,-0.5570793022891294,-1.4224128659140522,-1.4253905141639704
-0.9263048524707042,-0.4367412318765866,-0.0708726008733034,-0.70745175021882,-0.39223823008661174,-1.0053719458728214,0.14231461520280564,-1.5344745031649367,0.11039051959872559,-0.2524862537777425,-0.5538631415267855,-0.8426364261092333
-0.04723587116556571,0.022033134065406166,0.3637463700958545,-0.28844943933152967,0.3525818389668545,1.420717522965203,1.3797275246336644,-1.0418843381778324,1.2884685590466718,0.9477987164076663,1.5782100243131831,0.3165904268132442
-0.08753617200378037,-0.4367644544611449,-0.4342208374912195,0.17797298592000232,-0.6804553942710027,-0.6241238698024185,-0.7962282430222108,0.7532225447019971,-0.07294234682772527,-0.43474945322582115,0.571204190026927,0.6173949107186617
-0.2304471634454107,0.526031396875333,1.6629593087200982,0.14456989137854404,1.7315036118678981,1.8257035128191612,1.351746434408079,0.18442358242084594,2.797387836039487,1.1915334655843204,1.8335711061240332,1.4017135557489213
-0.7099642922154293,-2.108155853449066,-0.19327711193287408,-0.630671303611145,0.07420113248149035,-1.1163338808556527,0.32294672681479625,-0.4872845083249811,-1.813028798504098,-1.197458036171171,-1.4512052972376688,-0.5542676987753811
0.5964170330768406,1.5896729026704137,-0.6305934902450655,0.042139022803771686,-0.6389078624533688,1.8474942910724175,-1.4519366377103011,-0.17516267579509215,1.1661553156478401,0.9058652313175142,-0.2897359921887962,-1.1382426919446098
0.09965475295612193,-2.8588517737980994,0.6226592821532053,0.991007978273677,1.0657164178920382,-2.400905955393649,0.327139071636809,1.7709358034248082,-2.905154643149177,-0.7633261569459671,-0.5480522581859578,-0.41215275045307237
0.6981909112820933,0.7450207689473518,1.2012004052449123,-0.2708495869432578,0.7716089383853775,1.7323504589733252,0.5082873795152465,-0.03373408852861187,0.3776467841823273,1.209292709351469,-0.5050036431064657,-0.696056341002414
0.9487162266142848,-0.2028658520770848,-1.268049682454512,0.37954056653585855,-1.4808166886753016,-1.2331798016990436,-1.2221204751544565,0.451995463640374,-1.1614543396123305,-0.9902447603150032,-0.6243421922250081,-0.16251968508569328
0.8170587855033583,-0.8597417364881988,0.4082368452718979,1.8661695552482565,0.07339556966348593,-0.7620462449770484,-0.06580426370657137,-0.48129504122654626,-1.873347117616913,-0.3096608310728479,-1.9751584704772802,-2.3230805709413174
1.2424264234854927,0.06802044982743798,-0.39055910793860876,-0.5354280885817552,-0.7498434509164733,-0.9035661779539443,-0.6168196301566149,-0.6126843586266609,-1.8976733827237977,-0.41177101056548815,-1.8431444385867222,-2.014793125090019
0.05911826311410017,0.4817689480364215,1.58201632297018,0.7889954601288961,1.8879604430377643,1.4746823045005946,-0.011716554171597005,1.7874926434762242,1.300757899062384,1.2086498079478913,1.5843067609416261,1.1014492451449078
1.688120933291757,0.9067561471919287,0.06314821901121603,-0.19312984312502415,-0.23881035858577912,1.5461981109719358,-0.2454595819920697,0.3069651261226453,0.7885790242787033,0.7297902336939925,0.46898775865036835,-0.07849790232030968
0.2522661877586224,-0.6737252311173519,-1.021422153268698,0.4248901598500337,-0.6450462365160281,-0.7019796234693406,0.35349327799986163,-0.014919301248625505,-1.426618694332494,-0.36579809551807096,-0.5079926158592931,-0.8428238465052688
0.7472266971273246,1.3075188320921567,1.0168197905716443,0.7803646365509542,-0.17268917308049203,1.3130020332827963,-0.6155789428898308,-0.12295823549634011,0.5973302070167713,1.219648891308878,-0.3220649421725629,-0.8765583763703808
-0.745074307051582,-0.21281314093041406,0.19490302628913667,-1.5809788598190049,-0.3763783598559449,0.4626919648934863,0.6853419038015841,-1.1418378213705036,-0.04961302702966963,-0.20819212891655,0.2919947537134478,0.27058924948232566
2.1451552944666044,0.5682187307776969,-0.07010943150180335,-0.7761561002301387,-0.3265888845772257,0.8384753366044411,-0.7158896978619979,-0.676812404135936,-1.2272887564809458,0.3985852649106553,-1.4579879533141695,-2.477419856382426
0.8691101620366508,-0.4623318538345037,1.6833693387205901,1.1731952890525605,1.1573004996107297,1.0009921183481003,1.8043002334525653,2.4112565595709494,1.2701496600946083,0.565154179604803,2.64937588468882,1.0614716569866955
1.0400817401152562,0.8885812541198373,0.39323285036026,0.6884880396621391,0.22412331962277252,-0.28989477852384193,1.1983458595890637,1.6967094729808845,0.11623856105450064,-0.3046143859160443,0.28579605756799953,0.0887130601727063
-1.7403219216778467,-0.015172004618708249,-0.8596268604426576,-0.2113346178205734,-1.271021526516103,0.589621520556441,-1.7243078762908621,-1.0343035015411095,-0.4820147767611696,-0.3592142258655571,-2.2758107518453294,-2.324933711505436
0.5659535811559383,0.3668843238071884,-0.32949289191455805,0.3601154174271295,-0.25460121663354185,1.4015582293853903,-0.028904199511494977,0.5759768119433007,2.4503509953256657,0.43346466559086994,2.2845643823663373,1.4108610476093522
-0.22523742710440642,0.32427944484304566,-1.2544258128506556,-0.6047598820144421,-0.587892049889129,-0.7824799179348871,-0.029336294593469647,-1.3561125772857592,0.0953669652285084,-0.29528726053933857,-0.6529149654252312,-0.9447926151981697
-0.2732915358010859,-0.20058634576296142,-0.42383646172053585,0.6400451197666069,0.18765147766297147,-0.0073138565093171515,0.2627832585065339,0.5078256934290688,0.5334561421034398,0.14915731839809032,1.5706221270356258,0.35674621445194915
-1.4312605975971877,-0.5150982775964671,0.5912495600840726,-0.8058646859363832,0.862104767538586,0.8663417374572063,1.6151434859078038,0.5407947680350836,1.5086054873647203,0.39805463714694994,2.8058906156333574,1.900125742858247
0.6416527062199388,-0.12539012236923824,0.8149107013758838,0.2992831203499343,1.7564666231764159,-0.8488014376994981,0.3906399240525599,1.2158879756317629,0.03498506150344949,-0.3974546393383873,0.2209664764152609,0.09574863880887069
-1.5598093765142693,0.688689423750573,-0.1606223801827479,0.20465759612193477,-0.05644352218362776,1.795394727611347,0.002622026266365249,0.23936877454927033,1.782186923661217,0.8907348635524401,2.278173066958762,1.1864436253217496
0.989447845756228,-0.8535295894393613,0.5812967753653463,1.7166208163938692,0.4260073409430418,-0.3391507663566927,0.6199001180476553,1.0205713080953536,-0.970969347555042,-0.10837946809769294,1.392272503359397,0.776302785942527
0.47088040695348277,-0.48728079578024414,0.20720826510858295,1.6995757707372294,-0.002134818690345208,-0.627063416361475,0.15751853941427532,0.2646141373447405,-0.7825121607935632,-0.3417026807420631,-0.30051599683318453,-0.6347042918136128
1.208743779181305,-1.2695263567177146,0.45875631102992076,0.8650089322719937,0.3944056548475878,-1.804527034507113,0.9825628613566351,0.21608131947100417,0.03888495313865653,-0.5946565324575507,0.4713201904590685,0.5432414428045715
-0.8611805351979529,1.1880177943421557,-0.7799062000110566,-0.2774429172930408,0.6452055532489925,-0.1626834549621507,0.9130694355113987,0.052407593614097525,-0.11391915536584289,-0.06052089004657196,-0.14968594127812462,-0.316154800083818
-1.1877472027538083,-0.9502450712767132,1.478892419039029,-0.6412682754820959,1.8618535759011208,1.9941410280554763,0.6253775431708752,-0.7083889592157182,1.6039488366955026,0.815141816018891,1.5605352219246527,0.41563273618186336
-0.7996493254122106,-0.6841998822303138,0.23090376034821974,0.028110395252511466,0.9610816061059997,-2.5388462973991652,-0.016789133630275455,0.11906775569551464,0.21973955540100842,-1.3387696286929416,0.14849058978552276,0.3129007599737988
-0.620858044909699,-0.27225447957854626,1.6827065778645607,-0.5903177569038565,0.7683717846820295,1.203561734950903,1.9657795542753433,-1.958244313572528,0.8522978618867697,1.4172393313584086,0.5796521025816602,0.43817547066368323
-0.1113269776927803,-0.8550813087507863,2.590020422279604,-0.21663891757409753,0.9000382197459535,0.3064104108087685,0.7171191535412641,-0.8262307689537435,0.13800862865838798,0.564292282285446,-0.1515521770072687,-0.9743533918357002
0.1859454891397231,1.064713407493047,2.330136537018427,0.5013042155172699,0.32529548941214376,1.504791291547946,-0.30890374301446,1.2962906736091646,3.302915636608856,1.5188091808216275,2.0047677685949723,1.9725088606018373
1.8335084336783833,-1.0216321685454604,-0.8025341852396154,-0.6261542369902321,-0.7707778896311448,-0.002950087538035717,-1.6749605707652662,0.40246941251440627,0.19348876159532358,-0.9866808569785379,-0.756828855669998,-0.4485017016727892
-0.7833199348883907,-1.137367442994104,0.33094611443758376,0.1620821109513113,0.6238694511942662,-0.989466147105867,2.3909499494264304,0.11034417117050319,-0.6050153308998969,-0.4757430577426449,-0.3945465291393455,-0.40516352165766556
-0.8476664790195749,0.6136357698848993,1.0527784121624393,-1.2337396979925639,0.6793766141820637,0.5712883103559898,0.5819406377779172,-0.4718300665437107,0.27760016424777834,0.8934011406165021,0.22482131750920611,-0.3931756000796087
-0.27338903725154906,0.20162271360485404,0.3730984106274369,-0.4341179005537178,0.16641244668557195,1.3597890154583072,-0.5211364760693857,-0.7999437093859141,0.7461374552526527,1.092377553934333,-0.44563340652959194,-1.0201809506483024
-0.25242890942548013,-1.169628184173725,-1.6166750023022611,-1.623340224167061,-1.2154728359829967,-0.33289678856393945,-1.1618066848318593,-0.7934143769840072,-0.3788593946335662,-1.355445918022585,-0.14782551839058122,0.4294235329968956
-1.1095902670242634,-0.7662009755956277,-1.3105556143795085,0.02395435922048894,-0.05503201613203679,-0.02865371388310925,-0.25562709169482206,0.051394254941445554,0.1230951139035435,-0.04731761095170839,-0.05224610366022557,-0.5350365574000776
-0.4194402701038956,0.02868252680279066,0.2822816705718097,-0.3845605108019076,0.4107434892504891,1.4861245394457379,1.3322131673074247,-0.35215995485222945,1.36480659308769,0.8083361523332898,0.7362886939276593,0.09038553812466893
-0.4558682824579468,1.1633855906563018,1.861184100616093,0.47467665425558914,0.2685851539734717,0.04062511343489597,0.791342350518315,0.9044726151678202,2.3514720681429244,2.1662771011168895,1.6332586447582127,2.40770463488649
0.25630750621170817,-0.8608470319405768,-0.34226137365646314,0.5543533668654825,0.36854092997079585,0.37153988942535177,0.11576414856694062,1.9198980676680117,-0.12547064189387075,-0.3518269569186484,0.2688029031319854,0.20090017702360796
-1.9447896166455254,-1.152491711248978,0.40342070819913106,-0.43651872547012793,0.5942899031592318,-0.8231978454934694,1.8353954382566693,-0.35268607504222477,-0.2966482347815995,-1.4399449197853196,-0.010755580344169631,0.9412622255288297
-0.8836813142791056,-0.4246186890654594,0.16140285419102177,-0.3752898492514024,0.4559439451768845,-0.13855586508636808,-0.22664214133536464,-0.7656641634463989,1.0528561778402035,-0.5653355124699312,-1.585334611474122,-1.5672637185286211
0.8771574710226135,-1.1404266889912347,0.7881246013125168,1.3514571125852057,-0.17716171719604723,0.6054176611064975,-0.2494140860447545,0.8423089480228911,1.0418564848951444,-0.13353794971851615,2.0718583139391775,2.059899781270585
0.4893799352337044,0.9074247132730661,1.4072818411067047,0.7581631423948726,1.5885004231139923,-0.40737270740401077,0.7483122387840642,2.389770217343143,0.0766224957863278,3.1123721459894353,-0.1269402572642384,0.2880655634534399
-1.2479359503969982,1.5813484978438126,0.03290155499604749,-1.4056800862873278,0.2559948467568772,0.15901214339520836,1.099451508351731,-0.7227196005777412,-0.3359545911908685,0.16986635235718917,-0.22763962767353074,-1.4317808184442327
0.12440412164129444,0.3843003937448902,-0.04306820091375662,0.19783500279569216,-0.2796822742038392,0.19504035065014863,0.39478130572601416,0.7037710891118372,1.8203551097840278,0.37463378422695187,1.1775028435694208,0.3416654614930907
-1.8735579929732682,-0.42610803736852465,-0.06047214288230123,-0.13955447116395586,-0.12606665779608103,1.1288338583516442,-0.43595631367216076,-0.5554276020902148,0.4474481582500107,0.7631877714477318,-0.624419253932984,-1.6448923780090627
0.5303563209110717,0.4399602859721141,-0.8250779734171872,0.8525741883379104,-2.178678276684517,0.14112105892929394,-0.10597784962767996,0.12520546603608496,0.9030079230659045,-0.25536432262732,0.4563691587611335,0.1591384954843619
0.027643012679123346,0.9734638029102406,-0.5230841210196375,0.006642433952207649,-0.4387202966153025,0.22636582480319423,-0.1879813112830256,-0.23589805971084257,1.232296411435719,0.3282599720225612,0.5229529172320716,0.26067889631447083
0.5885935143260473,0.35455284921470265,-0.17569267961633853,2.051552405352239,-0.13345947030073396,0.7601749196497178,-0.21797968847206242,0.09992660447457347,1.7005693915390665,0.3705379558451575,1.2114509643829536,0.2717753801219295
-0.15790811648896586,-0.13154843478326325,-1.193649677351033,-0.04725867822034885,-1.3010055988593148,-1.9440248420781416,-0.5554298600524394,0.17057763782056432,-2.545674437810824,-0.758914127051217,-1.6795294386496231,-1.440262532279325
-1.1748801890130594,0.12404510667264225,-0.6971621868712395,-1.3501889579596276,-1.3653396933638857,0.9874187910940598,-0.5144725255894975,-1.3096329174344803,-0.5462896781362979,-0.43295959462716027,-1.4976628575471338,-1.4850885656942303
0.47838159701628197,-0.4397286812396863,0.4262514813051348,1.660587990343902,0.5448046956258588,-0.08138304320505188,0.14981089394751335,0.5585069273912203,0.22866531740100882,-0.1921473118280047,0.8837267844183094,0.49611217182564143
-1.2504927809687978,-0.13797828609226243,1.669869505501887,-1.5509030391027505,1.4226411838687343,-0.011344640843040987,1.24980820803386,-0.7177238254473008,-0.15795189806996685,0.14037301995888019,-0.009213101537658863,-0.7678473621234172
0.472722576535417,1.6789662453387308,-0.48144428059585165,-0.5779488750639652,-0.5537144089643313,1.013487338900425,-1.2811183179787387,-0.7441762318399892,-0.533682534162581,0.4371989192073067,-2.3313609507120363,-3.3607819860893784
-0.345896241421276,-2.20112014187695,1.061012653983703,-0.5525567937395993,2.2836844872732187,0.10341124873169319,-0.4428523763991661,-1.7108460407976442,-0.5476658319304565,0.20653163267029234,-2.599464347047198,-3.8738783446724474
1.323659985035205,0.44152471425608647,-1.1614183244711938,0.6750035413152238,-1.5875506757678954,0.07708306089488148,-0.29921796061281675,0.9617008809363872,0.8403529385691115,-0.5450785297993226,0.9088110751042919,0.9071812782022497
0.2296346604668713,-1.2664486617069142,-0.5050354596090438,0.24426626226454806,0.15808137089438612,0.9239205765488051,0.6926054272520309,0.8617199600396179,2.648820980005358,0.6719266652724225,1.9670641349905436,1.0921041385504249
0.3836847918703868,-2.6554698548296667,1.3620577059041554,1.296689025561196,1.4503498416134062,0.7262255532555245,-0.9971650386890305,0.1821766021234411,-0.1024833153602675,0.42333334569693104,0.09891896754588948,-0.7137689496700226
-1.0063645095586728,-0.4632669598912166,-0.1430995503191,-1.8343796939432584,-0.19533249844272382,-0.8178452066480086,-0.261834998431966,0.08253678136171051,-1.5657561632851769,-0.5329882617479099,-1.2464029559425764,-1.272563533148356
-0.7245482153831696,1.7393199536348247,-0.6939095500599345,-0.8564213478911258,-1.028620166792184,1.4245732694295068,0.10836648814362382,-1.2050259959415806,0.5971729052701324,0.5977728821802617,0.28365089905634716,-0.05309310763401853
0.6197141000375959,-2.9133460714614894,1.3135760477829124,2.0830733795118963,0.6887235192523,-0.6541830924936646,0.7679946004204797,-0.1960646005234538,-0.9403522041295022,0.28149225799067,-0.48129887817811906,-1.3098820122890302
0.09215714061393593,2.7530458220052245,-0.04035826474003841,-0.16927881667505773,-0.0612703187025305,-0.08562199727928088,0.3212993229945655,0.2579047466264547,0.29098993748692115,1.6211030019116779,0.7630789440834542,0.8270984170480944
0.022076316207835643,-1.7176380958669277,-0.49585537915687616,-0.08813634080581362,-0.2308157621391032,-0.4550268962809499,0.19861875227165687,-0.0794275740239663,0.679099575664291,-1.7410642086616277,-0.8398354344222143,-0.19201201028814174
0.7012311765518454,0.4015813125605134,1.5028266205666316,1.187378654733694,0.8342418018626967,1.1028480667625074,1.589978827063561,2.1493471632224077,1.0324736521757298,0.25131786625964225,0.14621485151577573,-0.24859821114319347
-0.3980864759155434,0.19221327543525252,0.33518591163676553,0.09636053829596047,0.4216560529943214,0.4479547937391918,-0.15663941533836945,0.08046853900443242,1.1026904837051128,0.17235135818024194,0.5711416578012778,-0.11011031772687563
-0.7676143788791145,-1.4622961457076955,0.18432773029826383,-0.8914167855880951,0.38845691918958014,0.13864464790002662,0.16168063663147547,0.3841894653212091,0.1493203717500926,-0.44521890319956947,0.8845771645903796,0.8072028535612135
1.5208983478507472,0.3524717752858685,-0.585226565847071,0.4160070055841656,-0.9305402685314057,-1.1789722820320747,-0.5840280001307631,1.9415985590272262,-2.4905857515715457,-0.3270743128239772,-0.8493688669853448,-1.0712265969973016
2.324794709246811,-0.341712869071765,0.5395151018097696,-2.0029072797577903,-0.4945175541495491,-0.1480590222008319,-0.38872929130431483,0.4474774678128022,0.19983026240073737,0.22484389257620152,0.10862432547097087,-0.7669920309022666
-1.2706589777154675,2.2039429881216757,0.4789928827315108,-1.0946584848531264,0.8429658467543206,2.073268113780413,1.305914276424766,-0.5789042024643727,1.1696961292098325,0.951620247146439,1.5936371715982953,0.6564961182872722
-0.29811551493958244,-0.390231769945823,1.1143335716544962,-1.2501672085681652,0.9342341531788739,2.1570615107448354,1.548308563043534,-1.3192524714978415,3.407885488672487,1.0658344078479909,1.1287619413982461,0.4966123305431049
-1.8878029255014561,0.02005145066660138,0.009959722332083686,-0.07373466549162122,-0.18594927561580585,-0.08492822788510207,-0.4197806076645405,0.25486033962005294,0.3282571772233561,0.2476544658412496,0.2242120337601949,-0.2049829823749051
-0.6283876863912824,2.2593262209769978,0.43905335544471075,-1.3757391720025698,0.6113696977822102,0.3918298492122281,1.821111031464055,-0.9752538161732756,0.9321312010697396,0.6017297600562955,0.31809736520849263,-0.5225426808921056
-0.6617534690563038,0.9450601134286756,-0.08229224638623477,-2.3161781937267496,-0.5172123252189247,0.09009874835079013,0.379814930659493,0.9731079241811841,0.5304955647357323,0.7308971265224646,2.3894986237090903,1.4777096719832663
0.1392562960791189,1.541914482441303,0.3280205391077178,-0.2362868710979517,-0.47168969648943654,0.8393478821481481,0.6126064661467513,0.050345952369218905,1.5675384646542205,1.2547901603031106,1.918078589983995,1.4587858422063231
-0.8554775192542559,-1.2730154690603281,0.41704567505982326,-0.5549020866618948,1.1186531386267895,-2.1615159548670824,0.8471126108178889,-0.30067760059292625,-0.14302625216694054,-0.8984616508013725,0.37992980180070046,0.4598667812893663
0.37180535609884224,0.22840903732511697,0.807410366410559,-0.39312829859313136,0.8262843191487997,1.2150817813863883,1.7470634484519774,-1.4009689843380975,0.13196734008940725,0.8808336750963107,1.081550265856258,0.17247777656245988
0.7385419043436886,-0.6229949261052146,0.6584738111590145,1.0697406157855147,0.8538931235073943,-0.11688178397053794,0.2723279279371409,0.7526721777657807,1.5076727943607517,0.3616565913829177,1.1315198978948853,0.26901681344790773
0.21579526286912376,1.0982326362401806,-2.050194759191202,-0.045809408641003524,0.4791468675090097,0.12975258660204514,0.18237891890055935,0.0986943120654949,0.9100007041864495,-0.6122390020276747,0.7434268116456388,0.8029998995008196
1.2811996962152954,-0.2017322182224731,-0.14854218224102425,1.5859075117042734,-0.7730972696997712,-0.3014386682220102,-0.08697470770512994,0.41747348065540973,-0.5579453709631206,-0.39196556954401746,-0.2193139371218129,-0.26530524478140194
0.8867969343857394,-0.6469042550240871,1.859376535031985,0.8682836176302873,1.0162176629454795,1.0806494469893493,1.298556311508801,-0.11735693735988428,0.3747132026621721,0.8168745957596105,0.8993939089281318,0.22114015125753128
0.2843305595287895,-1.1540500659260842,1.5491152079772306,-0.024595964712270102,0.41255285001478614,1.7192068503334235,0.9538118768194457,-0.5768974731375024,1.1748798945472534,0.44022217139441305,0.9305363513429054,0.2871903864129799
0.8486378540617402,0.28078143468965777,-0.7032866274707876,1.0009461884850337,-1.3060282188774457,1.4958045044506996,-1.1520052048758591,1.7689871230480345,0.8934596229507986,0.33393541033705604,-0.20521328895474122,-0.33738634059984546
1.4469031151753438,1.3612348004069341,-0.05531184848919909,0.17656507185337394,-0.2804894025743423,0.3035279847074525,-0.08967634559980253,0.24203366945802762,0.910273040186725,0.5474344219245711,0.7724180636497059,-0.12997978166621368
-0.3493273020085423,-1.6550132086470735,-0.9435011319869926,-1.0458227141643706,-1.0467028523348585,-1.9567438619861308,0.3246359643115032,-0.7269071540758111,-1.6892557592829534,-1.2855114654940605,-0.6952247637494999,-0.09870167474240821
1.1509688880100684,0.5929991998158517,-0.3302654605397106,1.0478572914744881,-0.6492019581236368,-0.40093935738565745,-1.2345508367114761,1.4416889996065119,-0.9525344890505671,0.39581559963493573,-0.44899745145992526,-1.2656526017960963
-0.2426106860728101,2.2105702208771745,0.061107537399922855,-1.6490850106109691,0.3065700194082075,1.9786823809464436,-0.05464028282304584,-0.7437774858040069,0.7138530412322467,1.2046550862192988,-0.35918524235570726,-1.029166853002654
0.15214498768099186,0.3707614460132661,0.058348380929682295,0.692410274936351,0.2122407538022527,0.21454117981732732,-0.1766247656309441,2.326767773379244,0.1846995780085437,0.21254322185132313,-0.12684694506287453,-0.8180653203977462
0.4624232512159903,-1.999907701714321,-0.9987233612648676,0.8019312141623977,-0.3299050385851344,-0.13980949277935084,-0.03578096611462189,0.5359064750552793,-0.19726247231515026,-1.3864915208574908,0.16799960024945298,0.7307824852144924
-0.3993796936655219,1.03881428704813,-0.1682716101424835,-1.31341353420754,-0.40779955810886415,1.1699785314840674,-0.23681131837530223,-1.2317098970761888,1.3006068561440591,0.6167138233945934,0.10522098042236905,-0.4723423291861858
0.5336186614019166,1.3984194197330255,-0.6337319852046098,1.1336458622805674,-1.097200148895225,0.24545466340135008,-0.10337894649320245,0.9340924295197996,0.810371522815087,0.4203458564455723,1.3857410628610907,0.3313991300069389
1.166364997952092,0.13503397681785817,0.8509969038012734,0.8274775736720331,0.900698668004954,1.1624371552338784,1.4075877705433495,0.4412590697938804,1.9516629202846625,1.5920087305711041,2.2876949508794517,2.3423632616862076
0.3476111807734296,1.5974561190993992,2.212779790411713,1.215118133834681,0.9919413074138003,-1.0055616100065115,0.1807828602354581,0.6661957808067429,0.3344665217641034,2.561188692662992,1.0073927104491145,2.373255314694783
1.7492071747809759,-0.2741182065251037,-1.106201948415408,-0.2834835279381958,-0.0816149110280937,-0.6496949683277643,-0.10870149884523388,-0.581916125536683,-1.9111478161766322,-1.4527469813577836,-1.3002961753026048,-0.4185220179090748
-0.02440282977259911,-0.28100002506596594,0.8470751372425757,-0.01353478022198771,1.1395590910016156,0.02635548326294554,0.01774168298019052,0.09791953166941311,-0.17679224263349716,-0.12454868653296791,-0.0404897925695773,-0.46271320738350635
-1.940531561075831,0.5314764067410187,-0.3212779655382267,0.7160771483719871,0.8812126974485686,0.3251076198003148,0.12026077168156013,1.4429955732396476,-1.425356078128309,0.10946491808055887,-0.7051713996556905,-0.8052573379315422
0.002250625285225535,-1.9950765214330037,-0.35121068681190265,-0.21193141138206786,-0.18341081192992356,0.10823876857354892,-0.11859331427144357,-0.8778144968459072,-0.6358706311700146,0.11833660758434483,-0.5653862430732329,-1.272084142740819
0.3514874287348719,-1.4953598499843117,0.20079714441272523,0.27078383692046765,0.5958089684360897,-0.5656360108241676,0.11780119368642905,0.12063572988048116,-0.17037921572907094,-1.3537921102009092,-0.20620704687003583,0.4975307705414004
-1.1922762793050716,-0.3086165875752607,2.6346535672735274,-0.4504875624128094,0.7498459617858853,0.5795990317641313,0.36024026028807077,-0.6213846925967391,-0.7434828886297951,0.3875986220581743,-0.8569714233166921,-2.6942324256059673
-0.7847813732435364,0.034973421708581205,1.1881697741826673,-2.1859312954252856,2.17470615779638,0.5737497512562348,-0.2539091635894815,-0.0803944246358742,1.127462949667064,1.5234834109004693,0.18832668942658073,0.15294399838513986
-2.451274568276045,0.28080446761249317,-1.8615333030919934,0.09662869738723423,-0.4750133839758041,-1.2128447681863814,-0.3142191236390522,0.31812919473373846,-0.26385985041543913,-1.5409547424229657,0.6237340837378986,1.2787325117879325
-0.03052159535895452,-0.5834478442978324,0.3013244572025996,0.41932854962922367,0.09209828787543073,-0.20534563287965507,0.3193142510263218,0.0536664270141648,1.0814306357980563,0.07734611421130505,0.9657569081873646,0.6497938790173818
0.4209348804319909,-0.3915715906116807,0.3371389574504809,0.9975034684556945,-0.14564074771970625,0.183644715604161,-0.050491945407658306,1.027354456190649,3.1104784915272847,-0.07497510430528759,1.2421768885199025,0.8725935079944224
-0.15282034379398446,-0.5235395690583837,0.6833642205401611,-0.20122115286167583,-0.47864279235767904,0.23752312341362422,0.06945939126923473,-0.7558643373078461,-0.4453543793967685,0.2202486799277419,-0.9324151405968817,-1.8526430377387002
0.6606123452987502,1.3759116363993447,-0.3342337892838588,1.1928267520514977,-0.06303724076857559,1.991948189390838,0.24033705603665462,1.2064664747078886,2.075378594073602,0.8835854849583291,1.9318724158010074,1.1893390109715605
-0.01783128308326672,-0.05279231773136754,-0.06002506993236604,-0.14009722524644694,0.02970632570503795,0.08572242407120806,0.1878630802378651,-0.20634553358318594,0.19243537812956565,-0.28960157700946887,-0.005020428696270229,-0.17493457352146766
-1.304186125783272,1.1022636679501001,0.3825722743793715,-0.7891738142111148,1.202076384921917,0.8594555378597092,1.3193698140284937,-0.9466048452234562,0.8509171643266571,0.8318980826776669,0.7663964360219748,-0.04895122822745218
-0.012924622624755045,1.4621311831637624,0.4101494902163121,-0.3017505422532879,0.7803867287954732,0.5556025949131436,-0.28799340153509356,-1.0475632978327034,-0.06466203115222713,0.8820701237861539,-0.3056724090249331,-0.8401669006901261
1.2548468981388448,0.6230371879399544,-0.7770345854418781,1.1478944673238756,-2.031266460257052,0.025429535580818598,-0.664180989914103,1.1592489258174594,0.9732003862421399,-0.00771822011693965,0.4187836289505965,-0.15029559288232724
0.932544616386285,0.19369188765609377,-0.8645058343257561,0.8425324712122568,-1.5857142194508402,-2.01300535125399,-1.9696225384693633,1.6686553595106917,-1.4628796776196284,-1.2647516658001385,-3.13065494521689,-1.951491325011692
0.7555921142874574,-1.601047810642535,-0.16985109339399734,-0.2676932552501182,0.09914855648209,-1.4422979451249547,-0.0296931027728336,0.5570811068080528,-3.325543739884641,-0.49812297746380585,-0.679800985411766,-0.7834629936092781
0.8500864665240727,1.1394318176258023,-1.2079837038458427,0.5918679782069421,-0.4075514809554819,0.7011601122809576,-0.5672585383004543,1.352107483894818,-0.022807296531752508,-0.23135496201135003,0.8126969649709376,0.8060078368410625
0.2477344407763369,0.4204374495805433,-1.361772513953852,0.42090804652388003,-1.5552095984594323,-0.5397679527192472,-0.8047822052017118,0.5440276664625505,-1.0786144357051894,-0.46963584421143734,-0.21801838040638766,-0.30854697633365785
1.3269070102172948,0.03616232814803759,-1.617464742870303,-0.03360273384007362,0.13923820105565432,-2.5306609129883086,-0.39807533536673056,-0.5529715295745603,-0.4538274922815937,-0.8711585013833946,-0.512012907103935,-0.3387457199065924
0.7405423064891414,0.2970978789752336,0.18453974410247753,1.292786850024208,-0.21084752134160137,-1.0698145135488077,0.34450701295454866,1.5423963847954263,-0.17549121710767723,-0.3792850632336229,0.4658801094795172,0.22876813031364343
-0.535906258119656,-1.1857922183561618,0.9840519867566008,-0.9407279012412592,1.9202243947638384,-1.2731975239256588,-0.2589650094446601,-1.101164258736273,-1.3581217609806466,-0.25402275444764,-0.3760397424099713,-0.5809834646216687
-0.7654497500781287,-0.9490561578640498,-0.2912304161603237,-1.3708519302282598,0.14662182800065615,-0.18277728482310954,-0.14841987037334597,0.23387518847930433,-0.44389704733659396,-0.24013081779932577,0.9787754458299567,0.8949635976265109
0.35855955449332627,1.0599240883630912,-0.751477099671828,1.0702862354268465,0.30013250269099434,0.13683206392805503,0.28566207578986136,1.6243826992085533,-0.4365269037559737,0.021495275217817106,0.5275230169006858,0.10086742726825215
0.6437069669819929,-0.30494106987700736,0.052203074321333746,2.0311792991168134,0.03200226721540665,0.028110176802657982,-0.3010528258690883,-1.3626886274909409,-1.6946471509185854,-0.2243549993504954,-1.544041465739881,-1.8621198200969975
1.1436497327345427,-0.5665488119156323,-1.3695282114845488,0.5828969662407033,-0.0889650477087981,-0.37258448697640034,-0.4656427715278717,1.5962016273065334,-0.20042630523544205,-1.5599700173204316,0.03383334145149375,0.8838832574155197
0.7167809251912912,0.2490733936700392,-0.8077838815293469,1.5162772775018696,0.3503767155734322,0.04054682328038497,0.17326742696020309,0.7785547839611214,0.48054067007469503,-0.014358848514004818,0.9091627292149714,0.38421520195557796
3.0811510221583176,0.5203067803091134,-0.7934247830252144,-0.0009559860684534294,-1.5223463291382902,-1.376837409329612,-1.2645178634750394,-0.24913233428028003,-2.2620051188691512,-0.7631742582768899,-2.0110802327252015,-1.7364943005680828
-0.14064797744180865,-0.24069592188727226,1.1931085759468814,-0.042279708672851385,0.8428784735446858,1.5261856152067228,-0.1255041065849234,0.5468518193495893,3.1597999935183028,1.4943552400813116,2.2770159917805755,2.2132120256037733
-0.890568363770005,0.8622593567213122,0.5237571598232899,-2.3169327482545192,1.5713804779917937,1.1903933065085428,0.7698444383074635,-0.33608950940112015,1.2624931384583018,1.1272093894067392,1.7028675823566295,0.8412666403540585
0.24408103058321348,-1.4945843335137532,0.4736365640978426,-0.23096109196490755,0.4528560293542621,-0.4631594448250416,1.039730083540176,-0.07269251675682498,0.6608007875466175,-0.15719398141209062,0.8102121687488841,0.22093959529411591
-1.2629942718423777,1.2086306768255393,0.5343733214043886,-0.5488677189209782,0.3784967686848276,-0.21491502368127371,1.4783464480980752,0.3101544515921333,0.13649010506031745,2.266989490979846,1.9471030456258718,2.824930463881334
0.059650734440843234,0.7235779346278788,0.10600485951317697,-0.07562501153843289,0.03185398672242559,0.562923021973164,0.062229868554228934,-0.5564900053114455,-0.0573202663066657,0.35792061161395183,-0.3394496161048991,-1.254027582126427
-0.061732611996256674,-0.005198734032276445,-0.04057269867093304,0.05526818553315528,-0.21209008393863973,-0.7803711219273742,-0.8332371407565555,-0.10239060153126334,-2.4035358475891693,-0.37237775204961787,-1.276974658167767,-1.5005990948729264
-0.1047873430511003,-0.055753129740867186,-1.184203726267702,-0.6889873237560584,-1.7489848205427965,-0.04318509172380636,0.06584899455576543,0.3882463256724642,0.11207277448215625,-0.9001833950318979,1.0778281608198488,1.3644894483118006
0.23579481989746798,-0.7356905294764939,0.8494903243409966,0.6164557241718025,1.2991528478820373,-0.43527813352743533,1.4829304484405577,1.5313339523788398,0.2490306123069903,0.33698437422048216,0.9069594764247604,0.324403655389605
0.14230668360962367,1.26790195327782,1.4577746166598313,0.5427205305953253,2.117437832585016,-1.2772064857666936,0.5928237512059489,0.14582868078931055,0.18093897430336714,3.336480031737373,-0.22359362171564834,0.13079909511902144
-0.5323269544617015,0.42208854954749747,-1.2697010138735976,-0.36167182645122564,-1.0801654365180338,-1.9376254924381469,-1.0632225346785238,-0.6324378837085411,-0.5431268655177445,-0.6976070043171583,-3.3355814389707032,-3.203664286298194
-0.10453373882445191,-0.42335804651948955,-0.9935736399017907,-0.1557620554667381,-0.5792139430594807,-0.5804417140408197,0.1211571436781762,0.20843944085059818,-0.6755618669116188,-1.7987593055017546,-0.315451502845956,-0.0358692024427677
1.0641965662128148,-0.09303695628026781,0.17123548670614205,1.1929066624396123,0.03349358340102729,-0.4039815082263669,-0.2019783009255006,0.35770504408173476,0.2636865666177244,0.20695400450643794,0.02786634889270074,-0.7345074267154191
-0.7280753689869998,-1.5323528931447863,-0.9539751177386917,-0.937740781922001,-0.7412945162541716,-1.1501477511482774,-1.7802602848330584,-0.7492358221638276,-2.074300923791447,-0.9585108571946129,-3.415089127405255,-2.8800839606812683
2.619802268084354,-1.3956816697521204,0.13821084926186175,-0.5112755030697576,-0.16474412339902436,-0.6827067806889615,-0.7214459031444733,-0.5668877441694414,0.34390293637890856,-0.445517279055372,-1.1950413840786651,-1.3179770901906447
-0.8389098122291301,1.5250481463238397,-1.459639185492267,0.531109365007895,-1.0383854853700327,0.1661953701983239,-1.6817446071609747,1.243279526555623,0.22497356501632126,0.1242413307831253,0.20638357354749565,-0.4485839264225897
-0.11990350861365288,0.6421769320734084,-0.6291575121098195,-0.1694907259080699,0.6284958620540068,-0.40396599476167383,1.252731244916288,-0.03871864630084515,-0.03306888784608383,-0.07142306385018879,0.2306351231418876,-0.31151304671445756
1.718191129648212,-1.2107499198098268,-0.025557312665697215,-0.22117547829832054,0.3903233032664371,-0.1215835071673633,0.9656545831198245,-1.067325719692816,0.45693545081174425,-1.9081052673738794,-0.06575676916481593,0.7864044677350801
1.0886557160278978,1.7250020003053395,0.7871716380345082,1.0692105372359912,0.06786981999441699,-0.531165628981545,0.5923726330884422,1.0818862902357471,0.12491735135282525,1.6273347079037328,0.3147626279238691,0.33456104449016066
-0.18235091287631494,0.19360569325360744,-0.7966046587504012,0.2283987041002919,-0.2075477593941839,-0.18988825553409294,-0.36222210065610816,0.26379614442764443,-0.17843183520478567,-1.003020058215082,0.23102514940034147,0.6643891183969568
1.5269460294988093,-1.1233893993088182,-0.1633276783454498,-0.07443661182167557,-0.061583410596653135,0.3043548400571262,-0.47903936116831486,-0.467983652002929,0.1267281710488074,-2.202098910718158,-0.04288584398858053,0.21337772434517455
-0.33222909456336364,-0.18017391976669245,0.634639221292388,-1.346231341029085,0.5216269300741053,1.5097795498859192,-0.22673919139286847,-0.4821541225846779,0.7083189863327795,0.7787170150724374,0.18662134123617505,-0.40708400872454276
0.37966167022857994,-0.4883900072776993,-0.6302059479360025,0.04267123326587052,-1.2665521689615313,-0.1542101295506314,-0.6561472994704527,0.25697636471727603,-0.9278943119154324,-1.6439913597324505,-0.5817631691741443,0.09886483745560815
0.013728086844561832,0.06853335773461539,0.23742710500552233,-0.020335301292343694,0.6809496808635174,0.06951734224445867,0.991943979108685,-0.15912265850339913,0.08315606664435518,-0.05447842471984904,0.20004884108696613,-0.11262032717346729
-1.8986002157910635,-1.0912150551901247,-0.28931920468731664,1.0804589325331306,-0.3027214512977101,0.26684742657309857,-0.63493071266251,-0.9163064188450297,-2.9135943821927883,0.36029815143491606,-2.045967031014006,-3.012546819661625
0.4858115100433243,-0.8883867377801944,-0.7368329257561916,1.1713706515842142,-1.0778501507401477,0.14046803514887002,-1.9207139355041338,1.3295431579252677,0.35996535861006373,-1.9352205444238717,0.5962134119061261,2.399227060407405
-0.1581458919474163,0.14268840889910603,-1.0790350611620718,-0.390533276476044,-2.121708161646897,0.384086532966249,-0.22658232097434627,-0.8101012986373526,0.1733504382892448,-0.1995724153878638,-0.2175140498295809,-0.3215855765314981
-1.3618700861258244,0.6508517590946481,1.0162210334506137,-0.5534902680930929,0.22609081399158892,1.2335346879691338,0.2733931850038179,-0.41432162450561083,0.31722335100517957,1.5115309224939633,0.145717613849138,0.11435783811625547
0.36380951517161286,0.4790086916145869,-0.5894561760917167,-0.23069055169938046,-0.553766589117216,-0.9011863426607448,-0.2601915179018661,0.48103096729628214,-0.692237234532341,-0.11033497944099468,-0.49901923800413817,-1.1311086344398311
-1.2326520712468543,-1.8620551073603981,1.2158260839487558,0.021794349226121446,2.430284530044947,-0.005082232893654004,-0.140346738982483,-0.055200395429299026,0.5449321897838675,-0.20647161589952134,0.35222736738403915,0.29821470617950674
-0.04625492363330999,-0.5914893391084681,1.0074795000028456,-0.1002358162421598,-0.4244786888049994,0.9787434492289427,-1.4930622441410417,-0.2021890345212628,0.849134546123977,0.7710462537899765,-3.1257503285776176,-4.951444080288594
-0.06406686326954456,1.6058093608486301,-0.8018898986742995,-0.3952645680830566,-0.6851043330213452,-0.2587267402100787,-1.2112033289246038,-0.1312587378144846,-1.4654028681082738,-0.005433189749024181,-1.4803613991540199,-2.2651490482933907
-2.5020584315050614,0.23347975735900262,0.6322401346631085,0.22421097183781924,0.26577042090361164,1.0422939369992597,0.26039780859587824,0.5878644519315553,2.6726205469483384,1.1050840413372538,2.562001332176145,1.9318937598411536
-0.7173731418693509,-0.5030487153827156,0.6872299906613246,-1.1513169289288827,0.28821207219083383,0.151430231064658,0.3515869857312621,-0.630669602256301,-0.9783855693171641,0.25194217120281015,-0.9279100307254547,-2.0795834959277917
-0.3458891333789876,0.2712044729890385,-1.3638260919785805,-1.673612873541782,-0.720434981319328,-0.7990666612649875,-0.8912822035994549,0.061341737946821184,-1.2360899963566907,-0.23497510099996505,-2.6850770436999207,-3.216782729710146
-0.2669685387291138,0.5858248409118242,-0.6989858643001534,-1.580089719676777,-1.181319962248347,0.2954230653863905,-0.8648444168166493,-0.29890437148522586,-0.7054852997116536,0.03377793735570658,-1.4379009982516249,-1.9730627090589334
-1.7817728300700009,-0.25295276829315994,1.0792221754222757,0.9445608958789622,1.1038392775995505,0.20254187368622578,1.0805506798157023,0.8253694629405037,0.8439652223281142,0.6682683767735754,1.4802645089986899,0.753509775375905
-1.748690922521294,-0.48313742332145365,-0.00340756839063038,-0.2784555187765144,0.005297009467964915,-0.5053916584419766,-0.04239469019285227,-0.4346246381410702,-1.8617704179706296,-0.22967128484451435,-0.8409255624882653,-1.2362754869775536
-1.4705072374345962,-0.6240731580958364,0.12235000353579227,0.15947708639300268,-0.34361687514495265,-1.0750140559364025,-0.9939303858217272,0.5803314300595331,-0.5222361226365189,-0.46315128144563866,-1.3475178726631696,-1.5020288450101262
1.6343086818800554,-0.9188430350882424,-1.0613465716642474,0.26126526300289593,-0.8378733660979745,-1.2184615977934323,0.5399392699301263,0.2713961449376652,-0.29443613818331454,-1.1103310886554436,0.061137884262772696,0.7750536181470727
0.2563834105964775,-0.2852657572172919,-1.7645681925124879,0.8379918507535515,-0.1320124780534473,0.9641463108173349,0.5583728846318194,0.3632098163677905,1.337065231670126,-3.7454550734241883,1.9326543452667453,0.9692830251973201
1.5243080555297228,1.3713574097039705,-0.5906262929166466,0.09879794287049157,-0.19602098763646497,0.6762312235532325,-0.36223418330325446,0.3287091337278053,0.14487532777266737,0.12136536836839545,-0.19052936041573887,-0.3089257285504618
-0.12744756559008896,-0.6744226095514335,1.9337065073042339,0.6205794493334373,1.3148263433736043,1.0312706105543594,0.46759828940776366,0.8440529341535981,1.4148963921146327,0.89085822798302,2.0023439915352608,1.2453543263427487
-1.0056835176571974,-0.2555301063354996,1.6458617045063544,-1.6205349378547846,0.5512962106500345,0.24401563683458882,-0.5266892291893328,0.3209243481902559,0.5163351349413238,0.8744951901731542,0.3269019044281313,-0.20367590722956114
-0.14057465617460976,0.2700395605480307,0.22860014822135472,-0.7024331141671769,-0.7430413093904129,-1.0536851842187454,-1.2051977092074289,-0.24049994692329446,-2.1368131347492842,-0.22608478567100765,-1.7696033041547174,-2.0920053765848965
-0.2901388055966971,-0.24876365124612926,1.0151427761912237,-0.7881104426402035,2.0680976818387777,1.3236363515308427,-0.13472091324144492,-1.0132209689038536,0.7420842833409979,1.2389532324740862,-0.20920244927102294,-0.5665310990916036
1.0993146377084628,0.967226359855803,1.2706879236055861,1.7998044300857499,0.12625081267104687,1.3455063930387867,0.03095341630592413,-0.0913216618453562,0.579580652783583,1.2116010877426513,0.08223435548398716,-0.13903726336851702
-1.2472595300652534,-0.2562950353521542,-0.5313996944894885,-0.736859857389929,0.4079032331407746,0.5277914774949226,0.6028127598298014,-0.21133779843210043,-0.036318020253989,-0.2213750263758718,-0.2342745770785708,-0.2565991709591929
-0.41918240268998413,0.7234052633344694,1.2659399256816968,-0.4154488177266256,2.077170035090977,0.744415718073,0.09155724894288941,-1.5418033329524106,0.2380020698768565,1.2802835836646949,-0.40926251928524965,-0.8389891325850571
0.17851548879910425,0.8360477005178327,0.11320742038505865,0.6173815644531203,0.512710069289208,-0.026795568516250312,0.3238002628354586,1.2536240615812502,1.33660104809662,-0.6210714544418117,1.9528413257099526,2.0211864337528542
1.2772021272793996,-2.1679949111581225,0.2756620644158807,0.9803473564728492,0.32994722854362757,-0.918536362752164,0.32880530012447007,0.9845143132119936,-1.43963813188723,-1.1831586692985174,0.13159018649201126,0.6780131783574965
0.9964717649976426,0.6005149757494519,-0.5676018664074765,1.9931566664494977,-1.3904210737449805,0.8348548564551916,-1.835150368876802,0.6694468581457506,1.0821073163507757,0.20999547110419428,1.947014622544889,0.9780278422434435
0.7192551212748043,0.9248606688727901,1.0586491287860902,2.2695723802602488,2.2488635231049994,-0.10718797761546289,0.165371524135224,-1.0916458219504064,0.761319066793916,2.2497003234996025,0.6218845142065623,0.5867601519037584
-1.1478878397080967,-0.41316571544030123,-1.7884035496375912,0.3280011682667462,-0.8159671617772295,-0.36804313639469943,-0.24820154809766704,-0.4450932120176948,-1.9054693844550559,-1.2630151629820785,-1.6560856642571156,-0.815510172222068
-0.5616028582594298,0.07263062358702307,1.4576755065840503,0.4716306551661882,0.396295027925023,-0.41013686417356193,-0.2256850012510807,1.3270425885556851,-0.029013227582565304,2.12509807933266,0.6475136651801456,1.00151588450997
0.6084162372869913,-0.21845001730151245,1.2387795752491049,0.32152857617299335,0.6369154436574929,0.3592389829022852,1.1207918253708704,0.5016987845845488,1.771614736222328,1.589167634124196,1.4785062096732953,1.5235026580251667
0.31257014232635855,0.7147993663414485,-0.15697204167100667,1.030564917843381,-0.7787254506877521,0.40240521894343273,-0.9200292961922425,0.7947120001573467,0.1218041244232474,0.4941625116562486,0.20194751025296126,-0.647290950363889
0.5839328220203045,1.8551552759954095,-1.1577452416799607,1.16186091805694,-0.15566544952460215,0.05815102368634917,0.2933713704771964,2.2207534393940667,1.2008504275414769,0.34829247436764754,0.3729920015771212,-0.1430355399157055
0.13430286488766627,-0.5054478698034711,-0.01527517167987498,0.7935397353034024,0.07054529779697012,-2.193864468124203,0.14757680054849567,0.4543455476840703,-1.282159650955848,-1.129593702381738,-0.032108934846904275,0.7520280224153826
-0.15430440217037006,0.17916041189998552,-1.9640799934309803,-0.26579850969116137,0.7262233189808223,-0.4015878337721999,1.9402700902822074,-1.3549999592088722,0.1574212260199758,-1.6244723562872163,0.44137924799576556,1.8491875280949954
1.1722914810948248,1.2028287968622382,-0.5041872916524334,0.8586365537228252,0.5255089053628503,0.2824503514208288,-0.20678617448946068,-0.7472558270747549,-0.8363028163938406,0.4620226624013974,-0.7784136456933144,-1.6503252814764209
-0.021346270629356106,-1.027470798731104,-0.8186541024806512,0.04680592682670983,-2.2878614762411127,-1.4024164862687636,0.11065488442654917,0.22964945655112795,-2.616371771944107,-0.7098170021194712,-1.3594236695919226,-0.9296531859608821
-0.5891416815057733,0.4112756700728851,-0.4382495819730404,-0.8021292977597293,-0.20207074468144623,-0.16344266062435692,0.09076381043859733,-2.287913117653599,0.38433911524102093,0.22855589612620625,0.6078166366075026,-0.04587699905660558
-0.13411422528019373,1.1750123630472604,0.18765031521152725,-0.3683288660825315,0.5836633010593526,0.6287440055137546,0.119097013669064,-0.6918194347335135,-1.0387426597386304,1.4038905280048777,-0.8363779553229133,-1.0984586546454604
-0.25900127486768765,0.39511293309979584,-0.9976202286836771,0.15933846606249702,-1.9342784399885038,-1.186338700580617,0.07828763156566132,0.3264516558120404,-1.259789086073354,-0.6203099396544647,-0.7106067500474469,-0.5412677729141343
-1.0421083994276543,-1.553317783923383,-0.11847708172748776,-0.08623555351327261,0.10240823699304935,-0.662317008698439,0.07420774009517102,-0.5606044551194574,-0.3670040244604902,-0.4285049125410536,-1.2123677691937687,-1.365188904420685
-1.269654783055859,-0.9141301108708817,0.1896169619016904,-0.5896240499102567,-0.01534039213666527,-1.2649709442758186,0.10960079068994796,-0.31389723991157126,-1.4274384136836884,-0.23393843211293486,-0.7937680551635309,-0.9945672359756641
-0.6405290879763944,-0.20587750301426597,-2.787600904323045,-1.1843423242620574,0.18211324548227953,0.568395057509474,0.29912566095492765,-1.2008842290317685,-0.14205288862723667,-1.0774923604366125,-0.1257886518616095,-0.14131326730124727
0.17624108296274252,-1.378119256023464,0.1744971994390377,-0.6548865009788916,0.11797751916899768,0.029264456831861754,-0.06983179606293954,-1.2065727376239226,-1.9108116132615411,-2.048172661475999,-1.6835640502818314,-0.644241275581174
0.24883158405932831,-1.2674793880659372,-0.8007188601800226,0.142827368645513,-1.468068292124063,0.5166797003052632,-0.987365026755956,0.08636898646315219,-0.006847533503292674,-2.472556516419237,-0.42438663386361475,-0.14920424490809972
-1.2227555182721006,0.044050262875407815,0.36235653486066,-1.3828034810016048,0.7487288050457412,0.32675688940456515,0.675870600119408,-0.6894341976620781,-0.40657540295590766,0.20533076021084243,-0.6524282224045148,-2.1148389081863073
-0.6162078107313527,0.7626288870505545,-1.4226826064676463,-1.964904435147129,-1.4074616155803155,-0.7202293578854789,-1.1669750099479246,0.5028223121593175,-0.8834304497998062,-0.7914720928438698,-0.7221329967064641,-0.4114774596788213
1.6894083141450664,0.16928113170438688,0.13333176767993551,0.026399378949692076,0.21489018435234775,1.0432730457279482,-0.4017417569828068,0.08313678726007706,-0.2811039524715369,-0.2641759358123467,-0.32224914799082116,-0.3045475494369443
0.7704972662501475,-0.1230316990824714,2.006867666299114,1.421073091021273,0.7990454050093917,-0.0776531514315707,1.4229049687255548,0.6322402145695708,0.2973672960500049,0.18693181167954454,2.572222289276767,1.5741340942043711
-0.6401103476125924,0.012142607899490829,0.37166307685046945,-0.33426128769221286,0.30452612297995524,0.16274129418013294,-0.4328342295476706,-1.0148631800542525,-1.3678478214448226,0.534389137403663,-2.1481983921588084,-3.089236599250494
-0.7151610430822423,-1.0136379001251423,1.2588132514627195,-0.9076748747138044,0.7936984849921275,-0.1708397340285968,1.5440127966739112,-2.001714036567755,0.2017903724841421,0.3040238259927038,0.3310085586131822,-0.3040786356741138
-0.9858839981396269,-0.5423807568764908,-1.91885290094231,-1.2458004332146422,-0.9027803455011033,-0.024080996220275708,-0.7561246986657729,-1.218400880273439,-1.0749318643568946,-1.4330328008744957,-1.055482612514473,-0.4211590293581154
0.3438141437156186,-0.7958379964757457,-0.6856635929832448,1.2793153782667264,-1.0989732086305513,-0.10075443993913802,-0.8023513028465487,1.6307956534282937,0.3398931101360081,-0.4545089920609321,0.03784558215317149,-0.034345924198942515
1.0600094413544403,0.04253434664748932,0.24516240127128722,0.7810438964420282,-0.08061877350695029,0.47253778687140946,-0.3159544822445341,0.16778044520343105,2.1684319328674304,-0.06632309227443184,1.305937519922355,1.1255592656782505
-1.0748130124051964,0.46506134158430906,-0.2565134601339043,-0.8439792491434239,-0.5915926948711334,0.7927784867935739,-1.2949790176709903,-1.5245111084559007,-0.2041404442905808,0.31297017077580924,-2.093570852807053,-3.034752216326912
-0.9810097764805029,-0.1820571965429907,0.33437216587321783,-1.873662740253116,-0.4267788270933269,0.9184956019302737,-1.1011256520946069,0.06872942263300567,0.7273494893698386,0.4354797781497339,0.3311289842698657,0.042119188609613945
1.1664394995288252,-0.9474039428533284,0.9939716590853609,0.8989710510146973,1.3392427996572698,0.14807336741110128,1.944163557562724,0.21355381178060695,0.43581029928312337,0.030481724971180887,0.8987019059393627,0.39645967048095726
1.3950644494670161,-0.244269745072304,0.36700315358711977,0.10968479965383754,0.4011841851201178,-0.06844735220882037,0.6820192857446309,0.3907573714158812,0.1431286424541571,-0.7839869144963767,0.3268617641917191,0.45787111132848357
0.7204737289411152,1.4272036292524557,-0.15042780058922606,1.5186357357948517,-0.3719437221528582,0.6195993987518422,-0.6092911786722586,1.2052199476968761,0.7726564251886883,0.7017845167561348,0.554748459023985,-0.06961892082931107
-1.4256846559294607,-0.3631198591391775,0.029343701857546145,0.16667976830107228,0.3089343424505576,-0.912991366406769,0.08328539812514546,-0.2032502271912981,-0.7984441721939074,-0.23160417325827246,-1.2195540617951164,-1.6449232789584562
0.09897924157227728,2.0738350197941724,-0.07427758392291266,0.01947066515745499,-0.4112689484447948,1.1483510764821214,-0.7886382471781643,0.3769282976953688,0.7097629108280221,1.105890055110738,0.6410670061329021,0.09370161058996619
0.10959038043044013,0.32949898287739937,-1.7047483039172473,0.7564555803553361,-1.5553574692701704,-0.4634776731759528,-0.7952112402727194,1.551264875085451,1.0774054340569474,-1.5011939015732996,0.6352508047508828,2.1130821161626843
-1.3349295604274765,2.9488268103410986,0.044480783746441585,-1.4175952101460867,-0.18768271003402065,1.5084871854851907,-0.12029003654827183,0.13285762176025417,1.1351813778956459,1.3303444299804708,1.2103927974976094,0.9115795976217271
-0.1170486603697998,-0.24193427650983915,0.08586687755050294,-0.17246592182457832,-0.06238850589158096,0.6382070578166129,-0.0005829136765442694,0.31380127607464636,2.7385050225009406,0.3647967333189421,2.2255481067654777,0.47302664921845633
1.2677844994165524,-0.6971707070429477,2.2173085551861083,0.9299959057123519,1.6108469149304012,1.5800673253359967,0.2814302853557329,0.7093594679285843,2.3181188562294452,0.6065167315966509,2.1970760263708553,1.3652099942420899
-0.15521238208148683,-0.9938947291322838,0.019902801933282144,-0.17985571594498473,0.1165246480659373,-0.7386108359174671,0.051535269629556735,-0.2646225890254839,-2.277715050264,-1.4205045139036523,-1.4601037016977025,-0.20942317891492174
-0.09478515212394785,0.010143494599177896,-1.218833882258026,-0.3537858135030011,-1.9739974235282682,-0.3314369565793034,0.1865286830489027,0.01128465186236538,-0.06383965525705078,-0.42686002342604606,0.21080446881866602,0.157378388822714
0.6258588915380174,0.567163395625379,2.570823263727972,1.0177475240636298,1.0314868978793854,2.1096140090772484,1.319513160310219,0.3550858766779519,1.1370563012960369,0.5601267110640546,3.658361808026661,3.060910652409226
-0.41563576831558124,-0.28255211730508056,0.8544604306913981,-0.12729520646849246,1.2975558107391945,0.6772050433512513,0.7608549493312156,-0.20759040741719448,2.02650978325461,0.8195928769298138,1.246555935297494,0.18961560812866912
-1.376573535182379,-0.9763157237428673,0.6697231915170903,0.1533702311411994,0.9939480979864281,0.1127021868241652,-0.3751486176497776,0.16682509941466478,-0.6293120572796176,0.11211945324718989,-0.42989635569407714,-1.8578876729302185
0.9629809909664483,-0.985950763588464,0.8220691094168202,0.21293490306926455,1.4605124745904334,-0.00443031804110644,1.2461910122989035,0.6204026464222248,2.250540903550353,0.1574885407304761,0.8550326389847144,0.18373275424866053
1.2767996714289545,-2.2034087341631743,1.4488176988953374,0.3110693291358811,0.7453130550855087,-0.03069646290483624,-0.38050694782667804,0.2991221827801756,-0.17722853859433207,-0.32555193883837596,-0.21962574802673196,-0.4078438256242414
-1.4839686728202413,-2.450480319169768,-0.5280312252611519,-0.5184832599269332,-1.1915045604124939,1.4177194916384113,-1.178240568560808,-1.5197267557956695,0.17059163036867186,-2.464113548360263,-0.36644316347489747,-0.25333192881290006
-0.791188449883311,-0.3591732612433429,-0.2212465640853545,-1.1276989941278297,-0.5102072433043243,-0.1871307061809252,-1.0523961686969385,0.05464249117733311,0.34966500572562365,-0.6166516652834857,0.34959788616185716,0.3722770388708432
-0.1235265318012071,0.3929160220937614,-1.2619889746985633,0.6880573941501529,-0.8806259227071419,0.40923081786900184,-1.3915327460053768,1.819181680930152,1.6035889935664642,-0.04528291537463203,0.4060767679544383,0.40083986497292595
-0.6002613222507499,0.361588009561114,0.9657321833084774,-1.5056071276789829,0.6311637751636967,1.4291977078046356,0.12135269750998978,-0.5931968835174164,0.125855800909199,1.4745877741246927,0.043096812771455106,-0.02349607740907604
1.2678736320188777,-0.7775769428297192,-1.3921325577488433,0.23668155263865237,-0.4435867887997874,0.5583338141851729,0.06862543618406824,-0.3392664598486154,0.1348774091160735,-1.2696119698800388,-0.28483919000853597,-0.0763607089340837
0.6153003278167808,1.1333754696724885,-0.5479977603132007,0.8263885197947425,-0.16242992436217896,2.1324774495383485,-0.5456818423872307,0.4582333412963223,3.1750073078656835,0.9836283947056117,1.5386626182070324,0.6996205827691138
2.935215373561736,-0.43738834717955816,1.308198073067932,0.0062324083694635934,0.9490438349838951,1.7867584383289286,0.776514351358913,0.19855150743031025,2.087835364272127,0.9419912490631397,0.4079977220804394,-0.19177844789750043
-0.425526709137637,0.39893098664395227,0.5600614432396224,-0.7492397105293793,0.8310337955004599,0.38359583369039796,0.519078933141252,-0.4801413415144427,0.20797105165498078,1.8771923867528846,0.03575508623239014,0.478481011754099
-0.7549083375424909,0.09636469420552296,-0.08839341157916171,-0.12226828287313307,-0.3951387085528025,-0.5922801022202786,0.23297414550757511,0.4860055826462514,-0.5866850312798813,-0.4352885621614693,0.1387689248873935,0.04629654378671233
-0.9936273704050493,-0.3953707754326328,0.22540960398723411,0.008947454465571214,0.4208522844742931,0.06876128533917295,0.9016222492966448,0.21041521695132756,0.21547483726092548,-0.009279078381926223,0.5293907215407688,0.11644644075582367
1.3939782303967874,0.967140121626628,0.0758757410352438,-0.1698386860921688,-0.2846858467568711,1.1228137650879033,-0.3741335342721616,-0.837805057664095,-1.0670484679227654,0.5573446086680347,-1.3465815717742151,-2.608250460604578
0.4606958489690014,0.02366903363088113,-0.003988042663448138,0.5211258251193347,-0.2335593894907147,0.48173439841614074,-0.6087390766854607,1.0830651561215499,0.298606382597427,0.16332906795662588,1.367326720512414,0.43677113516972743
-0.7752683436294894,-1.7747275705024224,-0.06287720482495204,-1.062173554627173,0.1268662259714623,-0.23430500616014927,-0.2913237167171761,0.3904753212517006,-0.4634436740563048,-1.1342472597343158,-0.1589101458243703,0.04113223708527136
-0.769053764318261,-1.564686413194283,-0.0990495319211435,-1.021726705381679,0.0666346035625814,-0.554890047152659,-0.011895295821589963,-0.41079599762994456,-1.19615860103965,-1.6859556350740175,-1.0486430867376295,-0.08935885290244638
1.1255096505981759,-0.5487847467260301,-0.5617773795522829,1.143476583029807,-1.6009692850469661,0.17143314333295168,-0.6473323571575456,0.952727357145409,0.624317849665593,-0.09255368564161026,0.8276409752873859,0.4230978369865508
1.8775372881669514,-1.1871210480344492,-0.046253268700702156,-1.0366120915975308,0.016943592125617482,-0.6659501634393462,0.2888745209506852,-1.6878914141868233,-1.5117546814059404,-1.6430866509659405,-1.1181253450200863,-0.03591456146758354
-1.0541559557876472,1.7082140438885822,1.4361754164147704,-0.08688357732639307,1.1644954195334545,0.40206707430785366,-0.02329626108395011,-0.4304892524539729,0.19995124977667145,2.1242839964595257,0.39920547080291907,1.153465290305931
0.07011403610177729,-1.6296282726386762,-0.6052773962083778,0.32248778174751147,-0.6793509348538822,-1.586509983137651,-0.325243391674951,0.9449479480250386,-1.9183911106009022,-1.1635425851084282,-0.12254630047975246,0.6960042463633759
0.9905463299165739,1.4513810412945674,-0.4144164837270808,0.167279353999233,-0.5534985748886089,1.296217381817897,-1.0043367849556648,0.15111126294447477,0.4960281208297934,0.4283209107297707,-0.13248335476034329,-1.011315437083347
0.5181333556073953,1.7366221044759511,0.09306949286672654,1.7399032419708407,-0.0723995265290128,-0.9585375848317299,-0.5564224671777143,-0.1780551020293328,-1.5910763583338903,2.514340733378999,-2.3979159714381133,-1.1525194763618247
-1.1237548246812223,0.22839970921742467,0.1800600960759674,-0.6931646324479881,0.20957599074923694,-0.3545518784906039,0.2689385861277898,0.7905720430409191,-0.41061619278339323,-0.5016743046602635,0.40912292827955143,0.37052591697058684
0.4617953141383106,-1.2869797366522568,-0.2596830008448556,0.6206206291406043,-0.18361109184526658,1.3257069519382334,-0.333042738072284,0.8689280886829015,0.6065848587957058,0.5053199755708317,1.0845185861765565,0.3576766882821933
-0.44092036911704463,-0.5819709653402538,0.7325386785026536,-0.9796066047328189,1.1701741855953438,0.3070285920340823,0.9396648009412609,-1.7407187246988192,1.945773952304548,0.1266215501254289,1.1051972436560695,0.3373096866940016
1.360729809332481,-0.778083850684144,-0.010667371338035286,0.33278390135939584,-0.4050081279068977,-1.0659042395762166,0.23651422812930667,0.17024153620396815,-2.2661347574094464,-0.17959829221459195,-0.5092848141899591,-0.9434229220376427
0.12674028913204435,0.9588018220084851,-1.0822126889786476,0.03699315899381367,-0.2960507394768327,-0.23833949415184627,-0.5361651915478804,-0.027320944020928717,0.6185917282069807,-0.2775262394874628,0.20917433081443781,0.061434063672953565
0.2819831606633832,0.22944719079661785,-0.29798375460155363,0.35091480070252984,-0.5255155776782471,-0.33135478791153866,-1.2662773826178357,0.7719675825024278,-0.9566484827505861,-0.5731114169443945,-0.7526586598334334,-0.6970810764329382
1.907224529681704,0.9959614601666483,0.7036006819768924,-1.4763363031207277,0.33343578887947367,-0.7447450428465974,0.03424987063169366,-0.39354618915395434,-0.30455172635472194,2.5921567219995705,-0.9767340893543668,-0.08823736545654472
-1.2304592335824487,1.3985650040620148,1.608667460979273,-1.3059936157015581,0.6284447048524573,0.7591916719871541,-0.40961581326104746,-1.5379249750532544,-1.0252446472265517,0.6181563544148874,-1.9919097894812077,-3.523044426845221
-0.4558630575436923,0.16456569343999994,0.9455520636746925,-0.907921185615974,1.6140952024423014,1.390393301806195,0.5067022402399003,-0.34077383485542967,0.6666969896890909,0.5291871834199464,0.6491627914883975,-0.1340050599806986
-0.7356320932986257,1.1940148534443238,-0.6771431982637156,-1.7405944448848483,-1.2222951857973716,0.7180770318417415,-1.1339418571521875,-0.8961368901615069,-1.1343511580207781,0.36595831226208286,-1.2749475300725808,-2.1472161526468936
-0.533673105129435,1.0278852383127057,-1.6179378148646342,-1.5335035522881324,-0.2992284969763729,-0.0008458395068026286,0.36460380297405615,-0.6601410733440103,-0.49673174483595506,-0.0738482690564169,-1.3823074709468581,-2.144332272993852
-0.9448133211914997,-1.8390737129928714,1.1922435679850738,-1.2770575901049712,-1.2071616867154131,-0.057306810321024804,-0.5249518688431254,-2.1654876800551306,-1.006890599531435,0.3843992887750045,-1.0289303012547162,-2.3395739275477405
-1.2083475802319987,-0.22560330504172213,-0.21352995884404877,-1.1094844478849533,0.08721880545123734,-0.2220831865195151,0.15311703074689523,-0.733502994970521,-0.48876814055676343,-0.24387738409094484,-0.370439131473836,-0.6523262676847008
-0.4601523059699818,-1.0329197828283265,-0.23312705963788785,-1.2730598974090412,-0.30214494372618683,0.28334037606746465,0.75679535630536,-0.21810319462623373,0.1232949646582267,-0.5364066506610812,0.5341542292642252,0.5277303143167227
-0.3635499608429886,-0.6812521527721975,-1.2383224673710331,-0.38403788912444614,-2.421615831541321,0.1035843279351506,0.7369770936612352,-0.7134209903431364,-0.4964728985386384,-1.4796448938388755,-0.5443836207994024,0.08326593290353901
-1.160337140458329,-1.3777633576123687,0.3512465828102873,-0.3598655960684129,0.506349023300783,-0.14663128615102342,0.3157520358047087,-0.23719449961813005,0.12264852742096477,-0.04968322172162909,-0.38300715640596134,-1.1672306256063063
-0.30397120841892655,-0.47987402145467417,-1.4585311438736055,-0.5098604233804434,-0.5958232509557414,-1.734059098437028,-2.1495522603888673,-1.4199177049825873,0.18983107312806213,-1.1698962287039651,-3.7571959231718917,-2.949150837416896
-0.560659317904151,0.20147518243843907,-0.7644659503936283,-0.7578433221307685,-0.20245303194485376,-0.20661552363769048,-0.7102412085738983,-0.9390027016589395,-1.050130440818858,0.1782095922547789,-2.741038465333866,-3.5854051346095486
-0.1512561051447171,-0.09287550631945671,0.36991166408425824,-0.3918102823789692,0.5602388353078548,0.06987131068900918,-0.7312850825683526,-0.4935826863562792,-0.9151472788533224,0.14513914891152502,-0.36440182480855243,-1.082364782458526
-0.29464299601584143,1.0848198150425432,-0.17010249304428507,-1.1036527275677877,-1.220143840525596,-0.5037141027134109,-1.6965725332640318,-1.9172880338811542,-1.792286131824404,-0.6716647796270955,-1.1261615936244804,-0.998179585767672
-1.6292844290529174,-0.8198223255774358,-1.34473012465489,-0.12798992053894784,-0.6584403841771207,-1.0445949837082102,-0.9958683853463299,-0.08901970445256063,-0.6767981511416221,-1.231123671041953,-3.0035450816752927,-1.899474005921708
-0.5402457825383086,0.0002086639947766084,0.37081241604341614,-0.8230189133790224,0.9227250752829369,-1.9106029592997136,0.8107504871537219,-0.5318431042319114,-0.774649743614942,-0.487863169677079,-1.1409263761365949,-1.1650954521986474
0.039717084151292964,-0.2587241115003659,0.5343121238720712,0.2910515025467226,0.8573688398369992,1.8962012793920096,2.313965174705549,0.6807841380329355,1.0487376822777223,1.0327544487631113,3.5309175405720348,2.8164248648191137
1.299262697811291,0.7028453156574045,-0.2840697375601944,0.4358967198007958,-1.2778148222551795,2.043632780793555,0.6616728091451173,0.891479431906357,3.2836757973578674,0.8416911420964319,1.8737062085118816,1.154075030197959
-0.05648594534035156,1.8747091687517652,-0.30990137233891885,0.17913043611802482,0.0981284399196749,0.31725873232827784,0.9745794579014394,-0.07150984187122239,0.5089320869879972,0.922297363756243,1.3380386567811957,0.6535432959073276
-0.3536208694569475,1.712853953579412,-0.2125320212947907,0.02597271246935351,0.26538195691593425,2.0770686856587908,0.2514719363125911,0.23875612984858502,0.7510868424713957,1.0470357356201836,1.6408598475205605,0.9742588871260369
-1.0379394411603946,1.3705627088834682,1.3773852747035442,0.14524821519920728,-0.9316931216019603,0.06421759119700465,-1.2302065852122523,0.7305251746433373,-0.010466871735560261,2.916548579380004,-0.03943279918879097,0.34197008161388276
-0.44575531625002474,0.3919914930011504,-1.0443693625740031,-0.9599867400348284,-0.12880287905412457,-0.01974883167513919,0.34633196447767545,-0.912202131049853,-0.5932583075040914,-0.540784684653856,0.7952841950797213,0.7949396611883481
1.3958199580521764,-0.48299280433534975,0.11587732229147617,0.23222581729563957,0.12467239918660115,-0.7577128315710017,-0.17735557759750098,0.3671692085086724,-0.43096794985088904,-0.2949162987630259,-0.07069251306311512,-0.3635548614606287
-1.0556392256318219,-0.6355061179238682,-1.1698427360303851,-1.446460957732114,-0.8147877763791296,-0.5105368669480106,-1.340016469334925,-0.4897906112481534,-1.2440589633210295,-1.2056448604371006,-2.932470716453955,-2.2363724071133992
0.5134754117121444,1.4714289875828528,-0.6639559088116105,1.0874261466561645,-1.5618959920485573,-0.5453309244214697,0.15061713304025615,1.4677580393922387,-0.3551832398942161,-0.6256647197376722,0.3066546565196808,0.3784881355356287
0.7273828725561411,1.6620174294401124,-0.20886287768326356,1.4427018963813443,0.04431255117282917,0.7031221307364675,0.5492140760602128,1.8067712561258529,1.4256639840006207,0.14177791919276395,2.0123724298056356,1.4200209655388498
0.45831689368208284,1.0680696854287008,-2.2732610739845365,0.5751215634187622,-1.0894810739769045,-0.5430666961454957,-1.26702058232902,1.4481582738171053,-0.4579290179410086,-0.37989481465517316,0.1905383207121919,0.1084028757513642
-0.8673894952017228,-0.5117890154303271,-1.8870507695509022,-0.3307399078951857,-0.5006733750066508,-0.213037940346881,-0.11735816310707448,-0.7511006348773887,-0.9691448685704354,-2.032326493101246,-0.5672692208538588,-0.10886571121580663
0.10285859650470242,-1.6142317429048731,-0.4857645006401126,-0.5330270270815558,-1.772809356561437,0.5578204096264358,0.6832082136311693,-0.7166453097665355,-0.34492021476933743,-2.4447139125001356,0.18605660484567935,0.532709728817577
-0.43844228085183534,0.31229038039538587,0.28256451671564503,-0.8517459465427362,-0.21283588472478732,-0.13523834400165824,-0.43885122437367347,-1.1063865833418185,0.32070425336600517,0.16482353157968932,-0.1871535136410143,-0.9193487081182019
-0.08151157883593341,-0.64430636619153,-0.7225879292642148,-0.6177626434730558,0.2089168760679594,-0.47356201214573834,0.4040257603872878,-1.021757427117846,-0.4558655284041707,-1.1332217566150629,-0.90977284260594,-0.42955972029212003
-0.46734364974175746,3.5822128310267933,0.27704419899811306,0.48677662621527196,0.02697193350003857,1.4672659499490488,-0.1352644329811652,0.7072967971277915,0.7283011464820919,0.8844641607259074,0.5210970403079342,-0.07284286713766541
0.33256774599466726,1.0362102707656764,0.27046979633942514,0.6830106306851738,-0.47341276073021166,2.1107679093297858,-0.4909248792431981,1.2893614677180192,1.672824356231476,1.6035784788349863,1.7742514210565643,1.7768349418548022
-0.7420783388112274,0.21139682058427287,-1.7913512678275558,-2.6769553478960306,-1.2150619493976085,-0.311823343681069,-0.5137308247467076,2.2131659907542973,-0.8439917650187578,0.19926651448425137,-0.25559565304163656,-0.8858599931478223
0.3464301782616759,-2.155827345666766,0.44443538849191955,0.2868490260541,0.35780666459159033,1.5510523618911636,0.32992838591724194,-0.09798683264478553,2.2600268148334166,0.6198081564565499,1.027088800649469,0.1888753614080629
-0.8337585923926398,-2.8742180056217848,-1.736300463846986,-3.6250722852088413,-1.4100617784501617,-0.8196427175887362,-1.1931903062329998,-0.38669279306449733,-1.3635331384794096,-0.2569466104226188,-1.4330147104991426,-1.7890974580185814
0.5688283678533698,-0.1856941668797457,0.5281388048020564,1.4682902876193407,0.8025910185388332,0.18565361509890316,1.5336684757634025,-0.10310934233861557,1.9257746754702354,0.0494656121291025,1.4414871482653517,0.633213227631957
-0.41635456216230426,-0.496511985023858,1.1375530084611456,-0.7988698200323768,0.9085507333648878,0.3478611160994771,2.030687251052255,-1.245914160185869,1.1441841101856256,0.5615593347207766,0.4451973734430643,-0.3651536106762683
-1.2982360164734315,-0.46102406760255343,0.9577914253675006,0.1709704798053857,0.8554340443354436,0.06678203849577694,1.494304824376178,-0.2098024716404418,0.22095811235363483,-0.04907202852462095,1.414390548924625,0.6178158489630363
0.48494169580449253,-4.262113428322054,-0.37618351857390203,1.019155326809973,0.03062913941827755,-0.2531753579248686,-0.12247639504601442,1.108988771827093,0.8262552585882695,-0.3068651743582326,1.7860198687044713,1.3104482987020716
0.013878588407898062,1.7812333427476503,-0.8660307382317611,0.18642262048132002,-0.37460364622161285,0.8003693535623666,-0.8308906230918573,0.31743483328215083,0.3091806293769549,0.2625882816034166,0.9845496924247167,0.2432453042191065
0.854275922245116,0.9098743413908627,-1.6391980389788297,0.4166439612764099,-0.6823801250369237,0.11253853504722866,-0.04012210992225507,0.2836784528807505,-0.10149051085452786,-0.8109405666270286,-0.06248598401618366,0.009029197394035737
-0.9310884492712846,-0.0485038504823439,-2.1880567411626735,-0.7325273335178586,0.2594758735687632,-0.16110833890110304,0.5223709223208903,-2.1134608682920923,-0.12830127170237265,-0.19844839676297232,0.5131782011088319,0.05713658119095896
-0.5287788658970592,0.2421086103171079,1.2031071571133427,-0.5661926626352035,0.8102194607580633,1.529562852386732,1.549517754038768,-0.6931601135890036,0.6533437397993423,1.0830300638335975,2.415362885241774,1.2411446852529262
0.6379395746384224,-0.8855117294612578,0.2692321914357055,0.8807593204927182,0.5795711136546896,-0.3609144583285232,0.592603766941288,1.6352586865084149,0.22470152733283938,-0.1365364155407151,1.3223053337594497,0.6073917708350864
-0.4237396329622812,1.2317996947197158,-0.7747843834166863,-1.5874431542928136,-1.0256685980609794,2.000542724401979,-1.336289853622869,-0.4212647218188601,1.1506651982500875,0.4737387532565434,0.346598852616365,0.13949046762297046
-0.3652092579834868,0.07154184883305086,-0.7028124043343673,-0.6658184866129583,-0.28277369768476285,-0.3602971698183346,-0.6770436771287891,-0.8917270064938536,0.43471017720127003,-0.2439549316359133,-3.0402074108816732,-3.4441288018897236
-0.39598360855127623,0.443519525619233,-0.7423488110036142,-1.4652147873119672,-1.1757744679881679,-0.03522507592465357,-1.6870577944317176,0.331062501962067,-0.8633850141536448,-0.2775855392411249,-0.7310803680457123,-1.0253289619520822
2.6223741329936607,-0.286165806448399,0.13176572760895497,-1.0468894258048944,0.007247094623450273,0.38283943503439855,0.09762529464168708,0.4858753891594797,0.8290096027899632,0.14426256572875387,1.4658963992871838,0.5828228835711855
-0.8739318917213487,0.9140411505440594,0.9240072015794777,-1.4617346103874067,0.8919951747539753,1.1865979806395548,1.0570403166476123,0.2244950630610122,0.7200598949300467,0.58107953616441,2.630409013350581,1.6096851335789528
-0.4408521819042069,-0.17552837976660715,-0.14909659489617538,-0.16838387936290944,-0.38970923114080125,-0.9141795705971432,1.2394879833923609,-0.3627831051574006,-0.7201866665541354,-0.22161009260354161,-0.020488042765801684,-0.2778887208593635
1.0247887391743327,0.5028248838509047,1.7422026797707435,1.645216413219043,1.0620363916424866,1.3421962277861708,0.6320672003446541,-0.659702590584477,1.1922456999659425,1.8982951533973,-0.07235245615492769,-0.0095421393515015
1.1415522938105191,-1.6532843901734153,0.43476578282966927,0.31221666299332945,0.5635041786683416,-0.39354797511043654,0.8990891057899765,0.3240189039523429,0.719510663720905,-0.1855814249267137,0.7255200586289053,0.29827055461538776
0.31347089960347607,0.30499218995740013,0.9000847586105506,1.490617134978249,1.9590362640239458,-0.6241784202773245,0.2424287179888736,0.35050594157677767,0.4836015132208211,0.5523161182023911,0.8765808027003303,0.33340063194185987
0.28668547393645993,0.0648193523394543,1.8976309131864393,0.7478517612282845,1.088887265301947,0.8117479865920623,0.8181174103335378,1.7457951661557514,1.370713787761493,1.0391269011275253,2.0904486180410107,1.498978207516109
0.8227972011424226,-2.450110783399955,-0.2798844662345236,2.4407561501329336,0.5069602958148229,0.2669020172369902,1.0567915945846518,-1.9912884668945545,2.4579482699177015,-1.8815981889380269,1.869519631988575,2.924306690135958
0.2027468348431551,-0.8223398331136773,1.8869317637594556,-0.07421837965566452,0.5359783642913749,-0.5467717646415695,0.3293994507864708,-1.062464572011866,-1.3249906096921027,-0.5128194094772827,-2.0496743638685673,-2.1017134036648906
2.7606221461596006,-0.14544541141703834,-1.7534990264457335,-0.25637573869268615,-0.6574532708857719,-2.202143227100872,0.024433066235514223,-0.4217774133528535,-3.1867773400264916,-1.5724390635939287,-1.867712505506287,-1.3681238381679202
1.212618447399589,1.1465006844190786,0.36711213987633257,1.3811448610381896,0.6238465002649538,-0.9008062715588386,0.28750005442901544,0.11551400841007353,-1.316044153090235,1.7543828429987078,-0.6130565293641694,-0.63645224161806
0.893997666807159,-2.450273341669436,0.49070297969501686,1.1785159073692308,1.0609101308036895,-0.15650552970977538,1.2754830614758343,1.7702394985173746,1.5744193678981193,0.8338371380136522,1.0411751938400242,0.6103413833305066
-0.35657819924325085,0.8818314724868614,-0.05623756998040674,-0.06173174346389532,-0.44933845459891425,1.7830105223411417,-1.889595840134113,-0.18516118369530882,2.3052092231875227,1.1209064619617206,0.5550332132050468,0.49278664305765574
-0.7759047159857803,0.5522288041706098,0.8467157556885212,-0.9669976562477006,-0.09853643159029712,-1.4099526758645209,-0.48662692915523875,-0.5766207803924162,-2.040862187508957,-1.4992099317870777,-2.7052123187433055,-1.77225064661372
1.0175518556898184,0.8748112891395351,0.12227512062653113,-0.18225166586713093,-0.23419347740587854,-0.028443426436335684,0.9040167996047769,-0.1366430024961885,1.254584432435336,0.5706957240254615,1.2292324876190595,0.36737536958068095
0.7201476875488697,1.2285137967546906,-1.5139964148421676,0.46961197549266964,-0.5235886188856783,0.9884280536024606,-1.649321194634936,1.2156292590099513,0.5775203356345887,0.4666641056083004,0.38599926134389034,-0.41331456746250406
-0.6129287530374722,0.9003846266387016,-0.11381417222151834,-3.001922139269681,0.08515641694135244,1.8440170167198633,0.01958260364316755,0.11819899509261234,1.6931847374901159,0.512022273055209,2.0298917568938464,1.1313190676091458
0.9884723871877971,0.2608019829779878,-1.2608421631230886,0.7455145986672043,-0.3075249787661998,-0.30049247262594486,-0.20902930647445525,0.9652365355329328,-0.7810663866146583,-0.2675467811400534,1.9971967038657603,1.2697926159266832
-0.534464087640455,1.1136897644060468,-1.107846987327207,-0.9226084208965659,-0.6009887292295246,-0.5874903151827151,-0.3034752649022413,-1.0250363201344845,-1.5123591446661406,-0.23166959236828238,-1.3924415333706874,-1.7970557469435247
0.788068932162158,0.2975387802477787,0.36924763625120066,1.3456924055866275,-0.2325949658672437,-0.20847397515459754,-0.41493890820690915,2.059125838607415,-0.387103619927953,-0.4602560745364377,-0.8092195552813474,-0.9329323858953231
-0.6720003845113822,-0.12923983678372003,1.5836327824545902,-2.089591781799102,2.4769190320562795,-0.4200394525370398,-0.8939379076871975,0.9169742578604827,0.17715617458522276,1.541863382932394,-0.21428066542362106,-0.21517653673122242
0.05024688602636568,1.1732311054084783,1.4115743639766332,-0.060629010437221686,0.3483795527078758,-0.5247445635889447,0.08856932096709064,0.10047429069707278,-1.231977246917834,2.5571287757808987,-0.45602339456522756,0.14651859007508294
1.4758744191510518,-0.03380013129812874,-0.9380360244280675,0.26153880822104647,-1.413154881729912,-0.48693003919748207,-0.638453019683879,0.9348868217463869,0.1346909831620534,-1.7761494393389943,-0.08072052242057717,0.5202092355994999
-0.4427124455648349,0.37368862092850497,-2.231875536868898,-1.444327506104667,-0.3792262141619801,0.20024955037931974,-0.2133027468337398,-1.377620438117742,-1.1018546464696302,-0.208785059243772,-0.9820113734014745,-1.2168654828954908
-1.2643019500083752,0.6408827353587668,0.24161223363747392,-1.8127492401860248,0.39467925615319244,0.013699458529391861,1.3823302748779516,0.0022144041185983253,-0.28845023340954823,-0.11608264592069062,1.5138092201975508,0.9410204731748624
0.3223488252038958,0.04767289604077234,0.12156361250354762,0.43042584241033344,0.08766793468232104,-0.581322908129623,-0.2076769029250391,0.5413623371083444,0.2274672576373095,0.2954403909440101,0.3913387274341915,-0.109155041336438
0.06418050059275432,0.2925036436311634,-0.5496066164183544,-0.3079583660245342,-0.007948025474273646,-1.7975991146916606,-0.3017845730289218,0.3161684650426063,-1.6443792320085129,-0.5722136532431921,-1.6645485496924062,-1.634083801007658
-0.02661076571534702,1.0569407750721436,-0.18234225660186215,0.3908314681526276,0.11515278434986356,-0.02892246696517009,0.158738035706564,0.8843035037687377,-1.8360023389931532,1.0485396387396269,-0.8965044879915551,-0.9523079338087482
-0.39915592430367,-1.889272066183381,-0.9169935574899739,-0.6318514636146336,-1.4950223824400197,-0.5982877847824413,-0.18323245536726962,-0.4586988795049752,-1.0287370883938252,-0.9759288747592033,-0.5507142638170878,-0.22837718552929231
-0.7334826828664651,-0.8144792940463264,-0.8903216611612256,-2.183589750600812,-2.0566494520841743,-0.17594824653883895,-0.15593194389031537,0.5499383020432789,-0.3560118105500518,-1.7564126725930764,0.8655101127524193,1.9416427766482132
-1.0255385903524457,1.6341133856532513,0.31264576284145595,-0.6927968509215275,0.9502137611724956,0.44508099120866873,-0.21348318477396788,-0.2917677549093699,0.2682507562085629,1.3693824360954712,0.14375607353861847,0.063834652903828
-1.0630668152480247,1.0784689888588455,-0.025846936109622298,-0.6160164617332551,0.10132409569244091,2.007247053120193,0.3314822713115304,-0.3800621879105658,0.4927813259462588,0.6557186282944747,2.094038365147807,0.5866199033035513
-1.6083287924374337,0.25547945894721596,0.9323678630130464,0.11748051242981755,0.09223814781241269,0.8909316772058897,-0.049815964549176445,0.4724826828373147,0.8778351320088739,0.612315247080402,1.3934663761751018,0.3979789032260458
0.3912229230485056,1.7513397901335244,0.6745001858106533,1.1744965860652858,1.5291894801289048,-0.2766059350212249,0.17288399572799673,1.5919758486738687,-0.6904331653246756,1.9622984444387175,-0.16449342684609725,-0.0495452768927227
-0.9129400699192972,-1.7695303604690618,-0.44618722202369365,-1.9098193439545779,-0.3795436700436786,-1.9242148969775184,-0.39227097966581637,1.1509470214554745,-1.0958783994800927,-1.2990113160158046,-0.2454460940653646,0.5305834665713871
1.3512355887382932,1.1355094355745634,-0.4117837752502563,0.6595713448375288,-0.2899057348600763,1.5578215471895347,-0.019150279564224493,0.9192155894247506,2.4777630197366536,1.4167350234447946,1.6448996663730582,1.497864742736965
-0.5321292817580593,-0.10819824437888381,0.8828318816918678,-1.214164096359952,0.665117482086465,0.09887907228839315,1.318573037212034,-1.0798605323301431,0.11521604167534821,0.25743143564765464,-0.507563284517691,-2.0416242965755247
-1.5295694921010696,0.10887686730627982,0.2723215681844212,0.13632400205501657,0.3664895872014219,0.5770798843829031,0.25578594815315436,0.20109587950563948,1.2268405717321014,1.1815586267136233,0.820297493125613,0.47037784614859857
0.4600526676254994,-0.24217936782086033,-0.46815796210189903,1.3854275844230515,-1.3095023297735517,-1.8966392096558051,-1.1247298518758337,1.9370804653283202,-1.3476680372519976,-1.2676191703312485,-2.0938435465494254,-1.1966565757809766
-0.44890085123238016,-0.26016033348851236,0.08707564167673267,-1.1786544517265765,0.3801749605412203,0.11672270347624042,-0.41269888245237885,-0.9647132195707417,-1.5631719120699885,0.19421659028515126,-1.5105240675467997,-2.3749686290171135
-0.06772445968302059,0.9400661199499319,-0.29022438392158995,-0.26400887306523707,-0.7708017337576061,-0.6307249700543621,-1.0656199343408905,-0.3254907335893441,-2.821349098489942,-0.126975306875033,-1.2607151405097172,-1.7865886031666884
-1.6994772564403884,1.8821516398424039,1.5715876564285125,-0.08993878863016178,0.864485360617127,0.4851116390142026,-0.2442232029053868,-0.21893327716366343,-0.10952626717086278,1.8384307029153097,0.06825274748557483,0.44296388926355323
-0.7379863312425667,0.6711902896123226,-0.524018496932547,-2.3909637347872983,0.11168317840846542,0.8955771854793528,0.47875322804197584,0.22916189089016048,0.25530210354691485,0.10200166782241273,-0.008413136738538274,-0.13076289971551613
1.080257672951159,2.8526950540610247,-0.7068794508765053,1.0014007794374127,-0.898749194922565,0.3105053631196575,-0.32570859162913635,2.4163832304752253,0.46093058687717847,0.13803859157307788,-0.7945945333973312,-1.644361690620574
0.6134989555770045,1.124850433231473,1.2674241216040751,0.591936750279393,0.995272938077411,-0.8670182185706796,1.2074602818201925,1.204858656759682,1.1644625404962115,2.366761585029629,2.3996269022912706,3.2322308438593996
0.07584855549588726,-1.9159127992379292,-1.0655684753112429,0.33261844824947073,-1.4448113734244092,-1.6894253518669275,-1.200527909127792,0.44079919209965834,-2.88488162626186,-1.0126313823958222,-0.9141528048326995,-0.34673065210856235
-0.4582554711578857,-1.0199218099638763,-0.5864270520389152,-1.5589466054381587,-0.327375891902348,-0.17878671632742993,-1.3460493446129793,-0.32726426714471757,-0.2011352537191632,-0.3472215306414843,-2.257052717482842,-2.4849941439177603
-0.3153165948726836,0.5703683284532877,-0.17064404276416675,-0.5583511967622881,0.22961659572518645,0.12097025414730733,0.10598035069211739,0.10325785330504722,0.024477670853694303,0.5249674385056589,-0.19129749689225284,-1.1489769287523384
-0.5290469127258522,-0.9036783425891401,0.9672978858185763,-0.5034359211304711,1.557646632717208,0.6877819553426202,0.8228255994223033,-0.8571395672705175,1.1960256792981476,0.3562310740242309,0.07142048845218696,-0.8457391881970872
-1.150446957849479,0.969613778481016,-0.5137217431777078,-1.1405457723131573,-0.7741916906143422,0.7989881390409355,-0.7041993988132901,-2.1303825949957353,0.9023558528886848,0.1954969152239162,0.41251709829319727,0.19194958211058666
-0.527180440213774,-0.7526272937225968,-0.205538452784292,-0.6606773851107505,-0.5346330237288068,0.03925388385945272,0.0637221086909856,-1.1854159150671943,-1.991137258451732,-0.4458589038134681,-1.5620104016220728,-1.6661624390002383
-0.013753733392221522,0.4168243823025365,-0.5229674189568666,-0.1072878931909985,-0.14551231176201507,0.052965172277847195,-0.2060221972167846,0.26438414028968227,0.45677091180258034,-0.17321678393720463,0.0431003209944171,-0.2273702332366494
-0.49015796403819645,0.9195004220202527,-0.7875134451071096,-1.47493726997768,-0.8906193063157187,-0.3667282244854055,-1.25969995676367,-1.4073316584832067,-1.3017503677188067,-0.2234181600063674,-1.8041847157107065,-2.2059924613228734
1.5847841434628,-0.8468573959591041,-0.02657561413441665,-0.21715848784755976,-0.23996816626865522,-1.892433036619706,-0.030465493406507005,-0.5185486696637034,-0.43995769662004813,-1.0576291109420541,0.21706205004546808,0.6614631885941673
-0.7340916711636458,-1.0856875749568076,-0.46371479453673964,-0.43369918201277946,-0.603151869125635,0.028844689299396098,-0.2018662903711368,-0.7510694623221352,-0.34201926769025714,0.23934272655439615,-1.2908358693515165,-2.180054600379635
1.1991753066131914,-1.0144081447472852,1.1217987171924562,1.3785134727751738,1.2367789913600944,0.20625789899119873,0.24111304770580688,0.9413591696488119,0.1217468904642659,0.0397786644366588,1.1447400334796787,0.6160213221876075
-1.077533989027487,0.3230649649235312,1.8458427733909704,-0.9073524490639386,0.5222535823297897,1.3566479647435157,0.36890169958249386,-1.3276768446069709,1.391997015285965,0.7676445904993718,0.1782737950319154,-0.6829153143790354
2.0795182794274023,0.7024808978435858,-0.8196497662528949,-0.2067644460949396,-0.4730679258222072,-0.0358800500763054,-1.699502050002578,0.06986688819288767,-0.9239198597735299,-0.29454262750681937,-1.6457274401943107,-1.9473974614238707
-0.40123848446715593,-1.3511992629114937,-0.3862543142656819,-0.2755469592223842,-0.8198766980216863,0.743339238042586,-2.4780025174794442,-1.03136817372275,0.051809065306462565,-2.2725653183523375,-1.2448935401560755,-0.803853669243327
-0.3920944447391952,-1.2873957214538705,0.49167899120292546,-1.0506998475244598,-0.7072887017704437,-2.036300959000359,-0.4165288689037582,-1.2858535380894207,-1.261389180840263,-0.9758903366311982,-1.5074219971120888,-1.0019825106657874
0.6462001610940318,0.049822791092124195,-0.5648298476089357,1.5508494532898083,-1.463256842250313,-2.0521596696230047,-1.1205314097618948,0.9459483368811458,-1.6967889218904983,-0.5711428694067242,-1.1036728743038688,-1.0919431777586988
1.1905330771092917,-1.0406129620728979,-2.057791538499606,0.8613842719463212,0.02465440820767073,0.8073954753616959,0.12597414784065503,0.08558312360032205,1.0944182697368467,-3.2129059810061835,0.7458442812153934,0.14564169103972904
0.9969229238365855,-0.8287737326483885,0.843167220387962,1.3899058606730774,0.505284600864794,0.08084158139976655,-0.8790942184720282,0.3050956201544278,-0.19470702949707913,0.2827948470797348,-0.03789995848928489,-0.7745483464302333
-0.06980280607515313,2.1026658660463973,-1.0392709689790125,0.12535830565686149,-1.605176518779078,2.1042702663004826,-0.675594662862193,0.5076177500111835,0.29763009215252234,0.5072656303677725,2.479658701556331,1.7062202691128794
0.541877445798927,1.380620588956504,-1.762685998711054,0.2916088853485541,-0.7381721788513796,-0.21347144133858037,-0.6579216404394945,0.18718296323544786,-2.412484514414287,-0.12611287031634028,-0.8755752426044344,-1.6340575838695703
0.4901267942342311,0.6435466832540542,-0.404942649922472,-0.5002118789924977,-0.00385812620131476,-0.3295774367787362,0.14687189065054015,-0.14971282974068278,-0.7686115390181247,0.08507975371164495,-0.5274445817508802,-1.4137799112704357
-0.9272003773607284,-0.004898001714838123,-0.13760595181419122,-1.1893859061348306,-0.16797484347029393,0.6630417758717577,-0.06374714749017679,-1.6242033029047376,0.8310189364578608,0.2336469270361488,0.17279126380869386,-0.22017033096593652
-0.5745825112078128,-0.9500207690059209,-0.16905174788422211,-0.6828167537033336,0.22733692359835247,0.8175747733178595,0.3522123103628275,-1.2787390456044077,-0.2883717888115428,0.3996849920886739,0.14639104337882686,-0.3921969413050148
-0.31205832065061273,0.22237647956792414,0.3721281091284758,-0.6552161947291871,0.8085160126376647,0.9627404013689551,1.1529384077217046,-0.07593203363232792,0.8101656449054706,0.161973754266185,2.17952778539491,1.7107181574898338
0.7986881524894213,0.5966777552057355,-1.3480008538093575,1.7727319575393943,-1.412965405104362,0.7021510350691442,-1.298624661258738,-0.0005279251697446544,0.2843609746249839,-0.7772477733763647,0.08901540611621661,0.09656692890013557
0.12084083206622445,0.7291655359223144,2.3687539680208083,0.24259131333793305,1.0626770600480813,1.0791239318842734,1.35142138994103,-0.07672681807401271,-0.29966479418580305,1.8851816866305706,1.527180187000259,1.844321312024852
-0.43224973573873005,-0.4949245986150955,0.9929151408871578,-0.44801880094469965,1.0208596608779341,0.6023293390357228,0.04402252667247064,-1.645516706079437,-0.06584530795985795,0.159053107675116,-0.33437431942558105,-1.0737881248139032
0.22373956560118732,0.34292572056777,-0.5151504316086738,0.5475991072168573,-1.5966246287298385,0.1301870377387298,-1.8896069889074503,1.5376010928927866,-0.6209248670572057,0.3929235175628888,-0.8175726015070159,-2.422543195582373
0.28512918474885385,-0.4710322139540924,0.3797595278008996,-0.439272661274384,-0.03100318491364562,1.0315691557059157,-0.03770446442839343,-0.9258693796723565,0.06324202342248493,0.06531604272012262,-0.6268729210262154,-0.5002843796451869
0.44773279115344816,0.3301740444852729,-0.8296647294053071,1.050407219128385,-0.02346439164754932,-0.547744055854716,0.14905426071162473,0.5452544477592756,0.06810292427494483,-0.30763325830325033,0.5026992125645052,0.18822058075178077
-0.40029030159822787,0.43071607497859354,1.0752708815594583,-0.05084457027475919,1.3805995933859392,-0.3903374210221071,1.9763870304166247,0.030560828372143897,0.010081488234825131,0.3124476278101046,0.7290024687926256,0.04210037500458115
2.0050181912507066,-0.5884781809318135,1.2335765833255867,-1.0297781471432743,0.37096175029873013,0.8923433560876082,0.4165790375048311,-1.749703846122443,0.3818628721424155,0.9709585344760141,-0.04837256314634342,-0.5858380753385819
0.05085447007425046,-1.1224042601626039,0.5119316964191137,0.5296468185880421,0.8093066380402036,0.2433603687128098,-0.7591057147030607,0.9183519004760664,1.807854978449953,0.08108966679165197,0.9713643058706838,0.12930064517059683
0.7109887525766123,0.43856477156823637,-1.7041823173431019,0.30151244486844075,-0.8541599345107137,-0.3888843651871542,-1.3871699631679393,0.6948988710874058,0.3439038963116107,-0.15504299548065914,0.050818716335815084,-0.2649837548136228
0.23056761135469098,1.3403873225089904,-0.18245351767096765,1.4203867164958122,0.1744252236501902,-0.04483331096725485,0.5827253104469634,-0.44450348365158365,-0.0820116019283782,0.17424042273141693,-0.6878851101423442,-1.9987184031534997
-0.5202256191721869,-0.4509577278300281,-1.7484545045590105,-0.9012458938399341,0.1175376048672192,1.0410134549888328,0.12971832504418646,-1.4932294573153708,0.7808133402166311,-2.2562243844693417,-0.16005853283358296,0.059900823739803405
2.28767059226647,-0.7286455577612384,0.587727431407942,-0.5513869331056396,1.0262250295811095,0.08788732856516782,2.4959800864581463,0.042449752581794176,-0.2722963322755006,0.1827348864279801,0.26508921708590294,-0.1850332235860907
1.0854507861717173,0.6394646723053112,1.9213478847496506,-0.1646035667941519,0.6326754952156799,1.9292283842398965,0.6575563291476285,-0.7865254368810561,1.1164578035005135,1.0378735516421913,0.27193969860353745,-0.3011221317709836
-0.2058850576420473,1.4069485610042034,0.27014275868259524,0.13235422941190128,-0.33529273949900845,1.072930125972651,-0.8377537570630751,-0.5763732241106828,-1.1651930106869117,1.0923225284675264,-1.7174310561493114,-2.5342485156600505
0.588610766878167,0.43482577797470984,0.19427605809665444,0.6084649821987359,0.09561839834476744,0.30580754730823434,0.44247466421357373,1.0533643080413153,0.6220143792998628,0.43762015356392714,0.6546092996296607,-0.00989179958543629
-0.29294995780947297,-0.30305365824109187,0.06976069648476198,-0.9095435021030219,0.18260898570397757,0.7771333374156211,0.016699903558076795,-0.7780118552902504,0.007743306095831112,0.14199310908168616,-0.37587676730425795,-0.8062891400672784
-0.12660506218821482,-0.3783470455083401,-0.05023570338110536,-1.1208619902022157,-0.0326540825307424,-0.6382665699203407,0.11146577801218384,-0.9089075859781502,-2.403768746900325,-0.7588734256626932,-1.3005934003324406,-1.0638354713198444
0.816985164659173,-0.9554511966083817,-0.976024443124846,1.845960060197338,-1.0098865218406199,-0.6712936963921401,-1.7589303739451392,0.08507684506512372,-0.20463713413433515,-1.8785239074989426,-1.1854280804682977,-0.5182685002655314
-1.6844240904471508,0.8087165757930391,-1.6419162949185475,-0.08894064606788335,-0.7351475230671649,-1.0101380636861432,-0.8154539496215896,0.04594229963816829,-1.5061817779954694,-0.3584274942916085,-0.7253487045455005,-0.9314175656786599
-1.9180627558216568,0.5181232619648853,0.7456080694714415,0.5836039307023152,0.5514877202318627,-0.2850706680788592,0.9718871748718263,1.6096634086559831,0.10518446932190278,-0.29062342756055415,0.542501763676038,0.309282697396129
0.3044914289000309,1.1302765666134849,-0.3200383104412844,0.7285695101060923,0.6646934764652311,1.5771599643830938,2.158159776775292,0.021010550591677668,1.055812401884463,0.6193106707213594,1.1047369539058165,0.3832561459739413
-0.23702372380149858,-0.06587883934164918,0.23047975342243526,0.17834685940931821,0.6819950913914323,-0.06322625090967493,1.0939347505628185,-0.23652556602820163,0.37613930692397124,-0.27083818858877373,0.4428102229042836,0.15154415666858212
-0.5549776516412208,0.4549681013930033,-1.1321356944552432,-0.32541667152160825,-1.7458354670266996,-2.0000392256928894,-0.805925030707773,-0.4041019455991654,-2.185658412080148,-0.9254480288400435,-1.2231289894480817,-0.802027693894845
-0.20777819822835747,0.557568404942949,1.6143748976843517,0.10584702948869279,1.44047168862527,2.660702464884742,1.039804124685376,0.12478327230787374,0.6270360936270112,1.1002260396765169,1.9618680646998847,1.6045623656811805
-1.6079451346059674,0.22000811377631369,0.21773998423690233,0.24907919066584655,0.4831847794612672,-0.6147477846264708,0.3931456950428028,-1.0592233073870168,-0.3853815539410255,-0.15461599216648608,-2.9777801232042984,-3.681824337526108
-0.7440663761391599,0.3098938748257846,-0.639744488015926,-2.2928134640709437,-0.5332909285298703,-0.31554355174219584,-0.696220044951826,1.3214488537464018,0.7771629983300212,-1.1129290168971688,0.6486914930184116,1.365097179433632
1.0290986259953048,-0.9515520159681514,-0.6856492075719874,-0.1447641075903442,-1.0504866607620806,-0.9961004826060756,-0.8281155283109428,-0.25033436580242074,-0.45017602801750134,-1.9569107991940218,-0.6141899440958145,-0.39221969193910955
-0.6767117353177694,-0.025138016376057903,0.25704110400701174,-0.6276787808996049,1.0449753582512435,1.1227179758213306,1.2630350204283651,-0.9229910631905943,0.7446333007125994,0.5533386888762006,-0.1772343241922194,-0.8971336064277878
-2.2508150979075245,-0.5819359686178832,-1.2369589649582466,-0.4126696967922314,-0.8696648251243912,0.0900645529232767,-0.5732831112494885,-1.2005883376035018,-0.3371046409140592,-1.754361189075241,-0.7147907399932374,-0.08549003351466178
-0.41300076214356546,0.06313678176455245,-0.5498283435896737,-0.7355504022438961,-0.5309964091390795,-0.4443818987366537,-0.3691369442408692,0.04985553078537497,-0.9805772469759748,-0.9463663770929462,-0.4489928737900941,-0.12283594159122019
-1.5609066052915996,0.39112581408427904,-0.21564177968399148,-0.4140779993080898,0.09139222906507236,0.3109773470097289,0.19433777287529014,-1.1501705564577307,-0.9729121680760767,0.32415592186273057,-0.9300495244924618,-1.9380323940165576
-0.36849361562455657,-0.7596011470302951,0.39837496032683145,-0.8184839323318767,0.005899268750883757,-0.3615508024801666,-0.08620493506010557,-2.5701442880090672,0.8555666429409412,-0.8852785043654992,0.9913105065322366,1.4984495048695168
-0.5238474704497571,-1.7526607498856392,0.44460602194216997,-1.3112999860535184,0.2617380337776234,-0.46983445273113456,0.42910426526611145,-0.3845498144744382,0.8069252266757304,-1.8095020898901781,1.0520509453944467,1.5892002400802943
-0.7947190562593369,0.420840020079572,0.6952800751350341,0.08755164734406962,0.48641891659275927,0.8827194603407289,0.8398471896732703,0.024607960875119017,0.24467151063590276,1.2151552043665852,1.2532176895406169,0.8563493934094104
1.5052938706137216,0.6218946686159629,1.1385487947112232,0.4737107810459084,0.08054224948611888,-1.492776555973954,-0.4149129970242026,0.9869907318646151,-0.8676093109773096,2.54746037111541,0.07001140875350143,0.9353429065341843
0.5482888605358612,1.5145402089864497,-0.6129397624619481,0.8783986706497243,-0.681744391146087,0.9840810963599338,0.32950092656093855,1.2534385282816083,2.8679716083028426,0.7481337850456672,2.197568772300699,1.2942766299942559
-0.31241247027122465,0.9293595353331339,0.8650487208047716,-1.3397862390244168,0.11370947657705022,-0.15451087683462106,0.8609080684492219,-0.8148766764914414,0.013410335403890583,1.2370677930225242,0.37024781049235256,0.3424850581833562
0.9720625936293021,-0.14823511102068154,0.01238222835792356,1.2905037096497007,-0.4234727882079128,-0.3333255154561047,0.020682197152380066,0.3939566755389874,0.6686865550622583,-0.1007322250716157,0.45628716114722623,-0.15170435457028456
-0.6119797369470437,0.42839609112262544,-0.9800242496928495,-1.1316307042357234,0.1738356396360029,-1.243413490031936,0.5252514582480688,-3.7351764773879976,-0.4926979300512541,-0.6992432233375218,0.583213928849537,0.8575140664491308
0.016905830414335393,-0.08279042261726313,0.5491020079066776,0.2006210786851936,0.4313324919612824,1.6814345278155067,1.3704522960668082,0.8855384023434665,1.554272673319447,0.66767727879843,3.281695801612015,2.467089616548646
-0.5878308448378972,1.4291354137341339,-0.32951388311895485,-0.9652670062216028,0.04810698786154588,0.3111367711987482,-0.028194014123359326,-1.6123984837785996,-0.020020124382856774,0.08079820922906533,-0.053068657158522714,-0.46981870612672794
0.47808332367582923,0.3222153490890214,-0.6731051987642772,0.7798509211524092,-0.281157444110737,-0.9761613785153704,-0.8245467854834124,1.0606947026271443,-0.500014078436279,-0.31389239193617274,-0.10804930377679245,-0.3353641092010068
0.9624943395187124,-0.4930448535859901,1.4840957814311773,1.570592609771362,1.5068976794011495,0.2548417133870353,1.044770764687623,0.42077394641485316,0.8884394680715892,1.7373588827229636,1.9081224281683171,2.1259535135248635
0.2185476132442199,0.6577937895178283,-0.9741302643474222,0.1901987915889155,-0.554181307662055,0.438140495795601,-0.4633419073829864,0.7054770065460976,0.9345028069224137,0.40800395856237653,0.8185507450300069,-0.09450214890020596
0.7578278129023776,0.26169757369877333,0.6025553460209254,1.515314080307368,0.3907066239410812,1.0060885152968888,0.7123731801010713,-0.31782023518941743,0.7811639690201773,1.092646149612233,1.3853034439822332,0.5476334717825388
0.336944127491947,1.844477238689982,-0.45794129161875746,1.9245599188437108,-0.5228623438781408,0.8031095045174622,-1.3114543678750765,-0.25583566034484934,-0.01895303038732865,0.7922280331659574,-0.3171942153829594,-0.9983780499364886
1.466897461015777,-1.214841960235783,1.9701721703953445,0.18694818734059673,0.9620865092538293,0.4412630401083541,-0.29913150806200295,0.3141665250757869,0.10376182640515397,0.4775696212000546,-0.21165241850168182,-1.0284656809932635
0.38441304462671555,-0.7275564133038693,-0.12702066449938634,-0.5281489772415517,-0.3724506369647961,-1.4768554600165755,-0.27010871509112916,-0.29562979455562155,-1.906717169465888,-0.8622595609708004,-0.6579530949043683,-0.3188854051532397
-0.3679203019311439,-0.6485496496857546,0.8345872046477635,-0.761357563273508,0.515621967243406,0.5242845958617139,-0.20294517175856264,-0.8378419775037785,1.0771906068051653,0.04897055924958427,0.3104716616862807,0.18310618863427597
0.40311898414463193,-0.2381091726698076,-0.17523521463030098,0.4685936295110949,-0.11365946028061644,-2.729420679956684,0.11523749140313921,0.35988484099131823,0.04356283522834625,-0.8929826253371635,0.010325211418863611,0.08465329196822885
0.08825435281324957,-0.69349062872516,-1.2794480416434177,0.6523801607129973,0.34527238753877887,0.4141062967795916,0.3075883868895045,1.1193098792242533,0.9821754016538454,-2.3157006680171923,2.3356204370732634,2.7817627029413186
-0.01142429804186983,-2.675628624187684,0.5173117216977021,-0.1822655677509034,0.21080950385551528,-0.42762535273517477,0.8366177433858999,-0.11657838159082062,-0.05077842611414418,-0.44750298079565576,0.6010938927597904,0.3887663268657949
1.4597317742351557,-1.038723886239617,-0.6101884056972957,0.2011777511279357,0.24221083553762834,0.3925846739182184,0.5602913602278347,0.40940369190392134,1.1269989139629206,-1.3498475811270796,1.520522954352728,2.0311692228361453
0.34146322152120673,-0.006150705105136711,0.8707904029501204,0.16776080683927408,1.053167693999331,2.2130006620061486,0.09696652001601125,0.1651827544914588,2.1055863470098655,0.8432417007209508,0.7331560507322824,0.18943225395119961
-0.16024599932336622,-0.9483650186457616,0.45982213614403256,-0.327002721534705,0.9536978654479841,0.18115441294360982,1.1574555010297327,-0.1686658657047692,-0.14870654419729074,0.1521234122142529,0.09485371553865929,-0.41450591199473763
-0.5641196884596547,0.366306242020499,-0.12248478466029952,-1.5438204985882802,0.15245804925703907,-0.4215308562708547,0.3579102196990237,-1.0664612414094905,-1.8096868971121072,-0.11782619304143713,-0.7671205380815395,-1.310541355045779
-0.014097214085986583,0.3470639774991367,0.9022340191497626,-0.4988059212957944,0.2767449008548887,-0.14700369357819065,1.0825889944710008,-0.7832836161968005,-1.2156659424182372,0.05551731739149468,-0.31038523100486287,-1.1299903424671998
1.3603184095102083,1.9607900004820582,-0.2248487763491937,0.9204670933118089,-0.3107783865199473,1.1704287861787426,-0.5582902281525373,-0.594874551253742,1.0543938177473349,0.9244380206274888,0.045188619601267965,-0.45638411447757843
0.32265238824955284,0.12380530184696165,0.20770274925096446,0.81178868826495,-0.3516173901101616,0.5515157667187542,-1.2312425063950787,2.268157731264389,0.17555823250413727,0.8923193211346379,-0.08145271159068079,-0.5452319429912282
0.7122247578432895,-1.3037301900156388,0.24268892794013258,1.2685111348696894,-0.1744443371294896,-0.7730148219496351,-0.6711182535642153,0.3233164857011736,0.031256093999672774,-0.555476029617234,-0.19230475109321066,-0.1851042471062339
0.26713429025031504,-0.39188282778604305,-0.9095199069258527,-0.2859844396844314,-0.3181460553966897,-0.006904511788903778,-0.8766690590116808,-0.18849445564424494,-0.27326612110925935,-1.8733509217352098,-0.44952294821357813,0.11771458214976019
-0.5566308719861667,1.2868682694789475,-0.6184876982454933,-2.34333965265542,-0.010879669959741545,0.5357935559399783,-0.07900288045130507,1.39845678463658,1.7398652723002352,0.4292660523427915,1.0645995793344112,0.20020159313889027
1.0411653081767342,1.3435184812288674,0.5760092075053109,0.6346584932265977,1.3875873507022831,0.9775300896319546,0.8689240780154222,0.9451620177746517,2.4799627378620124,0.5294066650481463,2.317407922102162,1.407679698272769
-0.3609263057853139,0.98942376312401,-1.0820804206716639,-1.3666748137727176,-0.12118464727545497,-0.06139642117672542,-0.057454635808145124,-1.593180318540473,-1.738396877456191,0.12569838025635596,-1.8836142377960985,-2.9857691962036803
0.553413247993211,0.3853240064816299,-0.11917993558339929,1.2847700936380089,-0.20257669065880685,-0.5453489824047868,0.08275018066952655,0.7433957745256317,-0.41193812936553836,-0.18572816754435545,-0.10906473059924682,-0.26694094193280915
1.196967699395695,0.2783724990508152,0.5348693665048413,0.6892303744672007,0.3898336668939343,-0.5558227617992656,-0.15944747370722234,1.3228549308921593,0.3850901815986174,-0.2081504137822372,-0.09809547899767557,-0.31176020874283716
0.638456202128297,0.16637683725887487,0.3251325828417279,0.9106161724231787,0.49045656733960274,0.06716572481784167,0.19791048684947082,1.2738351743419187,1.4466345611184441,0.004335896236536574,1.843998590282847,1.0742842034180242
0.29123175392895556,-0.42168976177299156,-0.22335586634508642,0.24565113409412898,-0.9744397725378213,-0.6926805691185783,-0.6100121555790972,-0.0057725303818800255,-1.6696083793405112,-1.2190547538696819,-1.1972215365706798,-0.3958946101283619
0.6885439146872862,-1.2125779636389784,1.565851748988392,1.3763092101358874,0.27808471571740834,-0.8565791439955448,0.4554480095863411,1.4185012260455994,-0.26789712617447403,-0.30288915731004606,0.32956593869342343,0.10242509993286378
-1.2884686803300007,2.36567108256736,-0.8080216615419907,-0.4132868180004683,-2.488144987591254,1.1720918557093585,-0.3393357132711464,-1.804232497452714,0.4792975818169849,0.4715345648259103,-0.14070360082073183,-1.2572961144124848
0.697298927267575,0.647110165721724,-1.192873820789614,1.3912675296390835,-1.426261083897253,-1.5439830073175462,-1.7245229259807315,1.9297565780686248,-1.0143377667642113,-0.6326910367249152,-3.0049750229126757,-2.8942308887247834
-0.8367912476856412,-0.6934926270421055,-0.62661151831188,-1.0977489237602902,-0.15239474200563713,-0.34950548207194376,0.03565735817930213,-0.7076876082478711,-1.8719809490561874,-1.9756740952454634,-2.2650998881922657,-1.2072085671572839
1.2665961112190134,-1.2060879440938175,-0.3599216950552218,-0.11699894949804623,0.0702353003663968,0.1640224471969719,0.08332607121336856,-0.20715342193953606,-0.355994287127138,-0.4412137488462702,-0.5001986976097258,-0.6254595560236528
-0.40131597898430676,-0.19070847818647405,-1.7772946064331652,-0.03297502671727237,-1.8854767080042119,1.6992258512425686,-0.24690769332034,-0.4349863471645382,0.9754118126212836,-2.515839369811273,-0.16045584348200437,-0.12891692910779934
-0.5646267839450043,-1.510072365004774,-1.806374618796972,0.12555589228830022,-0.7329710670742079,-0.43652647705749986,-0.39646554247167026,0.5481800784594578,0.6081127415511569,-1.7434965708057726,0.05682890235611625,0.8708983496019356
-0.15089491675142497,-0.9918873815723958,-0.09827341705798341,-0.23866263594718942,0.18543412251494637,-1.534325745600593,-0.104508454336245,-0.18300761062450607,0.22538183784056998,-1.0594809976652582,-0.2165056995174417,0.18943394726746754
-0.7359217006122859,-0.35254479507666003,-0.23278060509268086,-0.8413174469366289,0.24164331926634527,-1.4173010090556069,0.5084869771481422,-0.4141240319330187,-1.124712637470281,-0.7241625723527265,-0.7862888426062747,-0.5877006062904834
-0.7503313810457954,0.9243348732151048,0.8057532494155477,-1.1150731728796828,1.0401478560439719,0.2010033791185194,1.8577789244946001,-0.7702484718493612,-0.9534694178444205,2.4405157719506354,0.36612057330207165,1.2886698615279504
-0.8667891999572579,-1.220177746602123,0.9582581811252746,-3.1334817399825905,0.7322326619375199,0.1697902388922719,0.4050180361944424,0.8553102522178093,0.6405579461089312,0.4820735645860643,2.6829465424436085,1.412009189261938
0.26093163918222934,-0.8653768515905285,0.15990210121493942,0.3270122068423944,-0.18874356579795748,0.23204471840975344,-0.22537404482266904,0.41576717651723705,0.6961704824844808,0.021953574891925398,0.5585688956960622,0.09129208214910989
-0.979829865648872,-1.6973882375591396,-0.5394644567119746,-0.5989054922789978,-0.4606128325477255,-0.05591610334629221,-0.6581783547586512,0.8266812390081545,-0.19220969208016936,-2.1430629630659603,0.5628366259328463,1.1271499466073025
1.4027679465365877,-0.13095091142125384,-0.33848728154051944,0.24947754681289375,-0.41480204379844277,-1.4088648610626482,0.16284932884681358,-0.42613266795182936,-0.4665138096233087,-0.7544541315431164,-0.19294426819264032,-0.00627846343709626
-0.023107143973434285,0.8161545024917968,-0.41347790334674955,-0.3292601339057636,-0.4017932477570266,0.7765785957833838,-0.8500190849865494,0.40158275924709275,0.800063936669499,0.6309347076565633,-0.2519718754834397,-1.1371438892602146
0.9537893529644467,-0.6458943405758562,-0.32136667945907504,1.3052440312506703,-0.018241695372250843,0.5635089647272544,-0.07761066388601082,0.7302048581636119,0.7995080088890166,0.6094981423779378,1.4814060968235934,0.482552545779169
-0.24553827552454238,-0.9468744300617433,-1.3248708707396788,0.09680567052756062,-1.187576574325296,0.2234091601648206,-1.5408432735693385,-0.09366176138275087,-0.4201412623520001,-2.1449376552730746,-0.215951120226204,0.14584761671479707
0.08509354651009188,1.1833757079227751,-0.5646230061990016,0.19134743191096756,-0.5547991791473924,0.6595830839856954,-0.3965447224513609,0.3714844011028235,0.5892980047702796,0.38029997278216066,-0.015226046172526875,-0.655351646063814
0.07981159448051549,0.770596862799303,-1.989962976444362,-0.3248101595014074,0.0035970003145827656,-0.7314428422156221,0.4057010667921887,0.07548629702558352,0.25132856019565797,-0.18387510987600897,0.05800105021924118,-0.29090589229143815
0.06415436097638985,0.41258894011665653,0.012492706659817143,0.24311051941186096,-0.00723327175756739,-0.42652948556406634,0.21957534505009307,0.06846214142448948,-0.32384700269372824,-0.1021493505632145,-0.05072880026509422,-0.6958345357517081
1.5113055669012838,0.43072282492202546,-0.5326001463759859,0.244836122826186,-0.5788701624516902,0.10420917652516049,-1.6230968567757664,0.08903958253098915,0.22547623219451118,0.7709905224790359,0.15806502348267348,-0.26007303531432746
-0.8961987584086282,2.2825240378034666,-1.8940922605313093,0.13764625312282908,-1.1417102909498877,-0.13644859424608669,-0.15064904774202303,0.09345616804187779,0.3927374519411722,0.10196074178947288,-0.020624004360720684,-0.7459065129547127
-0.6692126329851077,-0.5424393436143405,0.9710929697042511,-2.1133794562905033,1.0431116254178052,-0.10442201420282904,1.1766856730402715,0.7159954732857092,-0.11327394351641706,1.099939381824735,2.6589105034482348,2.4557206559913087
1.2580836583189956,1.2043063996857493,-0.43620969231866585,-0.17452526890833386,-0.28889121715448274,1.0455418174467486,-0.5673648826673774,-0.40707221304526525,0.32647000903817935,0.22493210914431425,-0.9141749435338241,-1.7316728652140703
0.21510194421484793,1.0473979614019278,1.0427395331112022,0.5094726454651325,1.3210361958225103,1.1710260561685168,0.9477703008490816,0.7176789009503554,0.4648109486863127,1.1631262290682123,2.9710945778086373,2.462465634270412
0.4567577854115789,-1.5380928013963047,0.5576462448582633,1.8029892788632556,0.0455781816465094,-0.0011877861922861,0.20463848948800584,-0.4884592958658469,-1.294387522198193,-1.1188557927434113,-0.8821021840594216,-0.4960486731493021
0.2996549771819712,0.18209732178513896,0.31431670094844955,-0.4036150225560048,0.47527699266620216,0.5808688865203515,0.20354608326050538,-0.24436024135958767,0.2008125008479713,0.3176689398169664,0.23778910784765372,-0.598016220757163
-0.3033098185032293,0.002279600332395669,0.9482311892239101,0.29225476154464414,0.981000987858063,1.2467227257949438,1.3167773603921324,1.7513190655984032,1.8524781204583765,0.31803844082736266,1.8794611216381663,1.2576843318134763
-0.33976411028132464,-0.9012529373901033,0.9816169860379824,-1.1130277451798944,1.3665497031663545,0.5276418296827596,1.202138111121126,-0.3062162266933368,0.265361315947472,0.03202870337852165,-0.42384363739446673,-0.4629663868956515
0.796240003041834,-0.43698181493305716,-0.6656105978640193,0.9539593928199223,0.9807904640593625,0.10178808433185721,1.5414190353418102,1.6170352510268093,1.7400991797451115,0.16513350385504788,1.5389254001517383,0.7436090278738439
-0.8951348268622222,0.563922835462332,-0.911051691498607,-1.2917302877707786,-0.4973093291368162,-1.3037564752260447,-0.481522829097064,-0.16053683737687174,-0.1962786541405384,-1.1069235135696216,0.606541717199347,0.8649128574556002
-0.22934469487605683,1.937531612953648,-1.0503670973074208,-0.351973747882138,-0.6421253729217982,-0.2915737941334635,-0.708810763544983,0.38065928453494635,0.3294683482372178,0.00842714104177178,0.2953274339785661,-0.0014062430339021326
-0.14627341009712813,2.5063527462537056,-0.9940949610144763,-0.1878287496937297,-1.107775517088037,1.6747097182423336,-1.1021198959500704,-0.9325575890368987,0.6032075583502245,0.5926900880301678,-0.5015942477634545,-1.202111406905765
-0.4615565043218616,-0.13354077607612921,-0.7275287972924268,-2.3062752702657296,-1.540061949305347,0.03658764588752694,-1.0963013932119567,1.6684317199231247,-0.19762034935324685,-1.0010102673682093,0.06380260091454665,0.23445260844839774
-0.19211351442933128,-1.761535148839725,0.9252931507121007,0.24304987832681418,0.25466465676395356,0.11886854535118996,0.5169929035355223,-0.194632207332671,0.26514448622845554,0.24616436174516354,-0.06277358016224621,-1.0953337574091893
0.525512025309836,-0.11633263502122562,0.24649865691915787,0.31098222035267153,-0.3411763408667441,-0.5536428924810997,-1.1167231399050404,0.9971198604915751,-0.38557327003040753,-0.19551476366286225,-0.26182393708231,-0.7985875805651352
2.0562428288932844,0.6967338261193958,-0.3564515606401114,-1.2835229200240073,-0.4358748622887213,-0.41581023798217,0.18635098227064562,0.503006199735834,-0.5241702015486117,-0.5447345652871387,-0.31616500517563406,-0.31688640399482204
-0.12361243288594963,-1.7298615913842446,0.1314961286397451,-0.4013047724845412,0.24000439863744222,-0.7422072489471789,-0.8077918694817514,-0.9321143066778284,-2.37744901796002,-1.2145405206207147,-2.4220400383288663,-1.7009962153920983
0.304250868318259,-0.7761977224570424,0.41101016710962296,-0.5182144986004896,0.9652415943848935,-0.2472020696047178,2.197106246756714,-1.6617250637764969,0.18515233216227467,-0.9739637370098172,0.48716081196911,0.917523371577621
-1.260587559856475,-0.06581363596464532,0.8312594417423237,-1.0263508826179677,1.1667997938596026,-0.5787350741239959,0.6089412834400381,-1.5287661832207542,0.3092159630259609,0.4317763556081001,0.8957349008625612,0.7272163853114408
-0.5179611536173852,-1.2071887117162599,1.2084961897297641,-1.0706062755489318,1.1397367228903161,-1.5353307130932998,0.4875686997265073,-1.3165435021130707,-1.5347169764224227,-0.3406304913832286,-0.8888278874276788,-0.9996083189443243
2.340202703793649,-0.6475206662421844,0.24083526194206856,-0.6897219462955682,0.1542385928618426,-0.38273250320132446,0.31087970116601543,-1.1470085922628632,-1.7054222216713049,0.002793724476090609,-0.8769294667779285,-1.5894652769213429
-0.3318598806624012,-0.5922708960453926,-0.9401527033387619,-0.2878693834911573,-1.4978296522326202,0.16557278675860143,-1.2380971902809508,-0.3247080334020521,-1.1244327712548423,-2.0785558529262804,-1.144569751161928,-0.39934029602830606
0.31289056322702885,1.4885214005392768,0.5618726074312655,0.6424538083786469,0.1776605932286756,-1.375283874319584,-0.6319915064927872,0.6370190637921205,-1.2504024114245529,3.609228292865703,-0.4461860878204709,-0.4100370906912453
-0.643951057599,0.8322185858616434,0.2028660171941217,-1.2989773332079608,0.06651284066408059,0.5886048401479838,0.1713194261437594,0.45199998002562436,0.7501955234749307,0.6355172428964423,2.011806626570256,0.7585738481223421
-2.6480712332933622,0.3045098941690775,-1.5324826440835406,1.1396275779887062,-2.0038941962743344,-0.2509781902501008,0.07914145492090835,0.7371255127243125,1.2230990385574665,-0.7300855609175114,1.2555926312771652,1.45604030789719
-0.7476376893025434,0.6869354659623481,1.3279512415873918,-0.8180637233953536,0.40976598966649047,-0.07907807686758436,0.8795467019702392,-0.9816119333221577,-1.1426084883552607,1.9444997406806668,-0.610032244648508,-0.17973849661642147
-1.501739954478555,0.21952546315103907,-1.5978300219569377,-0.18787325032815655,-3.0479683074143726,-0.013132170977282035,-0.3490356547400517,-0.7729342052041177,-0.16630879989417055,0.01366212290376645,-0.16106715628211554,-0.740312957973273
-0.4996011804005984,1.0367634029413402,-0.7506485184944778,-1.1900096048460251,-0.7507556869054911,0.8827459509596403,0.367916168590499,-1.3535728845161619,0.31384188816132796,0.36002910329529036,0.1534902008025177,-0.3849594602741538
-1.179155834156798,1.541847548342509,0.2973367480063885,-1.5087031594580007,0.5689231277881163,0.32216255809978334,-0.22218325746502166,-1.120411733515849,0.8717575911681336,1.653635341601798,-0.7427763551114603,-0.6360715021695669
0.07642493210387617,-1.2782869409603546,-1.633367599758532,0.18280083345813364,-0.45320959866656696,-0.2669594334867553,-0.6449826969735402,-0.02900934554128498,-0.367213614511971,-2.528310421179541,-0.020584578925236463,0.015949273538014785
-0.06802061299632765,0.8484214945059857,-1.413202860878202,-0.3748615701860992,-1.1240730713002536,0.23863433667087852,-0.1051964591050637,-0.7357470418587787,-0.044804467756052624,-0.5573397922570984,-0.5089874074138667,-0.504048525770444
0.3800538296401771,-1.2724909482762803,-2.19909662335504,0.45529769185892144,0.03472873610943439,-0.9822724118722829,0.6973820609030313,0.9335682894134544,-0.2592965686144624,-1.469740200768236,1.1895861179899778,2.1596505940699138
-0.6224674477256861,-1.0857746580628094,1.4944742026787226,-1.9007936019838172,1.1704572378165439,-0.14372074973036397,0.611570035598217,1.096543946409117,0.23846349191624536,-0.04333948846801372,0.0704575697589882,-0.3075018050518987
3.187460194353636,-0.1649417143978355,-0.8991845533135412,-0.46956443446408497,-0.20323568042223428,0.41018794102816925,-0.42122371789338586,-0.5339096929775086,-0.28891002827163936,-0.7337260572352472,-0.8102767854996329,-0.7463998766429767
-0.1056978845776889,-0.44307533348220746,0.31940946900556794,-0.6563824676586785,0.4606700845410741,-0.39110052628345454,0.3239626838554275,-1.8461855614685074,-0.09264775724909069,0.08504399310631616,-0.49033064657329684,-1.2835945300774814
1.045017691623513,0.8000757337727237,0.7001846441782101,2.692012034527876,1.375306019283512,1.3367161384851982,0.9821095810983599,-0.9743645855051077,0.5158525442083308,1.3474839517075468,1.1873223314521715,0.763124348106049
0.23853097569818602,0.8482555730459884,0.20658511026469303,0.7410163384778299,0.24364705845212048,0.057858817499045645,-0.39962250930247123,0.889616265834206,0.919611839239239,0.9032711168114439,0.5904984931075032,0.19766387013951042
0.06835874254095715,2.541531796259304,-0.18302947015340726,0.4560925920349026,-0.2032458721343017,-0.02585784695306903,-1.5647714744775638,1.3692103123155994,-0.3003867488342028,0.6499459184412224,-0.4460650998019474,-1.6180740556854991
0.7459314465797489,-0.38285563755844915,0.273146496499552,1.0025873621809744,0.3889715883927256,0.28579747469811834,-0.013014390252531705,0.4306150065821891,0.8117731582474897,0.23567571772891263,0.7547792036594227,-0.07001817005415907
-0.6589129167006225,-0.7323606190843479,-1.4510414207678852,-1.3016332288000465,-0.3684639135282689,0.522708194490567,-1.1787891313563514,-0.30692450301049334,-0.7284580712998824,0.8691554114388831,-2.4392423171764546,-3.3659200561424623
0.14458809411096546,0.07722680811686239,0.6186788482869523,-0.04526626525940958,1.7737160544354427,0.4388495197724309,0.7001800757481017,0.3187388981149192,0.3746171448775534,0.017627461247862297,0.9336228836374862,0.755397395380764
-0.33229378731058407,-0.010361760417349378,2.3732534613758767,-1.165795993134065,0.6134686025153855,1.5873358848899346,1.0953040660746964,-0.33845199854295094,2.0124201948410234,0.7805214122227253,1.1716757914645417,0.3444806817301185
0.14564381339089313,-1.4464933583756363,0.4900719481956224,0.6479874603579678,-0.4646567544760878,-0.05476195095214753,-1.1227084733739092,1.5064609509664069,0.017499955027346914,-1.2853742264954764,-0.28454299545763573,0.05178928602058208
0.09596029802742143,-0.6317880666916001,1.2916429209083415,-0.15436578021242225,0.5703886647068465,-0.1966800304147349,0.21831633146201146,-0.44064724048813786,-1.6161712406677298,-0.04520036968283597,-0.23653244637687454,-0.7778073040093516
-0.7592779550924385,0.016442727879309015,-0.8016224840948187,-0.8117604928250577,-2.204492072601563,-1.6843987903371167,-0.2822930247892026,-1.0763124279976002,-0.4165332586400272,-1.217323993326672,-1.8024159787309868,-1.0257410555455349
1.0664588331455496,0.06898591145831713,0.2921751743845517,-0.09453261974255611,-0.04708706255245643,0.36151350523756653,-0.165883119249758,0.6080829476939619,1.3863835204283865,0.7041986165280174,1.5474073628494027,0.42344849554152025
-1.1112775655889826,0.04496887809745965,0.18844110170306366,-0.18412568198865054,0.7533968711971696,-0.12111383352540983,2.0350936039577734,-0.6965675562054743,0.17033014850939018,0.6756282196303629,0.1468775656600564,-0.4040295805875252
-1.5511100119188383,0.05950355022906313,0.7935302291773354,0.10448786678682012,-0.21498287275139727,-0.20049714192090118,-0.6033524047340206,0.902418247779242,0.008642279508236483,1.5213492779906694,0.6786602749176915,0.6572925066088393
0.47457831927584143,-0.32051200087976084,0.5343001572809252,1.2116404280737858,1.4972582222292405,-0.8796548134191848,0.9247441889829715,0.12236525833824485,-0.2596503547865296,-0.5626635241184389,0.29779240501975324,0.31797704874965743
-0.8857912713709084,1.0338589181101006,0.8463672989905274,-1.4111339313542344,2.655219202543538,0.027378616712377582,-0.0554634952056523,-1.29806987914337,0.15679740957967125,2.0707315742687222,0.7048447136520728,0.7099008837313665
-1.2828707306320781,1.2247263760086902,-0.40062734974316644,-1.4245372908156835,0.056110172987579254,1.1709183911493386,-0.06763298532112125,-0.28923353945934516,0.5454937528381548,1.48111648119848,-0.2937588258513115,-0.3082117421915883
-0.9587590874944502,0.5273950515423119,-0.35196651295631703,-2.3743442774119687,-0.11732552320030598,0.2823854688431268,-0.19012679061538576,-0.3121321274942336,-0.3372257493680416,0.3799962629762944,-0.5907620870508435,-1.6022280983128079
