X1,X2,X3,X4,X5,X6,X7,X8,X9,t,y,y_delta
0.3468379178111016,-1.2103991949690025,0.2782364064834778,1.5037465136317785,0.6372167740240233,2.176887840843215,0.7959581546057326,-1.2764920181925867,0.628354949151469,0.8402955029951164,0.8349639566193331,0.4213680366823368
1.0840685354917379,-0.7971270750977828,0.5826522237855449,-0.1728012756063385,0.3493680178968671,0.2966547313064414,-0.8210848062676701,-0.6891882952912443,1.3439071852476747,0.7710954911951575,-0.22413955368678473,-0.7106238409826533
1.1844872327201785,-1.7739051634796157,0.6417888293735275,1.5419128375004494,0.4402316572404743,1.7968622071617053,0.1848359658399319,0.9356413776283188,2.706715203368113,-0.02457396323147043,2.3192880054952294,1.8277509329260777
0.8967208214947117,-0.7383124278694753,-0.06958991299512274,1.3064414307112187,0.4347466238975363,1.0402083637359043,1.279392867706056,2.317599635502935,3.0080027551070625,-0.41340976420125686,2.377667124522647,2.1832312589576497
-1.224079626105693,-1.3675764863603148,0.13274228448700107,-1.4772882724814087,0.1363304508431426,-1.0858154037726278,-0.23747534592980774,0.4796317848347079,-0.9548942976584653,-1.3067569499308798,2.937677849032266,3.835997564942594
-0.8769190770427018,-1.8444239947423862,-1.083893839604071,-2.636933656272409,-0.7951466522873045,0.15300202360626258,-0.5805832599145324,1.0799095678510038,-0.1857759444193814,-2.537340149790425,0.8196546254099955,1.003650230326074
0.012186260082715885,0.01976538166756981,0.35868463483474056,0.07506095091502615,1.406243811139377,-0.2471924179122607,0.6744082871887236,0.11948899154309103,-0.27420072202647006,-0.14245240229948253,0.6046715912436121,0.026207675120982807
0.17563911966448614,0.25157096881388696,-0.28780349431338537,0.43886034585441885,-1.1773889715409511,-1.9400626137721124,-1.5395251037585016,-1.0588641683990163,-0.030799553727629547,-0.6910961854775453,-1.9563966700916346,-1.9096076958797632
-1.218724566962163,-0.16164284180178767,-2.4657236371171516,-2.7476866247082126,-0.2650616613250205,1.506410164347046,0.18989667992970155,1.5225566184209725,3.5151099075043204,-3.2971761900052146,0.9651836433087124,0.21017110578378673
-0.9354449367720866,-0.37230494341017223,1.2067578584451029,-0.7296741842823127,1.306658281865833,0.4343736093923476,0.715916102937637,0.33653306188061327,2.76704591681301,-0.6331776556534668,1.2428944842293252,1.3892421119230827
0.4014292715614226,1.1266457415004825,-0.3140892790955779,0.8200249523147684,-1.8295098854636311,-0.39033117077693913,0.9253578960794704,-0.12973294060214613,0.34417826548927233,-0.7005744835203572,-0.150123514553419,0.0931640853187557
0.6283507239281196,-0.3387282702480082,-0.5435511613263133,1.9405187943275006,0.1554019613398836,-0.025610631494039304,-2.4823793839443153,0.46691512146206016,0.060546098648848634,-0.9200867249596621,1.3394851541728319,1.7160639545855378
0.1708190910356437,-0.5184796921418127,0.006389641467353838,1.0315530361887828,-1.2801921589921605,0.9810008693606316,-1.9382524978551277,1.2910344737857284,0.056786223717570805,0.2966166622764964,-1.911364495394201,-2.8060440867168928
-0.8769853811341478,-1.11571209423644,-0.34355428039253283,0.8670760375189455,1.3045735651874564,-0.7316781316734894,0.47299429400784465,1.4818885634304595,-0.11102181018543222,-0.8554796607135847,-0.7199856586073119,-0.1205533043480671
-0.029136452272486388,0.09915745819728855,-0.7530875476943437,0.492675798113212,-2.2249498715539335,-0.4838632398676893,1.866712279929862,-0.18619805397808786,0.6139500684104262,-1.7461812401559793,-0.21252483001787942,0.9060177845465544
-0.7452047770669542,-0.17608983816037005,-0.7808603787937802,-2.5610310203194855,-1.1595449829680375,0.5610136994838636,-2.7440819287870872,0.3195008768525198,-0.8344854703853362,-2.0463270939101235,-0.8092953657541606,-0.27972938765056493
-0.21561141449264273,0.2106718910504548,-0.9676593116202842,-1.7326557517720818,0.06590201632166859,-2.61054845610022,0.0052965980460194795,-1.6720536535570534,-0.9021697272428288,-0.8392309987419815,0.0846857462669437,0.06299221502575292
1.7355973718073554,0.4297992076707928,-0.10864831770721177,-0.4991909337014908,0.07961451125174035,1.1135993393165793,0.9970868678214908,-2.0219608276934284,2.056308583361389,0.940394491040855,1.729119004173952,1.1452044430169548
1.7234793476775196,0.4955094078769743,0.7041261601799188,-0.26860366681245246,0.363484461930264,0.9296565352745608,0.30562924129809893,0.3119408563089317,1.6039560996480535,3.7630617576931247,1.7850033393514826,1.6098369659531981
1.9512688456054927,1.1048667855643781,-1.2269225834398862,-0.849737944271756,-0.10884608488363057,-1.4651988293891516,1.3927625245640105,-1.7372382243599782,-2.172091149011923,-0.43345615781273117,-1.0523557040842944,-1.136521793907947
-0.9089485333414253,-0.20484427316964712,-1.8298185389037283,-1.528222591753078,-0.8588252527311828,-2.0447699489958224,-1.3204699210248751,-0.23010729172325553,-1.2421887152968818,-1.5463853128734044,-3.019401649933477,-2.673823807813223
-0.06439294173260288,-0.19328683722752568,0.28225618418476145,0.19726604093715489,-0.22954216072243494,0.44854974459000885,-1.1737068951747678,0.7980031898106563,-0.6193843397293911,0.8023934706078266,-1.859668103830266,-2.7295205718516815
-1.9078654138548945,-0.23843060723193038,0.04054159424626238,-0.3944192017035484,-1.1995089552356832,1.4158860554994384,-0.597169921047793,-0.06398469312519439,-0.09875946197303254,1.2943336110692654,-0.1402528246568045,-0.3367011723600574
0.9634222417061903,0.08823183295620594,2.3827457075627683,1.5968073680002877,1.2723597569737946,0.7191213518079745,1.5167672229282223,1.7236224368063915,0.38380139894919285,1.0957000735011893,2.125505264136562,1.1083824594029144
0.9564606201278049,0.5237878540113504,1.193475431596395,1.5933709044962119,1.6052192225000361,0.10843848901212438,2.6762396855746626,-0.46505865684887904,0.22352027312990808,-0.29595168091439494,1.1254517715909709,0.6658129377562834
0.5310497303450059,1.0938841947047122,-0.4484928251300682,-0.41316764387388616,0.01480464129398179,-0.3485834594720918,0.8864551040259298,-0.8192521803255913,-0.606480956708205,-0.516804422423381,0.5891093130838603,0.5517356967645755
1.1495371861735952,-0.046658660021413445,-1.1813794020272526,0.8101493809061394,1.0691955198655614,0.11534425268606474,1.3163061224947115,0.6277373483183555,-1.1925962543767772,-2.4150913793558724,4.047940039437364,4.504298175614216
-0.7200797343163132,0.282161743881604,-0.20178248220936987,-1.03833196523395,0.32302815178353095,0.8924769389485824,1.4724152109589408,-1.977259358368015,0.9700076550870511,0.3416312732382204,1.0374061257168048,0.32897233682265076
-0.42186765407423515,0.5551800121079289,1.1107122888134489,0.9110995907227147,-0.9958741273117534,-0.11870744359409169,-2.5568480514252996,1.125925434634694,-0.9039143267263012,1.5183333260092784,-0.2570587993385904,-0.2948590386476673
-0.044601504532605585,-0.6443507239354401,-0.09471173571729023,0.8063383476073632,0.9958858270074484,-0.7209298487052686,-0.2644458357285001,0.6281050422159298,0.6709535946974835,-0.600954371691542,0.596082927719964,0.675716157094812
-0.4701715019719457,-0.20902689320089196,-0.2206665547127878,0.18951709554521579,-1.7117277404522118,-1.8864282863207356,-1.1723945514578737,0.2823839000039745,-0.3297554328784347,-0.9249819198314688,-1.5605904617124924,-1.32159932633832
1.2340913929176274,-0.8048452860204861,0.7107568055197512,1.5801877229257348,2.0232137288068097,-2.0013370729550224,-0.4405259048487999,-0.8938624874241294,-0.7441735300344423,-0.8200194108761044,-2.4081700607167855,-2.3222725387311574
2.9175983544580304,0.09909493770714603,1.241975635397618,-1.3098692854706329,0.6908516256023618,1.7995399413626851,-0.8185888222069149,-0.1771154988674183,0.9347570018205951,-0.10779042081738655,-0.13086288334924123,-0.3558887016852271
-0.5103874551953202,0.49048191551766346,0.10643461995486594,-2.812697938541062,0.04134911897707132,0.12171293842700748,1.329542658889473,1.083087314630654,0.07413120746810198,0.13861105385551858,2.05266501488644,0.8713844690200795
1.239827226739693,2.0088589149792253,-0.46309966735477515,0.837442887521066,0.3054323971170364,1.2679985128843712,2.170081551370247,0.267726289340222,1.882789708523688,1.2090965304908547,2.4461751014306046,1.9674306747763397
-0.5858742613527511,0.8274316377254959,-0.8163183369467606,-0.3942610469661354,-1.566695809313881,0.8378033493792706,-0.14312391894305876,0.12465737443270608,1.007049352336144,1.377011768420764,0.9075941964793443,0.6885327878556291
0.1628348073817126,0.49179567334026003,0.29092979808966307,0.9760164855817095,0.8103711970375926,0.24739428525274065,1.128878391383655,1.601427059875291,1.4935579727929782,0.5986088133565708,1.1443792715345502,-0.25016572464737585
0.27461103595959757,-0.1723519209813105,-0.4868735517396379,0.6103736715030591,-1.4737433844176109,-2.1277839499412745,-1.119931589616209,0.25362877273797635,-0.2365631583324771,-2.0354808662336845,-0.186999368111596,0.12491881923968684
-0.5471607853242149,-0.15077154109475346,-0.6140925596446288,-1.467978687415434,-1.076958095790531,0.7307332092798744,-0.7610625069443975,-0.36531690518054016,-0.2522203377854554,0.3063323522120134,-0.817296004288445,-1.4406434820286762
-0.5131962480680078,-0.02357823914674496,-1.2903086219296838,-0.6706503694944559,-0.5331474095067341,0.9837843666410485,-3.093508332558078,-1.8707176906528622,3.249119753923049,1.0464240401291838,1.7242653566549069,1.550678246415019
-1.1235595036436485,-0.21592778135865695,-0.5641317922948953,0.30727990801748406,-0.15137890269215504,-1.3496152482959505,-1.0237343028382528,-0.03574108423591693,-0.34575741708127505,-0.8439008082664171,-3.3914440261558965,-3.1549267954790037
-2.359509210595097,0.276117104376522,-0.7943854520869,0.9695088634301472,-1.3667931585856976,-0.44748019244740334,-1.3455723560570072,0.42508506486032016,0.04384879286513155,0.7052987207493041,-0.9095468780729674,-1.520036393013598
-0.42874793703200437,0.5243167130663957,1.5919271498350214,0.2911813205131857,0.1436130893250639,0.7396020300997528,-0.5892514631099447,1.8963263921728584,0.7672107349092225,3.260414308063525,0.19511493626957718,0.5299873626392343
-0.02605815718712317,-0.5732739302133535,1.9904944847249941,0.38679354087307366,0.5076167557551448,0.9892356552122873,1.3647480839145594,-0.8515029361790428,0.688321014653745,0.8827095911324938,0.13830192415570408,-0.586334903854451
-0.7576786665063042,0.6099374953654454,-0.5215311826454588,-0.09036909682058258,-2.333869424874986,0.7999198903806954,1.3983939837997075,-0.30371806984222977,-0.39367903014060257,0.25603025645947974,0.3685804852469855,-0.6153347117477505
0.2621708727570959,0.6783104527531457,1.0430884272573202,-0.9835078772559016,-0.7534150440781683,-0.7279234603576789,0.3435331838835707,-0.24384271973724791,-0.44636644446374796,0.38637433330857507,-1.1254672340564555,-1.614931771854184
0.1109054333286069,1.3759893202695692,-1.3648884542541826,-0.6764831277557852,-1.827179910773347,-1.4813447788207101,1.8134663547333028,-1.4629513718444045,-1.062716522605552,0.13340184303881986,-0.7163115378263404,-0.832706773089731
0.5814617626575826,-0.6301511097903588,1.2927401530076152,-0.6461492338646109,0.9238559702599988,-0.27418670105990695,2.8199308082542984,-0.17070580506716437,2.163072666829986,0.8978575128511559,0.13302820530501375,-0.6003167194826725
0.46279977165085673,0.09157465510428135,0.7126485560934086,0.5568760038997997,-0.9647672068378009,0.9414471702169941,-1.187601002412094,-1.0869625051931422,-0.03912225363496029,1.2996595763539407,-0.6538956982211548,-0.8115654480265537
0.43592377602016547,1.0608285543741736,0.49481834631436117,1.4192773733455153,0.903864263182971,0.1860395027831908,1.6218370032980567,0.37023466750477196,2.1057640000279965,1.5242474575059226,1.379364108423307,1.3317674530047228
0.40308021041852016,2.3024336642005894,1.4832314986421098,0.12120119171459776,3.554208804393653,-1.2099500435212893,0.2504733782715437,-0.8171077299750008,-1.8993499590940006,3.8684620487960757,-1.32518832226028,-1.4816578056984904
-1.643789413689141,-1.1525175825540126,-0.19793345469767648,-0.15667924197010202,0.7628670382051372,-0.6972876798929095,2.7755319335810604,-0.1279355712870246,0.1364173542200393,-1.1893072081082992,-0.415539166266992,0.649557085063075
-1.2409889267665235,0.2927527593391718,0.13896113817726435,-0.47961247905818555,0.0002501324097461677,-0.3131738272050329,0.8179746211535927,-0.24066420207787087,0.02337594377689034,1.9570542239953648,0.9974311571915025,1.5795553714398247
2.1273652127894542,2.0287940169951737,-0.24560705029670862,-1.3408782904784764,-1.1741984474960634,0.8008838634435159,-0.5521486129853443,-0.22717893227617558,-0.16869358981803706,2.0810056680804596,-0.12391915380842569,0.174491023868761
1.7837783456692027,0.006453866328995706,-0.6060137985103968,-0.1657988784101119,-3.3550085590036955,0.556261665558076,1.3930733991286537,-0.9326676529881504,0.06755534967176091,-0.06036435177439342,0.6408170360256421,0.054498622471573
-1.2068745449076288,-0.15349657001640968,0.34082759413415337,-1.7138588820852432,1.3173768659503104,-1.81950183908527,1.142952517849398,-0.0203296636007516,-3.364748126348987,2.7504845231518065,-1.8221778916109117,-1.0824393036902074
-0.13328030781431688,0.42565967004501054,1.0893860814500418,0.45725400239604874,0.057161411066647294,-0.7786283850230963,0.270150328733471,2.5421490956773507,-0.727661747815831,-0.22107006480934488,-0.29874650729017116,-0.6492287789335749
0.0880444667790643,0.26548555217281766,1.1285421367176,0.36187700202955103,1.045619337235785,1.5939490407376862,2.104286065439024,-0.055800109857738756,1.6368940506654526,1.8072324090505907,1.4941065992246,1.592106463806306
-0.8772998563286342,0.4271275199938735,-0.08445119578329774,1.6212200966343895,-0.7641915214201528,-0.0783584186042966,-2.2865458039954114,-0.0538352667998388,0.2108266675284176,0.47057286791926206,-1.7240103737146653,-2.283065808521141
1.146828403528548,1.1225563288370133,-2.0614406897839346,0.15155301016796452,-2.6003141340852753,0.12755007037336685,-0.7865132167378837,0.8948142721800139,-1.200554719528029,-1.675413087637447,-1.4725828663239844,-0.6393140404616544
-1.2068031042240546,-1.686223265549516,0.6287359894266872,-1.2031369280560935,0.0864361143138721,-4.031058727872168,0.15660545919393265,-0.01492422739760102,-0.19002776568541924,-1.9556558629128395,0.22030690420297044,-0.35399882481186096
-0.14237930629705497,0.604566229319575,-1.3605520883578193,0.3826263711691649,-0.8788829175847929,1.3106407542175735,-1.221187117270297,0.046737885437034055,0.6216390888872507,0.5257201758616128,-0.299151732419795,-0.9585788295780241
0.6847551872964809,-1.612066772061354,-2.2221423328731795,1.3228496563245564,-0.4829874322032961,1.0506008376142886,-0.1521946916277122,0.04683222809662424,-0.8066906112065592,-2.2987282928268264,-2.1030731829117992,-1.8460659568688433
-0.37375643193280683,0.5611202753818391,-0.20256454167013052,-0.05671815219915133,-0.09697165213631166,0.3352889842040165,1.4738310502132097,0.2958123553857498,-0.2638976674599878,0.6113860672724529,2.4944522735736685,1.2730896952804902
1.2062237284257336,0.5837327414182352,-0.882346665235109,-0.4669136648309188,-2.8630537067595183,-0.960240388849213,-0.023944644418780747,-1.6735439927877969,-2.5030348950754564,-0.6694773365584354,-0.9034496680165496,-0.7807187845383889
-1.1496764381998497,0.8529269417492892,-0.9711698981248889,-0.06263941574947673,-1.0437877125670663,1.485615666445993,-1.6612400817330053,-0.6694246869175504,1.8840125529592753,0.16290325825278829,0.6029672039787202,0.24220870538608108
-0.671035876646151,-0.5625252257188039,0.5853430900395202,-1.245349822815148,0.27995683976126395,1.3182412517293502,0.964401328555305,-0.6094748122359929,0.4940280477506249,0.687874116331723,0.23206846643472068,-0.5403511323276999
0.09488502100631385,-0.6783726732981555,-0.4433464264514488,1.1249665597377756,1.8062618067937666,-0.6819052690831304,1.274725400444769,1.3965241888266196,-0.14955671332372994,-0.31799200447454845,2.534699945289555,2.1796849882549103
1.964769710318394,-0.5344507359042158,0.47265627615084305,1.6027688783170864,1.074896598995893,0.5697453928574603,1.764070981810205,0.7074341433224696,2.8468272861938475,-1.8285554403045226,1.9462698465590849,2.749971585402455
-1.590453945221736,0.9911069557202103,1.0929302145550823,-1.6142167155129248,2.075115492354246,-0.09670980872189966,2.607313734917825,-0.1798694357311471,-0.7919564050093009,1.9390005722204287,-0.38438275664765864,0.31435747961181204
-0.2987589131834044,-1.1236368507807537,0.5454286721791726,-0.975434426106197,1.2163589529588277,-1.6155420047973679,0.8746360733587598,-0.6433157158640432,-1.944487643482876,-1.2869758270241014,-1.7335646435769232,-1.1187098982085466
0.6420111796132325,0.4115400212733799,0.6960805165928058,2.37270112729039,2.273125659482336,-0.854281344860748,0.8019601128742564,-1.3376607961929683,-2.5723710834596156,1.894297414014802,-0.9625597263768526,-0.5986034354978615
0.8376829355933696,0.04377399981607778,-2.1449598069726536,0.4881473987342737,-0.3537196651863797,1.7951908515969062,-1.9484497955974276,0.9115169639825202,1.0795744178584792,0.651121281560832,-0.08025537837171215,-0.7170500802346238
-0.33296178862313336,-0.2326494187857552,-0.9864933630576302,-1.0754241824345152,-2.452759581931259,-1.0552752443314528,0.1932588253735403,0.2909202751890131,-2.236195091886048,-0.26561970749925967,-0.3084272255309032,-0.5905216779251671
1.175306926614049,0.5022382162515628,-1.141418689420968,-0.25523604580180337,-1.3029630878235752,-0.5417142639330369,-1.1553329551939302,0.4868403529552906,0.1214903611309539,0.04276524539004789,-1.647676956142303,-2.167756695973538
0.5817585376078461,-0.7606534196368089,-0.6543329259609719,0.5014696720588038,-1.5897668943077277,-0.5116520158244988,-0.3750999245712311,0.024248087636411064,-0.8352287699886268,-1.7900489391673962,-0.23216879697653336,0.585867115363686
0.9124243964711514,-0.8546439866853514,1.2928886877629366,1.3321073379797619,0.8457895416836245,-0.02050455630538639,0.7940310146742141,1.321263745192048,0.8468965127127012,0.7099361920397158,0.7610371186624596,-0.3809040020320047
0.8544491455713737,-0.7784152017247437,0.32578905095359206,1.0665017098942453,0.2635394000267004,1.305268125140499,-1.6953067927765155,2.935149026276814,-0.5392523156590068,0.7873513357252002,-1.238138091563361,-1.9869156488320296
0.9070129761598574,-0.005618605157477533,-1.8373918289130617,2.43787788490106,0.6208597849751778,-0.2545440578384658,1.1998658206130863,0.7015391099711342,0.9164778510605271,-1.5044534533205534,1.343893911255633,2.6279550511372842
0.24767286714984643,-0.5612848460938218,0.263568028966058,2.78047260244286,0.8671261808991721,1.929982738090048,2.1977495521847166,-0.3267565860373369,2.56575099754758,0.38895877080193025,1.4440395957777292,0.8706274361919698
0.49569007081062355,2.0543667570860222,-0.6234784329180592,0.8761015350511742,-2.4518231908337986,1.1005304270252878,0.2203810377569655,1.677803277609058,-0.6438454429166423,-1.9661992296448574,2.2554029210165485,2.603070987087023
0.7258231074384094,1.4255623528907642,0.8012709481572887,0.5404235412419434,-1.0629336351644056,-0.8332476192748182,-0.2724708078700461,1.46870440488123,0.17473695225501484,1.5510821183625687,-1.769715756399119,-1.7645467632073877
0.3800079787703311,-0.4496699959933109,-0.41387556136351195,2.8509071811254607,2.500241144093763,-0.2993728400024761,1.4455306336456508,-1.7229180174086636,0.9289748841137376,-0.2651503601701684,-0.33407212839517875,-0.6776724384923334
-0.5971473615214419,-1.2646810277631975,0.6098824014162786,-2.440952127405051,2.1349704933016085,-0.64698165855036,1.6012367966984153,0.7321048922983722,0.4011232346760036,-1.2670256064218925,2.110347194612573,3.3883082349584432
-0.6138201076595193,0.18486069040600753,-0.5190597918143404,-2.7923703684186063,-1.7773096254671585,-0.09132237278269273,-1.2065374331534218,1.3550102783078426,-3.04993178825423,0.7415004969022692,-1.9079886526941439,-2.702391852301575
1.3486062292783283,-0.8300933100373001,-2.010966103551973,0.058345365451713094,-0.7110133713779186,-0.7836796674846516,-2.4801442509429865,1.241678386508061,2.0871084967111004,-1.6497391321213173,0.04716090018274166,0.9467793875268883
-0.4964212906039635,-2.008618263499474,0.5095093494968576,-1.707836219631908,1.2780088921323203,1.0637620926873737,0.509475943942933,-0.581709102256221,-1.8106885357705549,-0.11040159308250641,-0.9562160094334979,-1.4209794860316578
0.05275662758503038,-0.7245834254522616,0.3296334205946779,0.4708389884188669,0.6660543731051705,-0.01858332787850908,0.8369024686434126,-0.5850761602545272,-2.847768308856388,-1.8162649839350387,-1.532332933618103,-0.7734054270294624
-0.677002612833782,1.1571445627708128,-0.49229703294376986,-1.6677103688044044,-1.5399031336000513,0.3204168494158683,-1.7419138924140531,-0.8820657796095994,-0.8230462891605784,-0.25038959371049524,-2.7455637546196687,-2.881667719687097
0.10925527100906679,0.4498379008777897,-1.3039912352946763,-0.3758500414171372,-1.3217768234156124,-0.13846109986529997,-1.0175496087962639,-1.5179513475587798,-1.9656547805037872,1.6429806740257484,-2.065997072047018,-2.034123752518277
0.2769763349905714,0.59270444320868,0.93981653164844,-0.9133942439689609,1.1750812938184207,-1.9321450588890872,0.4176996827542312,-1.9384749712175902,-2.3107936269117535,2.294627048278019,0.8034002958027082,1.3446904305485265
-1.6842674444316963,-1.3887437932566713,1.0802743944648763,-0.27505036905644675,-0.5857116733488734,-0.812088160973709,-1.1181536773922376,2.1547707226756634,-1.5646415989319782,-1.251300242263195,-0.37178213739325616,0.6610792546052309
-1.5194267599979758,1.132782764057349,-0.5935714440624972,-1.2828920031206854,-0.9435840472266668,2.147105271052584,-1.0031689486342292,-2.153346798277406,3.311181121016737,1.1060297878247447,1.428942093316357,1.2783290656838213
-0.7964853362791476,0.2815157237238614,-0.261200049718354,-1.4027328075942633,-1.1560824661427844,0.22211294938948922,-0.49337507207614584,-0.9472834150044465,0.16297969360909498,-0.47163538357726786,-0.3454619223197696,-0.40466920481606417
-0.4432722617896116,-0.044763949011297426,0.4958050098118552,0.34282425763461843,2.3095598815194873,-0.8442297216390902,-1.4576957790366625,-0.4699986794727222,-1.6527685422006244,-0.8617074947743883,-1.4028471927700095,-1.1772438042224012
-0.7758640242678734,-1.530138950888143,0.3857439004085626,-1.4689455343684692,-0.40465662129850627,2.16385204751373,1.4049010795782884,-0.7341345920477459,2.557854792896912,0.9970366290508073,1.471574110056065,1.20101584645194
-2.036738430636856,0.02039447435279386,1.562717663107808,0.946305992544386,0.21296673442137082,-0.8491835626633988,-0.31988597002194424,0.04395469641605798,-0.6177103179096858,-1.256229374454386,1.518394679168177,2.2765343459262612
0.0050680739099914504,-1.3184174732262122,-1.4117870594577135,0.5648010771184133,-0.6121773572515965,-1.674173539039117,-0.664067610424232,-0.4205939194825712,-0.26838163225761646,-1.3047514754543772,-2.402819199626506,-1.9902211379153747
-0.4920689603365343,0.9760165145415486,-1.0930736639019851,-2.606669766495077,-2.487025305507582,-1.1733635383052365,1.9296747096886688,-0.1716814085769529,-2.1189406751451796,1.1338020281637748,-0.2736994533651495,-0.519395997358556
2.0445951167610925,-0.21452291165592005,-0.20220240313976065,-2.3052446282276895,-0.9487238254514879,-2.6795053181191655,-0.7674810010566882,0.0006334630284835496,-1.4672665614911784,-0.4887727966872153,-1.350923746211346,-1.3185148727223228
0.3229348731205285,-1.2231949135312594,-0.8237787181636748,0.30088066155207366,-0.7753816530291301,-1.0409094510361374,-1.3781694887481797,1.3935052786887034,-0.7942080057669394,-0.47980149177336895,-2.2033059194188738,-2.2655028022992623
1.8763850995708193,-0.48312277795058617,-0.41655127300169625,-0.4088280754002704,-0.42607106654855487,1.3168979506050618,-1.343670284139936,-0.905953793375729,-1.0788087048854225,-2.3883113528958275,-1.8042206678783106,-1.6970689527005869
0.6472296992643254,-0.09240923044913954,-1.2123964280158732,0.06362064069279283,0.440070406208534,1.010948696079035,-1.46457790387943,0.9966276524450253,0.44940517603644775,-2.016610175755725,-0.09482752270159167,0.23374649577883855
-0.3672091374274477,0.2709080406050886,-0.005651355343298001,-0.16078544799051114,2.8123054983474987,-1.648758737198905,0.3842848298438174,-2.175086598027344,-0.08926577774392347,0.07706010271651655,0.6335224153476255,0.5620146810027555
-0.4202184460097661,1.7452634034217243,-0.9760229294486316,0.43248633954286,-1.1786878661865114,-0.12191001607202834,-1.058068469292811,-1.5088522808343225,-1.5599313670681942,0.9435977093297861,-0.5282817546191403,-0.8595755606452022
1.2037474412423403,1.4597081328751313,0.5461016474511096,0.8856379170696409,0.0937630915075961,0.10752715923667733,-0.058821523580040724,1.7902956650015223,0.033522596038600916,2.444693685169719,-0.6192756871566563,0.3369749479909887
-0.3743122088435231,1.658956849133253,1.1628036072872858,-0.44164095522925373,1.4942696706903473,0.7733423392412692,-0.26891760749313454,-0.2664665676963118,1.9240718606438079,0.9836332693080159,0.9309455723789397,0.35261067600550555
-0.2424897372446717,0.46310814067959943,0.32489570976283444,-0.7390653855441622,1.7878184094068947,-0.007955603420927826,2.087361281583029,-2.862643670957362,1.4562234294326093,1.5549847957688439,1.798781219200222,1.8026175732968124
-0.23574259845439152,0.9219005725742679,0.21720408587765536,0.010678253831365614,0.3191783826230349,0.10925276043256156,1.1019255735292874,-0.19793164229500473,-1.147450694217822,0.1267205347472815,-0.07449814668936738,-0.9191200629651285
1.1486010194234286,0.23593912592353158,0.8243846496325424,0.8206454127243608,-0.20988105614281138,0.5559395063532846,1.3595482435542539,-0.08971737190813656,0.31994842364218146,0.12391308141191837,0.9781285776960289,0.014373982289250908
-1.1803578557826053,-0.5047063464667085,-0.2505529499729141,-2.0240944106854513,-1.9834950159593718,-0.9748895459512723,-0.7800065375881831,2.923413319372239,-1.9049386880260224,-1.3739815228600052,-2.105238672250458,-0.955313588724074
-0.07249648590287922,-0.131698864048084,-1.298615106408601,0.767430745489514,-1.1566579321229769,-1.7679192592414474,-0.48859109410845225,1.2838741263637803,-0.12628657674062016,-1.5414550321560343,0.2375785597633645,0.9361622815370135
0.6092908180274644,0.998827352649618,-0.21474277119160304,-0.503081351134348,-0.32885474186623204,-3.1280718567915944,-0.38819070470196626,0.11547382668365658,-1.95629227746211,-0.8810150272400339,-0.46934408486026286,-0.6492647272276355
-0.9507616065558889,-1.7131753980345001,-0.5045875299709758,-1.056698574713776,-2.1893671625685345,-0.7471843987600879,0.6727302245195382,-0.8710495064219157,-2.2687252965530424,-0.42437802818315573,-1.2520828359737368,-1.384218143399991
0.7922885715473312,-0.18828533565072172,-0.7325668782793822,1.5351172172847307,0.0022888321111111942,-1.5222399373064783,1.1231272774443615,0.07191334571596636,-2.9954734428535064,-0.5324149281349823,-0.8645584076097756,-0.8772639875228452
1.0355226525146366,1.3733936919643357,0.20767858292495003,-0.05883671757368614,-0.21459803093446475,0.26317877759039726,-1.3216426601698934,0.7828572678695265,0.5327643912514262,0.12910403637473933,-0.11754842875038579,-0.9035729998192936
-0.8003935470921436,-0.12906699598764138,-0.12002979095848723,-1.4418784436309502,-1.5432138912703757,1.2002539475206304,-0.28839352300833054,-1.8257446238691108,-1.0447127392016555,0.3787566118999915,-0.3895384195308351,-0.8681795486372245
-0.16852126656263466,0.11367128730023193,0.46744483294837913,-0.6366973695155074,0.10344597516881726,0.6304873448082985,-1.1527601077920042,-0.7547765306453107,0.39354478380269164,1.659770613058214,-3.143344293079507,-3.066619653905688
-1.0872745535640358,0.019801987601594732,-0.6030993074440348,-1.1171898611664002,-0.04824367394691709,0.826712163603755,-0.02792428527643228,0.35104522193872656,1.4462502751161157,1.2876187942456947,0.5443351641366693,0.1686449357172196
-1.1136098015508265,-0.797496504613595,2.1247326686476087,-0.04216564745324736,0.9595450105706296,-0.7731081913460065,0.6988258802024108,-0.10946868986048215,-0.39721315210638874,0.7995645563067647,-0.2308028735459805,-0.7570918619462351
0.09717447017318273,1.2472567522309657,1.0179470328766322,2.7176506554531357,2.6808553708470026,-0.6288227208894209,-2.433617466223091,0.5285785682941817,1.6059896135872278,1.2964987608546794,-0.35002569973647374,-0.6355045087024225
-0.12876675539719196,0.3357822861578564,0.06915830096494098,1.914704001174316,-0.26884664259378244,0.780179162331023,-1.472283643589157,2.3484339602970565,0.6531305208939376,1.3176358929110403,-0.8091041485855957,-1.1041608684480952
-1.9939524106231552,2.5155122427811,0.16833944681209587,0.34139152799961003,-1.257919026989746,-0.35855598258763566,-3.3225124736230214,1.5822849169028497,-0.7697077640958527,1.7402899606994644,0.8097641854730877,1.0658820919718655
-0.43002194329455956,-0.8935116285026202,-0.521677456840476,0.9598801477391279,-1.933045954936937,0.5405159689071282,-0.5353373351973754,1.5159236136199379,0.8224626326851306,0.15772434927475498,-0.5615743319659777,-1.6480659252745022
0.305614940934477,-0.5895546907063288,0.49440720624055723,1.8886560100996659,2.2225801842628856,-0.750047292324733,-1.4832265898767152,0.8480509802825102,-2.076264124515702,-0.8211523875195867,-1.0642458310809988,-0.7017216375865272
-0.749629197215374,-0.5751362424494219,-0.529544885652238,-1.2264285768510668,-2.588792663929034,0.751333368889926,0.05986860466568805,-0.6564860160320245,1.7895865904217256,-1.387340899163535,-0.6411282906106915,-0.24455384641180541
-0.45125525424516166,-0.4630966619317635,-1.5511339791307648,-3.0211073689427206,-1.2582073005357008,0.10172699511601879,-0.6625843078688416,0.8371124982560213,1.400181895318891,-2.6315286960699664,0.8095123863266176,0.8264461939163783
-0.7197916938302868,0.05239168876236101,-1.8216822557048937,-0.3872373269642564,-1.0601754297275265,-0.4267631687785004,1.753316101328171,0.5486553463525773,-0.8001496534587489,-0.6182460850806795,0.10803150564924957,0.25800072555380127
1.6441198654133204,-0.6760291802622692,0.0681357452773322,0.15884660085197766,-0.22105448970972216,-0.05597999496406636,-0.387675394358791,1.7401020858782388,0.2825969801863445,0.21014179848763292,-0.5376833987827635,-1.4395322201872287
-0.4423943336580034,1.6478161911911835,-1.8314556878270034,-2.057299234345839,-0.745266281701072,-0.479452036594317,-1.0801700877135156,0.7662434137047077,-1.8330161211696427,-0.9463723808241333,-0.9293290388277431,-0.3638901356013356
0.2378860616162668,1.8450427809306396,-0.33401531359256076,2.5510317453333444,-0.8967581216002488,1.7349331725501123,-0.13994236487640965,-1.1483441445425873,1.5040969970101505,0.5280297054954286,0.02685844942186094,-0.4886856924938406
0.4113608109373783,0.4195145260179539,0.2606458017016202,0.027764842203346074,-0.18342477836600618,0.7801791385287937,-0.777176471143101,-0.08333534211347887,0.8583318381217249,-0.13610911937764913,0.17085761395733307,-0.25437757100979197
1.5005817846278977,-1.378537284420958,-0.8542635504891849,-0.22119448864274116,-1.2482281791702925,1.7615582851626963,-1.0469966666933475,-2.6585682795900305,1.7300527347098773,-2.419988418572528,1.7046538090271148,1.7395057861441268
2.075346162710364,1.0312049623909503,1.6262600080858727,1.0134945696926487,2.3797590147339216,-1.4317276682936022,-0.21872740258167322,2.3437063290256743,-0.6596387641966136,2.6804332326796194,-2.4822216618800805,-1.5352369925617257
0.2275062866641291,0.46746274351941564,-0.942762097061525,1.4567636095575853,0.023760960784107943,-0.9444997181010647,0.8901535467626472,0.37709345464707844,0.8418131627058475,-2.1023530776727077,-0.11950046306016171,0.732236136424885
0.1299683003383853,1.277060264533169,-0.5972242053614061,-0.38601539952350744,0.7329366460360562,0.36162363488405147,1.5035060854868223,-1.8061718037024104,-0.48736753533516636,-1.3032770048125206,-1.824479132313869,-1.131414047224379
-0.7945547605072751,0.36033097436818934,1.2922278852875049,-0.7948474345035238,0.39965115721253774,1.1146040893276785,-1.2124658194743623,0.2194563447740987,0.6475354767755971,0.7339094354465425,-0.5028422251351277,-1.206531320015996
-0.5262507606942023,0.636350853724047,1.0066768722279151,1.5816328682209613,1.9805605043700956,0.5246728358895533,-0.7367040086107943,-0.04166239105469016,-2.415806887465287,2.4769368013780517,-1.1011382073914742,-0.6179628351877153
1.024040531122156,0.7889046906070926,-1.279719782881888,2.5997860185068573,-1.4088635835199996,-0.9674715656965663,-1.4315790382102582,-1.7496405602717187,-1.8298144592225243,-0.5310458710305122,-1.8674025116196769,-1.879945258948056
-1.2612405599652536,-1.2924622029228856,-1.6876766365315579,-0.6225853304339893,-0.4007135934830517,0.29062066552931676,0.7875338509154342,-0.5650742621253244,-1.6514666383369263,-1.6835766825615357,-0.4576981457594835,0.23075087664947502
-0.9919823273913012,0.7686577880852017,1.1642584984707347,-0.08777255122103533,-1.5138480512056232,0.13099097768779472,-2.0679141318785534,0.34748125527676654,0.26261643854076977,2.2662278765705155,-1.0430413653128365,-0.4210567250554859
0.5407689070239377,0.40394502603794796,-0.37689322404726505,1.0630731576451966,-0.0938013386915561,-0.7767027807393481,-0.6111908567245974,-0.5043538237938662,-0.26295763444658504,-0.41324075683269706,-0.26742564543395586,-0.3702052828323752
2.4248084956042053,1.5708089156453025,-1.3972516121409078,-1.7643731920011894,-0.6579908502381178,0.5185979404378864,-1.427957766424346,-1.394947720346565,-0.4259782773836242,0.5950367218665783,-0.007487036288676752,-0.2986122334728447
-0.49480088045822146,-0.574336180074237,-2.222587434247934,-0.6067029938020038,-0.3140704722978156,0.12902658877014572,0.6670313844635805,-0.8334875553959367,0.6657512704309638,-0.5023685215716631,-0.04003819537747433,-0.09266006512635017
-0.9973615758847676,-0.9922187196355793,1.0782420490227484,-0.39264510227909377,1.3643557072070567,-0.1139717409612474,1.2706223382820283,-1.4038282550959134,-0.07073439397254555,-1.5611832113722046,-0.8670261224098643,-0.10234341382316225
1.3272052227094813,1.1641776329803892,0.6943887298141305,-1.2808007326347135,2.1067698341488312,0.14588100098273654,-1.0208512922699406,-0.034577041955158316,0.5871166405032995,1.8823475745810663,-0.29563904927582624,0.04276935420504924
-1.2803990067041562,0.27553345240884725,-0.6151095824114402,0.2859499166481366,-0.7092822232618212,0.06277658788558504,-1.55828329076557,0.11314906563321275,-0.09817454415352356,-3.0406576219024277,-2.079664974685885,-2.4696349627794243
0.8601579457380929,0.5331827995369629,0.4669293738481922,0.9414982203040031,-0.29355906324511105,1.4855659096302274,-1.3043447245607693,0.6809328060205462,-2.6086182045322888,0.7461744469610098,-1.7108196274461491,-2.4224632989806203
-0.6433667108085347,-0.7229758123683593,1.2190307248282155,-1.999288172695995,0.44112002837844333,-0.6750551188091624,2.616446126393238,-0.4513692070401702,0.41674875254069765,-0.698712956670565,-0.40930571025409523,-0.1768637416571536
1.3449999309705551,0.4347878521361957,0.0707565792893155,2.506690652404983,-1.2513329613127453,-0.5183811237502723,-2.440725683832806,-3.107500736478751,-0.9940678019922508,-0.4937866984722321,-0.9251550374103348,-0.9659019666958566
-0.7224556388746439,-1.0854284513695154,-1.094070829476127,-1.5611801481045249,-2.5260251507724427,0.2291283741740337,1.9060562925045972,0.5880680393206199,1.1922754280316274,-1.7693407690915461,2.429452968867268,3.4752260464504037
-0.2853031544684352,-1.7148774876431252,-1.428714676772076,-0.4496536579577458,-2.446079632756424,0.4563905928985358,1.2032924737184163,-0.1297107126930377,1.8072245954948811,-3.163488325853225,1.7625238452683853,0.9783805799527461
0.626356220061899,0.5649313184565183,1.4669268992121542,-1.3775676190862292,-1.0978657180296443,1.3155833269948913,0.4132500429343072,-2.5874522074008484,1.4246299667586908,1.2836890022945626,0.6402469566357537,0.34744666050754514
1.7359333457315853,1.4339936430323745,-0.6821597196670782,0.669929324064576,-0.8843768772302257,-1.4091840935099742,-0.35856545347776225,1.8978360331108248,-1.2909209025757966,-0.5230134926605559,-1.2244132223206727,-1.241039638432062
0.8035111419179091,0.8432653352954669,-1.6255215612725253,0.8226233351564738,-1.1573936265900944,-1.441515439694129,-0.15976986204691312,1.7600658577528643,-0.8432853399912696,-0.9440247671705162,-0.04652393119612408,0.3618570238636859
1.6401194645832684,-2.1790318099457666,1.1246402480874167,2.3124848248383247,1.791617023675653,-1.8077000815382844,0.40334211170623135,0.0024141593261064465,-2.2225451842366972,-1.3821825244515515,-1.5681013624688673,-0.8970038059857731
2.2039676397985666,-0.7047739346610464,-1.6081434209384287,-0.761771413306255,0.4155337383191787,-0.6984904866577812,-0.3703119110147248,-2.4328116055766693,-0.6132873241276435,-0.8606597407707257,0.22464869649392535,0.42062955681725506
0.9138418298556398,-0.12994119594123454,1.2622613292575469,0.7793257012378683,0.5144657108820482,0.5930923986757435,1.6205764519288754,-1.6657154516094537,1.0012617263480303,1.4983434619198017,1.126813809297662,1.063816586038014
1.3755055909304232,-0.023997719623515528,0.1233709146130786,0.9731088151451304,-0.6375610790033217,-0.24942416925928895,-1.7525571601723327,-0.6611692888874324,-1.5699375030175449,0.23401801569372924,-1.3475058789825127,-1.7257923846757965
0.8059137828621534,-0.821679211139307,-0.6396346473533085,0.42656017450758454,-1.1867077153602525,2.321740204279868,-0.5944099112900592,0.9196105810490125,2.418820199669532,-2.6546968623918885,1.4989920029867165,1.50084289872519
0.48653315742987635,-0.5385594712884172,-0.9371834092403525,0.7400805027724201,1.3569254188552375,-1.6886275263369541,1.553791509739229,0.11384378164131814,0.9031663882884287,-2.5111559837204984,0.8779998354535015,0.9850395847938881
0.04836653962415802,0.2851293663208136,0.04910702680621502,-0.010115541223826172,1.139934390230968,1.8049910624063743,1.4073732216766515,-1.2059336718225488,1.0949234620116228,1.3931673061295327,-0.11858029502812861,-0.21674038104411264
0.07459622920334949,-0.43890573727758864,0.7100926422548992,1.0204652532415543,-0.9004842175481186,-0.2613857591335287,-0.25598654213716543,2.033122519465585,-2.1861176016417776,0.8425181276682672,-2.166886361605046,-2.9144482934043587
0.5364993541796236,-0.23508607982874227,0.898341151877869,1.6743870223610269,2.4169315826488478,4.037750147313082,-0.9177513816939304,1.1064254258987374,1.1211454183560687,0.7025714325560536,-0.4336094569467389,0.21720039458707308
0.042636374220384875,0.7767835884376064,0.6095516086889772,-0.6980961003660958,0.5397571100147807,0.9293568890119568,-0.8911725182221334,-2.3387706419571512,-0.047648296319650285,0.2983287714313343,0.3790106595416979,0.09564633545821122
0.4039098053865863,0.32128178135368685,0.29393358207122056,1.1996061852970135,-0.33864999421892783,-0.8425535320531163,0.7451937678856404,1.0768280440780602,-1.2956202300696926,-0.6977894437690091,0.9608700487056135,1.228794959303864
-0.4882634462491234,-0.1397512859868863,1.5499302165529176,-0.6984900904613567,3.450437330865187,2.27316577877606,-1.632179600370075,-2.0006060796843355,0.4206981689885813,1.2496499757587496,-1.0573054328119094,-1.1181164967719956
0.9044911545911712,1.7843746505123657,-1.4529864141770228,0.40800547846476765,-0.8658997151746242,-1.406136594187295,-1.5141948129985938,0.031537869224258386,-1.7611454899152268,-0.09163149952848419,-2.474335724613095,-2.616724257599932
2.039510713632526,1.0350984151256086,0.6872077812353882,1.468621419291913,0.8679371823512523,0.05874507603296378,2.245422370325698,1.342180223536566,1.451225982330564,2.1251470402539887,2.873942653562403,3.937510665098094
1.173937368984038,-0.5037930232634666,-0.23705030761390034,1.4864842192930405,-0.6769137071277558,-0.04641235463488369,-0.9103819864724418,1.1831856915870063,0.2588850578032993,0.7265142160696323,-1.5718321072061487,-2.4184731624105744
-0.5137564924402908,0.7558398136144608,1.2103981301444682,0.12788124989890604,0.9831890718589908,0.6874655701626872,0.8107648033342345,0.6085894641678276,1.1940488240477802,1.6260948260950943,1.400075191520918,1.533407431925311
-0.5628452480590966,1.48972602224983,-1.6892658608439501,-0.45541511255108863,-2.0955918361918693,-1.027606811856382,-0.7272667722773032,-2.7545284663170113,0.6779268422683961,-0.6298663106725895,1.5067229426732032,1.582885844147914
0.6122175105620887,-0.36373025008499427,1.9917579542612938,0.9124407869394067,1.6965376452172547,2.2640323927249417,2.1016260116816787,1.544899464121953,-0.5905687055464035,0.5852846892227508,3.377914623064227,2.899598718937026
-0.9574060352948657,1.0145475315462091,-0.9438398403736652,-1.4568108583276074,0.40176974357757744,2.5753416843332957,0.7626631969850454,-0.9878970410664605,-0.2889536098027735,1.2442357012822136,-0.9120426705663638,-0.9250218835162913
0.8850654091210997,-0.11817729029328489,0.14338378740262733,1.781560356657527,1.367093053512127,-0.26448521383328183,0.07413297214586734,-0.3318007898653747,-0.08139768787600987,-0.6791731508653175,-1.6199831912271696,-1.4538602486942682
-0.1868158305326003,2.778782299256359,-0.1959212767665935,-1.3027901282988539,-1.3006246385976026,2.0584809527935226,-1.5974481060781347,0.42168648657110097,1.7624051961718126,0.5534695459530259,1.1820928413612708,0.6544218803563584
1.0692756489981188,0.4318962296628277,0.057542429915848896,1.3103567643177505,-0.1537862266863235,0.7739643885140619,-1.9343961342276212,0.15258711040252693,1.5911229719594457,1.7944688011828966,0.5549065630452781,0.7854728398825208
-0.004837963419363337,-0.023688137502121367,-1.8099075635083723,0.12727125901875744,-2.534830561251639,-1.7068304652263264,0.18997765191284255,0.9410446947000319,0.17514711232963442,-0.8805707477024705,0.5280424983077758,0.841847322698682
-0.3046829037440778,0.5287302182432477,0.2844837842574241,-0.5532018783971173,1.4546128502209583,0.973254683725026,1.2881886464274146,-1.952817426886114,-0.21236433338603466,1.5321451697626816,-0.16807424810843363,-0.1873208446246879
-0.9270400242962518,0.19143427376142585,0.424745224357092,-2.088075082677703,-0.08457248887383084,1.76677726191117,0.07451992484800112,0.4262863855739032,2.8919459832253445,1.3423709346652073,1.6842043690399238,1.518187273925045
-2.166939893196425,-0.3241709772852408,-0.07402532231382859,0.4336850639611476,-0.08148672743912337,-0.8338730897366419,1.1033349817298246,-1.13263442583964,-3.0301140242793183,-1.5355238703936795,-0.7247611295726994,0.05392006391879198
-0.3153255158127972,1.091652622668974,-1.3909117835217084,-2.0613508038404142,0.05473320673436499,1.0960117206476083,0.19664952880142664,0.47689230606721555,0.44441152013143626,-2.0443559819855124,1.343143924716859,1.7492120153259574
1.6957142909695824,1.7339446577628836,0.29511162060729784,-0.4530830104109139,1.32121064076826,0.6120593204162489,-0.4148711930192358,-0.33918443640290413,-1.3992066539803987,3.181893156888867,-0.6690900446001126,-0.338877626366636
0.20288137627990244,1.1375594028617368,-0.3339017671520966,0.1494403102141611,0.08780837748044085,-1.1818511596435948,0.9662570954994937,-0.17937306566414946,0.062452027746243144,-1.0488608433203617,0.40187697948853185,1.0283352153683383
1.0006770800240141,-2.147446483145693,0.5334326137532877,1.0352629299281746,2.038450342918057,0.09132442076782932,0.5843462312258794,1.9829345220789834,0.13272101376397438,-1.0752851984434675,1.662309316784309,2.548255326323332
0.07030717927531294,-0.4037059393339224,0.3625310098836491,-2.1663168062700944,1.2719494005982868,0.11559274831221819,0.9376735911628163,0.6160470394731443,0.24169963012570694,-1.9953167616805942,1.2081125597156679,2.1657209531988055
1.3946257314994368,0.044978336569549096,0.16613713345891548,0.7425171272868303,1.3010652243189686,-1.0709786364622955,-0.1652025349996663,1.7600493027300226,0.5844121926665238,-0.149836328177922,-0.7517056908460068,-1.0212740526795818
0.5366238885726727,-1.8260581305374763,0.1102038633351797,0.6153751229486049,-1.318843761845972,-0.8113995254476027,-2.315643071151279,0.6076440139852872,-1.809914142697378,0.012920096893823896,-2.2145870211579517,-2.6710311735849053
-1.2166803405607116,-0.9334218472747731,-1.5306918306480226,-0.3054708432839517,-1.915202289067968,1.8967711722103457,-2.363003235401548,0.21733698618068054,2.119061382728266,-2.7928081431899057,1.82954082318709,1.7450801306519104
1.2604972421992247,-2.1427504354430322,0.1952828785419685,0.44076216957915754,1.493860876780118,-0.4745470721598246,2.034168940242479,-0.28122953544288987,-0.9989482502337412,-0.05789503483745273,-0.3454115427336567,-0.889028895561623
-0.06968574738658068,1.0286146897669581,0.029430438518960052,0.22062689775390507,-1.2040495426358453,2.2316791800054365,-0.21756965794879535,0.8877531267672327,1.070073981873129,0.10973988454886408,2.4976652689639978,2.1749536564767302
0.19809241726991184,0.26745710533308054,1.170656211094893,-1.2692832789773238,1.2862624182499367,-2.710171897238661,1.2953537557195784,-0.9598070462849695,-2.610604028084407,2.5942871857171452,-1.4590973938666942,-1.2975921304718565
-1.5579498167724612,1.5476844420823335,-0.7807377029688162,0.18069959769799832,-0.3319516330061556,-0.2013304094904006,-0.3882730349153987,-1.0960686042674177,-0.2754841568396438,-0.3162405761687963,0.9979810457934546,0.8189899739381405
-0.18782786144801608,-0.9145072739406742,-1.59127910696989,0.9871562354531669,-1.8533114813638258,-1.6203381731798934,-1.1628923995247358,1.2379939885739772,-1.5457226685736,-1.1682738436800182,-0.38080140214859437,0.14603294960278124
-0.3129091443922752,0.9391825126975288,0.6913590549516024,-1.3282678647514552,1.2044314971687957,0.8807294817904165,1.1714878179486825,0.3648877993087327,-0.5053193832669935,2.159762712387133,3.542568258849637,4.107600623070814
0.3236256565714264,-0.10813581064026982,1.9773647942051156,1.3510863202777466,1.1311638429235398,-0.40762042761620354,0.4082022321269906,-0.3701547630318679,-0.5951436315431498,2.0090659523378522,-0.7352052765239147,-0.1694068101244271
-0.10275585260232267,-2.1150686584789415,1.4750459160068952,-0.649951817489769,2.835051055359956,0.04991613184108534,-0.43758561828414605,0.6431503180319933,1.273166672043907,0.3028417877188391,1.295036270068239,0.3874543570276825
0.2552728654913214,0.14465306885780038,-0.969108424311726,-0.41212834729503467,-2.033699231621357,-0.8655820250970463,-0.4218731765722271,0.06156129319572701,-0.7961941658805834,1.4028895653286164,-0.23894104184076803,-0.3826925079795357
-0.20911915787645505,1.6317693107388114,0.26777114911036615,-1.8202238098005457,3.1089849478860287,-0.34203021218319474,-1.534199659167311,0.18565156421392967,-0.578843155648809,1.0195712755784063,-0.14385536606741844,-0.6161153494513527
1.2451639087968212,0.4648504993916956,-0.21819893471162594,0.005311027311650118,0.0639279368701633,0.5962592921285147,1.2497899808411685,-1.2020121018304646,0.7964487790228074,-0.40697032400972827,1.0452574587220038,0.8769216328497231
-1.331625117714432,-0.11423643373660916,1.2917241037019038,-1.095281076893679,1.1107419654033668,0.6032365004657649,0.5285739815341591,-0.4129757684918971,0.9085149960815233,1.3997637767102837,0.8068835470409048,0.6178233447553494
-0.23128130656314252,1.3333006574314212,0.26433140137266153,-0.3963823996331169,-0.17823473224013264,0.7015895350250082,-0.08438297208159692,-0.09997449157769578,-0.9933662587748373,1.2104098447030858,-0.48025690579413066,-0.8975290806395462
0.2688794444409122,-1.257880130301019,0.11936519923067945,1.0303440542310671,0.2999578272238981,-2.975568326414236,0.581220324093364,0.23835882694205401,-1.747661558102506,-0.031842106160918204,-0.12180094186187113,0.31000713071948305
0.6462998692488409,1.864251580806222,0.10223640779243995,1.0202549224334927,0.9165353346867908,0.28277658790525284,0.6157430351412915,-0.8743370674205528,-0.6998975656907531,0.949915966443579,0.33912905536484345,-0.2505440832702601
-0.10398647035032214,0.835557047685989,-1.37223576842087,-0.6419629181773502,-2.954938902395751,-1.9255914993780994,1.7065042945848692,-2.499458949055973,-0.8553808851855164,-1.0311816693956053,0.5182305312015169,0.8859593346330104
-0.4979775895756152,-1.3898519932705982,2.6947063771939073,-2.155230202385713,0.946525126300905,-1.8477873227355053,1.4025488133934527,-0.23464441255547097,-0.32166184764305306,-0.656662452680006,-0.7988371319340013,-0.7459966470330032
-0.21487558229770373,-0.6539213309646649,0.3493291454629797,-1.8750704147009007,-1.2719327742234605,1.2591643348799328,0.20841782129895403,0.6019142103043735,0.3360449815989992,0.14415919184610182,3.0490322544873374,2.151315263959522
0.5061087799205871,1.2618908483171363,-0.4865180200238038,0.9727861269272788,-0.3690027627045615,2.5443446105652616,-0.27456993820770903,0.8647559386843857,1.7491372379685435,0.2647677138822037,1.2672342765636522,1.067791952028319
1.7890623820687461,-0.20471369352865706,1.417514250717916,0.013901212054503231,2.6437816645110335,1.4091454730315571,1.6999344560832803,-1.0785846377364083,-0.5452881425224627,0.7103399125214986,-0.3740910956479915,-1.1217882445575844
0.2487231196721563,0.5225517515726827,-0.10327444117112011,0.9631385299501538,-0.18858201968390287,0.8841354262005832,-0.2645984267851805,-0.08064025306229772,1.7059724730932704,0.23548845750724007,0.7890603432507847,0.023578277173651352
0.5905436400816001,-1.0858708252740865,-1.9153325453209977,1.055873948583464,-0.407181909131801,-0.9974139263355689,-0.19129816362602248,2.098070170767817,-1.9747837629263576,-2.9551941765990097,-0.8628043934993693,-1.1141596953700286
0.20172805984182468,-0.20794261414891907,1.378383476704137,-1.0228799328376208,0.9808903411717824,1.8472412011314998,1.9476866883089679,-0.10581435081502055,1.7234734922273234,0.737965092130185,0.9684315987073154,0.32676534211930297
-1.0332994281396561,0.053146938073025646,-0.6720177277559499,-0.07089050574948907,-1.7592725719996474,1.124080824363329,-0.8633890278099787,1.3551193480950159,2.189484103668062,1.3009680175646774,1.5923959991748244,1.310715468031817
-0.23450750982582336,-0.45825255159401623,0.3838012422849718,1.5584392677611005,-0.42639805287198235,0.3196790102451875,-0.9364297089520631,0.33302497696188327,0.6318091402807982,-1.4187738025082055,0.2509789627322397,0.9089532226057391
1.098868137414826,-1.178767493760496,0.5834104502008673,2.3162052096024484,0.7268382171766838,-0.3227377354487396,-0.20801068790168598,-1.4397560110019993,-1.0809773570425887,-0.05740179696069714,-1.1947951958938134,-1.5806828777896011
0.8852183909137665,1.1494275175217465,0.8876769669201343,0.6659267989642386,-0.12822026472891845,-0.35577711737028594,-0.48917817523256135,-0.21959874208117847,0.09901053554642458,1.609900342044554,-1.1391535708132317,-1.0674807584437085
0.5737012437506166,-0.44280131313363524,0.4123388629690257,2.242765749486307,0.9957866109150322,0.30373893955358067,2.3877823698847815,-0.01924811574030716,0.194892603810073,-0.5251102578977782,0.9689001636938562,0.924983088721335
-0.27350078042598,0.7799458966440217,0.10463515824304336,0.16389869818964908,-0.3338875203539218,1.562324646718563,-1.3581012132157877,-0.5216476715833722,1.9411822690681761,0.5582172098114528,0.38057850241358915,-0.05059424691761705
0.9477827369038009,-0.2347047547809176,-1.0686018221748799,1.3687879459557348,-1.1139991365866808,-0.2540269566810306,-1.1901702641195833,1.3580433539430137,0.10152606775696044,-1.6942695244773298,0.6847479562192593,1.6728218832943473
1.0443132825649821,0.309212950225044,1.0041731305335353,1.1825266430282286,-0.5089579021837345,0.5536814090380056,-0.09673884214971873,1.724392829962059,1.214269567540815,1.429877374754979,1.2050594483884869,0.9873113466836715
-1.3283915514428866,0.3355341977929884,-0.5547118990868085,-1.1066745089698649,-0.8468430682354304,0.14425108120456775,0.43340405680891403,-0.7992571352293647,-0.73369943806386,-1.0728139834465285,-1.096011836180638,-0.5908384744366896
-1.3638481481925229,1.719286980460274,-0.2001977089122079,-1.1709359014726006,-0.648773163070282,-0.46240726199469323,0.1558431214738092,-0.2801873193813136,0.4570484307309476,2.1835984281901206,-0.7087453679926663,-0.007923131776331582
-3.3959370799980917,-0.9449883726876513,-1.7627465186086309,-0.86947668805208,-0.6477722175854033,0.9752419758714675,0.02820523125665142,-2.288598491656468,-0.18135005655286757,-1.960895586634515,-0.18159200438564604,0.1848115659175218
1.6316118810483557,-0.7926754427072658,-0.664544953298447,-0.5858571794833802,1.3016206783015098,-1.3263925295562893,0.9127495668747847,-1.1345295713736607,-1.980689525690066,-1.6365146137771107,-2.273551231315749,-1.5368381658765744
-0.6403972098128331,0.7128315901363363,0.08778999079434531,-0.8687128066177895,-1.6298868998007456,1.0213911857983584,0.3569176708092098,0.18274388688001686,1.7492268680038223,0.24470776735379163,0.16997294141818053,-0.777519607295329
0.37211378502984144,-2.552590565403502,0.8060148754074072,-0.37324173983873066,0.7553370217594519,-0.5083615063098028,1.2707056937671484,-0.38690814495442866,0.17284756956551028,-0.3024496837810849,-0.8591823703642616,-1.17452942674408
-0.7912403133564749,0.7313357399687381,1.7307943147042033,-1.3256527898953019,-1.5194808195363034,1.4012778944796072,-1.7364681428931057,-0.7255538721927997,-0.19838199610366059,0.9280245839049848,-3.9728311005425807,-4.303421996034459
0.1855494693903692,-0.35969378623279963,2.96840195071267,0.4516733487748711,-0.5869597868759434,-1.7142699498565424,-1.9091476448912739,-0.14941561496905864,-2.855759154118271,-0.3605176922135809,-0.7790839279364206,-0.8209667210676757
-0.6238369292467119,-0.5860475266985626,0.592141241323655,-2.9354166714368892,-0.7164100694989166,1.160923765780721,-0.6757591832640223,-0.2564582072366348,-2.637482275109886,-0.27322130418409224,-0.8690944063127164,-1.096460064261119
0.03099730535558627,1.258503822884758,-1.263575014703817,1.4246982847680938,-1.5773991886300736,0.7313513207390491,-0.7251991382294034,-1.1689844116102956,-0.6706676600595021,0.8280068775712538,-0.9674842767460243,-1.352347309463099
0.6262889135594921,0.8363547135438388,1.6048566669256257,0.5770343061833427,1.5886511943898631,-0.1252886957972309,0.21823497226442168,0.5245097743091993,0.3652436476435275,1.0729807341828712,0.4551954648217062,-0.2462295044070406
-1.1408617577524016,-0.2549376417376196,1.1641677318028316,-0.38609351249576046,-0.5838704504261161,1.7658099143266501,0.4048614773448387,1.2323867492207505,2.0662939681584587,0.33366609479621445,2.322414693761463,1.4992674930654517
-0.3607397514353528,1.2000306611195208,-0.9146782734168597,0.3908210117186973,-1.175179253411481,3.111159556261822,0.2797038898598231,1.420358880112663,2.394687151742045,0.6534665517135555,2.4929575770159684,2.5728579458695187
0.7760496181719257,1.5075536604604654,0.10562572858308512,-0.5533619919503997,0.9088554540325924,0.9437364533785587,-0.09623572317806162,-0.4693550799424941,0.22784507424460365,0.5561230605275875,0.8568673676468701,0.13426815706516848
-0.1307025518433244,0.45592257915231404,-2.1830407045882274,-0.17921981565022527,0.7194700093848365,-0.3608784166515677,0.33737048873853337,-1.7705257933855187,-1.5591633259006672,1.0867896546643594,-1.196204853667013,-1.6459782646787828
-0.09276296823502822,-1.48883284412397,-2.247725523155818,-1.5357122570822497,-2.3866050973129465,-1.7096117804687585,0.5733417224515482,-0.16928889836443511,-2.086178693010547,-0.4429574760100339,-1.5559700323588082,-1.6036432850729638
-0.6000739288262039,-1.166396842400722,0.2966120897989118,-1.0212741433820631,0.4027116322540252,-1.734245138034559,0.908951129738639,-0.9665350405227321,-1.7448978072002852,2.532271297952464,-1.369764203994964,-0.7083630344905131
-1.241274479665049,-0.1235121336387219,0.25241472610759697,0.043162833867778416,1.4980629039399875,0.9993119062334439,2.242370835349484,1.267130476290506,1.7669371816035504,0.34777519502742155,4.291820313754087,2.7897951708990867
-0.40547689403166826,0.41353043816822244,0.956479310763945,-1.050670704298708,2.1988441438068307,-1.012199413015089,-0.04832034743726378,-2.4665747429682363,-0.645155793255604,2.7320740937247603,0.9799025290172698,1.427117193406541
-1.135095274983966,-1.7020480805633127,0.12594490738196132,1.1749650122634947,0.5711474240643053,-0.31529944446865665,1.4165114898971982,1.8534342784861797,-1.7444407490032883,0.5156473109433992,-0.6968359969070352,-1.6692433881213473
-0.2712714024884076,-0.1048227949188589,-1.3604118501672984,0.13035265064377854,-1.1975498738448929,-0.0745191864730455,-1.6235465279356158,1.0604619446895598,-1.8118905927863067,-1.8212213172956067,-1.2566029018747806,-0.43288969377931164
-1.4190867590968417,-0.42923135006448565,-0.05183707563852673,0.11866176209660456,-1.4825509354346602,1.2648318423386673,-0.7269969075673686,0.6898008114935797,0.3220835410235705,-0.22766913250787588,1.1694537352950558,0.8078038962157249
1.3951054061056845,0.08844884884076838,0.15866653303147274,-0.135822517436191,-0.8399672804526431,-1.4759318374365216,-1.8819023984917898,-1.4149625654168356,-1.990469432619903,0.33591192471550874,-2.641444853838273,-2.6822465143311867
0.40530185091113935,-0.9957636861834863,0.11942126963437873,2.4768613916659126,0.41628082117582477,1.4231875669612728,0.7086077856793493,-0.6727798847543994,0.42756523024685594,1.031341257060462,0.05872931206755155,-0.42822710879488235
-2.1397478565390715,1.061515434624568,0.9841913435115978,1.1274354229425032,0.932568913220016,-1.5570071688750904,-0.1581534652878519,2.049220217587178,-0.4871672273863381,-0.882899507350194,-1.0161881120876455,-0.7230641702562124
-2.3532936021376054,-0.566251335230031,0.5370021301613813,3.5964858260872075,1.8632217630960737,-0.04842153004537461,0.9720496913300579,0.8477224426617757,1.461680989022038,-0.1434484317262481,2.97353856544906,2.2175531331241123
-0.6858990060909932,-0.6812804448994408,0.07284442608710938,-1.6103450336807656,0.16799463446407503,-1.525804571395485,-0.08224058456026098,-1.883918610280759,-0.4174309955458406,1.4564523760051815,-1.9035724490461625,-1.9557190471112258
0.8605672776502641,-0.8097036783844223,-0.4997400842451668,0.289953757389278,-2.032180261628835,-0.9806878039350583,-1.1171394983820961,0.7386210222923333,-2.67246290700263,-0.5377035683395675,-2.0535874838854555,-2.0641190825771454
2.656930809709389,1.4671746351764177,0.6064605425547916,-1.250529090193474,-0.9592560550591722,0.4633238069083019,-0.4751712592165755,-1.276899749970026,-0.7696802151347376,0.9221179444013062,-1.0016382311397192,-1.367134982229434
0.38820565117955164,0.10822262243468792,-0.1731968631742122,1.6762175487889326,-1.2533688887496406,-0.7580963770641804,-0.1240041942921577,0.1650497787316738,-1.0045964145928274,-0.2223875146978565,-1.1277254202093439,-1.4663522375268956
0.7883995508949087,-0.605435416435181,-1.105376514587358,1.5159013374504908,-0.46781925025145144,-0.3092321513324295,-0.021956553783537447,1.0817000686924056,-1.0686607873695944,-1.9215618288976781,-1.0753787159268846,-0.0027733295753256115
0.17031906229718943,0.1269612259802343,0.270800894296068,1.2368529063294353,1.0753837545734497,0.6428846581168938,1.6804007066442777,-0.04206514833519004,2.202972401463011,1.9154394116456743,0.7316683512320761,1.1814973065208434
-0.2220861336757874,0.98439745753035,-0.592703687473942,-1.2591572067985328,-1.0392610547391608,1.3333991091843675,-0.9012187670143276,0.06960882468471108,-0.13744553221521935,1.421604281016948,-0.7306065919545738,-0.8311207694817765
-0.9484981051918628,0.2684238516925784,-0.7314633955420868,-1.2243336111025036,-1.0888280229316045,1.1077343845081224,-0.6596467681780191,-2.0546819075084235,1.6433161995185586,0.8424219774331463,0.40473597994854815,0.041678541349751186
0.1273705290273453,0.4021602766712223,-0.47311074973413825,0.09267829427868476,-0.7711265124379629,-0.8343325842082279,-1.744751694705215,0.5653194281707685,-1.5939718461716064,-0.9412159320706391,-0.5358574770692315,-0.08310970676257767
1.940003495213545,-0.33280800331962734,-0.08774191932410509,-0.6725686526265267,-0.27150515748990434,1.0091336494408525,0.3530757057566349,-1.0505069197612062,0.08607007000223543,-0.816400941774776,0.25612281259501124,0.48177826843553656
-0.8492685948190022,-1.2753556232670153,-0.22215022655318062,-1.1049592042351604,-0.4157374773363418,-0.42886291225867545,0.5661606460423021,-2.2907388931015804,0.012351511036634177,-1.0945630740645949,-0.17467305917542109,0.17399402858478064
-0.6074814918489557,-2.1235269501084426,-1.21202067874182,-1.1010975303050958,-1.0624025329459,-0.6450306029154931,-1.5748029283774878,-1.5820736141713116,0.38987060684493235,-1.3618521399915657,0.9367543413415511,1.154399508180045
-0.8530862028136781,0.07680589415405482,-0.42404271114117664,-0.9764955169510718,1.022571834889332,0.32643101947703823,1.2867758002539933,-1.7580249099627971,0.8342714078627432,0.6172550158503407,0.6787493969294562,-0.040996882057272865
-2.4787212695861327,1.0257074215154829,-0.9447709864423083,2.2555891139211366,-1.3169021815801116,0.125245882787005,-0.30573992589734955,-3.162344997042069,-0.8863481037747039,-1.0255005279212168,-1.2428306828108382,-0.8637028230691837
-0.31532327735105664,-1.4422615233660174,-2.426962010264883,-1.5436928030345114,-1.0372691703737478,0.4355702831104766,-1.6122102023814586,0.5291660208017717,-0.7110408845819735,-0.24795866438774627,-0.47971174126135724,-0.8413411206687709
-0.8431096826004302,-0.5145485717195083,0.3965709172657568,0.051667980474985775,-0.4321041291213566,-1.2115091269660796,-1.0400826719780663,-1.3010990154813051,-1.7330696097024656,1.9053191629539445,-2.0982452349034784,-1.8605501573203291
-0.7998317832241401,-0.9671868023269147,0.4826679601597039,-0.6723093491636225,0.5829738410524421,0.10684327145491246,-0.61952313950912,-2.7297258208745463,-0.7096753556106339,-0.35651871241050004,-0.6303207890414059,-0.625258606663108
-0.18010462385015039,-1.8256466826151996,-1.6070237925004758,-0.7121789091285774,-1.6615711958436934,0.6126151286180508,-1.8150421566316284,-1.4910594838288187,0.7439800398476615,-2.224690387568594,0.10556103433661468,0.38145138185304894
-0.42893269949967194,0.8245655992867157,0.4284597621939166,-0.12867727492501435,0.9188043485428093,-0.20235087161085186,1.0494976854994411,0.7137662604644982,0.7494723164557014,1.031865741651633,2.5324890331136354,1.6956223513604023
-1.3632820997175135,0.30833283537941364,-0.6766898739591661,0.4830996246965031,0.2606979964508057,-0.5020502622783745,0.13926837369800948,1.6594577249839233,-0.7349597104755077,-0.19435953976509693,-0.9454468602131866,-1.4209585142320107
0.42945584212562227,-1.2341296768566776,1.0121376558752218,0.7903443931217464,1.8191681718128299,0.6814580496594096,-0.7972333373256117,0.23576377743659838,0.63634497446115,1.1900841712065802,-0.0016002690210520226,-0.4380692307639502
-0.6795821750135326,-0.10346282680522274,-1.0099658002800131,0.7520459299558673,-0.9277231511659182,-0.8003114717531405,-0.42582269706238485,0.13524217533898286,0.9348386487204945,-1.1522665996421328,-1.7784828598861675,-1.0819289173337603
0.12041398804711026,1.264773195943722,-0.7283741679600926,0.425073987107565,-1.1594968543149087,-1.625203212112632,-0.48347883780451695,0.6812877426615557,0.499810446272958,2.0282238738961103,0.13695005789984138,0.590153773039781
-0.6775799809281732,0.5685652564144225,1.2444973624988556,-0.4411409863805582,0.6224948963561361,1.4528151011649246,0.3679256042873929,-1.7876275197563287,2.646676823385434,1.737447746005066,1.3162236915362282,1.4413482969360865
0.36976199901266776,-0.4637288414694977,-0.7322277832187382,1.0982369286319125,0.8047241686734935,0.4270556284762867,1.4029462191174904,1.6892189545039102,1.0673615417688298,0.041646600648920895,2.413621343905393,1.1386050538167225
-1.4903514467772252,-0.4012991321803741,0.8720061403203004,-0.9937009440569098,0.36665238621870466,-0.89173390229708,1.4603849512317455,0.27124502758049696,0.3582730418422408,1.5948609511091028,1.679210394479394,1.755187703548488
0.11695899376905983,0.38136299724476347,0.4155705950707248,1.5339075075443815,-0.6501915805273593,0.14379931169712848,-1.3302561378585296,1.2116755317553731,1.2289471223060096,2.192354007263037,0.4476730619892824,1.1501990583088717
-0.9860891082932497,-1.511482555339056,1.4425366668910584,-0.41217149365697714,1.491724708655328,-0.31857044558399783,0.8193927470151607,-0.16224870986642892,-0.2364510327957886,-0.06788857691034925,-0.821204149791426,-1.4051634298271287
0.24340504908085378,-1.5194990654927971,-0.5119263994392529,-0.9240680655522151,0.2877511181908027,-2.3248024444174273,1.3863049367074078,-1.228885600149437,-1.7042229860509857,-0.6817987866430617,-1.2269994834115039,-1.2140985749571045
-0.803469141828701,-1.591458099694279,0.5068156331490217,-0.7458928417706729,1.7595600561303257,0.02744818723722786,0.8254607099467769,-0.4930774081846303,-0.9456445821588326,-0.6085517607922457,-1.659614667056613,-1.5738417826578157
-0.6889190331948419,-1.613411902659949,-0.8690865543118762,-0.4265701647516402,0.02742563143690202,-2.947150232339177,0.8082372711004572,0.7350980062430728,-3.4788482528810354,-1.506632183543691,-1.560745005558493,-1.4812419269390458
-1.6338929501316402,-2.8653227864553283,-0.26919941835519984,0.0048548129154844175,-0.17538482269591357,-0.6969384719337002,1.4415551044414336,0.026903306820869076,-1.1217435608332662,0.22014342281637056,2.699155591497737,2.0797123321353412
-0.9247842740639929,0.5072116415791412,-0.39832813918466414,0.5508440643980572,-2.422873495539178,-1.1155456967600843,0.8608072038985936,0.3042815623777446,-1.4999929036322894,-0.3322302037736645,-0.9583427956428545,-1.2022297199296321
-0.025847569092847664,-0.260666551764486,-0.6381310753292991,1.1519960620378158,-0.8881625717795458,-1.8331461801741082,-2.0640233396805847,0.2052751949712074,-0.6803426095148382,-0.2644116291882456,-2.454181548775246,-2.509296939069966
2.5166761308069554,-0.46925533509746875,-0.42808201281331965,-0.25588784655112096,2.277871985893912,1.461550917989551,-0.6137002576426552,-1.5605622775924293,-0.09204734856664709,-2.562958519044467,-2.247188945258525,-2.206425684658732
-0.5617987804839035,-0.9029064756609388,-0.02541231775694909,-1.7070714778973417,0.8615259062847548,0.8169494726389522,1.0143757417896626,4.113137325516408,1.8741579053478783,0.12351852683131226,1.2871576569602268,-0.11474135877991298
-1.2327168454133752,-0.25516674898084507,-0.2554275361698219,2.292434310757798,0.5599463186204909,0.0951023638191621,0.6338739135358052,-0.5668039129753939,0.4408622751252562,-0.30894107784568736,-1.1212090418801735,-1.4239542945973387
-0.5685760699302674,0.12142610482734999,-0.9992847367995698,-1.9054336615204306,-0.2060057790597959,0.39940734173638337,0.4960499020895184,0.25266316274289163,-0.3485773248177079,-1.0596161092262997,0.1624940102491148,0.816964424205546
-0.8883650408500375,-0.7052907240141295,0.5203179711789533,-2.397866466986678,-0.23506992264554494,-0.977657722342411,-0.6293080286784929,1.2269294538407585,-0.8215125835822237,-0.8194607039278303,-1.242412092053537,-0.8702673114885728
-0.3621986245896774,0.12742226652417643,-0.19567782251664306,-0.3923857248232773,-0.38097014464853407,-2.0855823513573526,0.13936995411094033,-0.8442507678572413,0.017268351465655973,-1.5622559399219018,-0.6174614122282236,-0.17908255380996008
-0.16409145434864483,-0.24178849080799866,0.5027563797303498,-0.8694165813899866,-0.17393442016987148,0.43865128316687996,0.34744585228741387,1.0116303963803643,-0.33827897082016856,1.668047000958646,1.3020253221797284,1.5191421540774195
0.6123098272679972,0.6282470644580006,0.0179308092029921,1.3550063306300597,-0.6220593634364777,1.9401468803593362,1.0696159237498848,0.06862595376682934,2.13467363905541,0.5658089619016468,2.184718803499655,1.4587781769794423
-0.4625333845678086,-1.1500775687055123,0.6330754578373591,-1.1305918307726808,-2.098682514661661,0.46583713971185164,-1.6389543605992818,-3.47850551809286,1.2531059308039445,0.5067543030619563,0.6801036363096357,0.5253734096960581
-0.07901681246482434,2.0291905093189233,-0.9524307789538019,-1.7686429111467663,0.50242074417841,1.036154208851093,1.5666924192745753,-1.0117102632568316,-0.22232332756042283,0.7014186722813452,-0.11779134905011152,-0.9343459590905638
0.1710184422785143,1.2973773892580376,0.13246735879325722,1.4779935092040097,-0.30396708824887797,-1.239683593944953,-0.8422112895235914,-1.0995887057445901,-1.7257947229198465,1.105741814729266,-0.7649042579645187,-0.9155766011135347
0.2322216444071807,1.5128007101737813,1.4346682029854207,0.01976371065443361,1.7541115643921295,-1.0410322250092374,1.62579604112666,-0.5758442460042337,-0.6525135621677358,2.8730710921396883,-1.3741175701230683,-0.5047218887612716
-1.5543659960886915,-0.3817590821274846,-0.2880119530578315,-0.5684223638345683,-1.0822340151274956,-1.4829646025397758,-1.1506939062243797,-2.2109682643524176,-2.9279377730619673,-1.7381289752152165,-2.711664849946388,-2.282347417363362
0.652667960874452,-1.1815549515187949,1.124887581897008,0.8327404755430715,2.309787609281112,-3.1358702591110013,0.03045320271554028,2.3317515620529528,-0.18267985526457386,-0.8938393333677788,-2.591623484692235,-2.7661195200369013
-0.9739543975789279,1.3504370221202944,0.10078705647615702,-1.9345851376429504,-0.08675162889381266,1.543480164414623,0.047240886581342484,0.9366231594882927,0.6769991335693235,0.5009695765088003,2.3080302300218825,1.3594278099704096
-0.19222844992130067,-0.6022569000351482,0.3297344824196791,0.8105926998898374,-0.6759977003759345,0.1328363962185572,-0.7262500474660396,0.4663709393844321,-0.06163144345477678,-0.3050314446160393,-2.0573118897935934,-2.4036364982925575
1.8307110555395325,0.21343162336865076,0.742980461467142,-1.359988767324523,2.5897511139689002,0.8393453418865883,0.39293426980277624,-1.1421057835424273,0.4486313344626026,2.1486013735721796,-0.28886854051018745,0.12920629770306402
0.7952106254507642,-0.1765317294076347,0.160112974698765,1.4282432010356954,-1.1025942534292705,-1.62932271766614,-1.1961764966391835,0.1668749044361063,-2.6609395428846323,-2.1918386425143335,-0.9849972142520393,-0.6381994762360295
-1.3274603775026204,-0.5754600961455946,-0.07160354489748602,-0.41870743344695116,0.5467928413523246,0.5665946712830624,0.3040160711605518,-0.48018515625893526,-0.1314617223606413,-0.32585546586180414,0.10094117223462437,-0.16458616778331936
-0.14876479472754223,0.46181084867790834,0.44799476961240087,-0.04243295120933668,-0.17367595867297886,0.5204001791262166,0.4256928131983795,1.0924293779280512,1.2452443038264236,-1.0887765650804622,1.6731952789602997,2.34436522224341
-1.6777200241977628,-0.4183660862740657,-1.5798127854151902,-0.5758177732361506,-2.372912258461557,-1.4015371180491147,-1.0424593408270952,-3.5835570184816414,-1.2040212993806036,-2.159548311851159,-0.41682765687379275,-0.037283636804234965
1.237309170724248,-0.21284034824000755,-0.07319739546718897,1.572868266544683,-0.168759658514486,-0.0772461129107972,-0.8013108711297421,0.3860373540444735,0.3436528520258725,2.8293460076507846,-0.4360709226918529,0.3526984100779104
0.09804164413331681,-0.5660946051037798,-0.7696427571657803,0.6140044297337138,-1.6273860493764092,-1.435665385922536,0.5417247622727578,2.151544049238437,-0.6624010591215653,-0.9268071476195229,-0.5508862469067555,-0.10817602149377824
1.1537771737380857,-1.2164117082895702,-0.5000103246363884,0.9264574885388337,-0.3793463918618597,0.16230918795436977,-1.5754778286736988,0.08220889084245986,1.0254231596886971,-3.4660248856220184,-0.3417241137967186,-0.9664604748296812
1.2730294232517192,0.7002733135896905,0.1583786204818896,0.7244320816371785,0.11948688462662888,0.8751360277098347,1.2923565985359418,-0.12633700908592216,-0.6770145471191756,-0.0485722322392822,-0.23108738551693087,-0.9614053767578763
1.2198960795876876,0.3553933026115633,0.5767204563397135,-1.1249294164931452,0.23459149495617376,1.2730698754363161,1.922300945736802,1.1284155488227912,2.1466906426496126,1.4706331282495149,2.386930505864477,2.292813234155549
1.693987155116591,1.0337099233785576,-0.12306791481005847,-1.1895925263342633,0.6398233509558042,-0.8097012327287277,2.264712830100998,-1.2203263465769645,0.4362371285559097,1.089320771939415,0.5067605237299792,0.12144125512910087
-1.4621710476132423,-0.0504643934439456,-0.027337073989274947,0.1428834536368705,0.969910568902321,-0.17638684551870487,0.19024010055089935,1.6913910083097885,-0.8077752449067948,0.5657110307429066,-0.12004701776356286,-1.0833661526611267
0.9138420058699496,-0.4395983820428468,1.2614469634470828,-1.3334840001105612,-1.4519975166223542,-0.3360750966062611,-0.5814153128934428,0.43502834978947436,2.1966795608708307,0.4133186146447185,1.4565695116307809,0.7384890054983634
0.21359814332056373,-2.2705728501217437,-0.03618923259666694,1.572376239677527,0.2693935603194763,2.6717827836950034,1.3146412554089477,0.131077244390687,4.406475913461735,-0.5097974928494076,2.6010017046694545,2.6119799555343945
0.561174084816415,-1.3798357742873315,-0.7272762516977952,-1.00957908487368,-0.8184804138716214,-1.0057339510358116,0.4527588043870786,-1.2138991390460672,-0.7945432745703667,-1.7784605901579051,-1.2634077711307363,-0.6289345402908566
-0.0623194621657608,-1.590540484329429,-1.6682092344752895,-1.5594671983280755,-1.1014245014028168,-0.7382860981959912,1.391101121533475,-2.1421193798575917,-2.3949016853334637,-0.3615639952695189,-0.6830684667373242,-0.9226942204084357
-0.14335364676071663,-2.280755485171656,0.6322580230480657,0.702519270310157,-0.21736729600465365,-1.5720870696108116,-0.36514478233005526,0.866569601009895,-0.29631915938121345,-1.5023068231694643,-0.5796152097934526,0.2639514318166659
0.9460860180308399,-0.004027178839007034,0.6475921667873163,1.113870862748865,1.9065935324693992,-0.13140466960067576,0.9767037875174103,1.6842830305061876,0.715666771667955,0.8634987066246065,2.950315197488905,1.931426527847627
-0.26019990280425676,-0.0034104586932923314,-0.5925992174342475,-0.9572271890100673,0.3239149048278278,-2.073887684163678,0.062226734348781176,-1.154637407206975,-1.3195601620965578,-0.8366998041572584,-1.597433948387459,-1.4766338473168523
-0.9141131531061373,0.15054752323922324,-0.10299933463204233,-1.0578342071095594,0.9610811416175373,0.5686914222903924,1.1806929924677276,-0.012929661120830382,1.3509911856183212,-1.492537614437921,1.0160929439231186,1.7210693986384655
-0.14226379802780523,-0.4013285811099988,-1.4282021395955427,-0.9987171080268735,-0.6474400877392573,-1.2537246582342423,-2.0161545533981995,0.7825312125336144,-1.6002791705454078,-1.6614036865153685,-2.680325995341369,-1.875790464656647
-0.5402416769393874,-0.16890764472355102,-1.1468182040753252,-0.8532336824214847,0.34171627694734874,0.7259502403054495,0.4774480984790713,0.5381257415178305,0.7375179236276285,-0.1839575996058167,-0.816695519013348,-1.4307666728431312
-0.11114120270408903,-0.972490067796502,0.24369723505594987,1.2490282401258719,-0.7095122546995585,0.854166418054497,0.5061018406014818,0.7944658371779711,1.7372439610615538,0.27641425328027047,0.7706243270521731,-0.42045006711389843
1.2220235177609877,-1.3876806736234528,0.2724925720321441,0.3657454658121865,0.887124473728444,0.7527475446503178,2.3790373446642312,1.908308747617267,-1.365661686062459,-0.2259642291785403,4.556520288252845,3.8202612052974794
-0.04302413716712503,-0.14528029902493544,-1.0171986715694215,0.35022476988986334,-1.660868870147752,-0.994887609806373,-2.0497543374175518,0.4914996253611823,-0.09825476484142492,-0.5698251683080483,0.03799965990183218,0.06320936739003602
-0.12032680089732048,-1.698169795397099,-0.1448071091842496,1.3808995127267274,0.04231272518801307,0.8387410063877342,-0.7626498599718946,0.8037815337394525,2.534885963042303,0.650610486656561,0.9855131807865952,-0.017415970979831136
-2.4328442130857244,-0.45157074363585353,-0.45444471044982954,0.5287917046013036,-1.6155879766324426,-1.1285764215526213,-1.7796295415544017,0.2406702650366429,-0.7331872934837921,-1.4606697006285896,-1.949250481847928,-1.264975828165941
1.1723541512288034,-0.28751431526267324,-0.9586585297255207,1.5494501999915156,-0.5624443701239564,-2.2625760709100464,-2.037867096873601,-0.3365383466923615,-2.7346880753122162,-0.9658381884866203,-1.9093681468167023,-1.824737070759778
-0.6472018816256628,1.213508972828089,-0.7181878972641452,-1.2868093468345023,-3.1800061106947095,-1.7735090727925533,1.5916337200886677,-0.30506270781206013,-1.1978040031494266,-0.41952413882133804,-0.30298549344725695,-0.3385397003434332
-0.5388449606497018,0.6034810788844944,-2.2557443399178383,0.062371254102015605,1.7523079334471428,-1.2155926118913705,-0.7600306646247607,0.8826041132617843,-1.2308318396675877,0.011361234416370714,-0.22318621601544963,-0.4450122416384802
0.4440713871514906,0.19907727550731755,-1.028404400787393,1.765427741051321,-0.5931900320253516,-1.883831801352522,-0.5214411030075043,-1.3303834766850706,-0.7830007129276185,-0.7278413726850184,-3.3729204982387304,-3.3039785935019266
-2.328525501707218,0.06300562315617626,-0.12050597672954862,3.141251952221434,1.8748195277232271,-3.2880196988014903,-0.13459641899837282,-0.9923973079199747,-0.9259135307334705,-0.23131329122321345,-0.3413898887981279,0.020925052306784764
-0.654500968084221,-1.1247698757708842,0.12871592133641757,-0.21619945312260125,-1.0417605972946757,-0.00048118717613415685,-1.871874766641938,0.4183020852086187,1.6634297732177754,0.2078328949856506,1.0918735142372709,0.4227764845194104
-0.4803615254553183,0.3406120824172052,-0.08730002408731694,1.0082798747360782,0.8220876932413818,0.7947411707671352,0.787360329009875,2.554492490017009,0.7242362730182443,0.1718789176193072,0.23541734266337622,-1.1444283762009981
-0.5591939490344856,2.0149139752625804,2.0406856640974023,-0.8684198332350389,0.8819959003023021,1.4205413129394788,-0.8970312568262045,0.45097565409739415,-0.8004565530793677,2.3903759770331368,0.3018970873291941,0.41010127858998574
1.3837016608261297,0.9728180552315752,-0.6698679811344489,1.3667879548602895,0.004252802519671528,-0.19980837478721497,-0.11994772348318368,0.991733535326998,0.6458673114801705,-0.4000826277356274,1.3516983894529937,1.0864815855520102
0.666603555955154,-0.19352840727746656,0.4398253230099709,0.7376068286006962,-0.5391919905109437,-0.37764641391323495,-0.5082414375741547,1.856181873205324,0.5047414839682873,-1.5474697663499732,0.7200870167990031,1.917194272681207
-0.45703251229469904,0.3070504880948852,0.25228118089882684,-0.7431463428817089,-0.5568744147198726,0.6546927966139895,-0.7006364880868401,-1.0819516346031814,-0.344994337051141,1.3825673809381986,0.17991980820596654,0.06251784534303484
-2.0377046387080893,1.0419662000143033,1.7661056899893255,-0.29988903417662216,-0.04661288108965311,-1.1636121184697021,0.6787095039661623,0.15946032174100688,-0.7092063854041395,-0.5991597888290416,0.6011880662233801,0.6669132695619072
-0.017610737941662496,-0.7990106149687864,-1.349108972374273,2.0005615094870435,0.05899174470022772,-0.15946938313349157,-1.6828309985206336,-1.5965640010377693,-1.6025009205232545,-0.8485227193503093,-0.9908089634126207,-0.9347244985064618
0.6289073886692804,-0.14464966197295126,0.3597610234497148,0.6997936773747369,0.14280385521608055,-0.23966498464355462,2.0900372388817887,1.3847385008236182,0.8806519629253616,0.19069601184689416,1.9347958345554677,0.9241507440701654
-0.43693969741077576,1.0476325673769868,0.09954719499937162,-1.0957870791322746,2.4729443241776563,0.9481552429254858,-0.7685617186918035,-1.295183120488198,1.549895759566942,1.4051826111441637,0.481552947606406,0.37474074216288544
-0.19454913499845586,0.8776366026349346,-0.47912141680694437,-2.8271295848707174,-1.2134246612961008,-0.4344966079222476,-1.3148422569952485,-0.7885805545430161,-0.36208451325661467,-0.7275840383995344,-0.783786633231438,-0.6695837900404944
1.3167310015533833,-0.1761706988528615,0.2625803490178147,0.935709645654033,-2.1742424176059596,0.003136457544854976,-0.7559994134112985,2.1498223556925398,-1.3273219528848783,-0.19370808489907856,-1.436421204950298,-2.059963096658914
0.13343517057534468,-0.5086798733682298,-0.11877816350382588,0.3419844273907863,0.05490821019877702,2.7560771465874265,-0.11595400344846599,-0.20339127177101934,4.582965289715114,0.7463804041875038,1.2582571829344689,1.2596520631829868
-1.4251953026807167,0.9608843198143333,1.2412238014417984,0.1449150688897009,0.866359536260432,-0.04261009543817185,-1.3418298496148902,0.3608250894935665,-1.5816738282531384,3.9711452070738202,-2.225034129781554,-2.608053761845702
1.34044304537989,-1.6416732803039005,-0.36755023409818083,0.27158909146156407,-2.350265263906232,-0.4746363856165077,-0.8005751777135748,1.8831953337350886,-0.45427464872093626,-1.7517392820406794,-2.147961893944373,-0.9872668313085414
0.4721558514516209,-0.41260505155623456,0.8854256767887322,0.32534000374751093,2.6810978687891884,0.9493517652014984,-0.3607045755705768,0.29321517667283536,0.5849249929724751,0.5975639664886518,3.271166949437122,2.344387142727232
1.276487525059508,-1.4640641148941025,-0.6949023162835455,1.2932086589531404,-1.9318516029675503,-0.6032683084932865,-0.7559032857848977,1.0402013442789784,0.10622478880650857,-0.2284609463606997,0.2828257448614804,-0.08269560425691791
-0.6214093262038626,-1.0979426767817952,-0.8155721201303223,-0.14535614373643646,-0.14157508389197504,-0.041084872783736154,0.5589664309821192,-0.4662617095349932,-2.708544617346722,-0.10574084067954437,-2.2816349498785415,-2.797751184123757
-2.021114024171515,0.7093476578934155,0.21781749621706378,1.7010271257342957,-0.6180408438370693,-0.8492049670014095,0.05952672493653888,1.464454141017054,0.7401049549715664,0.05062369061916816,2.153100761824901,1.697987453012011
-0.2265423846589373,1.7590039106839568,-0.05317534901965354,-1.2458476826636533,1.0173198055723445,0.9811152433406742,2.291993073772788,-0.25247920318792694,0.4910226876469106,0.6507378424921981,1.2289032197194216,0.12321756812063268
0.3804659140006559,0.8109128025205905,1.4208346380510049,1.029369112651409,-0.8621255781058526,0.5480725435420577,-0.029270947602956232,2.10044607564458,0.9419707003977933,0.9699449613527186,2.2069865556477404,1.0929312222142924
-0.6933545598519858,0.03268872536995352,1.8827285361892916,-1.155703641806926,2.465289804602672,2.1280879606876195,-0.8898277775638308,-1.4692807794638003,-0.7357863508489073,1.6197500443248174,-1.0086818571442007,-1.012560163049119
1.1787158205559711,-0.8558619725292974,-1.3005676620978792,1.730237630357697,-0.7956268432445411,-2.734063150029214,-0.7909925435220749,-1.1387798507750417,-1.624750305709829,-1.0591964332738746,-2.075608353533969,-2.1337173888622996
2.214453359290544,0.6401724535458881,1.6601485304470858,-0.1342657974609942,0.6232342211796265,1.6257181820634137,0.22961306755948463,-0.032346866360540655,1.5894377235698085,0.541745297824384,1.5363101755150481,0.7815739860396128
-0.7464364448185727,1.1373380330817764,1.015938609702782,-0.18276774940771134,0.23327762004788577,-0.4011569899622497,-2.9650789379942784,0.2517617812850571,0.02269348810799754,1.583381817224268,-0.5822254423062231,-0.5490235500029472
1.5907247425003945,-0.5800573094615677,0.8290124160166242,-1.2550427523046477,0.5343872058681122,0.32261035495982965,0.4730407818022354,-1.8920482395697285,2.280040532308629,-0.20072869668455856,1.6488031980727857,1.4277384786290583
-0.15495005615103452,-0.7627074326718812,-0.04202401921290364,1.1777636997213268,0.5097634177455547,-0.3421018537268618,-0.5888006682246706,0.8199570349382612,-2.1923324973241805,1.9386683072352835,0.6718321348763984,1.2892570573732636
-1.3984988330859909,0.6830653836416267,0.5294446602244421,-0.1888347559115795,-0.06705862869874868,-0.6579173513885868,-1.6169143040658882,-1.2620492677910233,-1.452367535601332,1.8818352121595103,-0.026513745294565405,0.10855986494505632
-0.31871831846386567,-1.5714809672320011,0.2640755457530451,-0.13211271006000236,-0.03476864335193214,-1.3241741783695908,0.43437753189098127,-0.08763042545909375,-1.3579929045052488,-0.14622944178124475,0.1847507538708656,-0.0323602666831071
-1.672544925423958,-0.15714533498187835,0.634609060592768,0.08209624880105881,1.1840178242692299,-0.7235215786839844,0.2137187371817576,-0.31083076955299144,-1.5070225476951697,-0.41359065778850257,-1.4574015550160793,-1.6013565579284805
-0.9325595635180313,-0.15044629220802924,-0.3678304098196017,-1.4803452518092937,-0.06583435427277357,1.4605422649101485,0.2898441411048599,0.5822400492269362,1.7757605040823665,0.010683097159686517,2.0791856585873036,1.3831307998813613
-0.25970370912773966,-0.6349186538271165,-0.14751875345742357,-0.29769923989390057,-1.29160752752171,-1.0412335584912058,-1.6066262480738782,0.07332245476061461,-2.183704202688435,-0.34114970760133195,-2.928182574485785,-3.0890987701680848
-1.4053862876644474,0.5084504514048627,2.3325307220631415,0.537222303570974,0.5860851351155038,1.2008590157133916,0.5652587879511491,1.4484076777223978,1.1290868740786686,0.2253969539425662,3.7638213656934187,2.6346418692285285
-0.06497133019358417,0.33912501865802963,-0.6829768556553403,-2.6783045578187714,0.5064335401065818,-0.48372321819806885,1.4835143574562055,0.4282964205361467,0.8755221850814334,-1.5444158460032071,1.4024555681810589,2.707935636141381
0.36999270200391676,-0.8859529506997816,-0.2151466483950104,0.40832821654445817,0.15577865622220624,-0.3165407826509148,1.6596042624810683,0.03151489854137879,1.3961994784621166,-1.4841457365372224,3.3892363224727458,4.5363477928712825
0.42431547694759314,-0.987775550169624,1.6279404322369333,-0.4786374818259602,0.946805226886856,1.952142485378931,-0.5981220261119231,-2.4849622931741635,1.1184697145327216,1.0936102818844684,0.45159577473157625,0.22320871424828076
-0.5335611021011126,-1.4376548384190466,-1.6355097850400904,0.10364303233617966,-0.30902949927220924,-0.4918395518192129,-0.8737148755867697,0.8368194890746551,-0.4657202069893021,-1.4223459942893,0.02582781328279299,1.0120509345685442
0.10910712024538721,-0.24953543644772655,-0.23234686235761218,-0.028511997086248908,-0.5270831431669167,-0.14192568513762086,-2.287344004056321,-0.6087280295924048,-0.687703053488202,0.08730577365383368,-1.641421928035073,-1.9817209386888637
-0.17474761568614067,1.5366976184737433,-0.339453300662096,-0.13425695862624618,-1.0138419356021344,0.06279824179585436,0.5018709280175025,-0.8839372131258664,0.07412451968172096,0.40506701397533484,-1.6182750861948252,-2.3145135387678004
-0.10649414061433973,0.8390505148717233,-0.7934912934653675,-0.6432681652969628,-0.796414510683773,1.35772890037037,-1.4222464066781644,-0.46628728152178206,-0.5789924102227506,0.5579578100090783,-0.6385583859737352,-1.1085584897791363
1.2283679498250064,0.8858215912584376,0.6474575419418248,-1.0312255372984849,2.8149279631439463,-0.22127898708303534,-1.0152608673069372,0.690857650437266,1.1250809634734042,2.6113119578030743,0.34206910764031,1.2486776461031792
0.4884611163374381,-0.9773579103846838,0.11020120184228839,2.8472759123252995,1.311869454639886,-0.23427609622618722,0.5848621361390003,-0.4432686580984766,-0.21180244208535626,0.10176405302339908,-1.074278219439093,-1.6986896342095832
-2.072497164388494,-0.019556399936919287,-0.7976475694661235,1.0166737802852992,0.4490475527015113,-1.6400680810017543,1.0577045973940888,-0.3522035125331049,0.7299554287213719,-0.6520803967463512,1.0884260050920096,1.1603998987813982
-1.5031410589970573,-0.34460611533295354,0.3095987879249738,-1.2617127764681282,2.656226129957286,0.24344341934122748,-0.3035078963222958,-0.3623083908018697,0.18117935160264526,-0.5801596072027142,-0.27952382176931695,-0.24244225850594486
0.5329231472769439,-0.32297716364696266,-1.0545083644945428,0.18879685725518314,-0.12266381750470545,-0.3961066285208209,0.9176549831882794,-0.6203151902057034,0.7544397385650694,-1.3590651249617054,0.6792645927644787,1.4961110552234862
0.012336068271154637,1.2568041538182024,0.08903364691818909,0.4343452232385738,-0.9664570911285282,-1.7724888942762795,-2.117654585819301,0.7811742835086806,-0.23189884988142873,-0.5216604923303404,-1.1798020642014861,-1.1921896125696934
1.4116936054963636,-0.23186918796819042,0.5680631107573658,-0.7996015519535398,2.699876693528763,0.39263423850958623,0.11470306908445127,-1.8299223277731256,1.4994461664978176,0.006397562109089372,-0.052938291840240764,-0.3907613760668082
0.6738533364329216,1.538669454854157,-0.4765748157046626,0.5443617744074405,-0.6183224762363324,1.8335280157802896,-1.8905608759179549,1.5706831857068635,0.9545231474041209,0.873038304929606,-0.056186000574120376,-0.5191785282180057
-0.7781463677147615,1.251113169459344,1.088860121419341,-1.0076632478667222,2.1719843363299,-1.2920732248097826,0.8142325781056623,-0.90262226249781,-1.508135356560352,2.575706166870482,-3.356191568205071,-2.60725238853548
-0.7437617172604348,-0.1895024405213347,-1.2417507511574717,-2.2598847403823115,-0.21935123667803924,-1.0918965349889511,-2.18752315072221,1.429719215504147,-3.1126002972288833,-1.2177699643680018,-1.5808685199122419,-0.8289873611360777
-1.5403908665965542,-0.5672858943144811,1.6887245782272498,-1.2832239056858397,-1.6559396277938179,0.8036473845995469,-0.3836112237853987,0.6072302362417442,0.7894713204720955,1.887079510568062,-0.03487501603614196,0.320008898063753
1.5721832333385009,-0.42771789695001317,-0.7468856147668436,-0.7331457629074805,-0.9597458715071985,1.2840652795057441,0.11809512004707645,-1.1083961320856968,0.7406631856968573,-1.8487181220350721,-2.0609247182818846,-1.868360367105271
0.5720432261381219,-0.38373806408565114,-0.1513805960069839,0.43215018837745056,-0.7756882361437876,-1.5273061634488028,-0.2983149106471815,2.1614153579808257,-2.08872704775653,-2.2158760545802343,-2.02330534702238,-1.6406705914103326
-0.1697475178464437,-1.1943268608591073,-0.5689902081708876,-0.01617043547952779,-0.22199581607572877,0.22069282131567663,0.7508118945016491,-0.9584630253864005,-1.8179150244694846,-0.22122327050566148,-0.45526734085989123,-0.8111249089430034
-1.2013773697801646,2.2601694904548677,-1.4447786066152755,-0.8070800510787962,-0.32867580818902653,0.0932701423942065,-1.3732675628882272,-0.6321013309623099,0.14570898312390568,0.49288355548757967,-2.6321101321741174,-3.0806769679382198
1.995774309222662,1.082007833038775,-0.5640117693181678,-1.3322377656839142,-0.8166536525569619,-1.1296367607078923,-1.908248491380562,0.0678214341853337,-0.6531279648606793,-0.36944376558077185,-1.0706593553609616,-1.2085094474057354
-0.3379600876241532,-0.44288688520888797,-0.6786791026877449,-1.1170850759082356,-0.22264173943048238,-1.5709732408265398,0.9761986285623172,-0.18725145478375427,-0.8046778159490009,-0.3975414967601481,-1.7514374580483358,-1.8328096365936486
0.6583609955277693,1.5558500722480166,-1.7741025940250024,-0.09404229371009787,-0.3920625334760527,-0.9824286330513039,-0.20483442052484763,-0.4756337998812297,-1.0162772268259883,-0.9065819900127207,-0.20866320370647085,0.13098409227789254
-0.4864562104123575,0.8936032373850882,-1.3220322211358768,0.0878468202778877,-0.18175975702421887,1.951906432042112,-1.803082194337604,0.8287143728510653,0.12168356002571268,0.6753901635949435,-0.4513310534530276,-1.0093052190933638
-0.789038445641954,2.132951535806944,1.2345171333000649,-2.570732243975101,1.458644230651691,-0.2881002202923334,-0.6132256646580231,1.9969754060825455,-0.36329165195176805,1.5347649960831276,1.4372602312304243,1.4128490062547394
1.2863792467353667,0.5451085698742495,0.24030674770641242,-0.7836987611846598,1.5866461588159464,-0.6754819438681267,2.2032134907454797,0.9619289282338236,0.740600258136769,0.22312648484721537,1.0806772808888834,0.394456017681587
0.06668871019518109,-0.008121039655029026,-1.2595417713730694,0.5374393615421251,-0.5942661083777347,0.25263557895280453,0.9479214242450582,-0.12337221090644468,1.5312376545963333,-2.1236474565266836,2.1911304804277547,2.84127257956591
-1.8591051106791578,0.4539093335571392,-0.15844035734887985,-0.17403563475145079,-1.0331203422936166,0.6682172210913223,-0.3147260827972873,1.6633122750213627,0.8231896388541617,-1.7195754779514367,1.007647616906319,1.5311871821626692
-0.8341047637788439,-0.202477070222182,0.6133691773224194,-0.9745730756959943,0.6997528985932517,0.07083980023453773,2.388490020179114,-0.5662062968653336,0.03968219633474847,1.1329615315908268,0.1223728252880881,-0.510471150610516
-1.0619142110771573,0.7604975156159062,0.8862881137196794,-0.4149245543745799,0.5610890928555143,0.9393490349892437,-1.0301240234619637,-0.35740653385585114,-0.8844586248803243,0.5069026132458706,-1.8840797422770041,-2.4799942547800122
0.4729639044281046,1.171818758368231,1.6597574040426488,-0.08419698872687698,2.1845352772554634,-1.9079513010055589,0.6136894202799767,-0.4561309317186864,-1.0142394343518317,3.4875438051325274,-0.7025681407878535,-0.6297004790701506
-1.7737149095663949,0.08271203984115358,-1.799206376313175,0.8701558862332578,-0.8208891846532251,1.684318352777157,-0.37019792575397914,-0.2640491881310031,1.7088498420341112,-3.0864943210819606,0.4444589275072408,0.1677488024594304
-1.0980867556674463,-0.4041474212534722,-1.5152985458262171,-0.15080627244058764,-1.0311450360353849,0.5510294624513582,-0.8325556899466777,1.810553032026961,-0.8547557961871896,-0.06948066712019507,-1.9776930544170748,-2.828927195853855
0.7143510478414258,0.4133414280556565,2.5508427651113146,0.6843062030386977,1.6162057760800297,0.42362534055663403,-0.18650525081323854,-0.8046087522321277,-0.5016859952294318,1.4145197130009062,-0.5000355782151994,-0.6240809486692371
0.2419973335191648,0.7614312062764979,-2.7486552975908185,1.3522487390224944,-0.07298161410196696,0.01336081738773931,1.687010387826258,2.495105145510303,-0.1158468720820427,0.8956025823405915,0.39877775116544506,-0.7715478949650747
1.0621765632268902,-0.09845154333770233,0.7704700438836697,1.752280340525548,0.5106191112842924,-0.8475894878937453,-0.9450892359937672,-0.5734745502066264,0.30551261656780127,2.0068869877792297,-0.8168287256070464,-0.4722449477077103
0.8581388093656209,-1.4769876424505237,0.9597993018414805,2.709546044909742,-0.08625520657215868,1.0454973523463817,0.528661393313764,-1.9839559895011925,-0.4666452810347069,0.4894301380145992,-2.1484892968683127,-2.7471451482310743
0.8888081729105745,-1.1405137537227863,0.45879676799536484,-0.12037610707912594,1.6239000976851856,1.085045499565461,0.39232364561757854,0.8376811215467537,2.8245948360630195,0.019716986318339014,2.703741840393693,1.8301867715150975
-0.6239118293517847,-0.7374830127943778,-2.185577278102124,1.9556136130094417,-0.9881440723317345,-1.3299130483472195,-2.433995538984704,-0.13364716664930987,-3.0220006253945244,-1.9875349933700817,-2.7053130703835544,-2.2512362975510314
-1.9089116149648317,0.6326938217868753,-0.21760894317538912,-0.4675682131541993,-0.13220559101461649,0.1904125441410072,0.46329608787903465,-0.8239005006983581,-0.36803945255063386,0.046032595302409385,-1.5835857667802526,-2.155767241161786
-1.1228320567664762,-1.2650912921800461,-0.5941152385346176,-1.1805701778502513,-0.25447464761509947,-1.3873741482450126,-0.7933889487488621,-0.9144071364325852,-0.34337172667387506,-1.0247197051399992,-3.0460626693619735,-2.749016069446436
1.2589372316303753,-1.1668435312513261,-0.1393593003121175,0.8458122225319269,0.2656549229478655,-0.6304281816286957,0.6263798634064204,1.4170654928907886,0.24802200830434784,-1.1487233245930304,1.921374943322224,3.071006743429365
-2.1324721636732002,0.5833191497980608,-0.9683220940288846,2.574793699895732,-0.8584179143554838,1.0165841103743054,-1.5116276217681155,-0.11301343091921578,-0.7598206886691368,0.7128476124426307,0.4023888833601933,-0.17378456318283075
-0.8779273559604219,-0.1473020441367584,1.0958751718445312,0.03060831372327244,1.2550699273352592,-0.03486360117803483,1.2165569357663701,1.8016960917147578,2.4096113988157666,-0.23894460068668233,1.8292008886831685,1.1282985927286355
-0.37956081072626513,-0.48341349161643377,-1.064201047993378,-1.2015569333320153,-0.6851371941859807,0.3597795668442434,-0.9692662244481254,-0.3763355129859372,1.458703766923589,-2.1970939189812055,0.43900026697874894,0.7652802478736755
-0.0014889602372638682,-0.31910140258758946,-0.3118008801792679,-0.636314140834164,-0.3837435366213436,0.15524764221535853,0.04782921298483811,-1.6988340337557841,0.04140879367958822,-0.24403679268982906,0.37854701586559303,0.19284567194346314
-1.4511712616842936,0.3465777556964388,1.4693201223801464,-1.510488779222735,1.430865904707879,-0.28176693961531746,0.5300694781590534,0.25505230400944534,1.7764498798999022,0.23443097844271765,1.5929242456645132,0.7437569730211651
0.48631604337859785,-0.858005050225701,-1.0609819222988353,2.228948424278723,-1.0640852075101375,-0.6777012956907434,-0.4500622451459174,-2.321378271650088,-0.038488116685277754,0.948505336588555,0.6239830199797616,0.22006637729287593
0.8406707428725861,0.6152354477244361,1.0118606655507054,3.080223228156496,1.252083816589726,1.8484982701269264,0.24163951614224766,-2.4098040628491124,1.796162262243973,1.2649340292592062,2.215438493223511,2.020584171700695
0.7005664854441442,1.09570074578798,-0.18583674839247358,0.8078384209246313,-0.43255886821181194,-0.7318248506748308,-0.4939748412248376,1.9957589583685933,-1.2968852994548787,2.6681145142705676,-1.1603334639147334,0.10327639956334529
-2.2152826544859194,1.7991866423670124,1.8713400881906643,2.013924013409843,1.772062058133737,-0.44320286773683165,0.2767308495935336,-0.49492048707626457,-2.849051583753246,3.6212111907092233,-1.3598925882374067,-1.335542395685545
-0.5322530300789098,0.6153003612491197,0.5792039313005134,-1.54873873069704,-0.3955841953393112,0.9325162996185656,-3.0315700734339224,0.8284236544413347,0.2716370291474536,1.0869420472503681,-0.2431322899585322,-0.7564994450550203
-0.441798024173186,0.49866399566151365,-0.5055214796964801,0.08822422690001719,-0.10205545763735469,-0.04461285532268491,-0.038805459082708035,0.1339851212653667,0.8410485616708039,0.04246296305373726,0.26652122855019367,-0.42906358501972647
-1.1587075505479498,-0.6098237157534323,0.6285640686997838,-0.8210991281629052,1.2772454573825824,1.3799523310781772,0.5983055288197748,-1.6490529118016997,0.7061629384793803,-0.595340576137015,0.4417827594713267,0.4843636126667594
0.583444942917745,-1.7219324832952152,1.5294900629230348,1.5116041749076201,1.3927684228399702,0.07269141842061333,1.412046684177434,0.5039098693264936,-0.8269352241367787,-0.5462841149654439,1.2373281794082924,1.2354075032072775
-0.05585179637870349,-1.3344068607341206,1.5885090631342111,-0.5394925210600634,0.06901355894891958,-0.5360424171441281,0.7873155094721318,-0.6913766729795268,-1.5961295629340972,-0.6644950099300816,-0.5929424201525837,-0.4472333943948257
0.4128553181159925,0.9305109569076992,1.0884961188318887,0.5137192201803524,0.47076794148765105,1.2338456601922099,-1.0887026133005286,0.5645418761031809,1.7774037891824845,1.2358105929765728,0.9757620249858341,0.6368669567221266
-0.7175591341544955,-1.373185917208171,0.8590609055534888,-1.327441539007798,0.7558812046524575,0.08536023812351923,1.3143841609797446,-2.6750239534086724,-0.07615459523134727,-1.6090482558190715,0.6476945555343879,1.4271000884527671
0.8103279157314198,-0.3884921668370239,0.03606846273915603,1.6554424077156957,1.4920064417150487,-0.07922461770168054,1.7592740754903216,-0.12826035512823597,0.4520836059785745,0.32895749422860865,1.666098812459146,0.7351007491435179
0.020352847811783484,-2.1568093906461603,-0.6176298791668033,0.9285966927340094,-1.5894367227848378,-0.6048148393386462,-0.3540488126490295,0.5621041646917229,1.0868131255309346,-1.6585866070483575,1.164173939485648,2.2005375849606574
-0.41694529464390523,0.7345436103607743,1.0004605830887028,-0.3779314382180448,1.4366744258052755,2.3866772772224154,2.824276194953855,-0.7992899639687152,2.1346534953329543,1.222690389908901,1.0992780838187153,1.0593876369969364
-0.8146838382974398,-0.05481382579162476,0.3713716113347906,-2.9178699799197303,-0.383841875273102,1.1419088202817933,-0.8649789315825018,0.756213291603435,2.8511830742698656,1.8426355484079044,1.4797851486770344,1.6925800658611405
0.5668443470230994,2.7334207106351753,-0.6973838630064987,-0.27653242826622826,-1.8161530503191594,-1.8490184725393344,-1.189578156499153,-0.28282053068937374,-2.5130318649060333,-1.255637015450017,-2.222855363018171,-1.88974125693016
0.4152825939217864,0.5116974949932867,-0.08228145406112462,1.5965922544369944,0.8894817912427246,0.18821806349643289,0.05019487739836803,0.4828923011743623,-0.2515592133671568,-0.3648243972126992,1.1330277829773032,0.8267909651319638
0.26549560779295134,1.2963334324959537,-1.2378950219417713,0.4928050408072893,-0.055023581711566405,-1.7678685854497942,0.8799533654586232,1.1790887814642108,-0.22960575612839684,-1.0870900240241999,-1.1011973803454005,-0.5350493567460517
1.1701016421580916,0.8803331189110079,-0.44918214704425236,1.7863334440254892,-0.25360447934821617,2.0509205024449764,0.38975740618238375,0.17040689518503477,2.792537513410813,-2.328512277854292,2.0266636246983167,2.041376712060774
1.0279632545234725,-1.2896450627413023,-1.8461975444171856,2.428744028756762,-0.7833390299774464,1.5855697652719027,-2.3091144247102795,-1.440810061717934,-0.7544806701055047,-2.692568723872301,-2.324748403090294,-2.355557053465952
0.6562227321161657,2.2658064672026175,-0.1668106097594534,1.080402957498705,1.3807039250380047,-1.0655502112107587,1.4550859494770476,0.7569770826048092,0.12989246617693945,-0.2047968939928806,0.5212359448484594,0.1677784940800633
0.7957679456624449,0.7689464967650205,-0.9360457799825949,2.2528457805337023,-1.0154655786209825,-0.7024365579648776,-1.4920210591369933,-3.3614951186826727,-0.09296994077332105,-1.1017140429464862,1.0615056458987964,1.106777961647012
1.3902453244042863,-0.031929297725516365,-1.5868896464471123,-0.7662377068340755,-0.8754375601092367,1.0545295914961526,-0.2935334631719332,-0.05147673361286664,-0.4447815327114115,0.17902204075609318,0.2928445446308081,-0.42198366172950724
0.21721783442571685,0.6499712906051125,0.2574456521481723,0.9981983096358382,0.2574267991650632,1.0729929267423393,-0.4894147057355593,1.8261253717709374,2.1222272370842563,1.6272925961537557,0.35685590459084515,0.42938107747687415
-1.0329798844249012,-1.1530751427640342,0.8484225180672668,1.3986501954400383,-0.01562401293115423,1.9207005977130995,-1.1898879451261783,1.1613704552726807,1.4621006034837114,1.2479163674783762,1.0122346068891317,0.8621169114418733
-0.7884294196987095,0.7259251574711645,-0.4933548607600465,-1.2564757397836932,-0.4599320739067678,-1.415913996966523,-0.1116386162207012,-0.3473133310912419,-0.5779921799498323,0.004339646102219166,-1.186629827907175,-1.2688167288890306
0.28119547706636894,1.1197205025677028,0.7181217759700581,1.4504989487159285,-0.14260254343458956,-0.9584602393599397,-0.7832097147009001,-0.23735802112406312,0.16853798898523042,2.6497347613871103,0.13976665079206763,0.8117173475251096
-0.8740338836850432,1.152446455311562,-1.511416258910693,-2.814392104551738,-0.47921982768208826,0.6690730522009515,-0.43584846901780094,0.044018772829466646,1.433196858074053,-0.1701560577938354,0.5134872904106531,0.05481859084413482
0.12425721302156514,0.7613215741044089,-0.036151549328681885,-0.25873624743830614,0.6080903473033494,0.051344126024920195,0.7848552212027043,1.2685343496560104,1.4027120984356847,1.8942640276146108,3.4047610857762396,4.099686694604338
0.6489711302566858,-1.9470476910922394,0.12171902949421254,-0.4992145739693612,0.9446532139436828,2.2534333257883574,1.934774464862979,0.22678001357947886,2.0631568754208023,-2.369225024136762,3.3439418488061152,3.295989777744057
-0.09568024183743898,0.019737657713287452,1.0474714973518644,-0.6994902961468243,3.7618822202302984,0.9875557658346306,-0.847740421158795,0.2726661045616544,1.272082331619945,0.7764853720704907,0.9600638675613777,0.19401956621875793
0.7160579500254253,-0.5754280545540639,0.4382438406993736,1.265837488881529,1.8695407081141289,0.29773420068820844,0.14264996727905205,0.5561271054055827,0.4739212318494078,0.10323164475654292,2.293781125095114,1.3591653226788103
-1.197201215313361,-0.9467052188575307,-0.6202263288527741,-0.615955497243103,-3.100403744286141,-0.6814071997736599,-0.6309495228926552,-0.24295534183810807,-2.203892521552571,-0.9821131830716328,-1.4237393904523297,-0.9867745981345317
1.426202299625976,1.241469056068417,2.4871780257778635,0.5051359205016579,-1.0491030816190232,-0.34873287899971794,-0.21224265252990226,-0.797864425252694,-0.8355242308964201,3.424533254352161,-2.3114909615057666,-2.110938047690255
1.8121492439367928,0.2503503416196383,-1.6195884848100954,0.2843422118946632,-0.8159318662316142,-0.9625479435876749,0.1600055101670067,0.6904649684207931,-0.4947634436794909,0.2702876552328254,-1.0471927264988048,-1.5320730731116114
2.207512672405303,2.4341045541032584,0.3314890983932798,-0.9198520451845167,-0.21458425346117826,-0.4339869780445885,1.1368903567017457,-2.453243163639044,-0.6785682665958787,0.43405230699416,0.2599438583929512,-0.4789672473868858
0.43941428711191843,0.44919657630435483,0.06552610983689419,1.2323090901095815,0.15611542404033318,1.0531544725651558,-0.5494134969575679,0.6295849496595771,1.171631032022667,2.0641199376603,2.370009845238344,2.691667039228421
2.0389604785055084,-0.39111174599239035,1.1627624720766658,-1.94183005951706,1.5629794073587704,2.5553204726900156,-0.13078035456923287,1.1041041328397938,1.740818075616183,-0.2766269745129841,-0.012686469894085839,0.0046823288328843304
-0.5890440799606516,0.4245594404307784,-0.27992570422702534,-2.1988644289556607,-1.460527246450453,0.2173905283853096,0.3665985918648258,0.7119876679060673,0.7023044444382609,0.714324349493094,3.310565672504344,2.202582725851574
1.3581548645579058,-0.03449908326334084,0.06394126117970124,-0.7274662218935226,-0.979080283275817,-0.8478951101950467,-0.43182804167440714,-2.2174612419674826,-0.34617445038971395,-0.058483306374022756,1.1816745390839714,0.8569622168364117
-1.2178032881119911,-0.48673145750464075,-0.31296964514862624,-0.007498644056207815,-0.879432462929916,-2.1144948840611666,0.0647986301774065,-2.4483964072358906,-2.1464752368116096,-1.1281748084823031,-1.6900940709000931,-1.3683073557759187
-0.8646037701965937,-0.9062154025340243,1.1937412835362866,-0.9736049481988868,1.6301037265206366,1.410777449746507,-1.2663678576124604,-0.4777147617135318,0.8404706858453683,1.205851648622873,-1.322222749896857,-1.5270752402542156
-0.2861694098017325,0.316999176820339,1.179569014186567,0.4374908794594151,1.2494656319408037,0.9303733797903666,1.0573791281527085,1.3996841826681088,0.9703248472330451,1.5954376278458617,2.9234935297576126,2.9947927275832185
0.09446567772463055,1.26025900803348,0.9461476932420374,-0.0903158623483559,0.7425356512607744,0.950298308500447,1.3244223917682976,-1.5404611488860434,0.6637424719221943,1.8125658750579476,0.005199757389233506,0.2779314878994828
1.094039700849589,-0.30091163637517415,0.1546222024998726,3.0507058082499126,1.1228345112282647,-0.2784154777970762,2.6600583287724975,-1.560087800699213,-2.122413749156078,0.13173315155192286,-0.9905204071477142,-1.6484879508768826
0.44599273473242657,-1.4623282011193184,-0.4241015289782759,0.8336956072017886,-0.42210276249029915,-0.14608959053626536,-0.8145629047265777,-0.7515574794397277,-0.4006289460218858,-2.6249007404778872,-1.324920525298827,-1.31166966654113
0.9674300329569575,0.047208357843128115,0.7483732484960375,1.913887236003288,0.946211038096078,1.011936503929086,2.0285649640010557,0.1766836960422506,1.6584726098199267,1.1118750744275276,2.6452796489215418,1.932046061274713
-0.06606989439894431,-2.00412717482091,-1.0342796072563634,-0.8414093750365889,-1.498055590816867,-1.5648534380921588,-0.22796799634184406,0.15846702491664533,-2.1502683385096533,-1.1682728050608684,-1.4669245137050424,-0.8915441579095378
-2.648815224835646,-1.2618479510661178,-1.662917114145313,-0.3965658384193137,-1.6610843464325338,1.3169916179314942,-1.973131025204521,-1.3681470239693296,0.706820670931576,-3.7849644893993153,-0.6879112610056947,-1.023679874412959
-0.6394188603356183,-0.7133326887022375,-0.49680215261580957,-2.1196432539436953,-0.2920678420766054,0.653013183566975,0.8142206867969712,0.940347774862154,1.0522154223142826,-1.8885770294890456,0.9882151408340611,1.7134784099719482
0.9651989644210232,0.6047167155892522,-0.9919008296968641,-0.7698902127913656,-0.7752728844308122,1.6606025253631387,-0.4761096913958349,0.05775715877583587,0.8936363963161861,0.0272076795689572,0.018851518831771497,-0.4275596831682606
-0.4038304078365204,-0.466399617019122,1.0583804763000215,-1.765908850308386,1.785222237827211,-2.9903533048339628,2.1466378222405686,-0.30408209435208916,-1.3317095510593133,2.439182931843334,0.8369246448240283,0.7295657001663229
-2.032396520442199,1.5222219753880841,1.2903162843700429,0.4602991473978278,1.8284519488412858,0.32020263496312423,1.6175603838804595,3.7685711223611835,1.0136811040540443,1.902482587842252,1.8339285881591367,2.4099306125982762
-0.31004670442238336,-0.1330274096792373,0.45655086579931503,0.7931272774709236,0.31463976979852204,0.09037927507599919,0.8324275138015539,0.6741210945223672,2.6822312268152038,1.0278982368386067,1.2925041112101239,0.39961142303938996
0.021856017563761355,-1.0561831302147364,1.0043760945305373,-0.13452887503369843,0.11750954732319796,1.1138325301797434,0.7247841603124658,1.0560899070609913,1.9659282239657057,0.21558006959629927,2.516042167461019,1.3591711230864014
-0.7516479300637634,-0.9321966294330277,-0.3665373173031815,-0.14182440336002566,-1.6025595168856788,0.2997833078072737,-0.37146169693584147,0.3570685349428928,0.06674432343997694,-2.1707090784544407,1.866878016248141,2.4274430382862207
0.820018340504244,-1.27293705358325,-1.56885088874203,0.24182067578778677,-2.117510843133865,-0.11545300215762277,-1.5830136096653722,1.3580657984569382,-1.229016799092701,-1.4705861351500156,-1.5300656428724693,-0.6416885076137275
-0.3181107901627434,0.25397017903142677,-0.3775633643763133,0.49730202311004357,-0.04237816360843172,0.5564904174742769,-0.20886640010872712,0.6698164965088189,-0.036811697998839765,1.2495447712866525,1.8562929658145737,1.372412872244435
1.5167682640167834,0.8078026284178689,-0.5492417571013612,1.6426112156369175,-1.1734049958255073,0.24122721487327037,-0.5382499571312156,-0.3792861943931082,-0.388571813756461,1.5265715557647492,-0.7601339616562541,-0.7819729110902642
-0.2751838203185014,1.8462360507616022,-1.4696730703384988,-1.5238873026055493,-0.22534428782632587,-1.950683736103012,0.9862194314663798,-0.984369921137406,-1.2814722576943076,1.6860584241009073,-1.5591399371600345,-1.4904618097669304
-0.8039861457674571,1.1062568327912712,1.9749152050774224,-0.6523650211841551,0.4260719981993364,1.5593596651173205,1.4227048760460836,0.3202457255688378,0.8121331061624786,1.2729862388111908,3.6986775883015164,3.38062362749659
0.7780447515515944,0.7331367413551229,-0.06382677758661293,1.6165535557268402,-0.13467368066269186,1.6722957275431707,-0.8017422226935581,0.09893413231461615,1.8228222483101602,0.9098478454298562,0.6253032433799517,0.15444801136750025
0.14584375068888322,1.047135560105791,0.7793685369827891,1.4302619022563934,0.4020857878815898,-0.4794983800105528,0.8513575409845169,0.24780443476196773,-1.9917614024250025,1.362805543805429,-0.9004322220495128,-1.1961862997549244
-0.4552265397898853,-0.5592645060718157,-1.6232298218106374,-0.4773602744969692,0.08980243867154447,0.5422819509639576,0.8238739450429253,-1.1791731918729602,2.503822477637624,0.8557363203315456,1.8285015302698997,1.2079812624151203
1.5924894083775147,-1.160458744112706,0.3378620781471427,-0.0521774602286612,0.14652452009419234,-0.10837410000244653,-0.3794579960112314,-1.6655531915793884,-1.3876181954940447,-1.9871907347263615,-2.700432234773643,-2.309816191443767
-1.8409244768213624,0.45590412264882163,-1.2416702765590726,-0.8348241151098381,0.3415696207691348,-0.15820000397070622,0.5515869985820029,0.6185556871619468,1.2077643372859983,-0.6962889351389183,0.17518504461402173,0.4586931916073076
-1.6499947781506663,-0.4341485555260584,-0.3150852848372005,1.8057582445535652,-0.8951456424277411,-1.0285294319040479,-1.8078171169261639,-1.0536270329881627,-0.6145646427110629,-0.4556788147055651,-3.4337101459839525,-3.49519238753276
0.26754502318638307,-0.3333490601514624,0.6321434089934245,1.6360375617803047,-0.01880667768766675,-0.9272517505054858,-0.35165106566885984,1.3217645316456723,-0.9644117343821161,0.40191494792330573,1.260224774688747,0.8903494200462864
0.3274941605028033,1.3862603450984434,0.03272486077896873,0.4658041011784259,-0.23005939955385604,-1.0259716681929665,0.247268145285921,0.21253473497558195,-1.640736883965308,1.2397992969096299,-1.1389314362335912,-1.4419899462943788
-0.4069688435950974,-0.6605458540481446,0.31780322643570563,-0.19022336652842076,-0.10982601992414232,0.2261120866558567,-0.32619063706806645,0.054615601272683445,0.7891988478498957,0.8482562811739038,-0.5869532401741877,-1.3279865296075102
0.2293736656896949,-1.3002060474896981,1.8007394491320234,0.9127030411597092,1.135492256874592,-1.0604786735788942,2.0255779853352256,2.469757084225487,-1.1996722736710708,-2.181221594083316,-0.26331186061626755,0.5664128057221284
0.7233512338752295,-1.1344750637408643,0.2892606281492502,0.02884716643209484,1.3494398975929454,-1.0446832768657814,2.189366246671906,-0.7785754547353665,-1.4932923573950312,-0.7302492745229385,-0.8216822895431093,-0.6124422332318221
0.03600776545684285,0.330180306853263,0.3115146095178143,0.6260917376862145,-1.6574024744135714,-0.8054717740515395,-1.1042509517750803,1.687334020350638,-1.330291398367322,0.5817585914195376,0.13756251063132985,-0.2507663511996836
0.42554968542898475,-1.1659407195912608,1.0521978916307937,1.2144009037067234,1.2293200007923093,2.4150386306536995,0.6701245027465303,0.5129991866661336,0.49669267875172807,-2.7295374096922798,4.495887544246179,4.487764635025249
0.26084846475938334,1.4075322336624767,-0.0202256943261582,0.14005055426107815,2.0958093856033257,1.4123175582148553,0.39397498783652,0.3091650471756736,0.4749182428459702,1.224625797606059,2.2229609831843584,1.8275027666119508
0.32594333351114924,0.23487840972418278,-2.151132972066024,-0.6395749923301463,-0.5830909242927282,-1.452737579090781,0.2244067076267242,-0.5493403906425927,0.9434690298294706,-0.6636544976790388,-0.18862041715915057,-0.10275795759475637
0.7918928309886671,0.5112996975938053,1.2627723221140532,0.8612586583470208,1.2677004149070896,-0.12015501919100557,0.44544885707571236,2.5575358484956645,0.2961440571833459,1.4009238021612085,0.5958345558110932,0.2498705846521947
0.1879860501399748,1.4199215291948013,0.7121709322569204,-1.1927931953529967,-0.41766227651943144,0.18979496364309534,1.1502631677914046,-0.0010503912943465865,-0.31155526596196936,1.3837918206726998,1.537577694660584,1.2535891890911937
0.594386013199622,1.0385649758676934,2.4175924481073627,1.3649344566224149,2.0167601458268978,0.6195339389136818,0.3850125257397651,0.42437750997239354,1.563518515138957,0.7693399018866172,2.3292927959718464,1.2764402276287794
-0.7792722778813383,0.4777199000814255,0.17901883700497195,-3.3867335313767306,0.001973986008019485,-0.040273321720932787,0.08525285325294962,-1.009517784882986,-0.05832895255164405,-0.4810000349572844,-0.8243411401302867,-0.8849601986195469
1.178041061552732,-1.3562216672093494,2.017086878840944,1.7236837931295204,1.113590645320407,0.5013846784288873,1.7059725313895253,-0.6815969885794922,-0.4382917895814876,0.9541039236914215,-0.036914100958957585,-0.813642954339758
-1.2661401058253101,0.7444238031430954,-0.8706958525704097,-0.4994356770343669,0.3977706861521626,0.5855455441016248,0.5782447943118912,-2.069177589606916,2.3165236122678157,0.35522338948839194,0.9145509978250049,0.35613107596221294
0.01793555647505082,0.622889623017349,-1.273499408551117,-0.9260890911316009,-0.868748959347004,0.08085103118516102,-2.951269561596166,-0.3585485186202808,-0.26268086666144547,-0.7944825784536524,-0.5933172433667155,-0.45561222529507844
-0.371300164646137,1.5116559052087417,1.3481381884540842,1.3977242319434402,1.7173728707567497,-0.9887455798545243,0.9413706453374424,-0.30422919900116774,-2.583874428516466,2.5168872071255937,-0.3357934549861219,0.6170746277526671
0.2607249175195577,-0.9449720134268296,-1.0171062189217865,1.7100870881676329,-0.7330220113040401,-1.8946049157530411,-1.405469418740965,-0.518520221016957,-0.26727839758808636,-0.6947311762526891,-1.823495155159738,-1.783820771878119
-0.1556374366275498,-0.8591809684855759,0.6100486417544227,-1.81242289278353,2.067038198962414,-0.8555748726392696,0.011187672753746186,0.18510116491223305,-1.0326505398133337,0.09741640542022695,-0.07395020939260744,-0.5450890493025433
-0.14378956740279158,0.8241082191617547,-0.9071812102152864,0.389999544092918,-2.118726766417133,-0.7271335092798958,-0.20418878720277672,0.42444912974632804,-0.3872846862916406,-0.48938589354220335,-1.7723292243864226,-1.8510708670194118
1.3417833183395131,-1.7276228727546137,1.130402735172349,-0.6536200060023823,1.1132797292811611,-0.21789508429345084,0.34938545609856175,-0.4560008880209685,0.4876238336494443,-1.0302572458258228,-2.4094343321602056,-1.8569618268628685
0.04135109228482392,0.574792073447376,-0.10008170890447782,-0.16042492994959034,0.5042640323594425,0.25394666053019843,2.4520024054059446,-0.9841316072312016,0.04418183635417772,-1.1613563057286047,1.0217552260147043,1.6486783882075806
1.3733094314258767,-0.0002971076470327025,1.306480336131971,1.2607491803696502,0.024673235790601877,0.8271672512305291,-0.9004810029972138,-0.29895349176264485,0.054534455179742314,0.7555930089703033,0.4832353510192833,-0.11477017372505971
0.5226046055822197,0.4243881543369263,0.6642601862318646,0.10841028900884175,1.4082771098826328,-0.46051833840397777,0.23115936555343086,-1.7253478334154173,-0.4213810606959469,1.7899030913078189,-0.21690290604329987,-0.04893450294422985
0.46138306729585105,0.38200957395989443,-0.36724942706896707,-0.9324693921355776,-1.7304688935418482,-0.8221151792370757,-0.7659846961776027,-0.09750042355968713,-0.6899463966798551,0.1609279866760206,-0.5813313358451356,-0.9044004967471021
-0.14277131917327907,-0.25020535389595977,0.11918375116728211,-0.2925251102495237,0.40474277283437154,0.5884105307382786,-0.6495836601858842,-1.4472408685715346,-1.8317884952584116,0.5767668278919159,-2.1848023216248027,-2.5913844815027662
0.028093060215757065,-0.11645103880890408,-1.0760748624955065,-1.5063039920180925,-0.5016950026523535,-2.938432400138285,-0.8001569710492276,-1.581700985716933,-1.086603953332895,-1.2768506760776261,-1.317246108436127,-1.4240747296048357
-0.7304191621329963,0.21404673689275955,1.0919312752076642,-1.9310485712848768,0.6299635576504357,1.1031257188928552,0.8732725934007842,-0.025724569989645507,1.734181987431644,1.4654361541554326,0.9671119556534206,0.8639928957905055
0.7983230148610865,1.095059982158255,0.4040777916542788,3.123353930692091,0.7784276540776877,-1.9336950495752492,0.3841664687109074,-1.5218078080156743,-2.4483007139643482,-0.8794622851793255,-1.5293544971729087,-1.310577004220759
-1.733262564252299,-0.5410193650840781,1.350202985546322,-1.5408833708048593,0.6289617910022905,1.8805420631793486,0.7268574721165464,-0.332049426361206,1.9907440361007223,1.5452919521514035,1.7598873239798052,1.7591923811331012
1.4413791435717285,1.720055372100958,0.8310670503650848,0.5494961566694744,1.3886781082514963,0.4576676663435588,2.011579687382941,2.1412690395049134,1.4349948361990552,1.5969921882121634,2.420618696201754,2.527558545213072
-2.290128307068724,0.8890449016292149,-1.198421050923789,0.9462647067493171,-0.2508449686584253,-2.9188265334498653,-0.22902748454836458,-0.6849953365816326,-2.0425413698321444,-1.3351945184921674,-2.721596982299496,-2.8198559275740482
0.37330789968363437,1.1330850285119216,0.7220610200223277,0.8111004275361207,-0.23750416733937985,1.812062046282034,-1.4132741142141412,-0.5924418561630048,1.1930651846791418,1.9807982099800285,-0.7388090613147615,-0.7798295304035574
0.9714488847086741,-2.0885191047409646,-0.9365613246066254,1.4479169251853206,-0.5448243788976375,-1.858078027505252,-1.7961476512460082,0.4434797857569246,-0.17688162115504036,-0.46009372174191454,-0.5244838504035764,-0.5566797653086982
-1.485937940951946,-0.25117223929820837,0.259399666699521,-1.2519117810652691,0.3338411904574402,1.8850144385059195,-0.7771649200474358,-0.88936623551382,-1.6516352778223458,0.1553395711537872,-1.092578420055783,-1.4035542657564803
0.25772629010282333,-1.1897064721003794,1.3358614534623492,0.2600156892222548,1.021852736062446,-2.810754372410178,-0.09736466716260594,-1.1330042134008447,-1.7227010369239006,-0.8985817444048867,-2.23262811345427,-2.3185549308393893
-1.0421107766837383,-0.7570153981587544,-0.41816703368550334,-1.776925145826152,0.3442534041333464,-0.29002937727335887,0.012196906726157475,-0.7277682488749088,-2.076030248492591,-1.0133799312031375,-1.0568308313623538,-0.6137419519309651
-1.1722411986430399,0.34393569574994126,-0.2684390853980207,-1.252126331436019,1.7882753760083587,0.7991798697432424,0.7510122228429519,0.032660023170943964,0.554983430252635,0.527008638557364,0.7273031468879129,-0.33814659789402324
-2.083887380020112,-0.7392658968477908,1.2309759686076094,0.7878411263669252,1.0143443650141801,0.1818497329164812,1.7451158006399874,2.626935499620255,1.276054019515282,0.788735790551243,1.358286936655095,-0.04409706347875764
-1.179672304742414,-0.03884600334024876,0.13784001734842719,-0.11171348949669835,-0.2502303665145195,-0.7687786848040297,0.609403498712851,-0.9897022962491331,-0.5394502798574635,1.1615906455940472,-0.3986600217338271,-0.7495260967167431
0.34453661936352203,-0.6707485383658772,0.3186933884385069,1.3955907867279438,1.0964495252247015,0.06979962274591323,0.8711265720321478,0.7361954669687012,-0.04821165258790794,-1.7446840102781458,1.9793536422074125,3.0851238431010874
0.7464395982590559,-0.6153505925451371,0.30725135537184683,1.1720066776830775,0.2144265328720969,-0.21363392007536375,2.4597701929959905,1.4173191336532662,0.6744221966845159,-1.1125795031902799,1.476968734749315,2.7208701225000516
0.5770571850646251,-1.7304614339050512,0.348654968611611,-0.42879521758069006,1.1504260129716655,-1.499597866132702,0.8636274811350174,1.2648028192897094,-2.266434651668264,-0.9589534023675891,0.8534124352171879,1.3729382653563447
0.4234580168581508,0.8682608034608391,-0.5254794047163183,0.843207359798863,0.8948597208383366,-0.38833918916393706,0.5881511570853142,-0.005275826464859912,-0.008148789762332881,-1.3067044489985364,2.94494730678438,3.872236170854847
-0.45893252217727565,0.4500003918204444,1.5100288373001454,1.225620707672995,1.0505925131758098,-2.6973418619671845,1.2590444109769758,3.1336808459239087,0.18127048310886562,-0.46846517623913764,-0.8952266199589201,-0.8563864853735841
-0.7668138140062389,-0.5009824275068783,0.08666622730624626,-1.455675762519817,-2.0589415633466666,0.31010731977888417,-0.7857653352581555,-0.7249269519879928,-0.9957543034297847,1.3771799266205458,-0.49915091126891076,-0.6361946699870469
-0.2573255311618086,-1.3882196895212022,-0.6075930681562266,-0.6432612717474998,0.8071403278047828,-1.712134421554104,1.6290505459882922,-1.2756691129750855,-1.2131219621145681,0.10125394289191192,-2.30124266749947,-2.2978063097409613
-0.7679381907153197,-0.4080065477835249,-1.444038170104816,-1.0004431074300706,-1.3170415017316732,-1.152510343087095,-1.202313508589175,-2.4970014100908653,-1.3164207496206024,-1.6571384502473872,-1.435940293648874,-1.139365584820316
0.3862785135511135,0.7457912976578537,0.4801992013837389,1.5453153424346175,0.3179990839782606,0.7743076957516654,-0.8296693643570089,-0.10740021085283574,-0.3289552797032231,1.5040491028081369,-0.008625941786310098,-0.05083369311122793
0.747749598133153,-0.4901612706677558,-1.6225391529111721,2.0524008493029933,-2.907067648426249,1.109311094603443,1.8218356417021593,0.2897592194871809,1.3155381700854822,-1.4026442460886146,2.459380249570373,2.870056317556727
0.9101105018210087,-1.5116217084662793,-0.5852853186469629,0.9351968548148963,-0.5484778405831123,-1.043238555193404,-0.9756307494812368,2.125465505459636,0.17294111307484106,-0.5209652343382339,-1.032637430753117,-1.0558242986153545
0.18424994193809133,-0.10896512489185113,0.8364200482980468,0.25276743812752545,0.9598320810510483,-0.5607702314220188,1.3269946385499192,1.379786419427993,0.7088640075856232,-0.8506108592221737,1.5477545118621536,2.244572402881065
1.2940190882721547,0.4957590354631914,-1.1477820308697835,1.4711837501085618,-1.205999249615975,-0.1936727145187338,-2.2494794844878987,0.9151667644394638,-0.0410009966195873,-0.8887547358539509,0.16159024278986284,0.5819255990911191
-0.4084365770618297,0.33991168675242833,-1.288124691208118,0.3254160945462098,-0.3651691463191077,0.0362487755905313,1.0301634021126453,1.3892725717221166,1.2238522053553904,0.4057176519560033,2.525266008714721,1.2869015878885253
0.1785083378025306,0.1369645908125357,-0.5947122834856021,1.722101333447199,0.044597481764040325,-1.7233392490276231,0.263505253179389,2.2418513799705044,-1.191076892148364,-1.4375539684891323,-0.6798026343081891,0.09386054201024646
-1.2697150488697426,-2.0604108245961257,-0.7475242930053814,-0.5970105181794539,-2.3298287111967495,-2.207895763337933,1.0992397869158756,-0.6581787148507094,-2.998485663821776,-0.6617107376134951,-0.6987834473489886,-0.680009341895819
-2.104336277577829,-0.10466342078664943,0.32389488809885775,0.4014983977581806,0.17974165067752984,1.033914600882411,-0.43615347209853783,1.1513181883886847,1.065628305314032,0.8244467832919611,1.9788123296691795,1.006372853060741
0.1252361118689371,-0.8672736314846011,-0.7689462026740571,1.0872520171764972,-1.6966754601068832,-0.769572036136094,-0.4909692033371027,-1.5539747000111273,-0.42570948908531536,-0.31745298658567855,0.7211743433134377,0.5336530094363741
0.2757961308373948,0.1438676213717637,-1.1489699086659892,0.5313365462254784,-1.115164616835745,0.5034969018929999,-2.0817154065617753,-0.37120449660350385,0.6857650932477376,-1.45814197350771,-0.32698673193147776,0.07124365962356982
0.09757104992416678,1.7339657765700778,-0.34772208405936594,0.9322200843974391,2.0703546852417616,-0.6034556314384122,-0.09617024287944068,1.0012714220354864,0.35806135351144674,-2.4271151017938446,0.35175896325589545,0.7309963551171026
0.707097605364876,-1.1213931106811692,-0.02635818085801027,2.52005747960916,1.0704814628682688,0.9666914296024012,1.861803180734356,-0.8573699889296383,0.6229951917375995,-2.5298437967128704,1.0480121110297795,1.1617394033144346
-0.0351545931590055,2.984069866620763,-0.7168987537178113,0.5090632209296398,-0.7306533950929746,0.3278184832046105,-2.0007790508530388,-0.5722444637757532,-1.7763067960542922,0.36410768890168344,-1.3795727862097598,-1.7807817044314047
-0.1617843417674613,0.9422380172299561,0.46901299999256685,-0.7310512027674322,-1.4413039029571717,-0.34642247123670644,-1.2341687819520577,-0.351756589714289,-0.3285070451791029,0.23598969921464052,0.08426081441845268,-0.33371522602616577
0.0006228137644361793,0.364746517675707,-0.713595361925892,1.3137494990775485,-1.1010573499260485,-0.5114399604485216,-0.7915397311177507,0.2852032672429872,0.06222755452638562,-0.4193109167267265,2.0813747778214617,1.9255134125899598
1.1980534729239016,1.1628223213813638,0.9446246729921564,1.3136660845791024,1.3593525068711452,1.298145560894265,2.6222291590656797,0.5185829752929327,0.2922123690503172,0.7266338368720154,4.724642996074754,3.5600740670286504
1.3039039802363468,-1.39998307693391,-0.04766526065721018,-1.4541607934065648,-1.7014751035143987,-2.374674941084285,0.12195705303231585,-0.7719800406642855,-3.266858880312058,-1.4906429681936744,-1.8542199987380343,-1.5637810883537007
-1.0136575416126608,1.5757336398428894,-1.0552965149718154,-1.0659194838147223,-2.672685278649096,0.3220615628584765,-1.1021164564866424,-1.3138723440318618,-0.48534726026004826,0.29901565165017197,-0.4571081110380931,-0.8068976048567632
-2.3885616059870878,0.09032914648346853,0.8180751315739518,1.1708004896467878,0.37195140461502,0.31785020922588675,1.0973806437202103,2.2246107625624045,1.1046178349114009,0.1398824110626995,1.281548168684256,-0.06710343758316589
1.4039281558801986,-0.9394591637899745,2.0552868538495166,0.15304360683753487,-0.31898240709444126,2.4426060417010325,0.05858110971184227,-0.5717266242385428,0.7705837884388647,0.9106249873235199,0.42850286591128406,0.2901615096881557
-0.37628889038801727,0.169306079549548,-1.0323291740063145,0.5723658969382084,-2.590328345753089,1.2768979379244563,-0.7495246086879339,0.9976305049512639,1.0233513377258365,-1.6369780390932034,2.3019280317491697,2.4367484701177635
0.22455764404981737,-0.18129826148409417,0.4463762019699298,-0.5761115563616515,0.2644638052644677,-1.6917518126072484,1.5381224371618405,-0.8572134901306383,-1.574528155546171,-0.044802015215145874,-2.8308990761079924,-2.8714463036661746
0.8344048622818696,-0.9486562138476795,-0.9004533815434702,0.9012752236546999,-1.1483052912587335,-0.6054083727967716,-0.27108122179730876,-0.31431912850794563,-0.9577735895957941,-0.7247937498738986,-0.9608347909383183,-0.7638909556949179
0.19832396001679783,-0.6278244664797212,0.5074467043018306,-1.388355165271324,1.668727141412011,-2.372669054173431,0.8701292483097443,-0.06591693668855492,-1.1101984431985912,-0.7857865113751129,-0.8929058704553601,-0.8523090900442132
-0.03163613082482877,1.549166018013528,-0.3757080613466639,-0.679486976660458,-1.5788147131772714,1.0758066349941033,0.6832036319877591,-0.6873001517383988,0.8859750454886439,0.03945383857466278,-0.992041986570499,-1.5952829263417059
0.5266734196022664,-0.5630875428772782,-1.245965646226436,1.2923321431370385,-0.7484218639140952,0.06101129483976375,-1.0339325618450232,0.26903966153976366,-0.5494973197265964,-2.950016448984221,0.16193586060270593,-0.2117975625498134
0.43099970767212,-0.1363210630085837,0.22516472094535425,1.8554073819246704,1.6676679533409633,0.7660230902229912,1.6280668175101185,-0.2025953850281669,1.832525476377148,-0.035619585893006456,-0.09269107033108792,-0.8711601292944231
1.3141528741796271,-0.9091343522014598,-0.10419971080454214,1.0906425905558577,-0.3100126023837184,0.08159569372446496,-1.3438113980773394,1.1300048214836549,0.6472048669509136,-0.6693401939956775,0.0898112047132868,0.28519339168627456
0.3686026591872023,1.5388609168367349,0.6875063386815601,0.9471047485885546,-0.24792494596327663,2.3176214268335515,0.3664174947436769,0.9305968320429858,1.399414142333737,1.22789461607143,4.341937742167673,4.2290932504721575
-0.5816727228635236,-0.3779945493775191,0.6062529992523461,-2.6780477850031152,1.4264766562052182,-1.0805949663359247,1.8157634035826378,0.9568675933693906,1.2349038295681407,0.6550566728282043,1.4903178246654567,1.089639822619839
-0.7117073892290456,0.2767334335429792,-0.7091584601531999,0.07257008871140114,0.684159001107471,2.4740799771336137,1.7791126790924099,-1.916408885275074,0.671985188459908,0.9889619436301655,0.4961638597371173,0.3419177765197837
1.9147695381657488,0.5207763413594473,-0.6807525233962657,0.7217374603789068,0.08040228578589981,1.3088276121180353,0.3397074563618425,-0.018806123901605076,1.3508961895164577,1.9634077743696172,1.4199776179998742,1.6522071314185978
0.6314558467058056,0.5114453147211114,0.45084830449233965,1.2398760230926344,1.3738911094614346,2.22293923043678,2.2324393610551603,-0.8151205641063051,0.8148937097490863,0.5139089420259676,1.2988005822738902,0.8973714436209644
1.2331408439792684,1.184914958254374,1.9117836178986274,0.2293374269930069,-0.6423388325631921,-0.21524964177713424,-0.3296732200272171,0.6987644815093752,0.8755336647729954,2.280261469334926,0.4469405348097472,1.3808623520907681
0.26392370533837894,-0.8064754902388385,0.34961181193146984,-0.44283589487939773,-0.3820113889393266,-1.0896782865914643,-0.05138473879431443,-0.688166696089709,1.7997148347826943,-1.5298345916095315,-2.362803862870199,-1.7075819268576389
-0.4288763455062028,-0.054672910267397956,-0.33364974639711903,-1.4213774681793396,-0.3372476434141896,-0.5332359481839559,-1.1835131060565027,-0.5899130937257518,-0.8473092209264571,0.709981744926759,-3.18455485695478,-3.5302508635195253
-1.1348473929230665,-1.0596964181345112,-0.785454571094262,0.017155938469156085,-1.1610293341597433,-1.3768146273863815,-0.1502471873236345,0.34595978931888516,-1.5808713537421983,-1.2460782083663107,-0.35736146421881565,0.4007390322527635
1.6047817882703772,-0.3967380191616623,0.8202824723987875,-0.7166381350346309,0.338751953284131,-0.0321326114810454,0.5166166251854084,-0.19310963243921475,-0.18250155987701921,0.9680196481636837,0.8523169884784031,0.1713822061254534
-0.503668826567176,-0.9918764334382638,0.23609617221318843,-0.6959875603815897,-0.02478632782867246,0.03420470266246545,-0.7912264108273448,-0.8625188896988982,-0.7300070663469141,-0.7579070900320128,-0.8610795591539607,-0.7065527784264046
1.0995620497559555,0.6370666778430091,-1.9596566590418711,-0.5533574366356534,-0.44976080911970934,-0.6465332828360612,-0.07667829759843581,-1.2735156540824568,0.3207754574527444,-2.3379276150186437,-1.4868260467518333,-1.2477630817646534
-1.0392690341247144,0.3003316370928152,-0.606526595611461,-1.1882687196849435,0.6100563381360461,-0.9029362108498741,-1.1641523469232482,-2.8856676207577086,-1.626364534653905,-0.5240842310546101,-0.9982020248583687,-1.0185863040732621
-1.041030836383086,-0.45162475129971014,-2.1626892402898825,-0.7051422991680634,-1.0983120799725048,-1.0437162148318548,-0.9489168374844403,-0.17633020753573758,-1.9758186457239444,-1.4219710259221436,-1.5438008771783833,-0.9082746980582502
0.14019155518770018,-0.42973899406447535,-0.25569455819372217,-0.567398945301214,-1.2269307044440632,0.05753771520294548,-2.6381953783641077,-0.5232917357358036,0.17109104599328973,-0.3570617029394696,-2.350426192562532,-2.4316264868076587
-0.8510701244169419,0.8461925652869133,0.2140579244339261,-0.39414930665708114,-1.0737014540496708,-0.09577638077312889,-0.8460932864527371,-0.9074148089120364,-0.9664496434788592,0.7875401457200379,-0.8159897048751795,-1.2336386493203935
0.15881329218904236,0.042272930531241586,1.2483281028144624,0.799024270128508,1.231376042464055,-0.6311575013755136,-0.09388905574439044,0.41042183913268293,-0.34660020909889533,0.005559564337521916,-1.728925591364245,-2.2846266359169602
2.41251848859531,0.6532007121640048,-0.7048543219448392,0.4147908812948684,-2.4312032474634564,-0.6667117616794612,1.6381982641969246,1.3529032356356385,0.8007276685116308,0.5056883941325958,1.4939862079461794,0.7894045727353843
-0.19853180853374264,-2.817000994408642,0.7678600723310516,0.5311273617396024,1.5384261088500484,-0.21845835817092535,1.7998580442369325,0.22157944069547197,-1.0768055110842938,-2.009501762078141,0.9695211492837568,2.0011766442292585
0.10350747280451297,-0.8433646664623714,1.1108073962171774,0.6454452720153507,1.0466778538031603,-1.6035261231319065,1.0634414251780886,0.27150280286475037,-1.5099236843862793,-0.6816437880158406,0.15709270670795378,0.2928453953599963
-0.18352089610194494,-0.15715181215715246,-0.7359575688151693,0.7895730091187932,-2.5036165270061774,-1.825471328547702,0.7820537653742565,-0.13453082780704695,-1.3671308218457507,-1.6306628991637524,-0.2941920113154216,0.41303474772179827
0.9235347078770691,-0.6474434744505402,-1.803265143048673,2.174003896370394,-0.010677189661875364,-1.592325421558889,-1.790981415061393,-1.4005769576813343,0.13239356607733055,-1.2147645961687146,-2.5875728920844665,-2.223484567867487
-1.9000895038107932,1.6333253424258904,-0.6221245104149478,0.8520898341412049,-0.37771795396122754,0.7933660477906292,0.619486271016909,0.5007313729958938,3.5203389916765673,1.44225398983008,1.8648545808900194,1.690095064157192
-0.20977657254926177,0.06730583780531416,0.5676748221401885,-1.176322282816978,0.3662863330928779,-0.16684759386077258,1.9501997763216488,-0.465310246545104,-0.7953676733858561,0.24409727820949867,-1.3298459432083622,-2.1089670342050453
0.05608211770791612,1.0478866292232742,0.3467445106910569,0.8162271873664072,-0.9505222275269747,-0.25081753088415604,-0.12375142531340344,-0.5630456280009165,-0.45054088646970303,0.7879016577156168,-1.873329313153935,-2.401005697442361
-0.6942028470819573,-0.4126462296560407,0.6378074918440144,0.8329423907548671,1.886482956262886,-0.2564598011554229,0.25223873759496435,0.4464863286317208,1.254671554807332,-0.09953902397420183,-0.2896658457447633,-0.9283024211457862
0.5586244346150767,-0.9715017417114287,-0.18647984449774394,1.4296738550708168,-0.41272490787841665,0.7043846091517467,-1.0941375202909875,0.6330818582933286,-0.14112914748428484,0.36337368920687574,-1.8127709554337068,-2.727707002606258
1.0250947900134286,0.5830036393891538,0.506982879515514,-0.142995804937185,0.0743078618122392,-1.2265733325571957,-0.8190730089511629,-0.6619310219395296,-1.696370249177699,2.5230004062217444,-1.284199309467521,-0.774836817817653
0.2943904538960679,-0.7058322298931453,-0.6405216801572178,0.4752262744625891,-1.418492078267727,2.3722691481360156,1.2474966511876153,0.8532733021019869,1.679889599731967,1.1710905384595904,5.020421242535097,4.891187381011047
0.7786154474268894,-1.0924856909131502,-1.1249290231144369,1.3509495464674646,-0.8985710145267984,-0.9913667351312598,-0.23027947985757302,1.430367858352272,-1.8949815720764427,-0.8962257288793545,0.29538389038409074,0.8151892183988859
1.6805993781164204,-0.35014094181506333,-0.48224932683498184,-0.9666973540053185,-0.8844526348684174,-0.42885831248606815,-0.3720460273338777,-0.22596381125385578,-2.18777793973931,-2.2627238089312756,-1.6901967517842493,-1.2642360933109669
1.4907136336689173,0.9499964911346579,-0.37466570032362473,-1.8523303766585792,0.32775118052990376,-1.32993057913772,1.2363621574832244,-0.48725631904616395,-1.226372118385147,-0.6057685608796959,-0.7764726568923587,-0.7236431740197297
0.22909591997657477,-1.5166226597072439,0.6083792441285967,-0.2695945791752755,1.4085700683962072,1.525546321670901,-0.3649055965493895,0.553712970607416,1.3904817045448803,1.5410951907647954,0.802047816540615,0.7974797208789385
-0.4287155650829644,0.479879153523234,-0.08955955951606717,-0.7205076172199955,1.7995228623068837,1.0095513523324795,-0.782516107448388,-0.9687704442996832,-0.7166342319344765,1.1554720710339323,-2.5247336517269092,-2.7910805665346037
-1.3385814371494191,-0.6830400107705051,-0.9432051599846826,0.4539190132269012,-1.23082032054911,0.20919045849287776,-2.3644247902303657,-0.2465771011490434,-0.6298214337143829,-1.8387381114407484,-1.415771201049716,-0.9513578905247553
0.12373964488460534,-0.28063879763780164,-0.09136291940812882,-0.4356030733810069,-0.6766163203933238,-2.690288075210093,1.0199493747084407,1.2817015703450818,-0.18062973436882068,-0.6047327836755019,0.7930753419891348,0.7741901415844359
0.498838528458747,-0.5443829949852058,1.5942854456461364,1.3511308568752094,1.41737531708308,1.3716218865954093,1.3652424242575654,2.5065178335327083,3.2316097394166534,0.20088286026015068,2.799659642058937,1.7528823378101204
1.10559840934756,-0.257270313750905,-1.599561231785365,1.5884468683906534,-0.0047213401898732466,-0.7746920478367803,-0.4570642685001489,0.46254630855603723,-0.27433567423310745,-0.3882454355342645,-1.010147864010385,-1.2010400675413404
-1.1167515550443594,-0.20937903860648063,0.49491182621960395,-1.7697076747204998,0.23522282992320653,-1.218122145722722,0.5176999551042912,0.9348454193022867,-1.279341659841196,1.3286651081370824,1.5263115297480758,1.3124299585377606
0.4739524069427549,0.840446542807739,0.28159994635586905,1.2723084072907185,0.3868826472865917,-0.954712083179615,-0.33708165655506006,1.0134076851102267,-1.2356421087006593,0.3227662245035583,-0.9891163743696599,-1.366846773261343
0.13237613965394165,1.0313518455968314,-1.4204123984806691,0.6194613101224663,-2.5509987116378188,1.3885560218407218,-1.5148738902003158,2.855672162443347,-1.4304872118061507,0.767767431239526,-0.3797337504364897,-1.0884409875644787
-1.2800955305261261,-0.7068966223642413,-0.3125863827033574,-0.20565134729487017,-0.22756298183115542,0.5973379014147919,-0.3912652777640738,0.2936763375821559,0.3261507248416964,0.7911903841132862,0.7097763702905797,-0.1549874290297001
-0.33590233715461015,2.3980469118454057,-0.7462259965187729,-0.47832263557123006,-0.694696148575626,0.6161515069543154,0.1764008045650991,1.253910503162874,1.6952977403771847,0.020160402866044397,2.711226748817354,1.6949576637338095
-0.4587025931349726,-1.7004862679682853,1.3049966395755261,-0.7337802269089023,0.10963851289789572,1.9553842974295148,-0.5441939592110379,0.028945524867219574,1.628674724863656,-2.6129404827287748,5.199953918825166,5.20463989591973
0.015805984848881557,0.2294412331823907,0.14145561436073836,0.3417177399560352,1.3500567009472022,0.9623164792817943,2.3015511652647396,0.905065807889351,2.4172647387296484,0.3473136119722717,3.824435488903184,2.362225988909687
-1.2695108020207082,-1.3070556529310016,0.41501170730874093,0.08735192329472086,1.1215606502489122,-0.2812795453268634,0.8391809857923125,-0.4051921820648584,-1.12438480455552,-0.6536159597148761,-1.7553717630914458,-1.6025788699075751
1.2581708738643809,-0.44204679516949535,0.19466914896617418,0.7605704813979062,0.8591049019866754,1.4764764190998332,2.1391229179761346,0.7663750880565614,2.421935007212598,1.0740686236026848,2.8176392277186966,2.177371179085684
-0.9766524822181085,-0.8663155732962138,-0.40501816367889354,-2.20670161088289,0.391014958178609,1.028630644104899,1.1749453084890087,-0.7998521143107097,-0.774956894686603,-0.276775898823591,-1.2492844790762374,-1.564274826969256
0.44125086950327286,0.01998727614686015,-0.23494695792003123,0.4102523749262534,0.7012785307353693,2.093584679498457,0.9312746726337866,0.4051187561588386,3.1363995128912134,0.4496858000923438,1.7485484786137158,1.0353234373666278
-0.9189777499662606,0.5813764510370922,0.41294266552495557,-3.0216810372197838,1.6571106030395681,-1.9536030392280508,0.24922071017691216,2.618933411898637,-1.9482064663773655,-1.22451205292819,-0.7983800541666112,-0.3019527808020418
1.205739930631906,0.4163151975327037,0.24466093370755831,-0.9296293364229313,0.25652665273509917,0.38182042045559017,1.034486172323099,-0.9105254870089279,-0.2508006570617233,1.0164315442464245,0.2160220373146152,-0.37243063922933267
0.20719153877756005,-0.5303929906252729,-0.6761782968773257,-1.5734105117185242,-1.0793983517881236,-1.1719103192508473,-1.3429798926875849,0.4656641340650317,-0.981550223573312,-1.7151964434327347,-1.4858230075016712,-0.6947711956942031
-1.546955421711272,0.12084239166982727,-1.1946695338134992,-0.17866713093673867,-1.3815752932467045,0.5993142620017402,-1.7269189187474479,-0.18348413918000622,-1.0428454282163246,0.36807921240856767,-1.4303194391712566,-1.9834208030824694
2.218342005020838,-1.1616847975121327,2.439105167011429,0.4716901686796676,1.3858974268281155,0.4658376042323259,0.6694940560645483,1.332600842707891,0.7224844655786977,0.8098988248368965,1.5253550797234192,0.25115823951147853
0.5169929746392044,-0.5000116106282679,1.3007279136402674,0.5655717952758371,1.0374042098751637,-0.8842809266254401,0.952923359254981,-0.579614012386296,-1.562630988351194,0.29599147749141574,-1.9829800769800916,-2.4032992627500005
1.43767530849611,-0.25522877297703994,0.686302423557686,1.864628794133234,1.0152426779699013,-0.787561499259571,1.6344899697278819,-0.02132373644382346,1.4869598383330676,-0.2680001064842006,1.087346889662032,0.7508920495976007
-0.26709262613887635,-1.7847282413029504,-1.151082239983239,-1.5117229422638674,-1.9486916425852976,1.3382271776040788,0.3903057149981777,-0.839899890929222,-1.3702182330480637,-2.653284991871258,-0.5700117272539833,-0.5795501627125379
0.5324386491910897,-1.487227957959781,-2.605266588493191,2.0781001885607964,1.0517320947692186,2.9004007074086697,2.2769149047408033,0.4902398665950597,2.006100436836372,-2.959955227238912,3.60856366274717,3.690996244909761
2.226201129249071,-0.8707116601872908,-0.8560512697753369,0.20736769960075763,0.6071189133012196,-1.060156191458727,1.7717188919191806,-0.9988579591746621,-4.037822170296565,-1.2146987328239096,-0.7703281601558364,-0.03976324069993223
-0.8200891822985594,-1.3627808677935616,-0.39978393576823595,-2.278134456328074,-0.6421398507816081,0.10887000940566627,0.4539429134977707,0.01451104342017795,2.379340993168381,-1.0982967134347648,0.6908274561294875,1.38246266195329
-1.0735862757532835,-0.9130897439592173,0.8054622677971992,1.1903254899544935,0.77463880958208,0.24643344970970893,2.2179109837054236,0.30461697872037474,0.9927232274529117,-0.6812051017675155,3.2270637981145267,3.499673529458252
0.12226123264350298,-1.0506355099242024,-0.6517912036232629,0.9902980302195468,-1.0853437772105399,-0.8181537880416649,-2.6547399926443047,0.7636582715326582,-1.6186183265762624,-1.7963339943150225,-0.9450747039339189,-0.19881735090513092
0.8007126710441268,-0.860284816584486,-0.00038216216700673745,1.4466444419787414,1.9341098894592132,0.5667883706534199,0.9445349920900932,0.6156155380774653,0.9725482530740253,-2.0453168213862543,1.9082462027724176,2.640504581290323
0.02839407780485996,-0.4874912341757376,2.3241384671974403,0.9117520688803512,0.6081027254472333,1.6087974499470228,0.9089458799257734,1.3073222511671438,1.244418480449541,0.6630071781437468,1.1406813112744554,0.15374164888929132
1.0489712081894955,0.17283444641084061,0.424639557678161,1.2972398756347587,0.3828495616409176,-0.8942868882671333,1.5136119770013963,0.5706184392697733,-0.02340127781344231,3.072008256202434,1.675088844248412,2.6852282783480845
-0.7453013643427702,-0.8911340294785072,-1.3634778493648758,-1.264623729863554,-1.2714153629396145,1.7636943025698624,-0.3499646676410274,0.1818256904140172,2.400229046687736,-2.7466208084632844,0.8476852785689118,0.7881102322307837
0.06679009943738626,1.9734555248197152,-1.2674683128196367,1.3050999253625521,0.931481483439874,2.5374084372899337,0.30381086693670356,-1.2474343653441817,-0.1283382420738638,0.013803280061676776,-0.19741663178736904,-0.33170896462236654
-1.3201189899101688,-0.7166231437513806,0.27715670002682063,0.41115125429933586,-0.8593396363163786,-1.5437801181848951,0.28109764286156924,1.0101587220383665,-0.22733269162909986,-0.6340000465549738,-0.6874883573350588,-0.6080637794005701
0.20448438067111,-0.07796609618693974,0.3141901878198189,0.07257681712681702,0.8101391669928566,-0.3815294054413684,0.8854992240451811,-1.0139430783092167,-0.5150926575298169,-0.2309315028454563,-0.9844432643220573,-1.3344557251328133
0.9831206170846765,0.920668528215612,0.22033847380547417,0.7180432187338954,0.9703416445848798,0.9106984935994176,0.8469790380575071,0.48971333142823414,2.3486990617705312,0.19964152359303,1.145500675653045,0.0420198378500356
0.9884647172571762,-0.3766717304535998,1.511182236402358,1.899387544027754,-1.3833022904584849,0.8136587732969621,-2.8675434787630656,0.9552827161401847,0.9820794635286035,1.434697982603116,1.1573940382314478,1.0118577532775028
0.9106361640896137,1.0257477029012705,-0.47328583406121355,-0.8333491345692373,0.29412420058459293,-2.103935966708633,0.3647739457250918,0.3199580303874088,-0.22569282657525513,-0.31491918601616153,-1.2487394048034286,-1.2690945523080475
-0.22632745513773792,1.0803416611827394,2.0052539169768893,0.059400641807208165,0.533937182442924,-0.03476290518956254,0.12356114123328987,-0.8559815774596004,-0.31858695862310227,2.1038149362418403,-0.2906270861006669,0.19827221098346315
0.8129007527681622,-1.2105391420756584,0.36089629410411983,1.5471812147364816,-0.41860284636304795,1.1269894589156115,-0.518181955419803,1.9755117512787077,2.55405559488147,-2.0160294797356,1.6619146281808348,1.8935369101583097
-0.8367855052218485,0.4960038151342709,-1.3558864211175368,-1.4773654550258504,-1.3297838453390356,-1.0841972768239037,-0.7975121970950013,-0.2512036738894014,-1.913930201155885,-0.5141470139556306,-1.5857401496930736,-1.6092458574581043
-1.6507091924109376,0.5277231173189701,-0.5661962935728736,0.7486197673648751,0.37869378127410813,-0.8978531624745938,1.2970348544111947,0.7341269974805911,-0.4893767863040456,-1.552641794754573,0.15625211134323513,1.5221606418853222
-0.49947005037026576,-0.3025031707640663,0.3972614051474536,-1.1157724434553284,0.2972285523528523,-2.72850435579638,0.14933565793192055,-1.825258214275242,0.4669883665110479,-1.5302607611516357,-2.0861499819408027,-1.9373986156060528
-2.135260094019347,-0.9917308944134455,-0.49863440701737693,1.3779811624523495,2.031996995002289,-0.5749749755105212,0.10261776289671154,1.083638675632047,-0.25318931272304435,-1.3268031264384728,2.4381718422461196,3.6119808087325342
0.48761690647938377,1.5236093683262215,1.468143807112601,-0.3808302299274364,2.111488949945488,0.6347212299176195,-1.6380438263144141,-1.5928496607861464,-0.8404926672316856,1.3884181976771268,-2.578174731008697,-2.652969761265836
-0.4966461667539886,1.5691637405730117,-0.46518463206747357,-1.1268308529487214,-0.3162772040492804,-0.23007117245160902,-0.7486022458092736,-0.17129741936635057,1.5557720720928836,-0.7624938582753227,-0.09307099001439767,0.1439513174708804
0.7475331703858562,-0.6224255577440467,0.48949046900017235,-0.9340681640440289,-0.5965153371622157,-1.267262663699708,-0.48289274803770466,-2.4758883184695555,-1.6718882253527663,-0.3079281980283746,-0.3203715228632371,-0.4568679969487689
-1.5242037452566468,-0.31069386696384105,2.493100640109518,-0.05260245597710042,1.4437521159967686,1.543707625442686,1.2149826620739472,-0.168277480311467,1.6065064883706324,0.5807031723366471,1.7724253354324593,0.9179423925486178
-0.36672012094512263,-0.9099084663152904,-0.10141066603797975,-1.2135949380696327,1.5200973812111107,1.0061079726455946,0.38843441238682164,-1.1738394063302153,-1.429743934358076,-2.214880423745528,-2.0059724838045283,-1.6899113595227755
0.6986412349080221,0.033991595320870226,-1.267952981832614,-0.16980081210360332,-2.270162474709295,0.9388764095910033,0.2627851172754558,-1.5777029607237172,1.2792857164805902,-0.010903458868712468,0.18556774558205597,-0.24499567793236898
-1.0403509781843023,0.5549872273235158,-0.23366011138842968,-1.5835483695877528,-0.614661016977438,-0.18346119674166006,-0.0863264744462493,-0.14231000078278006,-0.261233303866319,-0.30776857876947117,-0.25439276598804983,-0.5500913932023442
0.024073627237595686,0.3381821659478099,-0.4348760520371617,-0.6510204170007523,-0.024292532150148205,1.132823931940939,0.5785811255743716,-2.6183941525434338,1.9633551635261184,0.43234391510511755,2.24450312783391,1.6561734309957363
-0.9770589057266991,0.5449604842829232,0.38371471400809365,-1.631037903956305,0.836198312196456,1.5446804884285366,1.9523809987605532,-1.8782980147918695,0.9386949676353347,-0.1698191247674723,-0.22527289450976862,-0.6060736094267889
-0.5318348078659928,-1.112793632624383,-0.3572214976761089,-0.6858477032473589,-0.29360533276864453,0.35587348694766074,-0.4527883398243188,-2.1717651855294364,0.5618466185056259,-2.5171988181522966,-0.19189691786295232,-0.09395559038095982
-1.651186177307269,2.1916351159452123,1.0067279814593102,-0.02804214057389806,-0.7544610925237625,0.8449110070022782,-1.0570168888095353,-0.957929725718932,-0.7763249771168046,1.753487751289228,-0.849712900018039,-0.7183724694563804
0.4171423744814216,0.34089120990917804,0.11605086718599573,-1.1369232828610296,-0.09678215735647741,0.6642691033130654,0.7137505010677107,0.11698242008835069,1.4292361640714684,0.6824241868385972,3.0052506503607725,1.9500061978090237
-0.43931048984416404,-1.563082782941273,1.14399994232915,-1.2689595334166168,0.09027811633200356,-0.4431058858639598,-0.3412738273546778,-0.1919827551406167,-0.39933223771528337,-0.9415466271259862,-2.020109683053881,-1.569219618362497
0.15059459215502233,-0.24062613236800218,0.24468500617334518,1.1412746948985142,-0.322850894526307,0.6964073375787813,1.9607578208202736,1.3165653641270656,0.4314833981599089,-1.9333557838679376,3.3976789451751372,4.040429283321257
1.8500693568979432,-0.46667280918336146,-0.6393599419657395,-0.28795601398426074,-0.7163141404169422,-0.1912113273051096,-0.5439767253658421,-0.7428731519533546,-1.6843283132126676,-1.743797070794249,-0.8368586780114948,-0.30090594759227574
-0.8133055590376186,1.2884194390023702,0.03396329038548121,0.16504386037977137,0.699387579325524,1.3381390600202179,0.6573387127735858,1.0237078579346923,2.947257857711224,1.0927455663915298,1.7781866193732379,1.12642550201805
1.4884703093993883,2.0765797279572555,-0.6648835626401971,-1.0247187413899068,-0.4481172438549631,2.8563982197695266,-1.0488512681656934,1.3918935607349092,1.0080744669490116,0.7708197103300753,0.7632595633970085,0.7997315744765735
0.552303498449988,0.36766706992536896,2.5392826390854113,1.5104142900175557,-0.6615071301849376,0.7166191762922336,-0.14161722903346452,1.14529560879132,2.524010070186864,0.03971449788181225,3.188549686139374,2.2267984334220507
0.7868472940164954,-1.2522499746263271,-0.0775245834334438,1.3915948018333657,-1.1140765558598884,0.7767194336336503,-1.5997017254485,0.05836011761444071,0.4386687675252406,-1.8453029691693323,-0.6173077315938091,-0.21214486237876706
0.17949596102340493,-0.7787773243456502,0.6240421020517468,-0.709441060373188,0.8482858051214117,-2.284466953323459,0.008163357432603102,-0.4491457969268385,-1.0991488098023496,-0.21731633782810805,-2.503359134764147,-2.368468709583964
-0.4044812571737279,-0.8524196529031144,1.3224578381763024,0.05915111111721105,0.8615447095518596,1.8049763363704754,1.1104421474523636,1.1711552009385091,5.505525738665279,0.15933735107019362,1.947202107562854,1.2168389190766682
-1.0056378103573937,0.42418716952311875,0.5078063963290528,0.19868264373202615,0.745579017881659,0.43097914452506875,0.9060045639188011,1.5277804933062022,2.5722950162312355,0.6207200692756875,1.3337158659745003,-0.09400221633387673
0.00774893692334678,-0.6659215493860557,1.6315347680882748,-0.6722806836869517,0.6612508763827459,1.0553284303874968,0.5935546112714885,-1.9657807945656027,0.7182479381122436,1.6755524333536516,-0.24829076600032718,-0.11076659935733546
-0.1447166291011273,-0.32318739226343385,-1.0834525492402909,-1.3299001078693942,-1.6948411677489277,-0.8946284941566427,-0.13617781469253554,0.6733731361744335,0.2843704021446224,-0.6397808378113077,0.4648076166568362,0.5976482495131588
1.5436297822960972,1.1933987133408295,-0.24710459523833594,0.16215959770810826,-0.276171882768096,-0.7612218902810832,-2.1589966090268065,1.2300863887077256,-0.9123017701158127,1.4694039408815427,-0.660378503302211,-0.7519456521339899
2.656821636928319,-0.21016613241251703,-0.4614245274293762,-1.101475862704021,-0.6841817353240203,1.0501979981453848,-1.0172386750453053,-1.3932678524263,-0.7245464163055653,-0.2769703553966562,-1.4920117006984737,-1.6794668796077978
-0.7617339706819799,-0.16249097188478162,0.0691167639101435,1.2932643189380046,0.6748419429874564,1.4003644416355217,1.0868323934922461,1.5770130396621416,3.0059902889179635,0.5048894685014268,2.5555726251972466,1.3536398194348072
-0.34062463977036206,0.00018874734813634214,-0.6236465251364555,-2.0989051989373038,-1.9645142210542177,-0.9676578029042315,-0.6275330690602562,0.5532348194924392,-0.10820949339196098,-0.9715930317591628,0.7613241109193922,1.31474560619037
2.0241447858807704,-0.20310799023266723,-0.7700412739936315,2.4293571657999693,-1.2209494657832738,0.32040066659513594,0.19885509694553594,-0.7929998019732573,0.8009081938965483,0.6205218113379488,-1.9464134393422903,-2.6233336433603163
2.56638764414971,-0.7306561928686535,0.5336525380838385,-0.6476473859965342,0.6057616392912217,-0.5031548188909061,-0.9299859429872108,-0.6493798359776907,-2.385833998311222,0.11820300488123162,-1.9493750361646078,-2.289328587135615
-2.177687766621454,1.5999162092595605,-0.645864134575077,-1.9047834887021042,-1.0085974741891792,-1.0347880745556113,1.261054001204199,-0.5986732253146032,0.456982240095515,-0.3060985489786118,-1.9999812765399705,-2.2099108558935723
-0.48215901008007767,-0.79926937857031,1.5373767420961761,-1.0456785329324911,1.081692416895755,1.0711517764315368,0.17542634806483848,-0.9986257280508042,0.6990239248530619,-1.8234578346118662,-0.8312131087467578,-0.5293773332793893
-0.7291851441904005,1.1104489175402186,0.6263650324178885,-1.2791990501470907,0.8502486215500644,1.169611595633346,0.7732685620160722,-2.148923967382399,0.6916555184580782,1.2208207456360922,0.6166171381181567,0.226993510296091
2.2670603357234413,0.47243738624180726,0.1366121722862886,-1.5934950652331095,0.26267725584195506,-2.0747107533323796,-0.22354873890810711,0.701672880801695,-1.8448878708625935,-0.32707102064233956,-0.3945296396981292,-0.3811177707833144
0.13427291803235622,1.683314513923822,-0.28766195413322815,0.0877168224046497,-0.6941055917795433,0.5580662800328269,-0.7857244889699181,-0.024045131020889038,0.17333477536138342,1.417033716420065,-0.8165705878721499,-0.9635574810337155
-0.2945060150234326,-1.2559876352161436,-0.8861697747035798,0.03132597383388769,0.5215430497498387,0.18600254733668325,1.656658056403889,-0.25947636982805444,0.7604808680225099,-0.3245140438453278,0.5118742776407843,0.1287107769333293
-0.692725019907499,0.32259462336338823,1.0842084975294266,-1.5840615889777852,0.1917663387747931,0.2321591376436748,0.20894845390676672,-0.5147446445989037,2.6860118927581853,1.378721109762676,1.4439047383084336,1.2419950965577105
0.42831294511830476,-0.23287540587908306,0.13667223742272686,0.0791088830036929,-1.2410780655015738,-0.024175058112431924,-0.559615302197288,-0.44209086356095917,-0.40998843529615564,0.19945540551119056,-0.4393736051583874,-0.9711419329512071
1.999507004460768,-0.22986941974409403,-0.09777638138608566,-0.7429799653364739,0.47324824659819276,-1.2810175071640675,1.3156278828521173,0.9568613318774589,-0.3707499669632153,-0.29330033984890824,1.8439774953525456,1.621530600377664
1.6857631376990434,-0.5693646095416514,-2.2299965709349254,-1.5657017631252557,-2.696173833564287,1.7929635179001253,-1.9069779028030154,-2.255707431075214,0.4285363463872367,-3.0308096896655505,-0.36330203291837637,-0.6060836790914841
-0.1393598587982214,0.6605281833011836,-1.2219879969271081,0.6527574877654538,-1.2498344269266732,0.5257427044501115,-2.4896499287320477,1.3184722232428236,-0.2245077953073551,0.19966992892486168,-1.5204378707843733,-2.350233710204508
1.5907943510058136,-0.6865122351461092,-0.2011474695985624,0.9743930358108864,-0.27424546982105097,-0.5571446009002863,-0.16525115244618313,1.434650818653619,0.13892044241833756,-1.834611372015729,1.0070192639006355,2.209679917378544
0.6734142991995223,-1.8085424970474377,0.45510902902428224,0.15812767998249622,1.5472405696713918,1.0099648373159065,-0.3664756004504778,-1.5076034245074825,0.48384189892386087,0.6448732849030517,-0.720013748476842,-1.177417705362002
-0.5745370124449238,-0.2223275306256081,-0.70046073096631,0.3368204032346398,-0.4717460792277124,-0.7603591672014489,0.017981969420769017,0.4823588622629881,-2.577830099902203,0.07785392313350492,-0.4060560275782047,-0.9575335082155002
0.047285003347961665,-1.1963428105051448,0.5696706396874873,0.16095733711317456,1.131607477539446,-0.1728204319608294,1.9093804917201678,-0.7277926808152289,-0.6741856541989294,-0.8127143483645809,-2.033543978805348,-1.6290215688743412
-1.0808635608034063,1.0835633678817254,-0.4790165001211325,-0.9070813936385471,1.0559685345845171,1.092117816172851,1.6776300929908716,0.12508756885858796,2.0685761217600254,0.8735525659316115,1.0942794162173113,0.112791151719285
1.2143507819987074,0.2732765567187967,-0.20693709710405653,1.4830258245109205,0.01695423358576756,1.2925105896822586,-0.7191253654501998,0.7720573464192426,1.3046883868435015,0.9209735268241146,2.4483875193754745,1.7397976152076984
1.9972217491042286,-0.4897588656872176,-1.086797091846693,-3.062929147292218,-0.8003850731581854,-0.5500886957583786,-1.8962231533555913,1.4904791116437028,-0.10892580381864969,-0.749733912547903,-0.7462944521770629,-0.44460835181074954
-0.063863137978475,-1.3825184467727332,0.08921891936820779,0.14830806126919738,-1.0618015451780218,-0.6240363451232371,-0.8198236715364318,0.4428244186479703,-0.49768638094398127,-0.9227585718391386,-0.7121184453733218,-0.21534120359443637
-0.28317511355264635,0.3738018116076702,-0.6268631704432389,-1.0109647806698185,0.6628424591749397,0.5160536652272083,-0.003095969658611808,-0.717744627791946,-1.9181549041623445,0.30137250106192814,-1.9228022619369198,-2.573560651081526
0.7980975709694975,-1.908600192750128,0.16869356191471271,1.990024071056601,-0.564734497855356,1.8409124039668803,-1.5396824491078895,-1.1757035150715285,-0.23537739476304367,0.6839469142684792,-1.8500238523630637,-2.2240095197748775
-1.2235302004875888,-0.4134927341671753,0.7713871727042646,0.5821490301854854,0.06094618517029393,-0.2762462964145273,0.5892588814260801,1.8633537249791594,2.3067007078334383,0.029785354285592786,0.7613834226265596,-0.045163532471864776
1.574263706277188,-0.6673167090649077,-0.7525839564653243,-1.3000503089165447,-0.25001625340741107,-0.7983058595992795,-0.437736124472571,0.5015297400128153,0.6498646527947858,-0.927818588648331,-0.04350635876299147,0.49026775687087776
1.4360648924023487,1.1268809318864954,-0.6787595960632368,0.9378241173767752,0.47940929467117643,-0.15023544311830006,2.229525208633694,-1.0117759138147253,-1.6689253025376276,0.45958769036074326,-1.0726297850753126,-1.8402594128646679
0.008235119471437548,-0.16323227080182273,-0.00591827041793553,0.7438083267687854,-0.03994058497887891,1.3171510034972715,-1.2076730135553142,1.0840633653131437,0.9730942267577838,0.9592945613977777,0.29914341177158243,-0.332818402438924
-0.4449349638203089,1.042061553466239,0.3122723758864147,-2.745237033868694,1.6224003232724473,-2.6546533370485386,2.334416499530824,1.491545795927625,-0.857914301628758,2.315716517978764,-1.582556998895555,-1.4398420582430274
-0.1370263692711344,0.6474442428114906,-0.14018252734479095,0.33799600539987534,-1.389225218937926,0.8594111719294562,-0.7391706348449358,1.2236551648018428,0.7102500845525137,0.08919364766876628,-0.09494720364851461,-1.004755419778104
-0.15305318629124767,-0.38310866278566835,-0.7986993147130681,0.4972050982765892,0.10222795862082412,0.15564570340375306,0.626598622246493,0.10659978273862591,1.2429733612134868,-1.5587873337193119,0.5583962308784244,1.4687700673130204
-0.5252659002089962,1.111150182603433,0.5940707961770004,-0.05208224002840722,-0.5213886346733448,-1.4964949821990143,-1.0223140438004523,0.956221194802915,-2.4850169702156792,2.4917784204631577,-1.2276243679586614,-0.42889578426046826
-1.737549677879685,-2.0344219282018927,-0.25916486122419613,0.3735881839395033,-0.9766249402484428,0.8485692158259374,-1.3878473100259352,0.3540001579566648,-1.617113930081707,-2.6732370181682885,-0.9487588110305174,-0.9837213528793896
0.5148029011789024,-1.3500815765022647,-0.19430053576500322,0.8226167989607855,-0.7017816968334881,0.7707328294765148,-1.4092866919212665,-0.774408865308658,0.11816726061903904,-0.32801749920778933,-2.09096489895191,-2.230083537388035
0.18089697672873353,-0.02818645015600975,0.4523146896184189,-0.6526736579423111,0.31765684384752374,-2.654584650029035,0.8426770718019416,-0.7343975211088691,-2.343192141206384,-0.46637762170240976,-0.736046354389274,-0.7002913158989513
0.34116976728696513,-0.2138850493109551,-0.9043542882414961,-0.27539423865644574,-0.6395596425042387,0.36432349079562953,-0.08031256660009267,0.5579829859504833,-0.04853224838791892,-1.512214704618749,0.24148228590395204,1.0452980092442044
0.4910553788779231,1.4681247159501218,-1.4436020318104574,1.1404496631536893,-1.441028501830465,2.916602102864103,-1.956566087995972,0.631765620600933,-0.5475172299280778,0.7537377554618246,-0.23427280726139182,-0.2382819850772564
-1.648249968118592,0.49379858655353587,-1.0897865214119171,1.9338775660572805,-1.2283991791709528,-2.008822620389677,-0.6734291133195123,-0.10979948565084613,-1.6198518973739002,-1.4888444423197629,-1.5342345753292077,-1.131653812028194
-0.7605975826991399,-0.8769256138181517,-0.4626759255757887,-2.1693493239712507,-1.618175595957242,0.3968944823726151,-0.3543099427490353,2.3761018083842496,-0.6199104962578363,0.45331323448288763,-0.7270840213823042,-1.994027098492386
1.2552397349346396,-0.899056772496316,1.1522101996120677,0.7321111909411161,1.597872057400462,-1.5443664844822038,0.6045307821510792,2.0475719788339948,-0.61187131681545,-0.6726592659382085,0.4990711877698669,0.6152172852488194
-0.0025015631741619575,-0.05922763679389016,0.20220413297601328,-0.9291789000370808,-0.4291544121685712,-0.5507282265931133,0.46430429367717874,-0.9439429398337811,-1.3741821521778703,-0.6280457626446795,-1.458498654591315,-1.3718544280760225
0.6138197016258127,-1.2222414589798434,-0.13733622619283245,1.9214393614212897,0.6562997255561853,-1.1491531169392188,-0.5054114104874672,-0.16861002949515072,-0.3534041563271715,-0.4804395007372432,0.008422766021099148,-0.04002214817078786
0.41388797851155784,-1.6438300771978462,0.2714964219767538,0.8333790123282127,2.4200828722808803,-1.9280068677962603,-1.6523194999062576,2.6226946924010384,-1.2406581606987823,-1.4293416348539534,-2.273887431489825,-1.8020203841473128
-0.12634509725770393,0.05194107382628647,0.34380159735677507,1.6838925191947525,0.7460658954480671,-0.9321615642660597,1.5614202744378614,0.8351704330381342,2.2947262418215884,-0.6544202647862847,1.5991240081076121,1.7863392020449171
0.20283117491955627,-0.8085103118501306,0.1763848698136676,-0.6344746456913622,0.08171656013746341,-2.001304167112128,0.16838742474144763,0.5289595787141929,-1.121767126466162,-0.8582098738788202,-0.6552817722219352,-0.4421520924908532
0.0830191942025044,0.0008848244356057103,0.6910541415946123,1.1031852674308311,0.20924227034893572,0.39630189304409247,-2.20360265598678,-0.6698886102327876,1.1137389327193066,1.3373451585952418,-0.34852660457942,-0.44665281650928645
-0.20884668063556786,2.3711993129952313,0.3866695258233392,0.7911445180922876,-1.393983726797097,0.11356800682743584,0.31352467171377174,0.9954487333237989,-0.6536517183833039,0.4797864741400544,3.519258619803046,2.368439721791382
0.8030064463730191,-0.07704157651397167,0.6956888294132086,0.743141347669521,-1.0283844524751626,2.2047211603005246,-1.0172948321033732,0.9488703804582144,0.5017526992756163,0.3901869982003835,0.09304753003430433,-0.31163451299361933
-0.7241808564336827,-0.8624266567076565,1.0565910457730696,-0.9842756062785796,1.298339930388792,1.7962548610029772,0.3334010343555258,-0.062114487266643925,2.6075011358397644,0.8297067886796026,1.2603187602986423,0.680768083728266
1.0299226677832956,0.44856599523400154,-2.0965568771393284,0.160405019969162,1.4832021406475584,-0.36396836526667165,-0.31657819130080156,0.7564639817479376,0.9045474646384052,-1.032145631596542,2.1633290783305634,2.9178419315420214
-0.14516301457554281,0.6396719574280119,-0.2066024989838226,-1.054663026605072,-0.04084106756221076,0.29365763089538216,-0.16918223675328836,-2.5579311294938374,-0.4111263286933547,0.5240274906031614,-0.20108280949870616,-0.640456150734165
-0.9603695374229407,-1.1697002190201384,0.22361917372558665,-1.9825169114542598,-1.3889931440506065,-0.2026644864618134,-2.0290198797074463,0.02529787903750058,-1.1333789547734068,-0.34762865802279236,-0.7915971546237928,-0.971183826767948
-1.2302558481023342,-0.6177139503719453,-0.42234740538271215,-2.259094583645731,-0.5893947321025866,0.7034957447835665,-0.26327781759172936,1.7977874761508472,1.3108240118642378,-0.048752659536140386,0.8672481910140392,-0.044029766703355885
0.1490106409326016,0.32013989874755394,-1.173220775917412,1.5401649635166084,-1.2841940991132499,1.1725151308811534,0.9289973663855686,-0.3468882597688175,-0.0021635850050618632,1.1234208448318035,0.18849843344871942,-0.3132232102869199
-0.96916254168674,-0.5289161483962235,0.7001471218755997,-0.32720431979566267,-0.12120922986753901,1.0171729044169961,1.7628517973717197,-2.446715085392575,1.420575257972701,1.011263805637313,1.8411107990914681,1.2551146953974117
0.39002426636787707,0.8998236296160428,0.08642176711578656,0.8364662492896734,0.330197713095482,1.221707825460856,2.0945874342256534,2.3917738647118894,1.6773338770891102,0.8561955739472995,1.1223637428643785,-0.025985947507886076
-0.7906720220846539,1.3595045219591062,-0.4397723365772981,-0.5120151967567861,-0.7684385714552623,1.6766042560665682,0.3288847728123885,-2.034306581048445,0.6290845112605563,0.9807440444884689,0.2746575740257721,-0.22268181120880487
-0.4033746676025432,-0.43164114899181344,-1.2256520207176334,0.708262921129981,-1.6837612784739002,-1.3954124028910089,-1.7454396613082914,0.09070661280002001,-1.7361917831531946,-1.7443724036374055,-0.7941777611667147,-0.18365142227979336
0.3925258386347426,1.114981290337037,-1.586555043560579,-1.0560322337868149,0.37061280683031195,-2.342059614246954,-0.049604819551371415,-1.6689486078277356,-0.7926870981063826,-1.4964561064539046,-1.5172920652694342,-1.1844845606388574
-1.634204478365812,0.9053690205672591,-0.05577392549113751,-0.26215008291082303,-1.151933060894432,-0.1912984180432124,0.035277427252469296,2.6417670959618555,-0.8316154662539228,0.008898339311866899,-0.3130854490323406,-1.0576189228973085
0.45356281636775825,-0.3968987824914768,0.1668047540860711,-1.028632623864,0.9300107163269615,0.31779836494469094,1.31364485238871,-2.1969327366013323,1.381849289477723,-0.4687051631614421,0.9698058124154663,0.8999002745484187
1.2281993033557737,1.4703930202826487,0.1811360606874863,1.2860530127995815,-0.1918575855113791,2.433446391125219,-0.9139765704868263,0.38055373106664037,2.4231373624487165,1.355680138464191,1.2745584110947825,1.2714421549381036
1.228281428804111,-0.07248943405043848,-0.7867811120436378,0.07387118405966275,-0.6334039201374378,-1.4816798707881786,-0.44231867367864636,0.6384381110383037,0.5660551998897967,-0.6255671669922941,0.92501414824992,0.9907407677612365
0.46491461483376334,1.1639700088724005,0.3663644777126127,1.0150999959980522,0.6008213333360748,0.17822442279836231,2.00218193467019,1.7839721002249393,1.149599366253521,0.4581509118701228,1.1971159121310961,-0.25462061106161493
-0.9496346123507381,-0.2463829997097635,-1.4543157779150133,-2.211165685273711,-1.4878889277344354,-0.5477761082027517,-0.5844920809467531,0.9308202135186667,-1.5110463272249484,0.5617283940190052,-0.294445321936137,-0.9141308427651094
-0.07719758515855914,0.40474498827665123,-0.7748567291931905,1.7530303856884657,-0.5104394314072813,0.0220532980348479,-0.1070400748311513,0.46204196243750706,-0.9722342649553584,0.891619577158437,-0.17393689618410324,-1.0007681089522815
-1.1515602523081323,-2.5087687992201437,1.3534840147302518,-1.923749517393116,2.2028756561076244,0.2231558245539489,-0.13608196796629884,1.9170557348084178,1.282496219076122,-0.6042576490924159,1.3551553666748481,1.476098400674956
0.6457795637371482,-1.6037731296599813,0.45428441798606384,0.015490093534769267,0.6104837892960677,1.2765288624919897,1.5568076354394935,0.5984061248663632,-0.44572146361675014,0.5874480769838912,2.973890523157174,1.7463955161153184
0.2217365393682436,-0.3855944838866331,-0.07603168983136462,0.7856541676881181,0.7136209422195765,-0.7594572829354955,0.7702777318727855,0.6196825608611223,0.9942011964976786,-1.1566310142911422,1.0857611493200623,2.094195291277318
0.4147090141757562,-0.3802948024785951,-0.39977211524051603,1.2794776590294117,0.17640006567852878,-1.726742741911872,0.7773303265510142,1.7520284154376584,0.7940768242139438,-0.9419154871090478,0.48353371598905703,0.8656516727321888
1.8810831082800608,-0.20939611992165322,0.19513808210111933,0.7916012384028736,-0.8744168913460355,-2.1545145547499787,-2.340975474963594,1.199513758200944,-2.294785811572305,-1.0624167879375774,-0.39482148396309646,-0.14055677770823938
0.21638908637330642,-1.6231966780538827,-0.0067551652602919334,-0.37329293396932517,0.8282026240747323,-1.0705665050426276,1.279596957373958,0.5257826741227728,-1.3486334812771241,-1.5683809143824115,2.341542843438739,3.610885871841763
0.8310244501916844,1.8846079205913178,0.4970553322064444,1.9001671404844294,0.0787485841345445,2.8173230260566657,-0.6472481707591919,-0.6638670072804218,0.6858651029783169,1.0591495845129821,-0.5909019353073022,-0.47322442299550826
-1.278352474135129,-1.231985457696541,0.918794800533229,0.292948499661691,1.3434745079212926,-0.9141169492418219,3.377630397771267,0.44267716153503206,0.545950202878714,-0.02851174054509964,0.5869315849522062,0.12804901942660318
0.4179130530507954,0.3835809495111661,-0.7450158149846615,-0.7042829915299033,-0.1723925778242289,-2.5920554629439443,-0.18808334392409892,0.9146076754999296,-1.102618275748783,-0.8497637619048256,-0.04027294363953887,-0.062228318931542514
-0.8988302438981979,0.5682521956816932,-1.1689597387841837,-1.7967954480848154,-1.158147845346798,-0.2671952616046202,-1.8434180285928092,0.8208209296666779,-1.0296546113205196,0.02354709025769297,-0.6156446421385233,-1.2123943424341093
-0.9158623716645502,-1.6647391087895265,-0.4034726311685183,-1.4554311225049568,0.9826912248347982,-1.5037833848205893,0.6040179618791185,-0.5028843309576626,-1.2158529282063864,-0.9155250185371583,-1.765887374019941,-1.436024351732133
0.5550855239150635,1.0659411502922178,-0.8595184006264321,2.7999685760803015,-1.198789428434451,-1.0972223321819845,-1.4899440591432698,-1.1851251079982978,-0.4797596292302444,-0.8563464101048708,-3.1724096391872756,-2.9808044098674293
-1.756623295632451,0.5818046842898216,0.6066673106667972,-0.35848190914831435,0.3363658839811154,0.08096749405051032,1.5512631773351169,-1.1693525272263747,-0.0019404104771231223,2.1079280991088543,0.4766669680834663,1.0888760687325736
0.5571793633437538,-0.02532354170645643,-1.712656943258652,1.1801950842725275,-1.6736128683544178,-0.660785851992316,-1.2771525613888843,0.5670925437189518,-1.2121575546821695,-2.0873814386252105,-1.4696981607710948,-0.8096777538986616
-0.04494520669617578,0.10151184165103447,-0.4396850680889028,-0.6350150326190139,-1.5195096529098664,0.5199631516383771,0.669313065729218,-1.595592289544254,0.35961766929314914,0.7699450102089647,0.1063242410583653,-0.4697210094918563
-0.3907658741745947,1.9351940142200452,0.461586633836594,-2.5612650127206282,2.3840240349122928,0.1763515702441053,0.4096440810724288,2.692294667518688,0.34668506983962,1.5401364183591595,2.192144660741601,2.1730954933622884
-0.6211387868913185,0.04767736766735432,0.84699090783528,-1.0741198259729217,2.4739846916129697,1.0416608708268447,1.781462657428571,-2.705286453529415,0.6852329363677786,1.6812337942423876,1.286598263617631,1.436467151687817
-0.19091277271768897,0.217156232106051,-1.2112141132194574,1.4934821027018832,-1.773455346391807,-0.2577497309011274,-0.4286989302412316,-1.740408381679313,0.718310878262179,-0.8793311296507715,0.6122863676395376,0.7609361392976242
-1.295222175182485,0.5078502111946959,-0.3520612359341846,-0.7161509365445438,2.5152101625750385,0.49415466724570156,-0.7609459485117116,-2.5997123033289777,0.4526019302745852,0.09952167266113389,1.9756153894674302,1.779847078838539
0.6993655873303606,-0.1347641051943748,-0.3708089230351856,-0.2257574797434706,-1.3499897836653136,-0.865974507910951,-1.1246364461070175,-0.26671423276981393,-0.11754749187128344,-0.7787962531755894,-2.438718987689815,-2.240343361330817
-1.489551777499547,-0.5901674501869731,-0.6718522538200261,-0.34998734911523777,-0.5466326692849062,-1.4919498604691834,-0.9423070782837218,0.3158425036603735,-2.155620430322757,-0.8949175246351996,-1.230528926272442,-0.9190384643555835
-1.4894234038514966,-0.45954636211383443,-0.033473852591619245,0.6687246265529339,-2.138628470762021,-1.4526799776302604,0.07805210560631909,1.0000058310918607,-0.1712049511337026,-0.29005048700705793,-0.6367028426039256,-0.7875394169263031
-0.7082849583289978,-0.8336591524978182,-0.4375720636927466,-1.1139151189464607,1.1207026558849122,1.096670675561411,2.8097513107588092,1.2830804104909301,0.8127846331811609,0.13194070229383192,4.184332966777747,2.938520135696466
0.8612696676077037,-0.8151577846958102,1.7314370759910511,0.6722372987680529,0.6415090345791745,0.000891106194920499,0.8889011828804144,-1.5917864526628125,-1.7772815249521439,0.41319429885555203,-1.0335194687871567,-1.746779235272186
-1.125133447957018,0.20690735574085226,0.8473692546128141,-0.8624561080776499,2.0366053943284177,3.260198629964948,2.4416853590037864,-0.9203067295912641,-0.029992091579719188,0.9156431316882669,-0.6634634865393435,-0.41751858692704125
0.8244956761838728,1.0805725462789757,0.15836076225825624,0.07888634816676743,-0.02192486407142971,2.4964027295544056,0.37378609321186945,-1.6338586540449973,2.2260322960632597,1.2936014588712035,0.4317372015901089,0.41061477045952266
1.08071917929989,-0.8142775139534641,-0.048245435043767146,0.31534274500944415,-2.474750498635634,-1.1532716047102616,-0.17188961822168808,1.3019380618750838,0.3640002169080575,-0.3804008367632198,0.6402481334913863,0.49431380051008716
-0.32710877120803167,0.7553697644372035,-0.446266859376771,0.5028412088203101,-4.0498874800427,1.4908006346044718,-1.0951755573433761,1.604814832117793,1.2174042744263034,-0.13177820340004592,-0.09571385032827495,-0.45256397217958266
-0.5532447100472286,-0.2308012238719139,-0.634234582260027,-0.8296741727602474,0.26896610585866887,-2.865304355762424,0.5078251661442017,-2.5819545714390792,0.6569930100378039,-0.8986506096485849,-0.2058220805619167,-0.2675829433480061
0.408200659834883,-0.6898646346295407,0.21741936717848034,0.471424447134893,1.3951634764920626,-1.488038327902082,2.147568040626326,0.9736431838929447,0.20455774030269208,-0.23648068798176725,0.850735495159508,0.6925498657299743
-0.28347802914411124,-0.28935514570517984,-1.7126282248835212,0.2908192400095839,0.5305553431911558,-2.4632294624302857,0.0963329423291025,1.3457008501139687,-2.3175423794359173,-1.3797114768184688,-0.675437829957199,-0.3831987044314617
0.5003456246802168,0.012597968002781628,-0.830708067018094,-0.1672984967643919,-1.1856927535555912,-1.2598944983470712,-0.4769773041793448,-0.5481366900293221,-1.9032252036212716,-0.9274121115112643,-2.0077180446841765,-1.722474923113687
0.5993335643403228,0.44592718168434864,0.4948812910813772,0.9540364179651402,-0.5367985659139543,-0.6255105236362425,-1.2115591791251725,-0.6305317536669182,-0.5399057308308405,2.208494807665865,-2.5776964587396427,-2.1649080515486716
1.2959348384980454,-0.6009607940984436,0.3215453084255229,-0.9695060747838041,1.231767425295416,0.5128342111757207,0.603017079131625,0.6158418677277192,1.1815874301175229,0.37214404072611074,3.375992457037462,2.165616151963291
0.7058575882162814,0.720777189452254,1.132022505374808,0.8523835772567603,0.5582407385390243,0.3712583330633424,1.4185805173171753,0.8982107025427987,2.990438025020462,1.5457413703739482,1.3003157042537068,1.2971343639334183
0.4185798358032261,0.2208280198458751,-0.2242989778349494,2.212620567030807,-0.22681222029562012,-0.1272516993528754,1.0509475877737067,-1.5416225026732302,-0.6437076154735395,-0.7960947860505342,0.2762589699173275,0.5087538955362336
2.4177076746689687,0.8441588222360396,0.8522136104337,0.5710732697711874,1.8114284000914367,0.7712099851361689,1.0845673422516064,0.973653010811388,0.9928522657572099,1.3242164583367448,4.276302257331071,3.8416983625609396
-0.3912402464845524,-1.1224076219267876,0.6738109245901975,0.9726686001327078,2.817886381194957,2.048087920297155,-0.6704124785625596,1.1635830012230424,1.1937986433581997,1.0977547625966353,2.3382981687104465,2.1250456494936927
-1.0867792945774588,-0.6119091365735932,0.2119824443664362,-0.07023605293795687,-0.792092070691934,-0.3008570724635439,-2.4037508692553975,-1.6771551846887809,0.9122080653621116,-0.7192974470244274,-0.5846383377839401,-0.5965117977189911
1.1864880096186787,1.6052730514807632,-0.6339184568092056,2.4466932897620053,-0.5010740867792051,-0.0032068003625211894,-0.4232694556943273,-1.80076687420844,-0.05487879234498816,1.6892898927737656,-0.6030279067885493,-0.5441629591685349
-0.9542884007918394,-0.9097269630442548,0.39238906136604057,0.025395419010093567,0.36959572851200895,1.267409760629368,0.7338405268718271,0.11757327660269565,0.8446943206643336,-2.2541793380415296,1.2331716853710444,1.5176180457275348
0.49726792649787344,-0.5187134481313208,1.4544079888447494,1.3296581992363956,0.4917238648271933,1.0880331149129243,1.4931855708922113,1.4368121177910482,1.8922364318389524,-0.36530045336574923,1.9153740120090876,1.6301326084484906
-0.6956575395959306,0.8038586752785533,-1.6993434283316282,0.9161301260235951,-2.2576450156960237,-1.9723336810635592,-0.41198858616753387,1.1762052005962182,0.5879094030537412,-1.118678724367823,0.3217379737738322,0.6789211541761662
0.6691780642994354,-0.6338398970603938,1.644483344385508,1.813891826748505,1.3598672815996058,2.3892034467107406,2.231344390486322,0.9261523994254809,1.4345153053136885,1.498070973282125,4.474921660798707,4.4782167042854955
-0.09409734983659321,-1.0547043584125941,1.022793479076813,-1.738948175256091,0.6582741281967693,0.7832600123031146,1.3628212230459584,0.058363708779239895,0.04071554198361324,0.40372141433616526,-0.5915784438811351,-1.754835696204732
2.090428548455588,1.451248720540312,1.3315186674331216,0.767130468643005,0.651682540012704,-0.2472230245015199,0.8670349156954422,1.6340142432519897,1.8533003416815261,3.2111570477396856,1.2049868942338762,2.1540841097238554
0.01066294924637978,1.8362782144333496,0.1546632730783849,0.47208074865269944,1.7503757923471976,0.15984941225044377,-1.0044178903050134,-0.2856698745195697,-0.601350835537996,0.07202789391984443,-0.7374346356375228,-1.233446333903009
1.3654232622263518,1.9964790258119827,-0.8642467924923619,1.911024997619977,-1.3614714396651184,1.4393156249633638,-0.7400553043262199,0.2552847595785974,1.1155381867007912,0.09972382516796935,-0.008500500514224352,-0.6053253717284796
-1.2176751191668478,-0.624681348160011,-0.18122694775254056,-1.2433546818661987,-0.17013020294090575,-1.053319269109257,-0.5959221726800903,-0.39025971723516256,0.6356315471815421,-0.23399340707792654,0.1355204311613567,-0.023625368620446174
-2.0496071200814647,-0.30607803105416626,-1.0408342337851983,2.3440742472126237,-0.39103920875307996,1.1723378888032068,0.4339800093322673,-1.5486240934706017,-0.44322519954802186,-2.1532241004401085,0.17316111900905434,0.4725219442476708
0.06360861591127477,0.7931034847674359,0.8501458965874545,1.2325409430235565,1.525962373610743,-2.2863495211548854,2.557213990493531,0.1087474858550338,-0.25866957350909114,3.2108913304054676,-0.14936433417332584,0.0240646750062722
0.31272282872726576,0.15426366424601695,-0.4953976646832912,0.1342765476280099,-0.6920800093870255,-1.5492630450172125,0.9169380269040612,1.825578616499043,1.1704269747144975,-0.8587030668928788,0.3096761937019693,0.6508287633446709
0.3210555209777382,0.17260799337723384,-0.36520277294236997,1.222572039627353,-0.17975860266785956,0.6713091146308497,-1.9746355112232254,-1.3732357043028165,0.3216389784954726,1.5596054628430887,-3.5213758306682275,-3.513686036460437
-0.2566329665985028,-0.056062346678429416,-1.0706982341190936,-0.375018713008651,-0.26432546211771113,0.7152865821274559,-0.04122411512140145,-0.19239520629547735,0.3048758856024335,-0.13028387997248392,-0.27057263017685806,-0.763860752694199
-1.0502433989380764,0.17326046105369414,-1.800850450925583,-1.942063654923753,0.15620383779860858,0.3812593783812347,-2.4584416947176155,0.7333002676960596,0.08929673087827639,-1.156533667511399,0.8803371383052848,1.4802227324400783
0.41687846505434867,0.6325700747063858,-0.2663344552484775,1.7102917685122099,-0.3626959796403638,-1.0078179592981835,-0.027668850230088415,-0.4939794548427358,-0.7753510855066384,-1.3611372052321955,-1.8746323300852117,-1.1964551280226576
-2.6037861285731028,-0.23119791813055407,-0.976600104612058,1.4055029963665502,0.790925064663594,-0.24294116199141824,0.9783984951216936,0.0296618995669643,2.269930750477889,0.8426288078557708,0.5931946149403692,-0.2194540569056527
0.20268581800721622,-1.169770003700897,-0.9962248908952283,3.0966593032429177,0.2006234040363668,-2.150019642048277,1.3442683342254387,-0.8174368471275739,-0.3331446017428916,-1.0366602539481642,-0.6868924896796826,-0.443500622411918
0.3993884906911239,0.054044441574586224,-0.797095152937585,0.10876931983586169,1.2558694397390573,-0.3049811578523672,0.7563112885040431,0.8801846112696008,-0.33711769361310284,-0.4032916683061313,0.5333840043668365,0.25284751306064224
-0.45647871685715624,0.5096104860889411,-1.2150507070427177,-0.19310275610010885,0.056974090899672314,-0.843468687508765,-0.723166696273601,-0.35294623719667806,-1.9385323585013126,-1.0367459705282538,-0.10778002769525519,0.32645059134566756
0.6451997055621279,-0.2547200417596733,0.6458736855640802,0.8804284130137956,-0.21577680852099668,2.1701705313924005,0.6970578198487247,0.7597808277163276,2.7474140782139096,0.8033081087620908,2.6176760123231624,2.0741678993472075
1.7894634902640567,-1.18676716122748,-1.671954275043744,-1.6262901739952946,-0.6464461559876218,0.8259903084539326,-1.8315172914115827,0.3507768097657017,-1.0657931899081416,-1.9578479446133676,-0.8293186702137019,-0.3782108132376193
-0.2625342806049761,0.19935408003269733,0.15483572326370956,0.9955670858985957,2.148398039250998,-0.4604820940653688,-1.5063635732036618,0.9370459216801363,-0.4237158225891239,0.7319211282164029,-0.027959661867320462,-0.6459034119533863
-0.15300394557470148,-0.5760421286230097,0.23625638900158605,0.0639560318742961,0.3847789552544718,1.1983327910433388,1.47548271993656,-1.3754244397138875,0.9513600634144521,0.3073663964980222,-0.06210207654472455,-0.8198732411519883
0.32263881302709735,0.37353599794151143,0.0833023220946528,0.5601729562014454,-1.603669968314095,-0.4700255874431942,-0.09977794865838774,0.0830809387461664,0.29287430139073767,-0.9891521971669934,1.271602430224624,1.8567092535040237
1.6088311953708512,-1.3265629631749478,1.4607558034961476,-1.8474625075070625,1.114844872435207,0.23371569717000318,1.8084251355912284,-0.5607881957565436,-0.08966283749796222,0.6940670366102111,1.3797475791998615,0.4518413083659585
-0.9171520499910265,-0.24297567918227272,1.0492646861403925,-1.1238883306780505,0.7848575806553288,-1.4074351708758308,0.01994450757404931,-2.2193816605230494,-2.345560353292595,2.6485819568977877,0.7870988531897224,1.3691575637928626
-0.3095242265980711,0.9557029079008021,-0.3434761621878146,-0.8681342163928014,0.2570531793051908,2.211358154240372,-0.32506711117112785,-1.8185752232648709,3.0982844908211895,0.7801972100274652,1.0082647253864208,0.69879418417097
0.5283811625306485,-1.6517913446912573,0.3638130948651778,2.1258051522528403,-0.23024436585806046,-0.3385469236179176,-0.5989278736484245,-2.0707640825398252,0.08435714595893229,-1.0219701295398222,1.1876979238474432,1.3602954007246035
1.2151467221430354,1.4964468865237295,-0.07018453611936275,0.9295595234944487,0.5113831613446096,0.7459711837894749,1.7189616071701042,1.5992471275288778,0.6044274196606382,2.210278876338392,2.4923783661824888,3.0830273202506464
-0.9421683152109357,0.9967020587040487,1.0722869377184712,-0.9071905336960167,1.0753800999486334,-1.1316403737708842,-0.15850207932280724,-3.022102875514271,-1.7400537999563837,3.645474416034773,-1.3260022141744665,-1.3297006090596106
-1.118591439817626,0.3172512640274864,-1.3962000573962683,-1.2720189616226525,-3.2017705274054578,-1.6695688014647603,0.8433250063382894,0.18051042448941435,-0.0980095850784678,-1.568248125221254,-0.1862276973710747,0.7109098835776823
0.3804260005398791,-0.3414907920966771,0.3315354701141804,0.2853240997085923,0.14756481363764953,0.9527386116051241,-0.1081678894368073,1.0427547562920634,1.255320704456172,0.8141147716359576,0.24757924443176704,-0.7995671363066965
0.4318133772202439,0.14173805479565815,-0.38668385371455943,0.11866512409056729,0.8235771909217182,-0.786117451158946,1.8496391564913022,1.4880882635111452,-0.12252336821621462,-0.6456017139606182,1.1237053740690879,1.3102765345172431
0.07733237185046417,0.7145861967298416,-1.3693876659444744,2.0043808479289233,-0.5417753372715988,-0.19908550296463234,-2.8898647284677446,-1.6878897292244677,1.8109764584582497,-1.369996586878134,1.4911438341947147,1.682114919935601
0.4837261947334084,-2.362672753872573,-0.2642408810938367,1.474714651241567,-0.8447653290939572,-0.8605231621317264,-0.9781638385605923,-1.3378236201821234,-1.0058700543798473,-1.2131306085374662,-1.531705429142589,-1.2194055001963877
2.2759213983389923,1.0435636770778542,-0.8588639759019562,-1.8894309233720872,-1.1734432489314943,-0.7963279055515706,-1.101215259656164,-1.0625398392735468,-0.9754808137274593,-0.548241989970666,-2.5873107582732526,-2.586598066503554
1.3034134335347336,-1.29387670155609,-0.49728481145868514,0.670661751017395,-1.9662038972661307,-0.5128980270906555,-1.0791475115766938,0.9719367569925502,1.1333461356333525,-1.1209243977641505,1.7056854735850346,2.50400518577368
-0.7605989733546638,-0.5633497415277694,-0.557664851138942,-0.7342744375780923,0.7177798877194471,-1.1227058738203122,-0.038569271956043316,-1.650759400172993,0.30780961913015426,-0.2914926807230679,-0.8901643688028827,-1.0815775007692845
1.3496582906564958,0.4984598431459755,0.48865061932677206,-0.7642965972939215,1.3885726685248523,-0.30753139038204935,1.9511197886337555,-0.5825261981470191,-0.31019680681140205,1.348639517218276,-1.6295989450959634,-1.91706423758058
-0.43935131677444295,-0.9095673004978689,1.5248562394368939,-1.6752643232219826,1.277782786915442,-1.766300771876806,0.5961000369827827,0.982969395448626,-2.506947548996134,-1.5775147811698673,-0.6012879932302082,0.3023863044910342
0.5634562893375573,-0.7387474582428046,0.4025012309539217,-0.2616544010409564,2.292392020532433,0.7211044586559114,-0.7910684934967038,0.49757215344909483,1.1776226347938872,0.3325313765928476,1.115875460118913,0.20122189960836245
0.931395922788241,0.8312067280414818,0.645463901235092,0.5906023196977576,0.9888302484079052,-0.23929654936993933,2.0487013850627736,1.1260418523992937,-2.0979231274659464,1.8366826228222992,0.3977628809396876,1.117584922691849
1.1839966427539437,0.13993613328938237,-0.6371036163122067,2.3406312902729005,-0.5150520424322182,0.18919914558079723,-0.18368382209080436,-2.129502529748663,1.120955781279108,-0.014042983581520008,0.6202406906380937,0.324520295247202
0.19543997951165853,-1.400353213390328,0.46645947348920985,0.746525607589087,0.6329011880133826,-0.1381919939859486,3.3448130993300134,0.1949648687198723,-1.2031882512588372,-0.5007964019493992,-0.46133664470120606,-0.5713442955730953
-0.3314026831696016,-0.4314746965548951,0.8208526529505057,-1.5453977876690461,-0.2449621372453319,0.8830486284726974,-0.8327877746793262,-0.24383923210283964,0.32670517810791344,1.435228619859581,0.010551359404117944,-0.08881964551082744
1.5157310713409216,0.13976595898041838,0.03409854523399294,0.8785816884241678,-0.12182384232299984,0.10386844232398118,-2.1641589167443205,2.2743075012733565,-1.5295161782788167,0.21125219542280566,-1.8346283435628028,-2.677421490965721
-0.2476424982102431,0.8570079001658576,-1.0932134339458068,-1.6762925062553602,-0.20014195947329083,0.9849509751838708,0.48559393206383533,-1.8700053132673538,1.660544595888657,0.4900032090351729,-0.1257478972982119,-0.7171027212421786
-0.2801639554729964,-0.3011011144785319,0.6387412190936821,-0.5023591468906206,1.2528227031771064,-0.06982263464490468,1.2106638458267478,-1.014236749696485,-0.7981969081114237,1.6470570838782934,-0.684262375864827,-0.5614890308527362
1.2826900121273108,-0.37206046836667356,0.6562425528955839,-0.28621503831983,0.08604734924493485,0.9355145352362783,-0.1415303776086072,-0.5254425014882047,1.5798251728833896,0.30257390938350703,1.024463450439443,0.3549763671417351
-1.818402521308364,-0.624768342841781,-0.7152433024482046,0.6593867984748021,-0.03713596255623097,1.2510152902003777,0.8515465482774894,0.6888929343242489,2.370155544269091,0.1912755354138591,3.045043473998027,1.9950440941457763
-0.03611953502358071,-0.5888382278216312,-2.3089730564854327,-0.241368382125215,-1.9904165620004628,-1.1298540410342084,0.005047346025482402,0.1009541493496745,-1.99534279235791,-0.4277005948240198,-0.3775185650640677,-0.4928195378023345
-0.9184553060493239,-0.5029978879747194,-0.3027903976254271,-0.2991712108018362,0.40826360582812327,-2.527685510615191,1.7338710173480765,-0.31983988517537454,-0.15853890202063559,-1.6429706669638664,-1.0725345085611684,-0.8577699357220739
0.5887563189842269,-0.7981459410636295,-0.16168833996808613,1.6794074757245205,-0.8599446967208988,-1.6018745873088212,0.2657660197158148,2.0188554139713357,-3.3919313730193474,-0.9354926219277571,-2.3835076837859455,-2.004945685854377
-2.7526063379525696,0.2143976840869186,0.2874473015503071,1.2933962438056905,0.5878451666143937,1.5077180139917488,2.481671660207975,-0.23368183623327698,0.8147027363727718,0.5568746418404097,-0.6173386624300503,-1.4950955632799738
-0.4423688954388867,-0.5864991122556689,2.5308122651352436,-1.6260055648578282,0.024941842752985777,-0.65327531271435,1.2008348820157386,0.389419760881286,0.25968795005149514,2.275591767883253,-0.6734981053231219,0.462154138228402
-0.08610703713355933,0.365893502438515,-0.01600139466644925,0.4602156529638221,0.319311626831874,-0.10548163976635522,0.3007540503720777,1.0151377847636682,-0.317818561772529,-0.07757340760772652,2.2324542298427854,1.463675569750722
-2.0837358064568563,0.5543692787617948,-2.3234135342029787,0.994965611393356,-0.18061492957906133,0.46810830265343145,0.7886499622238405,-0.06684683093293742,0.48055452707854274,1.3435483224684925,-0.5055515746101691,-0.8240841195513265
-0.6650462407092291,-1.5023976894908742,-1.7163375499465443,-0.033599173601336685,-0.5817350225112503,-1.0650885811116138,-2.5679082756348057,0.23406306351343859,-0.09489171207634128,-3.2329025024663647,-2.2269785215559907,-2.579456073601801
-0.3523034654159297,2.639712295910495,-0.30718390681360846,-1.568874361590337,0.861081440759989,0.6357880619500599,0.858430163577942,0.07071559097974078,1.1583321696686237,0.8558789751675882,1.6034904679480173,0.6462247403562815
-2.0210018447115847,-0.1976850183293691,-1.4227106903997242,0.5388501549265177,-1.3015298701734253,0.4645150209338847,-2.310980393668017,1.1919328732831735,0.011109972674007706,2.064672301592828,0.5326087448724812,1.053218062092211
1.188500092639929,1.4723003388803002,-0.8563474313708367,0.7500010797211956,-0.03497525468917406,1.2640590466517532,-2.9465762096582324,0.4496352630806184,1.265796628062677,1.1008340489003312,0.9269184351611208,0.44949737009075746
0.7320850747893979,-0.11954719505519762,-0.014082340483493033,1.9115962779023818,-0.07899254065591386,2.3146717386875997,-0.17622603983052584,0.13281078540697366,1.4844281189595514,0.5906269543825986,1.6559676057265045,1.2697395096582944
-0.7344852758389688,0.09638159554042787,0.13405832407813217,-0.2834556992682521,-0.3812872628540039,0.13865994819161476,-0.6606867624692898,0.22596253262997373,-0.8323128400255746,2.408153824395601,0.5720419014656877,1.2890712945601215
-1.0403989726697052,0.5844432519060115,-1.7767250055806103,-0.21003997069676306,-0.8234747779474425,-0.21797599891936814,-1.2612447589468947,1.4943629638594167,0.6951834233411848,-0.5850767086506771,-0.29125614813463224,-0.22288569710404615
-0.44754566980818833,-0.2119274328216714,0.3999206474818368,-3.541629494235774,0.61739222731428,-0.5030388702888771,0.6047126224912989,0.2827917644663162,1.074683817163764,0.426559925679729,0.5442177977656433,-0.2601964738067171
0.3569222137862308,2.118063885966768,0.36402301719247104,-0.22852223278355455,0.19767281529241626,-0.5404202853646112,-1.1063589720828442,-1.2535922993340438,0.10389779244288255,2.0492730147511997,-2.127414798544073,-1.8989143995909288
0.5500294131581943,0.7392258273234775,1.481444502921004,-0.18616671394122775,3.058736716996017,-1.5690978033642984,1.052393074797203,-0.4387395076783788,-0.432716889191222,2.157433407018473,-2.432395826336407,-1.8644863056388203
1.6128575264339247,0.42537376791896514,1.4240422731634699,0.08215544563501423,-0.13421958041821136,0.4898795697904388,-2.178833638293859,1.2013685861246512,2.372940880169055,1.1094008050847326,0.4896305573252138,-0.09053314763600762
-1.1961367697589158,0.032875155253260666,0.2727611670451174,-1.2925315696757227,-0.5607185448080318,1.3317144504654146,0.37556411246305754,-1.8713055574168123,0.5997900610259751,0.2986720636109257,0.9593526793223368,0.34341132533189084
-0.48127706228342626,0.20881335037400617,-0.33250780026910653,0.2790206995750455,-0.22790714184955707,-2.620478891135174,0.2641395394257807,1.028778779103395,-1.0988420917899935,-0.8961711903846861,0.003750085157964829,0.020187592956046725
-0.2662886652885579,0.7711425062964357,2.981693954747369,0.5268978643433615,0.8195969497200774,1.21187693843869,0.2010875878504107,0.012384141237458346,2.7324984578988007,0.5693043373339692,1.9566116079354594,1.0634182034594597
1.8228190580450432,2.915799673053167,-0.05755801971724134,0.6538697070631536,-0.23665603271434468,-0.48236934948993354,-1.7766480946966676,1.2390582881343362,-0.20058714456084692,-0.8974358460938072,-0.5436292751451028,-0.02971778409640853
-0.9065234188746828,-0.347098086141643,1.2680796878085996,-1.6627142264872403,0.3014720901817517,-1.9527908591525955,0.7381022470886784,2.0120848500202038,1.7799158449279842,-0.4425465985347473,-0.3532941118130858,-0.3840717834411571
-0.24247109395535624,0.8760880193847299,1.3492490095659466,-1.1196171153490777,-0.2724685587095028,-0.14437540355195522,0.5300753698935622,-0.6029453086071681,-0.9273922293394246,1.6642945983112147,-0.7989312847110357,-0.6523466909328853
0.8460656662162588,-1.386627559851695,0.5541037804593114,0.014832102377284606,1.6251537730696333,-0.5573606803013429,0.10348606335798216,-0.020726372611165618,0.48075805548459016,-0.6434971250919791,1.3313813579647795,1.4633837195087067
0.5793154549226975,1.8673228446023757,0.22211377289951176,0.30351893749157455,-0.46755613481067426,2.390357198535693,-0.9282213104977022,-0.18337179263290304,0.781513923297859,0.9648291599835981,-0.5674596327473747,-0.648877402912694
0.5427512038943857,0.1381077500354862,0.8021071445730702,3.087292245949175,-1.9568090524904393,0.8278184938693166,-1.2674500962028257,-2.0429408699251472,1.0523014156139332,0.6335713786369236,-0.6873082808490565,-0.9293869522776728
0.37826148679439475,-1.0607672327541946,-0.20669667390582935,0.3621088410213276,-1.0250012639674788,0.8893366630930772,-0.5553858602384353,-0.0049883497715821346,3.3911302203290856,-0.2935322138796639,2.9428951486009067,2.6631826950361006
0.4136602199055054,1.7643982882078701,-1.247401808060812,0.10760566514987446,-1.3108296571125415,-1.7093588893064255,-0.6971589781732139,-0.31559617739057577,-1.196468040476913,-0.284495853073939,-1.67649950182409,-1.6868510136658417
-2.2788176783624943,0.083600553496351,-1.3454547046241432,0.8082716505506382,-0.8408850625829701,0.5640219891785422,-1.9766526358706114,0.9147686744304935,0.19984245950060125,-1.2755918979075587,0.08813172042221623,0.65853708536179
0.6200763834124775,0.17954050975710692,-0.10381908988002816,1.5398571039846458,-0.09302845922705229,1.0030618787259373,-0.3813649090579353,1.54748230301374,0.4814395618269771,0.09403224059991638,0.8113731530056153,-0.13386436252030026
0.3383588026666761,-0.19010658157383875,0.401045783023532,0.4217612111251298,2.4337853404217547,-0.20123206283334116,-1.2724594810470826,0.70348320761659,-2.000753118575105,0.054027991642047274,0.8686141316402095,0.22964577460758573
-0.294101322383188,-0.03023356539935431,1.134685203796176,0.8288606293035214,0.4325552200578048,0.8429152146789829,0.6999509394272099,0.9314492452941724,1.3491278571932357,0.9830447465200911,2.746516063519983,1.756373220957883
0.21796751002774675,1.4688111606823278,0.13131819562793978,-0.37407174665786225,-0.6691031566529624,-0.1672866695795242,-0.15782813526436779,-0.027213368338996347,-0.4154335836882741,0.21678887381408707,-0.043527365057802025,-0.7246810755610102
0.693953537353385,1.035415617265196,-1.3376184458865534,1.3615326564863877,-2.3563909359672888,-1.5457089899535168,-1.0338643833435668,1.7683810713063188,-2.039239110074834,-1.069114117708426,-2.0354623822338223,-1.5974943484426611
0.33694858099675234,0.6349062945351199,0.6556662378015649,-0.09969560553967449,0.24135569028423337,0.5089670533540929,1.3016211233803385,-0.020922309217203866,1.64125507532412,1.2523788581113169,1.0396471597382122,0.539701661765454
-1.860565758331014,0.5398716680003096,0.7459699877867095,2.771310855020169,-0.3308166883375402,0.5159052874539677,-0.47290586512110633,-0.9610861107554269,-0.7889043456868783,0.21653053749307127,-1.0375458991130568,-1.5203363821454814
0.24058988583092156,-0.42685598408899167,0.9202032182946913,1.5829660591791,-0.0073179872934409085,1.0038155466173908,1.2495703145719417,1.418498707910467,-0.4476330086050977,0.22727274007702752,4.585802689535428,3.259179917813019
-0.4035904118587916,-0.38240358996221246,-2.2594426632591493,0.09147090359447585,-0.4374262660469916,-2.155127451531525,0.33306989411868126,-0.19429869442681713,-2.20903151589678,-0.537347436901833,-0.8012265652142168,-0.8019548047944578
0.24300104507358497,-2.1377980530383938,-1.0154345272987872,2.1574812433266937,-0.12250604936371712,-0.040852533433087035,-1.3839730628697295,-0.5479604507199419,-1.523395283537704,-1.189343684591546,-3.131917063577043,-2.740653280089045
1.8433966490071994,-0.7709853283042539,1.329424855796321,-0.8595592411492876,2.086897524889608,-0.6411631002797307,0.6867653452659335,-3.0838447537643714,-0.31494102928837125,0.011560613119395963,0.022889984823932008,-0.5317534395371781
-1.619799598394478,-0.44457011896873333,0.921029381244857,-0.024049596204782545,0.7083969607409853,1.4700453621770957,1.6047107761655797,2.1788813946283554,1.441429296169158,1.3909671505776897,2.148250060624327,1.9894001079001578
0.40107368955491074,0.40057826013834286,0.2678222901859281,1.3864451237604136,-1.4475034833124385,0.6668700301491861,-0.3797804637658052,-0.10506400935625448,1.102465709360786,-2.107642349179537,-0.7477799268783284,-0.35965277343506674
-1.0186646557746777,-0.5309833502462573,-0.2428198109481681,0.05536766709144614,-0.10179224736000778,-1.3581016522059135,0.023025492073097398,-0.04788622912102365,-1.0361799214015885,-0.1631345879184276,-1.1692725726711193,-1.343572820885212
-0.03238376427310131,0.2195050816325302,0.3499544920936635,-0.14234803493844012,0.27610955100354767,0.8785924855279137,1.9237219078148287,-2.1971271972778044,1.1173634631684028,0.585177339789072,1.8710456843418557,1.1074638699187784
-0.3265547283696916,-0.07048762025719565,-1.0632758186666378,-0.37682540734629816,-1.0837522720511006,-0.9560254844586976,-1.1098099466729612,-0.6268558328914509,-1.9748422051884045,-1.5566289454748843,-1.6269566300755396,-1.1261854100742152
-0.4565818067535573,0.547650403072434,-0.059394097616203054,-0.3626578903742887,-0.09792910043351016,-0.5391262957756525,0.06800268848824811,-0.8017182543974657,-0.3863159203270886,-0.8825728656897898,-1.8095056930776008,-1.4832020784486089
0.7178307753479751,0.8263796158493502,-0.7509047452375757,0.10553845695334496,-0.302844481416928,-0.1259838731643093,0.7561881495084452,0.6808276089005465,1.8355830781598272,1.9745040642228096,2.3972064941795197,3.1700562680544393
0.3786819146251641,0.20265846102627236,1.7297290671127084,-0.2789941924435346,1.3064542094368368,-1.4085741505392297,2.0014522083355177,0.61637609155226,-0.6215786713658599,2.2485834960951108,2.369575125442565,3.359152208235404
0.461341035559804,-1.3331716880909947,0.5709760701622882,0.11574355360468591,1.6912184982119014,-0.33988489725481685,1.5955873631436788,0.5153785887375243,0.29977841845354697,-1.1774387024088537,2.0692465993410485,3.181048532992506
1.342557305609091,-0.20188494643105123,-0.3884899371747556,-0.09615979788749196,-2.0457371007670835,-0.4220535174499822,-0.10936167725872056,1.1923050778209336,1.1239872930556705,-0.7177758814842319,0.859881430468544,1.188865625063114
1.2383355173128126,-0.9676972756514978,-0.009890159019826537,0.04222452879396832,0.3460973969776659,-2.197690598561034,0.8482451538146754,0.1680038033046106,-0.48717952879225246,-1.0613006973651098,-0.8000316367247371,-0.46688083088511245
-0.2632014542153957,1.6467313965959334,0.20262076225722778,-0.31860420468631806,-0.5883185446973789,-0.5308619845546905,-1.6870263582161975,-0.22835883969102272,-2.601871645844409,1.5252502454608803,-1.5332636297754718,-1.5515454150148338
-1.2321775962514516,0.2885637930955777,-1.149430372706083,-0.9579341904824541,-0.5235047372676043,0.3162970017302106,-0.09474091484191971,-1.5205809448242564,1.415117540060603,-2.5043617079843794,-0.4998679789798548,-0.3870612574764226
0.156830913685834,-1.619802190428136,1.5158819288433445,-0.40324929939546844,-0.22415682727532615,1.9203769565083293,-1.6618545270709264,-1.6031049685553267,2.344053909097131,0.5902528195126882,-0.9824573634849156,-1.3903851091083526
-0.2339090816026292,0.8530978609297206,-0.27457847850822026,0.4618939794630971,-0.13910288010076055,0.3537708206637932,-1.1480876245482565,0.8422861320722262,0.8593260238405428,-1.9838962812255003,0.8375938661361504,1.4675571233485396
0.26533815860629145,-0.3046410737117115,-0.4347217350141114,0.6331566864124585,-1.2045361339306127,0.09823752700122024,0.07305123209544784,2.3893881788921734,1.4567943151250582,-0.4520981420577904,1.7383613171060484,1.4815949597115652
1.7462048529021736,-0.15753660900121827,1.8750090117426748,-0.4911573872455065,0.44699644321758897,0.46669819440961624,1.8114410158590104,-1.599614774411695,-2.1589314179504724,1.8689748078679416,-0.7878943982935764,-0.39582882210709713
-0.7869254059939896,-0.9419842426846371,1.170815173542337,-0.6126213229665453,-0.6246372177856173,1.3514149057291582,-0.5230869493549541,-1.2325750790688133,2.186202170363993,-1.5319291789814924,-0.009851063923740466,0.0414033465198117
0.9659665271699961,-0.4935432081366428,1.7412128927205224,0.6072710896174223,1.1444712677572781,-0.9091567519769416,0.5567418317596042,1.096764038362286,-1.0093170076096603,-0.6843862896677694,0.5130125964990121,0.7405777034286863
-0.5758709209319023,-0.6855390848911064,-1.966529025330489,-1.4661043119622958,-0.9506047082143981,-2.282699463989987,-1.7785421279998448,0.6395868862908732,-3.3240012141212207,-0.7429392362065409,-1.5768736089915725,-1.5380797760036273
0.18110448099333928,-0.5912437479015415,-1.6550347480365528,-0.6467806392111959,-1.9052526311607305,-1.3743585724710239,-0.09669601809450312,-0.8828539142710721,-0.5099175846602465,-0.8551060918746135,-1.1760847438064546,-0.9362192037995593
-0.6797458281737407,-0.697083819326531,0.24189722455043824,-1.0600733043030992,0.7896084816885859,0.2110588094897626,0.9185212334948176,-1.314647655582507,-0.5724602568958133,-0.13726644947729527,0.29024392731617016,-0.1118186910038258
0.5679218184660291,1.2175982794714195,-0.47147472443323085,2.1531932619109218,-0.16766366982545383,0.9213098705687642,-1.032784215428176,-1.0667676017670293,-0.7818277643975392,0.40442285907995273,0.020023537186309115,-0.3885857756171309
0.904001633677128,-0.6586819593204022,-0.18325907422998067,2.3129640629634034,-0.691562411507296,-0.5185818766647865,0.5009889483516972,-0.8370250474921013,-1.4164695449351365,-1.2364440541673924,-1.6617451521421043,-1.0201844572279315
0.08682502534213234,-0.7826173223393966,1.297537329731964,-0.7996185819796185,2.66985333576107,-1.5502469222962119,0.3832269897118804,-1.076889849929051,-1.4986988329445725,-0.7296024773056112,-0.44495475013692576,-0.296263628834075
1.3053823206144735,-0.6291292595652563,0.6501293119073165,-0.16855594920173078,-0.5061009822795,0.6326010264063993,-2.2297192604546634,-1.361520125109421,0.12830680837128858,-2.223066871031657,-3.399514207927833,-3.118813273988309
-1.3906277144758237,3.1389787578233315,-0.4909111439024828,-1.2330791937392975,-0.28434325062942534,-0.9724793076663544,-0.3942873489875895,-1.9692821990420364,-0.4615725851843221,-0.7023650905413121,0.6104966082152747,0.756493950466587
-0.563405228991578,-1.0193273447684796,-0.4465112842191013,-2.869100798872778,-1.7734077997139956,-0.20557420621604094,-1.0589419316947493,0.7538990666720742,-1.3168095187582347,-0.9830082676971648,0.31524837612212636,0.9171913814434571
-0.8721420689668219,-0.3350416313686038,1.6847845252546352,-0.6475014503637258,-0.2286709973750345,0.23609882908601054,1.1372912630180163,0.352519768057569,0.9456866279945506,0.8873714504087742,3.0359319787334806,2.0107768048476133
0.9621874198449664,0.15065840018541005,0.5653740664501234,1.4061484158678033,1.0692643086893683,1.186355280574804,1.573011681782151,0.5355250768820639,2.304147555136552,1.082485984174796,2.462804542144027,1.7100990105292957
2.192147123670117,1.2755021775417559,-1.6591834621560178,1.1798217929944332,-1.2055026652146692,1.2045157556126083,-0.05258954538009153,1.0277729751556475,-0.01900651776426565,0.6274639700152232,3.4374531956687804,2.3556449382770106
-0.18496603583538368,1.9570029692142359,-0.9285538724468683,-0.30337564504944237,-1.064055975932146,-0.8250265984384321,-2.437335776029405,-1.3039363539224742,-2.2519501282348817,-0.3310308536706643,-1.124981022968469,-1.2868740157359926
-0.5447307939097384,0.34426017885806875,1.4014175866872816,0.33829508507340855,0.38833657825650014,0.2582782782613839,0.36949067924008916,1.0455894789706945,-0.13645781098527054,0.05732490139145807,1.9304370193530735,0.9077169767334963
-0.36673744039128253,1.1149580867326594,0.6970875473956685,0.9537551239617549,3.779936765858665,-3.206549974664019,0.4566995955847525,0.7503753756848808,-1.7609979669576767,2.6410746016789735,-1.214782711819017,-1.3134514248879021
-1.3273425099797156,0.9466279722690418,-0.9169393937590239,1.1382447661067543,-2.0609193827397476,1.3946165489969524,-0.16424677479077177,0.8251451852653084,2.04569582601047,0.6306564152341981,1.4714480489590784,0.5172123840253915
0.2351387775613145,0.8237490938863086,-0.5729699216475291,0.2649189338692184,-1.7767217648192575,-0.41169706949206586,-1.363360175897073,1.1592469448840865,0.02586011153038681,-0.48730359645527577,-0.46532482481653337,-0.5529003806476762
0.9663927279494842,-1.7494643412479502,-0.3405720541458866,0.022293703648025742,-1.3496022808566488,-1.0358256182529444,1.166303781266723,-2.257927551293497,-0.7131197265508402,0.8310197682485043,-0.1358832851975037,-0.5460956818646157
1.4937760632594592,-1.2302859333214702,0.37446453877519575,1.4852610659629315,0.7114980897518683,1.876062010546038,0.8754709079557201,1.7946755777258283,0.8560454177007605,-0.11242817483781398,0.7740186661335828,0.4047526254242775
0.7756897107834378,0.6498364358855682,-0.4397855437597668,1.2831012386344134,0.3794481201423967,-0.9980011611022782,-0.04156498707820944,1.3528040900253138,-0.8563909211225385,-0.17234293509881154,-0.8829747624953886,-1.1943104664493525
0.6547068970363316,-0.6260023497842858,-0.6525526508045003,1.0419243257541508,-0.13841040010367656,-1.8215155876597184,-1.1796885606107081,-0.1633923368450313,-0.4113573612032445,-1.4236432479428585,-0.5176111313188518,-0.08843773613313655
-1.5466570144184848,-0.6916143380993022,0.5073370113087848,-0.2065146421871792,-1.1298752486102361,-0.9075949899167757,-3.078486832332348,-1.7192766123924692,0.09712344519139371,-1.834875085821856,-0.08558803435467077,0.016164169676373463
0.3130148852473956,2.13482875354349,-0.7038972033065053,-0.5235089496368686,-0.8492710502709038,-0.44479866802890455,-1.7503546672437298,-0.9598509698166972,0.584622848072271,0.25370538880831556,-3.338306216737485,-3.704117622938095
-1.693834457119269,0.13347804694651805,-1.4232389218174468,-0.38724600848457924,-2.045853987714067,-0.319402610163315,-0.478175681651282,-1.7420175326349616,-1.7270340326953395,-0.16330875787507337,-1.5631109675297155,-1.8616697108846005
-0.4141407008911791,0.18275555665231716,-0.26220261397309513,-0.631793431922681,-1.8968574050339357,1.1475895467059944,1.067675406790741,0.21444874407530745,2.554061459229504,0.21470537967467382,3.0364146017689277,2.020730120337099
-0.6863478895803743,-1.7791250966943097,-0.8076461734321808,-0.8455263860231282,0.44903310236427463,-0.4838905531716135,-0.5586698374336424,-0.37370460517851334,-0.8333200924152906,-1.1893953857575683,-0.5256447392517527,0.042338708512473566
-0.3195656126147247,-1.70642226734614,-0.7173425587029006,0.32820729960965644,0.5735556930529058,0.23115309882968105,1.0778590479480359,-0.01914162993411772,0.1157450864594414,-1.9346834070386731,0.20480005614382535,1.0152750348294362
0.9554566309534971,-0.7804053723453988,1.077032695526568,0.42406951261385106,1.7194023377823218,2.073293231508874,0.8584850434227008,-0.1333690892956393,2.2499628460320173,1.4427047258723635,2.4094135536969112,2.3759767399884897
-0.5043889676262193,-0.022209471910340915,-1.0138227743065722,-0.7138405400926593,-1.5245716885595484,-0.22470241174705974,0.07031146548307243,-1.6628481082017157,1.4213930192400448,-3.3968832131564883,-0.32552348008672755,-0.8803232828223462
-1.2213613777382364,-0.040403607365622235,0.49787364807453366,-0.07133309197072968,-0.025698671416747643,0.6264778048021871,-0.8911085376367667,1.7182281438475264,2.0230731544104033,-0.9327602218138566,1.2082220985119976,1.5737090319302147
-0.3867980474472908,0.225708314796272,1.4609644496563194,-2.1751959418571367,1.327695302805291,0.6450161423320356,1.2670787416712088,1.7516158731107434,0.3776651380149757,1.7565023534318593,0.539978400586526,0.8681406226124946
0.2813542974598741,-0.984985587248715,-0.10768581089533058,1.4797857316964422,1.0685918560119607,-0.6143319013947525,0.9331285785485853,1.341803666612139,1.839300210714063,-0.7769689126067065,0.43152119735543826,0.9200592231999909
-1.6840916449254635,-1.232780922390403,-1.1267443757223543,0.14910300942474855,-0.646474360984431,-0.9513062429412287,-1.413985480033097,1.9586188003516398,-0.35720403718216887,-3.358435506361648,-1.8220267025300056,-2.1371679261413337
0.11599939242589957,1.7793917416293408,-1.2638609541638388,0.7530061631114856,0.21204950851451798,2.47043398849825,-0.8413827704876244,2.2690642469264612,0.019088869696570643,0.6467521533483787,-1.635417194390341,-1.8261912098136914
-0.10004705133936764,-0.040506205789946265,0.23086572257626897,-1.1898923992505424,0.02806102745350278,-1.7545581031224868,0.4005380160040146,0.8452166799622233,-1.3873148829798096,-0.31091699173081977,0.9520269842771782,0.8602609005582569
-1.1223475508484664,0.9769906215822651,0.960301818230886,0.6357120437762567,0.6254115350084003,-0.98159355653724,1.5054754328196591,-0.9943724028836023,0.25761450899803306,3.0895369565115205,-0.6554340304143382,-0.029581422293561144
-2.1392746330041197,-0.3090704805111259,1.1493812130883898,-0.18044894867584416,0.23879122603196712,-0.8883273140164092,0.6236690135576903,0.7650120412198314,1.9817391311866577,0.9351425407521647,2.192014813470876,1.6420415090307254
-0.2131321287034666,-0.7121298813406042,0.037284407786754376,-0.705874023043913,-0.4678379616931382,1.0309728616631666,-0.7538975815222348,-2.538503411929825,2.2773794036842205,0.6831245133344573,1.8542931718916749,1.536714753611368
0.3146359050878376,0.8173151868602573,0.16313664061988906,1.0686348123422558,0.2644629565051335,1.9840781970479062,0.8173651661013783,1.110478502809602,1.1420567838827544,1.5886767943861115,2.357432584010334,2.3718328410513356
1.7399811003776107,0.4596539388074112,0.8355705417463449,-0.16814116408473784,1.5313555130524126,1.8122103604790947,1.3887484921584208,-1.0320475398301272,1.5660092287154148,0.8882281475773813,-0.15490704187818494,-0.6724003228368977
0.8064958445562211,0.7888806487597315,-0.27413932825149356,1.0262862363051146,-0.44470500141060304,-1.152637896614103,0.7730244077173924,0.5864935389020639,0.6523688408154358,-0.7562788061944778,0.12168485440064358,0.4391363877492679
0.015522310120374009,-0.5222822082937209,0.5921166120099705,-0.7608248493301821,3.0808956257968223,-2.312371342762656,-1.5043029939134138,0.7173021782757477,-0.37953778522246306,-1.0640800031233704,-0.787039460301832,-0.5957604069812599
0.6525594419386762,1.1617091380059608,-0.2528219328964118,0.08364326915306097,-0.44564037185104866,-0.310348105365571,-0.2727637803928095,0.7471334668353153,0.5318188132652664,1.291765882729337,0.21738051168090305,-0.17285735690777343
-0.5099981608842631,-0.03549447503616799,-0.5480615451233434,-0.10537196347641986,0.002265164190827451,0.4894273735576813,-0.13427222908448402,-2.3282043252561917,-0.6836717052708078,-0.8560372367783864,0.5244300001256811,0.832987063979668
-0.09767887265394966,-0.8363112632048619,0.6429274293914965,-0.2330048371039014,0.7817109909483886,-1.3224386988626629,-0.03899184532349442,-0.33682994185026144,1.0531874410266395,-1.256430918880786,-0.5304070873961173,0.07328341414163009
0.6737783488787701,0.5096642518026343,1.1209686791322702,-0.2946981753835224,1.0009679023581324,1.7874797540775456,1.4292447660127665,-1.4212552773484632,0.49679825191321325,0.5198865586142691,1.761687765772578,1.071647804576017
0.14559833181866785,-0.16973934004289376,0.10540411413311465,1.3129094398162664,-1.681100040865747,-0.259002313833788,0.9481775917035196,1.8012659298018323,-1.1541759893406276,0.5967040866148451,0.29949749643063617,-0.6971380776995062
0.6309161776598011,0.8739162451545501,1.5688674701726695,0.982062931953745,1.8682677122348221,1.5852238563015177,2.591881367634431,1.6482289972299928,1.5260210297944983,2.0185091451548454,2.3850218539114074,2.4834577529627415
-0.8469362380982912,-1.1332959231590674,1.0444147431053763,-1.0473221664551349,-0.29883942400379393,-0.004258995134756027,-0.29280011171096826,-1.208427787187529,-2.9922590159749793,0.6103381252509144,-2.2716834111643838,-2.791656604812813
0.6769745206292834,0.5137557928702992,1.4785665019878664,0.6041746191291177,-0.4440170437430532,2.823154733814591,0.6422201095555075,2.094168121863333,3.0050761948441744,2.0926933203159894,3.241972683428637,2.8027178588666475
1.1591126457334804,-0.727155109736708,-0.6069483246788503,1.1155714235473688,0.6388532458258263,-0.38424473384863433,1.922823725837861,1.1060716463541147,-0.5101350501514501,-0.8955100467730821,1.705245788935892,2.539190715197732
1.7544965548679956,1.070192043016019,0.04865889316894036,-1.2166411777605695,-0.8171388227043642,2.5871748735943427,-0.6038880107817161,-2.110881701176889,0.5889045826543099,0.5677752503738214,-0.1402269758919486,-0.27294988302960455
0.5069656819774542,1.3564277380437555,-0.13325232259777042,0.6765789486764882,-1.2162087210429204,-0.37917192554745927,0.44761005999173364,2.0504380202948527,-0.4106552973404761,1.3956207786919164,0.8731044610620518,0.5972604032274558
-0.4258180762173606,-0.6546944186080619,-0.5395774218960282,-1.7450658983470784,-2.3293483080998274,-1.3524585581617625,-2.005823715402848,-0.5402136505923166,-0.8306984732032632,-1.7008296780771945,-1.1555550297653974,-0.7343141793860513
0.6792629153654737,-2.6293796958727667,-0.12428134697288391,1.4113020030062287,-1.1668888393748778,0.49429687913968634,-0.0029158454805087164,0.886776709227036,2.236503403023777,0.9846777357166135,0.8701156924898475,-0.04819647904085278
0.3864205496942268,-1.6649825929021027,-1.3014110335596776,-0.4401376116229393,1.8418002140941327,-2.2059128873688874,0.13958795899345666,-1.0607272000290073,-1.5919614880936472,-1.255239132695935,-1.7924199212870418,-1.4657814170090715
-1.4520300205372205,1.1230758393759979,0.3299433265388717,-0.8995946297037574,-0.4011516095887781,0.0069841945982686005,0.8192118414293651,-1.3867992053020033,-0.3494360263593034,3.246539551284582,-0.46739700843984494,-0.07538680275843114
-2.5082178202379364,0.09656152847330671,1.2848010115631736,0.2669719456368129,0.7454825812819341,-0.37671168028406643,1.2821693951572262,0.6229513351232315,0.4732111832535801,1.7350569517434797,1.629159037480862,2.0186987812745367
-2.178672895658877,1.3947340504629944,-0.47198787387430857,2.0251242590024874,0.062145775583561214,-1.1863536027479245,2.874505645285231,-0.5737735655187554,-1.6086856246390107,1.4492330087618783,-1.7047306635801118,-1.7791351298669045
0.0952230747730428,-0.8162368256811487,-1.3417394171313257,1.4641922917973695,-1.3894076394650101,1.3911844033665635,-2.081276534175296,0.1503393965273755,0.43334540305501684,-3.201381849290607,-0.17575383629192748,-0.6535275715536897
0.7312752455416381,-0.9861924936382608,-0.14244235710278325,1.3510336494182529,-0.9907949905033596,-1.3394194529886443,-0.5398107081722612,2.0886612489342586,-3.6875309765977313,-0.9165825268901572,-2.284263335093479,-1.9202901899074725
-1.562828046434881,-0.5208865486607412,1.3182566702247662,-0.6680294998464775,0.7858118138821047,1.5106670625785406,-0.02950237745225559,-1.38861896163899,0.7914518236889607,1.5831614177768065,-1.7831020989614377,-1.7604535690485945
-0.4080667024761445,0.21832011402351245,1.2909209981844836,0.24567786627931387,1.5136448529744708,-0.391031598409734,-0.3313920191836355,0.6148548953455089,-0.7317774474155553,1.672488636012326,-0.833392839879741,-0.6302885876408697
0.18555407396890886,-0.45072154425493044,0.757400976915427,-0.49730666181838656,-0.025391384181667753,1.3084447761140319,0.44350342877513277,-0.09909144186099994,0.343974567560293,0.7096057769824667,0.7096775424115648,-0.11928269173303838
-1.4056551340293955,0.45717822154927584,-1.012593169698758,1.2414013654396703,-2.21238263133076,-0.08665384083282432,-0.7346273613232741,-0.3011197740090884,-0.201204805990281,-0.20575133081977753,-0.6964916898828246,-1.0219430525391573
0.005936045517635757,-0.26071279141310816,-0.6529972399000744,-0.8719047705235781,-1.722496457065785,0.015468930679885418,-0.38955908125203476,-1.3693808224077382,-1.3805016608683753,1.4146679446679757,-0.8568280301246931,-0.9367533043063536
-0.6150008091390349,0.6197054944290108,2.018534321856552,0.7037236719925194,0.4213859501672722,0.4859877795594566,-0.29886584597723787,-0.1325958184967705,0.12147239900750084,3.4232633237768884,0.485741931345173,0.7217975827704217
0.4125638612439936,-0.5324865439020637,0.8696961815602039,1.9025063506077353,-0.35226428839014656,-0.8189328127451184,-1.095721746047729,0.7300752928564209,-2.029225774932997,-0.7699236985060134,-1.711598196471837,-1.4168444695970925
-0.2567288225826095,1.3714567439317493,-1.4795829408300167,0.1273813604903966,0.37574804058043654,0.45246433885681914,0.814549669530662,-2.333052349705727,1.8275239308709441,-0.5459800253020549,1.1502257159143259,1.148839912471861
-0.48505733576831783,-0.49567889996501496,-0.6234283890526231,-1.5522103960402927,0.9348852707614801,0.23500468664127083,1.314909765850384,-1.2379955819234079,-0.9698916236800954,0.324833283444964,-1.864138075505334,-2.627274306878051
-0.14228371163429282,1.5359850276956228,1.3012551074823913,-0.028654394023200636,1.7468633451112363,-2.7909567107966455,-0.007591705966390472,-0.38980008270954447,0.5949215876859544,2.268320513074835,-3.2152268341734453,-3.2460927115088545
0.49737262784228614,0.7958143382349796,0.4623721704994043,0.7536853122062974,0.6458925354213182,-0.47279997562291853,2.035100236912628,-0.7957586549413131,0.42432100551543883,2.3643206847958513,-1.019438042951312,-0.09374203936516973
-0.6482333916989216,-0.7644377631800262,-0.5100845466771436,-1.1877078843547646,-1.975518112064197,-0.343537058866921,-0.09049612816929309,-1.0215798135435745,-0.3819728506926454,-2.545505828971703,-0.3804692205768889,-0.29689191274703286
-0.44557501044574405,-0.3166063847474963,1.146841202078292,-1.0069801847813893,1.184842655071821,2.0642107109071843,0.4492826605516008,-1.227163609598327,1.717229545711962,0.6743887195340044,1.05437632713936,0.550196409616315
0.5983048876475009,-1.100708750201576,-0.3274644135481654,0.4730663498993029,-1.4063746399363017,1.2243533537788651,-1.8680848493698674,0.9007529748765568,1.5433863223551048,0.17945514195324452,-0.4537705766526179,-1.1900412616002822
-0.5625195572566557,-0.3971205849764981,0.03306341565679372,-2.1158528272886534,-0.671387768518871,0.7904063487841396,0.35126832632626714,-0.02313357275997907,-0.13289471399820774,-0.16489188904035113,2.53461679076522,2.013093622339344
0.8314579299232371,1.0253203462826068,0.12845785599945392,1.0825920487837637,0.541152039974074,0.1803570153559796,0.721910820346662,0.9435799143970989,0.9312743941007272,1.7691800287461392,0.26731495166810104,0.7030377558073901
0.18030469081977818,0.7736927973592046,1.5145989218304279,-1.0836220626251443,1.7053144565140663,-1.3717451886806686,0.08508018762594283,-1.179177178861289,-0.35256766753941227,2.608826665825444,-1.2930083881644812,-0.694711987976535
1.1541778474847773,-0.6700647616136377,-1.1537781167011916,0.3404395330458365,-1.4104431507300967,0.26282086281277794,-1.5123880406028307,1.6090130768018522,-0.9395248695262589,-2.006495831944583,-0.4602964661065665,0.16709986702482377
-1.0446929232050843,-0.4755716089427188,-2.0666439908701424,-1.0671470061254342,-0.1381647282062365,-0.42289738053285963,-1.439982031316264,-0.12113397169903362,0.21867766475260184,-0.8710251182438706,-3.8279693271257367,-3.5322591175307587
-1.030082804097506,0.910288922607784,-0.35099318464921425,-1.0076139659296177,-1.1947370537783797,0.34089484942836235,-0.14018642555510819,-2.0474284649821866,-1.3846164210076084,-0.2110582897046639,-1.1219121537454257,-1.261359283702297
0.9833757188867759,-1.9264536938721626,0.22976324968081904,0.4817696579173596,-1.4093223526077339,1.216727427281315,-1.839969434505703,0.3576038743668268,-0.18499334376481713,-2.350200212953959,0.07414815585103014,0.28687533808863697
-2.0090621054091713,-0.04840528616722553,-0.041635633366271185,0.15366304942734021,-0.5697230573165837,-0.08869256232664735,-0.41819382760312734,-1.3055092919827516,0.8867652106315651,-0.8812829842109635,-1.946995242824979,-1.7299026923490721
-0.02293994487061048,-0.26724296829229954,0.1262050971645804,-1.5392774342867215,0.7087130783980161,-0.1471056351225939,2.33386012865181,-1.6689557837141202,-1.3809703745102562,-1.924222669105521,-0.6373448371512506,0.10405400832317768
0.40162674284567257,-0.28865760842953925,-0.7480420341774379,-0.7317696065711016,-1.479909494038385,-0.4230100193265963,-1.4177634096737617,-0.4928634662794666,-0.9617849783466198,-0.8364060488631646,-2.3616863515684106,-2.1488843604594523
1.8254809192476862,-0.6875247802068464,-0.5068930766061629,0.313641729962746,-2.070703029875146,1.169364526508081,0.020413740242424927,0.8157605358593073,1.8365999209428931,-2.2803814619015514,1.0814511336150323,1.3596514909549606
-0.3157605469919017,-1.7656965067833643,0.9754373585473771,-1.7500839940319346,1.3314363571656793,-0.28272168984490653,0.6233294691900284,1.4527510269439803,-0.38347982175751083,-1.0026512681842452,1.226608769949662,2.1695181622618307
0.03402437711338713,-0.44249132452126877,-0.67443057133551,0.6324731216823664,0.04259607809896537,-0.3208318267545804,-0.5639521931321421,0.6926462985392733,0.05120876045697337,-0.4390955507371644,0.29321119763980374,0.12702464021516807
0.005814860915046875,-0.550810538857067,-0.6212585968592543,0.6387644222511432,0.15684779368229862,-0.5755440521335387,-0.32827101573831513,-0.01239101788564756,1.482279170103903,-1.1199442335425038,0.7571780574804072,1.4129461082142918
-0.581086892354004,-0.9986555510540699,-0.8453942910022917,-1.272642301547304,0.48479770514086495,0.04007288613718363,1.6145166386093024,-2.027455523498621,-0.19550658776257923,-1.4842447787749558,2.011071837298917,2.7833478147846993
-0.470041197446789,-1.4357317961456295,0.8311630124143732,0.3487075532347529,-1.212709122736341,-0.023424546038101957,-1.029716827050736,0.37116724292125836,-0.4607818415412078,-1.1030500794764293,-0.283009827087858,0.33203514748289625
0.6831735501863749,-2.0657863803963323,0.21355265533710563,-0.8665270177430774,-0.6461672108374704,0.14174961219038731,-1.5478876470542773,-0.34889919695731575,-5.126475654317434,0.016641857186405984,-1.7161146789169242,-2.110325689017622
0.8011865448240026,1.477499134685832,-0.793756847903927,1.7414919330125478,1.4154523598255335,-0.07983871152257216,2.536251399704971,0.5466289342861739,0.5622021537300513,-0.598459704491609,2.4822248006205823,2.607580018236876
0.24720778212476244,0.8648078789074537,-0.6576660314289072,-0.5604229360238469,-0.797413354908612,-1.606656436815481,0.22119204336356013,-1.3738864215384132,-2.9391777208129257,2.1603805832243173,-1.2871610423610123,-0.7954588452249349
-0.5703184700666748,-1.14546101330915,-0.8545338206935901,-2.0545021299368864,-0.27177180555246117,-2.2116267281199136,0.6579886745224552,0.39916315116748163,-1.2608774578634303,-1.6498926106801854,0.14548569612407775,0.77145248114228
-0.7112411313273224,0.06253516797188294,0.8990586366975064,0.3060922378788301,0.4902098430252447,-0.1484706332716718,0.3867566795366082,0.8353848815838789,1.0915200079092766,0.03080364921605261,2.059880123886859,1.2075141988096019
1.1340241010114045,-1.2749408783599057,-0.9869273542976468,-0.9399509946011511,-0.5416582377454167,0.3748500498712827,-0.08923444029060656,-1.8677504472154278,1.406678729133985,0.09130903384217182,0.11904313539722183,-0.24112882480143671
1.0799622094353087,0.34323410321747827,0.9954651528020205,-0.05879838277498517,4.331887611809375,1.1822030448300602,0.055363504720679996,0.95370428078654,1.0916441237700254,2.0351481915883967,2.7977112029741056,3.09831663773521
1.5567592632787288,0.45608825995207625,1.0159273818484769,1.835562230949918,1.2075948496979791,-1.303917119997555,1.1017403048572725,-0.3423842990454147,-0.09748511646168101,0.08290051830305178,-0.6870623000921152,-0.8827049402406694
-0.3754245105389241,-0.054010367967048376,1.3526051255701173,-0.6733305967515739,-0.4856858021479443,-0.6576484808431742,-1.6133799585933146,-0.909153362642709,-0.8353100224803678,1.4412430440069535,-1.878414765377983,-1.9454085758003359
1.102981291675284,-1.078010383455726,1.4985291565200316,2.173417193804381,-1.8905955309515972,0.718550887736415,-0.6268705901136589,-0.7976752199854511,1.8657344006140506,1.4317521465400702,-1.1737028464818007,-1.2653920943991377
1.1402310234407889,1.5409374892309904,-0.25749189149276996,2.2338533268463276,-0.8657035453756519,-1.812466201420676,-1.0667544047231694,0.0677205705066719,0.24117445932849912,-0.15055138111407362,0.8771126519150985,0.8749989412863075
-0.6264683730723133,-1.6806888170308971,-0.5118344379058537,-0.7193644951628778,-1.2179543443859975,-1.3435443263514537,0.49459738829089617,-1.5290608326186232,-0.06122165762223175,0.00020100299111436293,-1.3479915426824884,-1.5852005404696698
-0.5493582165087515,0.5113607006707331,-0.3438521864676578,-0.636075024076985,-1.146440522461416,0.3875336359248555,-1.9175961721519152,-0.28094052062254404,-0.6192676445928642,0.16825574942881816,-0.9039777679933296,-1.3483762412573088
0.18847745251947418,-0.4888932844724285,1.3183043484390675,1.3969090528777675,1.9841557306920792,1.4651969083940546,-0.0859346345271908,0.3340591137950701,1.2371866347644547,0.38829200860948043,-0.3957410166290918,-1.257681884226383
0.12964915558222062,0.14474974920614062,0.8385108018594866,-1.0143364943940474,1.3976549029513703,0.9630477594445258,0.08663924012452151,-0.8552137514305967,-2.0753791949491927,1.4395477768489375,-0.6625307860303093,-0.7631428757441339
-1.12398698069051,-0.49858010773264505,0.3707304634965594,0.9016765366848587,-0.9011444358446592,-0.4947885189931316,-1.00339243955551,1.396574070774782,-1.4006878396442253,-2.170048530046839,-1.0348938198011213,-0.26236332211803354
0.48448045754986463,-2.260005716362446,-0.1650042601093272,0.7473003691257074,-0.026905222556526553,0.019741876655976747,0.6618526103962995,3.377700033685996,1.9796881680930258,-0.02011353841061947,0.6118510555387348,-0.37183367860871797
1.186824538950702,0.48943302805433636,-0.4032088782609567,1.4691794584113036,-0.5277610742353527,-0.8156927507979715,0.3159601174563077,0.6098777924579089,-1.3963654349990349,-0.49095444658624926,-0.6418731345292708,-0.7263288781334567
-0.2103441515358791,1.6677885306420037,0.7046881636095117,-1.066148941763497,-0.8017347523748272,1.1369526450894394,-0.8948041169036275,-0.38227086789806763,2.157233840544467,0.6229579981861675,1.0404454908686753,0.4654906373534733
0.9548525237770591,0.8506929011392396,-0.71037396004335,1.5811788385510488,-1.1209372729711196,-0.6535910636317045,-1.4215641111858555,0.6454712130686957,-2.4609814918116126,-0.11933631546924302,-0.6564182158055462,-1.0707493481830075
0.904330471694756,0.03710358567886588,-0.6107309955519282,0.5115199777162456,-0.33793742079777533,-0.6352516357791711,-0.3526306094783789,1.3726976816805738,-0.7580459596585709,-0.04918008488066489,-0.062007088059886424,-0.5399109052727046
1.3949392476088744,-0.32374481912083375,0.4800608425564089,-0.7821115216494834,0.6563784607244145,-0.06581890684708208,1.0456639778773353,-2.2057048516193083,0.49818758530355706,0.18376482455087828,0.9539077635726165,0.2816394963305294
-1.1100809089931476,-1.9066330341098185,-1.2562007391134151,-0.5063393208852223,-1.1368723219947385,-1.1758107631085082,-1.889203314973245,-2.3316055649878966,-0.8023276103868661,-0.5941491959398773,-2.0058286375696923,-1.9673220402300795
-1.7176595626187556,0.21391215870486377,-1.2458613240947034,0.06766482643686136,-1.335401826641948,-0.130159542851565,0.1480385709757317,-0.6005507014530681,-0.6405754920616507,-0.3126822232519707,-2.3980710978835322,-2.654673305165985
0.5139456600452448,0.041480473930185495,0.6689105378298414,2.1172340269272008,0.25306610634539783,-0.2995320026219567,0.6886618140667125,-0.8047670785012504,-0.18598681921024307,2.6165408976432434,0.3017618562117287,1.0722466731120845
0.6815392196988638,0.5069683977536762,-1.4343346190401642,2.1998801523084266,-0.729529305740588,-0.9968670747391271,-0.5871592524925664,-0.5558492437432391,0.16642738847709926,-1.3347934430362192,-1.4184117505827103,-0.8619524451189394
0.10527667708913985,-0.5719217182281335,-0.3750847162584478,1.2823121599394498,-2.370747974659905,-1.3233723671845932,-0.20610324124484106,1.207670032130282,0.8568929920455097,-1.360863368026964,0.7246796813751288,1.677021339781982
1.3775607449603144,0.9086196099786195,0.6758302540130854,2.0611196870566846,-0.05593995577660171,0.4990443012452869,-1.4362952095760149,0.16869120365804602,2.606724008864728,1.401328801645639,0.5946037973743634,0.4357956733159688
-0.9860303314066777,-0.8084943451217118,-0.15952229199520948,-1.6824570020617702,-0.2797134366531203,-2.0630276350655286,0.5987952165466741,-0.62669825598613,-1.7617265348012312,-0.022620735099196265,-1.7435232547929171,-1.6248326331376928
1.049459560113683,-0.33031777151734115,0.9322252883228411,1.1148346957519044,0.44896442026315503,1.0659517470394628,0.7790383128562977,1.7785086724091315,0.6929678875013519,1.7481802245494227,1.4982391476355612,1.716533030881943
0.08087157590811841,0.0964265010837245,0.233024504816024,0.00015671626315494347,0.170348218964498,-0.2633977088067788,0.26760953676205523,-1.0359924764079742,-0.4679215282102288,0.9308466789276659,-1.5276181703029377,-2.040413927682809
-0.2425827522746277,1.1433504311290448,1.134131500331691,-0.1477787356397091,1.737674466174093,0.7710978390497409,1.3644740421116062,-1.1258238667507154,0.21660844740087504,0.13579552292582098,0.38555022111101556,-0.31679753682298417
-1.196665071243198,-1.9250122375778063,0.3347908482658452,-0.4021817400583697,-0.8671355317802636,1.2059471043406482,-0.6139477506046616,-1.318474965922209,0.3252516635750776,0.8825388755410415,0.240386126212498,-0.15967481197347655
