X1,X2,X3,X4,X5,X6,X7,t,y,y_delta
2.1712669829429005,0.678761526408872,2.0735413857130265,-0.292127702359535,0.48434943389984453,0.31162198510780753,2.091693918001075,0.5420202686048032,1.4602112458693095,0.4526386569167447
0.27438392537721124,0.42158271279873594,1.9425140262689429,-0.19720230332642458,0.9113078452097041,-0.45196178916941876,-3.453050707489427,2.3326073339298414,4.691180115805372,4.448999737782932
-0.04610676404714466,-0.43080776731498793,-0.3429784368610168,-1.2204654829136758,0.47840050309126003,-2.5292811926458545,-2.2084101065744584,-0.5816336099840255,-1.1639685235204869,-1.5647404953556645
0.1069590012093147,-0.6215123228230683,0.0084152477369426,1.2681511840472528,-1.9306199549309362,0.5348796542950005,-1.101036367688186,0.2136146553344113,-0.4622770419975069,-1.0782467042375483
0.5864892916677473,-0.08655562991581661,-1.4573919572363478,-0.013311816668926729,0.030622561347286192,0.13447238683513535,-1.1906596623491263,-0.04633902409234736,-1.9388804812515408,-2.3967614250048443
-1.4845810090270908,1.1065094652650396,0.7788899900145089,0.7095506815504603,0.7061872916937569,0.9673127385641832,-1.107822492165242,0.1300231755194886,3.6650593285065876,2.6880697510418905
-1.3142178727332787,-1.3575343631107295,-0.4434210435489699,0.2340601433223266,-0.952704387361782,-0.8013297358449685,-1.7477138145853037,-2.6391162280392173,-1.2124146172233967,-0.7846994947984663
2.1287321358072075,-0.5590570949167284,-0.8220185405791633,-0.46021094105604027,-0.780406939620019,2.0848278610351056,1.4077477184237555,0.5609623040675319,-2.2471215965096687,-2.6285570804557277
1.1311308716019113,-0.7070493097238617,-0.5648724770069425,-0.17253812678138797,-0.9005928967876982,-0.6580057584990677,-1.3365334790830752,-1.9870689720368326,-2.2806600790157945,-2.0605269972993807
0.06274626625455773,-2.943050648685037,-1.376256524223039,-2.239067856526528,1.7491092908256771,0.6554519691190468,-0.8331905537368212,-1.7130314222280991,-0.9138500675253594,-0.9212460452385653
-0.47442363552145933,1.371326919672417,0.5512150958232114,0.34209968854648076,-1.0819324950031282,-0.02089531583187021,1.9468744954286787,1.6078790952438806,0.9722945401463094,0.4571466904776563
0.23789843595262705,-0.978146882954933,-0.6973714559197813,0.19515091499606815,-1.3878993005878628,-1.0315771939911638,-0.5769214375318832,-0.5791483273937749,-0.272113846777704,-0.6034130840754133
1.2195822709591717,2.2531096516893525,-1.9349478840622885,-1.107926393042585,-1.4051479008513965,-0.6766192962064529,-1.9925123930362876,-0.24690504040319722,-0.692900181878157,-0.8683708033665711
0.17652369557830755,-1.9662332196857808,2.5104505441430525,-0.9358481885882368,1.4375921981024895,-1.294956550575281,-0.7789758842687884,-2.8795042038272602,-0.405729962895646,0.09354162167418993
-1.336289992261571,0.6526284644551661,1.0713566241169477,1.9300830874692594,2.4926512296435943,0.725634200396607,0.5200282566693796,0.20209008195298805,1.952222823951231,0.6188946137373439
1.5909429457856779,-1.1713028593252446,-0.10165719326141542,0.8957713258952881,-0.6834426653831117,0.32565585336233466,-0.46701125876011534,-0.10502258034728651,-1.2141014145205828,-1.8496340445060668
0.14645907314877524,-0.567004593745012,0.46659634758977536,-0.42238683743295435,-2.1766153137040076,0.5814569147216839,0.5508357247083212,0.7738557561445448,-1.8825597413158557,-2.325099214969825
-0.6840521190508067,0.2201644330352804,-1.1944633947323393,-0.3364886434081326,0.08707571383680252,0.8063749167938659,-0.7260706881141016,-2.0946249062434212,-1.6073809485125397,-1.4008741877078097
-0.35176013089565406,1.4307808496923133,0.015741262419842212,0.48927938832831863,1.6078195169657863,0.8059922909638869,1.7355275296636,1.076843669685826,3.4029017593576723,2.53407743666766
2.023606098173517,-0.5894060778026774,-0.6387815848340807,1.4060565186415157,-1.3627487549801682,0.6110120790720361,0.7898610335100049,0.6172189222600755,-0.5143920655096932,-1.1068235176800152
1.834995776087217,-0.3488430075451823,0.16962817131206603,-0.15050548588077028,-0.9677401340680146,0.8439663135732979,0.2163163565723208,1.1884859668100227,-0.4076859105567852,-0.9075131140521762
0.9475542877050558,-0.09221418218010165,-0.7192108270366374,0.630821888810801,-0.12789828430529754,-1.676841886381717,-0.9288743307723769,-0.01209810361175595,1.156905565190922,0.5564268087585803
0.24624033410007384,0.5053001280569033,0.030519488151587535,-0.9662597741176273,0.23414121766271367,-0.9847316411169391,-0.9931362264341232,-1.6187199475823593,-0.17121817673372663,-0.22080082688947456
0.6051544844243437,0.7595764692374417,-0.3716286698907589,-1.5514057968947261,2.406075117888382,1.8537879171838973,-0.9499474640105285,0.6242401618248186,-2.144215637295054,-2.84216276374155
-1.2476089040029912,2.138752998188164,-0.5103368782726139,-0.08579396147285134,-0.5630910672100211,-1.5395831654092786,-1.2874461774210315,-0.5222748356546421,-0.3497437706412584,-0.7107726602057002
1.0793496309766397,0.21246130187288803,2.1384258869593373,-0.684711945541395,0.9087504985317381,-1.0272603430765828,0.3564387216735625,3.096981616870864,1.8746656413539011,2.0481967155238214
0.916498532196893,-1.5322210364031987,-0.1479266988423286,-1.852714890362765,-0.5864185925949472,-0.6694981854617091,-2.0559577114276166,-1.4479949831643093,-1.7104598019592276,-1.7531343520246807
-0.07681706126993841,-0.3858488193074566,1.0873643095446504,-1.6200851849765365,0.24839637620209998,0.6249241890207742,2.0622755705738047,-0.35856812300891244,-0.19825478896784918,-0.7898039244888251
1.280904943816703,-1.146799787859228,-0.2917652784875697,-1.0072725805642766,-2.2998629566556326,-2.7380528640608763,-0.23185741591491693,-1.7063549590314704,-2.12212318346012,-2.053350671025091
0.45380387821050017,1.3496278293375141,-2.350890658271409,0.7730817075985024,1.346907195095329,-0.9550542266422474,-0.4023039706583463,0.01663623710798967,0.7058015148129213,0.031028095281745383
-1.38292865066923,-0.04180759996492685,1.5407111442652235,-0.3882006058782011,-0.9167771234625172,-0.20063641319368186,0.3640190365625886,-0.7440205684002368,0.8859521380963185,0.5065744056634467
-1.4278985777418896,0.4954531968976485,1.8620547977169342,-1.3993702254400544,-0.6159613834856845,-0.8480234727182486,-1.4716951611394895,-1.512776829774976,-1.8833222983191735,-1.9177250984912837
0.4790212256533961,0.7362261361788264,0.21170430959094588,-0.7959058807633966,0.3894450119100482,-0.8185307571815943,-0.2099127806476302,-0.3067147845446432,-1.038012128542466,-1.6045563861853156
-1.309746968488428,0.5811404062176594,-0.183481861915868,-0.7705710114252527,2.0598437495974617,-0.8047528124706798,-2.3994719845217993,-2.1259087828539194,-1.097261520886465,-0.8557171419845911
0.3139809640239134,0.24021515995281956,0.11763107215550367,1.7587291227485313,1.9351653827436817,-2.774044567694231,-2.477127093941935,-0.801606820543229,-0.02109516092782804,-0.5973859389703601
1.84497589300002,-1.0859142337183536,-0.5070200785252188,-1.0987364860255882,-1.0296877282139287,0.2334259673691904,-0.7674936003878707,-0.8289356079534117,-0.9416616425861485,-1.1131070039570954
1.9724032419736846,0.4592982690836943,-0.6268431888591028,-0.8293922225123849,1.3541196455708326,-1.236178805527402,-1.5821831036587588,-1.0478300638628735,-1.1961947277449883,-1.438912067650502
-1.1985243804112928,0.29533201865876346,1.4446803376783457,0.9318719945421227,0.7696171854677967,-0.5601350592289117,-1.65566771136553,1.006524041233133,4.550940159641677,3.5012895733202725
0.023302592699333304,1.2234177821809664,1.5195128348363824,-1.7606575428436597,1.7593773058237114,1.4200081035623207,2.938054398948842,0.9806935603397373,1.7601922393303508,0.9241914629210158
0.6879203061424176,-1.0129482888432668,-0.37572822715658805,-0.27383912832420004,-0.0008547171955309851,-1.2015171120847397,-0.977287686753957,1.5142424243686126,-0.5635166698467715,-0.9868823056821525
-0.5241063243370001,0.5312598370034873,0.9847809152743476,-0.13259301891297165,0.6676268835362771,-0.6129632985945327,-0.7963979783918806,-0.17808435562798575,0.5054033203857932,-0.30354249489346774
-0.07753783227370636,-0.05070484696511662,-0.29579495301735537,1.1901390786071517,0.6881201386270938,2.5238217029444567,1.515274625735441,1.4914224304923065,2.125594783824831,1.4527863321869814
0.8841028309691535,0.7215124997404415,1.27455138266282,0.6881661613054416,2.001045301118516,-1.959979511915175,-3.1754027375276066,3.3463004444618396,5.062631355034407,5.298650873550052
0.5556129545115458,0.4960512380097705,-1.6635033769905139,1.0987488075408756,3.409278584041935,-3.0328461749505764,0.8617887301635003,-1.5275764983276652,-1.577372639052739,-1.711650218432631
-0.74344646888837,-0.8300007141388042,-1.3524114966207739,0.4802299385120891,0.038951868998748806,0.9639451694007404,-0.3694325941941011,-2.6623131309264396,-0.1456751838262027,0.22854242804003033
0.862827683278996,-0.1301344943062779,0.7357863943587509,-1.3305912263717095,0.45129403137442525,-0.3263800903648062,1.415455698135792,-0.9089773387916126,0.39285178996431447,-0.044699427708976947
0.3898337697947295,-0.9663588061918006,0.6277487908352708,-1.1368585748167135,-0.50680273403275,-1.8843977456014338,-0.35346323312339895,-1.5959153312291416,0.4036939995161415,0.36899078657032724
-1.1775477094942697,1.6410898813268133,-0.6802685705036953,0.10101147690440661,-0.18779014095586088,-0.8685388954459144,0.283923499394384,-0.5067724842077833,0.47795308245370094,0.058241715063383825
0.8205445041516677,1.484288923230353,0.36985987127915537,-0.24815165239271525,-1.2535519404516782,0.7045316298405082,-0.3214064686772735,2.445080064053233,-1.5128782912211347,-1.6278139722062561
1.160993261890589,-0.7306554177224184,0.25811413167053593,0.31289873359854325,-2.1789321785269418,-0.7687727478210623,-1.3958824338664462,1.030508451777151,-1.4796727620650163,-2.004274402255923
0.6331990708192998,-0.6149147784572068,-1.254432597180659,-0.16384546952630874,-3.0198274113319643,-0.24939466497535168,0.29587034036905324,-0.9063745194853878,-1.0769056308779825,-1.3398832662565805
0.7927794282444846,-0.8293756594186789,-0.6072377211779594,-0.5857108319960875,-3.3766562394516173,0.15538692332103932,0.7468328003627811,-2.071278906503961,-2.132107776876243,-1.892504546771248
-0.5172096642787496,0.35638785936964884,0.44276155190550975,-0.20196332204732942,1.1069877460571496,-0.5711111970599267,-3.010459349069258,2.0443804053516152,3.396393114015429,2.970454392902991
-0.4052280459299666,1.669359870525023,-1.1855674606801563,-1.0295584221204441,-0.7888186518793552,-0.3258473224197216,0.03880961857900056,-3.240918609175759,-1.9225092086723936,-1.3024216810322864
1.1049935318246347,-0.5411067556507394,0.5610698931770517,-0.8064610444896113,-0.5426171428212515,-1.1226363840946765,-1.5316715260900131,-0.6330610743896619,-1.946376989221486,-2.351055910519901
-1.2896207551062695,-1.0409503369936643,0.6649992447642429,0.739774064333425,-0.1853290660123741,-1.9746661953186213,0.19428863935978735,-0.06204506665042053,0.08905424144156304,-0.7208655972189084
1.0410064332045115,0.7774962905307117,-0.5707155243900749,0.5063536689766842,0.48527156750931666,0.22835322964488158,1.1107947831379577,1.1457367554703926,2.0942529113896864,1.4321407291091246
-0.7295910461742307,-0.209705709075003,0.1534082255585378,0.24630862871641962,-1.4171827205268013,-1.277231398153613,-0.3253361426546343,-1.5332774430758627,-0.355923429408191,-0.4807591042957846
0.34152103256820826,0.10674740246570369,0.14853441806093062,-1.9991345191088228,0.9985694530255149,1.0895040548684076,1.0428633069332696,-0.43963828562533136,0.8346331662541959,0.2782467262554582
-1.610938142774673,-0.4783862140206435,1.000337331321958,0.5638995902924767,0.7416881875504289,0.7422733189031216,1.9086627526586448,1.551746671678804,5.052865553097203,4.282744236381176
-0.38378937756865494,0.08824142732637663,0.2909642763458429,-0.194878075106813,-1.378640645617003,0.1968298433363061,-0.4698589966214905,-0.26503304788597853,-0.48744386380869503,-0.9607120510117992
2.145724693051813,-0.6759867237692976,-2.449259958009001,-0.565887691071536,-0.5561639393731397,-3.559335617462012,1.232431510806889,-1.0674607835831795,-1.1105287080432176,-1.2849558162324919
2.708948396408007,-1.3175835128197153,0.018117652220853542,-2.2958477688175103,-0.02370576982774175,0.0971320847254672,-0.8511497355628361,0.6014924941285202,-1.0921911787242515,-1.490637020728167
0.7128601772802167,1.420298990012373,-0.12789942254895179,0.1755900964563649,-0.23620811831996058,-0.9717159698152525,-0.22495035556533016,1.4301597273204798,0.6741318133345015,0.15654534495818906
0.8700649191117518,0.9089578832707497,-0.10818492944598838,0.11169456191591816,0.48416227933136147,1.9297008220021266,2.2829778493300465,0.8089009520827505,1.689607232108827,0.956457153502683
-0.5941236454171821,-1.246325318821112,0.07215547981869352,1.7964144296117832,0.431968885157072,-0.8173270433504409,-0.637641645509393,-0.13143094696964103,1.1541636041828793,0.29274074842228087
-0.27385975887871966,-0.4094276735760125,-0.4831448101430244,-0.4402181636869339,0.7367841656712555,-0.43706124548558634,0.6090253144678155,-1.003209845989365,-0.570333921671915,-0.8626744426843261
2.384872176408492,-0.46582758488348713,1.2810958714166087,-0.712466074342759,-0.6648235417529449,1.7532733099599402,1.9924073427465034,0.2907971957236176,1.1338028965340063,0.4490419783793069
-0.28332941668793216,0.8504910817408068,1.5101792261774991,-1.9108766259154872,0.6388390481392086,-0.6206102536827236,1.407216736237436,0.12160021600485837,1.3329531045182346,0.5985402626063634
1.3143615152530657,-0.2064264795776856,-0.6603140349434105,-0.18692864365249892,-1.055982252187892,-1.797579593010913,-3.401146052684328,-1.1661979681533587,-0.12298820075905503,-0.23435174319812613
-0.8377405627860691,-0.23946657512171188,-1.0845677317814495,-0.8042076908399575,0.5667356794296117,-1.4575533583288056,-2.083365091346379,-1.3639555092290305,-1.1064140430924359,-1.2378177110907522
0.9164617265147914,0.47633362010649005,-0.05164156792049961,-0.8576762780262869,1.140948820974899,1.461251330010391,1.73762603836792,0.7313416897081952,0.0030214310194858762,-0.6941064958382965
-1.0824844746662776,0.7476418974275673,0.6259447195506543,-0.4790535456828054,1.8224391651606655,1.1307837502128941,1.275178111726888,-0.4545471723503727,-0.04837825652689509,-0.7291292999787277
1.369606911555406,0.6271035179110367,0.783002195596833,1.2552807953519531,0.4257976617504273,-2.951282540573376,-0.7530789518441312,3.0813803969125844,5.784298908728642,5.853599025131699
0.8250539361837618,0.10534714408964316,1.3064171572529877,-1.6720027852078276,0.1488707284640006,-0.8498121898150945,0.37297351509497456,0.4504523204350725,0.26289834200279794,-0.4243040212342069
0.24032038284027904,-0.2292948841420001,-0.2833263858978733,0.4414468097989102,-2.384669737135436,-0.7792114361775588,-0.21458974035921408,-0.32719256527612184,-0.441204510226732,-0.8955109013021579
-1.770637183508102,2.44420062111864,-0.7941401600907638,0.4570544801458853,1.175136150339683,-0.32955643700894255,-0.9307336721060632,-0.7146124869575937,0.5219336881294577,0.007038437556959765
-0.36895286784381554,-0.18515447127182066,-0.20311301620051048,-0.3283807849817792,-0.26749666918681814,2.364000822802061,1.6410234759342246,1.7503192488509884,0.4325976503349837,0.10565375886114456
1.8816529390225338,-1.6598480741022632,-1.505284920933786,-0.28591330164235484,0.13301332642980557,-0.8355431447009449,-0.41792654684974806,-1.71469240470791,-0.6249507847670823,-0.6072324035872403
-1.0666315751950526,0.051451757417305746,2.0041448409144538,0.2675240487779573,1.1095189739448807,0.15174336186468307,-0.012092858566561393,1.416567519328108,4.7538813949409455,3.942149979327371
-1.9747567001684019,0.059401408109016215,0.7528453625059623,-0.6968704280761133,-0.19221895049876897,-1.7937362362944325,-2.3748322609057615,-1.6216400074014432,0.22814768166871624,0.19849811134159134
-0.4727113317650109,-0.12225857676718395,1.1522881140944718,0.0786543619932303,-1.9361660467850026,0.3066150142404827,1.5152615290841909,0.2806220247469078,-0.22329184865440854,-0.8582036165463578
0.6904472880642318,-0.5254818336519563,1.4479362929342705,0.0843757400513247,-0.34355300163326635,0.8263690418936369,1.2949789370261655,0.8879137609172456,1.864722936646633,1.03817860998058
-1.195057190719781,-0.025271040164459704,0.4388542231794308,-1.451075925144546,0.9302927147160658,-0.0018783863404429058,-0.5992226910262253,-1.376075102804565,-0.8364113649862339,-1.087304608599778
-0.9565161080783281,1.3078725289551594,-0.9812055574322842,-0.34650650838581987,1.128105077658001,-1.0392980652450712,-0.7060155170602621,-0.31873534553708327,-0.24252653512804084,-0.7668428119313906
-1.402037455681352,-1.278859041429326,1.3117409345160524,0.8710266250108342,0.38570175993867795,0.4704698018666433,1.4189886545532735,-0.338086191845684,-0.28533601291671595,-1.1457359152741446
0.1543345602881402,-0.6694708749463153,0.3468056616106434,-0.5342236342218097,-0.8823645519576908,4.5641285706582995,0.6397581005168523,-3.2157145458325154,-1.1762061834944644,-0.578931993959076
0.19832327724070023,-0.14056306900294965,0.2041386577060258,0.48731625778055904,-0.2661333290880674,-0.8694759769901793,-1.0770726379613236,-0.9814678349208602,-1.0814014176569038,-1.4872029356532253
0.13529229317731614,0.3822695264597588,0.15634857437848573,-0.5025655779937369,0.4609709163310153,0.22585971861349252,0.7270952278484755,1.1272141566883915,1.6895830255833713,1.0512630198615858
2.6098824727110514,0.6600440105654729,0.914038994961832,1.8374277744417553,-0.3431184028991131,-0.2263648257594677,1.3432842427961829,5.272659419903251,1.4544698281727424,2.1477360090372244
-2.2075873622756337,-1.070917567197088,0.5163859552354834,0.8007308385891563,-2.1781233694970727,-0.8459441611770931,0.23927175900070674,-0.39929081559102425,-0.4008398125568922,-1.007003143630306
1.5125667421922613,-2.2252848793788855,1.7858562925895354,0.855266279759824,1.641202630359349,0.08601759766835748,1.2776555090449864,-0.43815233923473174,2.132086058571589,1.2539485064524123
-0.06164322442918759,0.15364924526073526,-0.4877472218984316,0.8152075685117188,0.1318476501295677,1.155694454536946,1.656104394482457,1.0624986751459384,2.0455374920247604,1.364429553861374
-0.5496294628655285,-1.4801954024804858,-0.3825029537515115,0.8268194215448711,-0.3887916996018681,1.4236100483513872,1.6928031263581667,0.38188669870660563,-0.3481068254274583,-1.0316517894925652
0.04732693184600583,1.775399315502403,-1.8346443199258269,-0.9068282116052713,-2.049760441874522,0.8539426394064635,-0.23154328887741404,-0.3723695306917385,-1.9972293521626643,-2.197606715935024
-0.41957934308665673,1.3780973396816039,1.079873809996338,0.8372152336439111,0.020378778173747003,-0.0013358317403241449,-0.8336503632896219,0.9119606987564666,3.7965785990257475,2.8631762314991587
0.39224459607286516,1.4830744910530294,-0.8380795047954673,1.1255183961759345,0.6483908392581657,-0.07863666864948188,0.8759732520365489,2.749584594377759,0.6319975239128182,0.5914894322889976
-0.2970695080683776,0.9778325301820822,2.1747894684497187,-0.5772181465445541,1.674529896464814,-0.6918968489444189,-0.26852126370009477,-0.12418735993355123,1.4333376478903144,0.5387885203950752
2.915905466369166,-0.9889079402622075,0.283086336150995,0.29591369043288007,-0.26926208582337974,0.436924623818875,0.9678086434449512,1.4064452558558966,0.5071652070393705,-0.09607633663295234
0.43929566342353327,-2.3007608494337317,-0.7737341310117476,0.03028622393977935,-1.8413391171317621,-0.5937172372366438,0.31737177408786776,-1.5983841550228186,-0.586040751778262,-0.594877427048425
-0.9260087064903763,-1.4052017864714876,0.04958040135987519,-1.6542328071351253,-0.23032845614473663,1.1900265573052133,-2.2946386444945497,-4.217121837503976,-1.2273033870223358,-0.5356845736897451
-1.72177920390148,-0.14330781103892276,-1.936370767071168,-0.07285812733245207,-0.1999100444536762,-0.850020562410385,-1.6640891389892056,-1.4538115912797236,-2.0479230521329836,-2.1391702185414774
-1.5202056100884123,-0.1552298948086435,-1.7142263190236346,-0.2868984618357415,-0.425836876337661,-1.1966103023837193,-2.2347304634904273,-1.7723244031627199,-2.5991859101785972,-2.49754682011503
-1.2372144699734426,2.135631278109903,1.1101116138369238,0.1441557609578413,-1.2057405326373896,1.7769421375126275,0.4442462828238657,1.7031573381866287,0.12378226188408659,-0.3527470271161884
1.6060281427050782,0.8286847952869312,-0.22709265965627773,-0.1845506312340102,1.2967636423768218,-0.46942386366250843,-0.03339999094125792,3.601440284746045,2.5453741374794596,2.9778241642953738
-0.3710232454888651,1.012622255256298,0.11481448610258235,0.19047141325810904,-0.25606015622258116,-2.3155317877077106,-0.17068189004669643,-1.5090271332609828,-1.469746948032268,-1.594414426754045
0.1974168525059404,0.9579459670288335,1.3077822071652603,-1.4776697764197282,1.3263428407401299,1.5439223089982304,1.432586335730749,0.4770440437582639,2.256428793299289,1.3927481833716993
-1.1249848083335139,0.1729986324086433,-1.5946702232537215,-0.39214554964860565,0.7789525181417831,0.5122442982714028,-0.736528342793884,-2.808831910037545,-2.1841283236324975,-1.7071788365297293
0.8825130085739445,0.4469106752810518,1.2820999080423663,-0.6451038053363465,1.820280733780292,-0.6751753429590865,-0.7682744612258716,2.5244731112282723,3.300240858671224,3.2029763755334555
0.1527036852873593,0.24251859903720357,0.3461471273992435,-1.1349409013576939,-1.1924485725098397,-0.9850824398439082,0.9043409640018609,-2.147931566735362,-2.5494539019918303,-2.3574761199061927
0.34189140119778916,1.1130100046139249,-0.11756949549961479,0.09332276819972307,0.5004786036912564,0.06892207451561339,0.3304048061380539,2.789272191598907,2.2289642082972336,2.2091817554628443
0.6117279984841528,-0.11152007482330863,-1.385552169707028,-0.7971533231425126,0.3884166330089679,-1.0726122126758637,-1.2093052171361522,-0.6726586143368577,-0.0727367057602637,-0.41310183764405517
1.623901157994897,-1.0493512076379623,-0.09279128934284042,-0.23962788468960833,-0.08004010330270783,-0.13663787789126586,1.2571926948156098,0.2752640682405989,0.39958158483492645,-0.21710422342065983
0.6040577550806636,-0.4362658446033432,0.04374282960763087,-2.6158861644156106,-1.4422397229895356,0.9791625601890274,1.203759440639578,0.7707182727741464,-0.07101771456736627,-0.2838100763955378
-0.8088569030932231,-1.7692713122997743,0.19478260151507476,-0.24105007806641573,-0.6855980329460443,0.8148784272964489,-0.7038825315095478,-1.5978283786767629,-0.8323924837227851,-0.8471981746389644
-0.3509175297256875,-0.9857696555817171,-0.7510029726155559,-1.8672829034549228,-1.8615491795499084,-1.988265777169269,0.22151333398052442,-0.738690650144374,-1.0620664517373197,-1.2686209090543037
0.05519377591077702,0.25240187332417696,-0.09002057953551215,1.5546310813368776,0.06356361244366227,-0.7260064271732444,0.08140834431348315,1.362295461180893,1.7129112803526252,1.0230833175952654
-1.587294153075027,1.852882419010816,-0.7655479019045724,0.2130436202657433,1.0021953015029323,0.9825167866438055,1.6279037405824759,-0.5751318827061589,-0.2979951975406561,-0.8316193680349795
-0.4849071587486104,-0.9658188829535195,1.4445863924196678,-0.05905136322244176,-2.2651296909695926,1.619328570927197,0.9760006946943838,1.428714291345111,1.1660976364582871,0.6207801502839296
0.7909646541910968,-0.6270820494664102,-0.8465958555870153,-0.7215959670972049,-0.5426052026076991,-1.9998667218465966,-1.7487416529766255,-1.9887693519594212,-2.372095777833112,-2.1368273980110817
-0.9364972584630187,1.3497818697365778,0.45538785800878867,0.9800536884046107,2.2419130941668275,-0.4738871376326253,-1.533848612782305,2.651578475196118,4.91772336155234,4.7712978959598225
-0.05221232274094773,0.7330672363379538,0.15145012194130947,-0.05223535053681757,0.46045532474370365,1.7044891017788193,0.3459296181579352,0.9392543306869165,0.15029180641395168,-0.5827328106188027
-0.017721327692588384,-1.04779856508529,1.2830986556075952,0.6543487297728334,0.13096024951610596,1.2305024252620214,0.19347690230525344,1.4505450345594944,4.6085195956223055,3.849418961609274
1.1716380152300327,1.1616695190234787,-1.3833729461249518,-1.4633962549664004,0.00013672673308140482,-0.6810284246842395,-1.4604970655560794,0.14050247299335938,-1.6816259513467013,-1.9651046139183117
1.0511933240539906,0.10830377995333568,0.44322964854699115,0.7715167958965692,1.3970672573737515,0.0056968188809570774,-0.310079390988516,2.805649716292262,4.099675024361865,4.012652293883324
-2.5169244602732497,-0.9739050264715599,-0.9991576830508679,-1.1524842124789052,-0.14708330980429796,1.4701635487013975,-0.16818111921971746,-3.3619893943328245,-3.3279922182308774,-2.6803497856497875
-0.01618932575798649,-0.42282333853629406,-1.4691564007774125,-0.3338159931802527,-0.8479386658568461,-1.5364236839444856,-0.21793827781401917,-2.212033933714006,-3.129956271486671,-2.833899097382801
0.49505464882239836,0.2218159223492225,1.1770891098027798,1.3205776613188729,0.10365228478149241,1.3721815998972307,1.0231678283469205,3.8158534962826516,3.02440210965709,3.468243964813313
0.5253573184150928,0.014952728049231695,0.7111924587991915,-1.391687055375156,-1.8585302633202399,0.29123257345423403,0.7947340819720613,-2.106263496946174,-2.2735652180021306,-2.1171921634493738
-0.8621760628340058,-0.9215119515823583,1.6458743384058385,1.3906116779087574,-0.7550808172932315,-2.5145596027335975,0.32796997326937016,-0.5420929206982064,0.5717218816748829,-0.06323190028618458
-1.0166312104931807,-0.266031271335898,-0.882417225621076,0.3022535692919579,-1.8014609559124242,-0.7946651844799262,-2.16821931886211,-1.5843296184911972,-1.4771661783277854,-1.5292138244347093
1.3176045531287963,-0.13520245140722928,-0.11833438714332738,1.3843037749621268,-0.885839707127245,-1.5301367113243993,-1.8576384244644952,1.6644289239506211,3.7539806139298104,3.2962888569565774
0.34684375006889834,-0.48902995638971714,-2.0407203618445506,0.32323567482255555,-0.3281873893679764,-2.5758222053955175,-2.202400244000315,-0.9287120714378285,1.1861819884270517,0.84898418351416
1.3637943506816506,1.468649179472389,0.5933171789990307,-0.08178939775709797,1.2809851451644927,1.2005033093494144,2.1195663761060137,1.4784259354836038,4.312587842560974,3.5953160578325414
0.5379220274995222,-0.15241902800273394,1.0448761003838662,-0.993031612353539,-0.7509896018587756,-1.6130242824569105,0.9291283522337842,-0.9389233800030967,0.46397502257511203,0.17440875291032154
1.0297649629640016,1.0642234794225662,-0.17043074135352748,-1.3443957425800974,1.1909439783011972,0.5054769017153053,-1.03041138399925,-1.196955551272299,-0.20174512129625877,-0.4388072257560608
0.9872409817999496,1.2222799044915593,-0.37433523956426995,0.5143805370135853,1.2077470347011405,-0.4778666129315625,0.7807862094502493,1.8245916945129266,0.7424369588700173,0.23863140400612215
-1.5727777470016855,-1.6119340455404831,-0.08899367940054281,0.7148072297354812,-0.6007235843569867,-2.8346098342189165,-0.5648666912591316,-0.5187387078530761,0.7292549808995838,0.21243301782444723
-1.4231032994589778,-0.13404403878772592,2.224292592152105,1.5675749447841751,1.4189985145978676,0.2838150666977093,0.2261942791765762,1.3602054561443424,4.995173844418486,4.050950041138121
-2.340148283888664,0.7193434696727399,0.10233838665561552,-0.2686153702901652,2.3289731243918936,0.006073260495261801,-1.3376503175363221,0.5905127776660863,1.2999116024249155,0.3584633521679625
0.26662558088127325,1.631029557732254,-1.9698719482704719,0.21085363827088774,-0.9133514578674881,-0.9166392799931805,-0.3939248854409495,0.6370975428865437,-0.7541631010731359,-1.0640322041683974
0.8375147467376023,-0.9059588931537216,-0.6738329487194904,0.3153764424557997,-2.038399847103931,-0.5514948759047488,-1.1822859632454463,-1.877274199445945,-1.408591392298788,-1.3326184547094133
-0.45263888336417707,0.10553746767161498,0.007932632731719898,0.25479107862292977,1.9180048964484298,-0.3589551251780355,0.4938253509464068,-0.13717505120734702,0.41722898799013797,-0.4110228837809364
-2.0339558929302535,1.1552329039365439,-0.4112863317287248,-0.24276581503770964,1.0206863113216234,0.23427002027862143,-0.4472558248356449,0.6786785035599339,-0.3998808328665985,-1.112352077047842
-1.2733655605237324,0.3507652265646152,0.18079845217385224,0.820322462001628,0.8100805193215881,-0.534332131909546,0.7297918000934303,-0.9154803057987441,1.2483846238457932,0.6892810403345055
0.27576496681826546,-1.218945469563171,-0.09855558620525166,1.010935192439112,-1.186822269167378,-0.906414336397247,0.652860101701626,2.4929987457107416,1.8708549811569437,1.762301140251053
0.6188270544094306,-2.234926093828211,0.33278041276744724,-0.9640631730864367,0.8101383388841771,-2.6994125270454252,-2.4437141149001946,-1.2058580489620732,-2.780205882940651,-3.0821353479545675
1.0016096922801365,-0.6064486959461197,1.1053617967499385,1.205374534693502,-1.8436020536846263,-1.020603592297478,-2.277680201575466,1.14913492437017,3.9479102114676916,3.2150588789726293
0.3941135493790443,1.5023337013706348,0.4111232578657879,-1.228000340567933,-0.5654206694947592,1.312496064574438,-0.4987703062927885,0.897009909236194,-0.8921717690505953,-1.3853200844077227
1.5002116662971514,-0.6240936641716394,-2.634170866425473,0.23650777661322694,-1.5865181664913226,0.2486858501885172,-0.027450430168001416,1.5993000408447373,-0.8271638148289693,-1.1988747093125451
0.26565296218521695,-1.1452061841802448,-0.9014358332311304,-0.4284249636537126,-2.2443126187563642,-0.6444336263543001,-1.4231095685335902,-1.6187930385345053,-2.3311728788439114,-2.2933700232932765
0.844401190233133,0.6056076146260678,-1.1524284366409843,-1.6776436971885924,0.07116582163690954,0.31597188359013784,0.26268960375369244,-3.0670579471417803,-1.3064008615072014,-0.763085560154187
0.7519078097256311,-1.7954200931881432,0.24967542821397118,0.7979546928335768,-0.22105511115409307,-1.1062639489813968,-1.4145257395065967,-0.41512982776596563,-0.6137433319042012,-1.269917298015236
0.5269444736513269,-1.8858999063294917,-0.9884458712816729,-0.4814694764115734,1.5712584091421864,1.5912092801113928,-2.5792921699944116,-2.4641925816557704,-1.597191047106856,-1.2204154779221332
0.29738509994219475,-1.508074491413687,1.042536361587848,0.16138545599678758,0.08791944378059707,0.06034846913799824,0.6504530559472645,-0.2615891905926525,1.9903018552339276,1.2335811800410874
0.054982421376438224,0.8057233207835858,-0.2707004675484529,0.20586567217847937,1.1631609375011345,1.3069371595349917,2.5014038873978466,0.7908518764553167,1.4335265759233107,0.6281980632925191
0.009560379456807192,-0.2675310530429863,0.11166257610649802,0.5937901235358262,0.7329446334144225,1.1153987349785914,2.6132617769063735,0.49821524759653646,2.2964160022244933,1.408939381461927
0.026361327664760383,-0.21908724913680083,-0.8625303366612164,0.7202008571697596,1.380306230879113,2.0735627988999186,1.0795831474922812,0.9954874840815002,0.7793974851577621,0.006526307924208052
0.6374301874537251,0.34561984731232004,-0.11853835064165631,-0.6703667293348058,1.9990446632867744,-0.3188124521241044,0.6748323137065908,0.22677510143426005,-0.9008373063908306,-1.6930393625620022
-0.050074702887754764,2.867050367970209,-0.8558655923773476,-1.5669186085243219,0.49429638007291865,-0.4238664664241698,-0.8808851972543494,-2.315623746955047,-1.6540482104668188,-1.3981263256139127
0.8773408850883242,0.3861146640726194,2.9165964386763656,-1.146504884726681,0.1310606098549678,-0.28590749775571866,-1.8398512689072986,0.44660382899608675,-0.51318720119465,-1.4302683326716106
-0.5289203015363807,0.5408329660339217,-0.46736839417677645,-0.2542435885322255,0.07844512086162947,-1.115906565725223,-2.4195365020924116,-0.391963683086095,-0.39760437427406664,-0.8573165430884511
-0.3685033225416854,0.5404263366892351,-0.7993705186185468,-0.3305391633947691,1.9554932104025697,-1.169669036761614,-1.932865748452992,-2.239170612979428,-1.1784428767226864,-0.8856853964792843
-0.08466820116129281,-1.0678156513788113,-0.757963163466497,0.2884159193891102,-2.2574514778996426,-1.3725796169289008,-0.8334088791132618,-2.206158130765031,-1.8005235852648285,-1.5847512048847812
1.5046102331876974,-0.5939402988597703,1.0991281767365366,1.2672817275764434,-1.2102036130889047,0.7901977821292714,3.4577689450154567,1.5874126899036907,0.8256893210282721,0.22391801931046396
-0.2649341485951908,-1.7790356649948913,0.6121953208094119,-0.7836860984276776,2.138388738751014,1.3956623710647136,-0.39120856546661753,-2.348853759831572,-0.17623387936072232,0.10051277258130475
0.6555743135500981,-0.4793478965599787,0.6945962206177883,0.5577868019638066,-0.052721605212415756,1.4227689166009676,1.4661395558426917,0.5074502980196532,0.6411889218089442,-0.230231590768756
-0.5949409409067742,0.3660777423118122,-0.21469391663070733,0.6924251350560983,0.09622451083977868,-1.4696976164018458,-1.1670322878322668,-0.26772156498054134,-0.6648581471471642,-1.321669344695662
-1.8261115797107599,-0.7615950701535024,-0.019099321288898023,-1.0880812437181338,-1.3030854776428944,2.0050078629066954,2.4447959503547514,-3.0328533498958175,-4.125379947803859,-3.5712440069874734
0.011050940731098195,1.7284525138451872,0.9017407033045924,0.08129955230420145,1.8161311422127788,0.42579070923910833,-0.5351239683208552,0.7349079386461814,3.1408567363202358,2.08986711585388
-0.582349246998067,-0.21430117870936644,-0.8056823887094474,-0.1099956294475235,1.9915678826215322,-0.3552490147386582,0.22980427297557782,-1.3891881964356665,-1.3637801576692539,-1.481096782009422
3.0954393269309417,-0.5319550034801567,-1.020444922007606,1.1061135582676316,-1.1674435341758702,0.7767579928552548,0.5926197959752102,1.8879603126289854,-0.1210760321356712,-0.42843654420860355
-0.869416188005808,-1.4831500384929197,-0.3322155733376905,-0.02706376508084732,-1.8020970236266263,0.8086774808269318,0.6506473845516885,-1.9892900423979902,0.3692616224036618,0.5400601916182723
0.7640804220700376,0.07050750904537412,0.7216839948194721,0.11842495207846494,-0.28633566263395427,-0.47768528594788917,0.2835988167118155,1.6281331833159773,1.851928328445664,1.2998076232512956
-2.627038986123168,0.06760928459220054,-0.23406309577561762,0.6255165387800323,0.6585257582197853,0.6802432883859265,0.4730014264234895,0.6552776175828888,0.17535746590553103,-0.6447865098754018
-3.0269161140530167,0.13005970882252083,0.32838842565268317,-0.9202318747413945,-0.516238028094308,-0.21617664996972763,0.8682722000213872,-1.160859105736728,-1.2495559962653144,-1.4456655380288173
2.1030848731944536,-1.6764540228153593,-0.9477325684256641,-0.5983233192069006,0.7152735489085311,-1.578597131607709,-0.9771612660640638,-0.9977467077825468,-0.1588092991224277,-0.4316218858715024
-0.10829002022997837,0.15498627559477499,0.12488955586098271,0.9165043794517229,1.5853166806869252,1.8098305605602278,2.762811288476581,0.2699880660410585,1.5493170290356226,0.5276030302469031
1.2773533977885068,0.32180156554040473,0.7972703252296375,1.084190656053037,0.33330096309987156,-1.105384475329037,-0.5551332246320559,3.3506475127053155,1.8611405552558449,2.066458476905704
-0.8855587647072244,0.3127749536377895,0.6200277686998343,-0.861445030035941,0.5788917374590078,-0.875030259901485,-2.0857243167574957,-0.362482533345738,0.22511854840138132,-0.40010589898778687
-0.6422067405720191,1.148265189082709,-0.07163194489693543,0.47362548957295547,0.6240113281879983,0.5397512851040489,0.7832929708239593,2.443008447488805,3.6771465179830396,3.437027324357585
-1.614086663466992,-1.552624290402415,1.5187082270270673,0.513296059067085,-1.162975540469044,-0.43691926824336624,-1.3090858404022272,-2.1547370098011593,-1.6436353276996687,-1.4754155489421248
-0.15241524883979643,-1.3034490102690486,-0.8264260124421032,0.6363655821083684,-0.8674982023241269,-0.5034137459883253,-0.6600178894906152,0.02602215674300168,0.20027514444080907,-0.29906749983220204
2.5860521371928162,-1.837867307841419,-0.5848577600006813,0.653964947662256,0.5606364635058521,0.5735834419509881,2.3509764584258654,0.08150566402688825,1.224065192786401,0.4957904244940664
-1.8287598758414976,1.3026643169096332,-1.1943904448598566,-0.048633447156212345,0.41973994184363184,1.8540965806713667,0.5792873426420396,0.14530161822947485,-0.2719210528089846,-0.8099637797755568
1.0547050845415882,-0.5245915878908954,-0.4414030268579513,1.2808845504289246,-0.7234304274613119,-0.69953617658148,-2.057292732339474,-0.3741963414674332,-1.1713590652940098,-1.7016397057274693
0.9072143468265077,-0.6529762303736949,-0.3323953549782371,2.2775739602005785,-1.5973192975079484,0.5841325377383897,0.7792140630197286,0.22048172941774644,0.9610826275413618,0.27604354958892086
0.4309219793101301,1.4753914816408114,1.2477213134488019,0.5690294895797894,0.384014553677963,-0.987006746520489,-1.2115669001267373,3.26333484536879,2.801251779237318,2.9580020067789246
0.9471528348525688,0.1259908778213332,0.9471851333970517,-0.6697132100539038,2.5404912559628343,-1.5258417781482427,0.9737774130131732,1.2748938316617515,1.7328898996002606,0.9643154708168485
0.3341764263342424,-0.5943050033246584,1.036882922018278,-1.1420734236683705,0.3611149775071031,-0.48111051911525715,0.5919190992649926,-0.18978255923943127,-0.40023150910074085,-1.0599311750704778
0.12490112877147742,-0.08172153437118453,0.7301647675351333,0.33579851531085414,-0.06770039342946892,0.21592794437381835,1.0810908804370398,1.4372948947312585,2.359371090641509,1.6802185737226254
0.3981266362684095,1.1962714258371716,-0.23739908655212733,1.3613386469891122,3.1544219026888345,-0.11959115446948798,0.054906575964584814,0.6935173727977559,-0.2835260129888644,-1.4349774723355937
1.0297443460953397,-0.49928288907493523,0.7830442167083358,-0.41785231609263146,2.0164706912115413,-1.9945137929614787,-1.1098400606223873,-0.3884223822360652,1.0452958503487155,0.313469064424694
1.7720750066407278,-0.08638068767964521,-0.828115419001869,0.9817798111197539,-2.092127166897035,-1.7339328716039017,-1.1108975779401637,0.6818463558967893,-0.10654576650765768,-0.5396123415087879
-0.537630625586857,-1.0413332238193709,0.3884380250215438,-0.5555929175474652,-1.3969398152859136,-1.7083870985562974,-1.3911086781652882,-0.9292929874675706,-1.5709298914049794,-1.8600481515631946
-0.6158437849144814,-0.06040053625811233,0.14456045715549623,0.06158311980693995,1.4601308271757787,-1.0027048703123098,-4.175137151933221,-1.6746733755317238,-0.7352413264646489,-0.8257343996271016
0.2207135158648641,-1.0281922300830497,0.11581207391810207,-0.9460847623008776,-2.0710039795099795,0.6725735391679765,0.5443190834767699,-1.5526338051614648,-1.7280709355801838,-1.7767736463543526
0.6096912793553675,2.286973642657224,-1.712298221513545,-0.8365257235503782,-1.2263672424683971,0.47513980989793975,0.20264452208079364,-0.28471432632792826,-2.176554079276592,-2.38495978186476
1.2682256531165548,0.6308989970533101,-0.044426079274176355,-1.1990704454093373,1.201417256629646,1.2762223309737584,2.766201315841589,-0.08189179022545195,0.630997035323337,0.013396922078727225
0.58768339439631,1.4906997222788354,-1.5499570404474372,1.4638105096157699,0.017121907101488698,-1.5179073222630293,-1.119765740024849,1.539070670193277,-0.846946876848093,-1.3667267314326308
0.8203828222152373,-0.5616169353913119,-0.23577705723340117,0.33655214474917766,-1.3920074978928052,0.7666358483831773,-2.3074456786275688,0.8464026243968582,-1.0192405652698562,-1.5230645033307155
0.14201528660043464,0.029382840733533085,-0.48182157529958225,0.8091524046924383,-0.24426165560820354,0.2398191598837197,0.21722563902104136,-0.5997033388617061,0.2550425952680955,-0.2241271470179491
0.800637771715347,0.5423738241500679,-0.12003428531286095,-0.3510445011267838,0.5815917187382111,2.4859991481492045,1.2194841694884775,1.2219252076387113,2.764662206928149,2.158809460382846
1.0514170166910741,-0.16627665792601518,-0.10736104417600952,0.6565451362145374,-1.4088414423938183,-1.03966838139134,0.9110148277063848,0.7675171444643545,0.9875887198183484,0.4161924747244068
-0.8634868563746994,-0.8642168651590666,0.22659849162745788,-0.6241582258273988,0.5114383508361761,-0.9292961128483272,-1.4922903052980163,0.01686826015636922,0.6899325607026364,0.02353958217939567
1.2319267785658352,-0.2331140366242745,0.9597303235726682,1.9044189916473042,-0.021029160191460672,1.6224407632418143,-0.3658539829145801,1.8779201707260291,3.9512995722938697,3.4262991306465818
0.3955529681630184,-1.5667872128886093,0.723521037546518,0.766454979442256,-2.882984934986961,0.04704884631566367,1.1254366366926554,0.09469668445168455,0.5301234832085723,-0.08750733931093302
1.2890041553282716,0.29383456611983666,1.0271608804481007,-1.4792772139653734,0.9219655986796056,0.9024728786104823,1.517779411899564,0.4631256520459013,-0.4303627565649496,-1.2032606415404576
-0.45910372389768944,-0.9087087466836438,-2.2634575434487627,1.0408666912334834,-0.9648919990840821,2.5681738879530913,-0.2570223873325552,-3.4333069741586977,-1.4495300113429885,-0.8119731041407795
-0.22135318333628898,0.5707432497213318,0.5817663698084444,-0.6220290592483704,1.9803900642767287,0.18403294733067305,-0.005776365376587433,2.151950156719287,1.7291719109184744,1.4177221062198997
-0.5111688181226866,-0.23193323106476837,-1.6745414033284063,0.8451515503362409,-0.8345518727283598,-0.576077200675781,-2.1492802455595568,-1.0362786667522907,-3.1131691768946927,-3.3998989495379863
1.5676674661053323,2.1030067123018594,0.04736414635317598,0.40668531308617506,-2.4680276449810092,-0.4738096679077403,-2.065703482974385,2.05005256173475,2.4944373239044797,2.141085489135939
-0.39285850129042854,0.845330254909332,0.4915463627846583,1.0634032961578597,0.5064266061484859,0.052655200379049805,-0.7990216587611644,2.0458790492034264,4.457636894392817,3.9431948482711148
0.9803693521679832,-1.2775740804697233,-1.1868223734474619,0.5316536889090339,-1.3720940655673215,-0.24658555761266,0.136293031296586,0.7194880037207588,-0.6389681532348154,-1.034317716420654
0.478474978960828,1.608962056756628,0.4552424825529876,0.264483259097772,2.6662025806828176,1.2381953090770037,1.4203423662477637,3.6441087472773286,1.9781496696075194,2.3172308959034438
-1.3747011293448201,-0.6841387000323444,0.5440421546177783,1.6583667318971287,-0.8068584948806252,-1.307137715680212,-0.2895561724098519,-1.9501088933816353,-0.6115561162112076,-0.526743100164383
0.8135931608868094,0.32184692928481573,0.4854712018991511,-1.0329136598753565,2.849942880733279,0.9546011723944158,-0.9409140448721232,0.9247857019927463,-0.6886720979139176,-1.539489769040444
0.6736221653274868,-1.4468243993581669,-0.07782183668157266,-1.8039587147752882,-0.8203484512019656,-0.19315416151169068,-3.0304831984179192,-0.16237088989558468,-2.233228932080945,-2.5652549920699985
-1.4564892813155266,-0.3269482280320837,0.12198528278617189,0.6910404697767937,1.357990389515442,-0.16624682505810584,-1.8538548216392585,-1.026218392664899,0.13545301638364338,-0.3507923019196669
-0.543302455505427,0.718375063883169,-1.2641063293662034,0.9185235340852299,1.0407494605540306,0.44508355211255396,0.19980489795954118,-0.26022386309364826,-0.03894191326097356,-0.7155418402857991
0.17308972367142483,-1.559671689825379,-1.0590084283917318,0.40980401971038044,0.17399390119460023,0.04039432606415022,1.0451874627028392,-1.9961501850683299,-0.47773192222848315,-0.40103934987241086
1.4373853600272872,0.9586792662246821,0.20585544643614714,0.15060461643818737,2.496907182087891,2.080117813776812,0.46189099517276,1.4524800436177983,3.211834640036019,2.514441213739472
0.22577919748671307,-0.40073287983912753,-0.5919386625999282,-0.11467528118446506,0.22131892510215778,-0.6243299512561151,-0.8878975841532584,-0.03006927300159712,-0.4906421837197338,-1.0501910360447455
0.725228205741274,-0.15861396894222546,0.7115744022960592,0.18255795155231483,-0.7175449137836449,-0.7727915048276373,-0.7208940065216909,-0.3271909318269708,0.25181168903340756,-0.36139764121672485
-0.18506161269575008,-1.0282103557126319,1.3416820353613736,-1.509248294773157,-1.727941667988808,-0.6423726614595218,-2.130129623580179,-0.596959374660187,-1.7647853650023508,-2.1583916293726837
-1.714476126510263,0.29688370324896846,-0.5135796827932955,-0.0579996874093834,1.9455626226487608,-2.0495273428366234,0.16125399946363195,-1.0767479089662189,1.2405631121163705,0.9645320330944146
0.1918678837081852,0.30134946196911694,-0.13655817374540488,1.5508660133791041,0.09656581461771052,0.6685282101707497,1.546362881697369,1.3785702608938046,1.4995710766331753,0.8195831874771355
-0.38722333651643437,-0.10641011088788417,0.6014910233402078,1.3029166148478841,0.7787037244585143,-0.31948637789456713,-1.2271940571486741,0.7675370352009196,4.300845964473599,3.253391891001366
0.646257941625944,-0.4180069553570024,0.1729675270566921,-1.2725846963504082,1.042756503207077,2.2890885772469867,2.1245672557421944,1.3953594179316444,0.9781965732216221,0.40657038131395146
0.5610573302809797,0.5850318639073095,0.36023032495576535,-0.6221265457240823,-0.25561807457501273,1.563882008837275,-1.0686931133828754,0.47394586107161774,0.21744638999987495,-0.4046705434331557
-0.8585960277331021,1.246543492762478,-1.3965622187171407,-0.1256518366830396,0.6242457459807216,-0.03953222888367747,-0.29847532214753963,-1.3282792873652243,-2.298308045564256,-2.5038653413095178
0.02928042537553117,1.0411944953358152,1.60041805221066,0.5900884196323543,0.32480619329082516,1.574408808645717,-1.2929476481638948,4.5196626626201395,2.20556843069389,2.807050014406061
0.4438980606325992,-0.2694137575262616,-0.1084941719122708,1.4449418100001472,1.6067391521129575,0.9487950130863956,-1.2563198378584057,1.5618305963447803,4.730882749896584,4.031935863648836
-0.05534856841781119,0.24572029746172172,0.9039011761740731,1.716824927199475,-1.2692573141557861,-1.0848765019155229,1.1762006819576092,4.160967004340019,1.6773650212963325,2.2475866592802465
-1.6409339269465697,-0.19600195611525723,-0.7252628193001952,1.2252168858127583,-1.6353614344515286,-0.9159450484187541,-2.3073449407941284,-1.184223745317268,-1.155661875419683,-1.364273144680835
0.14280308823346904,-2.558557847856618,0.4698956958128682,0.43357856813131335,0.5096278416075153,0.28531538813281665,-1.0242025464273112,-0.5212178031505973,-2.113416613466648,-2.8236300821185676
0.17888137107267874,1.5922152521427002,-0.9652541926974368,-0.8297876089706178,0.860114575369468,1.1600764680169875,0.4010950683925855,-2.3812684452041912,-0.5574254720018594,-0.24603348113923285
0.6398056093897786,-0.627133648573437,1.5064718515809397,1.145878424248132,-2.4247480723972177,-0.6157580029485463,0.9968642637151192,3.7332376370197795,0.37611254363091606,0.8027831648637618
-0.16661515803147925,1.1968592524527653,-1.3539615273576722,0.13006060198967956,0.7533180416300346,-0.20022628194036177,0.43388177199441924,-0.2444153457207787,-0.7063830980673044,-1.2647658934198749
0.8151473345945798,0.85339924155403,-0.7261391794327727,0.3195565274695238,-0.9895330913272676,0.4854435775862226,-1.4519275033680312,-1.894640688709138,-1.5091144052046228,-1.398385339830627
0.24635648529921858,2.1067850441251275,-0.06076533029920359,1.9750647379741235,-0.7348358728149421,1.2081061730733746,0.4732685881471871,1.7325016628048209,0.09871398198611381,-0.328506002441987
0.9106939396980204,0.5365579774397998,-0.15661275310625214,-1.46865388915974,1.252446335898193,1.3138997958676568,-0.05632032262729858,0.7005827861626411,0.7942522637981884,0.17372277769436084
0.037287649311376174,-0.16713678667030726,0.10983202485492291,-0.31465403666545266,0.14846976404131934,-0.19609862364546427,1.2790649103027942,-1.2309569777532523,0.1316552381965027,-0.1062659106456918
-0.6557913769337882,-1.7898126999770498,-1.2240643176151167,-0.5720393702679661,-1.4350275660696803,-1.4165123718564918,1.7505743017241406,-0.3455904579520539,-4.284179315911458,-4.516808267404809
0.9329961611949513,0.3886149888574493,0.28768469960397425,0.3272378091811173,-0.6922416149788249,0.9731829870229364,1.1093047052883804,0.247455753228073,1.8767241755537993,1.1998933642750944
-0.20934060194082246,1.0121804754184929,-0.6269639363249082,-0.4578974061732362,2.4529714347946685,-0.8507190113577161,-2.05932953851528,-1.282334513084157,-0.294520419808464,-0.41088849948865847
-0.5939704592027241,-1.0637240553350495,0.8622039114268518,0.015046636500061593,-0.929413968762839,-1.9777303319119786,-0.23829517297446312,-0.4172218477058228,-0.7707911086884741,-1.3292978036509369
2.2529544535663177,0.713185827421475,-0.788728404536004,-1.2764502572481045,1.7538644052026626,0.7005067486719968,1.4766934048819258,-1.1313377368165887,-1.5013010951708712,-1.7019959132000757
-0.12463032679254031,1.3115148379445845,-0.5815586136144067,0.7672700839173144,0.0668282446971954,0.29713171503724356,1.098581077410596,1.4978461518344295,2.564153162659495,2.022256084910163
-0.6349948621653901,1.9692678217079156,-0.006430052167617453,-0.21154775452803806,-2.7981769635444804,-0.4906617362997573,-2.8922561931246618,-0.9917419085381931,-1.3512891661146142,-1.643633994129581
0.10929056889943677,-0.5981438050579369,1.1494625031788162,0.6519735744525295,-4.179085587235691,1.5014557797127905,0.10984238319532114,0.7142928307560128,-0.09352906706869257,-0.6669072856789122
-0.20999133873614373,0.26138603079445294,0.6387396288016596,-0.13061386059931923,-0.199671723173365,0.16082389548839315,-2.0857040357479635,0.7448299768214838,-0.8937639771007424,-1.6271233791226423
0.26073882430549455,0.3446665740386602,0.8819465961134101,-0.33227082413557296,1.124669440753932,0.8221210654296964,0.3901949185279848,0.33408439008577506,0.3076778640240667,-0.6148037315637855
-0.8018585427008819,-0.049817080579940304,0.7333210015145724,0.4001414162106791,-1.0898046988192962,1.3044796653244795,1.2570621214125663,1.1824857199149648,1.2905279066296715,0.6424692578689433
-0.559329885339279,0.6604656227251587,1.3365700292303333,0.2457986765292433,1.1192441277618066,0.5433307315961264,0.0472074683832554,2.479193728198992,3.9057492382514147,3.671724294625078
-1.2547114809982605,0.35510210337087655,0.18460133395992032,-1.406183370027931,0.7243639596877304,-1.2284744999705928,-0.7506380116720107,-1.47547712540381,-2.1638199733083225,-2.3444865982138934
-1.2566509781619661,1.7633835800496025,-2.5824795326707375,-1.0995620002554152,0.9348804436597615,-1.1111167773637036,-0.10972537436073854,-2.5428282322137346,0.26510211310861975,0.6211250951889518
0.06183389510076369,1.2638683011840184,-0.12237397661599468,1.4600345985991197,1.308109822584972,1.4817961377310043,1.4854751665948895,1.9032866722623416,0.40627666054486955,-0.10171035406969775
0.34434570965629663,1.0166858239905672,0.7691737506760786,1.1780966806328914,1.8936466195066335,0.3884741538256243,1.0967539620548041,2.6331252890953794,3.5990027608501016,3.448305296494576
0.8060431121998779,-0.18585825180598614,-0.49773296626960417,1.4968983277767027,-0.032052510923444855,-0.1569177315081361,-0.4772162237992976,-0.0487028377027493,1.4029777297156838,0.6821992375595541
-1.170285005897639,0.5997927311016598,1.1925535890484895,-0.2634424265038365,1.6263055134389413,-1.7984129822173927,-2.7536745888607035,-0.5246490331493541,-0.010941530431871183,-0.7116453655115791
0.37057811473673563,0.14276438360883678,0.9272660295426932,0.21622469425154728,-0.30953249845767056,0.0798518193190978,2.1488232267020653,2.592049543970842,1.7476087413858497,1.641225665470535
0.04475225636665972,0.2031486149215879,1.9514233476598037,-2.193192965750691,-1.07899107981673,1.2931106285677088,-1.897708382718588,0.41773906825692353,-1.774797565094024,-2.323079400384054
-1.3918976372619862,-1.1024261343876613,-0.15235809629010164,-1.5662843937485897,-1.7449856128497279,0.91534789502861,-0.5821745749216509,-1.7239130899306083,-3.435652864074711,-3.38809346204696
-1.6251838575524133,0.35750011955524563,0.11771886438585147,-0.4303434496396802,0.43493051548815953,-1.4147231659387836,-2.3452121750540567,-0.7933237206650244,-0.5896425027381359,-1.0306957513875972
1.4807463921351434,0.7469504902788261,0.5713133575805438,-0.9644205681358391,0.41185439168688975,0.4674138396904299,0.25105027725620377,0.08157641113851599,-0.26340334397101334,-0.938630183168974
-0.04150939097006595,0.07273811463561487,-0.4039737114773595,-0.7142157268994771,-1.007315435505571,0.7284360768581182,0.9608484139980915,0.9150168321777552,-1.2840227945897418,-1.6489641122935101
-0.7159614209037984,-0.4111275034758208,0.21964326206428814,0.9393276912805661,0.015691327684352774,-0.7230199475885646,-0.009213937970289132,0.33337737936789874,1.1668146426605095,0.3164708754352057
-0.6966203107915648,-0.710880006144579,-1.280060867560648,0.2719230520927598,0.5468938274977798,-2.259392487799025,-0.8490035558233704,-0.31550402504136876,-0.24714710495687048,-0.7961852290436571
-0.8914953290215549,-0.5885821741861017,0.058608925957872544,0.9212044637709931,-1.8574542272520538,-0.10357660036881274,0.3968536422730605,-0.03006400011338084,-0.5427116974321974,-1.124420821844841
0.5028485002097492,0.5114490724392935,0.3864492290887374,0.2820147394646002,1.7087140167394832,2.7186635638142573,2.3103987801920205,1.4190055704534892,2.2401974306295362,1.467561520704649
0.7330610398451006,0.6464439279900791,-0.6328728203470929,-0.5791785371832975,-1.2096785520011273,-1.451241819493397,-0.7878556804314927,-0.25759774284889386,-1.4075431654082533,-1.6993876364369538
-0.5041211979256789,0.5110169775117889,1.3615298685136243,1.6869201647927612,-0.030950349332079963,-0.17849295232676415,3.0084389623216743,2.8165764852568467,1.6838592008301274,1.6956947992911238
-0.21502342868173924,-1.5884047087114592,-0.4159006416562996,-0.7287864675961271,-0.6436977484178088,0.5495547013526441,-0.6935511828227157,-2.095854415565347,-2.439690285150613,-2.1483208039498134
1.0918772056691588,-0.5022960677754583,0.19974697169868869,1.3409737341992487,-1.2949380888492397,2.1452040885459125,0.8792844552966914,1.0929965934235848,-1.3214721204937074,-1.9900199467281812
0.593992313564447,-0.15620143568034847,-1.4934386255691248,-0.5410845116397204,-0.6147685103386777,1.1140499959152375,-1.7265332155988946,-1.0698256680214961,-1.2558945590511024,-1.396646086478516
2.4770744018595385,0.8414492831475164,-0.8149020604060319,0.8896525484427851,0.3556315288570836,1.3428929083319856,1.311075562063089,1.7076354945047874,1.3833711653767296,0.8841974270542983
0.49632011101593676,-0.9724063668122142,0.06303007835883062,0.1602140900414128,-0.12942896268732051,1.4345550321896252,2.1570672645170252,-0.05643427156911959,1.1080289672146937,0.4578474759734126
2.03273588143537,-0.027257913011259124,-0.3308937710468884,0.98941651788122,0.5130656709443715,1.656537774922763,1.3867050422340457,0.6184697816904356,1.3452607508570946,0.5093637466106924
1.2493883460908968,-0.33935058770164495,0.4151970786702191,1.545240252544572,-0.23010616875353113,0.5008396825561288,2.4357902088920795,1.4759193736926508,2.5212586410000832,1.8400065367600573
0.6576073309727218,-0.4003649211209895,1.641146978698821,-0.7530698504536413,-2.2178403665547206,0.8495600625519155,0.516295753522845,1.6292673052574798,0.4733207411729989,0.06906172433970892
-0.8489972037715467,-0.5356430316569099,-0.9323650201295561,0.26328905910583006,-1.463162588040885,0.2079590260778843,-1.1034344688478792,-2.927708388866619,-2.7152745560821057,-2.2262788539245517
1.5732704771403503,-1.815560318697336,-0.11542467495820369,-0.5002200434973597,-0.08581124140615201,-2.1483287922386727,-1.2604584983324356,-1.9128689981891365,-1.4206360389124209,-1.2636724052313912
0.040114580533973467,-1.6598091689647958,-0.02984942954623799,0.5723980308672334,-0.1520628316303474,0.31311705030012804,1.3708935387765175,0.5933952789312461,0.41063844365926805,-0.32931993057187636
-0.46166522838805574,1.619691808540477,0.5671098677673982,1.3565566478955526,-0.37658038973572366,1.4339961799989367,1.1356205820015157,1.946590184265773,2.6936604058669418,2.236519174217685
1.151347948106778,-1.387128016730635,0.8954328826655371,-1.304933638624913,1.5117383612786939,0.3240792246007088,1.332895212636139,0.37166068577518796,2.9394618316329186,2.096582157565555
1.9179545489248742,-1.4539092597749823,1.048283188894022,-1.1806660067608343,-0.5381746275657862,-2.156351207262672,-1.592081812539932,-1.2846458664229035,-0.7055827044683963,-0.8646362638226389
-0.2497670696091824,1.7237144473677435,-1.3614050106381503,-1.0406068804132498,-1.6070406260466013,-1.0176316747276588,-1.491889948618401,-0.9016543274659808,-0.8330390682447077,-0.9997746978518582
0.32711525520365275,0.7557284121510719,-2.125522639978545,-0.45953471098685883,1.5959328317824248,-0.07096176456502717,-0.9040607787808077,-0.18668364706751706,-0.49981815186612377,-1.0293249232563517
-1.0516551100785132,-0.6027045405102691,0.42166545411319023,0.04043275712692526,-0.25817866942166556,-1.4905565845046467,-1.852868670244376,-1.4886194904981513,-0.3072096806603603,-0.45443099028318285
0.15057900802304822,-0.06840992051559423,0.600857458621781,1.0770686830424883,-1.117085408602189,0.572974449547963,0.6929499657901328,1.4496058533182257,3.812820781280818,3.186330106099232
-1.6275135311498112,-1.1669819610699514,0.21051561815713563,-0.11736491451969161,-2.0237093302241256,-0.14872626911188558,-0.6912671631242664,-0.7922204486593726,-1.2319416327280872,-1.6082762944029718
-0.9823987282694808,0.32232803979289687,-1.424686206728751,-0.8320893836629548,-1.0113321858988509,0.6317403663264343,-1.661962053325207,-1.521155566174276,-0.5691141956577723,-0.5503566199890677
0.02311231381241951,-0.9057983011450609,-0.2718016568210264,0.8009235318076184,0.25768254842662963,-1.4788984883555047,-1.7335280836613762,-1.4346649654510664,-0.5763223569658954,-0.7736116458910879
0.7236669700487787,-0.7050126684903635,2.754677993493736,0.7852864098983744,-1.848387336575434,0.6779627220829174,1.9380644368335693,1.2114854166445321,0.36669351492628227,-0.33076145904072773
-0.027156810637901402,1.2455251803289487,-0.261459959594395,-0.8412217739027088,-1.6512936291554041,-0.049965820623702695,-1.584321331061211,0.6536075002086322,-2.0493341364489024,-2.3620492178757004
2.204516161330446,0.14727712974739451,0.94504397151469,0.17340054526199022,0.6375699805224238,-0.36447086123427064,-1.7006586707248557,3.4015621350873646,4.528309808374987,4.757342606579064
0.2303230280129465,-2.0479190346448104,-1.5369113732713366,0.5332152622066205,0.8893499910697081,0.3923955398977719,-2.3066203490339907,-0.3181697497127802,-1.7200510454840225,-2.3309858279411957
-0.3640003608186291,1.8846278206046285,-0.938096052867646,0.11298870030181925,0.4967137558022965,-0.4872772476107343,-1.3851549020776706,-0.869939836706382,-1.803861995775618,-2.190828925231619
0.5560293036987691,-1.1493114422838964,0.17018049529864637,-0.4324110697380724,0.8403264975495421,-1.9779981624942597,-1.4834412825535768,-1.0747743263912877,-0.3759469440129612,-0.7306680235747824
0.36076117532704105,0.33637085400051453,0.785568184341177,-0.7606531768029784,0.056773748357897724,-0.9024423236115822,-1.2350035917108615,-1.3714591525119713,-1.3523446802921604,-1.5345221869935475
1.7276122103871157,1.9273865834180015,-1.2136347437662531,0.2904836296873613,-1.2741937706326465,-0.7723567403415581,-0.324990784659295,2.390235830059077,-0.5806941641908754,-0.7031466170506393
1.9360737448400285,-1.0973773482489002,-1.0753654005379514,1.1491717923978022,0.5180087158109574,-0.3196635961434588,0.3273400601761491,-0.5726966333475378,-0.03085344481282057,-0.5952373935389444
0.3905720740835347,-1.8424360091125023,-0.9907995179556077,-1.7633093062085141,0.9806473565820717,-1.8961655200001828,-0.8196123386296077,-1.391866251867921,-2.236817016516678,-2.387601060210239
1.1075604297439186,0.48622973676439374,-1.3745872122198883,2.3966853397332306,2.1422603213254536,-0.14010294174361293,0.35665387518820896,0.8508588500712696,-0.24565487861326663,-1.2039071709859346
0.08048952378325264,-0.41372502464399213,-1.4210620992450902,0.3691694753642897,0.7656117037313593,-0.7446642054599075,-0.2643116810763433,-0.8103014912296751,-0.1762483478050999,-0.6473185951309225
1.1466459470607235,-0.30397158644368205,0.5562692569609098,-0.4727236500956354,-0.41932074527792684,0.34699139413390984,0.6874449241326378,0.5087771993079984,-0.3809477228429553,-1.0337582472769844
0.5056008827164439,0.3994945023526906,0.3016252048231871,0.021354320900145732,0.43062048514195483,-0.7851471934027853,2.0799042199782214,0.08439340159612141,2.0888149839994257,1.3211746715754131
-0.21488453729307147,0.4661638361846207,-1.1333377255561092,0.9019499744544058,-0.416008541430509,-1.0456421670189222,-1.7138179586130098,-0.31488157424570407,-1.2683620186067268,-1.7673040444949728
0.9828256682504132,0.706108377638799,-0.8759789593870437,-1.3212955358769607,0.852577410730929,-1.5710458564116854,-1.415129886088692,-0.4141399457810248,-1.570696825030749,-1.9858368960319226
-0.4696784774529983,0.6020790843978593,-0.14509622545184495,1.4069818607240276,2.0982173913569526,0.2788959660178679,-0.6449995201438639,1.0680393114994355,4.5619903766486605,3.6023319271894882
-1.1085631904251423,-0.32283390319997846,0.5341138325531358,1.4966263619020415,-2.045311503018551,1.9937543739030197,-0.3248685913922895,2.576177660598773,0.07983701036135749,-0.06701026242500441
0.24254326576883553,-0.3425606842646324,-0.1607530512601441,0.14303023728440797,-0.632260751391139,-1.8479137450518943,-0.6787841967310695,1.0828941339790268,-1.5790714402261572,-2.1202547979021844
-0.3628447540501855,-0.6320009325437974,0.4940594543536594,-0.6613280272581268,-1.347832603770862,-0.7782762424367344,-2.3752096742280715,-1.1592115585401381,-1.562195396030368,-1.7747339053062676
-0.8049039144813821,-0.6475581048289414,1.3482416599686584,-0.0007959917761071589,0.629059640852194,-0.7490965645426888,1.790632576761427,-0.9598636539181371,0.9317238612058933,0.4454208985797673
0.2527804347633986,2.079355666617141,-0.42602073646829464,-0.249274208362086,-1.2162327816543477,0.8885856008899722,-1.5866992205816715,0.7775317418698383,-0.9249177769189201,-1.336844608255529
-0.376145977199347,1.3387510145614394,1.2242134799283217,-0.9954859214641224,2.2665230315235267,-1.754040179137744,0.41912368574742054,-1.4898237160333148,-0.376396232305093,-0.4914145494603096
0.22182345327840203,0.8088380940682248,-0.22934669303864028,0.04428254062454433,1.3306094387006033,-1.2230085964289867,-1.479938380874231,0.5415831764737319,0.4074420416462047,-0.4202636534366633
0.13761421892358336,-0.5300678347132359,-0.9958340330361954,-1.7907154337373132,-2.2485502388966228,-2.1186149344211493,-1.1626859473130269,-0.9720612973930085,-2.9594184373427828,-3.1489240073931093
2.0816372781342984,-0.6281290309830861,-1.802243270872058,0.0394477990925286,-0.851347003741773,-1.2044820452604694,-1.8235689150995726,-0.583385235171957,-0.7985787497154638,-1.123545022798587
0.23727345270014602,0.366577512542911,2.5930157443437896,0.9364123726394853,0.4630603106759882,0.5935179009675309,1.7159691253638343,0.41090807350901803,1.8479975865037719,0.6252624716459272
-1.3924274813798263,1.5974046736020886,0.4188072955863566,-0.11110427884738441,0.4715391399247081,-0.10541779196796497,0.9067637861845921,1.6111108336316735,3.2592957579711803,2.664355236705606
-1.6394444424471533,-0.5399810220987147,-1.078645348669694,0.006418917381769889,-1.683607007670353,1.5191149148041743,-0.6078332547497013,-3.261312587235363,-0.8194352776091898,-0.21684621088641265
-0.13550156489904155,0.5948594512887911,1.5537188429237039,-0.4479053420558382,0.20955507378798266,1.1693280791218834,1.1284910987304502,0.40864655612622414,0.17464026630454788,-0.7103436388841625
0.17751119507829338,-0.2184900905747,0.5375329780684588,1.0184357740025272,-1.7166564141749945,0.6349325542133891,-0.022052222017707512,1.9724379005919999,2.1000761405504207,1.6604175780855908
-0.00865538787109615,-0.7157382845636704,0.6159353027719693,-0.3117613418074843,-0.7188735348947023,0.27857732926802087,-0.9606429372672538,-0.03420537750378999,-0.969828931367791,-1.5676074095305716
0.7013329010964009,0.5121574131523736,0.10662008310388353,0.9500312580839858,-0.2708023387291003,-0.13253276535358416,1.2822786509698316,2.5867268814437354,1.6434933352435086,1.5372605568732314
0.042550391160073635,0.7296802624522933,-0.5572157749046618,-0.6494979009716401,1.1580801891112493,1.1682912142788688,1.447501383146597,1.5181654204522848,1.1251723419501403,0.6597899296275781
-0.13839565635052276,-0.3965349692182701,0.7578095790666566,0.16897165049461044,-0.2304082869831448,0.6384670042152576,2.485518556645099,0.46196700091859005,1.0501558246075922,0.2484406933125773
0.08329344382398365,1.163101419398109,-0.19378720052505863,1.6407679849253058,2.4199243188667143,2.050501974771856,1.8666220493867032,1.1321912394263363,2.1267008626718367,1.1900018689740657
-0.3332266603554349,2.1435343674246154,-0.6966845536522677,0.38014372753326725,0.864976806250413,3.24415717016144,0.8655167009392718,1.0506900891733908,0.15408471744754093,-0.5367085715734488
2.099871418660338,-1.890139948035468,0.7507880677098379,-0.3962746968485957,-1.6787903108686903,0.8776134842463618,0.4114652685909106,0.03800797018810127,0.8046460284350021,0.27957897643088714
-0.9060316583962975,0.882648872914209,1.0399337738896144,-0.5001464411574665,-1.4601104081964649,-0.09727398008709154,-2.1854140366428423,-0.02569646693902891,-1.2226035310208645,-1.7775599344960662
-0.2323108147584188,-1.6669283095275365,-0.7518864694056244,-0.9580634456688115,-1.1189530580370253,2.029676756363607,-0.5597942771555091,-2.606737613467586,-0.93129275740903,-0.4892511960044601
-0.6838257478834406,-0.10057686891314392,0.020844942053956282,1.7528045082799655,-2.305390135484997,-0.07853706916943648,-1.930203716397729,-1.0313536327865185,-0.2129282801786928,-0.5602987342639172
-0.46355642003623265,-1.1514659880139766,1.1501597814971583,-1.1333311113054434,-1.4628468269812516,1.1590370984974725,-0.7919155317793389,0.017588653497034645,-2.840542708991146,-3.3386798166598517
-0.5580447352137926,0.6355965563143663,-0.6651998538286971,-1.6840797810393069,-0.8883366162356432,0.985042968505755,-0.12590377290753094,0.4880160503890567,-0.5806449781641809,-0.8142375129709782
-0.8397664859087947,0.23523040702370418,-1.309274287850932,-0.059559995412021,0.598217894861683,-0.19238581250237907,-0.6638560086339743,-1.7734533236719492,-3.0822542687166994,-3.091039952507596
1.1876692658974324,1.5327175069543428,-0.6799975026423724,0.7861221270830554,0.3287037295744176,-0.12467253801773615,-1.0787795348978766,2.928291670565198,1.3107995536342933,1.3616962490749018
-0.3558831733107899,-0.6057254825455494,1.4597379110766497,-0.7717524825590625,-2.492113023116454,0.8179254068452171,-0.9640980800588126,-3.0308186119444196,-1.326506020560686,-0.7717897340518358
-1.2068090597356398,-1.920069234677229,0.3967321090441998,-1.781606124816475,1.3850253597463498,-2.4450270209698592,-1.31957398799286,-1.2605880583727702,0.10343935665894566,-0.1960486830472209
0.3705665388807856,-0.4619387000011927,1.3817818327624356,1.3022231156806492,-2.437546940461468,1.0023813936709238,1.0488419827952677,1.1718087810866185,2.74536646116767,2.0036493966298483
-1.8948136349417928,-1.7992177844044641,-0.21714494309808524,-0.2099858486877151,-1.014556075509039,-1.954286812264324,-3.8298728286613968,-0.9447725987887736,-1.4620792450501072,-1.6843437430588635
0.4150433412604151,-1.0556392312015266,-0.09729114086982107,1.1185019764035886,-0.09997059230746819,1.2075046232495585,1.1750496302924618,0.9474731695447378,1.8697648726484353,1.1029686417704465
0.3023484473696717,0.22975141517084202,-0.13759521901099692,0.16896809564548518,0.7172220762401932,1.6048832486754727,0.9597608278668296,0.24927263394904983,0.8612497710765653,0.08884620828075727
-3.3942179792872866,0.001510360704804273,0.1250360763896345,0.2783122385597505,-0.7526977733532292,0.5373424141478842,-0.9192117754347338,0.6536157636063341,-1.9192679760802067,-2.5607687770924508
-0.12670820015314488,-1.730395331051147,0.005940102626842666,-2.2377223907101023,0.31711636575813723,-0.2484617349327751,2.0013691976568833,-1.9995340410180416,-2.9804917793264902,-2.8928105076259794
-0.072314227187035,0.7151911051297626,1.4750474423444047,-0.21259263257275487,2.1833263367876907,2.300567410346166,1.9658637017365943,1.45256980346739,3.971244994142991,3.232321182950378
-0.6148514847426133,1.482184677243436,-0.7260019878366973,1.6759220277781846,0.9154562132037781,2.072992104166122,2.6298840003698776,0.6533753253037826,0.9279328887959978,0.022470644725626987
1.3975379315948995,0.27063902937720863,1.7478453216622536,-0.4186681863941826,0.2350887882334559,-1.8199501669967046,-0.19983844554461216,3.295863389043916,-0.01552926347609307,0.25187553689438325
0.07256251967410864,-0.015268396562743914,-0.7756614073283784,0.27864622317686766,0.5760396924263258,1.6614925998998582,1.9793159489039251,0.45841605096265187,0.9331063146989323,0.25584197248183194
0.004518017265824184,-1.1113743453268607,-0.6847786719273505,1.274184335544459,-0.6549373370493806,0.7983773178421354,1.8147980469944398,1.540963807368402,0.43947495060952707,-0.012059732248195947
0.4181286517747724,0.1465888712664104,-0.8447734409298303,0.7026409617736549,2.563845329842122,1.6131549891026313,1.5478881583585071,0.398175035703374,1.8169150998511894,0.871698968579041
0.8801539838831137,-0.21441304024227054,-0.7142996655900308,-0.6161282725159911,-0.8971257063015001,1.0614443770204198,-0.41943049057299253,-0.45835627895532166,0.000222881613710868,-0.26403459333823043
1.2092034031081635,1.3731453137671525,-1.4179746162748161,-0.46132849965643585,0.6276407829047155,1.5950363854925147,-0.11229000554624455,-0.46139693762695194,-2.609405821938032,-3.0426281021977832
0.39256128228322557,0.8434743339148347,1.205873835984006,0.691526643820407,-0.6463225705068669,0.5881379113156511,0.4332850098240266,2.57273496240771,2.9353296384005354,2.82400295446907
0.36113617616746324,-1.0626193291873487,-0.545915064653683,0.8896411740178125,-0.7192799409871805,-0.9724287309588577,-0.5013148013364168,-1.8736205016143734,-0.2685155418863552,-0.15258018912617866
-2.1865959343942314,-1.6061790787356895,-0.15537109307390717,0.5500442369439122,-1.2853452969079413,-1.3384994113061865,-1.7564341002405457,-2.146870960836993,-0.3611392995214331,-0.1710575604124953
-0.15791858834265812,-0.7279067118267274,1.0839774797111252,1.2019644938031158,-2.085988748385556,-0.5351145038520222,-1.3552980095575462,1.5392007170032547,2.0198817663727784,1.390268801136093
-2.0328332933414526,0.03094627977435803,-0.3875069864062761,0.16752683919088418,0.01875239143691109,0.7234725114865488,1.0718436722101854,0.33204919945247857,0.6056404169209518,-0.0380452617140592
0.10838072144719063,0.878057093725114,0.374899110827555,-0.16860542539921214,2.006720705375136,0.8753759129450651,2.9989163836204877,0.7910707890843756,0.7219992796490713,-0.21831961198402094
0.9472826029411319,-2.524937552865138,-0.052861170412750985,0.3374953676625798,0.5656114646059223,-1.097184408854361,-0.4723622757203246,0.43063588674807596,0.6153279662997584,-0.1857070824859319
-0.2588386828724877,0.11665223083956125,1.3265737554142898,-0.0122805324744696,-0.5874339922466205,0.15522205727089589,2.4135087844625733,-0.8505708522565224,1.3434220901102065,0.9374921729177552
-0.5161961280860705,-0.6559353610918465,-1.3914988642781425,-1.6682451949167845,0.10058884644207411,-1.2213637957510688,0.18345117660098698,-2.1915942569143914,-2.9135799829762092,-2.7021796166229475
-0.7940811190405466,-0.26486203529218794,-0.6838696330850835,0.8014480665031207,-0.14100902456939812,0.374820382688055,1.6478079642693988,-0.3699022918140545,0.12997738097714695,-0.41417279661047124
-1.1945386807253306,-0.7559961259181053,-0.22395627232558463,-0.16625930927866467,-0.6407481158468737,-0.1137297540422082,-0.9613507639378169,-0.5173232426046362,0.13550489473050376,-0.24693311667037965
0.8318505508870906,-0.5289522119795828,0.5798428695477865,-0.8164450770721605,-1.2136162989287054,0.217912047909805,0.3721897369122418,-0.8404954842435741,-0.8091374411107611,-1.124677569916042
-0.9775246591548552,0.44820704398888866,-0.1745161138212968,0.7368860641357935,0.9275279972301063,0.030089997597652907,-0.270917146310783,0.38747731372197247,0.3540840939740171,-0.5281705005093823
-0.3238987065441069,0.03617113950011617,1.348359312675996,-2.783157366435933,0.4338350010696649,-0.47261157918834446,-0.9417169089638112,0.33177822969375126,-1.1541467333803332,-1.7819318687807393
1.8656612396448984,-0.18519995330909675,0.33324010621243094,-0.12211059033613224,-1.3456671908474518,1.2918358788227933,-1.1200870684199913,0.7080624526784776,-0.35895227341593566,-0.9027475507433013
0.1842678401730779,-0.4069984057346054,-1.093141385787729,0.24661363902827615,0.4152010810489626,-0.030006867883508037,0.8482219951413571,-1.4091150506253847,0.09863832352284363,-0.09821848919860465
0.613029011257002,0.06036985483896645,2.5554136365944706,0.9903405338332801,-2.532702170450207,0.3095323510940311,0.174532765752752,4.426624194141995,0.9225227215581256,1.5493576689955733
-0.27108456533782144,0.31374903074820987,-0.11807259574484771,0.09323814264868419,1.643494985368414,1.1355680330672724,0.08794651676642817,-0.02413476995496571,0.3747197505647677,-0.43515615511069544
-0.9270007051532393,1.7288358752166577,0.3677402812522316,-0.8078949881295198,1.4158170019416243,-0.825830206470791,-0.21561646924807482,-1.263062469477389,1.0225447378938157,0.7613324379896689
1.4253444243597906,1.2659325875092664,0.28693427916714426,0.8325304328151251,0.14000342927537346,-0.929069617952118,0.23813983283679718,3.146476748228523,1.5545632135243888,1.6561858390283297
1.163814843627407,-0.551354021505788,0.8109123018921232,-1.1469145614066956,-1.041849302301098,0.863253810003235,-0.3503938170488948,-1.6026327068428232,-0.7712145809679839,-0.8026506271349859
0.07269935769279513,0.3003800583317748,0.40451416981142224,0.9415950614973947,0.1283940360328581,-1.2824607113675444,-0.571896703782732,3.3293805097592815,3.386855149787061,3.57962477894824
0.19269794060955994,-0.02335428175669696,0.08926152099354762,-1.417833734522622,-1.1920654516709883,1.5312091625727993,-0.8428769429334191,0.20252818299556574,-0.8610950277191399,-1.2113123362685512
0.5449959686472339,0.9483038900313151,-0.8020575645905428,1.4208453656925053,1.620156206722688,1.238016936741441,2.5294216128020683,1.5656027406970825,0.9811546995658347,0.3640000339193603
2.0982379899411843,-2.1549771944185827,-1.747422033339033,1.1478630886784216,0.9362685102780397,2.1421081047676225,1.7409477052659206,-2.6749622913103175,-0.029016027030005942,0.35837224752406416
0.3089240170966175,0.8418820985351727,-0.6699720366043481,-1.64586388574194,-0.5601990737283747,-2.4477638035165388,-1.4588648350880462,-1.5690120928230236,-0.21760270604638388,-0.1752297538816796
2.2458916816276515,0.5332124087270753,1.1299113352285903,0.8083758800412372,0.06618104789141166,-0.2294124965106283,1.1031241209412233,4.438446986577834,1.8325036610485033,2.4453740217125404
1.3445483902456974,-0.49890957422796195,0.14135894023238058,0.3714481818091122,-0.5109727363854866,0.24328880584698842,0.5288366541985754,0.8525580409199037,0.05735972090415753,-0.6152760367253343
0.341207967301088,-1.9695814832250274,0.3569657862379789,0.7251648850532693,1.3184398886046038,-0.7886671397821152,-0.2329481277571262,-0.7462499637977187,1.3584972624983265,0.6933932168851968
0.20430470821595592,-0.8359071974133572,-0.7787645579564935,0.26593253290030344,-0.9005635373967735,1.6115820008021513,-1.0179428071083363,0.36580734518684366,-3.0189051443099606,-3.4936523276063634
-1.1095146063991628,1.6378818588184965,1.0195316799906957,0.5912807805038324,0.36208744944213933,-1.1101386132326203,-1.0353325063616126,2.5729348267813954,4.324752695085131,4.109101659338134
0.674030677399362,0.03865913956438945,0.6250723030703519,0.05943098155856649,0.27252816756586495,1.5202983945882869,2.4466962358435147,0.9227918670600854,1.466112236467687,0.6651468777699214
-0.6358443862308957,-0.15543812151280698,2.1380486003069312,-1.3407489163913286,0.48316960025227956,1.234590063511972,2.317852595223245,0.7916522435414892,1.81314885974247,0.977708522755312
0.454331527049177,-0.8407240682162281,0.8572853007764076,-0.03072793147077041,-0.8554232266003811,-0.11184829051758993,1.5397504267201976,1.6165395954447233,1.079523177614398,0.5893826309945542
-0.6418168835225433,-0.6698755318111358,1.008604687312483,-0.7950477793184264,0.5533945192109346,-0.02443572130859062,0.7582812589782563,-1.5765110323840783,0.13163157487067256,0.013128278004528537
-1.5029441549281712,2.4205996034568544,0.08639755190312265,0.17717247725737384,-2.321335546665612,3.962653749981473,-1.1814794952950884,1.4340432463769006,-1.630641249444226,-2.102496766661924
1.5821164567817068,-0.9912514512358945,0.3899237360259755,-0.8404648896253585,-1.658815836956757,-0.8285249963777219,0.904583927933561,-0.4481065010616111,0.027651950391801128,-0.35576776055292325
-0.1451370159160486,1.7816932303031106,-0.10513780976054775,0.19346010011490392,-0.08484279778830617,-1.267403572217677,0.5891425077856113,2.9530574473601443,2.2448316074939854,2.3474567250607103
-0.2501175806816931,0.2840129267668926,0.1480906755367504,0.7642597358929116,1.2993743347432578,0.7461089028612733,0.6246371089136515,0.930858463871782,2.7084038889356936,1.7677468262117324
-0.04743759661876462,-0.8474214299450828,0.33304685705211706,-0.12286472071434887,-1.7798258915116607,-1.3464780458950332,-0.11525437925919602,-0.2577143307815433,-3.067841787103718,-3.546732532750503
0.8850959369251533,2.4847312012180796,0.23133859442407476,-1.440623707809394,-0.7711211564974265,-0.9621783883751398,-1.0227949570673012,-0.3713316551237833,-2.4500511004485457,-2.829823213685228
-1.0221597875862745,-0.024261504035584833,-1.8999235272267732,-2.2234822183966543,1.173455805196255,-0.18201122568091008,-1.3500808820907944,-1.9965169095850104,-2.1200218872969363,-2.0190915182543114
-0.9540840920946727,-0.1143472311685201,0.7892567361620957,0.29693522795571525,-0.3224189124089878,2.4061775625756043,1.8973091223134717,0.6993331656835519,1.083050799298562,0.27832564260829806
2.4204040892351313,-1.720597905690166,0.8699711541281084,-0.12779869800483507,1.5532148108008061,0.8322716195084536,-0.019311275685524543,0.9130575591288653,4.113207837455105,3.159864152767462
0.08249427333573621,0.44624473815117965,0.714984235260515,-2.149692575094166,0.37255906828355695,-0.8079505643738836,-1.1996120004886093,-0.20008834683804963,-2.3640262980185023,-2.959113640266218
-0.1586200043387001,-0.5928600729299199,0.397114519526869,0.4120457600216502,-1.50769773561895,-0.4392916443018474,-0.14263891642506044,0.294926170454087,-0.1539415169894393,-0.7665783208877073
0.721234363845847,0.2826068384783559,-0.09674748068190035,-1.408009403884593,0.8134394955891433,-0.009672571632244331,-1.492148316403301,-1.4620703556423864,-0.3123136764500991,-0.45384567557173083
-0.014824550798481287,-0.23094928949624557,1.3369320926992665,-0.1754921596285051,-0.14433446783148274,0.27037012707787017,0.8438078670459167,2.3530243870192495,0.915982769065467,0.7403546847296506
0.7666733155135409,-0.5698593998970285,1.0304784248831087,-0.05853849303122274,0.40284747523254005,0.49550243345514644,2.0859781030161884,-1.3306357691216772,0.761672932142982,0.4777090273981027
-0.12284176942441119,1.813427205917492,0.7588221641937637,0.09956121731659193,1.5960285436674984,1.1317753764956944,1.2860915246848506,1.4666177054722078,2.7169594662199916,1.9509270893997386
1.370400396271375,0.3036210352439574,0.27097500303664884,-1.4245330566996464,-0.00612385077103228,-0.8941695114810788,-2.34262886379096,2.05022062666286,-0.31564491068086975,-0.6173474201860844
-1.949149946067953,-0.6674621933340249,-0.747797081786102,-0.3375889278624039,-0.41530293789558825,-0.6178015654095308,-3.0181977810432574,-1.660692466710556,-0.8207588642867846,-0.7276873728498493
-0.6690433171415768,0.14507777343868578,0.5422043453435997,-0.590603243015177,1.0038680555309738,0.7558286065741482,-1.578289685780939,0.5258266053316583,-0.38706817314072306,-1.2116513547669863
-0.871031140439784,-0.44022762571606044,0.25287866712673085,-0.9134967974941813,-0.6624514570167717,-0.4478517090573416,-0.1814166216286363,-0.9264977298113914,-2.7561047254750948,-3.0185686989302853
0.28433817950183704,2.093301393817441,-1.0866782481537436,0.2557080297299295,-1.3550849072442257,-0.14102259676009649,-1.7460349459458964,0.20086884245611486,-1.7860359200220648,-2.1575818861457043
-0.19102575610422703,0.538577830317052,-1.3210470205652975,-0.9510609307098703,0.977980439644772,-0.8896674410941079,0.36506743020788357,-3.1353454168385344,-0.30615079395817624,0.262115115636961
0.7182607026122965,-0.5108816297626337,1.2513246271100644,2.098387078224128,-0.9777540780969324,1.324647395805692,2.7854900653505617,0.6491782043120833,1.5804306513724704,0.5704999823714145
-1.1156918029361944,0.3591824558317054,-1.3682280065080925,-0.44452455879925357,2.407619568885605,-0.8470890600773004,-0.9385386595781259,-1.757315548217925,-0.7159497393466662,-0.6512328413139107
0.5546450656512353,0.18962791915363314,2.204161109494568,0.05581699395711393,1.2822432599803477,-1.0845039363582007,0.10534625353134275,-0.1536773603171273,3.689202520852441,2.747477375450696
0.08262412277362147,0.9240233629629958,0.5194483031168386,0.9325732207895578,1.719943056515624,-1.010391319827108,-3.6320050189645965,2.839150467883336,5.337081806576806,5.283474477760391
2.2494015031365575,0.2052332555180071,0.9277683334412974,-0.37088573567456096,-0.1724358595744548,1.6373485847124605,1.793600663034077,0.7021075513240458,0.5286800603587136,-0.22125716004723878
-0.718945793634924,-1.8062586683831126,0.2924196541885712,-1.8451375472451694,0.03832579252620941,-0.35947056864539184,-0.47383849476554685,-1.9305684760491997,-1.8874155135763502,-1.8352266171835263
1.0837880071587505,-0.3496347245647125,0.43674704836822265,0.12872365620120016,-0.8489428294931011,0.37117635428863505,0.7067393792049197,1.8508313268470185,-0.7272587778481535,-1.1291367540166741
-0.0012904120592471147,-0.8403299682679489,-0.8016092290127286,0.13901431264901642,0.32790822212468707,-1.0280250626441867,-1.7149727528909198,-0.5325084530075098,-0.2392723573833555,-0.7173430884065908
-0.5951912082800105,-1.5136084059242312,1.5989259073819384,-0.5214973372587073,1.4755848491547747,-3.726093809688801,-0.14812908811190467,-0.7443842845546889,1.4388006548804504,0.9015328447843669
-0.4909017373457528,-0.44462207775438645,-0.3195501249622666,-0.262608241643528,0.0345452424903413,-0.47423862556261565,0.26836417830285875,-1.3847527452595638,-0.013446676540461944,-0.10871072460051456
-0.5515273025055962,-0.4916097130130197,2.144546182985904,0.5851836054161839,-1.1947338256066606,0.30746863159033516,1.4092687905706427,-0.2860384772377744,-0.017555014313546058,-0.6956103418389816
-0.2076418864803157,0.4997280457526557,0.8318165798846373,-0.30480706098551297,-0.11264249586126374,1.331464417436782,-0.0791742536876402,-0.017723166127732504,-0.18723935000076558,-0.8949516226675229
-0.03910103508691586,0.14471305484949887,-0.5804632599416641,0.1625423845688805,-1.1486887700792754,1.4643379650390864,-1.4440641060095254,0.5654307720266328,-0.974373931411253,-1.4358758541388463
-1.2359461917973187,0.4031736036396422,-0.2589128529966928,0.1055249182981207,-1.5137854288157595,-1.200674683921824,-0.6235646370718888,-0.24749579904755797,-2.7839589237356774,-3.2077159869948204
0.014826680486749984,-0.2409945772672331,-0.9377817615085446,-1.3347511214431587,-0.9582944403502387,1.9713754451062537,0.6035590241338669,-2.2107251194395543,-0.766661118477741,-0.4847418795312173
-0.6478351352141879,0.3846442138343919,0.5480520872426423,0.14486928173069796,1.8147612058124132,1.2204140014284863,1.1115662022759611,1.3921869576122687,3.1329405341754137,2.346780475635616
-0.09785392645440695,-0.013171948659186116,-0.6480724126839907,0.7057665222929554,0.5037007259584725,-1.5408947658598402,-2.0217684905684834,-1.1877678587093476,-1.4441878151743566,-1.759507859015112
1.2164550929225755,-0.2851024411272723,1.783447752946007,0.29332144967617907,-2.0376769195635247,-0.48818149641097136,-0.32359075707340623,3.2476517119162662,2.017326688099865,2.220736995863512
-0.04075780451028955,0.9681294226108318,-0.5154518646174483,1.1188983873700917,1.811747708197367,0.13758060296328903,-0.6069068959032007,0.240411836643027,0.5764254883689035,-0.38264052834679774
-0.5130570202779953,0.5179123117416742,1.3899269902123548,0.5526177543490871,-0.0943493566288468,2.0094214446661294,2.597965300323047,1.6651172550624809,1.5705252383495132,0.9531359758364897
0.8006019798353593,-1.1605436022449036,0.6280858271124603,-1.5147104882082105,-1.4764776279706404,-0.16634084346710576,-1.3055803584307875,-2.944552547108465,-1.1828788539400081,-0.6876406931092335
0.38854924799778956,0.22317933077521854,0.6459104999143414,1.3412510807791789,0.6938534131005385,1.4965253341761366,1.4472702632995138,2.8495371482100778,4.265314332840859,4.2026449116492035
1.8499924610948897,-0.25438607162439947,-0.8145471537753133,0.7797353671426172,-3.0150807192758204,0.6866625441737493,0.17595853685185173,1.2722578360334564,-0.2116267608682655,-0.647873015876598
-0.735022692018151,-0.34367091873272504,0.3305779302942132,-0.7975845275593478,-0.6394891693483152,-0.35022656007177044,-1.5951131769841105,-0.2283239182748542,-1.583906439795064,-2.0532643191657165
-0.4461136803460887,0.3671308954323989,-0.6058355392689073,-0.9136758693533901,0.26869059598377215,-1.819353010754631,-0.09950735204186534,-1.520573632843549,-2.620372102641327,-2.6541023224689364
1.667420310230653,-1.8618505939089334,0.3363200162202224,-0.5139568927025128,0.04192081895803379,-0.6597240062056083,-1.9811063743089228,-1.527716921251773,-0.8347443187580539,-0.9370926541009107
1.1819459107747308,0.4880165270118458,-0.48324708546522666,-0.35402806784224855,1.437981906663989,-1.2250979913091098,1.2726016900169106,-0.7997335095721936,1.2408294333016454,0.85172455893391
0.298895752893655,0.5775413294889213,-0.07908230637945757,-0.15443255302702769,-0.5916966192584944,-0.9241213914465314,-1.941491639967937,2.163136550753479,1.1886165300127305,1.0132590757741637
0.42791464929771567,-0.34223528219328464,-0.35885894495978365,0.8350674300052702,-0.7308186867653725,0.7825676983881176,1.728631496683459,1.2698147079965478,1.1603278511169726,0.6155489767268316
1.53574873538935,-0.4698906643125312,-2.5404420970147945,0.34098422844638404,-0.4563967998127818,0.445825119685605,0.24830360526599354,2.0934880670155778,-0.20075411540018812,-0.4817475224135478
0.35505925475131767,0.916051069341712,0.5820691215762152,0.5873187774847911,0.9876347175963138,-0.40341290997287715,-0.8023318528366807,2.280723391659289,4.1410802058781,3.7393828088545735
0.0699164806922501,1.0290678797789226,-0.0460610941371921,-0.4446847905517747,0.6047210973761226,0.17100135937115257,-0.21798421234767845,-0.7194155546646515,-0.08308014874505959,-0.5385417831109096
1.092646118596166,-1.8629409472720413,0.155607744328304,0.29410896742492354,-0.3800090055884606,1.1695880694700207,2.998276605050436,1.1210606140776043,1.451194767946419,0.8126498931440279
-0.41440523982251104,0.5069964620761851,1.6310884045135103,-0.4510558103535848,1.399448783715652,-0.11905751491315822,-0.09739563789748906,0.07061256677367156,1.2710716943837743,0.3030933388594958
-0.4043684484054826,1.3637786191672645,-0.1495165189964773,-0.7858828299425726,0.4129272088751743,-0.3393657443274369,-2.8738056332522466,-0.31998392918459195,-0.5865915065199802,-1.0944726071424105
-0.59360183793308,-0.345611823300014,1.0746666933287783,0.8450562854023183,0.2867586647560658,1.0936995219081005,2.0641592442604364,1.6126326124453616,3.7198858443348017,3.0008780768188705
0.029821457877889063,-1.3036633212898594,0.24013387765434654,-0.8826242494777065,-1.599226636527884,3.1020181004267946,-1.481538551610932,-4.106339719055214,-1.3083417360099168,-0.6439814206704144
-1.455157620284649,0.09665527436954784,0.5640737154798767,1.2062368306303812,0.35265418728053494,0.4523074695303134,0.262778784319621,0.28344811851026264,3.4238578640492543,2.4427057187664567
0.09110333521113148,-0.5937661802112338,-0.19995013896680797,-1.008420767415334,-0.7699559281952801,0.3871753142265583,0.6320236069501841,-2.9548795666943173,-0.14223085738780616,0.43086778945445836
-1.531099936580361,1.3329947739516568,0.5105137804803094,-0.7250302593386816,-0.3254381367929864,0.426666220443467,-1.1168637099205356,-1.1237454812802017,-2.2437618082975126,-2.486784013622078
2.288786781305166,-1.470681043139625,-0.37259601981149604,2.7079691783354316,-0.6902006852344161,-0.6488398895273474,-2.5358164430111367,-0.15779594655721468,-0.612444111388655,-1.2555465706376434
0.8431491066342638,1.0424808370633618,1.305646792282768,1.3328609264223301,-0.07068326132868841,1.1926589209536926,0.7563111230968197,4.757700623419501,3.5083290164197427,4.1927794673937555
0.7446591216868162,0.6117707622004955,-0.5546360474234221,2.348635210614289,0.11215212705363753,1.3066818777592064,0.46352208951014906,1.7012848053553162,0.3734168771576898,-0.08380268422397086
0.24400927618649892,0.9996829061381226,0.4846472460924418,1.5231932960861587,1.9452602669265078,1.7135017806503512,0.3216486125422331,2.101024654579789,3.330260291802565,2.880123484661058
-0.17450670188329145,-0.1292453912580745,-0.24135263735672077,-0.7702939585652792,-0.7701476280098842,0.3908176090522338,-0.48137174223980506,-2.9404807706931093,-0.7271649531678271,-0.14660473897713178
1.1799708343697968,0.3559110350657588,-0.8797712181625758,-0.5403803979663373,1.7057829321675861,-0.35782968485453404,-1.4835418490785532,-0.3252500896943834,-0.16327390285170962,-0.6875389683734987
0.014708768516754567,1.0807633756440957,-0.1697130737855712,-0.18004811636675308,0.3210835358127746,0.9465609852290323,0.7715237609255252,0.08687682678963504,-0.7654015497280287,-1.4123186296260863
0.4660376650309599,0.06281962616162105,0.8951128333613686,-1.2756126077789975,0.5820187755722545,-1.2604425547830669,-1.1893217686783617,1.9903750584973743,0.5761993576351301,0.16161709219318898
0.6336642109348812,0.9218832717054701,-1.8499884516364766,0.8222786590782329,0.6826776030581179,2.9271590182647085,-0.08495384357914343,1.0756300921234179,-0.49116434781237606,-1.1245853383412179
-0.6489390702853538,-0.8051140063592711,0.9270994902354831,0.09164470171550378,-1.135692018136218,0.5160545661587752,1.1802466077050309,1.513753445596795,1.3278435851915569,0.7946941523734192
-1.2353649731129557,-0.5298607114169942,0.644200252221507,1.6623646484178494,0.3226358322767793,2.4522063400849996,-0.1243365212347538,1.3192878412024773,3.8555299084722146,3.0036647938001257
0.09215471636709793,1.4554784111904957,1.0176327633477795,1.00568907417029,-1.3857619048101226,0.8267418450638169,0.1034332834315208,1.013170272659416,3.179831421969156,2.4203404535623476
2.4586685644989807,0.24013879599753135,-0.9556089271023347,-0.08136485532882945,0.060827320313012134,0.36231645688757286,-1.5851588045222158,-0.03514205348444721,-1.7107021771940236,-2.2069296063151165
-0.22216035835455653,-0.0506857215823181,0.05200517744726902,0.2830467091033612,-0.296764339362002,0.8340977072690778,1.8912384546777652,0.9829353595757916,0.3090014272260999,-0.34672803378445916
0.3358301122858304,0.988073138478667,0.2642669100614577,-1.4073828606082053,2.1821621104880355,-0.7045615271992184,0.9498900831569297,-1.4248169107272692,0.565269344681709,0.3951664486938151
0.32129091457439624,0.04389913427153788,-0.5585005654953573,-0.010820302461163347,0.6594419572191023,-0.8562967483104326,-0.16211862358670354,-0.5397135227368768,0.26704839555878707,-0.24168382359209617
0.9972418054405152,-0.3228337423236558,-0.11042021564004782,-1.0407031178453867,-2.6068985370620905,0.7360378841823786,0.838240620430824,-0.418122075057739,-2.7424516809977195,-3.054008706342107
1.442361256202703,-0.3882895632062763,-2.00184273974369,0.7732539003159654,-0.38565996342894604,-0.2641872991629747,1.1031683038460254,-0.17703359695180843,0.8936555307065204,0.40584719676879244
1.050198671515838,-1.249793182548177,0.20227496825382005,-1.3937659929779094,-2.4314648337753786,0.6901755268905688,0.5024059944609154,-0.6120058136059807,-2.067896600336783,-2.412333869815422
1.3520354183689474,-1.0329078892167007,-0.7200379074084848,0.07854797597384197,-1.148102816548212,0.3459570427540098,-1.879614300685099,-2.410663857501998,-1.7800149027693353,-1.439350257315751
0.10036800772599294,-0.15671749240857666,-0.7795558836538429,0.20262814028949663,0.4250385628873335,-0.27672647157464303,-0.9225000390693611,-0.8309027636656077,-1.5695039349757915,-1.976240315343265
0.2362256035944564,0.7259000176254243,0.013840676647507287,0.6279158310613909,2.011809907195471,1.0489612861131183,1.0045298456211733,0.6277675026454135,2.0101818901558812,0.9895597348374401
-0.3074997158432675,0.028783977826760232,-0.4842880300868277,-0.6557060243879208,-0.7322601792550535,-0.37518391362653203,-3.7016312442616286,-0.8169655827792597,-0.743606866794739,-0.9404324581850446
-0.319882410913676,-0.17223245024667835,0.7682926293402805,0.8626867610828237,0.2355140686773906,-0.29713844727446137,-0.5711365298425233,1.6229000629556989,3.910084594823863,3.2092293201841997
-0.44754620530974093,-0.3902680144435538,-1.1046832540662428,-1.3163398997319646,0.4202440791363279,-0.7864896382089114,-0.749628539929603,-1.6592580593870911,0.16758565249927004,0.14085665239918388
0.3634375232743595,1.5197588119975272,-0.5959060340928239,-0.5228501968581765,1.7587236006769578,1.7117853232733191,2.0798618072454182,-0.1049273445676587,0.9567439204142141,0.3248093469203238
1.057732331773531,-0.0985149593684868,0.4384200008935658,0.5040608900090601,1.5074224768697118,1.5533412849317902,0.9043104033290698,0.8970270979710319,3.150786655706203,2.1707933065517464
-0.7163641803608644,0.6375952475003651,0.9514503878267351,1.0364341000892197,1.840938308682504,0.14342693401701578,0.6247949888434465,1.1855385072477764,5.597839022473566,4.573786209067
-0.45649358791950956,1.3953163798612858,0.6738772212050262,-0.6710490358998054,0.571766805173068,1.1582785070636246,1.3111508086365387,0.6184797443317953,-0.3592000316862688,-1.1349210002192658
-0.8155839691375903,1.5905748505721453,0.3444710498715927,-0.3580131199073819,1.7967985706952667,-0.4797576985380184,2.0980907091791337,0.11750556916819405,1.2802113871391534,0.409646944754295
-1.0642475346156446,1.4342155657534985,0.23157309699646864,0.51859195679125,1.687481602838178,0.057857890236084036,2.374289819049669,2.149537609141909,1.5733746017711727,1.15694021255059
0.4071513015879298,0.3346386706084684,0.9943841984756286,1.0121232967688727,0.8417981375133489,-0.10236098637413016,-2.465435932681407,3.7228471986544704,5.107789575030986,5.496331915076771
0.826863896279442,0.8977187807219185,-0.5024075640820908,0.9685808868215048,1.0554822095388778,-0.17265430388343617,0.7652990483102724,1.6048492673632058,2.548417952426636,1.9350224596947778
-1.9317057536372717,0.7967782904053472,2.3462969126920523,-0.32157926891768346,-0.021553138959878537,-1.020407270405061,-0.45452213883443704,-1.5813186230493734,-2.9399520525066545,-2.9784632412159997
-0.41597252042878324,-0.10066962752284207,-2.3923211369678032,-1.3992342468100596,-0.9455460890104394,-1.0746814512743268,-0.33300424605310874,-1.5340147872979506,-2.0464718646576183,-2.061411399817297
-0.7114163950161196,-0.9434950421679779,0.27130538592599795,0.06119701754042382,1.609338180002411,2.395279691334839,2.5359723241264605,0.7802990399251774,1.3779817076356013,0.45522937966410815
-0.4268140749336196,-0.27891247360676374,-0.8967848426273318,-1.103177488369617,-1.5229037057787278,-0.21885279486405507,-1.3807003839039218,-2.607743380902027,-0.6728385045854066,-0.25049827130428737
-1.8747300440696293,1.0415662486385564,-2.4006919122240284,1.0837459033412382,0.2962983844494018,-1.8483906025997912,0.5433904665275923,1.6646059378772518,1.5350358898360985,0.980675363082911
0.11211406357069024,1.5061100353568617,-0.2312874338361977,1.9376704581207644,0.914204300297055,-0.04339943039869004,-0.5569115113903107,2.3631661082405238,3.753433846747812,3.528895757783168
0.6512576053692893,-0.4959244659361893,-2.7614201915691994,1.2960046738921982,-1.1950762854800128,1.6945011262354286,1.331770392800797,0.8931735898736056,0.2553532288417905,-0.14091438013642
-0.405537726037938,0.03482964386792852,-1.203413499995711,0.043737320875183575,-1.5136605622466566,0.45706195103710434,0.3904279873166848,-1.0343568825570586,-2.593555384508245,-2.8051645606913924
-0.4560990220698199,0.7983631865957418,0.8211599494539304,-0.8055242863727606,-0.8172437123479825,-3.1978236003125007,0.5545821567737246,-1.5018053441427954,-1.1569049390096395,-1.2131833357127675
1.9855019567996213,-0.9454124047287616,-1.3307018826032755,1.781529290496121,-1.8149484982140969,-0.02614210068029288,0.4792599032246005,-1.0345634792971288,-0.2334730758055239,-0.5022550451734142
-1.1565434224254008,-0.7778279442562609,1.5728224669813153,0.8959163882932176,-0.9742597060298532,0.6243850312855229,0.40634693395752564,-0.12804740962565175,1.501515506267739,0.7103893551960032
0.11304901133035776,0.40500499241125854,0.1945062424485779,-1.5209458618659037,-0.823565103074398,-1.0104567222537932,0.0958247794260455,-0.938650775806883,-2.6253141517777445,-2.8821573817570214
-0.14653246308042892,-0.9654340325287863,-0.513291519479599,0.767037047519631,-1.28634459771219,0.8361766929240086,1.0009237086907117,0.2832142420629449,-2.338521256007731,-2.8744728723156685
1.3446560754052876,0.04322769897136368,-1.3426850159375772,-0.23821573856720418,-0.894026220631913,-0.30183781719352265,0.19671011092104518,-1.3578935292365362,-1.659498847625477,-1.7177780310112496
-0.6014338197785176,-2.8360538252983547,-0.3864136264127415,0.5415279165998957,0.12427101140021446,-0.6237716381880591,1.5020526191330812,-0.7248192095838195,0.5441198683481148,0.06939881723903374
-0.7405729229473943,-1.686847758665696,0.4107572956886202,1.5639041768830322,-0.15631079375893642,1.8172543429830137,-0.4225913221336738,-2.6967008453171597,-0.04327105005903524,0.36283680500888416
0.4345746791244478,1.1366581031601735,-1.0582454840108804,-0.13420978014268203,0.41420864801188406,0.5391551438322532,-0.57517709865755,-0.12308558035015056,-1.6815156258416195,-2.1960609043061994
-0.2460250200263224,-0.09098823115895265,-0.1775696170418036,0.4367179519509488,0.2898412289408272,1.033941098353786,0.35958188792669055,-0.16451992090665601,-0.36707135699661764,-1.050413729397013
-0.7233109101104349,0.6934752139338364,0.3359896164461989,-0.7161256850001523,0.9354715277610682,-0.5890522012666493,-1.2824761715783217,-1.487706131088124,-0.8650402379473447,-1.0302789942742105
-1.9896136197792726,0.5543608157142601,0.053611301666366254,-0.6799568857063406,0.0657873812827171,-1.5150205981285354,-2.4318045599941076,-0.9728844724135595,-2.1188885459605413,-2.418071967820404
0.5737052918337385,-0.27749686854206496,1.670602763737828,-0.5086665686339152,-0.5938251179285511,-0.7271408323573143,-0.07750089684762293,-0.3922787202810546,0.504116713591256,-0.03596688197339981
-0.016333375650017277,-0.7102405620246475,0.002186101388291658,1.3055318971822765,-0.2794517685122251,0.10518478872928683,-0.7092961123405073,0.42898647435766113,0.1766376549723221,-0.6492085924281801
0.039597524978629714,-1.3120959776059877,-0.5194926388474908,0.007400297301010524,0.3937748401036749,0.4266866005978378,-1.4863390845398774,-0.9675533312986684,-2.290060351761432,-2.6271273387068796
0.4689133912390438,-0.6623466939530237,-0.6864988331781327,1.3053251198462228,0.5633233197155753,-0.0889816798782529,-1.3342766762235057,0.3582862405568396,1.5187646653823694,0.694665021740855
0.09374056923691128,-0.04608850507848464,1.1906256790885634,-1.3120898185459557,1.1012105435020794,-1.2971094773837848,-1.7617181956590935,-1.7435929842760978,-0.2304083750504652,-0.265001346390776
1.0121570799545814,-0.6062309670185406,1.2536686046544367,1.373022875275966,0.23640972185090248,0.41856059350456853,-2.326272587269471,2.3630371464199826,3.3672022892039917,3.0784144432596423
0.2097695631537578,0.28654595493200136,1.555788654373009,-2.1912457348374073,0.23997414532595474,-2.4420908362912757,-2.277614305711453,-1.4928646513139072,-1.4872954572689818,-1.6462542573243897
-0.8740957426459038,-2.5088428306106794,0.21894464629963065,-0.2345233215981472,0.20818373936483403,0.5591404318912121,-0.030083927716409956,-0.03569305994879324,-0.19348197483167623,-0.8625920062437888
-1.7181174891916315,1.5535495634388097,0.7818749715313048,1.2238226392612532,1.9906334408785342,3.960549158200947,0.4361309704975481,2.092702483485625,4.585014427236463,4.111709334460956
0.7641574160971342,0.10757206937355612,0.31422232013969437,-1.0346565217540733,-0.5388261963455631,-0.5717682625481144,-1.8309687399378691,-1.0094071976406258,-1.516343213748676,-1.7666101748744136
-0.6435264809645738,-1.1518398327509094,-0.6193944694653934,1.258022770569262,-1.590743880618491,-0.7084826598009355,0.6947518416104118,-1.040852792836629,-2.6603811702191273,-2.923628581126129
-0.9495630089637931,1.2255110364242556,0.5305308802299398,0.045244514287893646,0.5349275647522778,-0.9556796502216837,0.5263851967102158,2.39891541253941,1.4303483903894634,1.147409018000888
-1.1450826308757847,-1.0201202385260746,-1.5394663325447777,-0.5384043211119502,-2.871080354287761,0.5458680161750216,-0.07205373254577863,-3.1498671895737274,-0.8077628917825547,-0.2092008665611288
-0.36251946897879755,-0.042296755886686646,0.34569705459953076,0.09663316018362672,0.10262797280092707,1.8123524208124748,1.2782630581507464,0.9706480459228873,0.9836789486195684,0.2503524406074338
-1.1185387954806008,-1.3365286336525275,0.2724077246395274,1.293859598870788,1.1644171926827402,2.695790280514222,0.9052247116303818,0.4078761353902043,2.403610117614346,1.343911738268913
1.1140060419601463,3.1593421814202753,-2.108509562288261,1.0684369265371123,-0.9553231842235751,0.9504447485062137,1.0184617252370047,1.6369625297559127,0.051647488957001386,-0.36612894706591187
-3.1857639297604576,-0.9352422810865519,0.6509051411861445,0.3110114590559548,0.43031660408505024,-2.024796100987758,0.2391972825905927,-1.801752378991899,0.27551324071467764,0.17483333509823523
0.6578256484090869,-0.28227990492440386,-0.1714372601419131,0.34233139976172894,-0.5889899061980892,0.06080733288085431,0.9292152907191763,2.2282061902760097,0.9904863278728002,0.7916310415500277
-0.8451476338655106,2.2521947540104477,0.6966895346253841,0.5594421578428728,-2.931030325182873,1.3976288135718797,1.656060534229061,2.0656684081308083,1.6695803319210052,1.237125058147959
0.7394703921106697,0.5796842829195503,-0.7178731711689141,-0.15350394255153518,1.404331483412541,1.4450119260416145,-0.6035350288416916,0.6253501223938992,-0.48466162575253974,-1.2104379651535124
-0.19018376766053852,1.917919951120117,-0.534830368982979,-0.7860630969486272,-0.409220017251433,0.07498394242504869,-1.1202776237938976,-0.3340307464508112,-0.22271453947554365,-0.5630595396462481
-0.7616409759789534,1.312674736625505,1.253732497697468,1.4618993059857213,1.0555699629503459,-0.8558760450491623,-2.9815559240250358,2.560805929879109,3.8281254359675136,3.639439414716244
-0.07399525563922266,-0.8761005240195313,-1.3411752396352308,-0.4325454701833132,-2.7353800168770555,1.0263844863006941,-1.7665904444826,-3.1016339239691497,-1.2354842613034553,-0.6452702622349415
0.7342222040560632,-0.7111316889492512,-0.3819250436455901,0.02725149661584555,-1.0803339684276814,-0.2555805920196783,0.5330617845282521,-1.2873668175126856,-4.574555162235704,-4.683774477333365
0.3897008065987451,-0.6777923303930675,-0.8811171552037026,-0.7522819609895983,-2.532860992388034,-1.5168278511680038,-1.8658690289942215,-1.8705444054669793,-1.4029801873235421,-1.2619110855104443
-0.8613015161669154,-0.611184620683813,0.25298428235744236,0.7472719386981417,-1.964117618943194,1.5887233970966004,-0.20565475508751074,0.1964671024447024,-0.7441818363405464,-1.3341408441115419
-1.7350418896140845,-0.11914218183383382,-0.055010583691168735,-0.46935229570288745,-0.5260973035591219,0.1310699549704749,0.27447384907684724,-1.305947993076233,-2.8624772039838327,-2.9515138032245147
-1.6328735357238149,0.945817770171032,-0.981579295201096,-0.7743993100479679,-0.06715881782553113,0.012748867196102742,-2.7495370432527633,-2.2045132630768705,-0.8189058897392625,-0.5390733334297633
-0.0069026927261920034,1.6894461963500447,-0.7801271526280537,-1.4883058023722597,0.7150555391789339,-1.87810991305899,-1.09467875306633,-2.4763594421787776,-3.913555564962002,-3.581079715212887
0.8333677684994468,1.1026307886070472,0.4946385871998641,0.4670190679215925,0.5091273394103039,0.1604116507781569,0.9256605313323439,1.3779635137099921,2.237885018162031,1.4740669752403928
0.47488745087160417,1.0078543204434063,-0.4447299020903984,0.5009979581196895,0.7403648773718945,-0.758127964290259,-0.33613897967382944,-0.1612642005545779,0.7608688370169419,0.05587199950303262
-1.1191657725493969,-0.5874744742145449,0.4141165725317858,-1.0782376546158101,0.9333278400327684,-0.10322920640949185,0.8802044330581166,-1.1543998336070997,1.6694960579919873,1.334642866496959
-1.6650010785187006,-1.027550188361344,0.42232170665383645,0.0008574175037457342,-2.153894917957532,-1.5412659661538217,-1.2903788496307786,-1.538508446580067,-0.05862331060993364,-0.19662768407675846
0.4060416656351823,-0.8587518226827049,0.12464292946088118,-0.24344749441123908,-1.0692283996843797,-1.8276491271910946,-1.2904052523510419,-1.3297052576757524,-1.9992215328358904,-2.1264048231836363
-1.3424772146268953,1.230507856340898,1.011955507063486,-0.8308635726900964,0.8356273435528099,-1.019112881754221,-1.1339268078097673,-1.406729051836805,-1.8808184765894227,-2.0883521975633252
-0.1328845059142494,-0.876963972477679,0.21325477385513458,0.6239276924173616,0.991960516394964,-0.10448225196009336,0.5848980886428942,0.3386560395789849,2.4137826913397307,1.477425175752554
0.34179988903808795,1.2033169029725215,0.31662726438688543,0.3864587514768394,-0.027627141122596788,-1.7321270872410395,-0.9068018767814474,3.349123525358392,3.1259704863213544,3.3360888746599695
0.4741958686353625,-0.19020386960007016,-0.5215754024057199,-0.40646962957383637,0.4494391108687218,0.5446533009229038,-0.9969317905400067,-0.3705167836016432,-1.0945174262473811,-1.580814960145864
-0.14373134704825666,-0.3665703189163424,-0.613329514390018,-0.27140950635289673,-1.2588154024936062,-1.2669582217673674,-1.647127680024373,-1.3049267057404474,-1.6072596970759485,-1.6656039370109537
-0.10956136144338659,0.15382478958706594,1.3736380037534397,-0.24719926397256017,-0.5240237877432024,0.11981895280404098,-1.8571046411852317,-0.549246540282149,-0.10521683871940646,-0.6207202005718232
-1.8322085380634519,0.59870970716489,0.25241580494619215,-0.8652113832693828,0.8505586787417471,-1.0526213167501866,-2.7328288194077928,-0.4796850672911591,-1.1922404709628123,-1.7599565909791925
1.2018872099473004,0.5714791254165137,-0.5727472020759576,-1.1024546435588052,2.1063384501470854,-0.399295977578515,0.008719734875380858,-2.5429574780354427,-0.19263493658132091,0.21505670667733923
-0.33113506626094075,-0.5070922034568927,0.07714204447423913,-0.12302885651255582,-0.4247379373038966,-0.4036752075587053,-0.7722987760800146,-0.569268578272728,0.03933462166777091,-0.4040444510078983
-0.7104265344985111,0.22143628088142517,-0.2220457311580715,-1.2118417708232505,1.0749408598887913,0.6548315116329924,0.6930624094174161,-1.0986168105403795,-0.2912597883174216,-0.5609792942019075
-0.9035154052579435,0.006469773197370801,-0.29248558178647127,0.11074785164616557,-0.09477940152604918,-0.3233412724243313,-0.11820020646405216,-0.685444218534932,-0.6593346028457145,-1.0791614402208025
-1.2244207463855197,-0.288198393771016,-0.5591024330806125,1.4936704858545329,-0.37356936797005813,-1.4802504754584962,-3.340128106320506,-1.1587497876219208,-1.8595527252620223,-2.070617956955201
2.1066523570248927,-0.3591783173918249,-0.6365700388886301,-0.9866719356020165,-1.7312816636594006,-1.209343561937716,-2.4706337697661316,-0.9288311152745246,-1.533850068680954,-1.6897313136588021
-0.6003621972997609,-1.4885023595789677,0.06395405063710416,-1.0733418747992733,0.22329105889917927,0.11250632770849989,-0.9901416073243555,-0.9608733906851448,-1.2959226702603455,-1.6172120007424957
1.6240962090408666,0.6918484144684458,0.6899413280754088,1.0099333074386818,-0.5619167301042494,0.38807848731394234,0.6682323195062234,3.0277432817449927,0.014304360690734264,0.12695605017116085
0.6149971234111951,0.9164408112920953,-1.3875552010584031,-2.0803662235893086,1.4807220470200897,0.35642760848002497,0.14441972212203366,-1.327757614066412,-2.7422984571563433,-2.9290731629826365
-0.4945098383201394,-1.0685406310256236,-0.34507403887042587,0.19854429245570732,-0.7897776404407414,1.7653322122961956,1.689529587180319,-1.2698770214391142,0.2633782094980379,0.12479025466287141
0.7189207984327635,0.1368581802082065,0.9874518027798778,-0.6204542021338573,1.403704288321175,1.4607602990638493,-0.2427523024836653,0.5083986129537331,2.382086000836544,1.4431630679092264
0.6688730763479643,0.14643293030246854,0.45887132852125995,-0.7749140893034866,0.7371468596814452,-0.3351648836557517,0.12034286976926045,-0.1515191147314264,0.9329106999057692,0.25244899410592636
0.5618372457668129,-1.56189140967637,0.5507611906019295,-0.8447196160727868,-1.642459551475741,-0.3991809232807441,-1.2675308662802016,-0.7579434187435784,-1.0735544568042747,-1.4176172991401108
-2.295888222315143,-0.4976393766118441,0.24380323819705133,1.0761558820999426,-0.9716316359369888,0.6988519652961079,0.14014489813277337,-0.003588990773668921,-0.7606676180137019,-1.4603549983090793
-1.2992457731322593,-0.8366283982819637,0.5596395733072957,-0.15817170986981996,-0.7612861273449715,-1.0778750966924784,-0.16421221530398283,-0.21349946411288667,0.1853348438349845,-0.38581941077311455
0.08460387464266583,-0.06920359445756707,-0.4657606709244412,-1.2649852765398348,-0.3555514604254525,0.33146755415249457,-1.8115933321232336,-2.088461793746217,-2.2726556316884405,-2.0101457151873854
1.1427998714114775,-0.2407596133923758,0.14895163902482336,-1.7764079260140089,0.2913364915561183,-0.4873068774465785,1.2015201736577592,-0.525265763243568,-0.21317961740541125,-0.6867019636975509
0.9244292768616178,0.1282994674523202,-0.5543630292162769,1.0991714487134954,-1.0040745394289194,0.002096162286017167,0.5398065626802557,-0.9116748650115163,0.0933368656667033,-0.2124702944608936
0.16056130940949584,0.10938913973481669,1.025004921440267,-0.014404782351241095,2.2301478882959143,0.7663257433948579,2.471954656161743,2.4350364916144116,2.014059465736901,1.8110769398461912
2.184824182399286,-0.5192288039835236,-0.674403216372248,0.8428258451614337,-3.4963236974504235,0.24490460115668827,-0.16752542871623988,0.4374505751968335,-1.0322374844667745,-1.3571874314609578
0.6222858258776676,-0.6225811844973734,-0.25066225278427545,0.7154376461500375,-2.0842170973163165,1.9972909182063219,0.43076372196252144,1.2375505940488243,-1.105838510586325,-1.5983141562638208
1.0692407221450835,-0.8429874130895924,0.7058995604995094,-0.022019308407817177,0.24281726488345545,0.11569253087484632,1.2311464118674051,1.0349127089874153,2.9157708858938935,2.1390959543723467
1.1892511167217192,0.13137518853369512,0.562405430121666,-0.2966024388965219,0.44609734544931323,-1.6615594765564783,-0.22811338852513796,2.973949236798772,1.8570556388527706,1.9153746928143527
1.0795519748808489,0.12600862976325627,-0.4058096866014481,-0.8531121932928571,-0.2412105425356013,-0.6142250900175246,-0.6618178899345234,-0.7823144752967174,-1.1980786837738806,-1.449595051902599
-0.5077562227295608,-1.103509293854103,0.740867420611934,-0.7331061842926975,-1.5714452186547458,-0.15736778674995544,1.3967858769690618,-1.4415413968762576,0.7613888592343958,0.650527724997203
-0.5431163331041992,-0.7403387883448733,-0.7626849795696072,-0.8468278129106757,-1.8675570732698796,-1.1554216220577826,0.054435618743468694,-2.1655696831598683,-2.2896544649114934,-2.0220999717562056
-0.43499755398375745,-0.7761272497463902,0.9020601252650545,-0.6462571370800241,-2.5129650959657854,-0.44780303081134354,-0.7204965188775982,-1.6555112623611399,-1.335688916074346,-1.3616387567882728
-1.0352683804761358,0.3104314246412866,-0.5867048880915017,-0.4448864470898369,2.191902048672066,-2.0644612334975974,-0.06477665551198686,-0.9804240525467538,-0.7275226820401808,-0.9899729907343523
-0.2396647897212234,-1.4430417450953488,0.6985320016176899,1.9409460108089183,-0.9215371123671543,-0.7906716427949587,-0.3931448635220589,-1.2428503724962874,-0.7225835326792118,-0.98496236590064
1.7398635855414701,-0.5472865389109218,1.4298681778827804,0.3597826886952025,-0.026439409433106964,0.22175473801840317,-0.3630524335487,2.648378126019332,3.408415129226621,3.3059407242700622
0.5287312517800484,0.07732240698859835,-0.3679936091722491,0.902639613028787,0.9321345578964133,-0.1584941662109297,-0.19372583941335342,0.687718963317917,2.1927705196329406,1.3245458175604257
-2.0706476288437097,0.4773433927117153,1.7515718151410504,1.369200486707074,1.2124477173682469,-0.10985551429773827,-0.2580227858380671,2.7316231356309824,6.1479842321943865,6.07731243364542
0.33483772787536625,0.08658885369239788,-1.791002928219934,0.19316950346127437,0.880277938621934,-0.5886144883093073,-2.6514047246409467,-0.8921208624931491,-0.05093305326299302,-0.4943658235153051
-0.6620984503883258,-0.21908510223454414,-1.015753899438083,-0.9140876624617428,-0.1807337147717338,2.3251099347411803,-1.2352630078123872,-0.00951369248910039,-2.1138257149746824,-2.4652569859445626
-0.24605732717254852,0.7911842832131784,-1.4806118398637451,1.3076778561725961,-0.06560131610331532,-0.15809565014824356,-1.4761417754552484,-1.3759858840964034,-0.7861578201366386,-0.9678661826143138
-1.0348901785961728,-0.7800489227467626,-0.5347474366939495,0.19958141921247982,1.1356511879647417,-1.1215391700739046,-0.09103965855325935,-0.5435839118899959,-0.8569481311552145,-1.4233003187682496
0.6502797676123219,0.0023050810838405335,-0.8146033169390787,-0.1969421722189808,0.06926860950958585,0.6386131967543329,0.46401986306970694,-0.23832319926987267,-0.13906647242431036,-0.602420970684833
-1.0217508281170113,-0.29534273038930625,1.020421925181108,0.7172655000641336,-0.8506840139615395,1.0443458563786434,-0.40240330041313166,0.1093796793562607,-0.19367183831888324,-0.995982192407837
0.15183642668765923,-0.6460547656849481,-0.4613451169970818,-1.1132020482752811,-2.3100651688956577,0.36370994565516024,0.17536150378263415,-2.1486871650316344,-1.5168952720089772,-1.2595315469670854
1.015878528274681,-0.43575581590196816,-0.6062357703707402,-1.661461549092407,-1.1645352707627326,1.8682827183943476,1.963268765615578,-2.9753184900155674,-2.4029595254079763,-1.850827378529427
0.5560802699607729,-1.5772918248078984,0.9785203803309368,0.21420146396860984,-1.2910420875258715,-0.9762070547972796,0.1790444477291434,-0.2619004385475308,0.5994940211200677,-0.01606111847106806
-1.0549132328649549,-0.5378557017454906,0.439290425209848,-2.131139241262112,-0.5906748887969572,0.3773400683298186,0.7610789679138907,0.025798350235028522,0.5101168363427298,0.08439147419445048
-0.2893141983414194,0.2842730362983232,0.7150511107688295,2.167924097431407,0.04701534137140645,-1.042064800813456,0.02611009630197425,4.007601183808972,2.8594138729472673,3.3670763517931874
-0.7771580065446309,0.9132822988282496,-0.49758939267233243,-0.7076448591954707,1.5342917498712303,0.5757613829128064,2.3856137280285807,-1.2374874868784922,0.34824551493091827,0.19022962445165592
2.7181287692020497,-0.17101342782627632,-0.6932554864764756,0.05733454593765969,-2.7715993212295875,0.9292774991141861,-0.16966094846953506,0.32801621635059297,-1.1041451716400452,-1.3736530652184709
-0.5726762827491343,-0.9282531963340026,-0.15186396678729247,-0.4774700229939349,-1.6865512378308365,0.8604357769579497,-1.3163698874014846,-1.5961473394040693,0.073297634947455,0.0975615096131921
-2.4362440849248768,-1.065369989097396,0.262799035938096,0.6526659144176173,-1.6953105533674364,0.3701212956986325,-0.8527115862849078,-0.8102967435746333,-1.421488885621424,-1.8795298146866823
0.8073370228940225,0.5919944402186562,-1.8192327235187205,-1.7507991218724277,2.174826714916092,-3.20957661490204,-2.155129988092848,-1.2943358253173354,-1.8887300718898932,-2.0724260623183555
-0.6835699546731326,0.535932615094305,1.111252982979676,-0.8060091013774336,2.594632757474779,-0.34385552635227634,1.0138886566094176,0.023765384475622653,0.1554029150886166,-0.7717308340423615
-0.7345132207980049,1.512493247688949,-0.07706626232091494,-1.0018976299699318,2.18850129865212,-0.5929537287085076,-1.8181193065086185,-0.48518782000616534,-1.66759374737674,-2.1839994999531607
0.5310361561589708,-2.0214403363367284,-0.10822880274722732,1.0343807338091757,0.7636337062221061,2.2817023922093935,0.6627482075190247,1.1060308366541687,2.410294974717544,1.5782079125059523
0.022142531530420888,-0.5801036346550583,0.925987211442312,-0.9524052522382285,0.4362641429957821,0.4551642292587872,2.373781641356704,-0.9106919029268803,1.3274317949716037,0.896931717683908
1.2358818514843666,0.031535616183258654,0.10175170496716834,1.3488504800556331,-0.7462860479100479,0.7796651622297093,2.163399329594179,1.952678893693778,0.8550495372862902,0.48061424901338545
1.4424419742669445,-0.10901702572401671,-1.4370549043497922,0.5007308041260456,0.21390600621629804,0.6502181550737709,2.0326066869541632,0.8927252102399941,0.991706179745169,0.4307915559476194
2.3127260793198507,-0.5921637044606749,-0.7718990288792348,-0.6087427865894575,-1.2873224387149365,-0.11198694149488386,0.9877207178041185,-1.3393477884323386,-2.325962209906596,-2.350925224571259
0.20830698292717412,-0.6978308876891737,1.7765019703243072,1.166017692042486,-1.2893111706917546,-1.1250391228031853,-1.223435859171336,0.12742248507421206,0.3326085010917579,-0.5544258488481308
0.31681570230848005,0.12392134794938599,1.5065511200354753,-2.750253929973876,0.4214081437662135,-1.380480515336777,-0.08030980813162639,2.7224904683332154,0.9803325655930566,0.9141508558605858
-0.024401650291905316,-0.3434811673710653,-0.9464625004049857,-1.1461149388529772,0.22255462966434691,-0.08842224167582075,0.5855136494688475,-1.9963229747941027,-1.8431881532236647,-1.6999706055404395
1.22784689674627,0.052071694469801186,0.5446639846859858,-0.9279991321307695,1.783530239587233,-0.4175695002655642,-0.4208010674547146,-0.32439859227328616,1.698821783135617,1.0126922841349053
-0.1175976620514313,-1.1808391167070749,-0.5036778885116353,-1.521743770927985,-1.8387256683989797,-2.1004507338813565,-0.7844127154187868,-1.2117952624562958,-2.9957711450291344,-3.1062509547150565
-0.4492166513659133,0.69214384909863,-0.9101468387636501,0.3148971422873189,1.0689227951308158,-0.6564660960192276,-1.5593182086085267,0.19178401987592247,-1.1940248272760967,-1.9043280518762995
-1.4254237852010263,-0.6830598403684202,0.2336502137507524,-0.9554709735833394,-0.6153407399242924,1.6858154638434368,-1.1217384495887917,-3.6638299975452417,-3.189445392599567,-2.523203077722123
0.6133483436100785,0.3238517658449803,0.32247718269654096,1.3691193838580231,0.15385915130728983,-1.03877441861202,0.13144989655156936,1.904647677134716,3.0721895590808326,2.5491264235746223
-2.013400345964876,-0.18636913215792825,0.13280224484808176,-2.0288562953768023,0.585405058209296,-0.9077873450837739,-0.4635753014777393,-1.2505707916592104,-1.2745720610325793,-1.5643748083325164
1.117191324836311,-0.5766623986595316,-0.6760416569016978,-1.7589096010002663,-0.41765482209396837,-1.8401661703603447,-1.6527104882028572,-1.4026202302775617,-1.0926005907183032,-1.1249062801523073
-2.4374951515193644,-0.39933239240536994,0.02006363461712956,1.5066245435948695,0.002347777387900374,1.3803966206800733,2.0877612464357678,0.32036614599104896,-0.12314629199877669,-1.0067959465216818
-0.04254628935332431,0.08832023065415447,1.9308905078816672,2.922639472702501,0.16420773377030023,0.03823782352007732,-0.6529116863658284,2.0887632515245613,4.575205113461772,4.211001116938324
-0.7171416495441923,-2.686290723498688,0.4905872545219592,-0.07809018628445835,1.321582274325977,-0.23201539126703913,3.43342192605957,-0.5258218472733853,0.5468610998691086,-0.14069930338492206
-0.35026423644537175,-0.27611826148211716,0.17670903802405846,-0.4263647649607552,0.2690190432465142,0.006375560225125643,0.1383351444039258,-0.5812014405898971,0.6890826925068959,0.18274036113160552
0.09099841151625343,0.2652002477011815,-1.4295085987446636,-2.1727152597187898,1.3601834764628113,-0.3527820389919605,-1.4431229324303907,-2.1847986070360554,-1.7785828929945096,-1.5761694085849494
-0.6177048521418135,-0.022138068707527467,2.2982119188011407,1.2677225703594714,-1.3940241642535718,-0.9631353208993052,1.01759691156485,0.7470273756911383,1.471539475572822,0.506813324440201
2.1572366051171525,-1.1372431631023747,0.8710757599284106,-0.34207497102670786,-0.23133432279580457,-0.9903978517994958,-1.4304559769881473,-0.6246234578994545,-2.1154413635495137,-2.619154580120072
-0.7347595672805277,-0.3125710026927481,0.021845572236566066,-0.8844010674320208,-1.0032129125156808,-0.5995770421706765,-0.7755965527713276,-1.5196689786679118,-1.1624810637553349,-1.1714337220507525
-2.436519330852105,1.104109767737857,-0.26888037573894025,0.5892511798777414,1.6670363023237564,1.8778836779504058,1.1120599443064183,1.405609388461874,3.8045470377360338,3.0931200816991877
-0.44835965414009266,0.8748239691536991,-1.0016138352964565,0.263148897597742,1.4780009368271319,0.1642158659410743,1.9513374965363206,1.1239111950102278,1.0998363672217804,0.42404068241030146
-2.212710835238388,-0.6679100960788001,0.5192832289037477,0.7013771522673843,-0.9303338371643459,-0.5151604478050003,-0.9345720285542829,-0.7172587597077438,-0.7095192429177424,-1.2244742621716298
-0.4784126108063261,-0.07223324412873004,0.8458094187486291,0.423154514774893,-0.9689885808238241,-1.6501206793447396,-0.2557108642619291,-0.17253426941867878,1.8535479488640332,1.1782524341179221
-0.6935383256869907,0.07940200471287145,1.6994648091875366,-2.093130894444304,0.5346046377841711,-0.10202666800938187,1.2832327365417844,-0.887778121437163,-0.4510176600264181,-0.9045168362002788
-0.13399622787407997,-1.2251178304823267,-0.6142614239527455,-0.9911998206672373,-1.2085132879983256,-2.0174340014629366,-2.9257497593075725,-1.0837706696663274,-1.9871281370304943,-2.087365464907473
0.8443664848127903,0.5373804962067182,0.023073076960761014,0.09789586771980992,2.412055346309125,1.2577955016151448,4.036472134347679,1.0545194472525579,2.1507334852208886,1.2952846519520365
0.8325680726065748,-2.1770278556164557,-0.7086457961579805,-1.7770380902627663,0.42510062104541885,-0.5957657157153211,0.5605573280506652,-2.63502651909277,1.2091099025085414,1.5987954191453129
-0.7288681638993586,0.996751302116251,1.3851562440430056,-0.1540468722192055,1.760271879295265,-0.9975057610598839,-0.132922460892202,-2.208068220417335,1.0631319819824547,1.2898049709000228
-0.5998496593451874,-0.45092551625996896,-1.5896587582637889,0.8419871424597587,-0.3144784956959024,0.05710541742824671,-1.019991365574997,-1.2818831687680696,-1.5331255166068671,-1.7475159995986915
-0.5501766884149302,0.7668295953619645,-1.2223177086767658,0.029930037418178793,-0.4314709631475715,-0.8594973262894481,-0.2068973537891856,-0.5422448084384688,-0.8448746004822256,-1.1963752832082655
0.5732922440565104,-0.4296630434414171,-0.12426778507411526,-0.369944307747068,0.9300653352890038,0.33552521918123024,-1.5646886192022869,0.7365616933138783,-0.6036531425573616,-1.329297016390087
0.0504876240818495,-0.09030936878167171,-0.9213512043231541,-0.022734936707699317,0.023908949857906786,-0.02075626873950953,0.2853836706621461,-1.829533324511118,-1.630251458770382,-1.5563172214824026
-0.8283898625433331,-0.7795374949963699,0.4011014839325222,0.4702073318565409,0.05774089669156024,-1.092260784190942,-0.15961944436534872,0.35041495327188676,0.9381372812211888,0.11506912510717063
-1.6318135628400463,1.5623342280308832,-0.9449633783982008,-0.09992795725692123,-0.49704339212620147,1.3351468431808715,1.1292741422425987,-0.9555083508945242,-0.28513951252267833,-0.4962081822428823
-0.1295608533609739,-1.1952381352681218,0.5605511611591998,-0.4404033593754328,-0.8439890941088736,0.4595185846425377,0.4730749114312981,-0.8918959633595307,0.1805386724941458,-0.1424003866864194
-0.09165237217957044,1.024241364526168,0.5821064426930106,0.7271381312690933,-1.9046475551933186,0.13270767400549732,2.3762958397554415,1.7511563076700634,2.217696264762839,1.6956069435741055
-0.6776251871566021,-0.6180578010283301,0.5226678635734114,0.4046977813386998,-1.2021978519361995,1.373787172238422,-0.39610769414971214,-0.09795790638929963,-0.6517526483160438,-1.2793089805349422
-0.8425231498113845,-0.3283106660771609,0.8281242703218924,-1.1136979249907217,-2.414560366425351,0.8203262654055421,0.14249337071264379,-0.9494509823196569,-0.4647996505975083,-0.7933776775255441
-1.052905108038133,0.2051079223945917,-1.439357906643355,-0.1357976647128644,-0.7707628892077676,-0.7857316502363944,1.3845989514659494,-0.7182661776983679,-2.0126346254909535,-2.280211200944502
-1.3045844847270969,0.9053911798017085,1.9251556219240988,0.12691858233829806,1.9294397411060835,0.5576279582812731,1.9254831846919354,0.9188030933705947,5.111603293375831,3.9961347742584943
0.23711096699774672,-0.9875571789008917,2.08019144756601,0.2651880156989635,0.01052162748549168,-1.2467293956332528,-0.39969140962742694,2.5258401758650573,2.1495986632244124,2.0024666705136194
-0.6895838496473845,1.880786204791065,0.1897109877065632,0.5276417875230772,-0.6931815429024699,0.0475723120368467,-0.37616144326105705,-0.13185536029898248,0.7621478228371468,0.12705767939163404
-0.6770496426185815,-0.7043781993299081,0.32103414636436994,1.6277030960618315,-0.08543715775192318,2.0584270719009505,1.8604165428653632,0.5027045865815649,1.5393222151055326,0.5940717292230235
-0.39510155225668264,1.1262193078193377,0.3212231326764891,2.7646081218142844,0.138718106966238,0.7533915839251972,-1.7772987121081363,1.5827872635364173,3.5508876781611125,2.918860378460836
0.24467416705123365,-1.2350823332670002,0.7330713104324131,-0.4682802487149265,-0.596088390912385,-1.5034572218937274,-0.5383025135447949,-0.857379822569157,0.82910572070391,0.47517365072757434
0.402090967887957,-1.265626241379853,-0.43244131362704125,0.5237926703963253,-1.3725949562902215,0.11372870282365394,0.3549261243854223,0.4783429705197759,-0.40747214438514795,-0.9173748517911111
1.9503347140472413,-0.590732237628992,-0.20765794936847837,0.11283210152029419,0.34639712808933276,1.124558442200127,1.6115879525651855,1.2896342987113076,1.6417534083104939,1.0298860458253116
0.5048015275883042,0.016715845975015683,0.9469102253284156,0.47589707091930733,-0.4017028830572915,-0.19105598049543998,-0.7170380604599862,0.27606008831282436,0.0644036729029771,-0.7758226960898407
0.3967228629141725,-1.6487069138362476,0.7641159279723063,-1.3049947004738387,-1.1642483789363764,-0.9526765394782712,0.5375472294129395,-1.9031602483885721,-3.5740783474184905,-3.486506892717082
0.10774226209365177,1.2622052142623819,-0.5879062259717366,-0.003945465070463363,0.7610284264538488,-1.5871299242391363,-1.5046232417493313,-1.0077333294471094,0.18709151140330882,-0.15188554723648573
0.8537792093864636,0.8726040898017087,1.5315125629262387,-0.599788568421757,1.6299854670213147,-1.1201026675921453,0.5073239977259901,3.8702336465507354,2.1501749712397413,2.6611133636946924
-0.534011465728138,0.8851462094454758,-0.9839779583272559,0.09914566083637767,2.3294898506698845,-1.6842559809821886,-2.8459253973828234,-1.709445473569284,-1.577467556855492,-1.5797117418614495
-0.07565912127196935,0.7347295462253134,-0.16827952606280971,-0.5604645166963371,0.025177555541030516,-0.5499067896138348,-2.357847843083878,0.1869436868025603,-2.3514632231348576,-2.917424449374148
0.2621254985986202,0.3742192548874185,-1.8512207674021446,-0.46726535787117945,0.6732853533852163,1.2948740460168424,1.3064335673788448,-2.806211551676136,-1.0100341744195247,-0.539644304388644
0.2796949002064771,0.14988541842963476,-0.445840689408567,-0.23246998951971135,0.6382085621694672,0.5822895229512648,2.5881549078590935,0.4976148191542547,-0.46941110651956824,-1.1345574609131335
0.7474498774184302,-1.9669863536724492,0.5611933623202275,0.42351384823021204,0.20204355492378517,3.0449445016763996,1.7521078563030843,0.35502961494658836,1.1184320182714638,0.2562476720274534
1.2987249711262945,-1.1975039791390785,-0.34876478926319104,-0.8486040057909415,0.15441100865956414,-0.21674802507010338,-1.5704518247519865,-1.7224498605193364,-1.56078458433511,-1.5008379643118834
-0.6514967558892912,0.2163622012251798,-0.26348431566997066,-0.37453563445287696,0.2966987937381957,-0.7199609002297831,-0.49316764225756476,-1.7587202320866866,-0.08371501156033445,-0.03181468604933779
1.1283818667149237,0.3343084039025614,0.592718983012665,-0.6236392757063105,0.45479664130782393,0.21620682460170265,-0.7500924337603478,-0.14304940417796153,-1.0556798015206585,-1.7407520595605757
2.402988095236438,0.8395805541636439,1.1334597645087199,1.9519378330794335,0.5886571397892437,-0.43897550577940353,-4.070350690722728,3.840602207547719,4.423663451336708,4.863523573153957
0.07059072580328496,0.5051134778116353,-0.44510925647050803,0.7881741950078567,1.1738864357541112,-1.8018858525779948,-0.028165440813690212,-0.951171347965076,0.06459200794413575,-0.3868256631867161
-0.10840222551442537,-0.8720817678698345,-0.2560232205805297,-1.3233616677339375,0.39062887435954874,0.1953868490048155,-0.2659157122253119,-1.7469774244295158,-2.3552998065377446,-2.3344060362419636
0.8399421466215634,0.5297611631020803,-0.7291124604149959,-0.44071005717702255,1.6702793765162456,1.7863291305145066,2.7032118430334444,0.05172211663669546,1.2805032443029891,0.6175930221340156
-1.4054791291523903,-0.7261109284635235,0.20526302773130956,-0.8444361752319894,-0.8005281428262319,-0.5167212152137207,0.5681596380536541,-2.5168782856138474,-0.6855271235165584,-0.30938062566046065
-0.03316828895512993,-0.6810849898744129,-1.193811423340622,1.4453308134207972,-0.7725170927280276,-1.7516879102884464,-2.384208204741625,-0.894186756510123,-1.414773026565857,-1.7212330840531278
0.8515385901786716,-0.8603215067831139,-0.4380280745575413,-0.4740656606486761,-0.195893773387262,-2.868772003667951,-2.5477144560999365,-1.525898069011592,-1.8266274850302129,-1.8022681576359008
-0.4663775449486264,-1.067064495831445,-1.0019479119335086,0.3095355506679523,-2.0666480249384787,0.3570232556366988,0.2391467882713913,-0.485567222285181,-3.0542845145209143,-3.40672242030176
-1.4060540891438627,0.26875025119957335,-0.5808541452953638,-0.9184128025565932,1.637399215414555,3.840217340121,-0.31921816504961587,-3.1278963629190155,-2.027916167838493,-1.4316116112229933
0.17479718780456158,1.420582012251686,0.4058305765456479,-1.5518302715459737,0.550915122972946,1.4754182405290281,0.08610809104971706,0.9937023034292427,0.08785855064799072,-0.5176989910556944
-0.33249717720198896,-0.2557437470862788,0.2978052207264832,0.8555740032128201,-0.6117756439358812,-2.2623019312825794,-1.1895607061359033,-0.6342314076163096,0.5025354517889743,-0.04393945257992804
-1.4668461334953975,0.5535813436769954,-1.167089746654498,0.18986325757420028,2.1687858231044386,-0.3467900458178611,-1.7036984159204063,-1.1946543801966054,-1.1419210064445195,-1.3989931710413535
-0.06744557806844598,-1.4426014640140916,-1.6619563382355704,0.4831180094223697,-0.8738912317038394,-1.34930807861417,-0.803594098502724,-1.8734184371310658,-3.0828551137779674,-3.0186796384960295
0.7360742223417155,-0.011035974285997155,1.2776713688104497,-0.2794008856546637,1.3547391413337166,0.06661033416219869,-1.4585500326293845,0.43889327955097224,3.097385961102745,2.0755693756670577
-2.219683415992032,-0.9285911479522063,0.4019421632290568,-0.255024332443808,-2.265547789066572,0.4484588402102637,-0.9345833499156426,0.14008645960067923,-0.37135275485284475,-0.8252335655014778
0.24946454976602195,-0.6878098719224847,-0.6639807064899246,1.2004930445691955,0.09587747228160903,1.9166377157676853,1.8997603550511724,0.2540297877122587,0.9111014359442005,0.16818850404435265
-0.20827881670429788,-0.510543494561231,0.7014139679995597,0.9273015619686785,-0.8560950392313541,0.33855922634850144,0.6972163625419955,1.3177369015359206,0.9281381583848627,0.24238198955327417
-0.5815800794299645,-1.9477051052122774,0.1151608812157459,1.0219777580063103,0.23836575194146056,-1.3601769081147854,-1.191809171713742,-0.2550399003444768,0.41069917199496947,-0.352361729544111
-0.8101218659862276,0.23971359194713415,-0.6775278312466163,-1.4091076513053455,-0.7527499738850201,-1.0730630373090277,-2.2308519108018623,-0.12247064724759138,-2.0741404430408696,-2.3424186418431336
-0.4105290549672917,0.3191333126635631,-0.6937341323441615,1.4575698454266441,0.9849094404983043,0.8696893964349395,2.5959856130917687,0.11506860015705321,1.512676341379221,0.654109827248049
-0.30421417681184,-0.20537710098588444,0.29205377122648196,-0.787621835245757,-0.25709761083713606,-0.26663626139978247,0.3593886456933121,-0.9660002855465245,-2.2800341173494703,-2.5714677733827838
1.2755458555423818,-1.5128817142738975,1.2772748594163092,0.33495450266347815,-2.1666031882503227,0.7960855168740197,1.1065996009600483,0.38515629510165594,0.899890232584327,0.2315554084440744
-2.2581482202220697,-0.6538143445555205,1.3027141279116974,-1.0264671739003441,-0.8358669960527956,0.09978772992973195,-1.7671132134466947,-1.649027648400025,-2.2964890866402294,-2.272719617679197
0.33392774788673923,0.787569375868983,0.6733604037898625,0.8582599551074227,1.734525690261874,-0.41215323046370955,-0.6968818490206342,2.521182500791325,4.260735752379913,4.024437278758212
-0.5209755857362777,0.5987648609866523,1.2425460005768192,-0.8904405145987007,0.5579360725499535,-0.42520313798924014,-0.9605704725802993,0.6004474235271602,3.988782813268223,3.1595014876302208
0.3239393042991957,-2.0396250482551963,-0.6288906124937056,0.3351856916749343,-0.7969484691163592,-0.7867894564282468,-1.9316229267508773,-0.8759965447211986,-1.1807368971577226,-1.4635626910657682
0.5625802794131287,1.2963282370393716,0.551301313012144,-1.315224154030181,0.589432560276753,-0.34256771561855154,1.6731433690072555,-0.24192750906593807,0.13146288513930277,-0.4854804525537591
0.23265539368954927,0.9958620584387338,-0.9306043753777026,0.16475607368949952,2.293081726869887,-0.32612670603227223,0.10624458854902996,1.8701395035611268,-0.4886557808434928,-0.8698798746758378
0.7695612927880529,1.0284974129387727,1.3527411818257564,0.3147010692762491,2.188853998783773,-0.9765504944264911,-2.7066282906018873,2.345985165851985,3.8170331098060784,3.5370507142872283
-0.695573469769093,0.49980027038491964,-1.1074067214774548,-0.539919799354287,-0.6603097125758374,0.9427023990602216,2.1592864675553556,-1.5530657975896496,1.358248810859012,1.4090749669092377
-1.902367715498146,-1.156778673739974,-1.4689442051811494,-1.0441442914651997,-1.5823180506075651,0.6699125794359232,-0.3525154490011909,-3.51176344984948,-1.6837691625994373,-1.029240182840105
0.4829745566713344,-0.669317360215326,-1.8736415898717587,2.904516783352971,-0.6042065556395817,0.19834785585795978,-1.7505426909832096,-0.009833442576661078,-1.4491721810663982,-2.0318845518016535
-0.020018386265822537,0.017853117541808742,0.7985519158234633,-0.5685667282741783,0.2090566941973363,-2.137193719124948,0.08333514348523396,-0.611523397302729,0.15118344244723642,-0.3890898067482337
0.32461607762598893,-0.5394048265783175,-0.5696202133789495,1.0481424459026096,1.5200422151033177,1.41758503948168,1.2557628948168345,0.8242873798451635,0.4178724820348121,-0.48390039043016086
0.8630755564858444,-0.5889941743371556,0.37539945207079106,-0.6354554170466402,-0.3488103726074525,1.4710546095590245,2.28541775618359,0.9967116649262469,0.3417292643656422,-0.22975016439062457
1.123183556166886,0.8502002786043347,-0.4916762015045034,1.2831903036399994,0.8041861135285329,0.8257431505028766,1.1905613141974798,2.5680281706556016,2.1839231718604037,2.0657358256724034
0.0566749353580329,-0.773628133114775,0.15807392365044357,-0.8315562393654754,-3.187431842318891,0.2398598458607819,-1.1410608468151928,1.3246100959830358,-0.4313277391609293,-0.8134285557540375
0.9323510307062048,0.3119337247124883,0.7542115079280358,1.5948001490954007,0.49915571799855474,1.3784689076010022,2.967262635274687,4.655429214924903,2.4398858992765096,3.0754814515101527
2.5892725419198666,-0.3993333004316299,-0.2173517780873616,0.9077562916880715,1.4038851488541522,0.5337106923484194,-1.1004663698304522,2.2320249434008117,4.176568047736134,3.8561031963243027
-0.029068267096590345,0.3361241934890052,-1.201573705114846,1.1223067086016254,0.17300399960832918,-0.5916371660104089,1.0456465440002025,-0.5282314887645103,0.4110878894268343,-0.124472788583743
1.1885517327749997,-0.10367329374296996,-1.344909131356712,-0.17683089155615386,0.8208047169580882,1.0213359862098574,-0.28122052978523426,0.5160133239279113,-0.7112493582261259,-1.2720900123694192
0.21885074594373163,1.482794155039718,-0.7325273967164982,-0.4285554955141666,-0.2966174448821514,0.9906931227276103,-0.3488393069996859,1.156778691798284,-0.6708725361984292,-1.077280147630362
0.5981507383610023,-0.1771743575992473,-1.1929370636563026,0.02353037315094497,0.6232730292410289,1.5680611198404222,0.025648343445239086,1.8492960256907414,-0.2852060111514762,-0.6817509033358922
-0.9853771268853414,1.1045213570638626,-0.23844509698919278,-1.2634792455480588,1.14100880052503,1.2042207464332924,0.9520554938599528,0.5429075115850714,-0.9690431295001126,-1.592161742855164
1.4613600941131861,0.24796008530035998,0.6839534612801239,-1.6864774007614496,0.506222213999297,0.14521698774390518,0.8593973257313192,2.0558323055421677,0.45681769085581786,0.05805255329543263
-2.052219184392804,1.0048989809282949,-1.5990793694933545,0.35842262945809206,1.6144400498417733,-2.0161440155145254,-1.8851941021480159,-0.8453887069516893,-0.28400049361792007,-0.7470078279804977
-1.0666343347441252,0.2505547790998613,0.40445965987331745,0.5869806814819108,1.4905911161592367,-1.7770666003581663,-1.426542087651027,0.5751885901865552,3.7963088173483888,2.768940606196862
0.7825278400638345,0.7784600059720155,0.5142865815490401,0.21381811063835043,-0.23776484030430334,-0.552913978818191,-1.653498845762531,2.3979023662844368,-0.24693621814177424,-0.4675812469177738
-0.5614548820269302,1.6039387880940714,-0.477839185027044,1.1376973486830684,0.05648166528553786,1.484828589370855,-0.36568149751786916,0.7469200992589775,-0.5568806221542495,-1.3159146532615862
-1.377691524551017,0.5813157116936771,0.11302724288748789,1.0921401402315165,1.8161029769750434,2.701154941757416,1.755616635834616,0.33032116742705075,1.3158419942597912,0.24152383104512776
-1.1928878723357041,-0.5864458247539736,1.592348152589835,1.1165020185495635,-0.18051759263935585,2.7671652699687153,1.0324666270479232,0.38170782376527956,2.3030423118042336,1.2504733477540428
0.3642878073186071,-0.28234628469861145,-0.5770922601909452,-0.3321715186520024,-0.02505819026096001,2.153793915440911,-1.1511958344817694,0.9733736328826029,-1.9908896646058742,-2.4969894933405357
1.2274327415035884,0.7181798701481698,-0.6124575127054182,0.30346271146460346,1.6162179827021856,0.07276747115710686,-0.0014851138752567938,2.126844696841882,0.21567663327009212,-0.09279997633215742
2.463827653999469,-0.03449545960796023,-0.43468574399850873,0.7291763686702278,0.15654697250371596,2.371126074255338,1.8967060923424781,1.0913506484124198,0.6531100876983789,-0.023623864026398822
0.8296208346286348,-1.1084314392900558,-2.659725210256763,-0.4783916491715262,-1.0747982527682016,1.3870681044384812,-0.3862069726877806,-1.3009070473932913,-2.1163693066330356,-2.2089707369962754
0.7807778099928683,0.482931277706048,-1.6615167558679422,1.0523610220173656,0.3404536532260187,1.2982417406853732,2.733320838199687,0.2564140542095671,1.0104343990086833,0.38259720261165275
0.05967756712952929,-1.0146673251918317,-0.051815473470459256,-0.7788790895821045,1.5337575061651418,-0.9268952950454621,0.025198280072249418,-3.031777581370805,0.4284710738991505,0.9901966754232007
-1.6343859350818857,0.5806471384342141,-1.6028475718173143,-1.4912083119050215,0.886726902148504,1.762485971933288,1.3277137957105731,-3.1004640718640957,-0.3425553432384203,0.20329795029225384
1.2931134215727396,0.7048631602044585,-1.1221429617880396,-1.095820327392722,1.0944839231783632,-2.154155253546127,-1.3499840702196317,-1.290152497642497,-1.7079047392194626,-1.8762447058337894
-0.07630035616272794,-0.16429952416252322,0.03241623455916383,-0.8853437582212509,-1.6272198458676863,1.5810052779588752,0.38207044349010816,0.7256145492147885,-0.8880302863148206,-1.2460347521739776
1.6094531520709252,0.1053988384344502,0.40567937356249084,-2.1408179980455304,0.9236418209933439,0.4148812320386748,0.5449656402532074,0.30107575614717025,2.494503694023016,1.88859447327702
0.4898874406010135,-0.328963095169667,-0.9423475796334901,-0.5234260647809482,-0.2591128728729177,-1.413052334740299,0.5855950882220937,0.19051463634439658,-1.5041020144535882,-1.9180391687531588
-1.7881104872904043,1.3853315726348918,1.108802153335135,-0.3206330873394756,0.906654665453491,0.4764847940500121,1.5377399193531103,-0.8360211797758157,1.5507928243967324,1.0231210249040716
-0.18334257656076766,0.8861580242481982,1.4931194318700607,-0.5249707386923571,1.9775784444208795,0.011301013828435624,1.8468395770259303,1.7845606190894632,1.769324157444259,1.2672381362386287
-1.3970985346699452,1.56650050675074,1.0132909839338626,0.16395932967570287,1.4789278635495307,-0.7063120230037255,1.187805750414845,-0.15416417463211263,2.46698746514863,1.5395341770798197
0.20020697297865378,0.6458850031713638,-0.4338690320237836,0.9438587605751082,2.155332826901293,0.5259849006001628,1.084406677266693,0.27009087297491674,2.3041786305429435,1.317416361187202
0.665135754310011,-0.40921597194584935,-1.0306308817249639,-0.2494698608255504,-2.3199197560336597,-0.0731391388991921,0.786451276937648,1.035281484440949,0.3975295846912048,0.14638999216914295
0.6668138343095252,1.5011330480805405,-0.24253027227154364,-1.2707707067856857,-0.6800772226125382,-0.07518181855542305,-0.448594309609845,-0.46277631876238046,-0.6888314638820492,-0.9883459720664762
0.4584284314268721,-0.11770423861482969,2.054221637726346,1.1457655176605048,0.4738559046071936,0.6573091322536505,-0.3925680997686742,3.294356913925153,5.538537193495438,5.738585691719859
-0.1425191235482937,-0.34952488419129,0.4443952093229311,-1.7227619204791065,0.3618189570389352,-0.2528652084372465,-0.4855693024804658,-0.14490082472395138,-0.26202035354429654,-0.8310017991008127
0.8210124102050426,-0.3419264845813167,1.2462121134093596,-0.6158230477936701,-1.4679538639009386,1.3467633194162971,-0.44538635495504053,0.1714749948071394,-0.6623098046855402,-1.248554284365028
1.140713881001405,1.0346177211821244,-0.5144556284944558,-1.7628376457085873,0.5290698651184936,2.076250734112972,0.7291304827744937,1.325270850780348,-0.1733582797808143,-0.598729095553631
-0.8175895215663084,-1.375280338781654,-0.30634476760413787,0.36879341669930804,-0.6327278457941661,-0.571041088806085,0.3132267003503322,-0.17627673536362454,0.5911291342017919,0.060035333295147764
0.5759513890149232,-0.01982638215751898,-0.5908842666079999,1.6276025749013758,-1.065587572140596,-2.1714964790280677,-0.5367723244428515,-0.598554709209767,-0.88639260641248,-1.2979554238794684
0.4794911082995129,2.2638136833394724,-0.08559403967545944,0.6948252961356434,-0.024336625096007092,0.5132979589561418,0.4651922414354903,2.3280795608401244,0.6187387548361679,0.3780871796227522
-0.5117848024865025,1.5763175705457024,0.7130614422739786,0.6801541756897387,1.2596459376024223,-1.7834509433290764,-2.19007984977909,-0.16474193749720412,3.892678405184977,2.945386271723462
0.1698271933288056,-0.5506122553328682,-0.7515147871271345,-0.02502008350635933,-1.0727052970757778,-1.4111320763561022,-1.9138663800697324,-0.463074750778969,-1.2305830488654723,-1.556183500398275
0.022239576432606857,-0.7102402216258662,-0.3812735620569931,-0.35467399921606535,-2.012315004351625,1.3855204896892135,-0.4011739840727344,0.055921219678302325,-1.8902163468879971,-2.221017350628133
-0.6620869415288524,1.1352449855456592,0.1292449035384625,0.11445131185161493,0.4346744664144205,-0.6960190103361223,0.04950483343443132,-1.0791912391858802,0.4267001688021016,0.030053278952376083
-1.2719936427070584,1.3605397168110853,-1.0243958773989579,1.7561174926928518,-0.6827535869580912,-0.721092801567068,-1.898404976321641,-1.6653713887352526,-1.5845030684953034,-1.5509822307711807
-0.559368103045319,1.782793496436871,1.4112528444041712,0.25237966595480155,-1.8508250103262485,0.5132626220038747,0.8860829651350496,1.9815786196763199,1.6800926232512712,1.2916299698689249
0.8862449733130796,-1.1702843392657007,1.2779646653340695,0.07938909082611667,-1.2236456885617073,-0.7372451003812726,0.2966580472330689,-0.9609439714816758,-1.8211736692510958,-2.1798311734958267
-0.1359145319705874,-0.5977897367781944,0.03695891874283833,-0.8044546719019339,0.35332081315340547,-0.9331282756106436,-0.4628423021977117,-1.866771300169241,-0.7483477364554146,-0.6923638455737958
0.9027117300162061,0.08702088395660038,-0.42130000290360314,-0.02989385704762571,0.7343920773060567,-2.4663035896353445,-2.4703071505440493,-0.45508721216262915,-0.26135358895241,-0.8164734804392765
-1.008415793243076,0.6156230413201269,-1.0597586059817237,1.9559175210581692,-0.09642098135172306,-0.07611079933933573,-1.4061331465207574,-1.8030477580051905,0.2998611996458538,0.3605836219880816
2.01760201016449,-2.1292729911378636,1.2928481307736108,0.302168677203638,-0.6226674314380455,-1.6136756847342864,-0.40495421039384877,2.3663716086521074,1.3143384871669146,1.1191581095732959
-1.7896612567674801,-0.855098900204435,1.2293020421746,-0.403804035775807,-0.0771202772426679,-1.2862756892329328,-3.0629079813805324,-2.903459572554212,-0.4848214642603537,0.05243325173229189
-2.034096775112123,0.049620027729990954,-0.7671018904995017,0.3093225175078732,1.273217979946397,0.3496173603556898,-1.175374699981396,-2.424264583316778,-1.921523076510084,-1.6296582662624044
-1.1749997522533804,0.5222141121394724,-0.037992338466070044,-1.2986186767945949,-0.3789374211590766,-2.744723497440668,-1.9711117012733808,-1.3046494436489897,-0.6379562799263552,-0.7472670991267585
0.40955096980860917,0.21446601082219358,0.6738205481409972,-0.5351490811772674,-0.2252049760091821,-1.0767352391253322,-2.047580727686298,-0.3399431383325223,-0.36081249482640704,-0.9261680573091867
1.4132020505633136,-1.774456701871161,-0.9741514330245384,0.7665965008871264,0.6514343202297894,0.6562512115414758,1.5372805402130627,0.11550498163028189,0.7313007920228594,0.02647140274999804
-0.7912808043210554,0.7985486590073246,0.712347123403035,0.3878757752262929,2.123729633937533,0.16094260651146086,-1.1287387478488098,-0.24257756579076983,3.5453151329224575,2.637572970094598
-0.7521858445992252,-0.22770792940234547,0.055693075681713854,0.21032958485335512,-0.24594468709480496,0.31804493747869966,-0.9887758863745431,1.4142347568194837,1.5711624873841687,1.0150672107187395
-0.7612840441910711,2.0272071584170748,-0.056915588865215895,0.48805894140376843,-0.9227472346980157,-0.08618267407685853,0.08353543834515376,0.6229184561918584,0.7740831588338069,0.1536976916210927
-0.5605262194580787,1.9129420292333794,1.5945363530980297,-1.0685879619531518,-0.47058098127691794,0.7850950431401301,0.2742720463010193,0.746094389659663,2.2316460499186355,1.5348039029792693
-2.737182135730114,0.5453702238809671,0.788354672720149,-0.38104011530388976,0.5446552078514929,1.4977770696000656,0.6251510818899294,0.2027442671023429,-0.14480022537484016,-0.960085203215109
-1.1989382192418927,0.33284235449509947,-0.41937196798823584,1.0545647420404798,-1.1352593327013967,1.1698984339363236,-0.41093404768969255,-0.41828727720120545,0.4391306613986139,-0.04359664667859264
-0.7637968507616083,0.12203738958808456,1.7927921388238737,-0.053079616807793016,0.5138103575026026,-0.49608008405060927,-0.5049117465522499,-0.5063941542501436,0.29418741622653644,-0.38691951012916864
-2.2987273136215567,0.3059363952443695,0.2280098648492443,-0.37425821896249445,1.624965597861805,1.4376104008538617,1.2451994463642528,0.6069892099388563,1.3916579481567923,0.5166588620483042
-0.9853154683431804,-0.1998527702952696,0.11871669448899448,-0.3642533622202204,-1.1265124345789241,-0.558196221264835,0.5738349510809491,-2.3255809216628034,-3.2873495405142825,-2.9782022597282936
-1.1589351692736778,0.6229646864913289,-0.6397117218508702,-0.8895663998672628,0.1710574608615385,-1.5690978434135714,-1.0269349465821385,-0.34091335812945345,-3.5715932940767097,-3.96668675517084
-0.3003130671471957,0.18264349935874277,0.8127850770418192,1.1592721509645225,1.8992689507255829,-1.2297443784770397,-1.4545334516252586,2.9332784200587314,4.703696104006256,4.726054375631659
-0.7124399538651669,-1.6583948025360111,-1.5329285593546103,0.5952199821407543,-0.4345466962143854,-2.0379429541547913,-1.2221517197303309,-1.981387968624174,-2.0091018865252273,-1.8904135111494957
-1.030030012300039,0.8229380703167576,1.207916747704762,0.3700366028079663,2.135054517509009,0.8881753152659705,1.4919303671540307,2.745400427900626,5.9582026244328805,5.886176576758176
-0.19444265019356635,-0.2822281079173534,0.706912157126429,0.5095862937926868,0.8772634647678343,0.7961142736747084,0.7630142484250219,0.2683793567380258,2.900928123779485,1.9215705495523696
0.8912258705942883,1.49016001536796,-0.2214319422290733,0.3312948792390375,1.4324597955335272,0.9191899469668183,-1.9027503462289561,2.614641453493354,3.6712242387991916,3.5732815806983167
0.7688475271326944,0.026322626678418382,1.4858349558739046,-0.316492482374196,0.40999265050248723,0.5657882565814285,0.6933874865267887,-0.24544530501797035,0.9923106666587188,0.2368145587552041
-0.1170319933857178,0.920110936736657,-0.3331069661447242,1.0914002263645233,-0.6107752133000244,-0.03716039645471636,-0.07305378498271164,0.35509091642683244,2.1652226310222367,1.4699115376991922
1.3027272677395823,-0.012492451638259369,0.22479388537182918,1.2310548154861125,-0.2736872824521567,2.22385187995737,-0.4046653168616767,3.7011295800024833,-0.19788265772309166,0.21988209863714214
1.1345709152115169,-0.2691761892281826,0.02375455295539947,-0.47212904292358165,-0.8046924243362412,-0.4389919549731752,0.30220217462292104,1.5820453526030354,0.5857289689701938,0.23317286434062412
0.8966856616285306,0.21169283207390746,-0.5458073152442107,-1.0916043606608727,1.148581472641423,-1.275374506609079,-0.5390191158133252,-0.2230350914058834,0.23263634065709338,-0.2832215507707452
1.0220541135570973,-0.3328364268771223,1.5577660815898953,0.6683193527626871,-1.2058182435653682,-0.9619439237443714,0.5555080498802984,2.935672728942094,1.5278872063893187,1.5931029719758631
-0.9238232618444593,2.488893945179169,0.840516300871839,0.8552708602720441,-0.6553619473334866,1.7391497601356085,1.913398046101567,1.4439441716381496,2.484400094766507,1.8172931220724085
0.2921557153831217,2.0182846405617942,-0.3779644834311409,-0.7053222162515688,-2.0979138213403146,2.0297741436478605,-1.8667532935765792,0.6106935760305392,-2.03238913683157,-2.2983508397233194
1.06533703308288,-0.40161984159140934,0.5880214027439692,-0.10950729969026862,-1.3256687445127748,0.3633162766303446,2.0916958277346342,1.351456099893017,0.3237617770633112,-0.18921930594279893
1.1066079275291376,-0.6278516407866932,0.46790387568359726,1.4823231678844337,-1.0631747550116986,1.169681859240454,1.4942084011641834,1.342460547998028,0.9596042512790586,0.2985119296029473
1.2130179070261686,-0.573365328984828,-0.34197470630947374,-0.6298279747841106,-1.1927976149152362,-1.3842527993406555,-0.49916162781748524,0.40504994402652195,0.2578957609001644,-0.12374016074896432
1.6113072534592592,1.6300924910052688,0.13600251108165312,-1.0770346686047798,-1.1385726048681237,1.4608118522993803,-0.43176812899475486,2.400676839709849,-1.449595399665399,-1.5335278061260431
0.49200057913466333,1.2434289891148473,0.3809222907261351,-1.0799945257721684,0.8634576571186952,-1.2096201761544207,0.8662734484586578,-0.6509815307825946,-0.029268910894733602,-0.553725245741268
-1.5598098587184837,0.2661900613232667,1.528277627659822,0.7635123978134087,1.6477720682482582,-2.429643306114334,-2.2345755570156456,-0.157969695539942,3.4341604857417725,2.393936219588279
-0.6587155453904846,0.6166977041193639,0.04107675964128273,-0.1685406846844722,-0.5528292227988467,-0.7435616912625181,0.2982764828381872,-1.6503925085463018,-0.6908757560814891,-0.6685880148077001
-1.54332203889699,-0.5905484825836081,-1.1369772334680426,0.6514015861110545,-0.5132542449075985,-1.9994462080501436,-1.4645783500141223,-1.5637860748382644,-0.40537339561408836,-0.4622996884866766
0.1284889541053706,-0.4479671388917703,0.29882590970814815,0.014838668660446431,0.6397723929191932,-0.06810547344232254,0.808451141409193,-0.5149239863167263,-0.6865846099147541,-1.3328706977795715
-0.31212030870570195,0.4548292594016328,1.1160197194862136,0.8300373036395277,-0.9180889909242442,1.1708713984381307,-0.14218748616201848,1.1629901754489196,2.231683783251542,1.4783608093452068
-0.17221356899287796,-1.2127001969869389,0.9187034281787422,0.2714583677511512,-3.0829071243053257,0.32077665321156335,-2.695122529441362,-0.3910703547816445,-0.49249145864160865,-1.100304509843656
-1.5461673558186917,0.2255920478841247,-0.986513363762604,-0.1157502064955609,-0.12004766625287983,-0.606524015988166,-0.6338579768843409,-0.7895219279009665,-2.4352553492569173,-2.740015326436671
0.870533047016799,1.033258595851805,-1.5322841216401974,-0.7341021755877718,2.0567077339313653,2.983707929175946,1.8028036154085552,0.737974179851139,0.044211959334511775,-0.5464388818587496
-0.011575840589748003,-1.5126355213336484,0.2943997267407569,0.24441236905975514,0.6523909575248812,-0.04628448631125933,0.7731710457932787,0.0062291338810571695,0.7793999469473036,-0.034556780784229385
0.3700322645650172,-0.16461040263017285,-1.2263055284830136,1.6951977092714718,0.6158218710879205,0.13887865562834378,0.12317795531794856,1.2663663425572942,-0.440891928266137,-1.1156119837166183
-0.5920974139848079,1.1348231298113176,-1.0494032249356962,0.39105298965820245,1.148548591212944,0.2188855096539909,-0.013440078861904015,-2.0994506200365284,0.5348154154691529,0.6584332962364509
-1.271028037753657,-0.9874236642573538,-1.8699324142116442,0.10237717407275741,0.46388939849684996,-2.249881267192346,-0.595906314796967,-1.4889670009965126,-1.4076142364306865,-1.5824075354753528
0.2321703578315614,-1.4923359229995412,-1.0394956919604033,-0.9855696966056208,0.4299293068909282,0.8140231830364001,1.5038567627951056,-1.5205525082165117,-1.451712173672166,-1.517504766091287
0.4554889274746953,0.8312702574124268,-1.8457988479910108,-0.28618942378822565,0.7695079904937095,0.509104164014665,-1.9642035108268523,-1.8615389683763774,-0.780003599700623,-0.7286512331566785
0.510441208633804,0.9743068852056345,-0.14735281450886667,-1.1273510274713658,3.1546087344720632,0.9773259943418519,0.5546724706330441,0.7112357863164421,2.0033576032132037,1.177965474101865
-0.5134625050019933,-1.1867873642957762,-0.37407621903180555,1.3683859082712226,-0.1264213909751548,-2.7790358047434154,-4.006069654607986,-0.8955853094160136,-1.0890027518631775,-1.4747482657027207
0.09317271738611076,-0.40235250715041015,-0.2798015081394346,-1.0348132535764438,-0.07244665157454844,-1.0446171371513897,-1.0821572267682342,-0.6570885897956801,-0.395649753424408,-0.7185176336078797
-1.7050133074021219,0.2699210309132208,0.4087784912461658,-0.26054230740061696,0.2977990687167943,0.7627426533218938,1.5210735107150355,-1.4066102920187968,1.8173654056971134,1.60200544417073
0.4029413084009978,-0.3680717565583557,-0.15158285105009645,0.28108372847327684,0.34863060804806234,0.37071669000212926,-0.12060690868220175,1.076016990915824,-0.13245594925898163,-0.824948578210932
-0.6759405900340348,0.9404360658959525,0.03984761574825628,-0.9669277143320166,1.1756728381655919,-0.6705243905672631,-0.0217681793573421,-0.8868887615859138,-1.5998602345637631,-1.9930526544205045
-0.500421483411216,-1.3023432422889172,0.4277998626264135,-1.3945455719115165,0.08207361983233386,0.0009612880249060124,-0.40228476082853937,-2.408480398141103,-0.3626000991089715,-0.09618702074663843
0.6454490774893895,-0.0014904914299184167,0.16618839824998513,-0.27630939042510183,0.8151639646156336,0.38208560247129403,0.7319689700242713,0.6633638101533721,2.760632500669513,1.9823458925130362
0.9834645970643784,-0.03243985692370479,-0.13024953677149545,1.2756659619256479,-0.37943081683480423,-1.8441264423993746,0.11279539968190044,3.9033198107607037,0.37001270499829414,0.9146212363173274
-0.4102874588396839,1.568274964349962,-0.11588830225381339,0.0909381901400404,-1.3018766561883797,-1.2344570056837787,-0.6434822199502972,0.09629417133083645,-0.3432578289064537,-0.8369399062424108
1.1894213893731327,0.904163877154863,-1.0850144598507367,-0.041086016170764524,1.754916836510818,1.1744798174364366,2.8989130158035676,0.015465415015821049,0.6507781464132047,-0.022430639504402605
-0.1965594882304968,0.16108622158036934,1.1223390404427593,0.9879165956177013,0.6769070279925257,-0.4291664538540635,-1.909558958137388,2.5176647762342648,4.339638172916818,4.091627827544161
-0.26417549818265207,-0.4293461854904979,0.7910411300442819,-0.686448222447146,0.45941420730822535,0.6262881385210098,3.070345235025683,0.9908268598370517,0.8966788767575459,0.16246830761930411
-0.7906070991493345,0.13051887880593965,1.2568132722566667,1.8081336186874675,-0.7601298340791127,1.014029972695301,2.7170186833940564,0.6293577754852349,2.82308474725306,1.811327434995524
-0.26131336098852354,0.2400284480352618,-0.0258773950839827,1.0909116840312396,0.3704464933941127,-0.38443762553017746,1.165330519269763,0.16139620155455658,1.5792243760900018,0.7211528495160586
-0.8789303742707801,1.0394393808437443,-0.07777493943407503,-0.8713017386676767,0.7767772822617786,-1.1376563051186823,-1.843816821515278,-1.5304717970446102,-1.9475504499308092,-2.0397070775708035
-1.7931642249076367,0.625455558097065,0.37999706466549393,-1.3190665270151054,1.104328928324681,0.05730523560331724,-1.194395838135725,-0.5545845758561274,-0.9125655245700092,-1.4739427418431317
-0.7514218052406768,-0.03710477247905315,-1.1481093236524194,-0.30509545307486413,-0.10001484208264405,-0.6916219784173775,0.24048757626069106,-1.1407472031417238,-2.562776074572409,-2.733813078799122
1.3629216913175677,1.9349568465382616,0.4138153340992438,-0.6546052726328642,-0.535175432628251,0.9168623414581667,-1.4367077171806462,2.185692668433017,-0.46156152953156915,-0.6564606566206548
-0.0036456554748825003,1.1460934681504813,0.361944420468386,0.05177449006516063,-0.3200212810759776,0.7534927216995333,1.4792471202419553,2.3020441765153437,1.64381476609557,1.4171499610491969
0.20804671359022014,0.5042712858891281,0.6413912070287483,0.7343801325381328,-0.0734834545863361,-0.9754888662593475,-0.13417011529352116,2.521339418395499,1.7673106031245456,1.560435657627433
0.7137842273057607,0.16390198514725468,-0.34189956401612903,0.3211522214830364,-0.3935436663196192,-0.2878459349818059,0.2143864559672215,1.6407033623842353,1.5873391208160272,1.168256152444026
-1.0564179975656618,0.7046441851409933,-0.36180178983646094,0.4430691669763292,0.5188066422085506,-1.2195379321846627,-0.2908882156394593,-1.818004057034328,0.3394952281342476,0.326669058573801
0.6963078878029837,-0.08452385761029317,-0.7717982385824074,2.532943989371908,1.4119933950933283,-0.18949851688594077,1.5352838635204868,-0.7751767403067691,0.42516227262644724,-0.049602117106809535
-0.5171736660243377,0.48167901955058917,0.5408789963332075,-1.0638875986864882,-1.282541545686549,0.7044903139132614,1.0486356578353733,-0.8155189651715204,-1.0404844565519027,-1.3573435856654121
0.8298559028339207,-0.3500553807776648,-0.9455277000826813,-0.8965265588717907,-0.46010786751059896,-1.7499497748040405,-0.5543805740537203,-0.7320616424210689,-3.06963656813405,-3.2792700403234933
-1.528038477259895,-0.6300028726831842,0.08942353268898387,-0.7234452142372575,-0.6334804070888549,-1.8298883637624912,-2.0095885933251174,-0.6907312877518395,-1.7243064419653575,-2.04560408807343
-0.6530606727675196,-1.1618175229305332,0.9611420777657853,-1.0993648436979113,-1.7334928968910415,-1.1861469772288171,-1.6480017588018827,-1.1037888246751553,-2.296296817998483,-2.5471459624966535
0.7290362945989323,-0.8276215663035976,-0.7222680390861177,-0.23995791265127617,-1.3115285652473703,-0.7071794555053346,-1.0350182882561954,-0.546176530984388,-2.341180027133113,-2.6162207469502476
-0.9490411179194013,0.6252298241497921,1.936134415736862,-0.333823147240223,1.5409414255580653,-1.3072983269300438,-0.42264231178395406,0.5708425418203873,3.2741256805624435,2.1566322334634243
0.23514836006304712,0.3257790087905836,0.0815744039411018,-2.0304471631220076,2.1918715818376593,-1.5799622978750647,-2.4760498582855117,-1.027652177676263,-1.0424984766530003,-1.383741453305623
-0.8601063631219272,-0.332449928519084,-0.7458323213795482,0.481151746314033,-1.2786732020924314,-2.474803206658125,0.08352738064918053,-0.43211466234863005,-1.24499935241256,-1.637142223164271
0.7418209455786703,-0.6441598615867488,-0.7417766269219311,-0.9957746808562192,-1.5634264627202648,-0.4164144883903562,1.3181329140208449,-1.1243734057483452,-5.252656278495078,-5.352811270419407
-0.22198965820157404,-0.39729044457423135,0.8130399484755557,0.1971056941155847,-3.012290200446645,3.0877884405899683,1.471827822175291,1.441665597506127,-1.152300403446797,-1.7364102569585531
0.544776718230789,1.422323358226313,0.1692438890331356,0.49924125591473867,1.7956848304536743,-0.39707059215608803,-0.14351629281909545,4.431262698990251,2.5721268580048093,3.1579062704029752
-0.17587561978033478,-0.19071941945606222,-0.2193236617207204,0.2095683509183931,-0.24393172180973965,-0.9506490752485613,0.6929748301662797,-1.2843559934014601,-1.0311872338333055,-1.211254102510807
0.7311935554844275,-0.587241647205852,-0.03450797435616581,1.726128644670808,-1.8267078286340968,1.8896564627149557,2.0040358975071233,0.9042617103447834,0.33648424473286864,-0.315416725810613
0.782092955354905,-0.6906311822192198,-0.8228175726381818,-0.6261123251928096,-1.5035080223491941,2.9782967797217212,0.4325592260441069,-3.221583549594574,-2.219657608892845,-1.5967972068963845
-0.7687167087450123,0.25939484891045766,-0.32711487024959035,0.07815944579221179,0.5315933004988986,0.3077960727390492,0.18536229491498735,-1.449343763256572,0.264067778455801,0.10462470149460845
0.31677692663301993,0.06321957747539031,-0.0019514521925782253,0.8662252953293036,-0.5691105074972207,-2.302504536975754,-1.2041748197228705,3.2901989737197943,-0.6664314041675072,-0.39868810715774816
-0.7790098004327969,-1.1828494729912467,3.1361788598576394,1.4476384512378062,-3.28659352707318,-1.4368009223738087,-3.649631508192873,-1.9331451965597761,-0.8997222998004898,-0.8244236426852284
2.482259822124712,0.0263729228599114,-0.7358698078270922,0.038247835556188374,0.3561363269588289,0.7900170320331866,1.4882719256250656,0.8480244629010977,-0.4895781462193389,-1.0921200656636962
0.8581789937726363,1.2064178389843614,0.10394844571180957,-0.40171170368652936,1.02142099590601,-1.3396817544647837,-1.6962194365491705,-0.4264123348634927,-0.8068608695044623,-1.4227826971963986
-1.6221175363818185,0.12494501732984446,-1.2639985462418923,-0.404947838977383,-0.39776159204405365,-1.0366075531146268,-1.5242282171393597,-0.30621522002015067,-1.8305177324508686,-2.1646280335104375
0.6431512049759106,-2.3465709328428286,-0.6013618456256608,0.38375278840276694,0.004131166783820195,1.2067083955120126,0.7910952123618433,0.15882875324834367,-0.8521691377483025,-1.4766860185058257
-2.011832705122575,-0.2209533330687192,-0.6572566573153946,-0.26324018449092973,-0.8537567271832295,1.285142236062426,0.044744293693053244,0.11179251994016481,-0.7434235838538585,-1.1508275826843986
1.6670811566528836,1.3975929428882328,-0.23371954273889245,-0.2759089982911651,2.1253942568530997,2.180861523993093,3.168185187978409,1.4973770913119626,0.7110584006235106,0.1573018191899065
-0.44458957631404594,-0.39032146054582484,-0.8297833058688842,0.40013040758515206,-0.4138817690236502,0.7362312639427249,-0.3655331274184439,-0.03803629641638839,0.12013648458896664,-0.39435882258723365
-1.4009042539440184,0.900141777240669,1.7935023358902977,0.8120729952319268,0.6602432260314359,0.612744543296933,0.09420685190138306,0.30402702569953477,3.931967976826119,2.7933123242102713
0.6296924051433278,0.8334297508102497,0.7614004379122145,-0.9481133938039263,-0.44466327295133257,-0.22986976006667015,-0.2750975373323079,1.123842096987435,0.11361198809106442,-0.44228668706803054
-0.13973969309165823,-0.6569311090933222,-0.8758177593825464,0.13769950877448797,1.915801294973274,0.909259124818284,-2.121602877308312,-0.3670303863241263,-1.0177995259974595,-1.619328704287252
-1.920710879076512,0.8322282361693377,2.0058370600785222,-0.19009838760595346,0.810433859643757,1.2748816328071255,2.2227469164285956,-0.9632683641660205,1.0160099635268105,0.5786166571293503
1.9279914154654498,-1.416871063321438,-0.6353905485008923,1.043941249375906,-1.506152401722455,1.5023281621401234,1.1300246641505445,1.1365888296945625,0.9459568230924168,0.4519209378318121
2.2360367408766084,1.7015521583739899,1.0691213716308803,1.6610695885617746,-1.88229218524539,-0.9589303764198857,0.4299684376390414,6.226726904608361,0.8457340120047779,1.28922802976284
-0.7464194625780326,-0.013125160591784459,-0.7542407597110001,-0.6036922243649587,0.9936875548852567,1.7026451652010433,-0.7346126782413924,-2.597909002021852,-1.3953419236801088,-0.9737305390763641
0.28184588298080254,-1.8509920165182265,-0.43738014416351156,-0.5080470014796085,-0.6680465985715462,1.6504679769423287,0.16927960847182616,-3.118550840207734,-0.5994171574652862,0.042840770573719045
-0.17885941662204935,1.8194117686731108,1.0554198609990608,-0.9079272432444306,-2.2222848417087637,1.2196073086996986,1.0912917829081168,0.4134478806916432,-1.388605453070388,-1.8452244408051728
-0.31208015410680645,0.36570946147222005,1.7193202109677173,-0.28343847790688464,1.385944200975231,1.0449507255776411,0.8812771871546661,1.5783557080619617,2.623427508042675,1.9662009828955898
0.279000538651827,0.07334129485389806,0.10119576082289766,-1.808966972920552,0.2675438455489473,-0.5197063147406703,-2.137834405935111,-2.401949318826609,-0.89255027532173,-0.6316187642269502
1.7624842697221235,0.7081507669900938,0.1435747106815564,0.4776972402478452,2.8263128053474507,1.0532534579553046,0.6940760711114338,0.38589559980442933,2.4323165889089644,1.338659931107954
-0.6158820890049574,1.8973574141998544,-1.051167471060166,0.8817716999620822,-0.29936565246400176,1.0595292398293996,-1.737985012253619,1.9779206729183327,-0.44870591135422777,-0.7646494254428307
0.9981941120432621,0.5086995639965186,2.4718605724869316,0.30828315187169997,2.785882027189763,-0.9983163996006984,0.5081796486918391,3.6109554945809337,2.9828174716607787,3.3405505382625016
0.006487462078527433,-1.6177261662019025,0.10927294311107814,-1.1729321009087936,1.7720576947757578,-0.5842077643869864,-1.8167328689886575,-2.1936919847015615,-0.09257424997920505,0.1143297402226543
0.14422535369459144,0.7748026420708403,0.40863639281342806,0.6342988492943191,0.7197064901455512,1.06515828612331,1.8956460553374275,0.6523803742302858,2.971807306054142,2.036079105961697
-0.3582013635031047,-0.307805102459263,-0.5273406774453135,-0.002196146741920495,-1.5566181225190374,0.5571994556044029,-1.5631135861120171,-1.5959772987451168,-1.9279025191308727,-1.9200055382128185
-0.6724492578744548,1.1253735325651597,1.2890654718934673,-0.1265087791926675,1.4544349536315466,1.1117109142826918,1.8482435297364959,1.4709538760984036,1.4730073418867855,0.7240675396877339
0.1941778813881399,-1.9120320161760205,-0.7981840017760147,2.6197415014963625,0.43036053927472384,1.2120779280210152,0.30426509277673497,-0.10901542975752299,1.2721732982568033,0.5160392763927614
0.3332472296116245,0.134180431920275,-0.6935088560990833,0.5425524168027707,1.9936772653902093,0.06223770494972411,1.1186203421196605,0.18838592771514234,1.1239573496986872,0.26138842739409485
-0.5439283756703269,-0.3177602427347126,0.8515909909290048,0.6534293351368741,-1.4138443417011313,0.44021947438526565,2.0932579279707406,0.3137241813535771,1.3204006005729454,0.5923686041517298
-0.9778622403834878,-0.19283576138338582,-0.07353246659274174,-0.6454286890238398,-2.1229204069216565,-0.3007941234080417,-0.682042549270253,-2.633730043834984,-2.05159016180016,-1.6081208272315357
0.7950502575921575,-0.4256313701343822,0.20815042454755536,-0.8972405475078385,-1.0171592412324473,0.4986970597186765,-1.5592021608543036,-1.444557695878737,-1.7750612642124914,-1.8424839570678417
-2.417024339476315,-1.4835073629072617,0.2809113886544502,-1.9583581842152902,-1.3007928716973822,0.5528144503065267,-2.896102001471239,-3.372633076525846,-2.0524325726397135,-1.4547548695180792
0.7556782536840441,-0.7495714756593564,0.846500500448858,0.018557959980300076,-1.615760426701315,1.139887187516684,0.9184143388490813,1.4838636484203662,0.49926419594975907,-0.021914539539141867
-0.27077934855384356,0.10149462991124157,-0.7867780978927272,-0.27174502672188805,1.0425123232278903,-1.8416695429165995,-2.314096548825512,-1.4498298762083115,-2.2087028966648523,-2.3107519374149676
0.5019485898656778,-0.07983563497649157,-0.3982861539944065,1.5591275951230266,0.17644152752874798,0.7196360707770986,-0.7549751128747215,-2.200434862217148,-1.2573942747523503,-1.0311423676285378
0.13842339517375457,-2.1644986496997443,0.5973702950666475,0.5421836728757211,0.03433075619636161,1.354548942754423,1.6442863058952195,0.6469021547509746,2.4063854555637216,1.544795683099263
0.29127143905646014,-1.7668547739174734,-0.2793854791957393,-0.414024681299488,0.3361966053844661,1.4398472412131351,-1.3118992967234213,-3.2877271569169437,-1.1045892845284415,-0.470496549183694
0.3006111942230777,-1.2160188665860816,1.201913842425846,-0.000689661588373476,0.15335508768258654,-1.3590567157389204,-0.8719796820107603,-1.1245155149460415,0.6560118449401409,0.29255511842391146
1.1826101379083966,2.493158646746466,1.4861138607991504,1.206780774840511,-0.6774164646402323,1.6728276601306866,1.606597954703631,5.041957758271225,2.8292595136561967,3.5252610393201205
-0.4905272137508589,0.4697402623491683,-0.027765839220598398,-1.9954155319530769,1.2149675229254948,-2.8537374885512157,-0.22174520227882277,-0.7917416512771865,0.1484235693672401,-0.2961145005852741
-0.45352853683490374,0.6186726060814214,1.2239275380228962,-0.5105738176867869,0.22839727115901254,-1.6016566439360325,-1.6061610573087053,-1.3053876387762757,-0.5493295568257648,-0.7721640266568417
0.37415931906686567,0.45637003464379783,-1.8900147491954151,1.136615317751392,1.3871559202656698,-0.9119643898767495,1.1858310851770575,-0.5881799788720861,2.026136552320968,1.4069355112038378
0.44856952948311224,-0.18949460078395103,-0.5417868018121125,0.42356944042930955,-1.690431660532488,1.382005233897201,1.0102670575747354,0.6567185461955369,-1.015083702534448,-1.4563071686727618
0.6721405429705597,-0.8609939778288823,-0.6200443449481212,-0.1706461606481039,-0.1594146420145679,-1.0151229953010512,-3.027595129554662,-0.3097586660995757,-1.2986705689911369,-1.739759573281618
-1.258766841036493,0.6048111155356086,-0.28372165415151285,-1.4106728191100772,-0.9297671267382503,0.27432475997591255,0.15427679737740896,-0.41602349850968623,-3.6398189403979555,-3.918722539674142
-1.2307750733515488,0.38075192838987804,1.6466514556870748,-1.1803267775480009,-0.008078564315967651,1.5324062001633958,-1.8077867123765663,-1.1687762510107722,-1.4489833008698585,-1.6882172226649603
1.903878924557039,-0.03252081856315163,1.4230894157949259,-1.4430096227957687,-0.5647788111426412,1.2922660264748997,0.5374031742264219,0.3338713043187101,-1.011502928879052,-1.63953629203078
0.5714559122085116,0.5539809130299249,-0.20802835291845165,0.6611739791809718,0.3591320173657645,-0.16674544725810636,0.6188262577087776,3.3559762625872347,1.9872392805597177,2.230112613610873
1.0356057517758912,0.14295183835956374,-1.0879748798816127,0.7857881681533808,2.0368018630776454,1.9724802692750896,2.2860443611806205,0.43453390980615036,1.7330253157725644,0.8586663796584082
-0.238434478043746,-0.4518734329896082,2.388029882467736,-1.7329046828303396,-2.4331041519600114,0.8539008003863509,-0.7010615715251586,0.026534982365229443,-1.2183694248781833,-1.688262211157794
-1.059555524488171,-0.4123374500256594,0.1866110821512196,0.1780273373842616,-1.2109028459206754,-1.108588853951844,-0.7124458708574124,-1.0408555116694158,0.6949624577957243,0.3853665974587652
-1.125472538744092,1.087460248015243,-1.1038887221312546,0.558968066148682,2.4594655592486983,-0.7916669651245212,-2.2329994172563468,-1.1157806257264489,-0.8848627354682125,-1.2008012671826287
-1.7927736458593346,0.2510526838104939,-1.075932766062008,0.2948450938186999,-1.1172157819950221,-0.3792568747903817,-0.33184415285750046,-2.2463989950324543,-1.8627204899688061,-1.6252682570826158
0.9630458591777126,-0.45683824365278186,1.2187638121695163,0.06239749993933825,1.8557304629276965,-3.7526121989335053,-2.1501207173870642,2.5021261796853405,2.4809100154010277,2.3050649202720344
-1.034128664991536,0.44592140774049266,-0.14117171706697937,-0.3245191539151752,2.78116542346605,1.2905458216353134,3.1835796251060886,-0.12240772668991984,0.3059887101652502,-0.4345941257184089
0.642300972124195,-0.6115546576924541,0.887576043978387,-0.8262722771560367,0.9208019545706997,1.894332268620587,2.9548326805491723,0.4996376552623004,0.10310950801109975,-0.7328167259089373
-1.1716705953449473,-0.8573101735194331,0.24019379846189776,-0.7046386890382994,-1.1789398256487138,-0.08462528351407751,-1.9824376297231643,-0.046248846465475335,-0.8851967934043539,-1.326415351925774
-0.03151483205492909,-0.4422616651356378,0.7728713580644336,-1.3847718214483842,-0.14395427457446464,0.5531323489853374,-1.0156641387992664,-2.356537430254484,-0.4116585196211908,-0.12407497507104703
0.2655905698894604,-0.7045437762700525,-0.8230291046534368,-0.7353694234765482,-1.1589894794547668,-0.07227494876495483,-1.0789055188684011,-1.9851363819126422,-2.0376305561205084,-1.8217577083453418
-0.6876192275849397,0.48042263181977457,0.5443457253194387,-1.1876955811655938,-0.542396060768864,0.24855867401565035,-0.6077975927837431,-1.3685271328659545,-1.0929364534418826,-1.22704701299404
-1.1423956026792235,-0.6199285088810247,1.4016120080177474,0.6441563193131794,-1.575268143919721,0.7507435168648903,-0.1628150438016035,0.8730406089976157,-0.6450476941727548,-1.4085767231173185
0.14814111970486435,0.6137464252663795,0.707581229780055,1.138937078501613,-0.48914506938034186,-1.3516568601739711,0.08275784030430494,3.4682083922360536,1.658059298885297,1.9887970687003602
-1.4566920550740472,-0.9967531109855017,-1.1076285287708765,-0.809086100316969,-1.6880004610032096,0.2776530946094941,-1.9997023419001532,-2.5343755514462583,-2.1066999324751325,-1.7081978611540425
-0.32772632932462187,-0.14514868925465704,1.0563270816047634,-0.5848499927455307,0.19502996196621475,-0.4583715090357635,-0.5820041810050958,-0.6816565097121103,0.623483161783215,0.1090063265809772
-0.24152197914015777,2.0974596834023806,0.35996746294552157,0.6280666408244254,-0.1504434480004786,0.42835987433424816,0.6938145526945766,1.1095997645571658,3.1866851626602113,2.4394122601189783
1.4722026195982858,1.0544173916894068,-0.03093354882847939,-0.31470687877717785,0.9185675156073044,1.9362142346312257,0.5125035939192103,0.286469362144012,-0.2743179820870736,-1.023859049696125
-0.40618432755436623,-0.13323840654854557,-0.9656499975150263,-0.2437224348733648,-0.7714477054733567,0.3883871089839102,-0.6942144669328075,-0.20028468556061751,-0.45238036753352295,-0.7973816973658516
-0.04473590135565359,-1.0115138416337432,-1.165423611149285,1.2743101296163182,-0.6538776879728362,0.41684681755543745,-0.7135948084788256,-2.722556281098836,0.25261342473341375,0.7150409692003201
0.05177136805082539,-0.03458009386823286,1.9079881377813261,-0.5415287101872526,1.8120721262565165,1.2086772835072117,-0.14491514017044005,1.3058049710652926,2.9256715918682925,2.137133277675426
0.5262310919745266,0.6186407498084797,-0.41703770097215637,1.0669158680832151,1.4535232582942093,-0.11968755986283111,0.2084860368423337,2.5112875293296693,1.8213493231074387,1.6832767500291217
0.6495707313671175,0.9880716503592306,-1.2128692540844035,-0.09240970012326924,1.1045142642964243,1.9481145511323108,0.20390960489198917,-0.5146717065376919,-0.6889940589909842,-1.189399478895565
0.1160028623952248,-0.37278430725062567,1.081618212521229,-1.1528349155571467,-0.5042783326405095,-1.7654458994418023,-2.022688338478655,-0.36636117541236213,-0.43858747055294606,-0.9414102923861132
-0.024742565281133434,-0.014753184995113725,-0.1161013931114384,-0.6479400957827667,1.1701768362296656,0.1312925176137339,1.25492701581438,0.1431968328753619,1.670397678817601,0.9680784567784759
-0.8039777011808011,-0.7361680188081204,-0.9019197664352356,1.410426848560633,-2.0132159104014042,-0.1635408656530362,-1.1414387191565885,-2.1437659413947507,-2.0854965933245104,-1.879898808973654
1.6195880316803832,1.0296645914423899,-0.8447358937969858,-0.28687598241411105,-0.6143039453435798,0.32649246544672517,2.094113065513833,0.800584847895296,0.6796770952896921,0.26554746083820224
0.6862294279281166,0.8520246459236016,-0.2584530886705073,-1.794496486909553,-1.0318513608067508,-0.6738378943938821,-0.5004692254640858,-1.1216558361008921,-1.7418789498813598,-1.8844683092843149
-0.36991791131632307,-1.2852226611289639,-0.16577745787870102,0.5156304300019076,-0.36585762296606783,-1.929658047536829,-0.7681361939891558,-1.7765593838104565,-1.6052816271983867,-1.5714202939851234
-0.566345345861786,1.2380278509781177,0.38396821684024995,0.7490530564886693,0.4649061932906855,-0.27959914302468514,1.2541484089442407,-0.24007083489253866,2.220648523923958,1.4063120845349448
-0.7351266894686216,0.378800902119558,0.09206246056954949,-0.09764849331777034,-0.8809638646915575,-0.34399411808648805,-1.6813875517994,-0.3884848617141574,-2.046013208063218,-2.5049602870009346
-0.06543878359104303,-1.127279645109411,-0.2505443455651854,-0.44604311374423283,-0.02866616166300906,-0.5831297076690105,0.6910588509523887,-1.37649427613492,-0.34174597879624136,-0.4234202590538483
0.06501201144845915,-1.8095868241669288,0.938239593172132,0.11688272981368349,-0.11785623303071721,-1.7196965143914307,-0.506403178114107,-0.5652950290424462,0.5042661012848138,-0.10340822511496775
-0.9494706983297042,0.4592753111030509,-1.0833352312976217,-0.4203126941182063,-0.017629786573719608,0.2697549495190743,-1.409575399070758,0.8601056505447393,-0.5241235442963552,-0.9634308417796298
-0.06260931296907328,-0.7402419506947142,-0.4761740481794275,1.3963441706519792,-0.4090527687561223,-1.1752581879398274,-0.3981827362466763,-0.6114732909678089,-0.7311035877823354,-1.1988231741951718
1.2711034252896414,-2.1178891730583027,0.537802525237075,1.0261413138273323,-0.5701265376830116,-1.4588340476712958,-1.5655549031852134,-1.581340103606372,0.3503345634607493,0.22671291741361727
-0.06959297454254532,0.5725140806275364,-1.3124535319669983,-0.20198471302338514,0.8724745851079355,-0.03660761562168058,0.07533153734166412,0.4711705923839843,-0.002934346584156311,-0.5712919004559367
-0.439579357492037,0.08629823700485847,-0.9417370064001218,-2.0663180170323834,1.9880367400277494,-2.0865860550640543,-0.1791179374563554,-1.2639412644426544,-1.8684658367445586,-2.0422786328346074
0.6637695402678347,1.1923935574107951,1.5516407051433605,0.8017895947750897,0.6722459300942724,-0.5856848620456595,1.3019241360437883,4.455983691580069,1.7232917172478297,2.3315641137259338
0.13260885977184103,0.18058297093532594,-0.36786631418091525,-0.7516001996030964,0.3185198115419464,-0.059956990325272796,-1.2587257301603412,-1.8047365667011404,-1.5129547699577937,-1.4295822080757765
1.4775784860412098,-2.0794520338148033,0.9660140801063242,-0.942909960964437,2.530124518914148,-0.4169417658675921,2.0730801024721206,0.34177337064047986,0.9227261063662328,-0.07170227281531144
-2.622858081793383,0.6877645215082295,1.5291799600212486,0.2965141048093396,0.383769571388623,2.187944810945781,1.2138418593032512,1.3423446980354767,2.4142850664275968,1.6163726779315817
0.9095434492059833,-0.255552048637458,-0.802014095475234,-0.13293385542960645,0.1252603882905286,0.8411564377082079,-1.2990016607101185,-0.006033026276141884,-0.8806913926419501,-1.400152863046951
-0.35752827556365907,-0.7177794169486748,-0.9367130317857839,-0.8815618828894763,-1.3300258883850284,-0.48360120690854835,1.5901421334269785,-1.2941405953112946,-4.09251606100661,-4.138344699992619
3.5165240174000068,1.7612722873328999,-0.3071814370144004,-0.09988189288441066,-0.03737816961537225,0.4119184150769245,0.747209324236387,1.785020880877291,0.7375743409414888,0.37793918562602097
1.0901951940243084,1.6971764148158826,0.5984841164323643,2.1563685599345157,-0.6773103978758812,0.05461774173546008,0.22504763667223715,4.453446158973855,1.1388433610516786,1.7792344690251616
0.3596506620603261,0.00047676259037121116,1.7221813808060626,-0.347762994661027,1.3028401757208479,-0.42699675155947847,0.869952190297657,-0.4612942452178441,0.14021690218339344,-0.5753106581500622
-1.044228902515877,-0.11732744506818445,-0.309930387568225,0.3955731059934593,-1.4681052740053622,0.9793364440721514,0.46171390162652826,-1.3750888290967338,-0.6598700173693617,-0.799242911864765
0.4136718861915601,-0.4070509417686264,-0.5828894370929103,-0.584019799255597,-0.0002721974173661712,-2.530668296496442,-1.6573224650784466,-0.2042176367772377,-0.6943931444257028,-1.130663813523451
-1.0801855053231264,-0.8939676966260831,0.1154308228051671,-0.6409736846307429,0.688102072088617,-1.362225740575987,0.5586792607339,0.26165543224354604,-1.1192901556665218,-1.8165758781312473
-0.9611379418073176,-0.33055108524965454,-0.2527804953748339,1.1583863834655763,0.03894849209082896,1.441345728627395,2.7385961504986582,1.088530979292286,1.3804273993996878,0.6481041576030687
-1.9605252823027093,-0.7220682719115131,0.5394478446455451,1.7449242403574048,-0.9903054654549074,-0.3101394860343114,-1.196349885079013,-1.2785031257216546,-0.6464646237701808,-0.8967609918020172
-0.400354495138959,-0.5752207962038609,-0.7206852683980476,0.6790687293086596,-3.362101204872072,-0.05582509095774041,-1.7618907137651536,0.13183169356392255,-0.3132843719735178,-0.6670734700798582
-1.0964996372630147,0.4021510484942239,-1.1587654719002347,-1.453876811016315,-0.6979028476955315,0.12394422258893856,-0.15180994281612453,-1.7663205720875812,-2.96932625969333,-2.8655862572492796
-2.0466378005130474,-0.8048599799843839,-1.2990622221107475,0.09769267036586572,-2.438399289468978,-0.7597347939443599,-1.0264167611341202,-2.0203281084222118,-3.421179984940573,-3.2888590037122447
0.5306538603295273,2.304070978231925,0.4636544465958784,-0.11459800726322032,-3.3494071299343857,1.3605310661129792,1.8220136203724733,2.569844156060715,0.04344223320385798,-0.07482652049342875
0.6763391741945297,1.3132334872238356,0.09502345706460497,0.06764511502838928,2.32227057459936,1.5464307651518685,1.2576532276174563,2.3341001979267957,-0.49240295433192127,-0.7267985738312954
0.5294747007826898,0.3283117233803922,-1.1572669926873025,-1.2109075193806627,0.18278722779888162,2.3982157359486345,1.1795078438466549,0.5927047657664084,-1.716616228995245,-2.0767942788479488
0.8523393293666764,-0.6735013131064409,-0.07067000785463642,0.5440799370120885,-0.30808301219569445,0.5669007718580154,1.9707947279853384,1.9456738025859441,0.620292173045579,0.244110840790498
-1.0569559752551543,0.16779016797555785,-1.377438139207632,0.2140363927929979,0.4362143969361971,2.485836341454516,2.6204309945046473,0.5292278029018653,-1.2581566511718625,-1.8196442243045632
-0.24242427357682714,2.607999133945034,1.0792845352868343,0.6221653702754296,-1.6217500745718636,-1.2143370647980793,1.2973591057049447,2.3004733689967174,1.4170593901601154,1.1348526866201205
0.8104564389150464,-0.07658017329398063,-2.133780214692447,0.2536164807661227,-1.260589148541426,0.16515524248670543,0.2543064630020577,1.504577718979345,0.3918383349809531,0.03320603356213869
1.2805584391121512,-0.04694666668317654,-1.0890173900865894,0.8019209957384973,0.009686391712263487,-0.7352014120339396,0.8378178295822676,0.68867240283466,-1.9640473754566192,-2.5867634218039566
0.10837596788106715,1.0204740031754413,1.5374484330194613,-1.5364919916685713,1.79821604799233,1.5407329359118425,2.598264167373345,0.39129961570881155,0.1908813383657958,-0.7458908709029517
-2.6131884100370995,-0.11159560406466203,-1.3967360321182507,0.2675697321769118,-1.5305688518666698,-1.219840945065234,-0.9226179246086893,-2.2229881727408083,-2.6418545404249976,-2.4322831515648944
-0.2742367888748222,-0.5580089778271585,1.332594023541777,-0.14271760111253956,0.20771564606088744,-0.6474630656136184,-1.3208657501409953,-0.418503606484702,-0.7307061468681445,-1.4111077999594892
0.705200085667241,0.7435418305563187,0.005749437071728935,-2.149184717133611,1.3034106881659209,0.8726385219177255,2.7161232208127197,1.3195229445854202,1.002285167737145,0.4352080905829109
-1.0848195539475547,0.922992586306246,-0.46502519579194,-0.34557779826826523,1.7359532554346568,-1.0271874345008836,-0.0924528065558412,0.2923098733990206,-0.6955269777380302,-1.4622673668676525
0.8372670695187701,0.33688499675166905,0.15392264696966892,0.5219879497214787,-2.275454845700925,0.3491504158405285,1.4786474113304684,2.189610329812453,0.5124880947853633,0.19231596524165478
0.2907121295929991,-1.0824141846769681,0.5136284786746393,-0.11460158705192888,0.11491922124582166,-1.002026893361894,0.875162735007231,-1.1696831225157909,0.5587073822687929,0.22853882452449015
1.6983825504245245,-1.0777824477066051,0.019355758847864668,-0.5032046172018987,0.15006184205830608,2.033307328383842,1.5393301099546037,0.22790682064024137,2.2175680172890586,1.59177438958668
0.22616133775584157,0.7151343552673087,0.030864937207023692,-0.916522280538699,0.2296993409496042,0.22843975085895513,-0.02099083448897976,-2.033110601539763,1.4675858805981434,1.604878202976824
0.9897866935096963,1.2831125566528434,0.42076009019728416,0.12727815269772474,1.2801425619357407,-0.5065041228786895,-0.14555839216515626,3.0976363935496227,0.33963934930383965,0.4282641418900033
-0.5898165758531072,-0.8258864186421991,1.4587310619691187,0.3063671211945975,-1.497113656276116,0.9698141378213885,2.036967715877057,1.7967570327490654,1.638593785291159,1.1835079817787468
1.5473528378583603,0.20256832199812883,0.805732552997265,0.4859273591511158,1.6304494507341238,0.2874356393912558,1.9799096856816938,2.248380440745641,1.5590416197280814,1.167931931713213
-0.49423424026341134,-0.664179966634815,-0.8765719136685096,0.9299927099906582,-2.055646717530134,-1.8049384216396458,0.28144970452395934,-0.8257439739677142,-3.307667239626296,-3.6582976661876065
-0.08668360811224458,-0.09249117989714264,0.019312826060983883,0.0072959167304907395,-0.760084460683868,0.689082679899906,1.718023088935742,1.1095357778982118,0.07975213450813948,-0.45255825939467487
-0.21716388097171044,1.8507554237347568,1.4836180351472172,1.6951642583536297,-0.5629085448934403,0.129904283035864,0.6644843240427256,2.686165842302688,2.9180458450986992,2.910450365388003
0.4715021230910249,-1.2042393507514169,1.0104234951974034,-0.8354134916280593,-0.09909171785119542,-1.3060584291898336,0.3798187467508679,-0.3509970694012288,-0.1435547554523538,-0.7189884659093695
-1.3025622499954121,0.3827799266518432,-1.4468315452903182,0.3531935136173372,0.25938356910858557,0.20001239735722182,-0.3665339347299599,0.29505348956353483,-1.6513871758757062,-2.199158324885165
-1.2633615554637665,-0.2447916028969559,-0.11911314571707025,-1.2189194730829203,-2.1356813419988745,-0.059388697861441186,-0.4758739078980028,-1.655936464447839,-1.8722394391818407,-1.852995976006444
-1.952200493631062,1.2148947325835777,0.7630216316566606,1.075072766514486,0.029306559003813737,1.2513979226622665,1.2967941644577918,0.8262804018444103,3.3942289564014727,2.4570226476377632
0.017887319080105653,0.9127070577808822,-0.27089444335403184,-0.3770968534396206,0.9588438633265282,0.3972673806426047,0.31800299796710485,-0.10178969653847561,1.4157581757715403,0.7705434599813545
0.7099230639180865,0.9103822648336546,-0.04244077972536447,0.2915250463326661,2.0136127568243145,-1.9250992005093364,-0.8928968497901772,3.1658706451601306,1.3841910701834657,1.5525751813763433
1.2030114896553783,-0.9069445138257087,1.6742092158725455,1.9801820064129128,-2.0507974530010062,-1.2211469491040972,-0.8567408336798242,2.707234092455744,0.6407324430337002,0.613850430359133
1.1551310078672206,-0.06351230916335178,0.08372956883025923,0.3418437662004899,1.1573224633942827,-0.4247573150574794,0.2317204830968227,0.006552891683750062,3.08686058616742,2.2390568093086998
0.4870505207569523,-1.6213019347217799,0.6171159304300279,-0.7864001048516019,-1.8430491378813127,-0.851176278555291,-1.9811756972377,-2.1108178129954647,-2.4385362211843127,-2.2610077424238453
1.0306284475869407,1.4156428172627906,1.6007010874991474,-0.7447883322154869,1.7396887401846737,1.724143116685176,0.8507157522515493,1.6407717694979447,2.3851203846140665,1.8110755872481028
-0.5945269973503183,-0.8500432428598693,-0.5324729691974806,1.1295579675665672,1.804144769176457,1.3916183363522343,-1.090748202982899,-2.922297362979705,-1.3632941036627713,-0.8421924514997636
-0.17453928218296552,-0.05471712068619625,-0.7458657238977296,0.5464439887172898,0.17475945537824944,0.681406048367199,0.6586608958004808,0.3114708249818679,0.5252858539321501,-0.13536414509602562
-0.8472232194366177,-1.637037258354001,-0.02445392904055008,-1.1446068931941689,-2.6131353544341525,-0.2776272697986773,-0.5664085886539605,-1.8176028063130827,-0.5298601672339713,-0.45786426006964565
-1.4004570485379106,0.33497051211106516,0.47175058761697614,1.3378536222763877,0.4656149505327357,0.8587465480614082,2.686775334769261,-0.03330494318899846,1.1514419817353323,0.21638555337732746
1.0810406072939684,-0.533535340506758,-0.10360659389196901,0.1821839909888671,-1.1316103110182363,1.748387459131954,0.8669358555611313,0.39454580544468515,-2.4297748752736026,-2.9734481437146916
1.5987672674838944,0.25637194917430833,-0.5601427220767848,-0.9206256401628652,0.11243220335798731,-0.29574942951891414,-0.7301290341639075,-0.693008235032302,-2.802082631651561,-3.1103440932043274
-0.5511021219533949,-0.504088220746922,-2.3672492961956415,-1.1610588780091198,-1.6915466706551938,-0.9752286640282597,-0.4673832426839791,-1.4950844809118675,-4.698318919299343,-4.745511814762964
0.5512553223668232,-0.998575295720699,-0.13112232268170027,-2.2971152841187887,-0.17902798910018236,-1.5575379863559975,-0.6224302524682938,-1.452566271166324,-1.992137539394319,-2.076509733811634
0.9408826378017221,0.3586860900006562,0.2955396613099903,0.5475724212003068,1.9980299704592668,1.1564995329957029,-0.5532954260154088,1.5863856557757616,5.0553616878883565,4.348362277419095
1.907067964558658,-0.2121570656067941,-0.9958706908415196,-1.2329180795815216,1.555761883585778,0.5794295157062519,0.4303109115879048,-1.7984892828849648,-3.3063881046894643,-3.2411495689986536
3.0001788611218108,0.7843776669423712,0.4501759673432963,-0.5516466523828493,0.7555631668228109,1.2797811908711867,0.22040856764356054,1.9109485226787999,2.770001178929405,2.3200757306625457
-0.4355864288866555,1.1879816794167242,-0.31045541771341717,0.07561865207174799,0.5026384010402785,-0.4377406409879878,-1.4699794480904538,0.5737958752826764,-0.06191107054805578,-0.7743777784293777
-1.8926972066872454,0.3122159951870754,-1.3096841561064587,0.8113059036952451,1.6216947442136007,0.9391743073995936,-1.3098865470914811,0.11481322663828508,-1.2398818219786465,-2.0141037203089187
0.14305372816606185,0.008768393789840213,-1.0715505384846982,0.5081039980581409,1.176173688787389,1.911369784206146,2.0875509793078906,0.3687554568869018,0.2588841650260552,-0.48091501302571193
-0.9269194222551165,0.7091475741032581,-1.0852213883296709,0.6548702820646456,1.4248945931371697,-1.2809968741356916,-0.6840222225350989,-0.6866160645237274,2.2635592595635106,1.7249788404777355
-1.0883539821295265,-0.6003393320080329,-0.01711016803751532,-0.6584496999888358,-0.9192407918911679,-0.8795064014260082,2.0792647844705523,-1.4992713623040017,0.07038903784834027,0.06565285428404333
-0.08098349997911279,1.171747644204564,-0.13548766053243577,0.14011137904518645,1.2648165408394556,0.11282355597441707,1.1865609487010158,0.5447239075282474,2.404035894238804,1.5550334324392536
1.3435754452339077,0.04293631900270817,1.0692787785141606,0.33582262873741453,-1.079778688199819,-0.6122695898838895,0.7264070985553135,2.531077777119224,1.003684027377218,0.8693676457545284
0.5723216785405638,-0.08409732909723878,1.2034431453958965,1.4991209696887708,0.8733610894743217,-0.015202692763610193,-0.3280555874087762,1.7668452882472128,5.318878426867981,4.6332621449001135
0.6149851324130573,-1.637479004653088,0.9255833464886635,1.1113625598644807,-0.18383815586639113,-0.03482218361510375,-0.07274578097159223,2.3043320041456132,2.373779478731155,2.079895480419533
0.2894565863253725,0.21417812904189987,-1.4367246014723174,-0.59742765582278,0.6554427757656018,-2.302221396262053,-1.3348542985320992,-1.5013865622825993,-0.8434457336848181,-0.9370620623211213
-1.1245508259867047,-0.048005282322437094,1.2689132754962387,0.23765536470436846,-0.29251902777862265,1.2808771611389203,-0.25647676918617335,1.8897850581962274,0.9766426342248111,0.5243658696479472
0.4943258202665189,0.4843381714976716,0.23699412593037636,-0.8883071868890646,-0.2189268553922904,0.5880461664138532,-0.3584601269849662,0.7278878139666207,-0.7838666149777775,-1.3471843314165681
0.759112811800663,1.817481205619003,-0.8151147443167136,0.4646878447570773,0.2748375988023774,1.1849845015721547,2.178357242283382,1.7410851239036669,-0.12020214292019249,-0.570002136957471
-1.7721905798514481,-0.9472626161248888,-1.9275669964033604,0.9020401008667391,-0.9662313076668283,-1.3996703970797655,-0.5146967418401494,-1.6114797559285279,-1.7627063369094722,-1.8195564908928985
1.312170115679189,0.3967446382247853,-0.6574319400254434,0.008859195296452176,1.622966339667824,-0.08085790510399926,2.1360885182403067,0.29162486726398434,1.8930422532375508,1.1176761750832798
0.1322827644068767,0.2572802209696581,1.456380537613055,0.18036594591597632,0.2989077284566726,1.1675902498459199,2.5243183975112284,1.9760111206119355,2.382978128692794,1.9131455920319325
0.8152199845917528,-2.2669298263304394,1.2735055732901175,0.5378034669243177,0.7457998086160491,-0.19674797685074785,-1.2691107807277264,2.0977603245202325,3.5765803924216932,3.0940064641825034
0.02720110259594788,2.0791305608317523,0.15125127914702952,-0.5844453915755413,0.27638150822204766,-2.672584543065585,-1.7419869341975525,-0.7643784622710696,-1.0001576546542064,-1.425400178603368
0.6880506574439583,1.1655374754988874,-0.47592963283995254,0.22774684335469894,-1.141177139237663,-1.8947168532467409,-1.11648254009576,-0.5637796823534207,-0.8497802754395692,-1.2124150190596552
0.20472782402713768,-0.8918596003844744,0.6984531329995225,-0.10452295941015215,-0.02474390832574025,-0.7944581298835807,-0.12106679755026345,-0.05996895264798775,1.1461915116647847,0.42371159622880933
0.785580014374772,0.720389609161245,-0.41224499251886954,-0.297868433722395,0.8163673188556813,0.8640570223595984,0.3363786181514803,0.014501860322208793,0.5849157859362898,-0.05724315837726435
-0.5617888721506971,-0.31990746982219787,-2.4680588545641777,0.8430547625515447,-1.816721429390971,-1.356767615982184,0.08069404157252569,-1.2418338015502528,-1.7520408008377686,-2.011028706090676
