X1,X2,X3,X4,X5,X6,X7,t,y,y_delta
0.6690313589798114,-1.087684639916711,-1.176478836211095,-2.300929687001414,-1.1886557485967573,0.32862593968543474,-0.5132478682454489,-3.5923716060035358,-1.810717091455968,-1.151051230145029
0.8394290699609542,2.1614350995532847,0.6248634860385562,1.85698320224142,0.17942904239624025,-0.4600294788388415,-0.7900039748280068,2.5019623806277997,2.8746687567069538,2.7590344923839716
0.3860533086223655,-0.7633658263495828,1.415371492766581,0.34598939938561724,-1.2650126165716713,-0.12302288744461731,0.9256577574216203,1.6353191512390337,0.944822576702288,0.4644349626583062
1.6686581763946466,0.3684605531030036,-0.4295700543034756,-1.536445234555393,-0.32885916824309624,-0.04032713435092511,-0.9899979311343872,0.29047816218087746,-1.1185664581161463,-1.7969993114057163
-0.7588065185696586,-0.3639818107848909,-0.21251525729221665,-1.8329155207471328,-0.2724439908978048,-1.010701711834777,0.8735141352919316,-1.2936661484562164,-2.346871210874872,-2.5594919695207703
-0.8867089115037324,0.3111307332013998,-0.2135443506721657,0.18147248144224523,0.5719743788948538,0.7344994351956453,0.7304216566573435,0.26838344713237694,1.7634406081509153,1.0866389008421522
0.25989623569247566,1.8138528673508842,-1.628925050749143,2.609614067437141,-0.7041197037009578,2.180155409876325,1.04326914681139,1.8769471177397883,0.4343284735972285,0.043184127089743396
0.31538952558781186,-0.48815442832027856,0.06412103423304692,-0.18811636222475928,-0.5631658484124182,-1.0042535525614684,-1.3670903544849613,-1.4800472899259058,-2.137505140310143,-2.263495253611893
0.18246580093873638,-0.8752822083509247,-0.34786741167255025,1.7405003715099645,-2.0469188750683722,-0.15436624647908725,0.15929865529266007,-1.5093998971405909,-1.4516192414201352,-1.5637326435977172
0.16581959265692656,0.8515937412230473,0.3145558128368446,-0.24535852396515212,1.5541276818735152,-1.4272554679559346,-2.45601287903434,-0.6206539894659882,-0.08761689469797396,-0.5730034247152371
-0.4160688983126001,-0.5042920367861778,-1.0498225851268348,-1.6175557835288612,-0.04787798880744343,0.695104623575645,0.9364824018702347,-3.50455589893225,-2.0780589024518,-1.4311575906294989
0.9153650845521674,-0.04449668231370125,2.614845860477002,-0.7852369551001003,0.5433269190763137,2.282272515544225,1.2142646125808145,1.1999446230171862,1.1175086961965564,0.5123961801568221
-1.7264893301023048,-0.5046873637039122,0.3893948046700399,0.00962588731214107,-0.9322853310599506,-1.7929267894015248,0.6569035470030373,-0.34813634519113124,-0.043265084311667146,-0.6117066748778679
-0.24456402432419264,-0.4768865738351181,-0.7086643120731451,0.17510423297817906,-0.6849862365219335,-0.7677357121192561,-1.6831034922059778,0.07337087006127563,-0.5846599518114205,-1.240100468338734
-0.6529236121681123,-0.3703975558419551,-0.2850637338602568,-0.7208632440969889,2.253818654608164,-1.2176463909281872,-1.7505989297154463,-1.476374983186231,-0.9799273080384104,-1.1076499142296479
0.06337914946803293,0.8964753952149922,-0.5991145495985251,-0.547435372531345,1.7783453725322835,0.6403794052651585,-0.5479094452226915,-1.4586669966794097,-0.18505151206889592,-0.32111620540947217
0.42057221280241597,1.4821130850354516,-0.40957860654492706,0.8065449155838342,0.48325358473597735,-1.2541854518133742,0.028442323632566324,3.33326758380049,0.9830911078706799,1.2580215089067623
1.1440162327646688,-0.03650088833860325,-0.7300390012684137,0.6883313433473521,-1.5808227326439075,-0.1729805626516258,-1.576989250507836,2.1286096562015353,-0.6144289694651934,-0.900796774256231
-0.5218799542451001,-0.3179758722117454,-0.454422188078745,0.1580395763583376,0.008088240463861474,0.038737562134663395,-0.044377926054050755,-1.7282474287027,-0.09008771197786403,-0.09764717084043606
0.17537640191250792,-1.5599800185368526,-1.0731475032909212,0.8297111874265526,-2.1103549221783227,0.27252510249985973,0.06918796560129586,-1.971789100055968,-2.4738330221587086,-2.364941589216631
1.3754138213062899,-1.029270948338028,1.8038109247481642,-1.5665552802398368,-1.6043835839040819,0.20961616951565415,-0.6487820894488797,0.5829636449477972,-0.27782439004060977,-0.9624638544476228
0.6633520308892018,0.5980556283358593,-2.0916386924328574,0.4172643412026247,0.22986734845492984,-0.6968530419000367,0.595143921911361,-0.6157520603140728,-0.16254548838057004,-0.6495915594028346
1.1584875888239308,-0.5141574986140395,-1.2137237422820473,-1.2027574103188297,0.07701870021945156,-0.6500454429751321,-0.7693768654104087,-2.155177792898318,-2.3715719596214004,-2.1768949050145814
-0.019609637016143346,-1.4625804112153953,1.3219677786195785,-0.3122494867991512,-0.17826743570816395,-0.7383700809167506,0.003094964854647133,0.4041424208230428,0.4613045369510386,-0.2229477765715308
-0.8639105289548223,0.7218239356497227,-0.11377947985087344,1.5166572774697435,1.967963996412831,-0.23762483276211613,-0.3279862961072775,0.09697861785200357,3.555341825557243,2.896656530082964
-0.9149358022659949,-0.5479739562541867,-1.3629405701346327,-0.2890470688649102,-0.1945733315965602,0.06967994791087209,0.4405000596653952,-0.17768317559360325,-2.4251664595081905,-3.035234405067481
0.7750148484305279,1.0308862925796232,0.20199309579411387,-0.4755185033278734,0.3266821709233476,1.8624346767007642,2.256307451621723,1.4587835889374132,1.1478821205901397,0.6108301299817207
-1.0989266945696903,-1.6044821651562118,-0.16996303206181804,1.1557184999553005,-0.9742073006384684,-0.7923545107346157,0.6593738974607994,0.3969754727451369,0.39519898049699265,-0.28881403477408396
0.21115225234528426,-0.5293857100278586,0.4281476178580847,2.141086353042844,0.046417017602720545,0.8397224593264372,3.179379397413953,0.4008063919547961,0.9880403541335456,0.30389728564304264
-0.5895070506554642,1.0480821781473688,-1.3753476892951373,0.051327462396235916,0.2951532225167105,0.19102803569717797,-1.2568510051056827,-0.8632330628033544,-0.7460350228220758,-1.1425689784996802
1.1668013906979045,-0.1515349165847605,0.12144603544461792,-2.1556803050490014,-0.9896711472294139,1.903357184229744,0.7497966279101149,1.0962295327231741,-0.31312528067051526,-0.9400535523629135
0.05678300937179987,-2.12428801655051,0.5007511035440206,-0.2660435100446978,0.30424998965115974,-0.9328351132306397,-0.22577202939563343,-1.2348633496285744,0.5492807691007464,0.3100099604856751
0.5829754112214418,-1.2799773699465802,0.6856475908977037,-0.27701146722529196,-1.1135581158000887,-0.2568669768019347,-0.8459245006323202,-2.2321444238058423,-2.010873920806425,-1.7810680714315932
-0.25689475925481364,-1.649584937907906,1.7950336760950925,0.8600509431183733,-0.7737046356156049,2.1501608186912273,3.508409375250433,1.542506208605579,2.3299250439388155,1.8187753754139964
-1.2570219152314537,-1.2276147838333495,1.0242169869700144,-0.918054009021918,-1.9286352763624786,-2.5053089780651603,-1.288418704383346,-1.461018295853315,-1.7973170798568434,-1.9322752712963183
-0.919761218239803,0.6820240089759089,-1.484770106214001,0.7338225031318546,1.2493971670269124,-1.8859383740417992,-0.17134807544494268,-1.5867193062091967,-0.09650913053420934,-0.17185787320992268
-0.05263276319782421,-1.3057397236056512,1.1020064526540074,-0.30324433359448694,-2.0719181892300678,-1.5027280799223224,-1.8051450060068621,-1.7718142343295424,0.3745763736564063,0.3879304646129971
-0.5151261811297138,-0.029468441054359695,-0.4302235602375831,-1.4764622138582004,-0.5446797800843899,1.8260278729069648,1.00957541848292,-3.4278521210307584,-1.948789337386413,-1.3150386904277462
0.754649541757037,0.6613318460415184,0.7135571299722118,0.34012223448453627,1.056141898332238,-0.8753777454774566,0.859807560124036,1.9753390887072142,1.8494288472264582,1.497979044092921
-1.211284760931046,0.09717515489248636,-2.249505283186918,0.27784586585905463,0.19827535569380178,-0.49965292465511674,0.11436731718483362,-2.26755814798916,-1.9344189101301505,-1.6886675982770523
0.5418366250927297,0.46666075935035334,-0.7928405190950999,0.6371259603822144,0.35444190931638225,1.3267447135745443,2.8695321931131255,2.1541170843642186,1.0966927623465286,0.8214963833934471
0.056759354032808615,0.3804255829077741,-0.7552956663797696,0.8170365465120794,1.2984632109469711,1.0454304683444355,1.2546159452579717,-0.400738601775964,-0.011904399118491393,-0.565837153403707
-0.21685099239734368,0.9520070359757857,-0.13805033717028947,-2.8708116277244917,1.0781861559080466,-0.3312264363986941,0.1974024887534519,-0.2738921413517058,0.176680851740931,-0.41092308157681084
0.5917766615557826,-2.06029673421085,-0.3767569435898784,0.6155987209458677,0.24772024796629655,-0.17208783293225227,-1.2816698665700903,-0.3741479723134087,0.30444593501739214,-0.25691620370246193
-0.47411827740901846,-0.015381099762906048,-0.3522559744312428,0.15810180929757459,-0.3851477945659578,-0.6659808268667146,-0.7925883083338062,-1.509356935285386,-2.1890352951762697,-2.301169043978047
0.07875404501750287,1.420132636903298,-0.20533960848814672,-0.09315008135599756,2.5401374444663967,-1.6432785399602017,-1.3233646062889584,-0.8751691123399304,0.16975553595105364,-0.22208960912521025
-0.8807180926675265,-0.1760940131134555,-0.6944279767715911,-1.1847367088951763,0.057528645173431536,-1.9252854854500998,-0.8415411841762683,-1.8417536172324294,-1.4427375564043983,-1.3958443547277142
1.085524655672118,-0.9067822669118392,0.3444585310126995,-0.19372616616454016,-0.8237467081041898,0.21499513541965976,2.4997123083344936,-0.8522011870021686,1.212424137718625,0.8115811644522484
0.5248121618221171,0.7874692545343798,1.4120237502261166,0.062291894888181626,0.9926593839868724,0.9190980710485753,2.9112000363143986,1.125690523435586,1.3449427974884354,0.7238802627131959
-0.24070916781359125,-0.030173991317110554,-0.2590159813986275,-1.0849346192538742,1.2060726423194728,-1.011357359542992,-2.588738725077874,-1.3987545678995343,-1.9678429533947184,-2.1319693514287614
0.77734530394669,0.21712722399648351,0.7591295101361888,0.3311857337866763,1.2947048917578752,0.2919792250047372,-0.44084016185316827,2.0833359682447714,4.574892647995645,4.26892350869178
0.4347477887456528,1.7753833086773465,2.034177481842426,-0.033302449164257716,1.0798081087656215,-1.0565245453155678,0.42010989094726664,2.965187126573112,2.0214508750257467,2.127212039845335
-0.14542324227350673,2.1730216265317432,0.5618422084968715,-0.2143046244868735,0.01625221493197937,-0.5332987620839972,-0.1389623724450949,0.1963834065447767,0.9460164172204735,0.2756511756266237
-0.1789802593506101,-0.06652889110074284,0.07088063007566703,-1.4608013773543256,1.7997876118052958,-0.8977685261472332,-1.2410472258637768,-0.6410018355816417,-1.460602803499622,-1.9390397219648436
-1.3033543938481165,-0.36933528684257866,0.7960373198673641,1.0751959031474558,-0.6934239510591428,2.225927288748954,2.5512260793067765,0.41023322729540995,2.1852911852849193,1.5008490418498532
0.29001105385444226,2.056776916144926,-0.25533204413326505,0.5624321128457951,-2.1219616345530907,0.09353711353266592,-0.021000277103773113,0.33837878458214155,0.42041185837611084,-0.2609995172780353
-1.699429730982623,1.1164240975959445,1.3407331427800455,0.5051168323375332,0.4152384111172728,1.3732743972615904,1.983937720875195,0.6674184185962116,1.882308154805925,1.2012165705758906
1.3036321367949493,1.975626755341525,-1.1157875555049337,-0.0010203970425080005,0.8781907336340502,0.4596465717951284,-2.742869163278667,-0.055208685219161,-1.3213973455742645,-1.9560483512892972
-0.7391571967027716,-0.2483646379093471,1.0035556145766118,0.5342600435277272,-1.5884176042521605,1.8238422875135898,2.2996130474413112,1.2404842295141134,0.6792267908371011,0.08351501135043854
0.5675197345947959,0.7407397185212103,0.3982851490940596,1.4719021299046962,1.8421047549411145,0.9079364716389734,0.28753015861986986,3.5202040538577823,3.3119041454660514,3.6664628366992242
-0.3216450037878616,-0.18126487811589037,0.11063709093198477,-0.5884749494838449,1.0260262198258137,0.7078196642846757,0.5713105005828645,-0.512858762227987,2.353095969430855,1.8325684618739697
-0.3754772015777101,-1.8289187118228651,-0.5204921014493857,-0.25357634670819634,-0.6504049861373613,0.036630096810018775,1.3770755868935514,-2.543479525055073,-4.1791401482106245,-3.8150645655021416
0.003848377235966819,0.11236200320758986,-0.06091633050944545,1.4779687666618453,0.04115167429862282,0.5549649579888194,0.9932622344087267,0.01850672789373231,0.8118673384448317,0.16465739225939802
-0.39394875187417683,-0.37970319622377613,-0.16218803767501977,-0.7018807247815656,0.24986198677170446,-0.875056126695208,-1.547573783786224,-2.4099339557472756,-1.3049875738903207,-0.9967519015078928
1.3757066176904884,-0.5539848921923278,0.22456354507948367,0.051928229675230135,-1.7361879335754618,1.300125929448421,0.5041103486375317,0.13148921627268995,-1.5492091104115482,-2.2123138309126977
0.29424563482778177,0.5244580185764701,-1.7380844829538074,2.2526287652591557,1.2657816719398387,1.0235075148915542,1.8598405902288748,1.0840604037947612,2.4020361842369313,1.7727626883186811
0.3895288997066386,-1.0474935692335792,-0.5945607184055919,1.266762904696825,1.2985945646328467,-1.3204251507875113,0.1497529882338494,-0.1468399561616796,1.668109501739854,1.0514208704933266
1.5979343453094188,-0.6052653024116305,0.37050631235221543,0.5482914078092672,-0.4068880203319386,0.7633820760009065,2.373560108664777,1.5130636101459114,1.7041819813784498,1.1837185051104269
1.0098230169800846,-1.0031094706115968,-1.9663395686584226,0.20960887142384757,-2.3251854391350273,0.5147941742497487,-1.4577500170563624,0.05571207396444067,-1.9626620881933659,-2.615558415047457
0.5943309158640714,-0.009818518259523804,0.008907151381980357,-1.9703861943159005,0.01865280496947804,0.17029187549313296,-1.2645397320114373,-0.39454915923033834,-0.3112375364459635,-0.8669168441123537
-0.9524989542056663,-0.6814075737485243,1.0158151071165287,1.9947427194827954,0.33705992650558136,2.202080247701733,0.5973484381534921,-0.1939056864686708,2.672666376746803,2.066195010362597
0.20267751806694886,0.6244616586172222,0.03661553465807636,1.2238265489095248,1.8329154549472295,0.18909500815768537,-0.4031517990061702,2.029115964628888,2.7221344281239253,2.3930966686583086
0.7602635320061977,0.7670900186267353,1.1938208584150127,-0.8755935834599908,1.731641928065687,0.5946234163925501,1.6165027064135302,1.3264819616066639,2.825270469766882,2.251078963616837
1.188714381275857,-1.633255111867966,-0.3482755024742611,1.9498222801756198,-0.7637614901417815,-0.3968738461290832,-2.291514312198873,-0.34486258190193175,-0.47824938964586305,-1.0475686796830475
-0.28870599514311696,0.6773934530826193,-1.0337921059158977,-1.6483501797758477,0.9628325145521394,0.5199448163477055,-1.1644687677777728,-0.8353743635252858,-1.6201272949355359,-2.0274966523552926
0.4420781595677678,0.5607491003542913,-0.7388542740236786,0.7338575491043604,1.1073972735770103,1.0540887764538254,1.3735362076998392,0.038426166164580944,-1.0752624417301868,-1.7255716775209453
0.5289932652957688,-2.425002176299727,-0.6795537946923352,0.05639424293158462,1.5415297509113446,-0.7530811825829362,-0.8828865847430849,0.06377238538996832,0.10710228667883315,-0.5469677280843652
-1.620704160557503,1.2845342058444078,0.08031866630137689,-0.371872135087789,0.6018737260000574,0.23794208820241225,0.1799334740076226,-2.7305588834287584,-1.1627125260992588,-0.7258635467026059
0.5879710130645818,-0.47068539855158686,0.5966057191931955,1.9495732864701456,0.028183261674592508,0.6433987862053476,-0.40760237611933614,1.6919444943522877,1.4595693891915238,0.998953992320285
-1.60294765009002,-0.3701987653720526,-0.7712703508802103,-1.5480201232050503,-0.0631779328308788,0.858418857748367,1.4305917307158778,-2.3294625336541404,-2.5589475451020163,-2.285691548618811
0.09896450251702286,-0.3470672596162525,1.6874497409017892,-1.3030884469912458,-2.8798462185241855,-0.8086905138705072,-0.16138175548707556,0.2234852747414104,-1.4436891912304053,-2.1166779961206252
0.5080960833034086,0.8709615534323685,0.9732652424558611,0.15720971608725437,1.472201233703185,-0.8164752467527889,0.4142154802304867,2.8676326839969715,5.392744485292299,5.452023663227688
0.5475112476329587,1.6459984295086787,0.909590506364552,1.658559012364011,-1.6104880266923314,-0.15685697549640112,0.8455983123700185,2.2639403174423944,1.297881690687192,1.0717410055407652
1.0842497285296082,-0.5065998678988554,-0.0001757447511372057,-0.4127746394681118,1.5790707319405142,1.0294264967678182,-0.7912166340091396,0.8903260707567964,-0.0691368716665568,-0.7294927612312312
-1.4204846444557369,-0.8714487880046151,0.35961100770700444,1.33644194311431,-0.7856625900194109,0.42547669825960055,0.41059173592695547,-1.337513914329549,2.4339967560256683,2.241485216486087
-1.2905181191176383,2.3214410483337504,0.8650782645383088,-0.29187064455766837,1.273601596982111,-0.9956818265839567,0.4309508026960166,-0.1250412563758878,1.7332176831932882,1.1120230225141654
1.8475926880369427,-0.42357940960817014,1.2042631653217333,-0.7240769064909729,-0.4154476871226517,0.6644952092076238,0.1318269030455156,0.8841122587139836,-1.330284465855526,-1.9914390383097118
1.3299391701517291,-0.2751091272136458,-0.7670959635046447,-0.8245753973119946,0.8206450552492797,1.304143517096409,0.007384565648088232,-0.5236494688206705,-1.78472901923042,-2.3018690361892977
-0.8799323592709025,-1.1231249653652198,0.29177495010287685,1.7016963008382413,-0.9543660774855162,-1.6586210420411953,-0.8638581699335978,-0.35358818427463967,1.1079098998084373,0.5409365759743343
0.5535852269913213,-0.5737104657569619,-1.6324539693707893,0.13654960824437476,-1.0111981313509322,-1.9761227428218553,-1.582710610616286,-0.3895912121516951,-2.6698828239644263,-3.2269536556276996
0.5023185588945702,1.7067996295933354,2.1498366892437692,-1.5315143996670413,0.6255013170770845,2.796884302227204,3.7170363572512883,0.9134641011910446,1.175592648480254,0.5183205237503142
0.7717597519800491,-0.12491374249414779,-1.6990301858681849,-0.3845512264424786,-1.2639073419981628,-0.23753305877630643,-0.13371385629490098,-2.017756528478826,-3.3718782924349826,-3.2412599492068725
-1.0450886623922482,0.4593017849724929,-0.22641633556567314,-1.3428481806446677,1.1182530202241474,0.4766034847217021,-2.413396276095202,-0.9574894597005431,-0.7874895917394463,-1.1462698741713429
0.565771521811775,-0.3128018235658982,1.7853156475605532,0.2875966467120681,-0.5938971363066078,1.3920084551334462,-0.540403061648024,1.471060796656748,3.2442691588587564,2.7109022005507812
0.7989506786544969,2.299957855668158,0.27268326894651457,0.06465128729110246,-2.377403080584118,-0.08236065098036255,1.3821191410481863,2.6008888309248093,2.013028992159364,1.9444448425040624
-1.3092159554585525,-0.8279201573746754,-0.5521483290615461,-1.3671459387239695,-1.7707198945146965,-0.9401826678027867,-0.057933507105256604,-3.3577177332232706,-3.7060969145107854,-3.085970308743503
1.7033437095004118,-2.3898808179842126,-1.096348054572865,0.22197116476088422,2.73946396041007,-1.846297730620317,-1.119989347778807,-1.109913571233983,-1.3615640344994806,-1.6560623369861094
0.41019673757295266,-0.7106884716800906,1.0877728798441528,-0.19627389075621318,0.3269165343036744,0.06659647519312173,0.17131466601790457,0.7335401262201908,2.521529963726784,1.8448779311692443
-0.6297307677893503,-0.11095142656594338,0.23795468827535138,-0.25429090056785325,-1.1114599622148358,-1.0476352219173861,-2.638943367660726,-1.0710537393839665,-2.7287585362135287,-3.0399931210127806
1.2991064139134212,1.3237320793971983,-0.4545665486295543,0.4937868337302316,0.10427330228820886,-1.384211647461308,0.25948901718921646,2.6123577721168223,1.374037262662879,1.3109334074840873
-1.3152469111880865,0.22029838782821998,-2.0130808283829276,0.3753425648886229,2.5768819313465148,-1.482739046630126,-3.9719553457477685,-1.0341124548416816,-1.2768276475599447,-1.6037589070577567
-0.2394527622514642,-1.434717055917132,0.84194641355552,-0.7535229522787507,0.9538924666966093,0.15398240771216992,0.0879816879192592,-1.969588615437642,-0.690029569490836,-0.5821812220400322
-0.4282176787164479,-0.8704650868563071,0.4638067498311608,0.6556259606505533,-0.5164741711904711,1.1056408755288114,2.0327863918909164,0.97877925618037,0.5050251396293879,-0.14261450154076782
0.4073889530040806,-0.0580251213638885,-0.9778764039492125,1.1365436323421025,0.13706073006521502,1.0872965290909515,0.5849846586278731,-0.07716907639561282,0.966360763362839,0.33577941654216104
-0.03392806237047522,-0.5311601939163959,1.1968745200463147,-0.7868799533254132,-1.0055261746028423,1.4905627954451792,0.091910412427375,0.4337314049140605,-0.9304809983059021,-1.6155388815328404
-1.3001303073554584,-0.8946083677724701,1.0652911335381774,-0.11455590718288965,-0.10186194029636297,-1.835976579448963,-3.0952743415206294,-0.9754850128223591,-0.7585158697190694,-1.1099055171157084
0.5134795004922855,-0.7313068552366999,-0.3069747027864593,0.30796411503826293,-1.757604061350988,-0.7040680070946088,-1.7121020606852932,-1.104129429684378,-2.5536044219482252,-2.8506079629895105
-0.7428448572153534,-0.7036684462179148,0.5513852162585531,-1.1685076684463138,1.2109871527717209,0.5664059668013233,1.0854418392303247,-0.668562288790896,0.9518702973818649,0.48300088623014703
-2.3079014127370656,-0.7386845441812908,-0.7747023969348237,0.3124225655960549,-1.6187642782552962,2.2685854463383572,-0.00977790640394996,-2.7683084230445845,-0.867459697330913,-0.4167952524888212
1.028508395585145,1.5827996404752207,0.8221985220328002,0.26472725305198075,0.018723826522415055,1.3849540248999346,-0.0917008807443993,1.6724874472305578,1.3396357873853852,0.8721432600518587
-0.6735067449205806,-0.3183481223826339,1.15052780224231,-0.6128879236439032,-1.4883327153507337,-1.4818740525032046,-4.297950950578799,-0.836799803294658,-2.4793960794228225,-2.8862147499393163
0.6619200434990018,0.16977464522614402,-0.4204050698273692,0.27465118294064317,1.2119455346381378,1.2943628826318263,1.8823908065572057,0.7956500925442118,1.307989618561115,0.6368281094091414
-0.7229861941776285,-1.6672250478548496,1.736587317404709,0.783942790498714,-1.0749032756317807,1.5509129837749134,0.9115896101048938,1.9703259752224278,1.8916748482223846,1.5381606710449642
-0.687182282101865,0.7206604663410291,-0.8951913946475785,-0.35653914558623834,0.42128546283193347,-2.56568930942363,-1.9887566722643808,-0.4213913539731313,-0.8551682715304993,-1.4031981287006723
0.31316788215087155,1.5699763747922122,-1.2287582498442988,-1.587935652144253,2.4826101067976567,-2.0252315071679305,-2.352924539903669,-1.8915882509075965,-2.9471090547922834,-2.876381754725448
-0.03299050701191733,-0.12791383856699395,0.7991614106500247,1.9941435871192095,-1.0874373385252438,2.6355710438425004,1.3567356972077742,0.5059584374195334,-0.6147965729262617,-1.300586222638343
1.2970407378755253,0.10031729052346845,0.9366856899506032,0.964044355581211,1.0054003141085164,0.5637625083476231,3.9675383173782177,4.818230094529339,1.1263417525009518,1.8073010211007512
0.7266533453249583,-1.214183449532003,1.3073518074430026,0.8061330691513081,-2.6778046957807438,0.5577619492491205,1.3419834730874616,0.11736263200969188,0.8528202506072098,0.19147794163795095
0.31757956645714525,-0.21173735908703045,-1.5365273535220965,-0.4646967504990432,-0.4374491052792081,-0.6645842976694865,-2.3869536657761348,-1.3420048894411327,-1.7065794527309555,-1.8970208064046128
1.4831715523787945,-0.8677503196035506,-1.3441423728127242,0.542882217407616,-1.0624456137945044,1.1843029681337445,-1.1644007412363009,0.975968092586109,-1.2629984273500274,-1.9110806798158622
0.5338862234063401,-0.9985270769201494,-0.7095777314869869,0.5563743925851179,-1.1084879949364035,-0.36401342355878963,-0.5060336435278049,-1.0190781410817844,-0.7896258527342978,-1.1228833260405988
0.09917974891127602,-0.7929626516381625,-0.02003844153510396,1.919249652546939,-0.6432256878006163,0.7840480212685744,-0.9613015740512527,0.9233775218750265,-0.6689793678848097,-1.3248774525833573
0.6094287984263913,-0.3958044672252156,0.7826973093919817,-0.16236318054103077,-0.5155960407012332,0.32264461002110995,-0.05956731903886281,1.7740362144935897,1.445478540966565,1.0148040034557058
1.3522819282881642,-0.18591285411497896,-0.6497743961645284,0.03394708968033045,-2.210669414301166,-0.8153822752252959,-1.446795353803013,-0.9995704122377324,-3.5261025571500486,-3.867513470197167
-0.1383772966974724,1.6811192878209247,1.1097587199775345,-0.14360798140310055,-1.5704334426471749,-1.3101821719457591,-1.442801757742215,4.029954125336726,-0.8502757732550603,-0.3130004855155928
-0.6921050465812348,-0.2639528585336148,-0.5485753354058731,-1.309148300134647,-1.2998457993809187,0.16731385378139618,-0.07434317305680349,-2.7168980409324734,-3.534279146102697,-3.1025053962890263
-0.8738428377403565,-1.1574660393295912,-0.26506416570574165,-0.3834927627953667,-1.721098175295536,0.02923066580670508,0.9537601119594503,-2.218698425227783,-3.390673222682898,-3.1669591191427453
0.5834126045481192,0.14275133391497885,-0.3884210742860013,-1.1864627669946048,1.5307730074409374,0.36762017080588344,-0.33320852397273726,-0.23848687486973208,0.3735059542738304,-0.22268029050011162
-1.0524014285880574,2.8124445252147816,0.10921714021685755,0.9651210475966878,0.6328568116622456,-1.6085473753464958,0.6389111528906135,0.9898712985939954,1.5871165433481982,0.9412477719389214
-1.046007425449489,-0.4539168088631577,1.482147417754852,-0.8870922907412674,-2.782328144020643,1.3064260459527959,-0.010511869049614209,0.6976914618092891,0.266540796443762,-0.41269875066270795
0.09508075100683706,-1.5137625369213525,-0.4131683672812002,-0.24895150044197825,0.08895882749169404,0.43500223215900674,0.4545737295182652,-2.374441451529601,-0.7723240733096877,-0.4794024173416245
-0.3949169973298558,-0.32435210828440914,2.421279167554998,1.1757644902531263,0.22614175732876407,-0.6632133282607674,1.4440648120147457,-1.6488761995985022,1.5634687040550892,1.517840115096004
0.9912789602469435,1.4222729318522231,1.4092644790501654,-0.44453259141292123,0.5773407639308236,-0.6151969002419331,0.1762091759915132,2.4472223895653222,3.1835847786249984,3.0421396665414666
-1.2921959795212374,-2.0448135585916534,1.2290095126619383,-0.032740414208827034,0.050930764204831336,-0.5682351354977556,-0.12901175180032487,-1.3983089062125407,1.316112233244716,1.1517781173796484
1.0094230962945572,-0.9127307181936799,-0.9507665078329584,-0.6309836821061928,0.08660233870119505,0.5738541699855173,1.2778303442835166,-1.063223241165001,-3.868871591127551,-4.1834511602740045
-0.9149554135456439,-0.23786939691874215,-0.13912915182651595,0.7211055036705112,0.1501148349463745,0.5046824841737048,-0.7709266038710398,0.2562557186665022,1.6947492978693373,1.018911767789949
-1.283236975168602,-0.03845552429600568,1.003429751139084,0.027630125727564618,0.23925296374605112,-0.40225687691191486,0.4283107577242159,-0.3441023199719437,1.0718818400700676,0.5023591506036165
-1.6386642802482345,1.7444276276070734,1.4475505047441952,-0.645883873765754,1.4589197267459213,0.22146209264440211,-0.5354762321966715,2.1246327400802634,2.1177777628027634,1.829676334424007
-0.693012215022785,2.581307562058918,1.1719013803055525,0.1581769987571931,0.8951623290361773,-0.3853635106098223,0.4168823353860158,2.1931811985776775,4.4746570236036485,4.2167382930728285
-0.18735548634657725,-1.2863731650943613,0.1264118573540808,-2.3422390166474094,-0.535648448496259,0.7309790231316324,-0.34685409476754797,0.11080928292613579,-2.0279816433949573,-2.6884843972067776
-0.5436881069388358,-0.3644760147310822,-0.36350798645997934,-1.832801003336717,-0.6811345056971865,-0.6741353307333177,-1.8559298920899134,-1.5490445733079294,-2.956393947531399,-3.0496909277060134
-0.8744875123331234,0.7771616853990213,-0.29051809467029627,1.085355969771559,0.2622191576778541,-1.085043744659483,-0.06651447990779302,-1.1936658875043529,1.129142846704463,0.871439727078688
0.4719106342835579,-0.6574087705939047,0.7934428598884882,1.5578705105584165,0.3310143004703957,-0.3822784534806779,1.8209294915396594,-0.1335935111005082,1.5601676931460204,0.9407236931483368
-0.6701842503838972,1.1431005800769418,0.7604934744786866,-1.1581621844171868,0.6540605709029302,-2.154041756502367,-1.2010455787394623,-1.1212483117161047,3.0006799286497357,2.71110491290751
0.35896921068671317,-0.2975490900548281,0.21663047563143997,1.3510844701212303,-1.8066191952150765,0.13438108412006522,1.2003924324866024,2.6056347816454544,1.1418301252767926,1.075513254673384
-0.04347483917431871,1.991252528861972,0.24912873726816656,0.01700496284588485,-0.2275482355957153,3.182208994100788,1.2830952296918778,1.9998690034191435,1.0497740549152075,0.7084874649813354
1.2716447920935134,-0.5615559906876035,-0.6335894897273548,1.0165312475853427,0.39016713451311436,-0.027490836463517243,-0.18552772376560753,0.697509115493463,0.08670329121431986,-0.5925483254014068
-0.3813101308174256,-0.31813613793171436,0.007410398799825327,1.4032883992039087,-2.0124045107687922,0.4980484649737783,2.2302012711574504,0.7782555798519739,1.2902332039993523,0.6174056507260681
1.0791221168121239,-0.869034033661919,0.26241516032181905,0.15904369949991765,-0.35787907012960285,-0.4084113021073582,-1.578508480192466,-1.045390510572977,-0.33121759465084644,-0.6533794098429568
1.5857829836577666,-0.7292996395034922,-0.38841747268810856,0.2643442972276224,-0.1725436432157078,-2.87275575366016,0.007261755970779049,-0.7139681797145061,0.08411484274097314,-0.3686132146220441
0.393527933174094,-0.15997615032525106,0.19180626004300308,-0.308162432230139,-0.5555136806906857,3.014493144902942,1.5964823731001008,0.9177572564860077,1.4650272026650075,0.8083462449292184
3.286123258183806,1.3254171209854202,0.6974885835775408,-1.3973973525388825,0.5622854032595513,0.2655214428871402,1.3557188967581735,2.0852095581547507,0.45334296800058727,0.14817904276993632
0.20948791444337414,-0.3248764265478053,-2.511481517041659,1.0104369145789267,-1.7747719885646882,0.12565891546704377,-0.6346005697253843,1.1302530522232952,-2.122826984405676,-2.7429574275048427
0.06932705881093679,0.20431068418945542,1.2305383603141422,1.5294276241579599,1.053061597120887,-0.5491854055736526,1.0707207712465903,0.14797492377126176,2.3757323344967505,1.710652881138815
-1.249804971903294,1.5845428873404113,-1.039792616807825,1.1376213847595655,-0.2502961886379802,0.6322357010658983,0.9449902255965297,0.5395280327525813,1.9615523026877635,1.276019196343853
-0.45350194015788897,-0.8530068884971221,0.2951685141175024,-1.011161729316599,-1.678390444063973,0.522027105077288,-0.34439349004228204,-2.1543616928497653,-1.9452116879246177,-1.7509103229903862
1.608634368318009,-0.9562772589539107,-0.7386818529141206,0.017924570804412333,-0.9301211376443423,-0.05543941345568604,0.6360250991543325,0.8491461459668581,-2.1965019779988317,-2.8619172059658182
-0.2410849257974717,-0.6771295725327533,-0.9392327204519916,-0.4760101615640378,-0.12380219305268192,1.3973443873997855,0.1999428206705517,-1.9602694770049884,-3.293560291300896,-3.1901322586816865
-0.36676992724244345,0.13327114186416747,1.3070182033865478,-0.7431949052943485,0.3936457831769724,1.4853263787785855,-0.28927077480954927,0.5896289555750119,-0.677244618316063,-1.361690913113918
0.7389160972711426,-1.4509247436968435,0.14900410835185854,1.7573574620810988,-1.3430562257300986,1.5907183353119243,2.179515487773015,0.7490424357135846,1.8575362118487073,1.1821351863326346
0.1878283135380212,0.14584953526403596,-0.22076903807111697,-0.5254797218532804,-1.8615840620154693,-0.35240309696583494,-1.6164896036868337,1.2451459302708474,-1.1733204011094698,-1.7679202792772524
1.446584837464323,0.752887239864479,1.2749214931961523,1.7851837313448078,0.591055503171172,-0.454410624017185,2.3003816098227388,2.9643673356387845,2.0599536194751855,2.1653259285605975
0.3240855060255967,-0.4624831271334267,-0.6011656319339441,-0.717137309242477,-0.5452849676485378,-0.014271640382380185,-1.46641021966903,-2.477388572190424,-3.393124010577573,-3.0563156837440353
-0.14088905063215443,0.02107031190064851,-2.2615596066693047,-0.30362237183192187,0.2895951148316831,1.6023806934112932,3.245552003205664,0.9580444701662512,1.3413129593967907,0.6904677542536445
-0.2759618384876975,-0.848623139529528,0.38017903557204197,1.2557605391920033,-1.3770541265616254,-1.3810372705533438,-2.326899181371526,-0.6111890366327328,-0.08810446512080317,-0.5766901880416151
0.5140115907037914,0.26812633108076794,0.3734334493647932,-0.46093306628714625,1.299394959326668,-0.4019258299823805,1.5659025917605294,0.26008920660252566,1.3126995545934828,0.6365519869110738
-1.2166725364930198,-0.864325679601593,0.973134724402636,-0.1275682662736336,-1.0495997310569765,-1.110696468939607,-0.9147057932659169,-0.8049557753428247,-1.1098936349901467,-1.528916977529157
1.1252015369626223,-0.994120316430294,0.5955705105984591,1.3014314989059323,-2.167909348449695,-0.9187366362859768,-0.21773157181696134,2.540320136493169,2.907974275284147,2.8105297719980498
1.2463552874214736,0.775746907567982,0.6625906956998736,0.9323693914550959,2.189567785020918,1.4182435047626019,1.0021451392870058,1.362209373788623,2.101758755579599,1.5371240995371065
0.9199605720993381,1.8724849307201306,1.8622880267106048,-1.2533023346047854,0.4292226638977278,0.3683631799777715,-0.25476122571958904,1.6493918722944727,1.9594422748382003,1.4838992359322947
1.7286365031198019,-1.283143417636906,2.6399666727535673,0.40221641189902263,0.26130400350223926,1.4182688823906413,2.8156441147906257,1.3131518004226241,2.2626358613413653,1.6849703012546258
2.134297203924991,0.44300916168582566,0.6280854039769885,0.9884046053355108,1.3843158381671312,0.26770522713011036,2.4859382141378656,4.066258654426269,1.9400318067439688,2.4879636698592784
1.0217658762060051,-0.05114610488415374,-0.4731018205323623,-0.9044263124719624,0.60465462422738,2.096795047263532,2.1979676780592565,0.7129172007449497,0.23623288056966907,-0.44195985320987463
-0.7413657704738886,-1.422231974728543,0.6816590164490255,-0.16507471053421674,-2.2206036088140646,0.9707825746462828,-0.2332830237651703,-1.7641227876985708,-1.8384281801098064,-1.8287658970435816
0.9522962996062613,-0.5380806102556188,1.5133700950335887,0.08128897918252083,-0.754491480003004,0.5776649693727445,1.472188509457608,0.7582358840157751,1.0794928950627747,0.4048713417984197
-0.9091406065171398,-0.6954524897065716,1.1279663572109122,-0.2709117903264077,0.0769509355309036,-1.5150710834804435,0.5123980314819726,-0.8062524229602787,0.5871307020710375,0.1686002925923356
0.4790970841118467,1.0277361148860595,-0.3164669956848752,-1.9283609150565957,-0.14891522881984398,-1.6709935392626996,-2.4703339162633986,-0.18939946841878677,-1.6873907192402802,-2.2948689923031016
1.7711977156583236,1.2956857938331452,0.4481573218706302,-0.6576353185077582,-1.0396420317600819,0.7428048924656884,0.4303494710747512,1.5723180493337272,0.4535033218541805,-0.04799453887927946
0.0819423509747802,0.055216128407392866,0.934850327843111,0.5243514940867202,1.661248638790261,0.33686559202165745,-0.6861102032936314,1.490881440444902,3.334079119489256,2.806744389368255
0.6134871265154546,-0.470546252992653,0.4936786411605438,-1.220200645476836,-1.5742975242136565,-0.43469839432527807,-0.3425600380109628,-0.34885355623768755,-1.5868212071276777,-2.1550701138406985
0.09140701627721352,1.0080465502373837,0.08441963838091153,-0.6211291537441199,-0.11929168693193759,1.440355802973756,-0.1627750880402444,1.295446688916818,-1.3268625061064827,-1.9090644851525402
0.9722811277800034,-0.43986823456440477,0.10445613846751568,0.21083099951305878,0.6966968970184882,0.3303512334930167,1.59883465242653,-0.3114235892435455,0.7866812463299165,0.2085689634039067
0.39585128527989927,-0.11096172223754051,0.9646328156194778,-0.039443265464709346,-0.011551864330205275,1.1744089261740875,0.7570734743600404,1.7714774600873318,1.5972787599954303,1.1656489898123887
0.421380574759467,-1.6188313967214945,0.4503987254278613,0.8933860359576028,-0.8352833629217151,-0.23337299943498166,0.7013693501755627,-0.09088360762457393,1.2446812019632416,0.6167170553422203
0.6231171931020908,-0.5343939868344272,0.6467742208229811,0.892256589837311,-1.1073544182981083,-0.8384247082275962,-0.33659829713072853,-0.3952499317027114,-0.34320312152589305,-0.898685206381901
0.5003459758511246,0.8970022040403505,1.3236947660389726,1.4901053079407935,1.9295188221375659,-1.3720629409330019,-1.1519800428427824,2.8104990249436046,2.95243619778987,2.984350504387968
-1.1032111876236452,-0.4849855942251822,0.7181349951358875,-0.7334560783789251,-1.1209400201113509,-1.854197311176834,-1.131879045219865,-2.1695479474676986,-1.3119703570123722,-1.1106885564222793
-0.5842111756331101,-0.767523363677546,-0.08185626264708429,-1.339782629856062,-0.5797182433283927,-0.35411237033840903,0.228512662263324,-1.1994880157201344,-1.8899359117047636,-2.1450467819774452
-0.23955791745172866,1.2314197789017118,-0.9027853619260582,-0.26420751583839,0.4707344937991238,-0.6047718795721264,-3.4237938255550238,-1.873071326609082,-1.8182596910127478,-1.7563798628277607
-0.8201735402202354,1.2409771748276095,0.10937521421021923,-0.7417622821281064,0.9103660944082099,-1.8742827558729946,0.2512268792240512,-0.7226446663002448,0.792819444387822,0.34322834554649995
0.04206895371362279,0.738333074696554,-0.21765142681650365,-0.14045212202113028,-0.8610520321341479,1.0713441621838742,2.0228556131775917,-0.3759448987096297,-1.0595856721917183,-1.6204518510007793
-0.5843408443664768,-1.392520032173252,-0.5856823464987185,-0.5202046781424704,0.2464396431263025,-0.33560244180388155,-0.053570006047205077,-2.0072804172132677,-1.8598166326774106,-1.7341388262581057
-0.5320312859908012,1.1420007259243827,-1.130285997941791,0.8145781113938192,-0.3082749495175212,-0.6478534868804784,-0.4855647847533312,0.5349593465561033,-0.20093488179337402,-0.8865251604064212
0.2785247602380663,0.3808796664469321,0.2583280207999685,0.5571424293974252,0.2573901614045627,-0.6412353842127858,-0.9116661962739554,2.102610139878797,0.5728351498352706,0.27517437679930357
1.1624812448570654,0.14557762936851554,-2.604205190444703,0.3398083562567061,-1.1021408291888353,0.5543065496104828,0.522582899356495,0.6381463418971646,0.3035318244939518,-0.3790597269995132
1.1281416005213418,-1.8072806739507645,0.9860219602570721,0.5521218706794495,0.11608597544124545,2.091067433248129,3.1261305346391843,0.39619410672716004,1.466838188284605,0.7828523030475172
1.1457467791689546,0.3621238252934122,1.3759877499366673,-0.14315825552149278,0.5535358640286938,-1.955380601551866,-0.9509609818447193,2.4173987114063222,2.525506982787479,2.370084472327929
1.4531749953662023,-0.4370912009070696,-0.19257959494031124,-0.018264311786268327,-0.9097700406377582,-1.362352103373512,-0.8621691147890355,-0.28337534413880794,-2.459603249563909,-3.0448469308596633
0.17033398470241523,0.20630010407619084,-1.9734100411322288,-1.3790736298280017,-1.146187236334446,3.1092369654092304,1.2144391831491599,1.0728438953728303,-2.2530479710225153,-2.884442666951651
-0.673933866321795,1.0103672547819356,-1.255370177364123,0.10270951077767697,0.00248532205641383,-0.5395648667430293,1.2647178649846706,-0.2651304709200385,0.5039768579452177,-0.08578473603381465
-0.9728012792721304,-1.8791337062549947,-0.16732408085024617,-1.288985007162273,0.7947731314093117,0.05605084823070061,0.9024148079233381,-3.552452544518192,-0.24443362177316696,0.4097359933548686
0.14328634539497456,1.7842479184914166,-0.6526083456741524,-1.4149210873126479,-0.907653400653448,1.1343076569794266,-0.052216069063113435,0.5038450508802639,-2.520387911322941,-3.2061810421588204
1.0604542192182769,-0.10016968832582918,-0.4486274861386077,-1.7537334141394827,-1.127565372520023,-0.9493546688758537,-1.2770873559267204,-0.7748603619737597,-2.252216600467709,-2.682583173406638
0.15526452739014615,-0.474414670010588,-1.2179664516153599,0.3823665021244331,0.13041676219940967,-1.2564480186304205,-2.066108239106766,-0.260541689511924,-0.35417949361690426,-0.9450622802813742
0.861895822533786,0.4388587949350498,0.3454391248723742,2.362294342689701,1.766499188410742,-0.7863238871058482,0.6005265173689047,-0.6975725738777512,0.07091802460556496,-0.3876921279029004
0.9081975775612692,-0.5216367520054064,1.1522809447672566,0.7203878408254507,-0.826752747203689,2.1389410895468437,0.3469603579150409,2.8076846877456028,2.42799013268665,2.458554799862805
-1.186502458683592,0.8422672617868164,0.5870348357791837,-0.295679524846165,1.064710550539723,0.44050703632034505,0.9258558082759694,-0.3658464076813775,0.9422126687501338,0.37857080234745266
0.7105023237866208,-0.0218627540682814,0.5136184721157883,-1.2618607072872963,0.21045434009655617,1.149702197507597,2.7141721464779547,-0.24759254031174419,1.2693870362943334,0.6753732538508983
-2.043505605128407,-1.9049005187797237,0.5070871314942018,-0.1370338025894971,0.29800596980804667,-2.1984882375922554,-3.6590760407444884,-2.0325096398945006,-1.7827001327919434,-1.6451361908128403
-0.02000141183456899,0.40972576683120043,-2.373397378210798,-1.4345022349550829,0.19598219398687178,1.7728448937724641,-0.3581278422669939,-3.324593106822884,-2.0064147211677215,-1.3932444880552277
-2.1990558833272043,0.554903967592406,1.4340957247877761,2.0035783437870758,-0.7385259511252943,0.9314943356424901,0.9210786592790057,1.3782847460606211,3.4376631079074897,2.877444067629563
0.4919668103515882,-0.10621299670399127,-0.15732148524158757,0.1561653189986951,-1.0681837737603632,2.377589340930328,3.666931313165857,1.2904822006398782,2.0972601684525696,1.5138022071312118
-1.2220515767677516,0.46573614248155404,-0.8794836192801502,-0.3540703712914887,-0.012871347243840536,-0.9871308454762706,-2.1068683097197383,-1.6029948637171683,-1.181708189063552,-1.2492863173767321
0.7793945858924012,0.09697282683066695,1.6288964452231167,0.11827488013979745,0.9614789399486531,-0.5843734156260948,1.4375876310785456,2.569614390242672,2.387776864732535,2.3042720968651627
-0.861546545850106,2.1103848643622913,1.749002812935451,-1.6787492408696687,-0.9339152016318011,-0.8200310956302339,-0.9037287613533544,-0.8664898635065975,-1.5499330263430982,-1.9451903529325514
-0.9854667022490885,0.1317149263092283,1.2423859157211556,0.7724897298312579,-0.040178648362513864,2.2482233078827254,0.9704553038014162,1.1807190256286033,2.1288203193212336,1.519419461121422
1.7178023246657776,-0.852790685992153,1.5484800760424768,-2.4703382850721964,-1.5994574212510064,0.5601607792341148,-0.647722945271292,0.17900469954393383,-0.6674387425581834,-1.335994640828288
0.5124221856927673,-1.592768016022999,-1.389696139803109,0.14049962282548148,-1.3298610026262854,0.7388744725207808,0.12400144622374532,-2.254878757767024,-5.188560217090712,-4.948501108768723
-2.2593497705784187,0.9779987800948964,1.7747065580931,0.1544246797572047,2.066454838945141,0.7038342180532354,0.4829467480645745,0.6672837210799636,5.331538046193325,4.650438904342508
-1.3813295106647625,0.30195029444558236,0.6738112449592597,0.654343141593432,1.8790189399288917,-1.6565636673578479,-0.6222057118849211,-0.32379066966695746,2.5229692534401567,1.9480723157171336
-1.3320727441333922,-0.22468947810818216,0.8900005379060243,0.3137194988199093,-0.6517846700521737,-0.4911389348245521,2.1807669175911704,0.2815987055726867,0.9190391344994456,0.24124232548129806
0.09243091113067028,-0.5359223786147422,-0.3847909408867499,0.669396600440386,-1.102847014659298,-0.1978612207909679,2.2437048152450623,0.5318994299773371,0.911574864081673,0.22595021471296006
-0.1727415693607679,-1.9107789650664653,-0.5743664621045046,0.6095534155931005,-0.23522108153958865,-0.7785925313927329,-1.7505498388798277,-1.4627244120102678,-1.6487889854613582,-1.7829440637197003
0.5325998604995097,-0.15820343235120068,0.8294238472492419,-0.070812188328791,-0.3441182831455485,-0.0023281136778580402,0.4953312164072793,2.186857301714193,1.516633484475207,1.2559043369884164
-0.3982614413579197,-1.3338272480156443,-1.210873469530123,2.378765958743136,0.8688019716740408,-0.5314282539830036,-0.4314706663908738,-1.397089486526763,-0.18214609819950248,-0.3470484898679007
-0.06557230936476142,-0.5420407722191978,1.3508920050100308,0.481545489706491,-0.13037951679300008,-1.261142231484071,-0.4797425517710521,-1.5837473465009464,1.609184197848725,1.5324175468307573
-0.8079083942828961,-0.3830028372230253,1.0479305052054175,1.3411058129449804,-3.2896273065207575,-0.018993284186554993,-0.09433728278554432,0.9737288283391973,2.283631333864988,1.635198309951045
0.11208853003440696,0.9185321585054249,-2.246874689145641,-0.10320193228466008,0.9809670439052226,-1.288467455582043,-0.052939379693906996,-0.02921238393356504,0.883027420163607,0.24375274652047285
2.5929921405222367,-1.1273103959855417,0.8487457383688845,-0.8210998580884677,-1.4309961653574248,0.13650432388678024,-0.1417391964289555,1.49088358664306,0.5638216407948953,0.03648756936685388
2.0219001992554513,0.9311412622821932,-0.29253465383788746,0.27967954267862943,0.15378822215275345,1.3578630726518006,1.6573947874127632,1.208697322957622,0.5212389520373348,-0.08188488937145144
0.180170791241297,1.762114478970027,-0.4251493472469239,-1.7890197812447195,0.5857665804525345,0.974483452805336,-0.060341389106518095,0.908020567864333,-1.2981379132723687,-1.9561510762476937
-0.36575721659951427,0.12711913741192762,2.224876468965694,-0.6841310294980111,0.19353210285504974,0.6320204103102541,-1.3705778599942753,1.4972944093464826,3.452394527233001,2.9270333161878384
-0.8842429909646201,0.9274045312672441,-0.11926770366292522,-0.7204033748246155,0.9844263268651472,0.8105096384556557,1.2208063374163405,0.8264021411879038,1.0408799410109522,0.3729071553072086
0.10029297393600009,-0.5438252153838213,2.0260742305351966,-0.5793956832444943,-0.32198181639934165,1.3210850538448562,0.6102874620367522,-0.4208448069641213,1.0350827488791239,0.48689519863609565
1.4183344757793501,-0.9742196247472165,0.24645288164808582,0.4519206640428116,-1.4553853805224617,0.21667251119386144,0.6425701202465037,0.6856799511845854,-0.65722211755853,-1.337233052682988
0.7544917131783553,0.4970542678574491,0.6338140576009118,0.15461825424407807,0.35548067592326726,1.0662059813178126,0.4092530741970689,1.8160647815468658,3.611929710964107,3.1971407125134244
1.0784109256724264,1.2444432892216672,-0.031029425623704667,1.788686375034352,1.305931487002069,-1.7927142880290579,-0.8795525842409919,3.0788780053687943,3.39124715879526,3.55054185233227
-0.7861349611640203,-0.04949870150936658,0.006278379490094828,0.53706555575771,-0.7198721676970131,1.333361710208612,1.9365129611680332,0.20362090265574873,0.8345906470957672,0.16350113620608897
-0.7991313536955892,-0.5003964235358385,1.5771623102230339,0.29255284162863987,-2.1253851557440067,1.045714982086424,0.8348284162958738,0.4940793815389862,0.08122939426527287,-0.6045603309301344
1.6840767404229446,-0.314026474176643,1.1116092811628457,0.2674175266334742,0.8563654026311324,-0.5839322204446996,0.539828839941626,3.794309716541978,3.033501805402564,3.493499690261365
0.42725988265990283,-0.12818523863715411,-1.8100039040083844,-0.8043693971278196,-2.0179425694121274,-0.38613295208498977,1.4823008016046368,-0.04255036611581797,-3.9099905392755967,-4.546919284960789
-1.892448697150885,-0.07308313962997949,0.5215927278882051,0.3918588175158482,-1.7658194737830553,-2.043502235587052,-1.9387149042095784,-0.490401830040213,-0.16718062446582704,-0.6946625226953345
-0.06294733888989909,1.3080564896167695,0.7994410854359635,0.071324321071541,-0.2142688989718179,1.2744967287271263,1.889361250529724,0.9210693704152072,1.433870210558366,0.7776493834712439
1.3362659580039165,0.37928891456978575,1.0944348869567193,1.2988918071250684,1.754262560140706,1.227855800718954,-1.4034058482131244,2.1390719449493245,4.469152404709561,4.187355901384966
-0.6084458259458732,0.7170908278759744,0.9397526543535891,-1.2442799861847795,1.5180597441452908,-0.018895725052766738,-1.1961708885429658,0.06606633092635447,-1.1349541174906776,-1.789354356467946
-0.10063549872144449,-0.11561500896865679,-0.12799324995233252,-1.7581710984765475,-1.1989651908505008,1.2909380546506766,0.09468199155234269,-2.2906887634984185,-3.025759082297955,-2.7696738490011867
-0.5514043766940324,1.0333580379021605,1.2270531280416523,0.1927564241859054,1.4384709793491466,1.1345994153740002,1.0926124343637347,0.9916108754887349,0.6803700534020247,0.03478254425108007
-1.1412155941631132,0.05074786047417121,0.04642558104667786,-0.5464399613526767,0.7294046329319238,-0.39685948264508,-0.30042102235547385,-0.3853817170597924,1.4343554039978659,0.8761083791136062
0.29901124478779884,-0.5644616501353069,-1.0808679314120087,-1.9065459953700095,0.20051044551502473,0.33303795021477034,0.5416518696294591,-1.7898528606442472,-4.24391919552527,-4.221908473549623
-1.5118479045515607,0.8912283737991914,-0.7598599330773902,-0.8022609468274099,1.2735064667853833,-0.7485242620702858,0.6843893717775884,-1.5184533591935792,-2.6266113384938583,-2.7344348109368557
-0.30601850157278565,-0.6808248126219079,1.2069495567535076,-0.9084255813667826,-0.21646929973802853,-1.6408291325953055,-0.7914225916273835,-0.9467289262518866,-0.40135498726626956,-0.7645274136301841
0.6621462843595942,-1.4447731812764941,0.20516134706932784,1.3755529826017132,-0.6649130148623744,0.6312519623019037,-0.052184774915173204,0.22014548556221658,-0.7297923334810379,-1.4024709005993086
-0.5210863773769392,-0.23357258171651332,-1.1146073722655063,-0.20821646455282475,-0.826207875002688,0.42496463835236414,1.394982700444369,-2.3515696106302784,-2.329160421781606,-2.046203714855718
-0.1708998832221716,-1.2289454678660814,0.9834693489450264,-1.7740805612898491,-2.431544021751047,0.5678898177287339,0.491855640107397,-0.02350430773008849,0.5072737746358433,-0.13298783859305563
0.2199006949928388,-1.0728734514514346,0.9521098214626169,0.4889917484212038,-1.9042517574189823,1.3272416754428877,2.6433559361523105,0.4664087560533975,0.9940621114673893,0.308456076745387
0.9858050720026643,-0.15899658889559964,1.5340976328165334,0.4743962637108035,-0.148576918480235,0.350535256857354,2.087391057421334,3.2845515785616124,1.2306416964539566,1.4839914899100837
0.6594373460727837,0.8538706639946116,0.2515111753574631,2.3764887837238446,-0.4110151623188737,0.330106699088468,1.8740916055965091,2.762369676816892,1.8312862792571523,1.840107045764586
-0.9589732384992485,0.6085450604786854,0.18205380704373147,1.9261027059953995,1.7434284711711994,-0.563567832201908,0.836152965719986,-1.201432130280419,0.7775944288516816,0.5233501036273611
-0.3698976479640633,-0.6043805347081573,1.1413414099028085,-0.5499405056518838,-0.2966798822164046,0.8811114372732323,-0.26405178600100787,-0.31806712365131046,-0.7371936687986808,-1.3135840545915183
-0.010035193287082056,0.7246918004239666,0.6371831694828893,0.6861198203610201,0.6657732711664692,0.08604976244805873,0.1484933153326624,0.8977014523341803,2.278722746082575,1.619331053920198
0.3848091471285167,0.7405550388167889,-1.327666723355,0.6383948853913496,2.0167975235045272,0.47449876990594964,0.8869412311174208,2.0356919011373287,1.846490154493382,1.5202256162839325
0.7016573662610409,-0.4369949731115027,-0.682245079133323,-0.1193638215953253,-1.4476165795050453,-1.1424280206996027,0.0799442337517362,-1.2850332909025837,-3.1366379672804703,-3.3531948746333953
-0.7680900561397611,-0.09536625563327931,1.0538254667652,-1.0378475705693644,1.014144670183571,-1.030619282322034,0.03566073575479978,-3.968380442629862,-1.3048316282883992,-0.619100618600624
2.0834352494300625,-1.104259738576434,-1.108408592154062,1.6232973300335358,-2.2688263651564236,-0.2377806348445971,-0.8914985846922319,-1.076680599431914,-1.6245475790933404,-1.9333727363656128
0.6791826943473284,-1.0434642560133043,1.7580134125919649,0.7308099073245282,-0.13647546844625524,-0.747893123921987,0.8009973647491604,4.240322650115756,2.8180754873856273,3.412071440156785
-0.012431835006360453,-1.7735513207812252,0.12884248416782623,0.33374395697420883,-0.45902581307555707,-1.367754169490365,-1.981913413403809,-1.497547490516648,0.30224728476043383,0.18452452232150196
0.8280400217420265,-1.7039179338436352,1.2986002206135956,0.05640295665721639,0.07805160737030258,-0.6656376189010919,-0.1759668543444748,-0.16590064307928032,-0.03150462812140087,-0.6441355034767536
-1.5759190218831671,0.3261248315538463,-1.3989904577926284,2.3504564349360786,-0.5081493705016547,-1.9574093066701954,-0.6488435210247542,-0.858379475537176,-0.742190790434128,-1.1406234711971213
-0.055649488627898064,0.7182736108179613,-1.749113667295202,0.4560924429378028,0.5920604973205315,-0.7090654748789128,-1.3543270194785189,-0.1647708212514124,-0.1035678896576791,-0.7164423362878993
0.6206720706285974,0.3313276372187693,0.061433114047276374,1.0488503436617473,0.04641734660153096,-1.2183750621990248,0.6090517638836163,2.4280498236336303,1.7700985437176526,1.61966040689751
-0.13040018101505854,0.16128412814331447,0.997066059606278,1.108889653285331,1.3658360955229796,0.32955527680977237,0.446807954471265,2.462452431182428,2.8175183825985513,2.6832352630514222
-0.10354138341482208,0.10178052524135178,-0.4885002707973031,1.5204799311758295,1.351954880537995,0.6661923280185453,-0.22671875250131124,-0.817858133292088,0.8923217181214897,0.47821863744470283
-0.4244725540742088,0.6837119281942093,-1.2719746526120883,1.4125706108868354,1.4067005951582965,-1.540614623230538,-2.4462941182168816,-1.0748130002653082,-1.0518830938457793,-1.361508492139908
-0.7542816950927451,0.6998897698381346,-1.5870404097455393,-0.21669922344852588,2.1546401853904986,-0.42558060939092035,-2.375673452862013,-2.4293514192954166,-0.5301730043422057,-0.21363915766529362
0.5060120618962733,0.8927554597826637,0.5358713100032146,-0.6645263421374622,0.5529156795519823,1.1117274111119488,2.1067144953007326,1.1111755783231358,0.5627113374935692,-0.06127431570359104
0.6086580327656923,-1.4283976210137195,1.749370519011774,0.059819184041606036,0.19050608386589996,1.3943557100445059,-0.32473195996494175,1.624558484189139,2.785210937701898,2.301150358667423
0.08295283818329723,-0.004461584411042188,1.650156950757718,-0.24790079545976743,-0.9932300354530478,-1.1732888204969782,-1.1838347447663322,-0.4448106693022692,-1.1751418708519867,-1.716339589275662
0.48689241447637055,1.1869814860467374,0.4849844353325257,-1.3679497617095489,1.7871339791795595,-0.7844677702593488,0.17564537072636469,0.3707453639003682,0.6513110935063137,-0.03167936711075364
1.279752543046829,-0.7903813821662778,0.21182404404211821,-2.181999078272096,-1.90930846898004,-0.7297210762977673,0.020227471671968755,-1.76944497902502,-3.1997734853025337,-3.187556573966338
0.7451992549617946,-2.08239760014838,1.7723471379623275,-1.012579864124392,0.3414257417013469,-0.18375232141095954,1.5638072643257286,0.5082344701203773,1.7195344379025956,1.0337502158029293
0.708279332540478,-0.19653970092444203,-1.0757848209661331,-0.7732455250234418,-0.049606266690527534,0.49627450472426565,-0.5694533138151128,-2.6659171494705456,-1.5003413358094926,-1.0878526695612336
-0.14352568600324958,0.9716934964114483,-0.02909885966050033,0.29121848289986924,2.029157277350145,1.6184162441537897,1.4874712991043846,0.774017516308525,2.130546325582435,1.4573279546612963
0.7460020385542093,-0.2928336841960985,-0.8778569383007427,1.0230593142219502,-1.264670836155208,-0.5691231737963087,0.7777754467509559,-1.4298236915667384,-2.869933394172383,-3.019540598744242
-1.2494289496210844,-0.4618325763203137,0.9506471083203732,1.0801034446554774,-0.9763950462904938,1.2494412351801387,1.4177215942689212,0.1503281509465707,1.4568852536180827,0.7915311376699671
0.73819776928076,0.22567235223520082,1.9659351442630983,0.5278898967417313,-0.7055154276211342,-1.3656500441626447,-1.4415621016919862,2.2771372130363727,2.72676598990207,2.5066157893100254
0.0049633303194882685,-0.25803691645547816,1.5504922005681583,-0.48488587750567325,-1.0417468194036346,-0.7184088936603229,-2.100806447691385,-2.064007245202334,-1.1205585305073344,-0.9682159042713956
0.6050348151209787,-1.0477843880277866,1.1299697718055743,0.43154406162464354,-1.3557577227251376,-0.11595932214438243,2.4116145825460262,1.6534838224756772,1.863518184542095,1.389392492201797
-0.5172166635601289,0.47104876497506,1.1145082387021494,0.6467809342505678,-0.283453220015641,0.3109546654382575,1.687165425835064,2.549122671733967,2.8830135416275966,2.78975370472566
-0.0433083453788833,0.31576944274483043,1.0875870014926414,-1.5378463701514413,0.01724774769008719,-3.0603183835562864,0.7039406598687521,-1.5902156240099279,0.04475021462307194,-0.02893003384661763
0.5333084265259539,1.4796965618555338,2.096971029097443,0.49230803950644747,0.3379242595604122,-0.8488650565863958,2.1759353112630073,3.404169456287052,1.361626864710251,1.6673880107172525
-0.502613122453511,-0.5855110518014468,0.7553384115030041,0.2607140663668825,0.12478401254026583,0.5600686713253651,-0.6034835422271247,0.3693886241172807,-0.6526988088506616,-1.3356301122327268
-1.1025139882572077,-0.6042139941234864,-1.3217764111441623,-0.847274849047524,-0.18575070647427572,0.7052199690156234,0.8257412674266749,-4.23776460730825,-3.1708857492974736,-2.49554581802996
2.3116405038838015,0.9028074167651265,0.582522162333253,1.4019756393642924,1.2262673121337961,-2.4273411035436987,-1.066179842539909,2.625064324678563,2.2297880767699616,2.172760628033868
0.961936226918146,1.6358080604915795,-0.6102242281896642,0.0020880847563434246,1.9024956040653849,0.5671413458157893,1.4924622220890766,0.458698715587057,1.7376375397593524,1.05212851261874
1.5929790364854146,0.17561728111864297,-0.7233483898039046,0.9495480705464678,-0.9416571052013936,1.6781426715804884,-0.552710077669845,1.4595632476230564,-0.45366520297309587,-0.9904843538463189
0.3846110627784206,0.5001142632168056,1.1416224158270114,-0.7442655741272012,-0.07727404397592896,-0.4985981822415406,0.5410833728711143,1.5527515333699209,2.569530943912045,2.0616733829881033
-0.05158873235049479,-0.8795651911095443,0.38336612642149964,-0.5853663693177699,-0.1855682686973259,-0.4655101520950562,0.09667304045193359,0.5055078818736212,0.8221658869330581,0.13637536919646043
-2.3688249795575573,-0.17928914193609272,0.3971139271725023,0.32504391917394676,-1.634620499259166,0.6045570637958126,-1.048609108212499,-0.9415116016266913,-1.5862032902767198,-1.9514978783744237
-0.7880152707717318,0.4516269299172388,-0.4916999417873241,0.07402187848846355,-1.2472076841333783,-0.6588096610324679,1.4118750799059334,-0.40403297766184487,-0.48092631849417855,-1.0339252147993891
0.6990163692388811,-0.5672892021219988,-0.45371318525503507,-0.08435926794815833,-1.0421614681791254,-0.7077261622185897,-1.6617486974252302,-0.2659861410569544,-1.2651664401229732,-1.8547182918015124
0.32398371922730435,2.0367501498058767,-0.6914475392651729,-0.7055240928980574,0.8131352498138195,0.4571290273022667,3.5074494440799953,-0.011370957882694745,1.640981772273669,0.9986562515145363
0.19309074954945665,0.7193721682047961,-0.4756716621810893,-0.4340725333268429,0.16240557626200514,0.8940380470269967,1.1632301929023978,-0.0333223765499196,-1.3331940928429002,-1.9717518182896958
-0.032890648284372916,0.16214371603361485,0.49252042546197083,0.3472733740077725,-0.24895687660529298,1.3097518276511613,2.6684324393446164,1.4747491122283196,2.2411771730213417,1.708924978499454
0.19519435534917,-1.6301902429765427,-0.8499718129943564,0.8703510592151277,-0.48912624562332474,-0.6170165941699091,-1.6500746481889361,-2.421917058373539,-2.0596434656732905,-1.7462799141710001
0.5768222865588959,1.4839877354723734,-0.5275960298715516,-0.25576597047166455,0.24392478411761448,0.6668838742644224,0.23842760837101346,-0.17946701239976803,0.23073495795207066,-0.3789413469995033
0.11733458726536693,0.7137408728710586,-1.392135201028997,1.3622755539637428,1.8761575155229395,2.224511931909232,1.416505195369668,0.14123497039296862,0.12394294171726616,-0.5403398578206987
-0.12730564601210873,-0.7736931763709695,-0.6384483579769313,0.4574492117621079,-0.9910478853178671,-0.849549258620171,-0.8910231132091236,-2.0163753322650093,-2.9979647890820127,-2.8679974220853817
0.6149721916867154,1.0948026194872522,-1.6374072186795972,0.571432556081373,1.1968404113353703,-0.9475089372047295,0.6493688226765468,1.2586450529343751,1.2887068635220493,0.6973624451783165
-1.0102931348645943,1.1479430774190917,0.2827271363302922,0.6736048943799066,0.9195887717176584,-0.6911438681952669,0.5618682321334227,-0.39402262085737805,1.5805962306836114,1.0247688239823458
-0.5516811678679653,-1.2117859274277316,-1.2958098409733754,0.8933027507787901,0.6242412255464177,-2.607947962123053,-1.9132655510286127,-1.4437004163258216,-1.2717894041636215,-1.4148884802874313
0.7574182880999757,0.2780933449944465,-0.4589806694583701,1.2824567233745057,0.3765792182792935,-1.2162449165424674,0.7266536138057196,-0.9426078532383415,0.5804431538136896,0.2155940658213345
-0.8588253183317652,0.9035128889599053,0.27130038841020515,-0.2606452607868594,0.7929265948412572,0.6167331464092041,-1.0553684692955443,0.14147965604692672,0.3680781010397494,-0.29623387879268387
-0.40312703504326597,-0.3178007242538869,2.0961293744230574,1.3166533411180648,-2.2613030582604994,-0.3102331201215385,-0.02600442147190521,1.8942733613873393,3.051395528831443,2.667111853471897
-0.7870339452200332,0.771676253857316,0.8528289362765237,-2.9338533355604586,1.6450745796232558,-0.49767253341907014,1.24186244799355,0.2808893381922279,1.3239617499175564,0.6462168834573069
-1.039749084548225,-0.5040192955984563,-1.4734476305928663,-0.08060887963165714,-0.36127006139037726,1.738925835425806,1.6371178406488156,-2.0080332679052355,-1.6644331997633084,-1.5384001201985775
0.02955707445205028,1.810316279374738,1.9560691861045756,-1.1613349440312553,1.231957433438783,0.70767231419449,0.4808779933263837,0.4573446893502179,1.263170191000736,0.5776802615205573
-1.202610490219218,-0.8156431655533657,0.6040423879202677,0.7295889907532872,-1.0429626259929115,0.42207025233995255,-1.0028852527944914,1.6088556046409097,2.9449173723835482,2.455546229986026
-0.6749368380137023,0.5771459800416762,-0.27528100221991686,-1.790936964834699,0.6039808918951481,-0.5427332496614123,-0.9781781414981333,-1.4937819762991116,-1.139565161661476,-1.2590683422359166
0.6683189371446379,-0.3715832468003077,-0.8095497520296023,0.30486204539750433,-1.1437254439488862,1.8459582677819282,0.015265809301272604,0.26889694577190315,-1.9535241464436033,-2.630365601987275
-0.7070803569850088,0.20055944132897202,-1.3377248813205485,0.39567377686264166,0.03838268262147515,0.35510960081126086,0.3495097195243689,-2.1026154548197793,-0.3881905218269597,-0.21783466765588244
0.024051729207911682,0.03633497235458826,1.0920495505652095,-1.2629400699917568,-1.0990940004728629,0.6585454324010782,-0.4918970228878534,0.837436147007745,-1.2181998615478415,-1.884952981843382
1.7711954399242584,-0.40251393093890014,0.02273411944094816,-0.35468599364900827,0.11946405799589255,0.3026044988195146,0.5354748448307102,-0.011268569765699066,2.8272438549164214,2.1849011146736785
-1.9668402758011814,1.840582234418669,-0.6189367661786018,2.01271812657563,-1.7601668674438955,-1.6343498542908592,-2.405120008507104,-0.42515572664442536,-0.7048038339229143,-1.2517453937098488
0.813394868787563,0.8981402293210156,0.2718632365188717,0.4425264643662485,1.857172724696364,-0.46469504679687257,0.6627109716291846,0.5083044259142957,2.260224855197905,1.5744408274947954
-0.45831241442987547,0.6914052083009333,0.5829961406786616,-0.7813505839648227,0.6610492679601769,1.379154319150762,2.3518736127940456,-1.7307390879769322,-2.9037673397917603,-2.910130722129805
0.1007659738441675,-1.0634637734848278,0.44478825335449285,-0.18335018042978293,-0.9380967085536274,0.20389695267852193,0.768989682747786,0.2343792875150278,0.10301964502322808,-0.5709555443143386
1.761670143149064,-0.02283732648544973,-1.8268263126519213,1.9735197206821242,0.2603444438149204,-1.2204371074531308,-1.204251321254428,-1.4233825055411724,-0.8268443771961741,-0.9794677125973872
-1.0358115525748155,1.6112468876897774,1.3071518142383247,-0.2632294135358105,-0.17741339781825927,1.4125781978855754,0.41683854631204276,0.5263223566830074,0.6433352525712746,-0.04234395026189669
1.5915318817727575,-0.25371882472016355,-0.6103270480211962,0.6269669609112779,-1.5189432286463032,1.611414008889089,2.563039441883905,0.2865013416252905,-0.6071351771776072,-1.2852864061169924
0.7977752936472063,-2.0405384207986166,2.3533531033017048,1.3828835329712705,0.8910302214989418,1.437965491626067,1.2848496287406732,0.6654434638186736,3.751710372010113,3.0705085833357577
0.18722412760148305,-2.506164019192716,-0.10233370361293238,0.12411530854071381,3.2918885866949785,-2.5938624339807115,0.12998514342265793,-0.8888049868262775,1.8525425204695805,1.4660873804734014
0.046091191063607935,0.06927182713579035,-0.7148563633882554,-1.028962419296953,-0.8343369524086598,-0.6065648479273631,1.0809322548780016,-1.5212916242419743,-2.7963365995759872,-2.9028142770882757
0.352160250473901,0.12573912467150597,0.751247658221477,-0.3410448064701885,0.2209200853210386,1.7074541488850286,2.2208735765822887,1.1048942192179367,1.329076948488614,0.7038462649365568
0.8730303477379842,-0.06428723243809814,1.620591264961858,0.09054125365269097,-1.7864351513826469,-1.8107676105899126,-1.3807010292609543,2.7955322019549094,1.761197508625508,1.7859330520439771
-1.0822614320415647,-1.0306453158585471,0.6483428642475283,-0.4939042781333585,-2.105565589953926,-0.7619372991678999,1.1608750037645401,-1.3054218570499176,-1.0404115449634486,-1.2476598343627674
1.0564310445512275,0.3494303432241927,0.902161935820488,2.257812389390857,-0.1672064987704066,-0.40493700924161447,-0.4366715619672614,2.610498556503788,2.1001941456214537,2.0362016012876096
-0.4054454035753481,0.7783683017022376,-1.5473300482346963,-0.9372262542738724,2.2440839586587766,-0.7755122288806754,0.9928170326225481,-0.847671412186904,0.7088616809142829,0.3062562992439186
0.48545017562859843,-2.323030397745334,0.6322039163897448,1.230314694441128,0.8114014125906268,-0.6372293855925849,0.1602382741465998,-0.8495749731400967,0.8092997070088205,0.40743445545840096
-0.3203901199983337,0.6665304970627604,-0.674440575820704,0.38839397844616835,-0.14096086265851016,1.4923705427811995,-1.090763818070548,0.15756613546832454,-0.4470337959283442,-1.1132213910626656
0.14507130798780057,-0.3068513536467802,0.33373604688965647,-0.7379306061143449,-0.3972804021443149,1.2087419289111805,1.6595192485568298,1.5702049900214305,1.3663427793120286,0.8641535587368522
2.121261612263274,1.7475430085304835,0.392606233523196,1.5790407710280003,0.30614407228626017,0.09236901847592505,0.9294472467722592,3.2762247772347135,2.8928561737106784,3.142487114774547
-0.33585946404713446,-0.8812576041833033,-1.1115883283419503,-0.7413137383821822,-0.598641201172112,0.6340373014997284,0.8469936344157432,-2.320088855629896,-4.092948563057465,-3.8238256799668315
0.18754304571764005,-1.3598296598871888,0.7099391915020987,-0.1881220868484322,0.8460487317959615,-0.11966567505736028,0.8761007330214591,-0.1330295479327607,2.040650426973624,1.421090298383028
1.6033967823264732,0.7621110852652553,-0.9809849762335414,0.36750573935328784,0.7751112851794503,0.6857307371142843,0.43371170865749176,1.619945315216572,0.7207722826325714,0.23514547812667727
1.0929385050245175,1.3787635202706734,0.5824111818205081,0.4886865171404566,1.0786051203613691,1.223875071883735,2.8383745919447385,4.14891590756659,1.2666617015652035,1.8375257038124166
-0.8055534026480429,-0.15322732518951537,-2.1058069014842236,-0.5688903655965329,1.628754670922525,0.27077416952621497,-0.00013438814681010491,-2.0642016610816487,-0.8656341432593572,-0.7132005196317065
1.8286689060774695,1.1980701025606413,0.012415620412948433,0.642798376032775,0.912299661696428,1.1300583166832068,0.7130760413806032,1.5720622605279548,2.2426925169402137,1.7411109077238336
0.8572914645721025,0.01307306715255762,-0.06719486710133264,-1.3225905849624202,0.4895008596353392,-1.4500753017533832,-2.2935843184984113,-1.3037235230377635,-0.9072452403623096,-1.1152705602306625
0.2092834756939879,0.7087380797796651,-0.30568199782783934,1.006519027270521,1.370291187770185,1.011943729921858,-0.5349713681991849,0.7434024352694203,5.013572218316333,4.337706843385847
0.5864773523521551,0.8840490548802726,-0.5854864570689429,-0.5910207854819741,0.3515866615307979,0.4038866019722088,-0.18812191292454916,-0.5636893801280879,-0.3654595233701886,-0.8697736254061196
-0.06422859738363945,-0.8728695290128267,-0.6605814437184908,0.30363275788738947,-2.355577341844709,0.8422286859549315,0.2696975322476952,-2.7840288109896765,-2.028310622731563,-1.571985134753068
-0.7791643998246062,-0.6349917391242199,0.6827338588271443,0.7203514359795978,-0.829101017672137,-0.27229053994590224,0.7608555968811397,-1.2929828012726503,1.3203034316035445,1.1073708161586544
0.37362506962126213,-0.5404106867842051,-1.528436435889982,0.2679660880369324,0.26606326572938177,-0.5609667888494819,0.10861964301709404,-0.41570602271239376,-0.43151738352829805,-0.9811836801136798
0.6375738127022041,0.16074559646775133,0.09517784912238447,-0.2674698066646879,-0.6347900804894371,1.7464914971363332,-0.020232342284815436,0.832392763796587,-1.553475052500553,-2.220790592867135
0.8876330603717372,-0.39474833668905374,0.0026954245959693443,-0.35038087238828125,0.9497227071212647,0.5303425294088111,0.22765619290962014,0.9398970063468679,2.422183435931863,1.7686451534546763
0.5520110718980812,-1.1707160654315338,0.8402480323863823,-0.695538751168122,-1.116775483666132,-0.7936520544975839,-0.865562383788073,-0.7165091038398477,-1.530911250847821,-1.9827223685343238
0.6794977202947201,-0.1379313478878753,-0.82605248148852,-0.617652451604296,-0.03297711185710314,0.2023331216364882,-0.5198445411128993,-1.5479777710430374,-1.271294670586916,-1.3650989893265728
-0.03190398711019767,0.11361208971393773,-0.47324763457940544,-1.936225584981995,0.48805065391708824,0.0941880265940166,-1.8298562104687106,-1.3257862241590768,-0.9058473351967379,-1.103755915683358
-0.023442901155333054,1.078033183740451,-0.22806346273678768,-0.11822252703064115,0.7831614461340427,3.376713562635195,1.3693120813169108,1.1313885504939551,-0.2546271563946534,-0.8745246420133979
0.1907489136880264,1.4908220090927213,-2.0882214129580183,1.4338260983135713,0.8343507355810795,-2.4022778580314603,-0.036444183919446094,3.1181180795016106,0.6100918926731839,0.7876464503531498
-1.2214673596853423,0.8240847839534846,-1.149158305982517,3.127294489306077,2.3843371687756796,-3.2257445483404243,-2.163053878575404,-0.9219189897032946,-0.39140766552160877,-0.7646278695191159
-0.6217412870415716,-0.3376415666850786,0.5206240214550665,0.7309789180652914,0.1749557400183387,-0.5815384824492633,-0.2748195728157818,-0.9674525630376312,-0.189041970603272,-0.5437374428831298
0.4158238225731576,0.5191256483667678,-0.553145137932661,0.1291402452395658,1.4767585437632746,-0.690973252722066,-1.7697604102350586,-0.2288416702775985,0.4010332076090055,-0.19742780604370114
0.22771376709392288,-0.31491936701402284,-0.04366216375112537,-0.7915517320672377,0.019243493074303175,-1.265291632467663,-0.5961145255918527,-0.8943750267716304,-3.14869703053309,-3.532940281655053
-0.8721899581063283,0.012740326393984962,-1.3045054909237748,-1.7306233046355874,-0.20150884119568396,1.7466421490804418,1.214962695447625,-3.369385020878844,-4.691543440404195,-4.069045842098434
-0.7047998112095676,1.4383654545589057,-0.7025783593314215,-0.8915713601721716,2.632959136552686,2.2014514869494928,3.3346769939279053,1.2046100749049606,1.1861553580119488,0.5821000429943168
1.1276456918940683,-0.4097422173620936,-0.43039192942144894,-0.5045939984573482,-1.779940585134652,-0.4006237954404779,-1.0431613683076013,-1.7017952496878093,-1.5303608738908492,-1.5506160916541487
0.09227793044106021,0.14009417266033644,1.14228329600257,1.2581000307816965,1.451925259087891,0.3443563472460618,0.3326862269300359,2.767656214618026,4.869916436767564,4.881274766265353
-0.23499025530159354,-0.12419665315281991,0.514076897574974,-0.3814112171825878,0.15079885015371677,-1.4109906934466636,-0.23001575565297622,-0.4378203441771334,0.16018239783685836,-0.38306992584643684
0.4173574186141958,-1.3647831397102024,0.35994612408315724,-1.2496315373626932,-1.4932110472848668,-0.07838189702340251,-1.250285729397251,-2.2528785140404586,-2.4335912910916164,-2.1944318977319646
-1.2380164046143098,-0.6735747982555649,0.1364163807972126,-0.8581837446835624,-0.21367956580850134,-1.4863352993143426,-1.3909346436480492,-0.7777972966771662,-2.6147395764441903,-3.0440075218285507
-1.5827066848320164,0.6994343406910577,0.5432973512363173,-0.22586870358667974,0.27310928903086606,-1.129940960948447,-2.469809145266875,-1.169441467157453,-0.37651245896868746,-0.644954839426965
-1.5901456786611943,-1.5384457099016575,0.45474590242631907,0.9985901041950326,-1.6223444003925185,-1.4357394813680024,-2.1446829035012853,-0.26676848690950306,-1.7537955084893804,-2.34315540605214
0.5731182056479904,1.1919965086604565,-2.079035360332429,-0.9565125397471584,2.2670730570576265,0.2071657641250072,-1.1486641717273018,-0.4007073490847888,-0.528155584976189,-1.0820971843760891
-1.9417627106560105,-0.5755871941840762,0.8273645769360446,0.5141365429952294,-1.2872926226466637,1.0795210891036566,2.3082391336544226,1.076487786943318,2.455988486685233,1.8252786398437757
0.07024575251839497,0.34482978473539566,-0.08025740538657973,1.1582061469942697,0.04645048183538458,2.7571940815781337,2.074637620869672,0.9324176095010581,0.5844643065358684,-0.07015325029097896
-2.546396251033608,0.25114255981704786,1.9612610812420452,0.11865482137026413,1.413756343958832,-0.13055229310985006,-1.0457009171469758,0.4966833015399019,3.2247368070402724,2.538943040429829
1.0204678406215353,0.32995812226648014,-0.6894035931606928,1.1698667580089945,0.29334981284651995,0.7885929360792432,-0.07617991456582007,0.9886854921321069,-0.7010334663729856,-1.347093415168326
-1.3687801550680219,0.33801048317177296,-0.3099333444367327,0.4777132606777005,1.6788285783967243,1.4288874855540814,-0.5583253638338823,0.704587310549992,4.460203679848561,3.7814286901119956
0.6416621319070875,0.6391444739328513,1.1438056711536186,-1.0620353600402161,-0.4376445032166141,0.5208844012344187,0.38603269979355526,0.33179761297745747,2.0436255851290714,1.362578108049124
0.6594771528524548,0.8622418673206986,-0.12712996737759757,1.3734283478098077,0.19724782163123322,0.6984915932901823,1.3584660479840887,0.9951308221814466,1.6246767893613563,0.9796613280816414
0.5033907911357653,-0.45104796635896216,1.981301606073815,-0.1548546124966309,0.38557384713205145,0.2768163214149877,-0.340412407673324,-0.43165285462929903,-0.23808329501364167,-0.78313757579525
-0.36720033001730246,-0.15032369904540346,-1.3328897858333926,1.1042763238739632,-0.45639937286427035,0.35187717394815654,0.5963675340146253,1.1650605500099198,-0.21169822844743263,-0.8245102507943327
0.5618320340434539,1.025582834191877,-0.7669883035064112,1.0409445132101636,0.7411588206301158,1.526530938530988,0.7209089731182485,0.3550123228688955,1.7583646339132266,1.0760980067679902
-0.991415332842066,0.553311393968568,-1.1208498721950726,-0.60378729570643,0.9241353484525583,0.4281600997881576,-1.8260216473728192,-1.706941723034459,-1.487562915537701,-1.505348484840402
0.7607733278743007,-2.0469731967993625,-0.8762205875275648,0.9982605650561814,-0.43369743964861285,-0.3842481078158918,-2.059543423204328,-0.3315747259382695,-0.9994036137639046,-1.5722546484845523
0.22300851955349463,-0.2272451592301695,-0.14594799391067195,0.24855828613677128,-1.0169861285268793,0.7404755576760811,-2.9583052631155295,0.26445273825003457,-1.2809855316048815,-1.957480079463469
1.2729334175434632,0.06800271009998013,0.45920572322872244,-0.7710995954890524,-1.2844169799997525,0.17378126349136047,1.522003926140532,1.1497697585210656,0.9542314072073432,0.3381593677002501
-2.194216308327306,-2.9072822575433848,-1.7897880725303243,1.3781248730633053,2.018132865891416,-1.8420192391434744,-2.1596467320560877,-1.3721059770929118,0.35407330524721403,0.1775551003575785
-1.8296521530949852,0.19539837814761638,1.0513033115138968,0.5783183083146156,-0.5422595187103799,0.24017077935526954,-1.7788947544250913,0.4508871435608523,3.4719425889346773,2.786552210378767
-0.8484044205937312,-1.8552092942401437,0.27735101839352166,0.43245607331572966,1.0374379461867234,-0.8779963861459049,-0.735962179583366,-1.2089396344232257,0.04170773776332404,-0.20918588188151854
1.4464717819560593,-0.8954284994312129,0.6809995543358925,-0.41588046211514906,-1.7323809981344929,-0.5219849963418406,-0.6867585483179917,0.7181436707959215,-0.7109967914058798,-1.3888124232308012
-0.9737485795669047,0.7973929636928472,-0.8951135055145178,-0.08758448013699933,0.19246968347500726,-1.2925199237212543,-2.520916942182205,-0.5692722094139182,-0.3005479423847577,-0.8030420046652937
-0.8972076493638524,1.5806275907060883,0.31243819112534127,-0.6113650588177195,1.2197727043309332,-0.11381989740468565,-0.19692015577511437,-0.23263077580454566,2.7295167565583602,2.1319461350251743
1.5625500907219154,-0.4551243459400628,-0.5065672928982,0.06561599935327689,-0.46931039162245064,0.5918166850283684,-2.147755990159851,0.42233451843051345,-0.8434937254641257,-1.5282761060445726
0.3850078926063534,-0.8984126569780528,0.3643342292392318,-0.04171733316120711,0.21598788421803028,-1.4991014999270322,-0.44065803132275005,-0.7501344577947098,1.1997153097194317,0.7601720201009272
-1.0078350157910378,0.4639134127176054,1.4316454425709642,1.5369604794952236,0.020468026673346795,1.4405603981057873,1.018079045133746,1.7028323483490622,2.602137915880016,2.1454082184570296
0.920991719305081,0.8268924048277486,1.543481169063974,0.13156674106639277,2.0931309554356665,-0.22338575412702066,0.785898509399876,2.882477317029137,1.872195841542638,1.9385712879746924
1.6599063814521178,-1.7832023013732594,1.1260077726888271,-0.6601484950665495,0.05754344465011846,-0.5687116283825997,2.277823535733371,-0.5773358611015242,2.1006487256970585,1.6007970077833467
0.9724243978963759,0.36094972832880345,-1.9530575877722929,-1.0557663518056877,2.163934013405334,-2.036409979414483,-0.6497507799726369,-0.8672308290721444,-0.5479226600041076,-0.942889249368509
1.036272458397313,-1.4279618971431036,-0.5592097051849088,-0.02635583676883888,-0.4723047574710987,-1.0323350133052271,-0.8006250921836421,-0.9143066737536563,-2.1272380543890814,-2.5035187428072825
-0.998911122404537,0.002680219954793993,0.9549707613545452,0.5665459784947199,0.5136579733451253,0.16106541861928247,0.41095806638687016,2.365858813860452,2.9012657433085134,2.72185128621957
0.38216486376673914,-0.5413524649077265,1.6113955808658411,0.7758918498266861,-0.48984439856061046,0.7241537810419909,2.4712720141467432,1.4466777242765645,1.7526046186410142,1.2119578621550975
-0.5434851950967714,0.1799650118696153,-0.23517777656012243,-2.2484781455690004,1.1254918368643505,-1.3578217036376572,-0.29606241232802943,0.5881546665480524,1.0156684795842148,0.3311781744323943
-2.013960784459118,-0.6117801167473352,0.322605132076568,0.6920145783894828,0.43528396885451737,1.5043764102081472,1.2684288297751518,0.9877575673475432,1.1039457126363839,0.4577364729521298
0.5768890145263162,-0.49671230978961045,-1.3303687567417126,0.9680846129402693,-1.2196320228612576,-1.007091781798022,-1.1877521614820474,-0.5919868617822143,-1.7365808784962435,-2.2315909752788707
-0.7194390505086499,-1.196912671320635,-1.3850301461216474,-0.08688780912867664,-0.02931629761033039,1.1107926704402882,0.2267473386618316,-3.136978151638213,-2.172263592529943,-1.6045952568960598
0.7998565314571298,0.6761611352943567,-0.49605268687742726,-0.7021589076688525,0.3392117471151328,1.8691093919882447,1.1014030844506764,0.2794599661639254,-0.5942049751164374,-1.2718446699570283
0.8327859175506412,2.464578357086378,2.996084073844738,0.7416721133950522,-1.6259585312084521,-1.3782791669841077,-2.490370031005238,2.065298131259133,-0.6480269878691136,-0.9617211344420582
-0.24786149780009264,-0.6371475205226488,0.16604352124270985,0.01575216144762855,-2.8223699163830163,-0.9887409176089484,-0.9212672139742031,-1.0585642505918225,-2.3649901997356997,-2.6815554897269847
-0.8534089509372659,0.9160840916682634,-1.568747718601802,-0.189419697102692,-0.4145177064587233,-0.869491575523623,-1.5629087210495223,0.5054338607541982,0.28775862960236576,-0.3980320242166038
-1.187104766695783,0.8684270061974534,0.540129401692924,-0.38357819281713024,-0.2954095698652297,-1.1372065687946007,-1.5022926302541346,-0.683975533027058,-1.067867963340763,-1.5313104087604035
-1.465928590614953,0.9326146638014527,0.008733398243598763,-2.01443853767277,1.1606265438380436,-2.288734426362272,-1.4009335887335346,-0.8299945736356321,-0.9540824121219857,-1.3635264730190164
0.8115971843709001,0.18329489231539714,0.543806293844325,0.887782984160697,1.3139432163318128,1.1545874982281104,2.240973703557896,2.542790854993657,2.9044981736960462,2.8082278668204648
-0.4794730313339619,1.2164030408597803,-1.2831865344389686,-0.39934749839269174,0.11303848571585051,1.2543040728038553,-0.062049216900255555,0.7575803791908043,-1.5152050332997304,-2.189883089364078
0.9794181458747298,-0.42342084085640336,0.14819698972195153,-0.8335681214167334,-0.9535274741730886,-1.2930112793704405,1.3212893256253828,-1.9592906898280957,-3.309088804997681,-3.2061252957984063
-1.0967279837457504,-0.5792937855344952,0.5643205134619858,-0.6515237756065954,-0.6902636173150039,-1.0380361120934278,-0.48361659847157173,-1.4980517688426658,-3.1582108930188832,-3.2756951591752044
-1.1096620888391802,0.8087961617571192,0.5042300111529605,-1.068580273281843,1.6327495844463544,1.6754886291116133,1.4287606109191588,0.8120168961317689,-0.36095583898656547,-1.0304588735841869
-1.4443477955579873,-0.1250576567557287,-1.3034174625183386,-0.6314525600072491,0.9430230501745668,0.4802548050596698,0.9170810935360882,-2.543789089271281,-1.9257058804764686,-1.5615043685884573
-2.2522515446659295,0.12941115655178245,1.1268347706384325,0.861897500741742,-1.4912563110785484,-0.9669234316979255,-0.6401530447556325,-1.0383477848192895,0.9278082635373058,0.6026657347907726
-1.3997343476749158,-0.43898943600476653,0.053458559103453644,1.0081431253721889,0.10521799893709527,-1.0281983865903346,-2.0848906531573226,-1.9810833810923167,-0.2896848425391738,-0.17639056430556088
0.12555997913822134,-0.3885760814790592,0.42137279356481894,-0.8804457366752222,-0.7371897623675533,-0.13975709405146486,-0.8470666008876993,-2.353153754199486,-1.9006555241030996,-1.6170062602273303
0.2277733524077717,-0.3668192635874908,1.3315721616000435,0.1920659814739757,-1.6276479641522537,2.5481142161614345,1.6525127580073289,0.8526883851301721,0.8600317455463712,0.19503003795509907
-0.73910572443165,-0.005286763440302801,0.8914271490502563,0.5816279325359585,-0.6901360213863316,1.7063588958295428,0.13983345753135334,0.6434442461623652,1.3362288183849564,0.6538875199946161
-1.4773786704857939,-0.37499834623181033,-0.2312707853893755,-0.8397132043015417,-0.7551882853286134,0.4630640231124927,0.21752305652493253,-3.006606539438255,-2.1646642092460975,-1.634425968064852
1.042732505069984,-1.5086800411879004,0.22443715956057575,-0.1910114688875528,0.6701757786469595,1.4870416391067698,1.0524624533914009,-0.6420781881567164,0.12398045197502898,-0.3540861331355601
-0.9397553464327638,0.25431341036758737,1.071602550281773,-0.6241338898090927,-0.2678313229082907,0.39017069294493334,-1.5462849957683094,2.0645458313546565,-1.2156795018965547,-1.5296947556880491
-0.03668617324482255,-0.5851336357764806,-0.30807726466020136,0.05294598248211704,-1.7607155774013155,-1.2410745202783118,-2.6740114152554164,-1.7631964775041609,-1.584319422856749,-1.5751017792813387
-0.6869638454545746,-0.7044099500595317,-0.22556907321324932,0.29459361544858215,-1.5339566205063102,-0.5458338003202672,-0.07856586163086987,-2.4603496322366185,-0.44023148871486417,-0.1105721840127718
-0.3554967695356326,2.3306150408719857,0.876646709171677,-0.9846690790042482,-0.7498178594984555,1.4054160630964225,0.022559102663690128,0.4487504470153605,-1.0303452098073183,-1.7156995649086404
0.25038732834938404,-0.871587602162912,2.0716474157971576,-1.8273757934680908,-1.3616314939231091,0.871590914240575,1.7103831576500133,-0.13248056274075398,0.34315649852907404,-0.27651658171773597
-0.9471838198479477,-0.680569288245429,-1.1002134382193316,-0.2868404735118095,-1.7199095402173579,0.6529116569101008,1.8466344241948045,-3.2581552780588208,-3.596682190438064,-2.9984540084100453
1.7875540120783762,0.8391135188659777,-0.8826267494649871,0.3663068734966802,-0.520229449665838,1.754834259075595,1.4942078268277323,1.6896371748341386,-0.12029857795693452,-0.5817339917479861
-1.333828666177341,-0.4279591016351044,1.2760443356203062,0.41552971444529685,-4.123325851753444,0.853047544167081,0.671222731560162,0.1395211432561677,2.615943870541665,1.951866001836228
-0.43199740083557153,0.42788969608139227,-0.8222947995921888,0.5620914956158557,1.5968051131590117,1.249960839081636,1.4530728635262264,0.34823607673813634,2.315604616365097,1.6336752466406361
0.12459357714263046,-0.5791938976031928,0.9231487825486274,0.6611648699176009,-2.540142006693856,-0.5142743563633813,-2.498884587131344,-0.1464042182254952,-1.601175758242601,-2.217955871236005
-0.9223215924574572,0.4499172451673817,-0.2506389374285536,-0.6772208130994662,2.0195933245591093,-1.9001758220437326,-0.4939513338007989,-0.4187421622744756,0.4084760676580237,-0.1403174021114374
-0.09831655367161675,-0.0019188100285263193,-0.8417114403199955,-0.03637507734953565,-0.4115292910923769,1.6602243163276411,2.0563335309141357,-1.4903680125469303,-3.30034867744925,-3.4214653380574163
-0.4579978557377233,-1.314857042795471,0.4976438542379469,0.9629849078860002,-1.1323841215783357,-0.6528273520460116,-2.4034987189634043,-0.8580769266551352,-0.6005960985652599,-0.9991469845071448
0.5072089611321182,-0.1056078289789912,0.08299187091246853,-1.2645264060322359,-2.9973328551799474,0.7150633498842085,2.7331752119516595,-2.5850374868996093,-3.7455481252478284,-3.364722248414558
-1.0211078214659508,2.129208923964429,-0.16581428835778786,0.6497559635401549,-0.3820567505122054,1.6980223974337667,1.0031876608713537,0.5192092497134924,0.26776613079256867,-0.41796748649388255
0.26054555371216553,0.9211351803062826,0.24512300450247612,0.23219447447601868,-0.7341871497590252,-1.6293616690325496,-0.185609275788073,3.019513997048078,1.1660173176410689,1.297463802686169
-1.8544899058243447,0.08079999545854333,-0.27491041397598365,0.1935796853863639,0.9265737048365759,0.1469303858328549,-1.1571367758021502,-0.7897851941512019,-1.2436080037568715,-1.6683728348339768
0.6059025310641367,1.4128048344324142,1.1705571157727415,0.1501283366973014,-1.8744544662314837,-0.5771492690657263,-1.023114675110769,2.339470506828572,1.2229039204671897,1.0312940704461657
0.0564846442219767,-0.41362553945291003,-0.1263181027554068,-0.4561465032503133,-1.3641972217479899,-0.5159602341174884,-0.8855564023910385,-1.8977094267440877,-2.18718041948773,-2.113530933765786
0.16368106912098002,1.7114538304939901,-0.5108960772135382,-0.33718715703471813,0.2273422368356784,-0.31955900371696666,-1.3389607369593544,-0.35500486905977785,-2.454519624507217,-3.0211100601417495
0.5901016463261325,0.5777442253750645,-1.5472201428918249,-0.44041443467633634,0.6837143801915901,-1.3327322424428516,-0.19770926989185944,-0.26575947846646825,-0.4817788299797173,-1.0713862619043595
0.057711118289140995,-0.6418272316623022,1.6796550783101531,-0.48776294416000626,-1.2374746559474916,-2.581544391175486,-2.0520794643011584,-1.647463876471038,-0.48180025352335176,-0.5281053132577042
-0.9818853527610161,-0.03937276778245598,0.8500084608345697,-0.695776324797309,0.6055792577190137,1.0708047157132263,0.6033248115985669,0.7374588629766091,0.7885369677795705,0.11219365034963391
0.29796468731787945,-0.42050474827612716,-1.0245251991698283,0.22609436509456343,0.011079439189433438,-0.939415949789915,-0.7718157866410122,-0.5874256759020368,-2.934078865401783,-3.4306018729821437
-0.559219309116701,-0.30140511426431893,-1.1250404191470555,-0.5712865470961002,0.02759186480162501,-0.22397043269552663,0.15560511557613288,-1.6664401895438248,-0.40140628292571456,-0.4386186033622046
1.3436147453648168,1.5645605971461678,-1.1442004852477607,0.21080644013422173,0.24232312988478366,-0.44478397321395513,1.563404732679071,0.3938056331723201,2.2017805141710647,1.517878828510665
-1.1802453839542992,-0.44899429461085266,2.9951887464616855,0.4765464808834255,-0.03407636049495921,-1.5065278568675957,-2.5475874555601754,-0.9151289517019425,0.7765475037670359,0.4005968939261674
-0.029174527266628034,0.6691274695090114,-1.4695869089719826,-0.8787432855188315,0.7417656535134234,0.22558103615672565,-2.2445990168196577,-3.3892639560326323,-0.6083126427312178,0.018128970852164805
-0.31204593008123277,-0.7390969145150796,0.11513974380536615,-0.574015976966548,-1.6773116058040647,-0.41945738685080597,-1.9969240695783141,-2.4098212706477695,-2.873369744658117,-2.5651823966381087
0.5711883334429154,1.0892965563506256,1.578414507941222,-1.3533790014853764,-0.03002465231785323,1.9973224305121091,1.5499805239480742,1.7961586657579214,1.2914461787265268,0.869087666880471
-0.26926153955289717,-1.3596268051911338,-0.1458841462870681,0.45382323805597025,-1.892310817834154,-0.8427706893185793,-1.5360670925999569,-3.420519600437374,-3.0439489573738756,-2.4115517478307336
0.4831451477101731,-0.0462098850869501,-1.6284992820961022,-0.18245995571749246,-1.6644549303037384,0.11028212869746479,-1.8134321494774521,1.1450561898369216,0.5300590081478835,-0.08700375557850903
-1.2608982759415561,0.9221701510159823,0.1931016160561543,-1.4461503587055293,2.9008183608564333,-0.05216268166945698,-1.4853947971365187,-2.306545459370458,-1.5562391700446252,-1.29310836203942
-0.9170456280591888,-0.03561216744714729,-0.3999602844980634,-1.1087971622125226,-0.01716638957862611,-0.9602572441451459,1.5014747389236336,-1.558321453900733,-2.8048590168995453,-2.8937420333256187
-1.0764657493744925,-0.9833763010070343,-1.537852516060465,1.0631014168934523,1.4065857606969043,-0.4479975132748184,-1.7567874673624333,-1.2937220695541398,-0.5571930611008584,-0.7697882970735412
0.892735252582001,-1.9835586938294996,0.30584857014604644,-1.0918631436892727,1.0375782531509556,2.794553646364052,1.3996047512297576,0.7984175409093441,0.9205278911458474,0.2496406292944649
-1.9844151537250894,-0.977291984867888,-1.1128824247896534,0.4558368924463333,-1.4152225605191895,-0.3805380592260759,-1.5427533969167784,-0.6124353587404578,-2.659284805706335,-3.1474504897463067
-0.8418029722169971,-1.1626444929202644,-0.14178647229776178,-0.47314198107468886,0.02865531108506847,0.305556262847095,-1.1512328240454657,-2.1427703056042318,-1.1038096369109174,-0.9148511269868389
0.37283383566594736,-0.47513331257011016,0.26060773591662145,-1.7015911373388624,-1.228037108664088,1.9346627643922203,-0.6090730494371601,0.21376723061938951,-2.1278852449965404,-2.7999611130045583
-0.6814743470721665,0.5809101699241914,0.35323642946807265,-0.4241719689104501,-0.3839886434033568,1.387447455388688,1.8092294919025886,1.66518215617165,1.9903437743522834,1.5202915020197638
0.04948254986922337,-1.515396080947715,0.20986977078049823,-0.8951892859217151,-2.1197215969135152,1.9779865757969306,0.45346556664151694,-3.535142181874639,-2.7505207323315926,-2.0988935209633244
0.23970262568722697,-0.2703677395353378,1.2013270201571005,0.5605881989681173,-1.2286184197869903,0.48599608884853,1.0782373154511582,1.5541748892211686,1.4215553523620887,0.9141572256230542
-1.005054903328567,-0.2667128984820245,-0.7647694079659241,-0.3470261675668946,-0.9046952325401278,-1.0924719372512204,-0.6373490778185704,-1.898609873630018,-3.053118707893779,-2.9790394709963977
-0.9404542227234273,1.0698820167658902,0.9583481702863159,1.3466334387997676,1.5207625201463788,-0.19340308567842213,0.564414336279133,1.6973161780963115,3.1143316227259015,2.6556299632535514
-1.4636007814046532,1.738053883657284,0.2951710067488145,1.8251853658593906,-0.6572500538149556,2.8733343320799265,1.4102204840003307,1.1511960105173733,1.3367797771188537,0.7210088374759462
1.1391101466965714,-0.2996226749726881,-2.7562839472952754,0.6276774261693983,-2.5056099331293975,-0.7837021895379884,-0.5136492885424573,-0.22271603478399782,-2.188253696757635,-2.788145249953164
1.8439014191502174,-1.035730773425242,-0.1481552861707439,0.09740564571410538,-0.5309495163467515,-0.0216925275452427,-0.5514579500677559,-0.2510939648835254,-1.0171612202826332,-1.6103331912118821
0.30525908390712114,-0.9994629214956973,0.7323028101071849,1.1859554040447786,-0.6459300208404641,0.02159118435564744,-0.6666973878909589,2.540292158566043,-0.02992206633669081,-0.12737986432810589
-0.09303164621769248,-0.11792784834792408,-1.1565785032244154,-2.308506170177265,-0.7165368739303651,0.3221705037514173,-0.8286904405005455,-2.5372121525890345,-3.2636373958498477,-2.9021150176167443
0.03629600550313635,0.39322235788362836,-0.07062155240992231,-0.7112682798905701,0.946801986206032,-1.7434010122086518,0.6459604616696543,-0.11625503961101313,0.6650358961489552,0.04206586786186872
0.47464565533228853,1.9878789447301826,1.5478034565442838,-1.6382092404069204,-1.455112334493939,-1.195358240487102,-0.9692498631901655,-0.907377025246686,-1.2991064320801993,-1.6781638550552538
0.6087197110877594,-0.7077065283548126,1.291245497249617,0.16805068261562917,0.02156234658044298,1.2211743071407921,1.1273553777702197,0.07008724289221901,2.7850551430926647,2.1300801464675563
-0.08512052748818522,-1.9230371932751145,-0.05284994037843102,-0.9298453152105112,-0.049755206323164436,0.9895978806648688,-1.972883368796713,-2.8840325099484705,-2.895491450165042,-2.404475714689731
-0.03349191381431099,-1.5894286241870637,-0.8716387782135964,-0.8260666917898724,-0.6037150513797425,1.9638130501944149,2.2580173060767867,-2.744496758183513,-3.6360884942375624,-3.1941025362683946
-1.8262423878399536,-0.2624932299836843,0.45370600357622765,0.8631785866313259,0.23675778551033433,-0.3791379585717253,1.195880071540757,1.2444865683725275,1.49192128987109,0.897163757056648
0.18614727929935576,-0.16261074617395363,0.11135545986547857,1.4659480096916095,0.9822496111763519,2.710105695903721,1.8367127294126162,-0.751535217439044,3.172599773604804,2.7335728660790273
0.9539712167198096,-1.0660291658132213,-0.8192595192475318,1.243571686212976,-1.7530429956238527,-0.41269056311890573,0.33970194677260324,-0.8918135455598561,-1.458345215819056,-1.843606370599876
1.5845849692254081,1.018087131818056,-1.3865779967348848,-0.3529038477381713,1.4604362723362907,-2.4755089942357005,-0.9490112939151099,-0.009287017579067136,1.1775877444652394,0.5349123996492199
1.4608619797030944,0.26105065954271656,1.109923428231764,-0.7315123914777668,0.5089401161618885,-0.48662483433000714,0.761467246938025,-0.14277042051497468,0.4146963200536718,-0.20284446139900109
0.053389351326116594,0.5472109785941679,0.3307466123593786,-0.3684415429776345,1.404501581025126,0.5835562886976933,2.4173885985361823,-0.4891785059924449,1.335345208180537,0.8074882031072211
1.1537031903374029,1.5750641653407822,0.5942324793539029,0.9098016901262841,-0.34563597619905795,-1.7766798177259848,0.6957809743794623,4.066180504058401,0.4364570137453393,0.9843663147609482
-0.7178195045927427,-1.6792147876367811,-1.2437265901103476,-0.11806425938123791,-1.8209290002754468,-1.2885467282472856,-0.7906994130987894,-1.651543002481552,-2.042766179526269,-2.087117309259392
1.293428094355406,0.4736604900858612,0.9254833290266342,1.435902201551193,1.5715458692859594,-3.177473921498552,-1.39455718588331,2.7605902840925967,3.305286076266741,3.313252697003595
-0.6926268327907698,-0.2548414402930082,-0.6035819748939413,1.3590519237549512,-0.7624856271928739,0.4525603708420638,2.3311886380907367,0.9801117493122221,1.8152679527280922,1.1678389857562657
1.0074859051670821,0.3665678451361593,0.4094433596926128,-1.3259368796950026,0.9375368098168422,-0.9249368318878608,0.7484127828985497,-1.6779364461204556,1.1459359965242424,1.1142355485730218
0.17968959316053423,-0.6918095634609225,0.6978489345763731,-0.5565435672537543,-1.7464915260168212,-0.6588774182692848,-2.26882987617484,-0.3261915991760927,-0.8023100521194544,-1.3765777651208986
-1.0537007496383335,-0.7540692713335124,-1.564023974701204,1.8663098443370236,0.2604307791250742,-0.9745950480589509,-0.35106689360531884,-1.5155642205538464,-0.7559131860198113,-0.8651061385151245
-0.6012025219238415,0.704678007496184,0.5804206446642093,-0.42825030078927045,-0.7727937608012299,-1.821892147081781,-1.1087265382686897,-1.9040874676799024,-1.8393627558744292,-1.7626698990543228
0.5725566376581953,-1.062210320703106,0.732678206213926,0.9092045288831757,-0.6061157521950122,-1.1049980470141858,0.43824014716817794,-0.1029572484445429,0.5297895921021372,-0.09582258176692787
-0.8219103165294819,-1.0156487246708308,0.3626590091960486,-0.39552539173236967,0.033400654460188695,-0.7778132989034319,-1.7441091258566255,-0.6109540912715107,-0.2850652660636357,-0.7737301292626372
0.19556456793202145,0.6481554299954683,-1.48861838193592,0.43853537153191363,3.1140710837419325,1.0877749015509688,2.8543288869741597,1.5022656152249994,-0.3492780328839805,-0.8731021248745287
1.2448162900509445,-0.17162844076889652,0.609708700323743,-0.39850732746239537,-1.5387782854740606,-0.34467443162899736,-1.6445153317516386,-1.6388936346605485,-1.762340710921707,-1.8127497277570486
0.0033886518579199026,-0.42337868677185897,-2.147357576156127,-1.6985568186911626,0.3471230766699672,-1.3150521390003398,1.0820413574529917,-2.088056320727079,-4.227749913248173,-4.064172931853874
-1.1711204173426946,0.9527292732959519,1.4413342712193418,-0.8911619932712552,1.0273290595593356,0.49543475687880867,3.264193662914339,-0.48643955164369046,1.197161542219509,0.6684660977437417
1.1689012647422496,0.8602063123772615,0.17527982077854362,-1.389047759669856,1.2118832723140258,0.6584804442238489,0.2503541330657594,1.3083778678655231,0.3685601709068665,-0.21033733636543023
-3.022300459318537,1.1669213438200579,0.4083682398842978,-1.0258002677091071,-0.7198343613475751,-0.9788152726391527,-2.77363266231128,-1.35219989397399,-2.5623257282662104,-2.748060580038853
-0.9561121350227233,-0.9937002086684292,1.2241533284539683,0.5956024252123464,-2.3149332766025843,-1.1088577966606372,1.4310052937466904,0.9138050625333803,0.09240501278026325,-0.5648203785391802
-1.361740342402954,0.18114187089441508,0.7832022824152836,0.3076814296600796,-1.1861334568936146,-1.1735456116973975,-0.7141413019621722,-0.6748353352838296,0.43048510371908555,-0.036182133835469865
-0.09305850276265888,0.2926970203171288,0.12105994642462956,0.563388976573035,1.5184232404758626,1.0906454622572324,0.13864689824965526,0.6634715906758453,2.844208514922634,2.1628979926419234
0.34939473634901785,0.9564869928421195,1.3801059722389484,1.4717744073313315,1.9257744930219611,1.846672523535235,1.198064795834345,1.3555876244280294,3.3950061081830287,2.828573335938198
-0.6641334148974632,-0.9307193434835237,-0.5318402150457598,0.9912556853722121,-0.004324082256593642,-0.03973163131988888,0.2187476392813149,1.6830652987996086,1.7163450566131617,1.2525806148267686
-1.0496030553564633,-0.7285351487019653,-0.9671764711308872,-1.7737108713931635,-1.0144011056270827,-0.7244843800808052,-2.4565710555609535,-4.916124682479826,-1.022952620895721,-0.4768751267891773
-0.019323029849332166,1.09628971726324,0.2865618348883842,0.6343441599123875,-0.687440721888173,-2.1664212237993032,-1.428304964250114,2.73764827737124,-0.08163224303698158,-0.0846789024156327
-0.014582294751652658,-1.8805462903890309,0.07259286127119903,0.27511531004039796,2.155986371272975,0.3595031689318082,-0.40400499365796866,-1.9233090322835942,-0.7270887270579603,-0.6412335247422953
0.08850047138839859,-1.2390438224504494,-1.1536546482369014,0.6717742313990667,-0.7558095584354754,1.5632855347329577,0.028301522613787024,-2.2468809811319312,-2.1130204652940954,-1.8765615817589203
-0.9541630995516059,-0.768562339618993,2.146734876069377,-2.0987941282145797,-1.3510493436528592,-0.6773633087472248,-1.4120262774215044,0.11709224884912817,0.28050188218328764,-0.3808060629031427
0.7927225591535928,-0.4314079400829608,0.560624936316706,-0.17474739677989073,-0.21712811741405746,0.9415603225756558,0.6281487824315004,1.2585375501264822,-0.4144659377655472,-1.0058364905382808
0.15819217021249937,-0.8118843670971768,0.3905683786557694,0.6259699481166919,0.4201796955820095,-0.277079279505409,0.5172122048451604,0.8272401085395467,0.31536508930454255,-0.3525164673767316
0.874724055561071,-1.538459095253992,-0.9656748069600916,0.29759365326427406,-0.263684100884032,-2.1644089969456592,-3.236493617302652,-0.6399185639878744,-1.6217370514639349,-2.1005464096388073
-0.8078467249400288,-0.03514588619174204,1.558201933331833,-0.40701791183283303,-0.43533241299907094,-0.4038226019580433,-0.6882798525465254,-0.44541518681491526,-1.247497548230823,-1.7885169766277176
-1.3797189356041373,-1.1492089209258158,0.1189302071385006,1.0422383071592483,-1.486997007463176,-0.9257590760593428,-1.0042973355569798,-0.3066773270704827,-0.03342011247828189,-0.6127548955247978
0.5943135682779662,-0.739404206764131,0.6747066290350252,0.5139477915044575,-2.04308492203371,0.6464938314850464,-0.08828703157736267,0.14177514838891492,-0.317071014370341,-0.9814182075335185
1.2314146148230456,0.38066684641497806,1.3689561488928597,-0.7760610429030813,1.2104243864316422,1.5175613417190534,-0.44547615041934385,1.9839024363509477,1.7911141441663825,1.4432006796963341
-0.5098023774730774,-0.564779019906931,0.21917547673921065,0.08493545029822974,1.0872412858536835,-2.153314948040081,-1.6104610630557603,-1.2731776601107758,1.1334131075198521,0.9114635456880322
-0.5922674326541753,-1.4228699021703333,0.8976510983082878,-0.9095132739112839,0.6409575969396917,0.2379200332238829,1.3887962548839927,-2.115001986389656,-0.3904452181558125,-0.21433597852510505
-1.497203151726559,0.18965389538406585,0.2182475047765188,-0.1024855639944612,0.6145265450678316,-0.3823505899150016,-0.10106229018391455,1.3112532744455654,2.7017185559898778,2.123562294422444
2.102286527859412,-0.38634152574777,1.5571391209663756,0.1661344672186696,0.3601621064150171,1.0177497537608666,2.37402412346208,1.5688267340018154,2.5220195647781507,2.0193799924130222
1.4598717842751,0.022709495438615165,-1.0288993116959937,0.26884371220904235,0.97118960701648,-0.41118579972909186,0.7292060831189078,1.8338367870286008,1.0954171859204638,0.6874542747870291
1.126506043769782,0.39796540905157607,0.8594399407354304,1.0546325752098642,2.216029633652978,-0.7464082526243182,-0.5207227315486765,3.1078710378308285,4.051687820680102,4.224486415217434
-1.4755937060463087,0.05557739649639335,2.6270018436922364,0.47602282246056515,-0.1827437573525674,1.9448845198870872,1.7794446034076412,0.7385402718899481,1.7512035438428653,1.074946315086616
-0.2588814615040509,-1.0795288822846658,0.5134483046369566,-0.5845939702372612,0.5144860787058522,1.4745595956391149,-0.10425416471759008,-2.6460115714213086,-0.8150106764464322,-0.4101958653693556
0.46931595887588,2.000939903658397,-0.6084091523624311,1.62167269909852,0.15473873526943893,-1.20659396899819,0.11363671348887355,0.4060103713143224,2.2051241922760267,1.5208123384961283
0.19412431543149922,-1.0424842278890047,-0.45832699797135706,-0.4537723383224909,-1.3276594157358041,-0.1853678421413667,-0.44249877755003153,-1.0864238137946007,-1.8761338778346541,-2.1807756711382855
-0.522325794459419,-0.505663384800747,-0.05014236368659696,-0.15265013609330141,0.5257310475387944,-2.4707491072570638,-0.04393339360721867,-0.7699505791008374,1.5557603440078038,1.123561219020912
-0.09276482616431828,0.20700246343779022,-1.0127388363831942,0.2308404834309549,0.8776478036435533,-1.3474659001582547,-2.4953417139688336,-1.730335508074282,-0.9113104260197932,-0.9178675410901574
1.8146060850809036,-0.294416001859055,-0.4376849376431295,-0.5734979770700592,-0.3458166920516362,-0.8525847475421222,-0.37242901666281014,-0.41768553977523903,0.06645264664858153,-0.4826448614834413
-0.8174659627112565,0.5230092781150069,1.3784463562949116,-0.5060527618611124,1.1789618722728288,1.1829378747559565,0.7267363588003394,1.8425656407139863,2.7651946292971687,2.360607588663349
-1.1416594518666874,1.2576216554021973,-1.0978175963981394,0.6652349192212575,0.7001262764109594,0.03642658648376185,1.504496856764029,0.5519679680347398,0.8968256613630312,0.21148376273667663
-0.20664566435653356,-0.5466193520305455,0.893169308118829,-0.3540197239907302,0.8304118811415794,-2.297320008652577,-2.496756351834757,-1.1518869187863454,-1.284080968122916,-1.5602576389149783
0.6285063975219395,0.4060691342627397,-0.35237236926289234,-0.18996473867663183,-0.21064460673817997,0.17048731432104977,-1.854291540445331,-0.05357035789139969,-0.8780024765670258,-1.5129510942401312
1.122348893475014,-0.5254955450112957,1.12989911740154,1.0884293412637323,-3.2224096199661605,0.1919289735234424,1.658554052555595,1.0036740391201349,1.2311248525683167,0.5875140804883383
3.2008343325888515,-1.5543077185057756,-0.6313944610283807,2.1906642660365376,-0.7805730530608748,-0.18383465954523137,-2.1625690130339033,1.178800518876084,0.07244940488540719,-0.5373733397035835
1.4226949642992064,1.094537334888528,0.12219148569338041,-0.8754770991737598,0.4629727546265193,-1.3551565168381927,-0.5695937272734403,0.2780833189845394,-0.13432096116290937,-0.8118587224939209
-0.5149695893622135,-0.2357481001585171,0.19336451202382246,0.39619195420789105,-0.3494783641610665,-2.009384737807676,-1.2255900445391306,-0.9643463246569729,-0.2659194762423609,-0.6218903470868747
0.0780383815770626,-0.36023778575488163,1.3367324592445817,0.8301713630593793,-0.8504744426798748,0.07737584607502701,-1.3602529264142085,1.0787990744226101,3.3580235076016587,2.7277501815137253
0.282497520495818,-1.2805835594400248,-0.6704370747604799,-0.28176460512326174,-1.0159345878465262,1.8102247452379445,2.195315829845262,-2.237026669360661,-4.15547386882353,-3.923461114739059
-1.1801282699195965,-1.0636872255743177,0.688580348184979,1.7033475496815915,-1.3891398990324093,-0.5709328819760242,0.3985511310047989,-0.715169909195904,0.6550019359813811,0.20270736669874012
1.0396127106254356,0.6543776529634511,0.255351318916139,-0.15775861218635964,1.480221362153224,0.7083600798307574,0.6963598624094388,2.191171109718101,1.4873652243703286,1.2285526352612508
-0.025433554548973055,-0.669874412063136,0.2896600989952081,1.4122009934965913,1.2196646537424185,-0.8702543782003963,1.9035126120503025,0.429253244393491,2.350645439196153,1.6656906095346455
1.0735993719865513,-0.25662662265922537,0.6582637464011525,-2.461927486509427,-1.7259417683177678,1.3160510367955505,2.177794154651824,0.9517498775975232,0.6469390636991826,-0.004852176026619803
-0.6692357623295563,-2.725047379295491,0.8420711531185049,-0.7990683736859058,1.9302788258991632,-0.3849575057228333,1.3597836338518472,-0.4449652520582037,1.0280093773949068,0.48685724075989883
0.323228139386976,0.864252302042491,1.1103521496917708,-0.9518657382850142,1.465652008919779,0.48105000198087167,-0.40281749227984504,-0.48134659185656026,-0.9142335520094583,-1.4444828670374221
0.1011714784060018,-0.3686592790624188,-0.4755890116381856,0.2864134889162658,-0.9707787287891374,0.6747549196730795,0.7230096387921601,-1.9614667510207355,-4.180645599650769,-4.076649417802215
0.3409272715983592,0.38084262148448017,-0.622703363898154,-0.6936879050473425,1.584021565700766,1.488322388880173,-1.127058748182147,-2.5669756156421992,-1.9172456189312386,-1.5436609682064417
-1.4136112881137177,0.3795221060570448,-0.03939933827862226,0.4422270977714335,-0.23514985666045118,1.3477239208864398,-0.19191485937856978,-1.1082026486326366,-0.07744785634777474,-0.3726877016081065
0.5336838180322276,-0.6857908866513924,-0.2566217145713367,0.4434325304677309,-1.6518859289919434,-0.8553826526915397,0.8030630785137118,1.5905070724470272,1.0042682649205024,0.5087667794773931
0.7507611291020062,0.5258673947821136,-1.138939518030022,-0.6026681993906576,-1.7905720350486765,0.02328392551299674,1.4785255076130985,-1.3144345352654252,-4.314161756385877,-4.51728164388396
-0.5932086353118652,0.8384484710255031,-1.8846662652063155,0.27437567010903063,2.1052554299590334,1.0970182585113255,0.5505735047679796,2.3534110747081556,1.4437587748030691,1.258583695341065
-0.17134907033049063,1.035215174101426,-0.3258537335422452,-2.026515376510703,0.2014320302923931,-0.4770965915271886,-1.9423106613606609,-0.4106790084325176,-0.9483837302482301,-1.4994897281432447
0.7917688644852048,0.15255604940220668,0.15234971298507674,-0.007491195252979045,-0.6396691088226749,0.3739172683644666,-0.1437858860806086,0.45651884966502554,0.6762060587789889,-0.009271920429866576
-0.9622873329343057,0.6772819094961569,0.600027438542111,-0.6784514853557231,0.8514489626279024,-0.5219074440470477,-0.12764801053672892,-0.18404783309339823,1.2722634072026762,0.6635971729636894
1.6279188881581952,-1.377467976662116,-0.7005047631655413,-0.293231673919865,-0.8958770130021334,-0.5707049159574136,-1.0326624675140232,-0.39609055770494694,-2.4323273567669497,-2.9875726826157982
0.06961296407976969,-1.377723564297597,-1.2180735080486256,0.22909666127909284,-1.9277401003683625,0.1948380810125817,-2.204253456233076,-1.5342819987038308,-1.1506806469495237,-1.2509935108362815
-1.1999602569417438,0.0370216195748525,-0.6097182121556799,-2.115659141352122,0.7946565508023312,0.21200184178128134,-0.8656833754393135,-1.6347151105179214,-2.446171084994167,-2.4985803865564113
1.4300489172001165,0.8784075637448795,1.6508712685611946,0.24947450266625773,0.8526723380465738,-0.9936690124124097,1.3214559257669234,4.282862484844596,2.0331987855034774,2.6371365629487658
2.0977268109568983,-0.6202312234618007,1.0347014901750364,1.2720265204212255,-1.3135597801191505,0.32613252732221376,0.7911080069974801,2.886478167264504,2.071780854081426,2.1400676566134615
-1.1871255772321774,-0.261051288899423,0.8893951771994837,0.06133730438704401,-1.2632348021603241,0.6835170355683854,1.31462162646091,0.2644650137731718,1.4623842216191758,0.7858887065344303
1.0031289156308847,-1.6678538518557853,0.6046507112255766,-0.8097686615162825,-1.7300954100813897,-1.402030986381777,-1.205452731752125,-1.5289282613655337,-2.6530081052225905,-2.755862714421643
1.2349456911819392,0.2783655821718163,0.7429996099947604,-0.09742251148089558,-0.2671025556532825,-0.3347941978052953,-1.9938861102924625,1.1092885101123096,-0.7196339727039691,-1.3439949311427801
-0.2448490435754148,-0.7236001150409695,0.7134288501222161,0.22335941349732183,-2.364448034519377,0.1505696354043431,0.23376270832552837,-1.2710945410661987,-1.0413922038031156,-1.2642877251803188
-1.3220575863646524,-0.8547791120962448,0.7989335670873755,0.4681139892158542,-0.7370245383650822,0.5501542885130107,-2.248183318285421,0.09813033617490513,-0.1694513644765978,-0.8282903637114299
0.06132640284189655,0.29463475610680534,-0.8553940155128485,1.3986563207056009,2.4837769542672987,-1.7526077356083287,-0.16132461957964278,-0.45260496038575093,0.9577057605080609,0.4188142272617482
0.7272733295833577,0.059242339623533355,-0.5675301061121828,0.4712649378042666,1.0130558682611246,0.9514614818750462,1.6537144127516528,1.7301768762438545,2.0544946325381703,1.6076402343162486
0.9211488911039007,0.24614667616977054,0.001310929567486677,0.762968462221253,0.6675786736483988,-1.1330825060783118,-1.5023782162350305,2.4842907338410303,3.585271820773773,3.461284683209195
-0.8714945500172814,0.24843272057809115,1.3983384764562672,-1.437190721513814,-0.028015214712514946,-0.9175273024030697,-3.2136831083094473,-1.051611648965086,-1.2571890040951992,-1.5767113132512098
0.488701685964625,0.5266987442553219,-0.10782596636298285,0.4285099939294968,0.28896608603199725,-1.9910480612047685,-1.2954234591839553,-1.113403591079951,-1.4001933973199783,-1.6931777576995704
-0.5049386656367071,0.26851803271809,-0.5069497590688599,-0.8133389484826758,0.338695966072605,-1.2457769697330259,-2.7320105042482794,-0.2615080644764147,-1.81535492220871,-2.406002097548455
0.24164945717108324,-0.33708781938915044,0.36132722976516757,0.5174737634736577,-0.1624660456864735,-0.42195213340644266,2.7907104373775584,0.45419682280172197,1.032935244549436,0.3474920936605796
0.7502309767996618,2.0682137217456624,1.08139496207789,-0.7308066006018228,-0.25938165572873506,1.8763990031812945,0.76150697959094,0.9855820008577998,0.524158400123253,-0.1223997905126598
0.5132338892650665,0.5947140374109148,0.027502956717093883,-1.1299825149957514,0.7957552188473997,1.9848043876742827,1.9644704364152794,0.088423045738144,2.0637577558802787,1.406227649053171
-0.6913646839490503,-0.14672121763829732,1.6317993169373757,-0.7783147354857667,1.4260995469025735,1.195632587296697,1.9764499929465678,0.8991749500794952,2.1563247727188104,1.4971278209239367
-0.3690912110780789,-0.42467830310147703,1.0263056600127167,0.3104817990832176,0.2269466038421769,-1.420063292907035,-0.18814864559917127,-1.50501438963091,0.16753700185486894,0.05334716095854805
1.210752849719629,-1.0499494736586221,-0.3162207567722346,-0.8614512495310949,-0.6357180254521653,0.11638444598090417,-0.5992159771899456,-0.17717399289600888,-1.47798988283787,-2.088169444755119
1.9429160901160827,1.4906990708074208,1.9437128146381693,-0.11860443893777378,0.369204487988409,-1.78003736149762,0.1879647380315559,3.0320595122413363,2.10679662823271,2.244148868405931
-1.4987455655664481,0.7417471580040879,-0.774196406844152,0.059866667575912316,1.3899092993697577,0.7397983029787547,-0.22300781869210215,0.6335174877401508,-1.0036645139395732,-1.6864670308813698
-0.01551471643660676,0.9943153279713034,-1.5863837862153656,-0.058384292868039825,2.87277426864941,-0.5355706799476538,-1.0183848771165556,-0.5341252306267155,1.1798322795842218,0.666009111713536
-0.03532868738075317,-1.7602464516938576,2.5309914808089147,1.037916351491578,0.8777793073487529,0.32446434023217685,0.6045625769085342,1.360349897088227,3.996852528766686,3.431711710721273
-0.24945663925342954,-0.40065402397866623,0.2767635200835255,0.2449863258925077,-1.8335693740859789,0.28793533063145393,-1.2934838436684253,-0.1349180239378391,0.014062224284978941,-0.6051086588001492
0.42436468617480516,0.9126541492670835,0.5333581569882619,-0.45962377181681285,1.0082437407855442,0.9581989473173476,-0.7766302689304568,2.1119818353807567,-0.251244661558923,-0.5448459795387866
-0.3983439693841611,-0.07546616541773506,0.7334092352543735,-1.0040155985719073,0.3758698451653685,-0.7097830082061248,-0.7045577271474142,-0.6383678315855607,0.999047730969936,0.5197056945555344
-0.033587729507546835,-1.0883456842877428,-1.2039859231201735,-0.0074101017112675705,-1.060575679824865,0.45364773039615086,0.04918929036966957,-2.2847109364056233,-2.0894110388214355,-1.8359901577203246
-1.3662573959236188,-0.1270530308224699,0.09984192931067465,-0.6775743197059766,0.571181595093101,-1.086105695692307,-1.2755377686658624,-1.778126352500378,-0.3232922132070941,-0.3069086609277205
1.9888002991954077,1.0033848126307148,-1.1260076140818494,-0.7425484073578179,1.019536730449969,0.5839748964217841,-1.0128092547841532,0.1827429048190394,0.13925517745671356,-0.5296982766958519
0.8857535965320391,1.0043079716158538,0.015148314425379774,-0.29595489553597387,1.3291680005924857,1.0680228266645162,1.3602465439747224,2.0106848326910756,0.27512144378296877,-0.06165179781082575
0.8795286292730413,1.5595900754357908,-0.04649876484692702,-1.395701254292533,1.8263317512217805,2.574231768153656,1.302231975167536,1.366295677420542,0.008856965717094378,-0.5546620112980714
0.7364946928981971,0.6200405519503852,1.1869312661139169,1.9272682005011086,1.0451287732488883,-0.8379137659595471,-2.8658060057770367,2.3858612756246877,4.3797871961173955,4.209657916498855
-1.9221474615811829,-0.2209178116767764,0.8738578190587772,0.19106887055015323,-0.9444304369262737,-0.42482300239676496,0.608981215773704,-0.9451914411094647,-0.3623739197397736,-0.7261722272653377
0.9953849247451347,0.21047113527567066,0.6825623995783929,-0.06815016094618237,-0.20879952835315974,-1.0852409238366896,1.2415408020774519,3.452022109202967,0.14197366527808264,0.4681218698107982
-0.5841246492839534,-3.186833168423198,-0.04189326861599197,-0.5116728736078634,0.3526376486971807,0.06381466347318039,1.6171554514109103,-0.022361638527010452,0.5505588119713458,-0.08989914395720433
0.4985359392890127,0.10654751800742328,-0.5599128815844238,0.08019941492130188,0.7620718547091223,-1.6393413458552946,0.2387762347851108,0.0374987179731492,1.019509933348598,0.3693421985895663
-1.6916526825306395,-1.1982578295254276,-1.5698396330339763,0.5484374375904846,-0.8745709833525744,0.7511878991737992,1.4259465823414637,-3.251450770884634,-2.0572682293178044,-1.4606203325995637
-0.14118132125418123,-0.011665221617954502,-0.11913358154747808,1.0674147752048524,-1.165673880592002,1.8025907348468369,2.2964751528197986,0.6325815192562891,0.2655918307892807,-0.41725247277103805
-0.7349421921625213,0.8720273104421493,0.7929778124741449,0.4760564634692538,2.213092944526833,-1.5451426829412946,-0.17159611070862435,0.21707664025834084,2.9371227685611014,2.2647325121540067
-0.9082257415089571,0.3025531052995928,0.054632917018319266,0.4827430480276039,0.54523909100227,0.06473227581823782,1.732542978383108,0.8526216154451601,1.668845579687253,1.0038360395988934
2.2911783021112773,-0.20159719825737402,-0.9433556528302922,0.32530191790279944,0.6478333432637178,1.422120552253832,0.5696901182457197,1.0574741529272493,-0.06267109138369331,-0.6969091862852972
0.06340491824305768,0.3779716181824551,-0.3984677450534062,-1.005517915637302,-0.453067626659311,0.988851887285559,-0.3618355287446192,-2.3031685436785576,-1.7225885228151845,-1.4609554856993747
0.6681486445868955,0.5737936916613606,-1.156249250301063,-0.7175863700724799,-0.37533151684763866,-0.24146719772543762,-0.12983561383158176,-2.4060126318793738,-3.5954569857307788,-3.2889040764703146
-0.5294578065160314,-1.4440475091818001,0.5565262530158617,0.4839584761673619,-1.5072848885370005,1.753602978263296,2.110391437268603,1.2067746147664669,0.5354152663559024,-0.0681473708735485
0.5332307446557389,2.3705384690192726,-0.9277444860020049,-0.7323659384897253,-0.7028545757067679,1.3662159463625496,-0.3213041072335897,0.6409994395706817,-1.3831850443566436,-2.065642992521255
-0.4496406876332056,1.2538198164059857,0.5954741918751588,0.24440166665697385,0.7697125703066319,0.983987990872274,1.4286634606558946,0.7012266050056144,2.584060554900158,1.905057185795724
-0.49775511137739886,-0.6714358104531144,0.561480154509345,0.42198349438570154,-1.4116386423615388,0.28378068940450146,-0.3833737366190633,-0.1974290899444118,-0.7787235137661893,-1.3844033774726583
-0.5526704358222728,0.30963574113684333,-0.8713247822029784,0.021173398300154498,0.16374425274539817,-0.9776569731372754,-1.3772997800586353,-0.22246755768235316,-0.8708661771200105,-1.4708155253773099
-0.8526016509997196,0.24167894645514257,2.5125862159445753,1.2400111508905949,0.02711231716213458,-1.0469536387205303,-0.7082416663125872,0.32607449639749964,2.1524478465123926,1.4717285729233591
-1.4293624893547543,-0.07337392564750742,-0.3291521429792405,2.1305421736381684,-0.08666361855805517,-0.7152906920566422,-0.4143902125407255,-1.7685008561752014,-3.964529370006325,-3.952765622100804
-1.6745825338650813,-0.582173641427124,0.7075047533375621,0.1268312674731806,0.6205284308954395,-1.476208442155418,-0.7205697776711052,-1.2771545968985811,0.9573475719327487,0.7372052749230676
0.18217407176913725,0.5632362944576398,2.8987297467538493,0.08624782708870292,1.0955206176961862,0.7043343105741342,1.8890105621403412,0.8073461888382824,1.2463556119429817,0.5763703167219514
0.7660706615180093,-1.9918154605329246,2.0771057062529663,-2.2156003757498284,1.5675877050756302,-0.18614842416743027,-0.7300149283461674,-0.6280550631409405,0.019496330102644843,-0.46337375519272606
-0.5904809833606145,-0.7841884956353978,-0.795733263751017,-1.2163629293524412,-3.0546201351568882,2.4007319666490243,1.5011080811151953,-3.4808858355876833,-3.7300214764170097,-3.086981087322735
-0.6283948123082749,1.3953417725192776,-0.49026352038141513,-0.3248599046145293,1.7895796657836749,0.165111838583682,1.3492727420903974,0.3656965946137356,0.2204187190678753,-0.4623484839408978
-0.03996288208555757,0.03192823114642443,-1.2855554808691156,0.8515075619438095,0.9465783335669509,1.2206570403918875,0.9058208532793248,0.5611609563759604,-0.34167412025092025,-1.026841325306885
0.7229272720050182,-0.13530656038573954,1.3279909237343694,0.7476416006957609,0.5784326196461533,-0.5477136391831773,-2.475685410792786,1.7136050677695955,3.2768303482355168,2.823971372075883
-0.6514939113725167,1.1806675820133257,0.5713395274951139,-0.7955562945478909,1.8202086604738326,-2.3616529172391374,-0.4986553922181358,-1.1399719351293027,-0.7679135841223107,-1.049316144071501
1.8959231438351147,-0.005878111822207206,-1.5834818199036842,-1.167524642367354,1.2868709510854028,1.2013518134872343,-0.6054126588720699,1.4751889097681241,-0.5442233626272166,-1.0763423949771105
-0.21134903484635684,1.0881036268142823,0.3921166494429959,0.5292386062125669,2.2571388999847968,1.3543984872781818,2.9903743103465095,1.7248037848353788,2.2742785729624577,1.825470678657486
-0.5901663906588633,-0.3941487988218604,0.9747488776161142,-0.04014412668221054,-1.5849365862740545,-0.06832355251636968,-1.960537754372854,1.679030821963949,0.07189098947708028,-0.3932983844747825
1.8810350378456329,0.6839545367796709,0.9177540403490203,-0.010258902962348227,-0.2505180499060825,0.1550143582283232,-0.8748336515026514,0.6931203783611877,2.103274504464135,1.4237357361634422
-1.4175022828031374,0.7374192780346799,0.7475766133184227,0.7489870480899572,-0.6626478930734228,0.8442930867133719,-0.1399973161582893,-0.8939470221667196,-0.006095795948260152,-0.39050921730979915
-1.068634071174219,0.43344887299446244,-0.6992820942202028,-0.31865513935178663,-0.4461903573152338,-0.7640776813217407,-1.2316475311197137,-0.7114451349243748,-2.235518931624436,-2.689156059418829
-0.8563437132016369,-0.11228568094551782,0.3425776040000379,1.1673016489686168,0.09777244863582349,-0.737657901691344,-1.3177665858080234,-0.6319768787397954,1.2008250726341607,0.7192937045571925
-0.4793769216185798,0.0771299094759838,2.2304672652708626,-0.4016962657871443,-0.024295093815204755,-0.07029298103343762,0.6139614664666244,0.4062031592700374,0.9029606675256616,0.21864273530400838
1.3308951462103829,0.3179737038403138,0.9610071054754211,-0.1720800686677191,-1.4181908034791828,-0.6558345461261753,-2.6410842328076916,3.3218238466404966,-0.3672484730836919,-0.09735970541716021
-1.4554357383914944,0.40145307665129104,-0.7399284960067668,0.6010941788251675,0.7644461667890483,-0.6382697719879348,0.9600192022002225,-1.6504791377162071,0.7947039722073002,0.749843208279716
-0.8309316621944665,-0.16564914296742564,-0.4918175308794355,0.2822409334736962,-0.8860710346882967,-1.167360027580092,-1.7157166092425198,-0.45624393695196863,-2.5031747078235567,-3.040984038583532
-0.4692924691278747,0.2882247585790479,-1.4847821857977659,0.4072205267010186,-0.21164223061249443,2.877766883272031,0.1602572530773254,1.4731259640309862,0.3753594355778796,-0.15738378001838882
-1.1995174551330363,-0.3790379551031741,-1.3360374862754003,-0.2852367266789288,-0.9871049868317125,1.5157038830458234,-0.9872656071181138,-3.152419670552822,-2.114771754505636,-1.5429773726897509
-0.5411476637985864,0.09036807497600378,0.0317557480529505,0.7512319063289236,1.1670427067722167,-0.571143714854435,0.8933496034036965,0.27332692869178216,1.701733628555844,1.0245528947106355
1.2291078044887271,1.8241367532841493,-1.3311134590393503,-1.6918205967849376,0.37381849788152705,-1.260551825560532,-1.0221768652585648,0.19506602753672347,-0.43144945459697315,-1.1016810121668035
-0.24803094088726477,1.0224525156798407,-0.14901630194123433,-0.5298419048551715,1.6417273455868315,-1.1240918481198605,-0.300305478449166,-1.457417576746996,0.47988225844320964,0.3432297482201552
-0.13998581045575814,-0.6674418514687955,-0.5457299867862389,0.0874169003674315,-0.22624315996717548,-0.3830383090589903,-0.9134963153548188,-2.598568187580735,-2.1462781785213148,-1.7600674978706172
0.32939337126328755,-0.3926655731318583,-0.7953102326878396,-0.7723631987255376,-0.1347615748548221,0.05318172532284243,-0.3048710674251134,-0.27665733713896046,-1.0300262090552632,-1.6169445890317662
0.05830325023100234,0.4696071537746764,1.5752682922797958,-0.4354939704978845,0.5603126822244378,-1.694939351650175,-0.1084785546495752,1.8908875221722323,1.965641094427951,1.5800122530866596
-1.3724765286658467,0.9583499706649987,0.33521622873625584,0.5661016500151258,1.0078637671046284,0.9922925825668165,2.385577931867674,0.8523368890544113,1.8943271476448573,1.2292842236955628
0.04759153392824659,-0.8331023135620341,-0.903930186104576,0.29382470293280605,-1.2855272866613408,-1.4693515720794639,-3.196401068897262,-0.3901768994842344,-3.072691708897024,-3.629598507590723
-0.6860460447523755,-0.10466259887153417,-1.6891599877601127,0.7760673699118854,-0.5607415403813129,-0.78095920840703,-2.2443079202042195,-1.8842565009461945,-1.4588048692626328,-1.3915793748226881
0.6291102726745608,0.6516950361154866,0.26942968642229037,-0.2364908242177493,-0.6222139803834406,-0.3807708815241605,0.9682995205869352,0.10927481769007474,1.1392002380957464,0.47889607489385533
-0.682291919471537,-0.1294617432902554,-0.16591299357691935,-1.1409772540750838,0.6583688783946192,-1.1985327011726268,-1.2339529232086448,-1.1610155021749362,-2.4156348544355497,-2.6877947288009327
0.5614515115419945,0.9025830130878636,-1.2844297767776638,-0.06759137194751302,1.341520464934273,-0.691168734094913,-0.8076714490189154,-0.7905389553483875,-0.4160168514941719,-0.8404975381452385
1.3422565029614246,-1.5952370575034733,-1.1559276391842157,1.2474241558843386,-0.12032655823739948,0.862171476807227,0.17089437503873123,-0.3697793427161301,-2.1413116725594064,-2.7038758670127274
0.5064828222422593,-0.09355691140223887,0.12082382071220285,-0.04545170381294356,-0.8894628770025216,0.19749548847392606,-0.21476676508723003,-0.46882488483378865,-1.1826026359460478,-1.7166436502098392
0.9791085843871578,-1.7428342064211617,-1.9005895812119182,0.8027777220245651,0.5522961837185366,-1.2892252501939716,-0.9320754921140395,-1.5932862225031212,0.9346493757380694,0.8624348263028575
1.652508085659306,-1.2813231181824214,-1.4051720083545043,-1.6394896847885305,-0.3541236637239653,-0.2679384432619293,0.3082220953315137,-4.391270221913051,-3.0495820042880872,-2.39093137764348
0.48049938931254793,-0.060594867616220384,0.9722438561764909,0.1579700986834076,-0.0038109582597973396,-0.3334923376832775,-0.01854545014841874,2.448599615065027,2.2821700840026633,2.14137196914605
0.39335899215245823,0.3573981374921086,-1.6218224476327983,0.5655369730297722,1.1143137473786684,-0.5263833041618126,0.2043617627224144,-0.6689012641000223,1.427486200507727,0.9587355570662806
-1.6630299907401116,-1.435123921515116,-1.3099894066827018,0.3721054010278682,0.6064944918211167,-1.7934831698890248,-0.7435381175513809,-2.1508270978732726,-2.1685164834813184,-1.9758429912253859
1.5107318635760318,2.084269569390429,-1.1020594697546284,0.4528252555370954,-0.16489823550426042,0.7503009328996791,0.26568351253556066,1.9529227133731553,-0.5361524764256279,-0.8967992757091506
0.6853468687695942,-1.176959709289744,-0.7596210211786135,1.4612746032196307,0.25940379425555593,0.08692051953511576,0.7353897576360908,2.5505103733881613,0.6938177521740979,0.6012179465326896
0.41772208265641414,-0.8940651290000595,-0.39876214342384225,-0.7723534587650214,-1.436751682318608,-1.9303550467520205,-2.3287385507725253,-1.4675491952682098,-2.5692624915111617,-2.7011453870981406
-0.3202451414879415,-0.953813253974137,1.8012376500946097,0.08216220703933917,-1.4800764133808482,0.34054318028316155,0.3736896434887451,2.9157056918237894,0.04283780037259022,0.12507048340392446
0.4924910783628259,1.0698765562039922,1.1675524379822226,0.4728021742346147,2.858602529275659,-0.8421700672171832,-1.414480326347137,2.008188441449468,3.617392731688197,3.279576045432397
1.0561343794715412,-0.7953856656849407,-0.32847660938700757,-0.3613401184982914,-0.6270517690627557,0.670468001067636,1.1042093848886343,-1.7876384717668545,-3.5145910418093367,-3.493642830922526
-0.7708414728776626,1.1118399904955458,1.3907422492063,0.9305866894908111,0.22248162159568707,0.3810683909649976,2.139532456852108,0.25521987112071987,2.5111265965608176,1.8353736770661526
-0.6727068430093639,0.9790210016385783,-0.27991701116522155,-0.6198289771422755,0.4218274793400797,-1.4591387123465303,-1.104575567767323,-1.173261203731477,-2.6161692024348238,-2.8829232499797444
1.2355569413561593,1.3915231704616478,0.8078541113635086,-1.20028709543369,0.06362414211048234,-1.2676704025825618,0.21581545978658523,1.9847355852604642,0.1470923130026991,-0.2004764231319338
-0.9713442164466817,-0.9233082690262946,0.14798630485905276,-1.4640847227255946,0.5786013277894574,0.3519360942209751,0.7639886349398417,-2.784248962165565,-1.57990444331221,-1.1235000678008
0.3263397436463496,-0.7841487679347026,1.8753868135166818,0.18833878627431247,-0.9758431728730286,1.224633100745526,1.9036875354035647,1.4293652647926423,1.5990660652363906,1.0533459997863972
0.14707243936065806,1.2187767952710695,0.9038867590956411,-0.39009310144111353,2.2789434637832766,0.6909334539777919,1.321912334628694,0.8989896435807819,1.8053729909656837,1.1461515101417947
0.16812239017823535,-1.1064190310885833,-0.8402551458724171,2.9271444829213076,-1.2454355058304336,-0.3564506045611,-0.5844167741391426,-1.2481011791371346,-2.08090583559562,-2.314210876497002
0.7381878657346322,0.9624052250727665,0.47517735690070045,-0.17852401695425968,1.6593121216595117,0.3457204375960953,2.3744515867962344,1.1537253675699766,0.9660589196886245,0.3508234685860474
0.1855495026419825,0.5290746935951245,0.117285499739713,0.1696396062990212,0.310977660488721,0.15633965191131205,2.2126849165893847,0.19967500143409644,0.6814312624984189,0.010734490747951207
0.6499362592233187,0.5883190944841262,-0.21089585659502866,0.9298419486039862,-0.2889189767383633,0.6318819499805224,0.4787036469811954,1.686324522686055,1.5677441970318364,1.1051335782639407
1.2681220109201257,-0.12359002609875938,-0.6676882517397876,-0.7031580838227753,-2.6073812081708065,-0.4163261373889947,-0.4198331983073724,1.048620646040903,-0.13943353223190402,-0.77527622035318
0.3423952147072905,0.5813598745533015,0.5443505666873012,0.6161411975887147,0.8194436314618805,1.3293405687296327,2.4546593961322425,1.5316849203871798,2.1729442616431727,1.658345964553212
0.9246793099555449,-0.3341926426677456,0.8283933975886438,-1.2141258393269652,-0.7375548792285038,-0.2276277952765599,1.8035092772995318,2.3290643517875003,1.0983620818525763,0.9019607565076203
0.5757799426328459,1.1749943657863446,0.02057014614132335,1.782512255699495,1.5224759155274152,-0.2801563307200545,0.9753721411955651,3.4709847679984147,1.489478597516203,1.8236056477372509
0.03180303119574382,1.609051739345484,-0.19001275038672563,-0.8793190104964905,-0.20225670989853387,0.7029257339403953,2.625900101968262,1.8078604984330156,-0.831775232914711,-1.2496938381189175
-0.4514652794127365,0.17374124162678328,-0.500579197288741,-0.10409278233445084,-0.40827674476056375,-0.6113984207360321,-2.036873511536067,-0.09556090410252671,-0.4090738174692111,-1.0361321293617745
-0.43429728999342787,-0.3419124331499155,0.9697519678831157,0.7611052967731479,-1.7438713637208072,-1.2141036417086486,-0.4029947666229622,-0.7190498387741197,-0.637043528719663,-1.0879363458199403
-0.9046878481832002,0.29495397572201704,-0.8206155777432503,0.5826444514891401,1.2808124225694972,2.710727457883167,0.034424002264226705,0.010317262217181433,-0.3557278546352327,-1.0016270558424474
0.583306057665317,-1.2308775876545464,0.8806086715420478,-0.4615975706406716,-1.4475208431108209,0.29030634142822376,0.4293479580980132,1.0790876220928989,0.5775180646316557,-0.05270064910658706
0.8946018308595699,1.073650973629245,-0.4755164933967841,-1.4431225113895292,0.6310497379391863,-0.06816441635861259,1.3406292328480833,1.2742491413223687,2.074813904689881,1.487298355865335
0.00023192090081314574,0.03409102824027652,0.823555979166855,-0.8356034883951688,-0.6964092985125817,-1.0940572525649408,-0.15778757545430092,-0.7245385513785193,0.21701175494156622,-0.23189240614007578
0.9450842781103186,0.6498913152017911,1.102882509651911,1.595853813596986,1.9125585855163163,0.9987013084649372,0.3381525683068423,2.412737558127942,3.26733687788699,3.109735800933281
-1.549189696554359,-0.2576561449310015,1.1438251409479183,-0.681595404786398,0.7681718850522425,0.843939341347264,-0.1841770294936339,-0.31670635468089414,0.011595012833687024,-0.5651490787290313
0.2283056718702949,0.37338013229242156,-0.23122541526005833,-0.026735113508138265,0.9646920920621638,-0.09835433324120557,-2.288395657349108,-1.0092116681707615,-0.8589983758686699,-1.1963874971465034
-0.5175636047534642,0.4473271140929201,-1.085687822525401,-1.1133347338489037,0.13405970423758906,-1.764531603939488,-1.8354502755332347,-2.5093324771486496,-3.855717221086505,-3.5056361097674866
-0.060636870318637084,-0.6536453144207003,0.059623605685257486,0.45015084686433715,-1.106851920078691,1.104111859927598,-2.142830725444357,0.09552183571913914,-0.979788012205504,-1.6382782780867646
-0.037979399352534665,0.6433602679400325,-0.7589656769193776,-0.8265449943664254,1.944274291798619,-1.082929114948291,-1.2367036939095952,-0.722412457125132,-1.6005533558300478,-2.0502286257266054
-1.2634802802894085,0.056300584983519135,0.953475757974782,-0.6245235165709844,1.3130195091518941,-1.1488489723926245,-1.677920219823947,-1.352220430233459,1.5475919098805062,1.3618665482548193
-0.7911950764314347,0.7690063342867238,-0.5743199196311737,0.36960283367955005,2.017101575263968,-0.16138735684128924,-0.12834162819685446,-0.6846681710341955,0.5910439842725509,0.1278466863795915
0.7745505625273791,1.527290565963446,0.9335386418967595,-0.361262768070139,-1.0384322578949559,0.9233060204699788,0.4382206354955246,1.0276346831811982,0.5320474408615752,-0.10750104219357538
-0.44530910362820486,-0.4546996089395538,-0.516566369516768,0.359063137386002,-0.9782954286681819,-0.49764279612887957,1.5116514790854776,-0.5906158673091618,-4.506317318886951,-5.001782695287557
-0.1377675664960254,0.7726089038302966,0.7853061394150417,-1.3733425773708205,0.04154551849245525,0.9042632858943945,-1.671357211396551,-1.7533018540279157,-2.1504463210893228,-2.1459784141361116
-0.8434590095052101,0.38799607236873607,1.2745496384967592,0.15598282194319613,2.109891112435636,-0.43141973660264377,1.5971638128302572,-0.18258782187508604,1.6852116275179432,1.076222780921171
-0.7632608465178519,0.7579589053428157,0.6919877262635519,0.3377562895358442,1.8040124976117777,-0.9117010991102225,0.5242485611652283,0.9938099875373105,2.231655024482922,1.586424447152347
1.4773735741570004,0.09439261971228739,0.8039020972389461,-0.056928689710437776,0.007093058736139579,0.5979224144488413,-0.5304991093506886,0.8881219295228439,-0.03414336572624488,-0.6947839918750305
-0.9903767220668072,0.7865024751282612,-0.3053966946763874,0.5778533593791424,1.6409566383132412,1.9762033070874216,1.7926841920960563,-0.19766879599860276,1.9171424162562114,1.311516534389306
-0.9934337741346996,-0.6042864105341543,0.1345197417138647,-2.3171840809670696,-0.1233133919594871,-0.7368814989717525,-0.3899569620446225,-1.4497160310064068,-0.8919638201390624,-1.0322373656230335
-0.38139034588132553,0.6806275660201933,0.071956478850188,-0.8162047603215136,0.018462082586541917,-1.049120287746791,-1.6039196425561284,-0.26235606796750843,-1.9911594061459454,-2.581599607589766
-0.36306967594855355,0.4226819710134058,0.3433333493190698,-0.03044438368204391,2.2230781686993826,0.0899823489806828,-0.5280813836387557,1.1936641716553433,2.939352086494697,2.3328266009097485
-0.5328749011776533,0.884673861070927,0.0848134349724665,-0.21731665595021024,2.0206847250172717,3.2939653099050443,0.4331445363133669,1.3310986449098583,-0.24024153669730852,-0.8132181899038649
-0.07725942125173636,-0.3140054151137609,0.007973901761456523,-1.195023440716005,-1.589313602482588,-2.667995870643158,-1.8820729219052803,-1.9534761154815767,-3.135129236482675,-3.034926259993204
-0.6688762842270382,-1.2204689574126604,0.7907431636434652,0.5185562796860408,-0.9411223012862477,0.5300931038529334,0.5926618945569038,0.0031452156260645125,-0.6367221377352176,-1.2814559986267522
-0.2552376629911363,-1.466792013056403,-0.0607400949812701,0.2837847628145464,0.18494308790237723,-1.6157611673222172,-1.8257929138033395,-1.132467612135011,0.2134505241608079,-0.07123339352860047
-0.7199669452743506,-0.5171214541513022,-0.07520310797065956,-0.3444778269828634,-1.111867677190632,-1.148053935361005,-2.453068464177929,-0.7710856769461617,-0.5090680283802465,-0.9408439366456331
1.7074134555781557,-0.1198913430217123,0.4813344791110738,0.7953523846335732,0.29224371478432276,-2.436731709659083,-0.8921270310671976,2.506326610888947,1.9430838113420663,1.8295151656266524
0.6147970400655409,-1.180898972678886,0.17555010692574646,-0.5766240827058455,-0.5312869558891228,-0.8620129955617932,-1.0471069194743303,-0.6768803169863599,-0.6618152769354815,-1.12776267003875
-0.29834563658685337,1.0640702715413117,-2.100782970969444,1.795550320593858,2.3477101438932673,2.273977624169466,1.118002941129909,1.271751761896773,1.4177979941645593,0.8296649247750436
-0.6759734968730449,-0.7758992226529142,0.698655007498772,-0.8816316383387469,-0.8824868242673931,-1.723041663482979,0.01957062018010658,-0.45093776263375707,0.19454250715627297,-0.3448436697905839
-0.22625004586920516,1.1467139321235305,0.37358232807049097,-0.30283819846498894,0.1400596210099876,0.9445852271015731,1.5266534548010076,0.35818688636284046,0.26643344219360077,-0.4159859047972084
-1.5811296408134259,-0.7845397731336458,1.3919046162709743,-0.6057508957091364,-1.0921060153358526,1.2395470487304572,-0.6184451258555088,0.18087092381446257,-2.5198101981930474,-3.1885651406902067
-0.3816559219523956,-0.8941589223868048,-1.1506232603887143,0.4714214420359701,-0.30725257809374074,-1.4843703090215095,-2.182959475984666,-2.7141754862587715,-1.505295683165576,-1.0745381408918426
0.27745164162190067,0.24739739068762426,-0.7236533718409355,2.4523617225834236,0.7397521921847521,-2.027964521175428,-1.605838925227224,-0.8438213240942446,0.8624230449338969,0.4583228836011587
-0.015283976967179981,-1.901043319444915,-1.0757245569927978,0.6989340496104217,-0.23301286823382328,0.8617799456260413,-0.12376325371272923,-2.5037533942793,-1.2085637857068292,-0.8607883700569555
-0.021782770230706308,0.7742847022596591,2.846103419481899,-0.769534752661852,0.3010727308610135,1.3148104032649504,2.0247916478118757,0.5649284705300224,1.09732379092547,0.41223637674799474
1.0061239988381874,-0.10201821910253371,-1.1017887347491309,-0.8227607169708431,0.1036955824426663,-1.04172007624076,-0.7055552428725385,-1.9371069600535236,-2.5984600251636856,-2.506037250084244
0.251983393867307,-0.00662466880720304,1.4191463739095227,-0.9548005916325766,0.06371781143545359,0.4138651463300348,0.8658613785206613,0.6593930081059634,0.34713574156261595,-0.3343955637233455
0.13328306400102352,1.0914462083328687,0.20775352812345455,0.8145413583917634,-0.19945212540044543,0.4505247593760808,0.9011612817200196,0.07718324775124796,0.703360194666947,0.04738354161997718
-0.1899720331162975,-1.368579873467243,1.1789698381259186,0.18806931360664886,-0.14064434887680244,1.472640336123177,1.0588102162863122,1.0454628522513192,2.3527841579762288,1.7163750626266412
-0.2553679839678163,-2.1101257931021222,-0.7962956117193163,1.5409119257300958,0.5733063915046748,-0.6496488737570117,-0.48021595479594636,0.31317630356601756,2.678308922106075,1.9983693691205724
0.6664212471214247,-0.88881224059582,-0.036226736183854406,-0.5118891395947914,-3.510008288541983,1.2801504401985895,0.36294025083344983,-0.22082809124865477,-1.9576757087480088,-2.5580059371588275
-0.07261049590777771,-3.1670917538448413,0.15225055974717475,0.4737069209403837,-0.3050575665344567,0.07310518850649261,1.4368287048288355,-0.3449938821391847,1.8049605978160417,1.2356764519932673
0.1795956498166239,0.8714127485644129,-1.5001944091735144,-2.59420261040005,2.4356307607925283,0.9216816538587399,0.8546647353505327,-1.8670656377307435,-1.2633109342763633,-1.204302956645036
-0.5524727756583477,-2.2814247688601785,0.6381425693751458,0.08748129554667533,0.8619810836611153,-2.507059964319691,0.20524324528892657,-0.5597032524813307,2.427924849998114,1.9223159548604225
0.2697294760484211,-0.23560854346914806,-0.6672311294345251,-0.5786377411540885,-0.7937411980817765,-0.9667385053853983,-1.409943853912253,-0.2549862099415545,-2.495985447444687,-3.0882174639111684
-0.13036982811213574,0.3217035035769763,-0.5816318521538346,1.0604426968209726,1.6638678841752497,0.4688583684645673,0.7687968935968199,0.5803523743230319,1.7753705624226266,1.0906594828709864
1.2566223075370238,-0.3433568266419392,-0.7774742057596706,0.8146793971744297,-0.8509489340479084,-1.7371002823674742,-0.1490170332758668,3.0456472716373613,0.031149434181134444,0.17488609864663748
1.285747207445392,1.577840330090403,0.21837159316764723,-0.4313223956688573,0.48896212986257304,-1.0723015937261695,-0.18721859052046685,2.063766144819596,1.1717404843034334,0.8573925256429304
-0.8467108749404614,-0.300074696559892,1.8069560572956784,-0.08405537891442696,0.41325756847096284,-0.031897032418727295,1.1242341132341815,0.060196404275041256,1.1152302993207794,0.4616784271923172
-1.5105848372588233,0.21861949513181134,0.37246547296893157,-0.7643525017161752,-0.184164319026888,0.0824566350362923,0.6827680276861472,0.29622776679437046,0.2766000846790836,-0.4022306393756781
0.8184495258242149,-0.644245122455071,0.5344543921665903,0.22259835141664622,-0.6263194783372033,-1.4999698092142713,-1.477708647418936,-1.2011403770202729,-0.8279315306358805,-1.0823059283383456
-0.02566159734583207,-0.3471644489859923,-0.009834752751762231,-0.3008791298040836,0.19207615978874648,-0.33595400707230405,1.2636227271427183,-0.12218478547348188,-0.21415298328048035,-0.8359274116098386
0.9929959746339054,0.3540416193601243,0.18554863164420277,0.8395467957708216,2.294577838301577,0.8348920138850076,0.7680402486945626,2.2878976485440705,3.078748425629233,2.8634966516652547
-0.10001020087617514,0.3027259859441259,-1.2757662143798951,1.7400568420204685,0.029962700591938396,-0.46074826547690684,1.610786604282135,1.7296105228803573,1.3951698600257467,0.9481092540634056
1.3834746395269415,1.1855840563897397,0.5475313768797165,1.7390075092202382,0.2024210592488056,1.3468756478616668,1.78821341958207,2.823312166021956,0.7502881320850783,0.7883454457860277
2.414127081288467,0.6412921116527595,-0.10572418346207736,-1.3901366778289845,1.7204824707871658,0.04838989948693484,-1.4830514252358133,-1.16382762321664,-0.5858322834686581,-0.8567525102579995
0.10929640639545121,-1.1390989171044161,-1.3392985532520738,1.4621186277874199,1.781904983776028,1.5111850307480568,1.5704754756559178,-1.7200093164046684,-2.959741283429415,-2.9712551173159287
-1.4443899638476931,1.9905854940663787,-0.8722759849069361,-0.706446932734573,-0.9320884557157231,0.8216629081857686,0.4087821536389382,0.2508724904585369,-1.6184525348520944,-2.293846475503863
-0.7900404284729984,-0.05239807375768241,2.0049082504315643,-0.06946394038200131,-0.9305930629035771,-0.42845734286797477,-1.2152403561196332,-0.1397200586916985,0.3346720196229148,-0.28350421414192717
-2.3816250313370735,1.7702524133325568,0.7128084181221012,1.1378512275948973,1.5261328233639873,-1.164649919393207,-2.818869774467671,2.2347922171127323,3.9525781806014093,3.7132753704050834
-0.1243652132920063,-0.2865742467072485,0.57287216558825,0.14135274714196439,-1.7839065238395404,1.3656253960535278,0.6130259781635714,0.6697968880613456,1.000433090701705,0.3194759552447606
0.9280802475675555,-0.8416285584544586,0.12410147867494217,1.2981716309341742,-1.4664743542225245,-3.0051611304315635,0.5087212732784798,-1.0808872402170022,-1.5705287871561553,-1.8775495244232685
-0.22393538946742353,1.079061011103987,-0.15318608990838403,0.837336281160642,0.8586318926550758,0.02956273144404309,1.5147445095976453,1.3029862868148336,0.7259803262851483,0.14569925739181722
0.9689161873732399,-0.56742308854026,0.6039383349110319,0.37137906432991924,0.21295075465022828,-0.05497292348025331,1.517039972300216,0.011884440939341934,0.9010675499956966,0.2549158741688523
0.29688071966069274,-1.4415020037352868,0.5732095731687743,0.18238547686877143,0.9567803853733952,-1.9411302780249002,-1.1321298190053874,-1.898765577685828,0.4610621723090939,0.5352157182177677
-0.16546775256389606,0.046250915382517285,0.03209028296304819,-0.37745365926347535,-0.3470903109749498,1.3335225790613132,-1.1562010017853321,0.9898326095823606,-0.13881743870922672,-0.7846924546388344
-0.7037692751838711,-0.21253027859680534,0.6466986856205886,-0.17026559283949125,-0.5221694300639442,-0.014337762641909335,-1.9756968037948277,-1.4930014195804833,-1.4799890216828209,-1.5998611631977293
-0.9844881217328679,-2.0282638531292063,-1.249940207105074,0.5996180281281912,0.6214455185491179,-1.4437367614722618,-1.2379322688447414,-1.225927150743287,-2.1146960477186147,-2.3579824642363545
-0.691221352953205,0.2421968059660299,-0.4645457346438579,-0.16250613870837002,-1.0626477626483881,-2.3544321010446922,-3.7152273247538705,-0.5174892919537327,-0.9624200658700945,-1.4814975531457655
0.5014902691830726,-0.017945366685543664,-0.07358398611324637,0.6538695453108737,-0.015547412854824687,1.6199439703629075,3.9443797300560166,1.4850768766354208,0.9738920396673827,0.4447801815237717
0.17729388780799882,0.2220324487140939,0.41348840239107354,0.3984415932837024,2.0359233513792017,1.9495007845196788,2.2350225944584032,0.7104277375090309,1.735477654479696,1.0571084914725473
2.1385465211165786,1.5573839507779357,0.17558267565001365,-1.8250617523497998,0.07183954481450419,0.3886489395043605,0.7655102205028552,-0.26065732419587495,-0.16718769199614936,-0.7580423000740558
-1.048474904299998,-1.183734431311649,-0.35868518355066736,-0.08105390641935277,0.3429054776465055,0.12102112871158155,-0.24775541306095317,-2.021341562060448,-1.0515533217114168,-0.919245875519845
-2.5512627125877314,1.87941659355315,0.3785453817961211,0.8535950702580535,-0.44374033538831814,1.0554933068268715,0.9386935825401871,1.1697001764557866,-0.09906767963366359,-0.7108766268965152
1.4017862305803088,-0.6520152384189747,0.7367948790182367,1.1031461845878823,-0.46016529183579424,1.316278698700305,1.3173103794883387,2.2375202126762717,1.6393074908163023,1.401232394058952
-1.8275219715099946,0.3594959648112131,-0.22271177949705442,-0.3041274388558909,-0.1246854435283411,0.347552072178678,1.5643144843558592,0.34224970768867924,-3.068803161522389,-3.750421821562513
-1.425136580712568,-1.5444331449462196,0.13332772221751277,0.7720670075495732,-2.95064658215647,-1.3852587012075768,-0.7654305080367658,0.18438369077757377,-0.11125283911129702,-0.7803793435363598
-1.3109523086300092,0.9767554341376725,-0.5620652856691286,0.7097018362132059,-0.3383499404178554,-2.877312786726052,-3.2282378255583426,-1.1425210003034312,-1.5993472444280687,-1.8796334228683578
-1.786204672587302,1.6032347711979802,1.3441910463240236,0.5612640776247395,-0.811251438482192,0.9191340434825771,0.5972299417203806,1.132891297369316,2.710604345252706,2.0910157635041156
-1.1426252653886437,-0.30564015056135757,-1.8133427045004484,0.6231848017536472,-2.9935255108952195,-1.5663794787585843,-1.2583660463085515,-0.8777609242738509,-2.506916379873694,-2.8977397633759168
-1.8104770775382502,-0.30121886016243193,0.11604520821081908,-1.7005293973451265,-0.08120644966689322,-2.7783069956896447,-2.1360140854168037,-1.3540523933169863,-1.7822054283896451,-1.967084055223444
-0.5898512130787466,-0.33973401933339803,0.504062400950903,0.6193055517932052,-0.6657703106859798,1.695787093476525,0.05492105725246088,0.016011913241756714,-0.16073789771216318,-0.8075507932086097
-0.578889261228987,0.08473565977900441,-2.9236375802109973,0.4584587481803196,-0.45890348720060803,0.2622888671088879,-0.48772679011170056,0.09058250823606162,-1.109508806102522,-1.7673327141258435
0.2230329656223124,0.8750497327556382,1.6388349558408681,-1.14405926354043,1.4926642834562946,-0.9459642285654757,-0.7692486379345597,-0.4139011275541872,-0.3593984530776867,-0.9095824429668957
0.7597514326278605,0.2543926282854147,-0.6007179460557509,-1.6026587028878934,-0.35356934585033895,1.1875948112039838,-0.38386516975395857,0.8100897441938366,-2.6758720166098406,-3.345574901363558
1.024197806733946,-0.42569079022136586,-0.5173160748185465,0.6146308028332244,-1.1733822122850277,1.174134219729344,-0.7383813750343396,1.7769768706358045,-0.6120513677178643,-1.04162639503705
0.17712801395250877,1.8548126065190278,1.7626865771992088,-0.9600082009918043,-1.2227778650233891,0.3845558143822463,1.4870775062273056,1.4513310648806692,1.560516003207875,1.0212464495796927
1.0852217444749488,-0.09147664733428514,0.5743847316839259,0.027006563527254085,0.48123023087294386,0.9507232011312508,1.2621100133657284,0.7758077703900985,0.7953202117716699,0.12226620848613912
1.8800883623143099,-0.39661777087863753,-0.5118999061146967,-1.364270410243172,0.6790799623639112,-1.685067888007807,-2.143225974498064,-1.8478382188919442,-1.2897318676533698,-1.2399249814348408
-0.10978972342473903,2.062891125565847,2.1978369811711387,-1.0056040595826958,0.33097016146528,1.912911073591104,1.0271785425302247,1.2075265775066688,0.019596274480831788,-0.5837948817648256
-1.1264822347653007,1.3286857268594068,0.6355091708923268,1.346739522328364,0.3005989368061449,-1.3837410856304027,-0.11788991146304006,2.6493861635522586,2.900693236501234,2.855308919713727
1.4245341318658273,-1.9787999086990165,-1.350699801712109,-0.2892179039506666,0.5980086408971776,-2.8203173501962757,-0.7779792258186242,-1.3182947921702828,-1.9965712093200607,-2.197920361675417
0.4664475306007567,-0.36116521269381563,-1.6948074341739168,1.0871048160531682,0.7581604768998339,-1.4705527664508153,-1.5522970030709708,-0.4156007566352041,-0.3209628967104827,-0.8706594105882761
1.8490777680753896,-1.0525252530030842,0.40460924504582774,1.6183074541775373,0.5609158673523438,1.7547617498915857,3.563175958166626,0.1063427358677782,1.6388648571982267,0.9789422827035721
-0.1599441472061213,1.8274193596299104,-0.15348462806034083,-0.19035314846227228,-1.6803764406383808,-0.49154764256240085,-0.8151296422109034,-0.5284949245636962,-0.18412861094120747,-0.6997378992571004
0.24956811183008346,-0.7440635078789851,-0.7766110335902203,0.5760135874244118,-2.7547658504185217,-0.2111973709974191,-0.23828947481406904,-0.6356220410100631,-2.364746075375333,-2.8450299079286507
-0.05051993568194655,-0.35287619445349155,-0.9111850626263079,1.3028566713870573,-0.6186213542804373,-0.7524539537089986,-1.3540128378990588,-0.7432680615014736,-0.5085057637503918,-0.9505741890878772
-0.12679322184690536,0.5875714397160114,-0.5592037531023484,-0.9499217618584833,0.28246888640686607,-1.1075000257872514,-1.4005715081940067,-1.1912519813478364,-3.2070174291356404,-3.4657940656361568
0.18414131703399741,-0.5784974266210202,-1.2499896364742433,-0.5099178298332424,-1.178626715174423,-2.175984507352487,-2.4512389690731187,-1.1421184566599918,-1.4579743360387696,-1.7384368708028315
-0.34396521642992367,-1.1907287234332895,0.8862269224981318,-0.6643666567633518,0.03551903452865113,0.9465482784617089,2.35928357334714,0.20307530508567484,1.140626027693155,0.46959051566774973
0.23199712078741075,-0.6845344374827402,-2.134053864485403,-0.6751955331042298,-0.34553207772925865,-0.7124667248054888,-1.7408010448760287,-1.687163655967714,-2.230578295170638,-2.257853261450508
1.3993087128660975,1.4434365984470174,-0.44013468097636343,0.4541875687904428,3.0355672134022664,-0.5432417318355185,-0.35385103548161345,2.476766171664224,1.3614065536259987,1.2338684593904043
1.8677431813320384,0.14998152877618132,0.6112344385173164,0.5095670979554743,-1.2976038687848854,1.6930840383679282,2.6843625268984512,2.288754589325467,1.5482741273548306,1.3334129835279689
-0.39879368621879346,0.01760586506739496,1.18033568927334,-1.6754446173745425,-0.11804677732534655,0.581130618736166,-0.4608967059266038,0.12981864585829372,2.1558365724994357,1.4929368925976452
-0.593412800575373,-0.51432340830342,-0.33010965972213285,0.5428779508636516,-1.607890102580675,-1.757224036837539,-2.9335980697194333,-0.5691801964435453,-3.578296615917278,-4.080820737318049
0.9075299450729439,0.7530600542883616,-0.016257714402151912,1.6620880748885194,2.782960682852971,1.8872299851350418,2.306067621213895,0.7496991606210057,0.8266240133614566,0.1512777413662716
-0.9302549236198353,-0.267450543976209,0.9089607276782214,0.42625830456961106,-0.1655388777175899,1.1377838748556004,2.05600081982336,1.4997964748605144,0.6449489837219418,0.12036062848490015
-0.804063204484361,0.7117101317824764,-0.9746884790263263,1.0733807156113404,0.35154981868647894,-0.6732545912199277,-1.6867736095074146,-0.9273548645106606,-1.228572585472877,-1.5996008390367167
2.2300478903314374,0.8106647721310702,0.05630608153603223,0.9722002962869116,0.728058270512085,1.2053714986300679,3.56660209019662,2.3204861038826836,0.3958730051542425,0.1955296825152033
-0.8844127910032623,1.3834033023506247,0.41034053315557273,0.09639550462298466,2.4220395310046787,-1.0428099840805776,-0.1341659162943456,2.95322939360571,1.478691004642135,1.5787768101890998
0.24670417939938125,-1.1607892407470815,0.9854460109714216,-1.9116733682393674,-0.8294246951181111,2.8894027390577364,0.3920517180472172,-0.022923341224310723,-1.5972954759874147,-2.2376569667955537
1.9523446942436182,-0.23878535733887887,-0.5295837171745693,-0.1204067901941824,-0.4137238677569592,1.129977554010143,-0.7909650381016882,1.179084933726356,-0.2342793018096216,-0.8440395719915501
-0.5707136239806678,0.6902566330066645,0.8840714784527377,-0.8326303936743644,2.0831625543473526,-0.9186417126748607,0.5374942131772463,-1.8692521426660251,0.19909390834235827,0.25914757059371063
1.370060589256853,-1.2712778448027116,0.6784269557174264,-0.4385843403095749,-1.6232978715437432,1.2422303037282731,-1.751779235006028,0.1799651183027326,-0.9568824702915104,-1.6255409456098437
-1.542144669061299,0.12031865517322732,-0.6469121254011998,-0.1727006988803745,0.903442697327326,1.7951469885738702,2.2761317400901087,-2.1159940613219264,-3.6492392039480004,-3.4726697251376963
0.26630832156205125,-0.1597706293131302,1.1191981813524081,0.06562724811808426,1.895129321076758,-0.4809605158820821,-1.8187154119261508,-0.5279686175829281,2.2881715231265467,1.7723956816187907
0.3665772280374345,0.1001745052312221,0.8726317489308686,-1.5580011774612756,0.856818377382013,-0.7301807550346628,-0.4963617929683095,0.15170070788688475,0.7218534263822919,0.05633994270772669
-0.19653603400485134,2.682315092660733,-1.8146481246810933,0.48104363751650026,-1.0860106025650447,1.3187982561687102,-1.7468521132751795,0.19391384634710868,-1.045715875539926,-1.7158300456746456
-0.28544841268656657,-0.9941885366021741,0.602609417824209,-1.9521166949554927,0.19593331429013638,0.32907145274292304,-1.8058333927970058,-1.8185542504171857,-1.426216973433264,-1.3904404172889175
0.05841677379901741,-0.5274222792114258,-0.7519490960227918,-0.44229589794819346,-0.5772909268475129,-1.4173492874771194,-0.9387609308797233,-0.49973158133612683,-2.439683377316163,-2.9642917976641914
0.3144938922096707,-0.2784606698043,-1.2870909794409622,-0.3021561547496039,-1.6746466430704305,-0.37666388817972074,1.5744729866310445,-1.4669667740424774,-3.619225850866003,-3.7513831121638073
-1.748275247173765,-0.3461122698480847,2.010947595380556,1.5542367353741098,-2.1606012932934893,0.8645782125898147,1.0602063996861002,0.8981691792005894,2.3913352392421547,1.7320052867967823
0.6639875133111212,1.1120766135130011,0.15547465149336676,0.731636962632119,-0.284715259467776,-2.1024552094223306,0.8223717808696056,0.26227728422508045,0.08618218628552154,-0.5901401621247448
0.18168383259310275,-1.0176600605569657,-0.38694146000665075,0.1536192014297314,-1.6735567017938986,-1.3801939737653242,-0.5047508232105518,-0.16242816761336032,-1.3204515045431908,-1.9338297676808138
-0.32538376868780183,0.8228458356432402,-2.4702045667209425,1.3736668073607263,1.1131141010778887,-0.5010686128174913,-1.0514490631913642,-0.6128176492413179,-1.8874191410480174,-2.3754559100207224
-0.2711728184242543,-1.325231055228246,0.0962837649950826,0.13442014853932333,-2.2162972617860994,-0.26813116744248555,0.20380578564070007,-0.8095414196730397,-1.9815322829710311,-2.3988108031313446
0.3529461453434185,-0.9119748259347507,-0.5491160679647216,-0.28306720322860784,0.6851763784279697,-1.2891370062591885,-1.7681472903920388,-0.6113483171590006,-0.4624373254762086,-0.9509693879583254
0.8566877552823501,-1.9264208437938584,-1.6394158184164838,1.062635904061916,-0.8994799539581382,-1.239607119048504,-0.3355716803827239,-0.4985329830077315,-0.5402918130988015,-1.0652706459738175
-0.8238928596752607,-0.23863795045861372,-1.4373988698808546,-0.0734353234587807,0.34866263058361446,0.4914310205135614,0.7859732402952524,-2.5331716278651557,-1.5592046667973942,-1.199332011085502
-1.8777403459267747,-1.7018662292762496,2.224191922713723,0.3514847805024708,0.6953195038554834,-0.2178729750770879,1.3657903305157653,-2.4659520694607906,0.5028817242702249,0.8348968662964754
-0.8030174694935623,0.4516588024319199,0.8933779588367887,0.1682469822876668,-0.23791633866947937,0.5316989340713223,-0.36263167961863285,0.3205758750188345,2.9858846925852203,2.305491039191189
-1.0547017504435596,-1.5698010461111644,1.7211325506457944,0.48525152663646465,-0.11897625927796443,0.31232215195969837,0.44516068692446187,0.5361415522037577,0.9598894614966058,0.2743133044889068
1.8729889796012187,-0.9642251777700872,0.9021901978381318,1.3599403072164402,-1.2237092877716464,0.526764488952722,1.0964212113066516,2.980617852766316,1.8445603191289313,1.957634181894835
-0.3826717143382434,-1.1236337416270255,-0.41026980105266336,-0.5305686338894262,-0.4837377125894311,0.031181627323544348,0.169974518219411,-0.27435689567152144,-1.4179469147430601,-2.005435779007832
0.31419877292158616,2.175266438645637,-1.6216547193951427,1.3176130050480195,-1.3830335535921692,-0.36293976696679464,-1.8495369308835907,1.410951276845592,-1.6228142027004604,-2.17384239948247
1.140698516554425,-0.5570468955522536,0.48680687550797314,0.718440198747761,-1.6618030649602313,0.5058157764293181,0.19943843606025569,1.9096168099852957,1.580182338276075,1.202021432558746
0.22522249468434852,0.7861318213209567,0.8083045324280116,-0.9059257541001364,1.5708230485284997,0.7115840881118309,2.322715566069552,1.2219301622642873,1.1387356771131434,0.5386613943003877
0.2202376125118194,0.7315439273520515,0.9927015807396825,0.6622330549418278,1.7296043717015142,-1.0835748163261965,-0.6906958723755827,2.447588453296954,2.083490410715063,1.9422172563737152
1.3524641190734816,-0.1190304116866655,-1.4115965498417125,-0.07822577279863814,2.80601230175248,-0.0321202829139951,-0.45786480355270615,0.28784007457211513,0.25900146464330376,-0.41924515551275326
-0.04956011303225435,0.7988300587705588,0.8733752929104429,1.011902016320108,-0.19675551589950135,1.964513161657624,0.14172644257945932,1.2959303673747047,0.8397734325782953,0.2576941970640483
-0.8361336893743742,0.07725668936422839,-0.6014808509526745,-0.5067739391881133,-1.9994415321785242,1.821791587316431,-1.0047749669823278,-3.32249687635952,-1.8433328576807042,-1.2306139768407662
0.19817267612914688,-0.4988403138160009,0.549198125528151,-1.1074629544234313,-1.1211783861954445,-0.9071406472568065,-0.8631022595268245,-0.542421336268317,-1.8302690868960076,-2.3414459176983833
1.2479863412343697,0.04359208141098848,0.25905672355012677,-0.22622851104267527,0.22906443959913547,2.0742768948587686,-0.25529256144938456,1.203285886402577,-1.4013099419087316,-2.0056659760557176
-0.15771914506384008,0.18688530558506258,0.4065936375927599,0.6564074278590306,0.5921496878285375,1.293728553890815,-0.33962880735157597,1.161607177233096,3.5238351481330534,2.910280711156232
-0.6962112145858185,-1.7331882145842916,0.00963760753976478,0.472929086626713,0.8538715037193058,0.07065555633440318,-2.5203054686345228,-2.122810784969565,-0.6291496706514941,-0.44942012088777916
-0.2998738058767489,0.9933142345981995,2.061245658961449,0.51086298624661,2.5865912237644864,1.7064934119514414,0.39951866054568463,2.518281904204276,3.332191655584005,3.224286899430053
-2.9147549128174353,0.28321353776875346,0.019149822083373142,-2.2485832068968934,-0.3825706930712841,0.6862152846535603,-0.4914744664723664,-0.23369067660924192,-0.649044236275602,-1.2463650417447694
-0.845040103836939,0.452436239737573,1.2878693384940967,1.517991727071741,0.2216073507696441,1.1016580595317962,0.29426827491396645,1.1405862811945653,4.4564257693506555,3.838429700907734
-0.940363228485506,-0.4131918445235284,-1.0090388154727028,-0.3017656006461367,-0.7412162836783684,-1.1854412478261325,-1.2473000943254033,-1.6874112006311066,-5.239709827128188,-5.2668660514894166
0.13208264454716334,1.1842077376694726,1.127638767684454,-0.13956873980132625,2.0287560548342585,1.0921582585832086,2.092875702326488,0.3587967174365865,0.9156968068305982,0.23324850831245159
-0.504596656849025,0.3788345563187519,-0.19636579451254094,-1.2970462669718086,1.9538065624922607,0.03352760618604084,0.6971349311750751,-2.1096271002578146,-1.1968853106449782,-1.0232710361799051
-0.5896291903156241,0.8240362710979136,1.5654787381014104,0.3170283467070638,0.3197005105299914,1.6421900135912284,0.43039136997495375,1.7946794250782392,1.956747315158379,1.533829561598698
0.8294721026783392,1.317533026662334,-0.05553960258457213,-0.11763236520335026,0.4457665923647739,-1.5485132455665567,1.4414707710751367,3.29540037101431,1.9714086197656535,2.229590686265904
1.2380710364264478,-1.5907225995811192,0.6802361131281691,1.3037957221748255,0.2362119584626325,-0.6597454421183073,1.7560165117009883,2.5780165982359184,1.7385969081207433,1.659097086759366
-0.943080444852368,-0.49837345543260353,-0.14051716684650437,1.3067030810438984,0.5023894055156324,-0.7725131556991586,1.138760892079017,1.2919192663747183,0.7833875842418632,0.2002924669745234
-0.6466300865220178,2.2109908694261597,-0.863840429238081,0.8402641300625314,-0.892818493474351,0.6383312042172431,0.08722084193161189,0.5300206560034078,-0.94427219879669,-1.6299163930381044
-1.2960615220753866,1.7504285352705502,0.9351065471530917,-1.65516690158588,0.9280317643247027,-0.3672699700083363,-0.029924478542669664,0.8802006381247026,-0.2998352721007951,-0.9614862040900456
1.4593952671681474,-0.4861160663568426,-0.3148919774320691,-0.13374700732447106,-1.3497905838224726,0.4394066877684985,0.10430173300538459,0.16802452706573928,-0.7590559258782832,-1.42641762857793
-0.9147600746302064,-0.8641110968529844,-0.7769175789558621,-0.07582890761664021,-1.1929235378497474,1.8314705221550414,1.1008205410514207,-1.5132817565157406,-3.889258247708809,-3.9995327950384185
-0.6260813777342941,-0.2464750833881283,-0.17726177028266935,1.655953464750024,0.9137576543270596,0.5344225680004712,0.3138800315988365,0.10522949880265767,0.5788400963071679,-0.08093687043696429
-0.8389360555114812,0.6368528733887006,-1.0771883197742922,-0.07313670096481625,0.36785650114229695,-0.5176405904218081,-0.34572949432704725,-0.8326582746145464,-0.663411606534199,-1.071829141258136
-0.49571414727675067,-0.043382648183937944,-0.4423848629208783,0.29736940872588125,-0.03904968694898252,-0.6252685282567368,-0.7415382980178986,-0.4133807143966027,0.6130474447431247,0.06271434920651275
-0.413589682008529,-0.01128047222382064,-0.4537194244843285,0.09771484931046232,0.37644237349012616,1.3596522187351485,-1.205020145021296,0.15296698225445526,-2.3447404047697025,-3.0104003708620226
-0.6841063506669444,0.5428785072725214,-0.3171090208241374,-1.5435007292025977,2.053873378993009,-0.2386690897307684,-0.4945115101606446,-1.458952757508465,-0.8621493115455687,-0.9980795478253588
-0.016474994666478986,-0.30818380888165436,-0.024193461458337555,-0.32049354164852634,-2.518011999203511,1.4959838921106674,0.42050609084898916,-0.5901435215722791,-2.172096481250564,-2.6677186084739333
0.5788814566095591,-1.6541891099823862,0.7759204839001955,0.14599496088819114,-1.6532018282789027,-0.613052802681856,-1.815960744946561,0.2630680198138583,-0.2819772938093447,-0.958362414851046
1.0186925698244007,-0.9418012861449485,0.22022686932604185,0.18996180082397296,0.05188215774376681,-0.6386320587224061,-1.298334530530261,0.9812214090508635,2.02428789022907,1.3770347961814717
0.6907658765439152,-0.8997442114939768,-1.0560609369465377,0.24046995924466305,-1.648564916939761,0.6346324034317286,-0.8157459712624205,-2.3533361974921068,-1.4279623666920924,-1.1442333645170264
1.2469634781968593,-0.84031538880375,-0.6512759536120831,-0.4596487049147398,0.4072413712111461,0.7407971729997869,-0.6061732003448365,-0.1357390620720772,-1.1466120147635976,-1.7656133310781479
0.3365059600533521,-2.370035977584742,-2.0816953197637984,0.48432447514364113,2.063205130226113,-0.8104311348693432,-2.040686485397794,-1.8336484709380803,-1.4692824352442952,-1.4262717924003052
1.1581720172686623,0.40881226306467283,-0.23968053036211243,0.2829911907355293,-0.86962750060119,-0.3142641729322411,0.11139137595532508,1.9874375533771969,0.1596616108069824,-0.186788331171812
0.3294491981828545,0.7238744942564596,-0.45330317718670504,1.4895506943697852,1.0693412150204917,3.8018150054902526,1.0999476216291144,1.2509953557278024,1.5690814351892066,0.9758857078862953
0.7728659917347158,-0.376367397148921,-0.5851711734196885,-1.4908503662627037,2.2077648182821674,1.3932174292660282,0.9309770409669604,1.0181927432877134,0.7642231127107515,0.12305229885550717
1.0446432774501369,-0.7994376346196893,-0.4458454632453411,1.1587189270030382,-2.150099431468044,1.5167573724797117,3.545179783625943,1.324764868086004,1.1950548290475762,0.6204130091604453
-0.019308281004611932,1.4298450437695474,2.232007044525607,-1.7176910313787748,2.1652105576599143,-1.7606913168109237,-0.23733061240218722,0.43432087747634046,0.285517462296872,-0.39955348480090885
1.7864178913451219,0.18898356881258435,1.7633519076042397,-0.652436937179696,0.913179670057268,0.7063543952229104,2.0841930895012153,2.253826016410561,1.339110771873092,1.108391924557938
-0.021619903451641193,-0.34856675917965163,-0.4841086916492608,1.439451998010819,-1.088554654269946,-0.3121497630296297,1.3212155518984976,0.5614345639110524,1.6679993465008003,0.9828377756177092
-1.8116735613744193,-0.473604651216833,0.8223527117071131,-0.5425480274368882,-0.48196910643126667,1.630206797538988,0.671350150172094,1.4736579744726555,0.9135062722508138,0.3809239202202538
-0.20966375807510199,-0.1227173665062221,-0.08532425490206705,-2.136803943897559,-2.0406744031278845,0.2461854311999514,-0.38061682388039864,-0.35139606474036533,-2.3002672714619585,-2.8678319616543066
0.22230043109555492,-0.590648805316751,-1.3648391298681652,-2.4752703114969345,-2.5948784252948407,-0.4665372208670382,0.30159320017971597,-1.0501671349355233,-3.2487182725228347,-3.568854002403867
-0.9881390851174487,0.8501854468044024,-0.23943329988796522,-1.722741366034878,0.6441137737772988,-0.1302332972853173,1.4354551174487868,-0.16966277897983617,-1.2866956854443061,-1.8985127437561098
0.43237214178203043,0.5413889125017104,0.43307154162746875,-0.6475597598925261,1.3121889738760668,0.44857568718214047,-0.22630685758807978,0.6224131501768768,2.391749182707304,1.7084698026944105
0.20273312231269394,-1.433012180515386,-1.5468609743769435,-1.5514331868247946,0.5489797621743848,1.954499813001339,1.9800531217930075,-1.8154885618133838,-3.5001946442103162,-3.4658878703945843
0.20196141312657975,-0.7832135882887576,2.2518086125002856,0.7378892813077511,-2.3860402652350716,1.2450076447241818,-0.39965577194867796,1.6196711200653975,0.7464290566389873,0.26070931891475246
-0.5496332636726197,0.15820700217568315,-0.037380818306925356,-0.2801758490348047,-0.29550918095034634,-0.08677595650923964,2.7681472984580293,-0.4446875562018937,0.6721996818696996,0.13096566564195267
-0.7749484992490869,0.08616097613190069,-2.1305968195990115,0.5068868148903318,1.1325039778288442,1.8687861466453273,0.17036605820917916,-3.261419144171226,-0.19465894094244934,0.40433378394486286
0.9225609717399141,0.2614531429223893,-0.011269840054386913,-1.2597450229349103,-0.15471758028949356,-0.6631564607098988,-0.391377053244913,0.36599180792212566,-1.5880041609219644,-2.270784653094167
0.545137780655754,0.15869466618471154,-0.9287411990671799,0.3488700995330441,1.7090762481163813,0.1420013494015463,0.7859890666590198,1.1459644166514045,2.645651119182447,2.0287787294821795
1.9561270100140007,-0.1277738245059522,0.6936967490042307,0.8266806243640032,1.2033320152588256,0.4219275822971347,1.207774031148256,2.542815871549857,3.343257875956236,3.2469994595503735
0.20574298032120808,-0.7650852504607608,-0.6732773002205725,1.3611540074096875,-0.3873963299904857,0.37019364893908363,3.4960781079251846,2.3560987541202154,1.0185323743064334,0.8345999364801111
-1.0059162475219563,-0.1717419363223964,0.5772123875882982,0.06340053588015693,-0.6985834187443651,-2.232649239333669,-1.9408509186069103,-1.5735418217099753,-0.6873316075413543,-0.7689647003911729
-0.8481229764594242,1.5126325957734241,-1.0516844564486398,1.3897030816280471,0.46391807434074706,0.5681505528840395,0.20234026087549328,0.31424888481533586,0.5615187958948602,-0.11848771053843359
0.04804929035589493,-0.1639690429151064,0.36115639779088693,1.0353374553907786,1.8745686875435266,1.1970680161907543,0.6986616652919386,1.3930531575006277,3.2383890491804483,2.6822891597976284
0.5102413540888973,0.6488765539467521,-0.9069075142324086,-0.060168182428289335,2.528187911345678,1.0143491829667142,0.33354887117132037,0.9897521383341823,-0.4885852277267544,-1.134473230435268
-0.2640320229201673,0.571936801186111,-1.1764133632042637,-0.7654281238762924,-0.24922231850473286,1.7785250003913318,0.19278863385487877,0.846630142403499,-0.008634732344082074,-0.6743411933283183
-0.22700523792178962,-0.13562837871577277,1.9140900381208013,-0.8270776890583948,-2.390570957326698,0.4320821318574409,1.3863942253156478,0.28472366139399724,0.6395072957623222,-0.038516344398972224
-0.8071352798740151,0.6012568164693316,0.49429889183116754,0.6718762627665298,-0.6641094094011026,0.7641643658407822,2.1930768594550845,2.3799856761411657,1.6866306206217678,1.5137703362882573
-2.531333146415654,-2.1181724987739705,-1.66808487333333,0.00460951927450327,-0.020285305400575382,2.173598598482074,-2.048385199313353,-3.3890076671980327,-1.6518833028122766,-1.0254917671553225
-0.46093110851810665,1.282270529006449,-0.9133677675414216,0.05406997761230963,1.054546791170784,-0.7571787899449548,0.6626980994718994,-0.6374640124927414,0.8365566836648641,0.3569044449192167
0.271661804508549,0.7712559297457807,0.7039892914456626,-0.6512829613184012,1.6800833295506488,-0.34159802417984975,1.4402347568806806,1.7495019089248052,1.8376265200556408,1.3978501833614885
1.5941101187242248,-0.22791303037936966,1.2503933999276937,0.0943725795610428,-1.084978600818891,-0.2739673794752374,2.946354065847539,2.6464160860029167,1.9456444636791403,1.8988375652595455
-0.4887402350582252,0.21090919725811336,-1.9053293717793078,-0.7125669572023018,-0.9126959623097275,-1.412368957063208,-0.6884639650619231,-1.6463213746512677,-4.45856763203197,-4.505419891166006
1.1135276376896142,-0.5592903007420785,-0.26233041178391103,1.019769268338354,-1.8782314523363626,-2.3995180282029294,-0.6224051024541735,-0.8344483254758472,-1.2883739522122442,-1.6961008465069967
1.2644110264775807,-1.305850839179625,-0.5011203812286819,0.019399490317000914,0.9036779660735904,-1.615095381901456,0.47449290248332643,-0.6911575859193296,-0.21517144903394864,-0.6760666467739392
1.1641789729419534,0.4675004711265094,-0.2968483202807578,1.4690066133491315,0.17540867707069574,-0.26638948687320746,1.687100127177985,2.286343604524426,0.23082756102069113,0.014867585237848813
0.25016820491361175,0.8170207779241225,-2.516417959395414,1.1158962194173327,2.092325357461802,0.8569599004155419,0.6914851917080631,0.4403040225903515,1.6024055615799533,0.9172086169865189
0.28434850770926806,0.3730109947423215,-0.7172533441655401,-0.31466476380729536,1.6876877165125133,1.5054462871697516,1.6587127531278762,0.6242454970548414,0.8842258085790781,0.20102227325940314
-1.1305679322855346,1.5129339099115735,-1.0909261660724379,-0.7443205316837457,-0.24775963190017536,-0.10174442223200378,1.360083829769105,-2.2605455821548333,-3.3733639352089657,-3.1307584353805744
0.5873023644357765,-0.11484222020070227,-1.6482536075351812,-0.34159195076793464,0.39665687841591074,-0.16791025388145275,-1.5656608636170257,-1.6431537731967174,-1.3327155044824954,-1.381084723414756
-0.26407145006550886,-0.3433326186095518,-0.11637536965116704,0.1192806957796916,-2.0070384900473988,1.4036151787691362,0.5153899732519147,1.3610951382263086,0.6620018699036141,0.09706379655859076
0.37994993872058413,-0.027079524203505012,0.8723634978001089,-1.3168064022830193,-1.9071438825348201,1.3964144420561322,0.8689659445141047,0.944350422352693,-2.1700365781982867,-2.8229237235110602
1.3165901215507847,-1.498494244404301,-1.530528578322243,-1.3787245830250885,1.4477407618544924,0.3108627708411258,0.48861232608682126,-3.4914519703235065,-0.8240259853916272,-0.17924023290269664
1.5593381153674615,0.7618608215859034,-0.1139848263407993,-0.5967225039004561,1.762251714308435,0.8568606053156501,0.974737857509464,1.221897351982555,1.569283805916847,0.9692018980670855
1.4970838569153495,0.7213403503222598,-1.0985619280889096,1.7455296279165131,1.2715670240342216,-0.2752413006102218,-0.4397812393698962,1.5876090684186779,1.6326365576784243,1.1361742824436634
0.5483226282733065,-0.21047214642431383,-0.6391725840846718,1.7535719766453577,-1.9541520580320804,0.8578073269731091,0.4872086541194111,1.322946103163728,0.44264359282028154,-0.1324742990800722
-0.2953691877714122,-1.3651832416461402,0.3369838029117989,2.3200197919572854,-0.8145373408987087,-0.8887202590302746,1.1426215091859626,0.7115431111722941,1.9696950187399285,1.291404648007248
-0.8270899601144609,1.31294081415437,-0.49044437109070704,-1.234712725098153,-1.0415558267385463,0.00043373108479971556,-0.5275301399213479,0.5592499199398746,-0.7867348606405967,-1.4719407172429722
-0.18551579769983345,0.6317922503235756,1.6662498602398685,0.7996400521160739,0.35183971852412366,-0.20337887058082316,1.4664087962850374,0.9018093648315266,3.308933232331391,2.6500861976279095
-0.6302051231246125,0.9591273096338704,0.7701152343737262,-0.13542567880899609,1.7751284217929129,0.24991579320426816,-1.9825873079647358,0.919361111342359,4.442112633194137,3.7856540480349894
0.130859248968235,1.0722577930892903,-1.0153364248828645,-1.2937611970989054,1.4956320914860246,-1.5665267607789986,-0.8446958611814376,-1.1600984566512587,-0.08574491806887563,-0.35830881937706716
-0.19332982162031126,-1.0011578335036995,-0.08313795327100706,-0.04037274680338192,0.19850381597624878,-0.3922611272353166,-0.40350996937406086,-1.2170204173295327,-0.08679399924375442,-0.33407331055088374
0.47078361471624375,0.9287406180201727,-0.37314264858703966,0.2208153776153563,2.3278593213089187,-1.6448274792797135,-0.03796739227321223,3.0600074150765963,1.8591625391356572,2.009632399781193
0.08661595215838187,1.0731461634299082,1.4320910848146693,-0.8316095031299642,-0.5255448852605601,-0.8819288733969575,0.7515890017148532,2.2364631518590565,1.1072335441419923,0.868682622017253
0.30941490275032,-1.3536030286300833,1.115457986091081,0.5179492503332108,-1.7955132465702435,-0.6483585077790397,-2.852774573953564,-0.17003749742803875,-1.3961422472947338,-2.0078780148742696
-1.3060623197692196,-1.8820928177024103,0.3510056634014498,-1.9051735323324912,0.4106824185570187,0.15731860281478582,-1.2788143640214096,-3.630614729369472,-1.95338423481477,-1.2889358980357626
0.31906816700550217,-0.7004297131652796,0.44211518244398734,-0.019693706125401084,-1.2256427948898727,-0.6914169208280666,-0.017142590254738188,-0.05041262192494356,-0.848802009290091,-1.4843218923017396
0.8868802229420316,0.15072371390575984,0.7280210448503385,0.0665465913641373,-0.6237951859677402,0.5310275884071034,0.9210167562730552,2.0862285256436963,1.158920145384769,0.8541943629922018
0.7469100606661968,0.4763711622660339,-2.2748527605478466,0.7087969586476331,0.4256117389031386,-2.3471505693897674,-2.1211003262557386,-1.8440777095285488,-0.8839951268437122,-0.8359889023895793
-0.06190280075244565,0.12509110027739268,0.7483226022265976,-0.47579659163458554,-0.23249509349833275,0.5831381897390779,2.2737718736305053,1.168036730654434,1.2015740926211753,0.589404770103223
-1.4315076727499016,1.364021274828351,0.04347418354965624,2.262379314220085,-0.9367402594165317,0.35611573064520735,-3.0109433701405894,-2.1673890242677114,-2.1459150298874894,-1.94562422016693
-0.8434444158303286,-0.22627040964188042,0.5323498198667692,2.281516438004873,0.3889583686811339,-1.123955070343487,0.6206239008095307,-1.5546844639493929,2.569509196397672,2.4788952337821444
1.0400360184676112,-0.8440972771412343,0.6690746020460367,-0.8796321727656956,-0.3603120656175228,0.16591331893385688,1.2390312073251444,0.07486737276046432,0.09123174665127443,-0.5644197805209872
-0.10657008378776374,-0.8624399858731263,-0.8838902922931478,0.5175257128231693,-0.06804113154911229,-0.9128908368880847,-1.3478338450969014,0.5062998855867051,-1.5060434074165423,-2.1918323538696196
-1.091703994784502,2.22217061482558,-0.9763685678908771,-0.39245191025339493,-1.0991253106639713,0.3885319535198679,0.6381229904927747,0.10439009402052535,-0.6231814530432436,-1.2828483634490504
1.1227889100594686,-0.5292110737299368,1.090312101537775,1.4789665800027718,0.03196272634353714,0.5015812373955043,-0.037707595505111824,0.3607119587889229,1.965220049794509,1.2826816344536636
-1.2153977076638123,-0.35036375242748974,-0.42310833711142126,1.211663275332596,-0.9848418833183601,-2.1608383501423285,-1.564993763363356,-1.2145345916240708,-0.2808971054120242,-0.529289105049424
0.18923517488025282,0.6446048550828056,0.4493762633538356,0.883073660701331,0.25948119900439925,0.810467989044759,0.9126662064565997,1.0794164323224282,0.2979035335965683,-0.33225291610358965
2.198911578583851,-1.1034279133898726,-1.590231602584042,0.9445766979712968,1.7195827533128971,-0.3251024084287504,-0.9547294632800669,0.59907641429806,0.42065689956287255,-0.2634900699070909
0.3590877430108944,0.9343981539138264,-0.565993054777165,-0.6167603035747392,2.5415549108071107,-1.5946773664761618,-0.5678497953751023,-0.5421496979724418,2.15670494721216,1.645441194267351
0.9167092721176175,-0.018269791535822765,0.2017573759491248,-0.12891673477393711,-0.021981522437960144,-0.19740000778404515,2.1478419559361877,2.6691384335059096,1.1379611886190264,1.1020423361978289
-2.3327970741683144,-0.8693379011068607,-0.23343926224109746,-0.14224543212313978,-1.3565205316112174,0.532831361667495,-0.019654831381293536,0.06028868369035756,-1.0887135965217698,-1.7422788909865357
0.4070157186527614,0.9658123092492615,1.3528102502609525,-0.32933591119924005,0.041607758982700194,2.292269373381827,4.0458126406510875,1.2540325538821189,1.1839329043947435,0.5914701786683412
-0.7643719571479469,-1.1783795054536816,0.36371338376592294,0.724953311509028,-0.09360644332457546,-0.148270537714339,-0.5142323241414777,-0.5021607527210437,0.08823245820216868,-0.4356241232982323
0.11121898785293145,0.715085475688533,-0.162887533708238,0.22327023228275764,2.3940356126522855,0.8852526525704555,1.4999164155089568,0.28039576383713477,2.5674568295886084,1.8897482030961885
-0.18260960808503668,0.9066841844581733,0.413243488673506,1.1180008219363013,0.1679984474760191,-1.2929642037679754,-2.023709675537747,2.494075331748781,2.3923395472894566,2.2729750419763
0.5065526921509833,0.008643550917962,-1.0101999276713767,-1.1692128448621377,-0.051062420420568314,-0.27840250948652434,-1.9378370740914153,-0.44402277749922836,-1.8049729424381273,-2.346402887901156
-0.8914838953622373,-0.2442794014670951,-0.19706312992311545,0.6356153405443133,-0.1570702465806192,2.257584054837828,1.509914638347832,1.0211698086631191,0.972513054727242,0.3318507454979093
-0.29647646409214395,-0.6054444593048743,1.1204454640895392,-0.3802025505719804,0.5558561725806135,1.052896448563767,2.512477837486185,0.6047694911238362,1.6499626983893272,0.9660105522796509
0.7464914436070381,0.2190257186388205,0.05014711885637978,0.6859892298666089,0.8633608047479334,-1.711824729585635,-1.0813438557851944,2.5872412385709036,2.6701145250180374,2.595014827715704
-0.22300342827378397,0.8337150667942671,-1.1191030255834635,0.6611546429206294,1.2885453419388444,0.40480179911149894,1.6230006783328284,0.8041588455857723,0.6043238635857325,-0.06598642076849748
-1.6622857355991865,-1.0286037446723777,-0.689852295620447,-0.29745653963959523,-1.9438342094667083,1.5291701589900655,0.5623847016595008,-0.15042020319220484,-3.292496151223297,-3.9084309497685354
-0.928480750703412,-0.974752098476645,-1.4899339754703755,-0.42583895832452373,-1.4754975924972835,-1.7900698617950397,-0.05650078418941129,-1.532824315491963,-3.1432188104159877,-3.2442238664146568
0.1914537654339378,1.2074192910563208,-1.0640666356704127,-0.1584310203732189,0.92269753347005,1.0197173248671607,1.2603606850244413,-0.5514688831543118,1.6191846497050923,1.1109135037448858
-0.29135332305361333,-0.3789818402841869,-2.5029802814575492,-0.573429023535421,-1.5831750773514215,1.2591822894868447,-0.10396168995859134,-2.5839070745535797,-3.2823050622345,-2.901930607838773
0.8145560458818426,-0.41273875003290117,-1.7589267385442258,-0.15206435812610494,1.1434222103927867,0.18630563345773193,-0.015402939870843513,-2.2740709640298737,-2.0490933394030737,-1.8004257035954436
0.6204791654300558,-0.18719840881900074,-0.3029183861641189,-1.565324240302051,-1.268386070617591,-0.3500144562192764,-0.31575553908552323,-0.8884460032348203,-4.143006575378543,-4.529604068272566
0.6851670528765789,-0.04401776501334172,-0.28887772528532696,-0.27272275926010586,-0.23632976210924067,-0.9087557851272259,-0.028632372452389476,-1.8444362132291976,-2.654763697878253,-2.606585794928992
0.476194091968993,-0.45418841281991484,1.577422831628697,0.42781170670928576,-1.763687132878942,3.0735189010026556,0.9044022684797007,0.6181902460079478,0.6812718188902471,-0.002178075179141481
-0.30625011412703684,0.4660774956047355,-1.3815238663189444,-1.2609184902530588,2.388755521683439,-0.4596874066855742,-1.9920189315951295,-1.8296357270192989,-1.3270713835046797,-1.2859834611113055
-0.11145286470581868,-1.6944028883598194,-0.32066172323140757,2.272344218985507,0.029207801925398614,0.03246014086752852,0.8038928691647149,0.2955532373745673,1.869556835458608,1.1907722194042463
-0.9756553992405618,0.572420166176097,-0.15060943095313414,-0.2553306336823342,-0.3336104937128189,-1.5960620943877313,-1.5757560526663272,-0.4476792677472413,-0.9494376843151909,-1.4897885079169972
1.1298946250216308,-0.2425607808094434,-0.804814519804758,0.303904596371607,0.25062435518904636,0.26264131207810393,0.6136949315822127,-0.6609018257175439,1.11357012005526,0.642023743581446
0.11196877030704011,-0.28130660462072327,-0.15125632630070293,1.9908080255293394,-0.7546186711429168,-1.8097953367085893,-2.3548150533750274,-0.027241357907036745,0.23414603924560312,-0.40547058381175766
-0.8727445404147147,0.6116467031206606,-0.6355636256407411,0.818670308160966,0.738937252273674,2.4578051966791303,1.0428831722118117,1.1710489305055773,-0.48307754122146784,-1.0945936802566714
0.6112386923672986,-1.1837171849518513,1.9349435471928023,0.09077318722466463,-1.4041382435056575,-0.2650099279594669,-0.3613831531300251,0.7606662379379104,0.33945737721518277,-0.3349534464248013
-0.24582666087578892,-0.1334369646272203,-0.7948155946489823,-1.2461951373334286,-2.7402923649440276,1.0647368756491824,-0.06628699084207934,-2.431361928540094,-3.5676202455370514,-3.2502305100292013
-0.026862539210169626,1.131317265061265,0.011590782580487916,-1.1647502546997293,0.9007841319185627,0.1348202952480949,1.639971274047686,-0.5000267133928309,0.9232969732386895,0.3987798166068286
-0.6245140676447315,-0.43697100168965225,0.5521174647978809,-1.2799919409257328,-0.9652804780420979,-1.063879018028317,-0.6451945416564906,-1.9840744729561828,-0.9878569593722946,-0.8731467654857696
-1.559733733130346,-0.8571940823767831,1.4876441495141441,1.6420603878634548,-0.18821085676302496,-0.5359708132263126,1.2309378623546474,2.3245354501223194,1.566288562060611,1.3678051605664359
0.9439645299707558,-0.524999726313622,0.446333956063788,0.3111687750396414,-2.038771495240332,-0.32111647570010077,0.5740344472178497,-0.00248518911826745,0.7796213623431446,0.13581373784963657
0.460186547062815,-0.006995382148646381,-1.0052844875674585,-1.2467967455751843,-0.16939450886724236,0.300140980139343,0.0007227247622125232,-2.730440396833697,-2.6102383062465377,-2.17343317551903
0.1520069515689245,2.06983725820006,0.9250474169024889,-0.7323272085845524,-1.3925120510673696,0.7646034046803518,-0.6228902290487877,1.2148507993784232,-0.3079182959927724,-0.9096304663671742
-0.3132820473093066,-0.26472539472987217,1.499884673409776,1.5233521941843886,-1.3520329281425818,2.642005608443098,2.8168444898838167,1.0511503680429084,1.6382115846799745,1.002824889282031
0.2854391936139769,1.6205853980554321,0.22035085300273488,1.3104039694699232,2.0016002526132977,-0.7400770620740269,0.44447468260092554,-0.2925900172092124,1.710599276884487,1.1276737191792852
0.9765824464522872,1.6675929150676678,0.26913215824379977,-1.8091564020527025,1.2968254565871138,0.611477459813323,1.3239938490521663,0.9774121066821536,1.4264354090452929,0.7785801999518872
0.7142471565815611,0.3112305484850214,0.252653359999314,-1.6045913447232678,0.6449370279238433,1.0356737945749561,1.3106072006931484,0.139202474676795,-0.23740328741154076,-0.9014429459425943
-0.1498270835694983,-0.02763376597000545,0.35393794940769885,-1.8342514723465055,-0.4594353706847946,0.8754031448189104,1.1281915535348448,-0.10512577462675998,-0.7969246703027466,-1.4221096716166108
-0.5486675309198248,0.8680868334476958,0.5120912238367891,-0.31177568646447734,-0.029358244149578216,0.6837143058161222,0.5149102333139126,2.2394244209472953,0.5967265281053897,0.35950892040997284
-0.7426943196788326,-0.4498301221555373,0.01670126041384777,0.02847240395868723,-1.2712606977470267,-0.7130337895208416,-2.0005150048917377,-0.6017879350666792,-1.3390947270869045,-1.830836830493735
0.08990117350867026,0.7644348756055974,0.3394511175843413,-0.0627680543908242,2.219632826528101,1.5532958199651636,1.7828868245092617,1.4821055799430451,1.3746168561451049,0.8445986827975471
-0.1787231494370409,0.8476259142570576,0.3468054005865148,-0.3460994011165034,1.2881223697483375,1.2481704440154606,1.7086420279962946,0.8387079119851202,1.9700048167812394,1.3033948314104677
0.609508346374612,-0.3425591024648306,-1.823986227865382,-1.261143192823836,-1.2494363024359676,-1.158083331325522,-1.7250343722175077,-1.3673739221277303,-5.232143536223293,-5.410855885834695
0.09352541365900999,1.6393519795870666,-0.9924530187319923,-2.4075149032904273,-0.05536712902627715,-0.3323766979357478,-0.5749817588238099,0.019757135599484166,-2.6421089708949657,-3.289517177436828
-0.7773688742368747,-1.420303223431432,0.016860361513157018,0.5264244732098065,1.1723796338459793,-0.6306693401959136,1.9958113309881609,0.35763452033153553,0.9801081328379389,0.2977151165715883
-0.08516780696532149,-1.8614583548233214,1.9451602666541359,0.39811390321154294,0.7446637561635561,2.0976370437646272,1.9862572246206018,0.6849016340369746,2.6586542193393443,1.9785949579931148
-1.4440542144118738,-2.335720811797279,-1.7345418269308865,0.05954395576647084,0.9983797172250974,-1.0383662431524274,2.525670724620456,-4.7082206337302015,0.2295252585322425,0.8299939767183862
-1.2906647371182307,-0.9679257095379765,0.6806675329600292,0.3819930260190269,-1.1472476656662693,-2.0807883299903747,-0.2276510523083467,-0.6804664846804618,0.33359379997810645,-0.13108893857557802
-0.32068145167278767,0.9019300285080871,-0.18486713465415933,-0.8406046227623567,0.3331266287048783,-0.471370906685983,-0.7673958980593378,-0.5380531739625563,0.4902738145366825,-0.02229855101901146
0.03110543251489029,1.6835110773905275,-0.33320227934737484,0.6622246244592607,-0.4155202863228213,1.118616125086211,0.4185722133966516,0.30114485112255984,-0.6838408912037149,-1.3630031531652531
0.8600758471923351,0.7511582847301738,0.2592108377214072,2.0876543164354384,1.3799772257052192,-1.133386449337892,-1.8913777502951317,3.0216348652085894,3.3928958622371495,3.5253414626550894
-1.234692106344078,-0.8054497273902916,0.33173055450819106,0.8708542909690071,-2.1295156131822606,1.324839459403703,2.4747027897372607,1.3216713434947915,0.859135450292399,0.28368443844178065
0.03192211631037229,-1.3924505981196766,-0.12796517544413338,1.3159232297611958,-0.46277188694260735,0.5684749912516313,-0.02458985554767179,-1.0773523199543233,0.22104560638452692,-0.08749159858582145
0.43578591110236536,-1.348035540046796,1.614462256045239,0.45059788942929263,-1.0418226697045676,-1.0580104861072281,-0.6018317906429114,0.4214200409574708,1.5419650023466138,0.8572066169820094
-1.0855789343097635,-0.2320371470863694,2.0981307869606276,-0.6000727695095766,-1.0781969165490515,-0.2616715947129167,0.05791530335511952,0.4897725896480404,1.1747329547573984,0.48895491464263374
0.5746186584529556,-0.25639690276013366,1.0965443814697398,0.5769561638546525,-0.9094452197592695,1.454491540779884,-0.3809136090766114,0.6941475208798519,1.571139483921757,0.8916673460106546
0.015095622156783985,-1.0109670742834402,0.21374953829981197,-1.2115139563509112,-1.5719024004756477,-0.09072007258270931,-1.5778880279111414,-0.8343307507351023,-2.160625619251819,-2.568397896085373
-1.3628787552869432,0.5354230143236846,0.6489897108151392,0.40737469540559096,0.6699284843531932,2.606508677782985,1.4064638678383963,1.0047416259719537,2.195239257192668,1.5518056383626853
0.9044570987436553,-0.04901627876552679,0.6117787157789307,-1.4596889551007672,0.9396363775991854,0.6958581283693803,0.1739409209916608,0.7743721177604876,2.2150300913253202,1.541844193277207
-1.0160869961281187,-1.6851808482367612,-1.6885450457168631,-2.2241396106728475,0.11543688742208945,3.165762986164939,1.2683552145680757,-3.481615731293158,-3.919157465471885,-3.2759953766203695
-1.3847332835353015,0.42108788035730627,1.560431743400957,1.4572695114449277,0.6040785511740053,-0.1954777078949358,-0.7188990294064282,4.2584528667455945,1.0879251615452874,1.6862231815406965
0.09027347075114289,1.303827240001267,0.37441518062895357,0.5164721377079212,2.035622282362391,2.411087923172868,0.2605460014356511,1.8472556288627837,3.046473678448645,2.643706729701338
0.35473602619463235,0.10402074550984311,3.099322992688784,-1.1623773862383073,-0.47766602262909713,-0.17142874700970018,0.8522862147273054,-2.6291064214985003,-0.2692318066112491,0.12900407595584373
0.31602883010527577,-0.5102649330005106,-1.536786543608358,-0.15968590238477515,-1.0760407716130416,-0.7234674552935596,0.7160685047876828,-1.7670869347632054,-3.235401774966866,-3.224316695618326
1.8902209091704711,1.531060110919264,0.5227334027859725,1.3762816096718578,0.8966025541648333,0.3489619277217315,-0.6023327748124018,4.821475314298473,0.5689969807845563,1.2501391833955122
0.9036117580854531,-0.15083844209993313,0.08731799356041271,-1.5568916473904106,-0.4691154029369932,-2.3742401107978837,-3.288050011136948,-0.7035128337897463,-2.347908919222965,-2.804394879146999
-2.274530019391263,0.7340324872431184,0.38457533075040656,0.49830415383031557,0.017090394019466215,2.2851852768581224,1.839603002348491,1.2869911788392352,0.5115969692371183,-0.07273997854340464
-0.020640596838276768,-0.4708916968419188,0.4896780699716844,-0.8331004657575821,-1.0071821730132795,-3.5279303110154325,-1.5530855830300185,-1.7783375548157556,-0.5195143991621156,-0.5030294868637146
-0.454744817619115,-0.8143589328631676,0.927598817517094,-1.278830504997974,-1.920861349106997,0.35212064254934444,-0.45396246166087195,-2.033591581382171,-1.0862726225927535,-0.9481998831648668
0.8414536945461509,0.07166470079999541,0.003763367917050347,-0.47463363418320226,-1.163881006766972,-0.5924220053589696,1.7386081686840362,0.15432692160445385,0.3499779631481372,-0.3158387380464054
0.6293109491257914,-0.11006096389396955,-0.8228647787858044,2.0469014794198985,0.3380393555841446,2.0995799464992086,1.1211667116120476,0.8294721998903155,2.011235938311685,1.3435985093497917
-0.5239904521954438,-0.7100661908589971,-0.9195071062911552,-0.288697823439118,0.9050777199953998,-1.1359921887466564,-1.3489864884424,-1.928397675561421,-1.0106557380672714,-0.9223774656146901
-1.7259527092255238,-1.0041521019892803,0.16811210485156622,-0.6856811177536872,-0.5702027534070319,2.1707051334850633,3.0261113104320057,-2.2454728463924956,-3.2524545415912396,-3.016630304935414
-0.06002169231872865,-0.6501233870334925,0.552645530132785,-0.2807757274236014,0.9849865056972221,-0.927171937544565,-1.5667880927876774,-1.0702904783883778,-0.7843295861590067,-1.0958906290584696
-0.8042617393361535,2.066000639701163,0.9551159186065552,2.7259100564825482,-0.6995063248858171,-0.7681534574431306,0.5224845189897431,1.802160015450798,1.179574245087927,0.7594892426552348
0.4654356987445388,0.6671251509686802,-0.5784089366667498,0.7341310656466875,-0.34747423023250945,-1.329212439958277,3.2769120884582326,1.258308463734771,1.949476052362861,1.3580498188025192
-1.678549634148013,-0.37207886508648014,0.674522468842137,-0.028755963331506377,0.6853106985274638,-0.019734991218288478,1.882684179707745,-1.3403872706193667,0.46176945672941405,0.27058221819054706
0.35786182140614575,0.26713828790075306,-0.1356146450104652,-1.1309495424043945,3.0583223661052723,0.2964582995531944,-1.6591332589563308,-0.29482522600162675,-1.4370047018231764,-2.019364292123455
-0.010739486828121226,-1.13732254263057,-0.7147159876747584,-1.51010933865451,0.3224263060164221,0.7744044964890732,-0.4156237064700623,-3.0366726830314676,-2.510340819225971,-1.971067041565766
0.7452307793491563,-0.39785217819877305,-0.30639529733811954,0.2743093728161088,-1.968459251929524,-0.7572135936894567,-1.1230833975840608,-1.277479937452862,-3.053760912421335,-3.273755287159316
1.7369907457516036,-0.33807081890880136,0.6365076810373045,0.7719727518388038,-0.7170074519733555,1.1220830547011635,1.6280532150574487,1.6767564813413691,1.1500368467866924,0.6840458357032722
-2.282204078457,1.473751183283015,-0.20381864946573722,0.8168721788567999,0.5041843415601266,2.1998659327566688,-0.6663989523410057,0.9176650361756011,3.4577126742636475,2.8010189554530722
-0.6174999311912155,-0.7912074545360486,-0.15075109843052836,-0.20662585657930047,-2.332240450166197,-2.6895372575709757,0.046200680575578496,-1.2560408794576523,-4.204920656735045,-4.43463794399853
1.967216964720971,2.2806213396045623,-1.4921852604806016,-0.3950276088828744,0.06315506318769692,1.0424434988283708,1.1025557963484716,0.5618530759884897,0.39387892157059046,-0.29127398261700344
-0.09923780800197599,-0.5137344279728956,-0.6594497720136188,-0.28443711244151515,-0.6005106951894266,-0.8318568375629379,-0.6226969472267864,-1.5405386706843138,-2.5514123501286896,-2.648753007849966
1.2767351820531045,-0.09177557442827233,2.0943524499987753,-0.6628729429428818,-0.32498608041520016,0.9045379555965694,-0.33739346635193834,2.0873024396352506,2.5300291371883112,2.2257652917137936
