X1,X2,X3,X4,X5,X6,X7,X8,t,y,y_delta
0.9198590981665857,-0.3756234918255837,0.9415143312292246,0.861378961978204,-0.014368124060385457,-0.9744816149212603,-0.5258283476433381,-0.2094422232170869,1.6050880396451643,2.574477337265013,2.1192286088839913
-0.6597996377017281,1.409794751269484,-1.4085859501389926,-0.34416770957716025,2.3568683993615265,-0.021135638441027282,-0.4158915286361604,1.9824574294084212,0.683904049142831,0.8071796946069805,-0.09357324656185462
2.0468682186482665,-0.0008804417228328097,-0.051278401247917195,-0.9813691470666077,-0.986554261687221,0.13489012126197397,-0.9745253687096936,-1.718862620038137,0.3506309854125941,-1.3145829881574294,-2.220066462646039
-0.3605022305978615,-1.0900770912161586,0.2643865108656136,-1.8302067994459605,1.6494545390026163,0.08729392289332805,-0.17086258893762207,-0.6392680273993516,1.6927722277663992,1.2703484954250417,0.8826868074543889
-0.1688133342750017,-0.7442294771181863,-0.6670049745991595,-0.6609715106617536,-0.4416318085099797,-0.46936702722975965,-0.23977661479639883,-0.5636605174132229,0.5444265218386535,-2.2775962970361965,-3.19145866514791
0.26104989900632614,-0.3891321584068257,-2.161878197213739,-0.03049578523988883,1.2538318983696666,2.8815994597787653,1.3310761386460634,-0.3608898530503766,-2.2609852473882226,0.5873872692639616,1.3817712287046948
-0.708305528037241,-0.06668271953338874,-0.7631056200307824,-1.85684651622673,-1.326155237680417,1.4381665267941675,-1.353107903489223,-0.03216083125899378,0.6872719967176679,-1.2945530412200041,-2.194792674808228
0.03212860862751857,-0.6950085406093698,-0.5207674232618731,0.7481492002201724,-0.3857211295982728,-2.176585050171804,-2.1415508241919525,-0.3441505590919225,-1.9186575654689664,-1.1364960495702428,-0.5286222876460768
-0.0427213452640891,-0.31378789029172494,-0.20492925903954712,0.9509962103653179,0.5919886522830338,0.2866765631591274,1.8300744977341832,1.050699870729791,-0.06266805921700902,0.3801706111752112,-0.40691415007653103
-1.8995291595608255,1.2969345786970532,-0.021586419298928648,0.9563905987416015,-2.005272109835925,0.5553761049075518,1.9546415481834067,1.902632268001163,0.4418402061819406,1.3457352364955795,0.43245413236720676
0.3923547657201614,-0.48608223062947903,0.4944309461697379,-0.021683805129200984,0.5447484757840066,-0.14763026481044306,-0.40214694341266566,-0.05761543632430077,-1.6118934529633118,-0.6447018396218347,-0.25883074940802686
0.9736146523522082,-0.5021184813019656,-1.024696995999779,2.2759302843563924,0.10223206179538913,0.8689997029302219,-0.84678310099428,2.9999139670824224,-2.175210160322715,3.0482844656129133,3.803126019724589
-0.8421779346102327,0.8453259868353538,-1.328246499148604,0.28534666715414647,-1.080699843127004,-1.5941201303644768,1.2895498153506608,-0.38939084876481106,-0.2099945539657851,0.47714471793705315,-0.23723854716351478
-0.9603688738411578,-0.06569267140044276,-0.8239449538352328,-1.22746977631005,-0.3437273739834795,2.039871676296025,-1.8267195866234065,0.6228815934769636,-1.3262746407296402,-1.0132335086195503,-0.8637495083466578
-2.1936866830230155,0.10632904915508433,-0.2631515266090824,1.0275211269911255,-0.21238973956154927,-2.101819636415744,-0.06793161958011729,-3.2235743089685345,-1.4845771987660181,-1.387225916080122,-1.104233579138124
0.5995403429968081,0.7060296808671465,1.1424721156683961,0.35193254129202056,0.5993343415271613,1.9668567936325356,0.23031736966310334,-1.4129501483617855,1.6027372405369542,4.0168062695445395,3.5597869524433188
-1.5842220090414754,0.2686917148151683,0.2980936152984475,-1.7384016832213114,1.647682253562551,2.6761774026178715,-0.9717231752586543,-0.14538698968619457,-0.5085130675723166,-0.35182892603989574,-0.8778465375451374
0.9709316402796428,-0.6176796956842702,-1.132507238611804,2.6788698991292197,-0.994005572166691,-0.43038536497832214,-0.8369276237422577,1.3319941365373213,-0.28390712604827184,0.10807209009941993,-0.5644745404288936
-1.8075930986545363,0.5090620291813325,0.5757596772106626,0.585600347005308,-0.398105018997452,-1.6047446554229077,1.3867288882764417,-0.7988825892639106,0.4499374293739085,1.0234384716665161,0.10979583641443302
-0.9156072434028185,-0.10815743798078835,-0.6839436697327012,0.6910689802137109,-0.4725362353652401,0.6299216032298455,-0.9960299490440854,0.8495799958632808,0.19165604760661548,-0.11347285293611198,-0.9891871280853188
0.7840362588700278,0.06972693063460407,1.8376752477204035,2.113287974799172,0.3333532214129615,0.7153805724502613,0.39811548360756854,0.7127037072550856,0.7863924258897511,2.425405604502403,1.5443742360792974
-0.44885356396284537,-1.3590317242605567,-0.5285040765364009,0.30538297861202257,-0.6486830176175632,-0.34949542264461114,-0.6968762600142545,0.11702120571634622,-1.8192360172436428,-2.411641408389472,-1.8709345983016774
-0.5743734384581837,0.7713918615537363,-0.9813982786743927,-0.8731621933202275,-0.20711975913345138,0.14369174773915772,-1.5609089719602096,0.21723796608947143,0.11331721561027952,-1.9533896691491024,-2.8070419172649466
1.6187153160864434,0.8945154592991911,0.24559996321175073,-0.5227305913793825,4.1591978588879845,-1.1125590427690244,1.493994061649579,0.25016669458081175,1.9471898557247227,1.05504453349561,0.8769440443008307
-2.349065817815502,-0.5581952466168091,0.5180377927009258,0.1946019750745619,2.205635804026988,0.5128792543009492,0.753722865015743,2.668243199679882,-1.2299076877563495,1.1223500975546432,1.1887118957429248
-1.1560122157743962,-0.9661421843382122,0.8169194841701036,-0.9663285835676164,2.4481991098599436,1.0586206561156124,-0.3747728670330627,1.6900027472361308,0.40957282106393184,1.6377419618063205,0.7264380631476637
-1.0777430557971326,-0.06869231197460614,-0.5677226577152483,-1.1892213505785383,-0.1693032437762675,-0.909017948507106,2.0320050986311786,-0.731643463489461,0.04251731464759445,-3.9987591723666864,-4.8284030683768515
0.9664828258888838,2.18438214821438,0.046062192423928054,0.22317795633863213,-0.512900101802385,-0.11816852986845217,0.027381788188919898,-1.2728681356005487,1.5716181479519764,1.0293725364562762,0.5491329350139963
-1.8239647556534633,-0.34076141214397787,-1.1534400291351492,-1.3764701314612597,-1.0188473150188824,-1.7590286734452902,-0.06703800366856716,-1.1928257644789344,-2.7002129944282087,-0.654635208864818,0.2553442748460999
-0.9875630184237054,0.3656540724189225,-1.265155636546518,-0.7016332586986889,0.7421240107289855,0.7058573488606285,0.5899882098576681,-0.29063351889134,-1.7671711577767761,-0.9909575531826244,-0.48738727476391824
-2.5446841442092945,-1.0817148355465664,0.5885339896113754,-0.25382396539572705,2.2995565869278303,-0.785996994234129,-0.7148967323695419,-0.5774811880766205,-1.3944970133532555,1.100801990232613,1.3084155437678864
-0.286853825193656,-0.24530068646910738,0.8223932813468076,2.317029217286085,1.5174736385983074,1.9767182106924854,0.17520334127474138,-0.10793169560816263,0.34682077076251405,2.8038580713895005,1.898848765558288
-0.8456664322640741,1.5251851610078448,-2.4152623395844866,-1.5654651588717279,1.8038330013423503,-1.3548384787195424,-0.2049799706266133,-3.804047001826506,-0.8738816557574923,-2.520267045741664,-2.760366733421372
-0.7309973131327576,-0.014959692172316089,0.8111278385961466,-0.42829078136404897,0.5583007909101075,-0.5406016328610007,-0.39695451238303714,-0.971181262289995,1.3877460342384853,3.5797831622452208,2.9715614360354956
0.2846582194083413,-0.4278179636723223,-0.9535091054537348,1.4427201179932225,-1.1665647097663654,-1.3133452526294547,-2.142049508756949,-0.7756416803755792,-0.2841299065055183,-1.0514824134845477,-1.7238978257960784
-0.24878992240707487,0.3755300107764822,1.396411616783997,-1.9042895045715478,1.113999919551377,1.210792989595637,2.900558275584355,0.28921797644581093,1.8639185161784784,1.8568113548143277,1.6083687357503713
0.768074231958721,-0.20381324547030194,0.2739584472691147,2.3231007151220897,-0.01228911105085606,-0.7014176531846105,1.0015663214812156,-1.5750995762420708,0.22597228351805487,1.398095643788446,0.514237842145899
0.7622443532987175,0.8407292895409878,-1.070347125993217,2.0399584719251256,-0.59198129959527,-0.9280451015492739,-0.6039565479377232,-1.7928686226971073,-2.113167907316661,-1.976551508322425,-1.2534499935662402
0.38304309451400603,0.16168888465224557,-0.22376234351527968,-0.43715077675420166,0.5014739048697998,0.8598166126535384,1.1732574451235411,1.1658729398818206,-0.5905827104392968,0.24411043137241306,-0.22202695148631146
-0.83052672038083,-2.007145534881613,-0.5333118867383956,-1.9642583036183445,-0.7368510433660637,-1.1573496522098454,0.1606548745258014,-1.944885822774735,-0.8323605020410969,-2.1360127045400166,-2.4107309149794904
-2.600473211831529,0.48813048502839274,0.05733598688747582,0.43604429679952894,0.1484124391221734,0.26717742939640376,0.6916356138982331,1.8160643458488899,0.2355430791543736,2.0108711040562035,1.1249092386059774
0.3894729463716062,0.2747596432861137,0.9058501307650954,1.5412769867162335,2.68945924263396,-0.7792446220728642,0.8153214012663632,-1.819364250590164,-1.1586430223643045,0.3483284502068397,0.35282365236734275
0.6824911279656205,-1.0669764535887725,0.4457615146219339,1.2285992206851422,1.2336862251347571,1.6103795683721096,1.8946050057798582,2.022862379374726,-0.5599916797417721,2.3098798556558875,1.8210714920082052
-0.21200478951691376,0.5228029521744001,-0.01944060412869285,-0.8307696343388279,0.5256816110382492,2.0709108645266534,-0.10620882639228282,2.431620554145345,-0.6014008015465377,-2.36845599263235,-2.8264808810376065
2.247777919943983,1.9786556578084042,2.1025462204334273,-0.7999129672351297,0.9594272804873678,1.7789673026042838,-1.1525634468599408,0.20981825515833785,1.917748818662674,1.331309854335691,1.1281893579397881
0.8847006163708951,2.121037516768457,0.9245578082193587,2.1266298665670402,1.147577497047591,1.6384803700537394,-0.735800141988495,2.380082338415576,2.785044155515332,3.3743910357745337,3.89085315394074
-0.3878161946975948,0.6610321123134525,-0.3527944539050438,-1.0182597176384172,-2.49327256710742,0.22255467809002158,0.48602894394609375,0.4419916148027889,-1.42627595337015,-3.1909702450547552,-2.95656203865499
0.8962215756074371,1.1611297933471023,1.238802501104453,1.2908075797531617,-0.05132518348016313,-1.175715596437002,0.006675435164236954,-0.1816543679234075,0.511285995075681,-0.015834115017538952,-0.9304584366519523
0.5013130891365587,-1.004339967389183,-0.4727266441337977,0.5152506713419631,-0.578316880973067,-3.181313877968033,-0.7670149981722463,0.0938212228870617,-4.0453087705095045,2.356173041421266,2.7075956929994764
0.3276326278484797,0.6444810523770456,-0.11884967542938074,1.6459925929793129,-0.0834275998466126,0.16584341120174212,2.3655527770153504,-0.270692348884389,0.6187064146024308,2.484371955069186,1.5755050187405006
0.030435531325905874,-0.04259802691288181,-0.22809699143913495,1.9041687013311674,-0.5459098365825594,-2.162887987821927,1.3753025109427384,-0.037794389957296025,-0.1145538624774292,2.0514162135958376,1.2882466744963055
0.07463911939380216,-1.3732168791981512,0.9433284954348715,0.2556424338475254,1.3479836741694813,1.9455082286683245,1.572551163912928,0.3547057403001171,-2.1049551527142447,-0.2877403152135559,0.4309689491956927
1.7134718451282083,0.26499536792730527,-0.4219202738700667,-1.2908878165522615,-0.8537986446218622,-0.04327474718126778,-2.2586944332202585,-1.541477657357544,1.2487178980029467,-1.7773997385619393,-2.470290901864011
0.5038987159595096,-1.6043185921639285,-0.12644260511118022,0.5986825949647852,-1.2372193737422452,-0.90350259391872,-0.07124274471310843,-0.44330794105058136,-0.3946195017523132,-0.3149562740026946,-0.9187042065743538
1.5829352748012482,-1.0777916066972455,-0.08391280727198426,-1.3785828542077725,-0.9687115386421933,0.1750556547734441,-0.8723361332538364,-1.1083822427021432,-1.8043840932289836,-2.980669685912723,-2.450425457537685
-0.04430672277086876,-0.06744718322511885,-1.7237102693757917,0.24956037940567585,0.7328652573249208,-0.6056585199404927,1.1615139556298426,-0.6722105120285156,-2.213817636964631,0.29931658739501865,1.072592655427517
1.1813733851770198,0.6361924030461658,1.1809121701746765,-1.8935079294666886,3.071427955311571,0.10518547244953014,0.6460726115998066,-0.7295370828888734,1.1370103795381876,2.0006970989857646,1.2484566091571514
-0.10217783084058304,1.4649826387494638,0.679992374868336,1.2800853655955495,0.5131370615111014,2.2655718059869674,1.6544991536109432,1.0030277550803097,0.8316124828034522,2.6161974953926865,1.7465350449728678
1.191657971806611,-0.9258925874604546,-1.5840086235056432,0.5738423026180091,1.233092409203484,1.025808360039051,0.4644246744202471,0.8225903484152033,-3.235276835688662,1.0831565485363257,1.9231446347318653
-1.0070440537397591,-0.06120021676695629,0.2725275071778112,-0.33678890009355866,1.0116695689588862,1.304658519638505,-0.6078120261200767,1.3968187387496873,2.68939812713201,2.4514303989320814,2.8972616878321253
0.22038553093352903,-0.9757620756084038,1.9511933381029987,0.4505746470412336,-0.4307788835919841,0.30459022529883406,-0.7789318929361626,1.1685205431027486,1.3835730807036497,2.196039086701152,1.5851139132760983
1.86733491354893,-0.17134602853611725,0.008617075499853005,0.0200725171816461,2.3550019132409266,0.5493126834127946,-1.6417769031410816,1.436345295493111,1.1543476953585265,1.3279781066692709,0.5844097204302483
0.35219099757112154,0.5385453707091693,-0.5394489427249982,-0.1761715346049907,-0.07109729272995724,0.044672724531455946,-0.7777882956437336,0.8896924197854569,-0.9935603145932852,-0.016580840666557628,-0.15499925459930552
0.6295868965125081,-0.4205030231770335,1.2476606024836805,-0.26892636436914774,0.4660297135455845,0.8976427975417165,1.0721182578018678,2.6826578731270985,1.972127648924146,1.7935305424319183,1.636732811257703
0.13508258712984533,-0.0317503602932072,0.9717975687483297,0.5148625198892183,1.5619963235359853,0.5193614289068152,0.06292045223486098,2.9604401753492118,1.570067882897654,1.127732696171887,0.6463471340252116
-0.2359105164941259,0.07564726341920752,-0.8529735519447998,-0.8620640866069973,-0.5171686126154543,-0.5164092163500161,1.7077885556616117,-0.23930533803979048,-1.4537151278381801,1.4444873570550316,1.7018601364595052
-0.21380074663918652,-1.3687870720992759,-0.1753477714389042,1.3081021680926201,-0.8980346725094779,-2.4636369752305343,-1.0593297854215458,-1.4019737737388844,1.654766028699564,2.280928194556582,1.863613241158757
-0.9128345882265392,0.46172996479293227,0.9405644594265761,-1.669420309774352,0.5509223091322688,1.5557235668943292,0.9100263933425287,-0.9501019840046956,1.3694495704433667,-1.7756200258877861,-2.395623625134764
-0.6989279786840958,1.7483072814401053,-0.9881697884605132,-3.777984856481556,-2.1686428293451057,1.7866324649876433,-0.4005352094920185,0.36679991270316054,1.7231429943930174,-0.4989605491294169,-0.8625611836606656
0.13161644736563882,-0.07000517198600056,0.1848751635288525,0.8712230784478283,1.0923610088931224,0.48808906079860503,0.5046763192263025,0.960687529748909,-0.9388594819425343,0.49890647446883407,0.3137115629964763
0.46562462242792135,0.3754879510202191,-1.4325177249560028,0.6194383782518518,0.3081556960715745,-0.32904694664127176,-0.4299947378683936,2.32862614835192,-2.190830996195337,1.2069458950329284,1.969369896377051
0.9461240685427282,-1.2259023143889267,1.6413257355854727,1.2202938403106085,0.4855916069180103,0.05315212709122985,-0.3631414470953193,0.5231916843059579,1.0998166584100424,2.6271335943917804,1.8569802661379722
-0.7249375807248635,0.7415622585541969,-0.54274532315385,-0.4310206420332007,-1.5738082752787317,0.2983655489582745,-2.5587217043532435,0.25715819774058424,1.2263938965886845,-1.507800252006338,-2.21319795766523
-0.7206663998147954,-1.7933631300190402,-1.988826169525851,-1.2523124884846655,-0.2866196856416233,-0.9364453046090233,0.614310277032009,0.492118194868712,-2.130829016441282,0.07373983131998041,0.8061372068512949
-1.0291663438222318,-0.8487801009965572,0.7336252059891462,-0.5831257189155211,0.7642016312051393,-0.4492873324449663,1.4067408634627894,0.4920037719039814,0.49392526501856526,0.07459606746632941,-0.8400655955418537
0.03348145555555029,0.17396807862606786,-1.3136720957219599,-1.7122327085977287,-1.4998843564001125,-1.3707004659092443,0.6165577958049966,-0.996658759224292,-1.4677950988806754,-0.7686202273274678,-0.4995304580858426
-0.016236296756421808,1.5766036760044653,0.2218265493208114,0.3887926611091135,0.4422736559134842,0.43129390098524145,2.419595537391622,0.5329823483782187,-0.06744035964812567,1.2408086550537871,0.45584455327054446
2.1740462312263813,2.0698394806676546,-0.3087492280735304,-0.5809090550695837,-1.9973270474626532,-0.4119059376445676,0.9801860637823401,0.24451983215956563,-2.4858902744941083,-2.3671154389874896,-1.4946528172714533
-1.3949825896846755,0.9508009722688602,-1.8917580579770292,0.24573073659713585,0.9495516250705318,1.7389655660246746,2.1606998303905334,2.521725045606704,-0.011407759338876333,1.2722390865722102,0.46340471554868234
-0.33945721289051545,1.6278569524198117,0.40281693278549957,-0.43292487419149694,-0.4676039578712736,-1.064025500935861,-0.4178816132981802,1.9388114488962036,2.149872320500154,0.25958612529052544,0.25646011120639806
0.5793659581041488,1.6936497524060816,0.9911980063279077,1.3147136397136665,1.1977573881316543,2.2488043783202896,-0.07868520887115935,2.5628290405046443,0.8420398069073798,2.65731835327479,1.7905059700109784
0.7827130038124541,-0.09432694935410216,-0.8437736825314786,4.986859192595585,-1.476086611175959,-0.6668074271597693,0.22410799803633985,0.814512649750478,0.5113706747561452,0.8997189593403339,-0.014904570427842323
-1.6110466209170813,-0.8359652513503056,-1.187437555764733,-0.36665536165763957,0.4386713844011991,1.077230647282928,-1.3237791512488486,0.11167013843237912,-0.8125481442520481,-0.6231306910231376,-0.9142202428844715
0.5289947082306063,0.5402335040198466,-0.30006086172416996,1.34443079382362,-1.410800609023016,-0.18271851267118366,-1.0742873727942035,0.08018224353716286,-1.4675198066456416,-2.1683250911149052,-1.8994639583534174
1.352125747210382,-2.357908851667782,0.6927055025594607,0.5316811710190844,0.765293325144552,0.8252302583099195,-1.278771759541612,0.009330753493572042,-1.5589063259092002,0.4792321582108649,0.8228870235023682
-0.0373252195071631,1.6299690057435656,-0.818428555420466,-1.3887126309098832,-1.5763746218820547,-0.42800905469449707,-0.7278356956663796,-3.121882934549207,-0.9518271769542361,-1.4630616249667299,-1.6372079563772044
-0.5449015834382437,0.874353216236001,1.1469810191341439,-1.0982847695039908,0.7446038135733244,1.0035783706348351,2.03118409865633,0.5695501578064164,2.766063417073139,0.19661123550072376,0.6993776815095564
-0.6084989650828497,0.11856386744609629,-2.763100672421876,-1.4657741904002335,0.4879617899412581,-0.7827146540731466,-0.8694350569861324,0.017909298967000886,-1.7702495543790018,-1.2477303646284257,-0.7419291777596633
0.6573260993772748,-0.4038688237248015,0.10306620778192403,1.4341085473356636,1.3314047917318017,0.5355164741999594,-1.0349524687066338,0.34098004662978953,-0.08081704263240044,-1.0788764368985435,-1.8578105106996796
1.5691489897569066,-0.6526268637997897,1.1155311803578472,0.7257358803926435,-0.27106354970939184,0.07695360522758449,-1.5813377300547928,0.5973018193945062,-0.16645017679415092,-0.7266208781066479,-1.4640159291132264
-0.09936525716346933,0.6430267988148012,-0.8853032962430928,-2.1338899858128455,-0.31215868511620826,-0.8080117667411457,0.0783833553373926,1.0174469902217433,-2.0337340752204343,-3.940498604093108,-3.2616843140292895
-1.6488592940288904,0.8612044874372465,-0.2948239441206418,0.9061605666716108,-1.0353004609652983,-1.795769303850474,0.18627749784642522,-0.5429649799956181,0.7713425528877818,0.5963959619715457,-0.2880595334152009
-1.0560955019891747,0.7384618036976153,0.0862176382943796,-0.3736645640931541,1.3198907482034468,1.9586942656436794,-0.9163630850751135,2.4855153013808513,0.9296961251206035,-0.3876419220776821,-1.2271619566565029
0.7183241000844831,1.4449831601319671,0.5087153277554888,1.0175494413693482,2.4690581841109513,1.008918296325053,-1.0626731458712446,0.27444782432243175,2.501740976833321,2.36546603963114,2.6626027034973205
-2.4063260360027408,2.4183014994320526,-0.3393307087442197,0.9459577012059116,-0.3176720025245863,-0.6196660580263567,-0.7779413055406379,-1.0012777352502864,0.07578807588599068,-1.313762417867347,-2.15516278562748
0.024691797810847686,-0.7091374833653039,0.5338605738363769,-0.54759181689318,0.8800066384790762,-0.027078735172446855,1.4011264320396593,1.6344755941313172,-1.1632399552258252,1.7434026870855264,1.7518922583055736
0.9692018032469998,0.38683953063246895,-0.9483173221909958,2.184841268539703,-2.735484391414665,-0.9870508334709722,0.20511256941286826,0.01699527751054769,0.45240377761290934,1.6038791085203945,0.6901370942259849
-0.42782931924267237,-0.5790488674704377,-0.062369538083473154,-0.7080732445566199,-1.194647556881989,0.4262000171295326,-0.5191948280005179,0.07450994551980317,-0.5437811910460484,-1.1103343809626154,-1.6109901901873784
0.7899402825871672,-1.0927353644544002,-0.5844315759364507,0.5022400087607928,-1.2346637034199555,-1.7219075919945754,-1.7634621531050714,-1.4972044675941483,-2.4614162212206994,-1.9175503508981226,-1.0517090999511098
1.1473675367974718,1.2260425447835102,-1.5425018540026227,-0.1629669880152308,-2.433522371901277,1.256023384216431,-1.9636675581314715,1.2087505952413982,-0.579831792684407,-0.5077303316809434,-0.9818810617472713
0.060978279227711214,0.9364176409036515,1.5764397538238601,-0.617415435915394,2.1351672106808475,0.023295377658571113,0.08750689852172694,0.6077126816617291,2.601919724293189,3.094633222188173,3.4726294631803176
0.6653539642843167,-1.0482782314052823,-1.4257822024292595,0.3852392796660513,-0.6910570933774698,-0.7384085579548031,-0.49842292783473147,-1.824261917436231,-2.259207575551522,-1.3851987075729097,-0.5915816076680877
0.4347382572211411,-1.1937783637200485,-0.2970076439449065,0.3835554894548472,0.5676802841571293,0.6477876081538582,-1.2998961731762169,1.9811566521694997,0.5467789274796024,1.7334595138893327,0.8196856740467644
0.5859039069343257,0.6690282168557813,0.608935832672449,1.7865317503212106,1.0726219865820372,0.5441552524000287,-0.7297500379028388,1.0151641552681254,1.074085604338271,3.1230655191734358,2.3410812196209645
-1.4347455206556368,-2.459491925807271,0.0916994673978565,0.09696172550435112,-0.8213676762653208,-0.21775626809183124,0.9761411519260039,-2.0069213472124074,-2.3173357022793226,-2.7676264444516647,-1.9501192689472213
0.01017376870306876,-0.6877361018209782,-1.4794153914180437,-0.02796829662349162,-0.42708016392135106,-0.2809635483093266,-1.9224904109993342,-2.0996233640415376,-3.0835293834973583,-1.3726574677988626,-0.4893753136787822
1.2395875293432836,-1.3372098538433164,-0.5045030371121129,-0.3871305615884725,-1.7986007051127473,-1.177895374405034,-1.0056090081150064,-2.511182375699713,0.5306027940677001,-1.985219040072952,-2.8995094104058174
1.445743323080247,-0.29407592461193327,-0.7654774490602227,0.6175493753550608,-0.9971131822175671,-1.497968444754866,-0.8934306031185353,-0.2891639129018573,0.2228553478327031,-1.0551759698838685,-1.9383327564436237
0.6588959752323319,-0.07385984404495531,-0.8242500892134568,0.22495519969507538,-0.9985487266537374,1.1132172429677432,0.6220527843801816,0.2555177859472673,-1.0968408710991242,-0.6129286788485916,-0.6621122760849175
1.209406164073155,-1.4804319264487849,-0.10443545303995969,0.10186684393822165,-1.4373226809435207,1.3423401687393453,-0.8919915439248014,0.6609134670159282,-1.8347307765733625,-0.2645856451749957,0.2869218388076802
0.7449992896020329,1.166561754035041,-0.13348167400434086,0.2721211770702926,-0.029820389830546357,0.25265737120706694,-1.887974005078073,0.164731478769228,-0.32133614916967024,-1.2718273507058233,-1.9219102538598296
0.11364493237607524,-1.096964908629847,-0.06642847170166113,-0.6555137466808415,0.7236105601662106,-0.19423286722359,1.6733745446562571,0.14495844266848457,-2.823494977134587,0.7838145302190493,1.6983783012229163
1.1873218408967678,-0.5462517296129885,-0.1977880598186129,0.7524246773952632,0.2897791156206006,0.7762015228562056,-2.343792917694154,1.560628952474132,-1.6702732398262976,-1.1933301854726426,-0.7620823682526993
0.5203453074876055,-0.3757771545328286,-1.5050048885609233,4.180431710401188,-1.3798218184644897,0.52475582834693,-1.728551365464878,0.4610527713830582,-1.1499506500969843,-0.995188538265316,-0.9982464887796029
1.3657285582175043,-1.1776136871323382,-0.9658987285417042,-0.001977959586100142,-0.6253528429200415,1.4910954238735843,-2.38051471926506,-0.9776734513034346,-2.5902334862366345,-2.3265575174146473,-1.43119554538514
-1.7955642636147555,0.8906776085170783,-0.08637820173632678,0.3176324749492463,-0.9130086853922077,0.736843304051555,-1.1231216396243617,-0.386248942025409,0.6165829962292975,-0.052470311524323854,-0.961543035029413
0.3720971786351629,-0.5792698361150612,-0.6525062448814716,-0.7327591711527582,0.025870872469482387,-0.6493285403407071,0.5584127912614437,-1.5766084099874602,0.7132795343905882,-0.22623161967469185,-1.1221975129973991
0.180190480691327,-0.322198024023268,-0.30890505662924883,0.15436358884840892,-1.7445634352819626,0.13914948794597004,-0.9553024541306445,-1.6086950408443839,-0.0017238931530546009,-0.6928459448923735,-1.5055752822001258
-0.5506161004522302,0.23878850021634884,-0.8030613941242914,-0.029320735569325462,-0.25812360519806676,-0.47950150728276986,-0.9445687386350836,-1.527558009534106,-0.3679238427239987,-2.477199392767077,-3.098177060712305
-0.7625978051791104,-0.41254663827417554,1.3998797332532964,-0.577960642954163,-0.3616265831971478,-0.9667317342847812,0.639121028365158,1.665752165269413,1.3086714748224038,1.8567303182021229,1.1989530397499082
0.5435926592405861,0.27553787227990423,0.9286507392829708,0.2627182092208774,-0.4864134617408685,-0.061952468350701895,1.070380715923817,0.9308562256056088,1.3672857634956248,0.21100460057965742,-0.4103800488261694
1.064630559841341,0.46872499538056805,1.4530493464492618,1.1222953500103736,0.20721791722689276,1.3815002506306142,-1.5090359310244352,2.6095303458700188,-0.30744135984347465,0.18026313196629262,-0.47825644268641376
0.4069047646799658,1.115230755097848,-0.6130008452499229,0.22777859709891413,-1.1263672611014524,-1.6208867420677877,2.033675785669283,-2.3156447391234454,-0.3700793600937626,-3.0833356259308253,-3.702936769332337
-0.04611917362494111,0.2338340447262951,-0.7746494785055786,-1.5259773567912651,-1.3486161758495405,0.6287343071712062,0.7770772835950901,-0.11267777454709384,-0.5925546969035957,-2.6615331283011407,-3.126195361267521
0.771473708694044,0.9218086380060809,2.193655815698285,-0.381356876490216,-2.417620738176325,-0.6594976473581438,-0.7064064870919466,-0.7167432426424976,1.2568617458028184,-1.4472164611879839,-2.1354673299939906
-0.5527266020234397,-1.5337084767304061,0.16794553096566509,-0.5007820112219017,0.35874347601169787,0.039595910969634274,0.9768453270208836,1.371001326563014,-0.8032221924047566,0.8735592468380597,0.5747988179336856
-0.8145832467732591,1.0880064169533301,0.6856197581632951,0.16207417916764844,2.1925795121702967,-1.1696817283045917,-0.34414350974513935,-0.48616032058188285,1.5838795849298346,0.023599958917609687,-0.4475394528791523
-1.7767793636287061,-0.9343748533820637,0.46406766467140764,-1.2657778435775209,-0.16566854836156752,0.4378348074377769,1.6473400732593706,0.31883754017996313,-1.032434428281928,-2.7634995601288477,-2.868440821180772
-0.7689265838855903,1.078128700859244,1.2758653676848004,-0.9533234917644032,0.7628032551978139,0.3040744744895525,-0.21571740335915923,1.7348634369096925,1.520048429895197,0.6937974622068648,0.1760114876785581
0.2297999357657931,-1.623325186080274,-0.27419841136402495,-0.16498327575120075,-1.5427798880146295,-2.390853283921606,-0.6728730802574733,-2.2360495408206864,-1.1391833150141866,-0.4220775029300008,-0.43449127900471596
1.5197579250818738,0.7838083142622182,1.2328877971784182,0.8721231945742633,0.8585908013621886,1.4911929045839925,-0.36130520023163715,1.926831403481452,1.5668495859464981,1.8461200552792145,1.3623588546333085
-2.1049520399774555,0.10338231265161986,1.7961014089340224,0.44322407012110976,-2.497286044023962,-0.5229890635431258,-0.2050011910930264,-2.263157337577478,1.4309394155488369,-0.9676596443422019,-1.5473448893639905
-0.21231228370875824,-0.8658644441365786,-0.33958984623572475,0.9085061273650374,-0.2901323984729326,-0.14230724248008592,1.2474726318455822,-2.1726361250423643,-1.6055656994978125,0.06359458213444247,0.4444735089538482
0.4874000757239514,0.8133144753370259,1.8506236654239037,-0.04405668791609274,-1.3847896310797658,-1.9566332431222235,0.9628002976367271,-1.0461106713944825,2.272061341542145,0.5520289432822814,0.6548603661472069
-0.5940264810976571,-0.944249329611857,0.47016053410075737,-2.469589954627173,2.1630266831372413,-0.602518947695464,0.5356530027860933,0.6914524882182417,0.18439593812598026,2.386322568191988,1.512450756866241
1.830177759429591,-1.3946087220582506,2.451080278207554,-0.9509175816221954,-0.9336951305204604,0.1306851308539474,0.7675300688624583,1.18457752469449,-1.4829294475744412,-2.5609522331615353,-2.279321793074477
-1.0849919155854675,0.5687028048476315,-0.36948387773215763,-0.6701593139558951,-1.4349295084618974,-0.8027835861732997,-2.2912089937304136,-0.9321980717896514,-0.6399018116505217,-1.4093907584940846,-1.8381572343498669
-0.6548727268245541,0.21642644038876707,-1.069473207584198,-1.7111548586217538,-1.373534419624951,-0.1984758565210203,0.8403273845934429,1.5358569447654058,-1.024296889976156,-4.427565340571662,-4.539527760646772
1.2049480699256288,-0.605186552538498,0.01569043018559451,0.07244934197724084,-0.467180550343674,0.5632567696257065,-0.9985543160232193,-0.6579988335913001,0.8029561076145743,-0.9313614308545606,-1.8084161044598939
0.7671899407528475,1.9867740849900124,-0.9741268403457733,0.9561708865236055,-2.174914232724821,-1.032957679352154,-0.6238931487985925,-0.41490282075854135,0.349423613027799,-0.4515121284402791,-1.3568466331852767
0.9527591052100431,-0.659505048598862,-0.5861773584163127,2.959446876619888,-1.5431344257183963,-1.4804955746911581,-0.06515195749611727,-0.7677845950772422,-1.8316300212409318,0.06869345762258305,0.6180490391638515
-0.9672899321724384,0.9044072171195957,-0.44260097979138485,-0.9273616612640166,-1.5047886313180814,0.09186661369940441,-0.2519570870085991,-1.153625993230866,1.1492926337792007,-1.4561468149218846,-2.2022646743467478
-2.1629591107382216,0.725623966410113,-0.3330189558405187,0.06971946004899066,-0.6224820279601062,-1.194694846291953,1.5074212512289327,0.38002186557347944,1.2596398928198569,1.7936482419858386,1.1069897751509001
-0.49176335877509353,-0.10876386207519007,0.24086445885200503,-0.9017653307990414,1.5756381837779692,-0.10452684165055126,0.11515491506198108,0.22314134534128333,1.068674810971229,2.7026347125971784,1.9182217902395218
1.3060204656417824,0.8179971864534816,-1.203298212825524,0.4094252867932768,-0.4037716570112446,-1.6490720539055297,-0.160425930485493,-1.2285937828372644,-1.4292017147291611,0.052769459123744644,0.28963417381362855
-1.2848131015789162,0.8079871563932481,-0.4596390613910573,0.4833459665703006,-0.2642670613532098,0.5627646885812015,0.7465205482262393,-0.291213313684596,0.14462213361909954,1.957013137942638,1.093970351992592
-0.9799781195246166,0.041683093909196896,-0.5855896800164454,-1.592383131585075,-1.4257641670498233,-2.0090044398173035,-0.5362913351645582,-1.9248766324567863,-1.3041842257182723,-2.955356782158279,-2.824841543681192
-0.5134141883422189,-0.8324986466878559,0.47601595830670296,-1.9239284261044807,-0.22224123681496655,-0.5319849833875927,-1.4936851954834496,-0.4052600307225164,-0.18228634400871813,-1.1648157296652601,-1.8939858436409447
-0.6874308200423086,-0.2531742771647477,-0.37017315667279577,-1.2381758413935287,-0.8056804497883747,-0.8026965221255795,-0.85661430419902,-0.6354272435548711,-2.3179888043125785,-2.043879010795068,-1.226117446155842
0.9356912663140015,-0.3091079366137754,0.8263353457607663,2.139275233250025,1.2537388087444765,0.4234346524941427,0.9750028897206173,0.25605270224674237,0.4293415548266123,2.1094096174306043,1.196792641387429
0.646283326121521,0.5473559771856784,-0.5279580515395618,1.1835428398076067,-1.726935780515121,-0.32892209198652084,-0.9354781467058958,-0.10291462904255222,-0.4420887726566982,-0.43028812151944595,-1.0024469096432607
0.5961381762886278,1.1089068057800886,0.18992698917431855,0.08060604849430453,0.5658984946813709,1.5585475446830017,-0.4150471758559526,1.3429364807586786,0.4669809004365768,2.802947048684234,1.888720120393513
-0.03746082035628578,-0.5573861740889888,0.07290905678733714,1.389426628927699,0.05238363817673512,0.009584026684893679,-0.6302163272641967,-0.042290939811358425,0.5636605381251607,-0.23366193123522883,-1.1466666065693851
-0.7922331253065902,1.6719092946150247,0.19307865474731592,-1.9868168827554658,-1.8030166633433597,-0.7918154138970747,-0.8928567567962394,-1.6367074545531795,0.4043984001980877,-0.5278466964979667,-1.4387538048522157
-0.6870957052414429,0.957191258137206,-1.2238066917563994,-2.510956851993947,-1.7608218890016905,-0.927831743093799,-0.7520441288359738,-2.3628680994794204,-0.25978947839983274,-1.6969069574673652,-2.3834795477663238
0.2640389018769348,0.1593021090168184,-0.3046389486816978,2.3698640174236916,-0.4558041125355574,0.40512661314453347,1.8940946341824338,-1.5427706912125645,2.0809483181480126,-1.3541363968792943,-1.4171036091006495
-0.719712302130911,0.4194741200849408,-0.2585520002443294,-1.070543495010819,-0.8109854283996518,-1.5043364448986662,1.5234379212918505,1.2920424017743586,0.07865534776235455,0.22680306160848862,-0.6155713008422561
-0.022753112271677922,0.363895123305192,-0.5213368888556692,1.1963488177634116,-0.06885583189999722,-0.21088157850798794,1.2795002156698043,1.9485703934825949,0.44899751109794445,2.315091022395328,1.4014875802072202
-0.13192499647088604,-1.471269284792182,-2.637493644763256,0.5829597179730021,0.7969357645659501,1.5817008982367073,0.2852530087032612,0.812285696102173,-2.490408319280834,0.467083715752898,1.340717213828116
1.502012140245458,-0.6430125691794697,-2.282747879669605,2.3956123503676374,0.48885056147390005,0.5625068232427283,0.1940272432468897,2.2619164600293904,-1.4978087994064873,1.6839026946596949,1.9778057699174107
0.7606410089534136,-3.1703391341616736,0.03142661648036066,0.9595320567833586,-0.12288518630498114,1.1842242826404796,0.3926469966178032,0.7808701406849148,-0.30212476143406314,-1.3856137784857725,-2.0473312265392933
0.6316324606314684,-0.3205755484988958,-0.2728218242282284,0.6204948526705942,-0.16953376205090692,0.30480679278333705,0.5030179634161105,2.883332705278696,-0.6946539351819053,1.055233838720033,0.6690537494833786
-1.1709798511583311,-0.26266410864736595,0.14651470280121354,-1.6603810327296433,0.4989159937993653,-0.4140804971773828,0.383221197954372,0.07840243586618297,1.3319584476402764,0.3304645286030374,-0.31309222796740305
0.4973638578642284,1.0330716503715702,-0.9253599508674728,-0.965724227312542,0.5894779560901675,0.9535369313428724,-1.4002632577411793,-1.614816539613778,0.6456841661406788,-1.2571806016242537,-2.16311135866646
0.6701217178659651,0.7147030667240392,-0.1405916838807659,0.42166066728870155,-0.8811956714966307,-2.6128588759736044,0.583702138752503,-2.8835702429401318,0.45554334264089696,-1.6536060507151678,-2.567467313593047
0.2957495092947196,-1.749976333725379,-0.20221619599900847,1.027476016598829,-0.7364734653510867,-1.7969796357268382,-0.8067796133204472,-0.5687779335722223,0.31516351266926934,0.07669816736162421,-0.8239135841085509
-0.35644655468032305,0.5909335920292098,-1.1551221530427662,-1.0358066640892902,-0.02232854378388438,-0.08205124475259909,1.739467605952251,-0.9553119206834924,-0.9818312017429615,-3.2875295762474774,-3.436013741910359
1.208381809311247,0.560387349997445,-0.5385510058815127,0.26144531642066937,-1.1119249771105584,-0.6028622205281744,-1.1011046216276612,-0.699121559879005,-0.497496885614613,-0.4697188805879169,-1.0035386870560261
1.7299146464770743,0.17988588851950757,0.3102854099947782,-0.8865039292422466,0.9813386024365687,0.6251378374839573,0.24761776019530957,3.7958099667839704,0.8878648104442514,1.3915058829322042,0.5382230527226181
0.6883654421230317,1.478599028508547,1.1114697207110162,0.2717715636441018,1.391700644584143,0.00616013365600665,-2.283780687034132,1.2800283855080756,2.2759794434829255,-0.005360376740428885,0.1008533494003101
-0.14570313616600092,-0.09665573317955135,-0.8952485351900159,-2.055252147410758,-0.8181665152445302,-0.40453944910235073,0.132638358406877,-2.2223587409781373,-1.2368967751648072,-2.0909621963334253,-2.018544791474328
1.8631431465697992,-0.77894544443329,-0.6905416846625988,-1.7527931577564102,-1.287359259981893,-1.021498556765172,-0.7876450297403323,-2.292502648117644,-0.7463352509495668,-1.8100369331273665,-2.1550587654450473
-0.6876075747209227,-0.897854776304101,-2.4111851128920248,-0.7269581201263778,2.9832237701396833,-1.285735140326063,1.2201702619269246,-1.577031793064788,-1.6722446814412302,0.5567019385970584,0.9894597196957049
-0.8648909966575816,-0.8984012025754213,0.3197889605601669,-0.30048740750028613,0.10330054774161568,1.8404448803278406,1.126654073878599,3.849326116796737,0.39118712974780834,0.6379659335278018,-0.27182827603759163
0.9540008318446286,-2.512799224973544,-0.5541174716216959,0.5981643650506786,-1.1424012322259358,1.7846116016251459,0.6404184646514085,1.8408184817009805,-2.1274597120653502,-0.4544669148525782,0.27617287422347925
-1.6020455919731607,0.7156127854010024,0.19906197977339096,-0.6519046552235306,0.561264180367631,0.3294925753831562,1.2138422929777604,0.626116048260955,1.6669239509764777,2.293054014917609,1.8851676005847444
-0.8917247369138588,0.3535738775074725,-0.5356353182430318,-1.585051961975443,-0.39535314962824797,-0.08257568484387023,0.993461252015214,1.1365254828521938,0.6106785331518378,0.276509142960101,-0.6331163536284653
-0.9082681473751839,0.005255572274085577,0.5379788992265873,-0.9866823430237467,-0.008762297160998855,0.8779309466823686,0.42282279557097396,2.06153223270921,2.4299149831852613,-0.284912806813073,-0.04744949911337787
-0.04957009540333572,-0.7274150528097769,0.5179586992881636,0.4757506133772738,0.29457654868928396,2.237550191498024,-1.5554427321492477,1.436564136122803,-0.8336048135821119,1.012169807692353,0.7384831050006351
0.5661996444109191,0.30396301347939425,-0.6318076709884802,-1.2489351615774356,-1.0532493379024592,-0.7163457743825785,0.36220161891117186,-2.191429988476002,-0.621339853515797,-2.1125760531256796,-2.555522514935296
-0.8340342989007206,-1.2943493422711696,-1.9148438784688595,-1.5568834304078905,1.2355928991934682,2.473334747673329,-1.4728408783578768,1.2295067504261252,-2.1839485137769623,-0.014369036157630855,0.7447347600150833
-0.6321422561337412,0.10534729111337918,-0.1871951313819964,0.568835998921458,-1.0226568914159073,0.5364121511589793,-0.2638587723202026,1.846553618974595,0.4290535119880746,1.3038710363953407,0.39127088294230294
-2.723282701624523,-0.9038367507216448,0.5270266374630821,-0.893715123795559,-0.4770304908808327,-0.11964887878535169,-0.6837762565429635,-0.7568619048648901,0.25629393699128605,-0.5959562926796511,-1.486228299662326
-0.7467615937963157,-2.1574439982350544,-1.9348459824964015,-2.050638372783376,-0.02396599384156567,-0.604088468098561,-1.1726719332444269,-0.24743044902538125,-3.1226173180789933,-2.644651456629559,-1.7707985417902021
-1.4153100156500804,0.3007554553313675,1.69896657489619,-1.5413713683172925,0.3081671126625779,0.0038712066421558444,1.312119352296818,-0.033737958098874254,0.6255273351292403,0.9886788326164528,0.08049795017573902
-0.8342153679601317,-0.658061706753441,-0.5394980656214654,-0.2726595522419344,-1.651778572322085,-0.32058603869055047,0.2849504749033669,0.17750218616506586,-2.467383558955774,-0.5015553995989763,0.36594358160167517
0.2527004485971299,-0.1408835602674778,1.16746703847674,1.6092910789468107,0.15391761555589212,0.26563896930674713,-1.463672118020479,-0.8476378832478003,-0.45532127530063515,-0.6114352838232553,-1.1745781420221786
-0.8259966227292803,-0.4763074911414105,0.050426927386722886,0.1988416735578452,0.8931949599040426,1.3621115043750192,-1.220811845900959,-0.7349323719900549,-0.5346870489007622,-0.3969974154746273,-0.9042478741453401
1.318243542259906,-0.9819848133581932,-0.6479728158376357,-0.1818503055550097,0.5483976706455305,0.11586165326697484,-3.6650692380899184,-2.6634429557010475,-1.5400801853971846,-0.8422079185609926,-0.5137675445360358
-1.0089544308460263,0.33726228489787685,0.49993836752116244,-3.294137979926416,1.7312340056155056,1.9065285762342534,0.5931342571883821,1.1698200097599096,1.0696640561291098,0.6425388818994755,-0.14143156628695686
-2.2717033266636957,0.056803790878990304,-1.0257473209449373,0.05469163479395156,-1.6122488500088539,-0.4924478642228449,3.0941262547926085,-2.8075559896507336,-3.174794779873508,-1.7428675251489925,-0.8834765164671977
-0.2503605482937295,-0.19235689649580084,0.30221128855727064,-0.26837327763500235,2.4782504334546602,0.5794408528444124,-0.9423432856463807,0.3978531264590773,-0.07706970289471318,-0.20478119553219343,-0.9854172450249683
0.3294242874288966,1.1313322920262663,-0.4781540361661375,0.23457891405380288,0.2538320792190766,-1.4595947356203451,-0.45957760438601514,-0.02280559093973951,0.341151218626798,2.029758635059578,1.1254768334708374
0.8839542800622331,-1.0147091477404775,-1.0104485763222155,-0.49203685327828384,-0.9430588255783912,-0.2042493553050384,0.7222780786936956,-0.13664017121864913,-1.5947545069101634,-1.707593271784321,-1.3352753818394103
1.3668220856060636,0.31313981280986963,-1.0842868592533454,1.1904947929180447,0.7843648991634823,1.7472375206036383,0.34144915821804506,-0.38497334386152815,-0.007559977903398685,3.050190553818352,2.239800344701755
0.12802365149545336,-1.188509236640644,-0.1666220823694059,1.843944215612646,-0.6241352581263637,0.30581061526346,2.070827585695255,0.9314734025269029,-2.2959104427944115,0.6759910150653178,1.4849789380371199
0.46983255590402,-0.30116619187519666,-0.5624447416324276,0.6967461339223122,-1.2581621911825986,-0.11879401425490366,-1.1901727993255076,-1.5088316387518057,-0.9326516958195201,-3.466393006452001,-3.6568671566836013
0.18669345982102328,-0.3466828502488992,0.10117129461927056,-0.5322518769358685,1.7708353148014335,-0.06471765864888535,-0.9037268191793972,0.6633168844575623,-0.1735942515753786,1.2723410970572204,0.5386359606442033
0.2637062734246532,-0.9098818123292418,0.05223343007750217,0.14661640312674878,-0.9951332059392549,-2.5859808870192746,-0.08329220095829715,-1.4711090893928507,-1.2073644702454729,-1.490868504908387,-1.4440575793459585
-1.2343643788515979,1.1627025693242516,1.7900100724653842,-2.9950613562440425,2.4614588971475944,-0.7698795042449642,-1.2911984039954503,-0.8345882616353291,2.634640045534755,-0.3338391251054803,0.06986102727177013
0.37401145636281696,-0.6499689398722363,1.3217393035258942,0.47720832800532975,-0.4793376276173724,-1.942593322103345,-1.08334041266062,-2.073567368711104,0.22144965584341603,-0.8984116644531149,-1.781249769600356
0.9811230580767795,-0.6144634829500168,-0.35439110050452927,0.6890073464806319,-1.3401181994975409,-2.0671967449006092,-0.3192116293992402,-0.6247639345203719,0.7775733155857412,0.13532138234689955,-0.7477383897321404
-1.4386823553538932,-0.5772402460154734,1.034984827273461,-0.3083655661011162,0.42329857543584115,0.5772486690400371,1.0689901361481429,2.189389761451837,0.45729962091543164,0.8500174219553762,-0.06390700302697327
0.9998349923960632,-1.117622023455812,1.0568122964507778,0.6091595673170846,0.607056049985478,-0.8939807553260006,-1.689595717116349,-1.0048394160328988,-0.52694791399177,-1.375487684636725,-1.8883204042819577
-0.5846603918984478,-1.5557688499717053,-0.37165637170668797,-0.30670635928832735,-0.33483728874799823,-2.0113816583879194,0.5177007590662132,-2.57598153764972,0.29563050488000964,0.7130654785013888,-0.18442630155797446
0.13463135968045298,1.343133375514391,-0.4291113515031357,0.20815498652400272,-1.5820120415490195,-2.2119791671011075,-0.3550388557849038,-0.5395009232418295,0.9216394966595207,0.23115280358824658,-0.6111216902054816
-0.061800635543342766,-0.1719218378542092,-0.22543386838632698,0.8274333000518922,-2.096735262728318,-0.3927996346511856,0.5714593721484149,1.969480301506266,1.247249220750952,1.2496309617314552,0.5559073648319487
0.1289791295897483,0.6123077363462628,-1.203684650503729,1.693983052279759,-2.687695817174076,-0.04631211806057234,2.810067451245664,0.7044242054518505,0.7498300568421175,0.9381592833963541,0.049123373964317596
0.3076783565947264,0.2813743653291319,-1.4220331194857803,0.3833423929432471,-0.5503603074375213,-1.4854054322789843,0.3412905973709549,-1.554270219754979,-0.22766635721898387,0.4181149072619336,-0.2865784033970503
2.1352285524026353,1.065207865031181,-0.11442036278726142,-2.0403080771012627,0.39253273505815744,-0.631820574323948,-0.7002865583134064,-2.22157535044259,0.37119164324554477,-1.2495369328201074,-2.1573742223293064
1.1044520956547126,1.0464798032736293,-0.9256730607141562,-0.12808987247195736,-1.3504402607258705,-1.7143571899793,1.4499433089288223,-0.5637576836536492,0.4404729944407999,0.8309631869416109,-0.0822515394853347
-0.12303263958391494,-0.8167470472307364,0.8717283533207242,-0.8902266908003039,-1.7883133230093113,0.3295543498024983,-0.7121580122940273,0.8370796517299848,2.2357872596159827,0.08568085017881699,0.15713713557077602
1.3030745541379267,-1.1777385980820816,-0.11997480495089861,1.298739484037979,1.3101866897819863,1.390706701934692,2.279421422999735,0.4710015782089719,-1.3804680878269742,0.2606466214865812,0.4563699265596069
-0.9100898983719976,1.8790199362532503,-0.585908336708863,-2.3141681975782946,-1.7086386964077176,-0.634490631058081,-1.1853093099529932,-1.345558004684991,-0.6918972391488101,-3.657863405094158,-4.046213610616127
-0.27984224460459234,-0.9007609645408542,-0.38030205162587255,0.27959615862080484,-1.5766076677284895,0.13584068280586703,0.3480026968949754,-2.436852915901004,-1.886436419385345,-1.6784822174005987,-1.0918108481484468
-1.3527647618317864,-0.11008269924058811,-2.779248642838794,0.3527627146180723,2.939087245324807,-1.4190419766553641,1.1400801856240286,-0.8069618460603376,-0.19936260107085169,2.536475864248673,1.816359628638045
1.1108884223081303,1.9312367282283924,-0.16442237087696704,-0.8222637348655942,-1.2311111022951107,1.6575990526883069,-1.1727200353001423,-2.2568179486480258,0.9720344054468129,-1.433234078813836,-2.2574747868592513
2.1290374518682684,-1.1050145436723073,0.19651300574181474,-2.761001981740323,2.937386555755937,0.85130175771076,-0.9977314948144392,0.7671742697841555,-1.3481007903024076,-0.9973716659788951,-0.8292104475927257
-1.424618197496026,-0.6468068908916546,0.17377909761940796,0.46504776709473805,2.262662257212387,0.3803891403482458,0.27895451046791764,0.7379628242246132,0.25333046452297603,2.413985806530471,1.5243082015267584
-0.08093403968596873,0.44228758462011364,-0.8621009453593419,-0.420836560615902,-1.8495418301455517,-2.246557399968615,0.1378793978238655,-0.6560543627958435,0.8548096102663043,0.8687848266369856,0.005578609992765049
-0.3628592476475767,2.087191226177972,0.131422862307843,-0.9284340703916212,-0.3591117633082773,-3.004194698917371,2.541839945971499,-1.5239818080764538,2.3062067707844536,0.9706848988200178,1.1029393882831964
0.138874842477009,0.291734946378267,-0.5805646619916969,0.5943822351620685,-0.45342016121991685,-1.8887220814437367,0.5122345746045438,-2.236249796342308,-0.8875221832566484,-0.7569164927630033,-0.9855591451248985
0.7096377649880576,1.0978554096643844,0.14864796944702596,0.17844203789303292,-0.6060334427912191,-0.2381285867172016,-0.556575847218125,-0.6939626553000258,1.0454358027510247,0.6862991703093302,-0.10830807183329377
-0.013342520849519804,-0.4332806998146958,-0.873486156827873,-0.6417760742014977,-1.4804717348250818,-2.903545093997093,-0.5636838806438913,-1.2588854888583287,-2.4116002343480982,-1.521738056141956,-0.6708161501931061
-0.7836401378138176,0.0709899550194777,-0.8680428712714765,0.229510155026868,0.8859848987038963,-0.5980187224297072,-1.7119572773428855,0.1141421794920944,-0.12634135985717015,0.31390952892400875,-0.44356631377821454
0.4911206412222528,-1.1043750395265968,1.0731666249170664,2.120521973790665,1.2564614248794546,2.7284449119055454,1.8248603941068593,3.202947860394617,1.633734983810736,1.933577445837071,1.5000849549502497
-0.44451091523587793,-1.6087194343272755,-0.015688418996518388,-1.5827213993273102,0.3548596150895053,0.6244818212282723,0.11711595499689048,0.8084502286920608,-0.7083461304991132,0.40465005303968815,0.029287639962002343
-0.33837473726726425,0.902466962185006,-0.2196327264030755,1.5990768333788765,-0.8309033417714484,-1.689434829775859,-0.23152812635183062,-0.6109474058329795,-0.39256644902697524,0.3122373747634107,-0.29284955100189597
-0.6071176534413696,-2.370211431985382,2.311780271262453,-0.4687922012012009,-0.8361243952343609,-1.0931190396834949,0.42534085575472597,0.8946044005087335,1.3916729292205428,0.5354023450240667,-0.07026661238657006
0.2154239502574308,-0.18853429013371895,-0.5739887175993915,1.6311674870501185,-0.3361910037847039,-0.059459926699767796,1.3252900507220322,-0.5729251739897623,-1.8650676014796375,-2.0213416292805935,-1.4490359155037265
-0.591555002423621,-0.27218672658954907,-0.9988453455832857,0.3825151492875608,-3.058760604007013,-1.6348117666659507,-0.08124014366414123,-2.7937692790389277,-1.0570821205856107,-2.8860845522163387,-2.9697229759461736
0.4125924168471915,0.2520284642185013,0.416447809970121,-1.1698120307317583,0.8709648709378657,1.1089213300385363,-0.6283027700997215,1.675064397993161,0.6515209189885026,0.11573213231064317,-0.7894850024674323
1.1451452010637728,-1.5543443773639607,-0.6969281268220068,-0.5684546427749693,-0.40821590942901453,-1.6645006325723664,-1.8545466631463325,-1.660423385826677,-1.0022884445713107,-1.183260189347592,-1.314177028990067
0.5381038643948068,0.197513864327873,-2.350998289101114,3.001814739310995,1.1656500834531642,0.30821641770084385,-0.24619654834877489,0.17095939350831701,-0.9586189336561437,2.5426059673109,2.3742569192998055
1.6029382143094197,1.6522771328896662,1.0635305128479413,0.2526484117398121,-0.3809521676426011,-0.022653993280762896,1.938964830105552,0.017605640883289086,0.7500547205389471,1.152150622126023,0.2631606324000202
-0.7781059442425904,-0.3875504236757199,-0.8232653434447524,1.0301078593534312,0.5115411896047692,-0.14004724806281443,1.0629878168545526,1.7357344737568543,-2.185731459294602,0.21094115371832792,0.9709081878102597
2.529653716834898,0.3389167523054267,-2.101927647674253,-0.37341473234275,1.0133893925129154,0.3098816001087731,0.8426707668825476,2.4703659044952206,0.09462156233446173,0.21353803593346488,-0.6341454507332906
-0.298545845907234,-2.575501182896203,-0.4493997830590976,0.47339772997714413,-1.2960557840965916,-0.9898981651936285,1.738991612734076,0.5757634798552912,-2.4145193518762316,-3.3585498779300647,-2.5067008267610635
0.5899249814243946,-1.3885939826814226,-0.575266827493375,1.1437161426428764,-1.019987529403422,-2.7878989477625327,-1.96406728251275,-1.5646661713453436,-0.6900416042796805,-1.812778910178778,-2.2025884029169154
0.9144011973462473,-0.8730948591026435,1.0943480465581714,2.3024241197107465,-0.9869091969883661,-1.8152490500391743,0.02712426981684246,-3.661122037739514,-0.7084373066752437,-2.019921768019548,-2.3952119314126046
-1.226736088066763,2.5171790957196984,2.046789337386559,-1.3259003771796354,-1.176763184464071,-2.187413879397412,-0.5663484286712641,-3.2035167382993173,1.9588152000151715,-1.0475922450771196,-1.2157736593990367
0.05921351535539397,2.9818462813032403,0.6101950727132396,-0.7602099624557245,0.1959164229699879,1.890782773585498,0.5778929301152969,2.2219059099458844,1.1327836703070104,1.335931574570925,0.5816077396623589
-1.5586974045203523,-0.42010160817149905,1.2819866092804357,-0.9854741427071493,1.2447653667004799,0.7879383754167292,1.5241926659738771,1.1931394913556437,1.7626525430126938,0.9595626441960525,0.6277131381510695
-1.0449885906210914,-0.2859773454464399,1.3160706140303806,-1.6545287281583518,0.6544201047524747,-1.199199456849442,1.887628595853639,0.04331868119059917,0.10751603650483499,1.4183160502901506,0.566487154753482
-0.013709089590511486,0.7274738456265571,0.5682643539464013,0.12205803138362367,0.08678224670095724,1.5197048337188979,-0.6838208010307594,1.0253543121972135,1.4699888596691357,0.4795763812516408,-0.07346882798144871
-0.7116195158638159,1.3861799487686803,1.515198501732722,-1.1113326008069306,1.644095899318384,0.5891069274295325,0.6208760857646367,1.4243388262837673,2.721425018627836,1.239410123526744,1.7093311903501724
0.09512351821360655,0.01451706118366887,1.4390756333778387,-1.0355791010313806,1.24218425984074,1.1716580211162306,1.7971683793320854,0.8730352044504731,1.3821163265428202,1.1610685830685818,0.5492019104260399
-0.1233103611525782,0.5917192486913592,0.7404740963061184,0.4392199703069995,0.7548916878626607,0.5827174217820028,0.41330486057473825,0.5122373482066911,1.7356207789626206,3.6185319313849735,3.264905611169482
0.09596007685822734,1.1979680387430969,-0.16215437643197725,-1.024519938038229,-1.134025440614753,-0.2536231972820605,-0.9876539247738227,-1.0181439868509423,-0.3200600815102278,-3.4975527677560314,-4.148415222737412
1.1380703506623975,1.7350104757272022,-0.21121174840252285,0.5466205616863999,-0.5327890579823801,-0.9345531359465582,0.707411449610477,-1.9795847010998249,0.353978250009467,-0.5108889180562999,-1.4167791595929033
-0.009453132889270199,0.8092304259948002,1.2462449318500968,-0.18493854677597948,0.3728442012976223,0.3272838962583628,0.8466804085688215,0.05786736093218181,3.444633864290902,0.8452631203464559,1.7062932273181333
0.19383777579426448,0.7840218570259746,2.109791748671274,0.3584169701580621,-0.9347000846867033,-1.1657014854009264,1.9426740189067186,-1.9839021175059548,2.0444878525083645,0.47755281935303906,0.3830227883728953
-1.2169937841596947,0.4254806218585782,1.674327391850909,-1.0909337736204565,-0.2550263678141588,-2.3264101524050793,0.04344786477898044,-0.23270634886975672,-0.9537415151407551,-0.9589562084033786,-1.131469229172788
-0.14397274340980495,-0.9450358791467797,-0.8316829334971304,-0.5706240115385757,-1.1495879116778025,0.2791976186517804,-1.490448126030116,-0.0945433449172185,-1.027763056779839,-1.386359762531042,-1.49533232881587
0.2632146500821086,-0.3333875525465156,-0.4147004809499108,0.2805501153636061,-1.33497521747013,1.7259830266455543,0.073135240428082,-0.6452153820541261,-2.097604922762594,-0.4355735887980554,0.2791676037308257
1.0639579242034247,-1.1363529410556004,0.5472702416501288,1.3878796811356704,2.486831795040267,-0.06867160316509296,2.23189509068727,-0.5061584012173302,0.4041843060689577,2.7105783286905205,1.7996881119950627
-2.7519158116343494,-2.0986373267378373,-0.957045113252776,1.6802232409732358,-1.373228563425362,-0.697186540083377,0.4834942466588891,0.7075647526435309,-2.911759251607276,-0.39985628051213495,0.5102894355021891
-1.3240167859006655,0.22003903923642054,0.9056713717267862,0.8867775327275514,1.881911782548562,0.9830839029051273,0.3688991961274318,0.8441748693005331,-0.5722711451404847,-0.13768491476311007,-0.6174415067450715
-0.35675498465482147,-1.1220378882824122,-0.43178758530374406,-1.771650510933953,0.3579806640338441,1.4803937337175266,-1.9214445721306048,-0.0740730381186375,-1.7268910126532617,-1.6861806099768966,-1.2121910113003078
-1.7247674553318801,-0.57577560776793,-1.4159069846484615,0.6136790315884288,0.02756562394069184,0.06400307815360526,-0.17450554384757996,0.327328851534662,-1.6796051879373588,2.6813140133845166,3.119695887521503
0.26029050439868673,-0.6157628349771358,0.7361662311462335,-0.9245823926181455,0.3810050350087755,0.47833588983412806,-0.6575630746346952,1.0703515012371954,-0.6428220538365712,-1.5251306365990658,-1.9516540091273678
1.0097832872530017,1.190095585174924,-1.7764073106300708,0.4580778530222974,-0.4545980855831802,-0.6875999686193075,-1.8842265904887516,0.09049672715162038,-1.8753985492334708,-0.4605562305775083,0.11872450473294321
-0.056649224820404305,0.3957602978594734,0.4271560591181711,-0.016755388492891002,2.170648868425466,-0.5313308370251969,0.5256607485635586,-0.062334868323854264,0.2675891376048509,2.107224172736985,1.2147513586352803
-1.5863294682453188,-0.11536394275122434,0.2716487566281384,0.4023783100718405,0.31519711773633813,1.2398240063379231,0.4422228547718243,-0.02239363349417567,0.1757507302123547,-0.47971104372698403,-1.3513346669565038
0.9564150173950422,0.2658431103297134,-0.30572779153698876,1.7338859638818342,-0.29727599485753275,0.7047513943989671,1.3095217139354944,-0.3327548015056329,-2.5159080050076317,-0.07412026509739018,0.8058192505401618
-2.043913214124024,-1.1791575269401284,0.8691912712712734,1.2325850038502801,-0.07442931141583431,-0.30434703887434983,-1.196136832369505,-0.40558261338513146,-1.0329902183388002,-0.49137709416788083,-0.5958385797877483
-0.8459193652774587,-1.3705694492371803,1.7795820893005687,-1.029165025812279,0.04196368401351716,-0.5071338803632528,-1.432536390283457,-1.9555964831891446,-0.9756545529577082,-0.9530700987934287,-1.1068476422155418
-1.2288384398851246,1.2800033928153198,-0.56353339699391,0.17065474330990837,-2.4378093724503906,2.040562800725467,1.933019154373616,1.5919212262844704,1.1499605803286634,1.8500397847282783,1.104257812579663
-0.5528435865261053,0.9894513090392153,-1.8023195306060413,-0.545638968618893,0.9923790936128001,-0.9786697320510108,0.10602476009625611,-2.7673084284954346,-1.547385695612558,-0.11637813980300915,0.21797898050998593
0.19238351734196468,0.05846520071852426,-0.5180730949569506,-2.012994202779859,-0.13222678485300987,2.6501644131561326,-0.4854807667672744,-0.4957054621451708,-1.521182662189373,-1.884099035945758,-1.5710364882276338
-0.32684158973822436,1.052837745175319,-0.34301946253648385,-2.7816891908082075,-0.5487818916619194,-0.03240294807600963,0.637569954234178,-2.235234814827527,-1.420843739854696,-2.2008590028661446,-1.971016543564087
-0.9860930325101446,-0.6597734650749147,0.888397751687969,-2.2995975795222203,1.6372493221189437,0.8456918228617207,0.055264911394533225,0.8908666372578464,-0.3634266275818092,0.11882434175504847,-0.5050168806090163
1.2596926592669737,-1.7475752515021128,-0.024073682878286425,1.3140761393545128,0.5854107754153561,0.26170242825004136,-1.2238762840099568,0.3472720417255572,-1.5279177516467695,-0.41715077717655213,-0.09859573274905842
0.6104118010839688,0.17958784095950842,-0.6847059137875784,1.1482286964917716,-1.8029304752006259,-0.3171582260781706,1.3041779508167353,0.5446370158472892,-2.4196896279226,0.9026268131593937,1.756101921697128
0.16958862578911552,1.279260080434463,0.17459689078482338,1.6153860816140528,-1.0549139239378111,0.33239091193655257,0.67056832246888,0.3329533930681473,1.3501918206834396,0.6641739610288713,0.03197187431284437
0.16210135212579388,-0.8531261771097365,0.7220406375315813,0.7226436739800915,0.5561068063412793,0.6460580307951995,-0.12553250860132692,-1.8176539417684274,-0.1796922080481434,-1.809223811670871,-2.5397526122420855
0.557855373506047,-1.758962622775505,0.47839010526359144,1.9496556263923701,0.19002736727109137,-1.0645576609170853,-0.45515676264740357,-0.2403786860529823,-0.5543276141871981,-0.46089293679498633,-0.9538542063613326
0.911779005041472,0.2014357848398206,0.31474088879842055,0.5024282768667923,2.1484951812407687,-0.6079836962823997,1.023337069053645,-1.5096663100275813,0.6260480404683417,0.5294381652024724,-0.37868877723384886
0.2615270079443984,-0.5065629927401123,0.5664858593092227,-0.4924167454694047,0.10287054096183446,-0.5273030853992561,-2.0478963136998494,-1.7035480911341478,1.6377770413772865,-0.9612702067255217,-1.3916666931124717
0.33255903429645817,-0.0140124984828675,-2.699671446960319,-0.2677239414110476,-0.031221482868749373,-1.779936552432401,-1.3308644655945288,-0.7455735002638872,-1.18724842647574,-1.050273851404914,-1.0209272012758777
0.4972828013319814,-0.5933577935064548,1.839130170852845,0.027298836808434257,-0.934541123775524,-2.2859481446564773,-0.1463926139555779,1.8329034594873994,1.2039728968015226,0.7999624752102675,0.08232322012882037
0.03445316614576971,-1.6030001651827819,0.2323738011567014,2.03639230545591,0.29881525212691673,2.0937474127307403,-0.771715206962835,3.1051508627203668,-0.6555771477171329,2.2505820490184276,1.8338944038521823
-0.4302304077561251,-0.1909213635037343,0.1386625698202961,-0.9245415047292862,0.37386436274840495,0.1823715990185819,-0.20818829034578873,0.6566672014691849,1.160878255892918,-0.29458537705286214,-1.0348347577274595
0.2268247425203463,-0.7728931784360674,0.029195420007154766,-0.1804658469000407,-0.05110211996878548,-0.20198311924975773,-0.31366785145256726,-0.15734736202103294,0.7727656060650203,0.7695945590570412,-0.11454489381382754
-1.567059437832422,0.4810383265856066,-0.5844510149561872,-0.19024283707532869,-1.002559844594149,0.012937727346707839,-1.0708029604976255,1.3730041277464569,-1.2303330274193958,-0.5874370188881126,-0.5207066042099016
-0.30240034128184917,-0.15290545810716097,0.6003826317951073,-0.012609088739608976,1.33515403698882,1.1919530404853027,1.0031199639490844,0.07142001970078848,-2.303560192157985,0.05872181118816104,0.8707901319741497
0.3980856728839956,-0.366438027847993,-0.7922455945088084,0.4079030819382903,0.8568513716748998,0.9240301949988587,0.6673908086490711,0.5431319158802845,-0.8365528925625257,0.5810319602205447,0.3097906759567882
0.09613144384541487,0.236781888868798,0.8532309517393263,1.2172976506758921,0.5061003164983531,-1.6121129832274588,-0.1084692887845135,-2.5097434468005826,1.5881729485267273,3.143983851545408,2.6760460612078183
-0.3278974716628565,-1.5902180295302335,0.5110385557450274,-0.27196099009872665,1.649900467547099,1.4115144492687088,1.1985992160886758,1.5814884151001505,0.7071971761442031,2.206757963077167,1.3097434765694258
0.25364430328243665,-0.5295617800199557,0.203350515352956,1.00737199419198,-0.4006923648951308,-1.5087053452022956,0.3622683472376286,0.4637459837722473,0.05042781364556756,-0.25233083172296367,-1.0848455127260987
0.39801608149717593,-1.0411980299083305,0.7317910421488465,1.1638131101886375,1.5992513480238888,1.530059823654887,1.2623732464683104,0.5203362709647641,-2.4361738996109104,2.117700715456997,2.976222481484305
-2.111399436171425,-2.086354776239374,0.07135501305600589,1.1199576904053818,-0.016728283321394616,-1.5654425458826255,1.2253418480863656,-0.32686844053758013,0.38793016476369724,-0.08562748121837971,-0.9951253015182642
-0.531501019368411,-1.5001670878805966,-0.47971542359225483,-0.996827402140318,-2.4706163220156743,1.684278128328847,0.20682263211447888,2.1381411154203143,-1.7518011966913827,-2.9145704917681345,-2.42220284802215
1.2079575588927678,-0.3645305452416261,0.4085413974141982,1.749304055804178,2.090579118723943,-0.9149900463586839,-0.1937319743270003,-1.0032680248232237,0.1175214385501359,3.0929583168641193,2.238000851723977
-2.3337436901099124,-0.6645461930286254,0.3927601795336411,-0.7459390964158014,2.5289635867910127,-1.0977320037071674,1.526864124727584,0.8803542319743387,1.1379367944417882,1.2140310978768165,0.4622488596496102
0.24227915103182582,1.3374633819009243,-2.18935322539455,0.16320501818786176,1.7637752765617387,-0.0942980104092549,-0.44113495601201674,-1.5122041995887479,-0.7392275373411069,-0.7294801796082154,-1.0802140611899516
-0.9471224032872587,-1.6847935398539418,1.9332077514825499,-0.7766727261120409,-1.647461856536538,-0.35317152210322883,2.5652833872053282,1.8467312325747545,-1.1503788184788744,-3.733973008581656,-3.736658906992939
0.2429978054972056,-0.25292185377981935,0.17225334649051222,2.5624564093580044,1.2822215599549378,1.038233549483458,-0.6921784872817738,0.5861088202657239,-0.11787155374504846,3.3263303488161586,2.56475370249683
1.3988389714216554,0.23320916010720655,-1.2238668120733935,1.4929599099286208,0.7510223242676252,0.9943504066213232,0.271104604488655,1.5369181805683358,-1.6995245991016577,2.9334085624572106,3.386902393634317
1.6076661923934308,0.42448905975590506,-2.341850797273767,2.4772677554724547,1.659900828360739,1.9328985684533726,-1.427237252675326,0.9682666260090438,-0.24735972107837884,1.8314768266525991,1.1378158134245413
0.026668296953785593,0.30130570729336437,-1.3558242238491833,-0.3387111295789528,0.11604317664822428,0.9152306425616439,-2.912550086113428,-0.774378519784305,-1.6091178379213802,-0.763821449613163,-0.38013842314613383
0.5633084828318379,0.395258669458919,1.353229682910602,0.25413310046804793,0.7074411193035149,1.9590048416802588,-0.35500073155900114,0.7959081068295117,1.0798953647923948,2.077011762144237,1.297658162260206
-0.4438221370481239,1.9203868594162041,0.5178589965948668,0.511828469150752,-0.804694210519328,-1.008856711257441,-0.12549567940983325,-0.9038201366560631,0.008964679627020189,-0.17267101199845555,-0.9896195486812162
-0.17033878593857896,-0.18210524502133338,0.7239848513571894,0.08316779163168364,2.78785067143709,1.1099854236198077,0.16825811848824035,1.2981282636663636,1.8703340256481846,0.9386358233872227,0.6955629174032136
1.4887515731939813,0.03044488227077112,-0.21151455923743134,-1.6053932304983616,0.08094743726498116,-0.07104061363780052,-2.504660874604241,-0.9508236245168851,0.4694712813748395,-1.0223597829403959,-1.9366520220752506
-0.6491004926904956,-0.0631188371314026,0.17009309465584502,-1.737046814262548,-0.7435512826583127,-3.4568894404367296,0.4334713658845565,0.45037343764848914,0.804332425526817,-0.13243160377810803,-1.0091460580617289
1.183192294956479,1.169665956025159,-0.27856821880543464,1.3234753775875447,-0.05290271672481589,0.059802594570099746,0.6317145912832567,1.4273829321918696,1.6454922872976878,2.2581720442933304,1.8337026113781474
1.8189538716222902,1.6194939964681203,0.3167564311209822,0.6787492730499767,-0.275639274081232,0.0659559061812422,2.129240286533878,2.6373411638554636,1.0348434072177959,0.5211374573405854,-0.277988183117574
0.7749708197382313,-1.2728353425770436,-0.6649445049761886,2.287785546182014,-3.039533464308802,0.47835116782026926,-0.21363543038242702,1.0746566248929894,-1.1576339176626846,0.2049444850196177,0.20856284132122982
-0.43447136458504715,0.7425650589898363,-0.013925025166860852,0.9750479034198655,0.4890186970138784,1.467144878180512,0.3558784367591088,0.8045863289058115,0.5610217954949474,0.3930391159171962,-0.5201012759805632
0.9517425568154365,-1.2660914533934327,-0.06070276898387865,0.3920218011248341,-0.6622643378877596,-2.0257117086956167,0.4900338094365619,-0.2705398005984946,-2.269937866428104,0.3160339824350138,1.1142454800296233
0.17580189077443256,-0.3066467075927724,1.240033580959808,0.7730898877273287,1.5172368445827178,1.7730428532373077,-0.07614685527688878,-0.19047566007583194,0.3405377672797968,0.09117448773181458,-0.8130270239917643
-0.0338124599316096,-1.1111264619348324,-0.46601079143835367,0.597287691048422,-0.1493254316780509,0.11053537844056033,-0.7316734315005337,-1.6691057646925245,-3.130646310772034,-0.1942274906309247,0.677538965172853
0.9219135616626775,-2.6270749216992324,-1.9887660700527852,1.7664793323416748,1.061314307502567,2.8232638011697535,0.31896276311319166,-0.270383706445366,-3.2736466006661757,2.6382201223417394,3.4644572907295275
-0.45661475511095506,-1.3049806851462562,2.577990242077764,-0.7246000441975036,-2.3751383989438053,-0.14812206140692696,-0.016879573899976852,1.7164068089899471,0.308039483328745,-2.9287492298504962,-3.828258944502137
-0.6668582032403765,0.5782505900217665,-1.299130652169682,-0.3815845193775217,-0.20159122995600448,-0.8603930556239867,0.15670620762367943,-0.17396095740738965,0.786750562069961,0.14855157173128886,-0.732396117384676
-1.3887759032511975,0.5838958389524125,1.5029002848904613,-0.6907625568501539,-1.0710449198214544,-1.5261033048459325,0.060939147410799255,-1.717725674553752,-0.10327225347688662,0.27497812377175945,-0.4935511363900176
0.27823830931633337,-0.6518589047979092,2.1095537089109304,0.08789851194526799,-0.16114034831617985,0.9361798766377198,-0.9158074415997415,-0.4816801260486382,2.058238174058704,-0.8165582828625009,-0.899196320211416
0.3422308517674327,0.9493329489726965,0.8982444823034911,-0.14042196800646445,1.4604216727409052,0.370333755323138,1.384498533341671,1.3652038793512276,2.1547478452196143,1.2374571387744784,1.2385676716504441
-0.5924432576134493,-0.006702205901322795,0.25892630915420833,-0.4721500464627997,0.7746458596584036,0.31326251037833575,-0.28572358456654845,0.7676413845175165,1.1621736188751701,2.0874813135676122,1.347893661354561
1.1629751930830798,0.42711204204039444,-0.15718910834136762,0.4745923441086661,1.834408926639732,0.5082281811920227,0.17670326668783295,0.03075020474758272,0.6622394080065828,2.838198994944036,1.9343648077166402
-0.30998826874374436,0.8649241130007994,0.4071430113386397,-1.3521928178425324,-0.891646374566747,0.5687369977662688,0.7197566760905604,-0.15453883328660672,-1.0674190936988843,-1.3709076900757262,-1.4455976144727796
0.9420078258037928,-0.16306998226011202,-0.4723925756141329,0.878929378536383,-0.1602044767628079,-0.42518975823184607,-1.045790066018215,0.8090625443531119,-0.5667931573319127,0.09640665098683668,-0.3873961630893632
-0.23380810215527886,-0.9854016629358097,2.095124790915455,0.011779944499230977,-2.0107413949729773,-0.6251413013629347,0.3435426228837438,-1.7685043294627083,-0.1714724688299124,-1.1335470191578985,-1.868351592143424
-0.3522471877348004,-0.7398312734661197,-0.8034621494225416,-0.4740765478364574,-0.2982055474211126,-0.4612656244385272,-0.6669572930859791,-1.8598500615823736,-0.32334901905152924,-1.7990217894723108,-2.447873085524964
-1.6649504719132233,-1.4584414569514694,0.687480545746802,-1.1781434263971349,0.2122875936385099,-0.17276721528304007,-1.4952658908091192,0.20234812623486165,-1.9039789224234418,-1.411429567841223,-0.8131453087686402
0.5711575323303228,-0.23767308092966222,1.3642898500985796,3.716176780588021,-0.2515545840260288,-0.7099060157419785,-0.12886876444645823,-0.886183748060764,0.900086777324568,4.5589462389103,3.7095461261197364
0.9157743993447585,0.6301174461342299,0.5495895384246683,1.2252076294520764,1.3253850418223003,0.7192574679944173,-0.37969647158534825,2.332349881299727,1.965363153847473,1.6456435706435153,1.4830581655647697
1.0436956118542076,1.5171543066586504,0.10890436718014589,1.5134130909240546,3.2970978943026887,-1.2642174511729636,1.1284963758806414,-0.7948111564795841,0.18456781490807483,1.1761077217878722,0.3021918109658881
0.02287577490621812,2.2213181496591523,-0.3962744519166081,0.44995935038476514,-0.6040619228044519,1.1984870879229477,1.3363721136749893,2.303338338000065,0.7177598546971549,2.567476086954913,1.6723017322291387
-0.7927509737908351,1.2640645944277826,-0.8838865878092759,-1.9917954718982798,0.996209165719486,1.0590441272616842,-0.20943542318884922,1.2454986373948143,1.0374205706057793,1.0211271775673407,0.223093446244364
-2.294779656380912,0.5616191151932327,0.9729901743733723,0.9406381823272254,-1.5149831431681244,0.2117912977113623,-1.5220112439693503,-1.0830975715134203,1.228488622752083,-0.20800040107962414,-0.9122379830916412
0.6542115809788301,-0.690751737441058,1.4230843303647138,1.2411926505351931,1.4112787367400896,1.8989299956124346,0.7740279119064706,2.8960975644182727,0.3563501483998148,2.3811609657551895,1.4749880308540662
-1.5854795505586257,-0.02767287241540408,0.740823584986756,-1.3833258095982672,2.2236299036344183,0.00424025572180578,0.5338429597576442,2.0183701386812882,0.35467103311533504,0.872847601024419,-0.03312568505990915
0.47143680816796574,-0.5575566893849986,0.7937360624606623,-0.6783647864524631,-0.0692559947826984,0.5709587633425841,1.6276844487721343,1.6245562851122104,1.7296083686423211,0.4827423039196035,0.12430357893722152
-1.488845101601156,0.3652340414774051,0.12575127394359392,0.08210814825488943,-1.2890137474090462,-1.107146434092191,0.42139131934018637,-0.8210255778371489,0.9129836456271594,-0.07166222084536719,-0.9168410542070122
-0.18494869246342485,-2.1315363952013295,0.5115007596137514,0.22528266099254268,1.4433300442788242,-0.22087538547362273,-1.1323640903290417,0.6022935876390343,1.2147830418298242,3.1029372636297445,2.391159889673535
1.3989780944913897,-0.23559858661296842,2.562052385659623,0.4510703190696849,-0.7071787822331635,-1.5987731208026161,-0.2894399751663547,-1.2734539355200563,-0.654293991397312,-0.16434828450036,-0.5820281909830752
-0.3687554367454332,-0.28459309684692696,-1.1282831591443974,-1.5593768876806051,-0.6784622413770515,-0.35471217303626085,0.5309983050699754,-1.3362838460866597,-0.8376630669677557,-2.827680005749512,-3.0979998527922925
-0.31506879710748975,-1.4162456520847722,-0.33631264463378713,-1.3535962591705066,-1.4644970472041356,-0.6253105958094395,0.3148666009226132,-0.20567906741434172,0.25015376062436845,-0.5397447491603382,-1.4287773523478793
-1.3884834793112437,0.31320553355232644,0.4811824249710769,-0.29038774175504045,1.0150181454079454,0.5395542647765131,0.37839813663101807,0.4826200373831995,-1.3466474902736896,0.2694571641536291,0.43637691304696935
0.9538899479589924,-0.8834310909479692,-1.2987455244537758,3.292686743230356,-3.139071276697125,-0.2632653785472243,1.0411627204198053,2.043710397525151,-1.7651634897676893,0.09565000608421081,0.5977630095990548
-0.6712220805650536,1.0649591468133426,-1.386917064246245,-0.7740761195914917,-1.5962440362566488,0.029824122743092096,1.3909121994866185,0.8532631985521667,-0.31914963160857424,-3.2739935961608535,-3.9254116618719803
1.975246505214205,-0.29283590849055324,-1.841372254546571,-0.0432764805055294,-0.17697301761199588,-1.6808374147917484,-2.428270587408004,-1.7273517113080457,-0.6686384239141909,-2.2424858460025017,-2.6490382700130946
-1.2748333071572686,-0.6612646718706111,-1.8832954603805387,-0.014615410899215364,1.458061322058541,-0.446974367580919,-0.7440693775114152,0.4916272757793636,-1.0997277676122081,-1.7571184981148653,-1.8037969940708503
1.5847628746403026,-0.2596876723141441,-1.8832744628847695,0.49488112633176096,-0.2074187661144778,-0.693257154406628,0.5719057182853542,-2.3895486238142882,1.0440253420324637,0.38044545504341976,-0.4147681010743708
-1.4889716769575878,1.4875800549142,-1.709124322408126,-1.3201658473800273,0.1879256975643049,-0.36991349938790985,-1.2303819332232508,0.6251824221998634,-0.7925760790325623,-1.3019810391130766,-1.6094695181675431
0.2788352970718392,-2.114305632576653,0.6145851854209007,0.4083268753753897,0.19859009453742338,0.2985284380976888,-2.418403782918167,-2.2632723738827236,1.210984582391374,-0.29850493871103234,-1.012350641664926
-0.7386563333965935,-0.7013025463590841,0.23057396880259748,-0.6861995674706591,-0.31514289604618,2.1663482330544337,-1.733298939629071,-0.6085026539236711,-1.1109939888384979,-1.686316868125268,-1.723215928761536
-0.15762329331787497,1.3844694941380464,-0.469440628795062,-1.5913813737548896,-1.2503466228442204,-0.2507631499501536,-1.1792027707856978,0.10387243546910363,0.2342532314182589,-1.8506254474647175,-2.7363080165020772
1.273564480391349,0.7109674417874554,1.5650884974426194,1.3283330527641157,-0.5076295915465696,0.23851902229232724,1.9222637762378891,2.3054054930414765,1.2527830481905,2.318807723680134,1.6282276811571772
-0.34835854273840616,-0.15560729178676622,-0.6170738603584038,0.0647555627450086,0.13819590189055275,1.6376632723399307,-1.0565871338555848,-0.6281144022599663,0.12476208850598591,-0.8726436384284447,-1.729817008770953
-0.7464241424716079,-0.21455216676858674,0.23942081966876338,-0.25555323530121854,0.9078387868117331,2.5608067935669734,1.0675964236761535,0.1710814223530679,-0.8897983824534699,-0.212684003866292,-0.4394110270185522
-1.5010517008707125,-1.3027365215270061,-0.8018120457635071,-2.03931399540822,-1.2571071842954324,-2.8502331145335855,2.0536296151683584,0.28946525685739233,-2.220114747994246,-2.386689143687766,-1.6105043182345211
0.5281268427923499,-2.0143478877880767,0.8160542064035645,1.2433132968796128,0.7690342991511593,1.405001693954884,1.2388451339123385,-0.5277001499082375,-0.34479076110777235,-0.9307616389639033,-1.566347113520278
0.0867463791030603,1.892170905425383,0.10935666873526123,1.1282187012045002,2.675397807973118,-0.9891567263310096,1.2475504451331325,-0.18428853888625796,0.23816498051655322,1.5273827167582588,0.6408572202346288
-1.7359544185881852,0.7515474271600716,-0.07469863357016708,1.629221583030471,-0.48835686947501045,-2.538814424200409,0.5523086140172468,1.3533264492159698,0.7599035775900933,1.985552584467456,1.0986154031921542
-1.7785574525050982,0.3946646555631109,1.001493386441112,-1.208131195010309,2.1858065698870233,-0.43151912182408303,0.9552211723356905,1.1203912657802126,-1.2872663589577487,1.1029101552975766,1.2188589267691468
-1.0767282417409059,-0.14850335943645002,-2.4961988897091167,-0.12796851000345366,1.2608856265135309,1.460433134925117,-1.0339149060619015,1.1731759434993907,-3.1518184392682334,-0.8372884130135133,0.028733252582141544
1.9217289069800503,-0.4743628433638747,-0.6709116519089972,-0.18232751640048628,-0.7848438413199245,-2.2657384850695923,0.30984056070963695,-2.5410931216257175,-1.0019340891198545,-2.5447812448393705,-2.6760028214851044
-0.6533211639264961,0.21387423479969322,-0.24766881575858626,-2.90003332647501,-0.18971251978363635,-0.6215111787623044,0.37264322763943447,0.7105185775495395,-0.24758850831697904,1.3142474304484832,0.6207160189195084
0.6069922968660062,-0.012505306143883246,-0.9464803463253216,1.9221743695250137,-0.8970570654651844,-1.0646725887392474,0.27288169449297284,-1.2785860235916848,-0.318556856792424,0.773910277005445,0.12213072672046499
-0.20858611062804175,-0.06731395784204335,1.5651047694529043,-2.6511035852593716,-0.4983232296452622,-1.650647788040325,-2.5309323762173777,-2.7747119513738587,3.5739579266030574,-0.35440460090890147,0.5379594503315475
-0.561045550600177,-1.554966485381347,0.46345881602789823,-0.754185713986252,-0.5618209123124178,0.21210998060253383,0.48945815758078526,-0.02593100924410041,-1.4750086564796736,-1.9411492231364058,-1.6660750362019023
2.035736442751901,-0.6491682854941226,0.47314817683833943,-1.5250343834730422,0.22234207447435528,-1.8636036908812725,-1.9424138559345785,-1.4519851185645365,-1.0946265606235617,-1.4538372842557523,-1.5049420972714291
-1.0826975742720342,1.7408811064841272,1.29839768351329,-1.726292455606635,-0.22222632991845637,0.09249278422280321,-1.362159358853993,-0.76625577130337,2.7998372113446433,-0.38855666840935776,0.13846326363039563
0.3721661057478777,0.8588507405732615,0.34446579102435304,-0.46290891595761896,0.083633903138157,0.3844310598992848,0.39067682149035077,-0.054123328235519796,1.7884947735270202,0.6368628761426781,0.32603669385201717
1.648332188248716,-0.6607972567979853,0.852969750571851,-1.3226244854430547,1.0558654214648742,1.689352345531509,-0.6280172201509189,0.765563237397926,-1.0369810905930152,-0.31757686773357985,-0.4185924598514449
1.391889554510707,-0.03789030842984874,0.7413716335244122,1.2493211766930283,1.4844154716844489,-1.0203484130528189,0.8689253732103586,0.5840256590921749,-0.34687654609887675,1.7486032014880044,1.1143223476410697
-1.3269350923173078,-0.45722988309557605,0.46250244566734533,-2.621492396856065,1.7636362721312067,1.677663820720119,-0.1680268747539243,-1.3307632371339755,-1.5770908206001897,-1.01516373850795,-0.6569172460237009
-0.8723766194108183,-0.2962138905764276,-1.4800091830342013,-0.07325991247035912,1.3393895355095555,1.734222092432498,0.09935514697928333,-0.36872413845693,-0.3403830474002586,-0.3321382991047984,-0.9704725035941114
-1.9008797267038862,-0.3948450622357118,1.069808210375797,-0.08628592819092284,1.1224389108402397,1.6669993607747369,-0.29172586402868916,1.4359935509212738,0.3080226656437152,0.003615313347966609,-0.8958917509610136
-0.35495684046089243,0.6246196048007888,0.33292216005217146,-0.41331587411050164,-1.2538220949088947,0.5435761955577038,-0.3233008986948078,-1.965077863086958,0.5418746774577432,-1.488258222359073,-2.402211463330203
0.23878881900861493,-0.9100825407663907,-0.5113065411892498,1.2300911667716148,-0.8188216443749714,-1.9201166890573589,0.15226693914832312,-1.261216771464709,-0.9708230863697364,-0.6503296615806582,-0.8082440824344586
0.11001652174417646,-0.6307628655080967,-0.8585199888010745,1.681368750638689,-0.4572079864077804,-1.2719369349593164,-0.4124921853465904,-2.5082365254938512,-3.16992461305374,0.6395029616946256,1.5003337381891888
0.5043614834504169,-0.09134623779413042,-1.469856601057859,1.4875221887249332,-0.7802926768763199,0.7267720379405762,0.5199045389353637,2.021291554086662,-2.1392980730254934,-2.3179494993040803,-1.581167443662844
-1.2725398228790996,1.1401737285289186,1.4482186295275468,0.14721513285957,0.5842265239823642,1.3783622717342379,-0.37328648966565314,0.5221500315784138,1.4621870706448397,3.2396283692852235,2.681198658308118
-0.23555077233013846,-0.599545400344987,0.02341943311536277,-0.842596123750998,1.2361278588116484,0.18203074623811388,0.39642310523356916,1.0535949051824962,-0.6454858158428078,1.0312934936516802,0.606819079595795
0.1581945450781742,1.1306595224393508,-0.6461504674674844,0.12559180851004706,-0.23012559951482026,-0.4420079689143293,-1.5706686342994445,-0.8112107123651664,-0.4165296203640739,-1.3824735510768795,-1.9717897743708535
-0.13206709431213384,0.8634103364925317,-1.1780278313692698,0.23087793522217062,-0.05437249107019293,-0.7334647053747917,-1.1436513140750915,-0.1598640850626134,-0.6176436206815663,-0.23638444007879525,-0.682138250767023
-1.3178859455481458,-0.882856088634489,-0.6803116186673345,-0.7691376503034268,-0.8698199415517767,-0.28723606422942316,-0.0915050383194469,-0.32746956444814745,-1.954414556983775,-2.548182089764661,-1.9174467800162207
-1.5706538189176884,1.194443595361655,1.1406225411256445,-1.3773486462442697,0.6033365347844284,-1.323848656228314,1.353601429858768,-1.6039760006638095,0.7288298664017075,0.7646477135036687,-0.1285013957227491
0.18307733969422674,-2.1922888085278927,-1.985345372856505,-0.8038381961230769,-0.28869553767974193,-1.2450800680430585,-0.26678217874670634,-1.8207447267287753,-1.5234351239303692,-2.7451684070448485,-2.4302675287955333
2.071928019253632,-0.05599538992795609,-0.5013596764847708,-0.819963273565949,-0.7728533428106356,-1.9461598012509465,0.4973847683192637,-1.831927314352434,-0.5814963760278908,-2.7242762700245775,-3.197189494691628
-0.2292686493115579,-2.4913740883642146,0.20072240314455086,-1.4939974446471438,0.1823071682936715,1.6123362725200712,0.0657641717254148,3.1443473975647347,-0.6740888751298275,-0.05295708068455629,-0.4552614918986535
-0.7383983178361587,-0.3652456586135721,0.40690849519809213,-0.7172135888102232,-0.201778913670299,-0.6665237445027932,-3.243563774055378,0.8806458241158167,2.016313189977707,-0.5198207092416232,-0.6386650548530339
-0.10301487859765122,-0.7380096762666489,-0.17379536958882638,-0.17259840017168024,-1.0943828051597777,1.1858065438774306,-0.6602500787669471,-0.09525603409170293,-0.2509652593913589,-2.111219503512601,-2.8028342711500125
-0.7000364342068855,-1.6518786378530632,0.9720704425541465,-0.9877074145567691,-0.748446297600257,-3.066859360002147,1.9153510644979588,-0.8635034570178638,-0.8061137201521406,-0.3507650074677089,-0.6471495476581863
0.8515789655029476,0.889655260132146,0.8842817984749272,1.8407779474693418,1.2498809495130057,0.6504317148115419,-2.5035319361486303,0.8350391160711442,1.2317899728228945,4.899801978505268,4.197398444869295
-0.10283078878828407,-0.33961515011904747,-0.03120752186385482,-0.44469926301845225,-0.25601496379000693,1.297452186414525,-1.3177404657459681,-0.5160359669174039,-1.2420715099226198,-1.2622727352636032,-1.1853737887519493
-1.05426891716312,1.520765193440493,-0.3532534046262172,-2.9254514410570724,-1.2396273113757954,-0.9136985969799986,0.41290302171576665,0.4890482960039668,0.2832547938798546,0.04494567322934495,-0.8504093605254615
-0.6206415301617415,0.15703484984988114,-2.282459499714251,1.2697987383950682,-0.189370326547742,0.5249370834146286,-0.6742234371051695,1.7536747325880602,-1.8109436068930909,0.5194808623469216,1.0543591423757195
-1.1737450853521836,0.07632467454779175,0.6151996237136177,1.1539193033283954,-0.7031624788135791,-3.705651764791484,1.775623634451208,-0.37527296778924585,0.8586731358355042,1.1466272026351527,0.28453709424258083
-0.2977969458286772,-0.20583987572094373,-2.0013184400815955,2.508880870523383,0.47075791153407953,1.0286991396074077,2.506723504554222,2.6428117698560167,-0.22792916142410258,1.7283995996234616,1.0238518976111268
0.39230027532200423,1.1097586198530909,1.4975385757740058,0.42432190150351934,-0.060427525239351576,-0.3278456775630713,1.1220107747682928,0.6155890042647233,0.41355950477517367,1.687430523810166,0.7758359325944731
-0.5598792906810568,0.05348033875987501,-0.36815645095251515,-1.6906502806471564,-0.6203406264309596,-1.4843988999360327,-1.984099365411593,-2.6847953036016645,-0.08210095491739203,-2.090185550316877,-2.8685342221475763
0.43471846562767064,0.1782756745681699,-1.3282026213965938,-0.609527150129125,0.7143290494453972,1.3687078114588003,0.29303220670357755,0.0036092074751454817,-0.25013642113219825,-0.5181509768965704,-1.2102368529608327
-1.1759333205875722,1.020218615608295,-0.45615262918717986,-1.5104978885156153,0.21439230031623924,1.7563071619536375,0.9296561328155266,0.27866371525354827,0.4085797953274395,0.07211442493028808,-0.8391150327137847
-0.5269683082561539,-0.45352036273908397,-1.8513790592822565,0.005131367905662931,2.0939947380929245,-2.108696574890319,0.6451001709211527,0.16763261151969616,-0.29820833571748895,1.1337471084256094,0.4696847678256864
-1.3333726069280196,-1.2588037590874852,-0.19195048112914173,-0.42145806149979836,-1.1714684412408927,-0.5728002562828909,-1.3248689014533623,0.12114748226177063,-0.20179221428529204,-1.5399021867773313,-2.258714779094945
-0.9466239111515329,-1.4746202293030222,-1.9608578172770994,-2.3043103859092833,0.2687149981222393,0.6896317211593099,-0.28240187153142393,-1.499801570521032,-2.6586972644861984,-2.4790674391096488,-1.5734460299081872
0.2356800422389911,-0.642019038969338,1.5295522949031988,0.8897861317326748,-0.2321012001304198,-0.22388475985226342,0.029129694208806456,-0.9429453033910146,0.5776147648657903,-0.23829447394096792,-1.15048607959547
0.09530411797610737,0.366510713213843,-0.03578573049496808,0.7702586051487929,0.5533439934955726,1.2098122333241301,0.20269293796175503,0.9037888207801192,0.5559136751718516,1.0573224697010835,0.14393566200469948
-2.8620239530546816,0.5800691386956817,-0.5103656848917447,1.5596517034867339,-1.4897739300315465,0.37906553583278646,-1.1057569774857956,1.119607409919589,1.1877656091409272,-0.027826961811077466,-0.7541127486865081
-0.29012010625226126,-1.155418816984799,-1.318742876116424,-0.25280409271716303,-0.5969996792428875,-0.5812856543719751,0.894967368235131,-1.574855030944316,-2.2717898628527147,-1.446206280567932,-0.647210192178933
0.18125068904937605,-0.6526167652683167,-0.7780006942271098,1.0208901902226124,-1.1997541669043836,-1.1015930903574518,-1.1342478142816408,-1.7117891907614409,-0.8065900858503798,-0.5515411862816109,-0.8475340948472447
0.7356537153013029,0.2579350840116829,1.0834681655263636,1.2239495491891867,0.9722147889133999,0.6119725216740257,-1.9759547699046138,1.3926041718051185,1.0015677171741482,2.9381044795111326,2.125312889087539
1.8941265139916312,1.4063554647734084,0.7473362374884713,-1.965764232174021,3.367654170181591,-1.27934511197514,2.527938392470742,-1.4492702067662755,2.369687656495206,1.507432509855314,1.693995102923736
-0.5350241586675557,-0.1219954867224795,-1.0491289282492122,-1.4838414483079367,-1.824369573743636,1.664408743180089,1.318539121387365,0.5158153747576764,-0.447727921292198,-2.7015293001553555,-3.26985684252049
-0.2999310591559316,0.621682472800903,1.8513447847588924,-2.68201942391633,-1.742260860973394,-0.11936446160833508,-0.05321354994502736,-0.9526832292266552,3.581058482504541,-3.3743206993101627,-2.48062246549791
-0.6771422740618508,-1.0066686481022562,0.3150487930762022,0.4426748767995011,0.9347454169163061,2.059750555133365,1.0528059979872804,2.203385240094648,-0.5256682769641821,1.4269632284788152,0.9132101654825528
-1.683112956029062,0.8397274250139124,0.8616402175928224,-0.47791539460561955,1.458925345582732,-0.3056598410989605,-0.7187063070398615,0.7344067127844213,0.7417403007396263,0.6888540465593737,-0.20180835310101763
1.7064219223534765,1.0483523538450827,0.23109060569488088,0.045931798408583975,0.7209610506818155,-1.0527551789929253,-0.0945980506439213,-0.7290164532361243,1.2486002316611566,-0.2394513503959621,-0.9324092556912931
0.9705174232824317,-0.19502857375703225,0.8098500624395125,-0.09558383757692779,0.7700353919944529,-0.9976684143891902,2.6223047667217,-0.1486484655485356,0.10077291423609841,1.2230642756936314,0.3733873028995408
0.13571000671483274,1.6221590937098944,-2.614326549960852,-0.20343250289326328,1.129114151166105,2.1027997907860154,-0.3981945135441848,0.07572150628113083,-0.05436487412379798,0.029430659834116524,-0.7613051886754832
0.842219536539285,-0.7209837419229043,-1.4975322574902588,1.822189860933979,1.9348678049911927,2.0514956506972264,0.5750339692218869,1.202503146069295,-1.941597400552881,0.822695231080617,1.4453180998244872
1.6838136026853172,0.0872919690847499,-0.7869217709869738,-0.22484757394521512,-0.6276358322531371,-0.8982188047593934,0.5865217982625364,-1.007393339939648,0.8603129136071594,0.008458863962429411,-0.8531540284671124
0.17644014120287177,1.4820706021578003,-0.881341307306868,-1.1233327230523948,-1.3440689969024744,-1.2338374182003642,-0.2893528271542528,-0.7403261392578635,1.2309335114675375,-0.11904915944276406,-0.8219291602903052
-0.9157008456226405,1.4177968753985712,-0.4776873680299843,-1.8383678801078025,-0.12166703636697607,0.1432128155340298,-0.6542484660586628,0.137073721437874,1.4274015108941622,-0.009951652795269023,-0.5920116344907298
2.0946011715438253,-0.701228896981199,1.0112764764495117,-0.6823564050770228,-0.4115369252343397,-2.6165414828353746,-3.5908235181376993,-3.327766026490103,0.4733575881954062,-1.5959662610098495,-2.510350195040293
-0.7372916811671913,-0.4709872841470669,-1.9278490967764235,-1.447932569255212,0.7130209951649598,-0.782892041516781,-1.82661219394404,0.15291421790251714,-0.6118607378608667,-0.9339147644569432,-1.3840497293851008
-0.004823496931816817,0.7200773357723483,-0.12390646912279688,-0.7315303904498582,0.10878330862315252,0.20261401198172904,-0.47139575241236675,-1.1204543507791778,-0.4596543308184716,-1.426483261808413,-1.986654393189767
-1.5229117602164344,0.1339050623388931,-1.6484464542677117,0.6852291129207264,0.2100011103187448,-0.5879887771975478,0.36551635965956675,1.0539421160351166,-1.7143152052390727,1.094038150676086,1.5586481896357487
-0.3119242267930813,-0.592419413907913,0.25285794932357586,-0.5043546968264977,2.157296427449685,-0.12899320299328115,0.09632271643467682,1.1526258242580731,0.04128647777937286,2.031141712817057,1.2019487140225187
0.9150032859009078,-0.044842136914664855,-1.7393089877883916,1.9910341175733959,0.6693993968706985,2.326203186371353,-1.4974896458343496,-0.38252124501806,-1.319583658794432,-1.510095656111158,-1.3663505503479678
0.10708531250162344,0.07237821687096598,-0.17928728208173547,0.8936389700418756,-0.8898690311901905,0.9071314307126667,-0.6026309963318648,0.36313389135599217,-0.77789987708134,-3.190752130677419,-3.510220915543964
0.16618537922624488,-0.7508383033704679,0.4909003856232907,0.7826406374449151,0.1944138312445708,-0.028635914544200558,0.8032458979196737,0.27741761041132423,0.24623917370536308,-0.22113519710393914,-1.1093618420176088
-0.41969342871572907,-0.14039575883583857,-0.7079085567803097,-0.9047267479122926,-1.0722821122211386,-1.7847338972869267,0.636741593091909,-1.2848915858897123,-2.5351067334175177,-2.481005332153666,-1.5966585547244825
0.6925229105992183,-1.0286924942731797,-0.7319126224620848,0.21337711981301888,-1.8633441546835514,-1.0828986562065388,-1.1284978799669116,-4.113337481869153,-0.32364366349760365,-2.2022559829009483,-2.8509267967906666
0.20698113910915258,-0.2674279368753506,-0.5995808651073348,1.8149465734311292,-0.2760288941093918,0.1286376229557633,-0.39357881057375005,-0.14466679125600934,-2.7882124397303416,0.39243674392483796,1.30696888815262
0.25301509134807176,0.1323334473336942,1.2898194409443333,1.0253690044217945,2.638449644962825,-2.1811274365391005,0.5161158733453557,1.0393628885074877,0.2674310268928656,1.325311974378043,0.43286925869316445
0.5835764936124672,1.3201288704331464,-0.32263008580980446,1.791917129096656,1.3345735844188842,1.0943988673761005,1.8539130697575827,2.0088926051923037,-0.4941318869326352,1.6187714198518561,1.082579975667293
1.1252019818203165,0.19490451163307915,-0.5197704207041726,1.8296299967538314,-2.9698899535112555,4.198666687062843,0.8110171451608599,-0.6726750156637363,-0.05786316076152612,-0.32542272309793063,-1.11462628516202
1.5695787221598463,-0.1376665497021574,-1.6811477103398795,0.37066562550481535,0.7577287541376839,0.40158711711152234,0.3597518942864342,-0.5096286322975954,-0.31444606722396384,0.34948790870120583,-0.30479278075380223
0.8376408669658245,1.8486634542809728,0.9066642379544291,1.2476103187147771,0.35438030325496495,-0.7164846575902374,1.0431173840490255,0.17874389492564874,0.7321858099131551,0.6769195632728993,-0.21559605774827673
0.4974564590128907,-0.929341087448609,1.844528541776632,2.0293367594912737,0.004507920336316779,0.08202959077472147,0.10369405017972733,0.6298697834555157,1.9870737061684054,0.3536989368932575,0.2097116071863827
-0.052492437547644204,-0.5393447418504819,-0.8912785023210699,0.36234042014596385,-1.6812027237027203,-0.05501469080178967,-0.18440815450046744,-1.6419177033057424,-1.897872500843741,-1.9446180034796168,-1.3503574199994735
0.42224184801153325,-1.7421950097979562,0.2445332855913061,1.6746885948366486,3.217092880206042,0.48666066340975533,1.6732502016750173,2.2219423196513857,-0.32334661606714815,1.5940245985924506,0.9451718308193886
0.28393729389226363,0.6564647715408948,1.1579770143488775,0.2904591546080617,-1.2692530591310391,-0.3819467950670302,-0.6141312934941796,-2.7893592996354295,3.1354729201376026,-1.9003114750047616,-1.1655039247486803
-0.33622811893370735,-0.761888089795534,0.33660458623907913,-1.6917133818594934,0.8310359404944943,0.18333807994336826,-3.591428690410145,-1.1259507254384697,-0.6073044563135307,-0.9442322896822911,-1.397809564599632
-0.14117503146701224,-0.27724530661595764,0.9386897444630343,-1.9300527865409063,2.2951282394460537,0.04815562253040881,-2.5020353014975836,-2.371924907851455,-0.11769472838960082,-1.5491516115423525,-2.3108133464078287
0.5966889086796977,1.1106587064533575,1.2143905029023634,-0.6456303371763982,0.3510100488295286,1.2525105198668727,0.2188768669748311,2.0168472179331514,1.8475223516600672,1.9984976835940773,1.7363740501480955
-0.04177750830034252,0.23442402794783526,1.2748119206878321,-1.2614736621252438,1.5978005844977672,1.184651295312123,-0.47190189894852524,-1.463523387299264,0.14986341654453272,0.40525172778955065,-0.4592889085477473
-0.7639466510650861,-0.06259904233627837,-0.625810696682084,-1.238544134481225,-0.4443891590683675,-1.205147715869666,-0.005552910022664392,-1.2755516483036742,-3.0066585971546673,-0.4401163931052967,0.4581462794161342
1.801968063763228,-1.192574434297899,-1.2371278158268073,0.25859684431010604,-1.2856768277878912,-0.9967015682988122,1.0419613592447456,-0.26560978780234734,-0.04930560260270789,0.2892105478964857,-0.5037258619793195
-0.4713497557005681,0.26834645433924403,0.5747562409643154,-0.3765846121616031,0.9351352413316487,-0.010566712085468333,0.0019874679459742084,-0.6336791029675464,0.43129328681212087,-0.16481353483186534,-1.0775426977395772
1.0877328208564552,-0.324456558737117,0.5044577377341515,0.48613740715935017,0.16416244674767522,-0.08621221381094338,1.1939588931725202,1.563207340744769,1.1644468540994848,2.141972410187236,1.4035487334114491
-0.6549596504916592,0.4259131664940398,0.3974820736140727,-0.36264788598421105,-0.11075626979680853,0.060771042150553845,-1.3594039072081292,1.8367280186715176,0.7454563103522276,0.23006879617009202,-0.6598530056522789
0.46488284289023646,2.429910021616051,-0.0024682728480547806,1.358122355655631,-1.8257313234372974,-0.16109427180302133,1.576304180573566,2.406477721190382,1.4571536646277674,1.9043860640760124,1.3424987465939417
0.35739055446061324,1.2925587470595232,-0.16729166800026132,0.6064447725202492,0.9501468915596241,1.1592158571528683,0.7208276081752063,2.2019778669116157,1.6120787224401005,1.8088902457260865,1.3589201819340595
-0.34806354724214483,0.02056183173445622,-1.885896613109105,-0.6395244451034557,1.191253849905625,1.3605143196183254,-0.592413890697161,-0.5977999449186941,-1.2135280440245024,-1.3241980290717257,-1.2720391603383963
-0.07773983490245291,0.16917034381754348,0.7129965215951282,-0.6265317285465037,0.057240231544033016,0.5627520051999362,-1.316354898918952,0.6597897582967733,1.644903085501396,-0.15653573837451173,-0.5814586197575714
-0.8280368257461994,-1.51636703191768,0.11893267641263197,-0.30879213174441766,-0.17790480857607432,0.39564153158644616,1.0172824795015047,-0.37371657996541274,0.9326886058736953,0.6751770181650244,-0.16330739066868083
1.2626953860818044,0.41758973447628583,0.19609851450427446,0.8480035812255717,1.0545365905246935,-0.326873043399749,0.6984863808614923,-1.523650286459,0.035376280330631504,-0.21890058263692946,-1.045912694986046
1.0143033819301455,0.1616324487570799,-0.48698644649858386,0.3832801038791933,-1.9258862351967259,0.6678336630546147,-0.207798105513322,-1.662120415491303,-1.0313125653604427,-2.457597265309989,-2.5635068644040744
-0.2633975631904316,-0.29931360685292385,-0.11869071098696769,-0.8935536053233344,-1.7353510003046746,-2.0720591352278683,1.2022033322883954,-1.6280805849362894,-1.568982328451092,-1.8923257101985766,-1.5405726962826256
-0.8288671026768848,0.5182316475769781,-0.7702782118287761,-1.5303263919111667,-1.5413756067523432,-0.7496562353621388,-1.066147403274845,-1.294877989976098,-0.2998536714619799,-0.35820597924546016,-1.021284321227589
0.08600017822400419,-0.26993639213301496,0.22275038657803253,0.42781665947834624,0.2532643616250912,0.37843170945016436,-2.015175526014315,0.18684196782168233,0.32928190119328665,0.3739354013229636,-0.528738434990321
0.7972844294129555,0.030617963086806855,0.6666955073900981,0.2923747063848263,0.43732419012962864,2.14847594234566,1.107479174758451,3.114710260605839,1.041529876711324,1.7147128572681223,0.9184300751753487
0.12009889833202916,0.07394031081903432,-0.38084219472942715,-0.40980810944638557,-0.5425220260814907,0.292922633292497,-1.9399744897363964,-1.1185477608353112,-1.188332958887598,-2.665699229424871,-2.6354106833110302
0.7912499372152361,-0.08530440798132805,-0.23491199891117792,2.7244312073207904,-1.0261265867147586,-1.3853871852625566,0.7158620000084364,-2.3782889814087866,0.2457829446251933,0.019088760479231637,-0.8690431538255246
0.9796091525652454,0.6263109050878767,-1.5834825672925903,0.9655536725945163,-0.3442165824884261,0.10052916294110664,-1.0669919498396516,0.7985873115403117,0.7700993246243688,2.4332550230828343,1.5485247450203614
0.6198979376380412,0.5390635405811399,0.2927613606062097,0.5979884833048301,-0.8437581525249306,0.2358180919148153,-0.16069259057040536,-0.9506648748271405,2.025288667020267,2.591455706662831,2.4803486532468324
0.047870856574419,-0.28621289256149035,0.9681376545995409,-1.8659256358749834,1.3436579063122454,-2.5694309615765105,1.149214312327849,-2.0599461905471808,2.020201471182266,-0.09949690970908776,-0.21499039802455433
-1.2374482635715272,-0.06533992499594897,-0.5376249118385931,-0.3707741404562705,-0.963741947858501,-0.8285372475887889,0.05675920611341345,-0.9876012899898927,0.005462046968038092,-0.8192378010262589,-1.6348129687160002
1.922295001379452,0.35640335152015556,-0.7129055704647315,-0.7000903822590401,-2.9941674407760535,0.7075800096227964,-2.1362384021273106,-0.5984397080745778,0.08614085823462853,-1.434745811660484,-2.279633480189326
-0.5757552994949638,-1.9048743534335837,-0.5468491797204265,-0.8141234209420323,-0.14669029482353058,-0.3786025808882059,-1.1233481506572705,-2.5105947273842153,-0.41743647693574526,-0.7365270971401703,-1.3252404483412592
1.5876729881802094,0.27371678880609995,-1.279929048443632,-0.07092556920809626,-1.276617280914955,-2.0973059545721284,0.1967518719223607,-0.35907420758769426,-0.14247446451773027,0.4559663133409757,-0.2935629595289191
1.0959542252487382,0.22119080746473388,-0.2678905136015474,0.35026428951996713,0.3781522788152627,0.9548935468181179,-0.23087229592013359,2.224259611346284,0.7443637777355242,1.1284938970051785,0.2383532028494344
0.921091624698991,0.1785221354845953,0.4537330659255561,-0.04766665668234993,1.735893671706977,-0.2499398776178171,1.2743014106368453,2.425243589501357,1.0934076257729894,1.1178293577914706,0.34468588344140805
-0.18250959768961916,1.72303816926444,-0.11298613008835755,-1.0206521220355163,-0.3461805867801359,-0.30389040240792237,1.6624458562008888,1.190401546939907,0.8790108887360859,0.6570755898107841,-0.19894816478656607
0.08652324630546727,-0.4041724549917944,-0.31968585116558673,-1.757952039501658,0.46245482982494046,1.2751952565669866,-1.1887807475134724,2.933191634420135,-1.1202533547395461,-2.121942418626726,-2.1508008433385224
0.027122280078429793,-0.9483287213471058,-1.3361441773267735,1.6007818661089999,0.8894269024909952,0.7518700224452375,-0.44861112274240367,0.6249583152510506,0.2994119131071691,3.190271209931104,2.292151275623937
0.4203320428369427,0.379736816493039,1.1501257253973716,1.4132362017176452,1.7573313378038213,-0.7369799148790925,-2.3781010779712606,-0.5657447944686536,2.573973526882168,3.600070950288088,3.95582353205013
0.8005740448224823,0.4145139477601928,0.5644536638877077,1.087870187012872,0.6035666905595602,-0.4508838748846373,-0.9717325106246434,0.5283091672022364,1.5378749684100277,2.648262596863623,2.1433195847311644
-0.6549142471400757,-0.8169640653308714,0.9155144000406692,-2.279744162060112,1.292584687096797,1.1093197169760196,-0.4942272387899217,0.8205411759923935,0.9841261193699697,-0.4293574842353408,-1.2489885585165894
-0.06966117132872052,-0.01891694704378618,-0.31799336301196923,-1.0112730435496926,-0.7726527030465649,-0.9639962700184017,0.20652120288918344,-1.9489544522866389,-0.056543677790590136,-0.10521728073562642,-0.894999815002611
1.2722470560418688,-0.7092619165885391,-0.08189522919718245,1.8456223226269675,-2.1075056707778317,-1.7337414104768336,-1.3317215027827816,-2.438865971137698,-0.5461732721745256,-0.5281555887646298,-1.0270705443608408
0.05012489707984811,0.48137448320164,0.15820022123988914,0.012702461910116813,-0.27689251014282706,0.5666392565219549,-0.6773813031981123,-1.618645309839657,0.23798843061677152,-0.8966236679728777,-1.7831113841723374
1.898667997080271,0.0541268306778216,0.6173163311300498,-0.10795173569674105,-0.12603369009094756,0.4085724957083525,-0.1203415864668742,2.9347388341285208,0.3302642166937472,1.4528100280789515,0.5499987560518332
0.1945687496014814,-1.5290601315276136,1.1480816553423836,2.63711697648146,-0.5684375011635034,-1.773176655462327,0.9172924019235975,0.7961300105817948,0.7955541939848718,1.6101079630300696,0.7312493010837919
-2.021796187037065,0.34180394087234756,-0.8192263739708743,2.084126531692194,-0.5329065004340099,-0.7332905292580232,-0.3377725476336201,-0.4167985376437856,-0.6129852044117816,-0.89915945564721,-1.3484435763954343
-1.3217031820141678,1.9123874196344048,-0.6546831361755376,-1.526669478381898,-0.5512299484169423,0.31587838105091826,-0.9789480428281074,-2.8402838181070136,-1.5793030949422855,-2.1895735614005054,-1.829559100433549
-0.09279353111236126,1.1521697671423066,-1.5685024059339512,0.9850550219319169,0.30392075228584525,-1.3185731040232174,2.8682863295739796,0.7762570273057849,0.5960726077366117,0.7603767770901958,-0.15049311980844737
-2.024994470578758,1.140974058993183,-0.8053966266422188,-0.3516023420955908,-0.6411713157830053,-2.1757593725528688,-0.3739113444027323,-1.7581765806846792,-0.552721769243869,-0.22600123670303818,-0.7201373237592876
-1.708196240238788,0.3036448550003682,-0.10121327709607772,0.01698721493927797,-1.053951978171312,-0.5622672164483902,-0.42641974354944795,0.14798724237335037,-2.0122755219275867,-1.9403849263614426,-1.274208466343242
1.8733773956406399,-0.49209385894754215,-1.0804214967082,1.074731311205507,-1.505233130307789,-1.4438283493067616,1.7415622469997494,0.4681048070039145,-1.6335800884586087,0.4980379036390279,0.9009113716421093
1.76226706407239,0.10897945307015248,1.002712895110358,-0.5016779594679159,0.9331108970192858,1.4498689295939773,1.6669496847013132,1.0533777645972053,1.4256161455356247,0.9546392233710206,0.37138335105427994
0.0697788541437322,0.03461933259788906,0.694016710386014,0.360039313742755,0.8803066236499578,0.8660810124666923,1.982106715357049,0.33279124768182444,-0.6389421245434393,1.0897439940678175,0.6602410806702749
0.17467985972831168,-0.0931795103715996,-0.5276561498390947,0.08990324087216894,-1.791089546216589,1.5706828681883243,-1.2339388157396196,0.39645304371137086,0.5357238262154569,-0.6679615470411895,-1.5821117464236145
2.0118652508568964,0.4688844576994336,0.5343560176992895,0.8299861279513656,1.9126730732110642,1.1161886405330403,-0.5442098775352548,2.872548746083331,0.6544352883819059,2.1437571590923956,1.238906764765402
-0.932951855432271,0.11030101087980973,0.15978137036029413,-1.208738597753596,-0.3182710095288981,-1.3982903477960757,-0.22325417362564326,-1.9989122029649895,0.5094226165457983,0.8706294172235969,-0.04401083126241656
-0.40599623649702254,0.03811522148617063,0.7386913235905909,-2.003087375879392,-1.02818168778207,-1.7713875448476237,-0.9930418502177351,-2.899776697678,1.860151627717717,-1.4480576993549805,-1.699648876643887
0.20851758243375237,-1.5555401490178689,-1.6568033646353213,-0.5004865652251432,-1.1733359423058192,-1.4903979631456448,-1.6777141409522422,-1.620514110552073,-2.724872369422429,-1.8335680706602342,-0.9216696408461051
0.13291905939371296,1.1534489888138233,-0.821562574877888,-2.07628942491986,-1.5438562427350564,-0.5427865342883025,0.33245482708366736,-1.1086071389335488,1.2984614872935467,-0.509115021945235,-1.1730260699366366
1.5972048270346344,0.858078122836465,-1.9480375756286021,2.704824576602925,2.6161906856506825,-0.9959751383193395,-1.2159915616016779,1.1851070030343038,-1.344256852051169,-0.5700513326986157,-0.40517445774063576
1.234683041170758,1.9477238393065175,0.06047446513040215,0.5355465476900122,-0.8858797627071664,-0.4725057741808986,0.32866033602163636,0.3128136416282056,1.1972554838234066,1.5998033914610827,0.8785596584326577
-1.112749604337716,-0.17591759081577038,0.7237921519813232,-2.1179712613666335,3.0197868525345624,-0.9397652968982776,-0.551196334882347,-1.6901222338609045,0.09310793899671965,0.4457855998597505,-0.4014029220297308
0.30991053522067197,1.5457316305156301,0.6677153519884114,1.2304063256478763,1.2195442394109697,-1.1548353458338143,-0.5629312505669324,-0.18917268420839742,1.9199643730563487,2.4925332225794623,2.2912902955601315
0.6232999959942631,-1.0621265811626337,-1.2944702869377436,0.3266654773015325,-2.540179207521543,-0.27627790117559614,-1.9074835520420275,-0.9961672395353431,-2.041166174247913,-2.2106811325066795,-1.5275552775607908
-0.5226284991895697,1.1247731525926445,0.9823115716431949,0.48873356906634,0.2653501449865384,-0.0021241581517211228,0.8311027546286092,2.6915692827061752,1.6791643918623207,1.9746545058237754,1.5763155892569334
-0.8083827781051507,0.7902766477435087,-0.5366828958697544,0.3556844451633262,-0.9008120916814182,-1.1352463274434563,1.7158962420560682,1.7921130292881642,-1.7599838080402668,-0.39296756444878267,0.10537732146780776
-0.8019379709858361,0.6569418126309388,-0.49665680356366687,-1.8762519952630337,-2.7009187544241984,0.9189439218791651,-0.31385450314355556,1.4626545049638282,0.27053941252412517,-2.3291251981781365,-3.222155941240282
0.9713497019980208,2.045840451530707,0.8403340657359241,3.3229715652244574,3.2992855418478566,-0.7896333456571194,1.8410542765048215,-0.03674864735021044,-0.011941469745010647,1.6948522433146076,0.8862345303575482
-0.23860020126455467,-2.073097246387366,-1.1512664223534943,-1.3429280661147889,-1.4773232214136418,-1.2500460444515489,0.1259935642119968,0.7781197940978583,0.052940721008974734,-3.3222181982333394,-4.15563500162428
1.0557972677367966,-1.0811244243512892,0.3011648957230775,0.6045815516806943,-0.16169728271820127,-0.8651118883734016,-1.6339534663867759,-0.9641396305173644,-0.8650420246326873,0.22107938554004009,-0.02642352983641294
0.5945283773052062,2.5875198455352546,0.5067201177692783,0.6095835204607525,-1.5565613284167852,-1.0239099052023821,-2.152082326492126,-0.6449583908237799,0.9575224613831369,-1.0189071596526833,-1.848536502089186
-0.3255494335650069,0.3700542191997675,-0.6852259137807417,-0.40983254149104953,-0.40379340502575156,-1.0156366414070566,-1.5751871362469387,-0.9990041898720243,0.2658682335074914,-0.9231958745535751,-1.8153400093663734
-0.15771273387353285,1.5536385637343408,0.5771317592308295,-1.5021025500981016,1.3573341088129027,-0.8549510498420895,0.08655890213155204,-0.16282059369973217,1.9981989792569488,1.169090625046465,1.034657856608509
0.6287974373268059,0.09588207358639872,-0.679943552580594,1.286276728782473,-0.9394963860478024,-2.2477799754842125,1.2639364481110515,-3.931217042749547,-1.4033725292742996,-2.5363985622195293,-2.3212814561807935
0.9378847562052121,-0.33823665230700484,-1.318490300723985,1.1852985079541325,-0.9095251155891833,-0.41968407695846077,1.3546197485709048,-0.23154793542792063,-1.5157841759623099,0.8001923231655739,1.1088431160200494
-0.41082482934601244,0.7462144570377323,-0.6606847488050651,-0.2268454760664867,-1.1056268357036736,-1.2617506214339818,-0.6429377538207237,-2.7102832603801863,1.7050684145515487,-0.21789395506864026,-0.5958518161960349
-0.24262839519914625,0.16891495964145975,1.9396774770231555,0.4994403112302028,-1.667016835897614,-0.3238226870121547,1.89529098093215,0.8912487233404383,2.0744276488976503,0.853185826635207,0.7845672104300805
0.7834883465511039,-1.8309567220624257,-0.4551876470610271,1.3496010640000633,0.7312258218099589,2.1653854037821993,-0.8845184043382341,0.871486925137575,-1.5295084665001841,-0.5845672757784757,-0.264716891448033
-0.39549261612383896,-0.5930405934893651,-0.05595495136110989,-0.8707550621930772,-1.5857852817694962,-1.4236372455502049,-0.6613771203964665,-2.3333477241967158,0.865308791294771,-2.274788308309467,-3.1349343922683532
-0.9691716482282408,-0.560305446700871,-1.1358979447220825,-1.5648810878065031,-1.273275603881276,-1.3410787165695293,0.4370741483478649,-1.156410972436646,-0.7385871390310705,-3.458491324576289,-3.8097390749901408
0.3930090325058205,0.2847800068863043,-1.4842977335941783,3.029477717948044,0.2025947208764442,-0.6305645587770419,0.2336243958409988,0.8502289207975625,-1.3899524148834566,2.0547809168092264,2.2585466214307335
-0.32629172003176504,-0.980230192242828,0.5630169625671094,0.019340320928511567,1.2398840059934917,1.860665826742212,1.8885222177888292,1.6165112041331933,-0.7839044393988398,0.2434714193083219,-0.07110316562607173
0.8999875848514921,-1.8438524886955536,1.965164117333801,2.4885774713525373,-1.3248399370267028,-1.437201405853067,-0.5358656267075133,-1.7463045722176291,-1.5857556805737576,-0.5610294543195331,-0.19586743520057898
-1.6377363999984824,0.9998647356895553,0.39103439754725194,-0.8331983599500143,0.09027236791214566,0.6898821611448374,-0.12074556949456444,1.0667294520752695,0.3390025159519441,-0.04278492370491374,-0.9467841524302245
0.7876096779301541,0.23509126327632654,-0.8068517722150816,-0.013312773210408468,-1.4866553258958963,-1.1432448166821711,-1.031872365727155,-1.1893455129988588,-0.19030605728119165,-1.8259698994857945,-2.550911693078447
0.40115381487550583,-0.8940596824044457,-1.48706144424092,0.7283663131715366,-1.5396276163993434,0.8003751016339038,-1.3427075729774147,-0.12290576712409157,-0.8313579953008854,-1.7720140636960386,-2.0475630516962555
1.6282432828465618,-0.5491882527932146,0.8083736268024345,1.8521772213033358,0.04734998710645588,-1.5724134883528131,1.0374695983103794,-2.0090022018886127,0.3372104171257179,1.050618504026202,0.1468578326674927
-0.7188730364837446,-0.5934571847926035,0.36623626456262276,-1.5974634385591693,-0.18298335243586794,-0.4468843376899184,0.3512733041517748,1.064306817513117,0.9009018002323592,0.5168128985001951,-0.33232421646648524
0.4033163987205983,0.9501245353503999,-0.6110107477630714,1.0247713642509362,-1.8816777556085829,0.7962381304577225,2.0916803555579904,1.8904929167646396,0.5634610973792296,1.9971667935048658,1.0841516600333854
-0.20532157749076133,0.7517038323660371,0.34796489797138086,-0.4768142208470012,0.4560001329567097,0.012115190810218834,0.8098813352076759,0.026168803684932462,0.4571201697358959,1.6524273891318062,0.7385093011678594
0.35631565364086737,0.5350145235397448,-0.8119443548453199,1.0521063672612794,-2.072749780920576,0.9709088934813978,0.9111285624822755,0.7362628327925174,0.7486387209051297,0.08542529621750172,-0.8038534372328741
-0.11354902247644212,-0.5765222131649461,0.30107649493526306,-0.3839634819252481,0.2577944813674153,0.15011557235084083,-0.9669684680804136,0.1786937520834364,-0.3165562022677768,-0.8517395438773419,-1.5047376019947625
0.17176144125109685,1.466341846831371,-1.6721209542829367,0.09373680834635129,0.8447140973081151,1.2104181144741555,-1.250637879827003,1.488451829599638,-0.12793554150014674,0.834814986847192,0.07811648686533662
0.44781155412316326,-1.1751605199457194,-2.2081399112930313,2.820792266166743,0.05936893060512016,-0.848556210086965,0.5978674701145585,0.47849096501365174,-0.940666757315529,1.8699766089099938,1.6863198631192615
-0.633163659006998,0.898800681179136,0.8888888229565569,-0.055754077481873554,2.2189651996234425,0.09045428426165354,-0.24854729883690097,-0.17053900517931503,2.406714660228058,3.4222834731464062,3.64022215374437
0.041118071364251094,-0.26102904969551033,1.6562969263995748,-0.24822885845869375,1.3003604877318307,0.8600664117325811,2.7437441005674064,2.6282484872321903,2.3751013656041158,0.5242846836441669,0.7154501024620815
-1.9559341717401166,2.767601060221069,-1.0471399273294808,-1.4368421561290217,-0.5565397467248172,-0.9396367267110841,-2.071659059321215,-1.1804986972745413,-0.2801122774886228,-1.1282359642421977,-1.8030131376904293
-0.37960771719145475,-1.8740349630340367,0.08792446183286107,0.07536343737485207,1.0030922849189716,0.9645773580234089,0.18484758861854556,2.3008406759125313,-0.8420395043565857,0.5004665014285937,0.23378198692171426
-1.994308287461707,-0.6428304122692909,0.0910885927104071,-0.6153417124312793,-1.414414970651539,0.07868347922183738,0.014302286988429502,-0.7074408978296277,-1.0596086802248323,-1.921362039957186,-2.0028139860929945
0.7134107455395797,1.5465049144580636,-0.10162556941239755,0.177424425075993,-0.012791980330580432,-0.4307339231334255,0.6163093884944562,-1.6164651528101932,1.2494092841994535,1.471683834011934,0.7791850094900488
0.8084620278353277,0.566683273420465,-2.279910165663801,1.0681029996267082,1.1195029022942102,1.157783005730952,1.2388555896466036,1.0641548088392854,-0.38556965322104764,-0.298739719633766,-0.9083726092062301
1.768687462981679,1.0451100736815382,-1.3630794775149124,-0.0835543992795165,-0.31912501935934484,-0.267637593457701,1.034155969425675,-0.7046471960665595,-1.6252035981053103,-2.0881080745400786,-1.6917819219072507
-0.3568931639289421,1.6889747442054708,0.665049036541927,1.0382200504515617,0.4801006593238499,-0.7122982120407689,-1.1120222117343255,1.4575763962727613,3.023169920105947,1.1569427603401252,1.829570311132496
0.8644055832993592,-0.8688849051446014,-1.2206834394073378,2.0766386723714074,-2.513175187943365,0.3581854301317842,0.23028237980365462,-0.608448094788332,-1.7971561657528448,-0.3714723198085932,0.1536418100424224
1.769066032365128,-1.8439181357488728,-0.030636060975182646,-0.7814560684051493,-1.5287090203850553,-0.42215925928213177,-0.48996523162122774,1.1405745646152554,-0.10843644056202473,-1.8004941990690415,-2.566580951295872
0.8613700526150364,1.4615719552938935,-1.4078802950746074,-0.9754758924492982,-0.9252914808145639,-0.31108394560906194,-0.5422444350120499,1.0723427428574963,0.6767630228054712,-0.9129937459746926,-1.8148045387553624
1.501452944331649,1.0814142104850621,-0.21382826913720843,1.104091291877113,2.060549111875595,0.08648966017082443,-1.1131305201936457,1.1346481152650452,0.7654037101316413,2.1321690006651246,1.246412017840313
1.0325019165568798,-0.6949159911813392,-0.41064119427821993,0.7625734576573427,-1.173908400227117,-1.5958680236555374,-1.1418101074596074,-1.3707978902260014,-0.3930724625301877,-1.4494769230761193,-2.0542340423053247
0.14865443937528736,-0.44279764505713143,-1.7518410822365003,0.6173106328392383,-0.9188162691697341,1.7807098344493868,-0.20633700873513217,0.15506279896048203,-2.3071360601970783,-2.4363852492738003,-1.6228916992064386
0.36010971347548515,1.877658128025567,-2.3315298934830513,1.5135230743474093,-0.2666968251703331,0.01678291034020557,1.3724425721723805,-2.0687759012475606,-1.188987655808324,-1.9315312101871371,-1.9006740876204962
-0.46966844466487456,2.1084477267617685,-0.21817985389872144,-0.05672721176972739,-1.6493241044269888,-0.2866021851347642,-1.8304111360928856,-2.3227770054211874,0.7405434050730342,-1.0068063578096424,-1.8977049349585902
-1.0124327653808336,-2.629246431067172,-0.5189027042296195,-1.2548555057739992,-1.4170417154593917,-0.5993088867871363,-0.914894474815406,-2.1573466824259624,-0.5242129693336713,-2.0485035128415574,-2.563302342579159
-0.8272093909265962,-0.33318111036782694,0.0435996464910457,1.4562574377171573,0.5541614066147172,-0.5713908818784033,1.8932071981730165,0.1827323224325586,-0.4110409156805831,1.709904200969572,1.1169484751158216
0.010840289248940625,-1.001704354651272,-1.4534900436514675,-0.29003527576993526,-2.24524444769204,0.3745789416335398,-1.9113431745181848,-3.10559881237067,-1.2205137759813844,-1.2524100490044114,-1.1941920476360286
-1.506655986455973,0.09575364016024197,0.8095878596134368,0.3683513941561646,1.347721579929876,1.999296177428835,0.6033912089466071,2.054694115390238,0.42518644659402927,2.627944761809667,1.7155770733963298
0.4860229889391428,-1.0668212247295175,-0.4337603104885347,2.1782692564437633,0.014248754610805547,-0.5182706167018697,0.4277247060323132,-0.6064565302263258,-1.647653177606022,0.641846090205628,1.0556618591120253
0.9521390826161092,1.2131674630869627,1.433271009090256,0.1854736433020422,0.7164159710997429,1.222708060519531,0.5970987276574575,2.4569763436138,1.801097111184622,2.043541516458794,1.7430364030623324
-1.0813073174127121,2.6595662292116002,0.21150681495422333,-0.34368218982005194,0.6972850775985859,1.4755121294487554,1.9265420017454509,0.5144789481931366,0.36076049546230426,-0.13972210904563198,-1.0464084562344673
1.7409306426620512,-0.08075206983938618,-1.6179363284770683,-0.42130602896369324,0.06688588664498574,2.381155022074495,-0.6424963475884573,0.4666168798268694,-3.0599046653207775,-0.7628635511209919,0.1255279321894976
1.3143831810723339,-0.9688895001911535,0.4205709693536894,0.7631787144494581,1.9910612277175121,1.2677542902754664,1.4333740872608736,0.7938629298256883,-0.8704918893649177,1.0533993353386664,0.8104586742431823
-0.15094743865107743,0.03428072528759757,0.23878454991925913,2.2662650953330084,0.15245137940770848,-0.021353757886247743,0.4103207465344239,-0.5059289878061108,-1.3024982407905834,0.4409153920507658,0.5699804298205695
2.2146558105434355,0.7327838068546015,0.5627576078065868,-1.2502384665597495,0.8820641918514464,-0.5523284303959116,0.4167189590308815,-1.9225719142695084,0.734631808057776,0.8967435743461915,0.00469539071094216
0.938066523293491,-0.8994916313858085,-0.17435841394967394,2.4054781694877123,-0.6959209237763391,-0.7500346132813128,-0.7490793415536263,0.06251247667902815,-1.895615505176576,-0.5581061552232365,0.03466216768760147
0.5537280393622971,-0.3500500769308992,-0.6435578642921891,1.3377429400030703,-2.856565597562714,1.7113894376202723,-1.2030704363637397,0.7047753456246774,-0.3325839488129358,-0.9041430002649322,-1.547313410651241
-0.4154126329405741,-2.211467461718669,-0.35522443252663016,-1.431123230618113,0.25066253285720375,1.4076652079100462,0.2846501457639603,-0.7364258967810388,-0.2991553961491613,-0.4066947809386703,-1.0701909268504075
-1.7993347258077317,-0.6660426041952099,-0.5825156532072253,0.04679763684459885,1.0746482458547222,1.0295906979242977,2.0005880712498185,0.5064938721608877,0.3716208113086532,0.04119207104422773,-0.8666906629799407
0.40308514309944915,-1.8076774605783688,1.6684243079619334,1.0325416370150904,1.4748306790372798,1.9494361082278844,0.31518868996471916,0.6741910979546324,1.5888482046833317,2.408437904310302,1.941004371773963
0.5346200690778542,1.0362935401259794,-0.11170577562843209,2.2320780818507937,-0.5109427570160092,0.8408207822516863,0.6213140265095258,1.3694892634659324,-0.6847714345044179,1.7977456154133695,1.4037982368427557
1.1490464225173702,0.28547667835289525,0.3050655680618866,0.02400133083265299,0.6929741133057563,1.3935929724667007,1.9725008097375618,2.5605049068460293,-0.8154660946167235,0.7500269544777893,0.4613422261613342
-0.2775232547741623,0.07169258585063816,1.1918567991278846,1.187069002581743,0.2856844340632444,0.053396474264174154,1.445638396483481,0.7693803675042243,2.303580542194809,2.007567390867782,2.1375634089723743
-0.971199904566747,0.13174474736595163,0.6058459516410565,-0.9548009231928105,1.5588828594751056,0.921071843842623,-1.5277120631358851,-0.6977452976976091,-0.55233130336859,-0.5699573877231987,-1.0643789613681023
-0.3600287420683766,0.4530756970171698,1.443759631770292,-0.2273857826968959,0.4984905362974268,0.8848338043897208,0.009606622041562624,1.5479711481297715,0.96673348047119,0.18361583963864425,-0.6426114445433322
0.6846568673311674,0.0938976326546631,1.126173036939329,1.6285698202164998,0.8847763640522414,1.8479140129016898,1.7478227110824047,2.7933932262114602,1.3953466036302715,1.4698427752110397,0.8665696067148989
-0.056927452475691684,-0.05670748188199792,-0.021648339339315547,0.11117913435489497,1.0886698026658572,1.3260283832623267,1.7324092599056196,0.8542380536527961,0.22356673811604444,0.7657133258218699,-0.11760413833062894
-0.448011532648695,1.4999697154967289,1.4435661243172346,-1.578265670010724,0.6314744652363262,0.8990835398478444,-3.1555480608838633,-0.5091835329668479,3.2201927753040556,-0.24377030151496043,0.5324503922485214
-0.26310526508104476,0.7809003019484088,0.5220211665044273,0.1838784139136897,1.2881204283801682,-0.46496515382406955,0.9141253398706896,-0.1695445565793201,0.7256238303885683,1.4257174768315017,0.5319716557470032
-0.14543098565278612,1.141909361770616,-1.5378027951772515,-1.8149817406090458,-0.5062136967472051,-0.48130195076907717,-1.3053413038920656,-1.4818145658652107,-0.49768623553695407,-1.4243268148391,-1.9580130058865346
0.47664342276570965,0.3054572437456197,-0.6006114162280216,2.1874554240495714,-1.863133102814561,-3.1958793357256003,0.9327286784059818,1.5436918385124878,-0.9562795034306503,0.8640034228542516,0.6936566888714574
-0.6764905646387108,0.35699357703406803,-1.3303166799405344,0.2508014565198874,-1.792122194275755,-0.9581301010346699,0.12055212886118949,-1.0489869283428988,-1.1116643471009433,-2.113779739316589,-2.1500967635335693
0.3211056464834468,0.7734428014136288,-0.40216250033911155,-0.3840635755899374,-2.343955209889416,-0.01169350865961638,-0.9069621679699116,-1.6608901105245875,0.799375352580681,-0.8508783139796212,-1.7288111070006165
-1.0146801431101289,-0.2941762188093758,-1.0249281677387378,0.6949258929473353,-0.7457985296602507,-1.1927131910932214,1.9932080699714327,0.4239384742617186,-1.5870633167578678,0.7099433947229359,1.0761469163763506
-0.23185924432869612,-0.21265250316605586,-0.6353904441375943,0.8565345419513619,-1.5803784533761518,-0.28221620257014607,-1.791315273823682,0.9282800672148666,-1.0489817044227154,-0.008711057496944674,-0.09935624718811242
-0.33204594319115066,-0.43130899938995054,-0.4503664228472836,-1.3029096128922069,0.9298425141356159,0.04300757528874333,1.651039611701364,0.423706747779514,-0.5496915670253819,0.05695021449169513,-0.43939959863372646
0.31042824233914307,-0.741809834364342,0.8027625534776667,-1.0016457728472528,2.255480015017188,0.7369039525998985,1.111511953461297,2.786041384808029,-0.7638808341919324,0.9442563532780973,0.6134016665180998
-1.5402661329715157,0.04787602764844506,1.2627327315353236,0.8720905343016969,0.16741253191810013,1.3444973865974776,-0.3058958000623817,1.0530497551052473,1.9686359942931528,2.7371421553054196,2.577356155275943
-0.9601291423314512,0.47088629613756133,0.233959664714867,-0.620902008922127,0.6870580603060732,0.4198730142111962,-1.2687415798832484,1.4527859714877107,0.8182520208568107,1.3960627822150111,0.5228733179205293
1.2160337999286723,-0.05846127714361641,-0.8637402780600031,1.395189281364891,-0.4972495720162309,1.3607946489832332,-0.39988391243477717,1.3818263708923078,0.36427686325355424,1.5225103563173417,0.6154260694127685
0.4172739822246471,1.3823820803070666,0.014956233424331599,-0.12684320251033332,0.6040748990027512,-0.29691688510180014,0.5252922801208945,0.7717787468803046,2.554593493986829,0.2529624937291475,0.5931414413696201
-1.2618244442340976,-2.353524102425052,0.5473458917473192,-0.22419969207058665,1.1735025295957646,1.3757674229620354,-2.2440733819943013,0.4740867807092295,-0.22278989070044458,0.11540788914843458,-0.5919792854724577
-0.10542559499097486,-0.5271179502487429,0.49888566306493554,-0.5717068651994379,0.5634136463328945,-0.7651583459650552,2.3279364101126765,0.6338616342856727,1.420310531473774,0.9771496609053947,0.39034984628423386
1.2618510953134874,-0.7711162701738542,2.9007946042095556,1.6427823814579325,-0.34241597653745043,-1.0665856007034618,0.18678625326319714,-0.3367057067382687,0.9766776284536061,0.5653007565432182,-0.25718268076871187
0.5031550196568674,-2.168834014538927,-0.9835752476349885,3.5456330003398344,0.1000521220136863,-0.558036397168144,1.8686410991852114,0.6466615332129116,-1.6513946847566354,1.0957427073629016,1.5124552580515713
-1.2392740210781128,0.7536285381638944,1.66053898549115,-0.35796901593042235,0.5469326671957956,0.6342068358858504,-0.8407279730091293,0.7300123235311383,-0.5988632724328531,-0.8479323930326202,-1.307864550953829
1.227004246730164,-0.8251251581552349,-1.289229377910977,-0.7541311080006162,-2.520860089108743,1.26684587910664,-0.9402619305842056,0.34622399310881746,0.06267459349640703,-1.600286850737615,-2.4371531923750744
0.6581697640815919,-1.059297561662505,4.1582628212329995,1.9471099892230683,1.0521331111271766,1.2123305687234618,0.6236285017781172,1.4644319517507127,-1.7079906371588625,1.0912645682307927,1.551132336110256
-0.6944089541533223,-0.6227827547169393,-0.7212055923627703,-3.1830889357674663,-2.791810801779559,2.013677114627666,1.106935525929842,0.25143093111749165,0.6916625901434446,-1.7097997214903957,-2.609356349094798
0.867060332910815,0.43376583058135154,0.5270627882929861,1.2034054312501432,1.8274223627634294,1.6399508039602124,0.766505875647287,-1.176221832220356,0.9850997411522018,3.4820943364271364,2.6628391417190738
0.9380881927258722,1.1629879845435958,-0.1555199226898238,2.1369351089912176,-2.510917829641434,-0.47899689147096614,0.8755522748791567,1.1263308818833608,-0.36004846295063453,1.4007799715437153,0.7747952248841512
-0.811512899561496,0.6519865676159579,0.08860638300069873,0.3708845025745089,0.9094459337665008,1.5496210293779562,-1.928853903364344,2.9935076625526893,1.1956961398839452,2.382126054804373,1.6600497928893023
1.8841422584740868,-0.6665997548736414,-0.09248651644098461,-1.2293415374694672,-0.036189854354738316,0.848207277817839,0.19312986565760604,0.11164378060562263,-0.8518878129846204,-1.7706590995837808,-2.029146253015421
-0.5828136912881073,-0.5760597786122454,0.8064193741272228,-1.1969198733321242,0.3275096780246868,0.7468817360580815,0.6824480521137261,1.3234323626303623,1.6480667598723937,0.6010542044403404,0.17856763842021506
0.34051984075538455,-0.028671177852797006,-0.7054644491731239,-1.1176031100814885,-0.5090530900567432,-1.7493646083262933,-1.258045735875732,-1.2856008859653612,0.6436166393999231,-0.8634283901381443,-1.7696052507564857
1.0115441200398505,-0.3974055748829342,-0.07450685627822286,0.6961474423446996,-1.5487709307575224,-1.2847283114145882,-1.0097487226871626,-3.2276109459440887,-1.7365365898550986,-2.25804123637396,-1.7769033390763347
-1.6733159621897087,-0.14815990794219902,-0.6712834405466372,-0.5431629395985378,-0.9199608569688107,-2.042336192808314,-0.6081284287730307,0.08800837309577392,0.36842178922563995,-0.4094766766752914,-1.3170170373246524
0.05680937484501094,1.9600065749841136,0.11759408316020299,-0.0869925158800738,-0.019567441317395823,-0.7257708479014939,-0.3161431816774022,-0.6436251139712529,0.9451378397079008,-0.9355752210705474,-1.7696786084347265
1.1149734836107292,2.0608427159119493,0.8220070067976619,2.132275044789178,1.7883695264012855,0.03913124462646239,0.8690348484968033,1.0230416943259453,3.7582376256545236,0.7330276566126639,1.646725734618766
-0.24905791553250475,-0.8163591781956405,0.07503379945031968,-1.6123160671383008,-0.08505306282830602,1.5712944743712043,1.1328592317104664,1.9821281308249095,-0.2204594654040376,2.0593324531622557,1.3506632595701813
0.4801961156327351,-1.355859508436277,1.7954869589756213,-1.458335723160162,1.7726170512134274,1.3075673453095829,-0.7531690171652196,-0.9827489637771467,-1.6844512701210865,-1.6861639621017253,-1.244090927399705
1.19464053015399,-1.2482263162411447,0.151806266814128,2.0212088074630823,-1.0095572582050627,-2.4045259491035376,-2.4655266354750545,-2.542966168441854,0.5059381382904365,-1.983390229850465,-2.8980525701408153
-0.5352753869736494,0.4379846205526588,-0.06091324292198343,-1.9268395862910095,-1.5662796008475572,0.9006106382217995,0.49556851147275455,0.6059123499067625,-0.20186203085139642,-3.0174757974587245,-3.7362508720761762
-0.15243904225464083,-0.29323777425729247,-1.5093204379780267,-0.3252627654830382,-0.3525468338116098,-0.24746318668036174,-0.8396288983366428,-1.0417163982102247,-0.5053582600329714,-0.7787603405737191,-1.3070182643991726
1.4888767902398,-0.7405439367235152,-1.126752615228658,1.5745732116954556,-0.7013694261542738,-0.24564145880959765,-1.1984194480506478,-0.8880086734126535,-0.20552517335827414,-0.08908919267929677,-0.8058913536227386
2.976809416732084,1.520156518754593,0.9883186995528735,0.1408985195268806,2.5734062056030544,-1.471187060499238,0.6417026389140628,0.1497796373976688,1.8422071936199742,1.2077433351664904,0.9411982055646649
0.6199437448799617,-1.0643096642751493,-0.8055800478023858,-0.6557814368265955,0.1467972651526367,0.01687308315192043,-0.3082635265219086,-0.3406507243265437,-3.1252649605304965,0.32622256724460286,1.1993930632821388
-1.596270556471714,-0.6545223104229962,1.959138253597862,0.8406536790940908,1.3051691303613722,0.4554612829316756,1.1716775722680233,1.9728952285804224,0.47192678568928026,1.1984565989905855,0.2841049742239006
1.3540872225869174,-0.737031543951377,-0.3618222228824737,1.5126601174810288,-1.778329621781615,-1.70964439079816,-0.08162361705669152,-1.4821070016053657,-1.7428040363698445,-2.5425311693757293,-2.056770108608124
0.21648834033534922,-0.43327530896355754,0.6571854001571491,0.12035859365109886,0.9473483371981908,2.120916942301168,-0.7076454917554624,4.271721993759778,0.41057040933560046,2.1583372486294294,1.246959383548893
1.2527190376373414,1.515179195323242,-1.2323614069376168,0.8088189717600797,0.2557925290471055,-0.19286043582107687,-1.1975867688671116,0.19744606048388197,0.23852705302911176,0.21629957873570382,-0.6703033205099986
0.7530373265412091,-0.3956400821955226,-0.06892998338674446,1.0335557583781243,0.023090848732344155,-0.1599141964380499,0.8211045040227472,-1.3136103547458728,-0.8515302084849204,-0.9270916448965465,-1.1858768550555991
-1.1867857810864961,-0.216633938451164,0.05797710958216717,-1.523602978957236,-1.0285704131441247,-0.19275062366979612,0.17732801770122553,-0.6069666553093975,-0.5267659770760175,-1.2560632997691763,-1.7690269187303298
0.032897838436065426,0.13163714438437385,1.049929308672656,0.6172673615941009,1.5854861409533398,0.9064965352330601,2.930023059096979,0.8497333646053767,0.006360987137451701,1.429272783153728,0.6133442824276867
0.5456435652285034,-0.49553812203180103,1.1140858351421297,1.4965458723829572,1.4148499365713623,2.109225200672399,0.17661153861544768,0.7846669757247295,0.9191122956676018,2.67593772281633,1.8328093695187357
-1.0198747338745053,-0.7762476652742644,-0.705340330091154,-0.7479585479263343,-1.1845132823245461,-2.9440739158308498,0.23758999168947734,-0.8926692139279505,-2.606989729185635,-0.0538153507901491,0.8444094529952122
1.0573945245700072,-3.011081801060104,-1.0121340731174877,1.4583048373540886,-0.06270167360298895,1.428305695849004,1.7861394595435924,0.24431508350344178,-0.5898812790103035,1.0602775479959603,0.5936158516037394
0.08027132260424076,-0.42964758111523343,0.6995018002439835,-0.38158416619886926,0.668119665601207,0.46430603721720565,-0.713598352875337,1.1941997384659626,-0.7455144642508424,-0.48503385451200653,-0.8307161129299803
1.7565886991914466,-1.3702982678933668,0.17105385923926203,-2.1804387481410936,-0.27310335117765594,-0.43051410036219817,-0.5632323212833668,-0.7024396624483664,0.12283101022978371,-2.354299509055641,-3.21088586004094
-0.6335662094256821,-0.5981089785909788,-0.27282394667746884,-1.746054072563049,-1.5641311376242308,-0.773609442695822,-0.5390910775903407,-3.199997405344364,0.5692068031675587,-1.3326999878395696,-2.245400704221294
-0.2853422883564549,-1.4868789655781693,2.8462870502980397,4.361327049781798,-0.44504932836742006,0.6828736976379289,-0.12802355826517064,0.18936499426737463,-1.9725762282525703,-1.9211032020589724,-1.2790331309960536
-1.1148752450747939,-1.3705086743455865,0.8273569097435141,-2.940943004468094,0.9511436960738143,-0.11853882977332109,-0.8369454265973424,1.7924212663691694,-1.8044135839902,0.13983038981921259,0.6700954985296957
-0.04679854651202806,-0.14054321164423236,1.0789741497579854,0.26481418535737455,-0.4066360528378722,-1.507847968406502,0.13627068865331,0.5027386267013305,1.4231790165982923,-0.3431605899823875,-0.9280462143350168
-0.835824902752662,-0.673743580894612,0.4331287993798343,-1.1599707809548385,-0.1877017287456506,-1.33400651318879,-2.2934689443259875,-1.3851571037960555,-0.23409311835054558,-1.6578937890639653,-2.35901372944107
0.1077716973881405,0.7758395124255384,1.5373092370386898,0.1723519549320957,-0.26767651538447973,-1.450595842678294,-1.923107825706376,-1.9062876987505897,2.916153882822755,-1.3357962449816125,-0.7295498195528201
-0.5729192917487929,-1.7542347469970412,0.17471259147422954,-0.9183893490153449,1.342754841127364,2.0437116128105477,2.106784459098041,4.037843249382814,1.0210420106024929,2.3999467480236527,1.5950553173411537
0.3193108740854208,1.5593510695223423,-1.5995064564877906,1.8935183536904523,-0.5206712823634072,-0.056380132561341,-1.569188067593537,-1.8237930349119755,-0.4615497212816654,-0.7333297489208471,-1.2921979831029116
-0.26676209011801055,-0.9284335982762092,-0.6795278981905313,1.2782015039071575,0.414069921811397,-0.9912624398800978,-0.43956820184078915,-3.1395991282904,-2.365341560856926,-0.8136921137557998,0.021668852882262613
-1.0883811576355098,-0.9626115109238359,-1.6734567111602099,-0.36075825032896414,0.2637106702697055,1.0909606424866856,-0.3544730300185296,0.07564725886369245,-1.1496527615202115,-1.6107689578346522,-1.6140857549848109
0.377532845036672,0.2846188801967276,0.586838551849916,0.9752202175305554,1.2395516349515248,1.6377185373386882,1.1780240027214979,2.565010332322766,0.44161712299433875,1.6567248102037468,0.7434544315098341
-0.6179189321913648,-0.43012333557741017,0.3933176272748567,-1.2889958324700463,1.3255356948831434,1.208396398377743,-0.21597348594489402,-0.5759768420207938,0.6642876419617159,-0.24831785543483886,-1.1518771007538477
-0.12275418503368044,-1.0612288483790675,1.0793745227456573,0.5925462937768973,0.07539268721619741,-1.3486236012103507,0.2745296697005201,-1.2808340745458378,-0.4715130457960337,-0.30315933672293455,-0.855149053265188
0.48923238787580736,1.5498569779583704,1.0242757388879895,0.9964745598844751,1.1749552001828438,0.3727172421533238,-1.7378178798476362,-0.1295516192989373,1.2780481202128486,3.904985467844116,3.228998700978625
-0.15753476185139098,0.7989504914246794,0.3819439659087372,-0.7482496237071599,1.0078575553603148,1.4758110813321996,0.9146429730964488,-0.4805054311570296,0.04405963800064172,-0.1716353412481903,-1.001842641195173
-0.8157859103552192,-1.0373648241170608,0.36781585506623815,0.4438463755483595,1.0061643289104873,1.1922836040646938,-0.24965461948452733,1.1605415850246834,0.04939990556699497,2.6146278883822953,1.7824835893354933
-0.1474316811443914,-0.8579970887250743,0.1562716218107463,-0.31356294462879875,-0.35257494665974193,-1.6219948112399922,0.4029290741292405,-1.732210155336773,-2.464288502973271,0.6346178006641257,1.5012604499911057
1.1923825095355731,-2.7061120476872866,1.8147062721791103,1.867863953597254,-0.37561584692636063,-1.195957564235095,2.0868412957207125,1.2168597792784557,-0.30123284637177944,1.517934258355072,0.8556819848218292
-0.09415591907854458,-0.22781879870660227,0.3243972862154196,-0.21675026735681763,2.517604793098588,-1.6719350460720028,0.648773998382311,-0.4015595801968279,-0.0704787567255884,0.18591485881379083,-0.5976906663644443
-0.4500658905978015,-0.15683194263617709,0.6357812434027889,-2.965609719171873,0.6653231958662897,-0.606180776857685,0.09741703957877124,-0.5015761999600872,1.5892058259402235,0.7732481529182906,0.3060817574187033
-0.09871345519531642,1.310496458780936,-0.9903065459476795,-0.8392187121508331,-1.823961250993988,-0.9063567618679408,-0.8096506375528478,-3.0194793436866587,1.5716774660697395,0.10179748060658977,-0.3783982519937167
1.5657139334072896,-0.11537848902292656,-0.3948335586967196,-0.7068375593411402,-2.8118902284803635,1.1716114176133736,-1.036166202051643,-0.07962576153026554,-0.2536944050034384,-0.6952972933254786,-1.3853577963588708
-0.21043981760739175,0.17421466449322173,-0.8557523684310258,-0.891845570412801,-0.848455249029612,-1.0645970014706665,-0.7287338930619699,-1.9386122690277339,-1.8064762547068893,-1.3143569605273642,-0.7826324531860407
-0.06577711179197336,-0.01187707224916781,0.7880020276730985,0.951964529171839,0.5300448434839258,0.4953225537575989,1.4372345362489323,1.091061030533306,1.4794208421401525,1.1568540202694901,0.610358949151776
0.03991975302860989,-2.454849577933478,-0.634262225415071,-0.4237167455904275,-0.5501965883044752,-1.6494817088244589,0.6889721108606706,-1.6112961337055363,-1.6355757196184484,-3.5079134606168254,-3.103483895098761
-0.4054211043421131,-0.01764775551914235,-0.2054578288485493,-0.6899231613710529,-0.9736311671557041,-1.040662527464286,-1.0556374513641906,-1.1611778285720251,0.34039066862698975,-0.6768239450678237,-1.5810061585465922
0.1558992920276575,0.3207405515542514,-0.15246255722955848,-0.3716854264831271,-1.7929577548058737,-0.7776207357004388,0.31916497347513717,-2.563814172721078,-0.02019604995919816,-1.9106282696577006,-2.715868625633484
1.1574000042755432,-1.6246523627828064,-0.4049766696461524,1.432369757667104,0.1284282065212835,2.280104449118469,1.024346884630404,1.9327727952921456,-0.9023313556012639,1.2294722116712815,1.0133115763105651
-2.0248197364819216,-1.0544293818833026,-0.39477848175687175,-0.38239172824707146,-1.6888121688973543,-0.2690843867614358,-2.4078356996362347,-1.156838942105122,-1.8126226033106843,-2.5266277404848196,-1.9905666436154856
-1.8896683824030704,-1.196346011244996,0.3379300254094578,0.6645283565909056,0.0681640138727656,0.419970245854326,-0.8977881221597704,-0.9993367675482285,1.5375571662066303,2.066357712265604,1.5611844636859271
0.38101073906727373,0.11794750477151174,0.5545612921099656,0.16681209804806424,2.503011095801283,-0.2105318542298793,0.8404055575710248,-0.9154461661054567,0.05242361322064715,2.263069456668175,1.429837904674883
0.06430703294510763,-0.40012729883825465,-0.026376356493266934,1.033824093609191,-0.4713135100060269,-2.283917916529533,0.6798885026554206,-0.9954162852939102,-0.7317774470626972,-1.3364536578525592,-1.6931575668378471
0.5380879973164299,0.383416670941743,-1.2063407431812485,1.7742484517083397,1.3933045079707294,-0.38504206902907867,-0.5947709354476254,0.4999564784238727,0.5221079896482071,2.006799238731193,1.0923240729684989
0.9048841731311309,1.1920460673916649,-0.422403114433088,0.7637964799604154,-0.03136154351051701,-1.3088329003647534,2.050413476596561,-0.045114020075550404,1.769284813755655,1.338745561961112,1.012273006476696
1.8039115372948056,0.09932724023495516,0.9970613325155748,0.3185222106642752,0.11386605440310638,0.21045379387528212,-1.6165038078562977,-1.8871532932599422,0.3979393482575361,-0.710348888933823,-1.6207298122433982
0.4027039921999509,0.0019513386344225095,-2.0512709925120163,2.3406616537386196,1.2012359931041776,1.8801997446168663,2.5840277260014903,1.446584789611656,-0.28097160304192725,1.2879791282232567,0.6137062836278022
1.4861968167062456,-0.843262193468941,-0.261058551794274,2.0955517215023742,-1.4646509308037508,0.017676039754963457,0.3200683153151928,0.15037127396297212,-0.8255693002982648,-2.374121278524372,-2.654462447797056
-0.4648024746049012,0.4138467462916271,-1.9598466000314512,-1.7747956256219892,2.7401615788104356,-0.794322489087432,0.16680546513520278,-0.6523035868008378,-0.5124864092964247,-0.8307196815291318,-1.3539089976138694
0.811209367018738,-0.9592237949087643,2.4000454351982703,2.1402694228486006,-1.2296079714955916,0.02568982072827586,-0.3531701383446764,-0.9117396251061279,1.1352420618717294,-0.7436416782415867,-1.4967552494809468
-0.16329380653810485,1.5999140712336652,0.4853315793559882,0.1863731086903287,0.6655432867241976,1.7632527832936291,0.5493856071733828,3.4863100720934206,1.930350165511538,2.577908849893096,2.3854791008602336
0.30174620122321344,-0.14586124026328742,-0.8784591589160544,1.7977519147097523,-2.259920137188618,2.479567645246725,-1.3500001649095887,-0.17318711410733834,-1.2466343618477436,-1.0821229160837735,-1.0012738828730572
-1.996465633191063,-0.32132564216190584,0.32126707265957644,-1.7742739755457222,0.07486245020903248,-0.20189184578749292,-0.5898355038487979,-0.04018486720232706,0.009993798823840268,-1.8580885868107315,-2.675438918641749
-0.033214558249551975,-0.09080539241886287,1.2286965309806852,-0.5992242664213572,1.70510764580122,-2.3886419628976654,-0.4769452029082526,-1.3484682442510905,0.7271742142932534,1.407773518911678,0.5143152225286666
-0.8229376731112934,1.1789254058303396,-0.48979159154470264,-1.5846347290456715,-0.8487908028753844,0.49951067768135815,-2.60943956138936,-1.3627390278372769,0.6780666166177601,-1.7939691058639775,-2.6955898831789087
0.8854599089104003,-1.3128365280396919,-0.38289513348346044,2.5276721306007723,-0.35252370631514024,-0.5016326888811842,0.14303310991811907,1.0569237149627297,-1.2125948860275313,-0.05155494246811948,-0.00020563583600102797
0.06232136522372959,1.293939480784877,0.13928459243406002,0.3282341236585549,-0.38634098932930755,1.2112734085201229,0.7418256352215822,0.6152501891470138,-0.04287099606859379,0.6665484101470949,-0.12916030167720893
-0.7349372936354236,-1.8817743438873107,-0.7976616858915874,-0.566948240378079,0.1928357184776177,-0.2848824866433343,-1.1801215456366705,-0.6025051138458386,-1.0756101909864832,-1.6619855622381978,-1.7295794692306792
0.826287912593667,-1.4011922484254042,-0.07214850787743922,2.343045353208462,-0.7570882460526918,-2.4167797516606537,-0.44980331183443156,-0.704259947744818,-1.8697214356640735,-0.3385786730036301,0.2368759773396598
-1.5433952158064883,1.0438223335437142,-0.4619593178515114,0.28262495043430985,-2.06191338566111,0.4965121768364832,-1.0673968318551226,-0.7771817795648293,0.9634758857909536,-1.273589460412551,-2.1010271701937038
-1.9725936185094552,0.3975554476238401,0.37711204841511736,-0.4472623727431673,0.044456121373548596,1.7049133295602807,1.4691914140216715,0.042971994678276726,-0.13173509963512098,0.14466331119228448,-0.6101754826658756
3.0948857736488846,0.6806370177207621,-1.4701719949625889,-1.783122025177223,0.3565925462090952,0.055747960468635505,-1.753979697572753,0.18965390565874995,0.4072284650386839,-1.3452308758908866,-2.256357729994194
-1.1498960497734902,0.7717432367080507,-0.20415975030947114,-0.13614438345507196,0.0027366470692783973,0.8088048175323411,2.056390140787241,1.928491545476216,0.01241832441904639,2.2671689900818968,1.4488751488746052
-0.8488517573963869,1.413735213019955,-0.5906137046719517,-3.1260299624147825,-0.17689047802977464,-0.8187283749071106,-0.007904468391953245,-0.7560592282853769,1.047927121265289,1.23285613712287,0.4393233214942823
0.22358352996683695,0.4897723375433829,0.192404116681614,1.2285524892397783,2.046356314502067,-0.19892254622332456,-0.058604036533018405,0.7118185644621303,0.16125511842141593,2.463030475680564,1.5953082953766422
0.4071218468209353,0.579032449228563,-0.6173124769338264,-0.538731618284297,1.1349862258196315,2.141733151500858,-1.257004100334461,0.43983912561877103,-0.6576893561440001,-0.47219237889884297,-0.8872453111852636
0.36592297257892825,-0.862556731788349,-0.21873838665798617,0.7739620911870593,0.18266520527379138,-0.9576292287537789,0.38820968943902445,0.8023334108214321,-0.12976737665232974,1.1078250388616486,0.35202190725505733
-0.782255804047012,-0.06870027911497871,0.39259570512344455,1.2389236205152576,0.7352408463841584,1.490407925085857,-0.3294325928853016,0.9169447165702237,0.25312540284702717,1.9396599729627808,1.0500237593515114
2.4523108181179554,1.4098996055500392,-0.19068743012932,-0.1649434245897039,0.2331345302761813,0.33405925911516554,0.8347788251894317,1.228434557719395,-0.06212332766733897,-0.42598695792103475,-1.2133127527682261
-0.05333465278629985,-1.3954300154288457,-0.33803269561406246,-1.4854883204090754,-0.6570866718592017,-0.5527451136880004,0.7917436116257028,-2.1929270219475447,0.2048307094281927,-1.122435234867057,-2.001386517291435
-0.43689753594122716,0.08936999115221611,-0.8945346133549583,-1.466643203047083,-1.458127140227341,-0.6399380650739092,1.4466744157173337,-1.9282660580119342,-1.9449833146556352,-2.540514971752523,-1.915740014392103
-1.1376067566333499,0.40699178839528805,0.8418093259577014,-0.5074743642729125,1.5563720396346037,-0.40429241023699714,-1.8443518327990331,-0.4082639212394271,-0.2922865977342419,-0.7636673701678577,-1.4312577812917593
0.18880622572284358,-0.5944430084204343,-0.22717538923537942,2.0048645961519553,-1.4673051752190944,-0.36677655312825885,-0.9718198872220711,-0.09384436365526727,0.6095538827261346,2.366765553158012,1.4570380116696695
0.07191720565785717,-0.4932159743172187,2.2424457740099566,-0.9957704517647682,-1.1629752583819615,0.0976548231133273,0.3643628208006552,-0.8518958549299068,-0.407709517276057,-2.3604609635363305,-2.955617848963649
0.8946074559286469,1.073967476661208,-0.6429349634044612,0.6834359836720372,-1.6767342045914289,-1.0067583378561789,-0.717961939055058,-2.0223808507895535,-0.2282859443023375,-1.195731250713237,-1.9000812042095507
1.5685623759314795,0.0583125394636051,-0.8498730033568772,0.15738199512437626,-1.1008637986790624,-1.654283714513185,-1.4138594898930632,-0.3350687481256882,0.35957224806732724,-0.4059976410827814,-1.312547229462666
0.525896718884061,-1.176737889135572,-0.5703661337667579,-0.41734018870671685,-2.1181049400354013,0.6367865901116537,-1.7584997742635449,-2.588834925205855,-1.630190608292285,-1.1486547908850022,-0.7484275923333088
-0.1297189116530646,-0.21808593051369038,0.5485158031085948,1.2439247995303058,3.2584838213326233,0.49196088027165275,-0.6805877439013623,0.7478653251301226,0.2069021966525699,2.7828278291348427,1.9033800969422168
1.8335159838231156,0.6432574408489722,-0.12210344802694195,-0.5375278553391842,0.45836189722645954,3.4457965190378217,-0.5776890511433134,0.7949494290002194,1.726930134359346,2.1877909789861687,1.8272123187936815
-0.5743260327771665,-0.29020575364215323,0.5078493676771102,0.03994384865949574,-0.6723947592398416,-0.7061067164264159,-1.1862164832173,-0.9793086402554145,-1.260934162409679,-0.9429163932852649,-0.8496981243938826
-0.018870336524888433,1.483903710037881,-0.4560551734099248,0.44626423551565125,-0.5968786163057387,-1.554534017450536,3.3728067959965,0.21002458802037538,-0.20393445873713545,0.5694651815611312,-0.14819478217172188
0.6689921985513643,-0.7994704430537453,-0.8861232906107249,0.6141375391835795,-2.955470640437806,0.24621261750991374,-0.7092050315315066,0.803149215011062,-1.1832141815739103,-2.639987670752721,-2.6141449518904745
0.6428117398044576,-0.62530508029143,0.016503375478048195,-0.7583872420491027,1.8457526570171703,-0.10556061277504991,0.3858632849585407,-0.47611638043067583,0.5079796116314204,1.5275503856798196,0.6128997725922172
1.2903673475460702,-0.8157998581357518,-0.5617665334062808,1.0469417062872504,-0.1349913223562147,1.1522331625203182,-0.4912273938345416,1.9000217929505219,-3.9956534861143824,2.6659425963168037,3.056795502612935
0.06428519629730173,1.3220667528480357,-3.1526324644932067,-1.522630058039207,0.2550254548417674,2.5543330879522363,-1.7133517119285289,0.013138992200101396,1.4703825022023842,-0.36343699689171194,-0.9162097212458445
-1.4603870666203713,0.918495133616542,-0.8723352663136762,-1.355831903696049,0.14979572359816506,1.8748967178364997,-1.889326235950564,-1.3462997014656377,2.1810871687914,-1.0634621551672732,-1.0394670029457505
-0.6676480819124451,-1.1683113696838066,-0.20461377597196562,-1.6100185625354904,0.4653429566259756,-0.6458769322491045,-1.2206356924494066,-2.1597353283570735,-2.5989070992759657,-2.3407281054663454,-1.4438558608596148
-1.1373393459103887,-0.5356125972494374,0.8422675964551398,-0.7997961839733133,1.112708589104484,0.9191789846600718,1.5036140855917681,0.26545970540558217,-0.18018006508019357,0.6864650858686661,-0.04380853658691841
1.221805861865082,-0.6562290393474349,0.15760931407294437,1.0928075690731072,1.407059557964652,3.2332104199130933,1.7455451962822037,2.019990740431905,0.13931659018299658,1.8425450753391424,0.9810402961083935
-2.055217582575161,1.9364765370623003,-0.552512823066945,0.8573260537984824,-0.8730432101243676,-0.9448133053841858,3.2167058349568265,-1.2064336159920601,1.9723100033832548,1.169710384160143,1.013068765409109
1.6126545866304127,-0.22256329382941192,-0.3378814344499762,0.4190152322530728,-0.37170754429489883,-1.6538499920272676,-0.2885052703136526,-0.8506525470094913,-1.500959468074503,-1.061584410925683,-0.7650900846207537
-0.5771609325353372,0.024382812008918824,-0.10650449711761872,-0.3883844215588671,-0.04777980779059873,0.25678131134043325,-0.9441530388587305,-0.7680716986948335,-0.2354922794326176,-0.5838977223188961,-1.2842362404123286
0.2424708576916324,-0.24504870517719643,0.992658357302549,-0.6789237705264796,2.756616832010418,-0.2045764573606823,-0.18333061190143085,0.7115898665042708,0.7834595294380134,0.9659240879768123,0.08421128011388458
0.4856627164334516,0.04161401882260069,1.8369570139322116,1.372326835442936,-0.760102880594702,-2.0745148431214395,1.1194356983998779,0.3605422374253786,1.904753497518083,0.6383859978783446,0.4242710188846395
-1.503333802941099,-1.0078913582828748,-2.3731501354685296,-1.5397324804341326,2.518645518546574,-1.743390442162056,2.080082682714401,-1.0832553667047118,-0.3881186636198406,0.2584450054144207,-0.34953484740284146
1.5293349652543142,0.17429372203786123,-0.00020980786401876211,0.629625640548823,1.2694107728524175,1.7214820258102916,1.1196433642040373,1.381164476137231,-0.9511753645902307,1.7842227094443464,1.6095203838157588
0.7785191989819246,-0.14732607193261962,1.143540525951555,2.3476792294911446,0.4720957420752407,1.5557863573152324,1.9054890049555095,0.7787406451592507,2.0301070021671337,1.6599425877724299,1.5529925387200327
-1.9277520927284066,-1.2927958844286964,-0.4419278504160081,0.5126980498250906,-0.13874551829511428,-0.5168925267693643,-0.412586828318028,-1.2775283907237087,-1.904375120279143,-0.9360759675516354,-0.33753133778198663
-0.5873726633719801,0.9232264675080543,0.5362961132632471,-1.115703322064543,0.5414835810061127,-0.23266215721965455,0.31915882423028463,-3.131512541484364,0.45012189861754937,-0.8568256040376004,-1.7704758458449308
1.2242865073574114,-0.4695822503460092,1.0959627082099619,1.207877350253906,-2.198854100246218,-1.3365046719076847,0.8593735673676683,-2.218036723529307,0.8251947101508661,0.2957165904619745,-0.5756576016723268
-0.0656502708034389,-0.5081970123666486,0.8945850698225991,-0.8729037343658324,1.5366777971811825,0.023040366642127497,-0.13076758132347732,-0.006133616567523037,-0.0004897973878453254,-0.36177656765307553,-1.1749973383891685
-0.4650071582690898,0.753808697621859,-0.1646841010118146,-1.2540477893901691,1.574898586373195,0.2547026842002811,0.5712589033026894,0.6780463157383101,1.1681709753636778,-0.19596233343641,-0.9324716909162766
0.024353557271082064,0.37071438530876305,-0.013703390540888167,1.2865277765766907,0.6087635786877148,2.1016369864034132,-0.7080234498189989,1.8740314508254672,0.17297450237337414,2.8911499493582458,2.0202607636644623
-1.26398114407924,1.3310236537323419,0.3697782043433286,-0.34313147637755737,1.3175712741935683,1.4723054081137814,1.649134941057817,0.611722838101195,0.9973889575333542,1.239188116066293,0.42473748368728126
0.4333884762534861,-0.626239977632073,2.64087875685526,1.6007458393831357,-0.42215425914284666,-1.1827962918860981,-0.6513675894358132,0.876262173970488,2.0840592310956736,1.479146975220669,1.4188768272869567
-0.4117441677257958,-1.9680162475483811,-0.33947540492662753,-0.8941878619917827,-2.222165402339969,1.765340410184533,-0.014286011066471205,0.8423597978295555,0.029256569271560062,-2.179739220825113,-3.004465662279114
1.6457115329387975,-0.002470311702514268,0.9101361419963305,-0.9653168430291998,1.2961130113216413,0.035919868936315824,-0.6281797181991502,-1.2373710768267825,0.4180101747832362,0.22501542532283103,-0.686888243024042
0.7698087495644063,-0.4421597708808779,1.9866167265164731,2.4391787779017555,-1.9342561244789196,-1.7622615178696623,-0.03876419673515874,0.30880530036153997,1.5064835685606421,1.6515646557393513,1.1241052999153678
-0.12119886545488479,0.6290183945092698,0.3610241738532291,1.9257166979010374,1.0617144485646333,0.1712135938024214,-0.25247596212955514,0.7177497132491162,1.4404297952915783,3.31545952898609,2.7421767502909162
-0.3965216950694433,1.354366649796688,-0.9121079803684563,0.07393570166355423,-1.440603510956576,0.5814834401451705,-0.024053140776051585,1.437370346747735,-2.5510032254780737,-2.1969986227741636,-1.309225211204387
0.49059161472507967,0.6583616909123444,0.8747011399663769,1.3487655075338583,0.27733110686390716,0.01840895526556746,0.2310275692206547,2.6091478989224592,0.5454982595776997,0.9665556171807329,0.052733015878523304
-0.2210437004525558,-1.6514309882195126,0.539687069117842,-0.9135999020128884,1.4751229107910553,0.43460299444986794,0.6313472205760862,0.20626476215341882,0.1586809107781113,2.7120472602188936,1.8450351458937702
0.9702456029726639,-0.5850551072414288,0.0783692282341875,0.14756436058810118,-0.6040265977320961,-1.038445612820906,1.1736396175027388,-1.7247649819050614,0.9665653855474301,-0.683724859306469,-1.5100147963020292
-0.03913449778582297,1.0053857475144652,-0.2267434965372548,0.5728315577649272,-1.313555045723822,-0.1294162757844891,2.342696737861787,1.1282979140996587,0.7881420387269515,0.5820793430552056,-0.29854225676522356
-1.2616828898393742,-0.48389028995677563,-1.2931297519454734,-2.2458418230942856,-0.9920847796155363,-0.8396470125206129,0.5582792747689724,-1.7195014093377716,-1.38418501768221,-2.4971740937048232,-2.298297024092465
1.6265968032624447,1.0348633609119189,0.918539814885021,-1.1337249744093665,1.405792161808407,1.0147179877486927,1.620681644102351,3.3038791359608464,0.24725903591264742,1.0767160525566764,0.188278248649702
-0.5827361525973725,-2.29937058357765,-0.45327297138745637,-0.08222121973110752,-0.3816379271189515,-0.9369961147906465,-1.1062615531588795,0.24801629855396223,-2.417311990408778,0.11804277136711594,0.9707726652111348
0.09204301273188153,-1.8094824716994962,-0.17567212697416293,0.07430228968445124,-0.6749487200848387,-1.1406940784806403,0.9284897726779362,-2.1466533316347824,0.5636300312154763,-0.3595441370964939,-1.2725504142543778
-1.3147201975810892,-1.1279243280203073,-0.11153257010874357,-0.6839350506144751,-2.1470445081599525,-1.5940838436993687,-0.5487816135363444,-2.421592868577126,0.7984096864992984,-1.8309472852805615,-2.709115152642986
-0.9648225251590277,-0.27432011771868237,-0.3972767674684523,-2.1168650424366215,0.8216832292322465,-0.7779589599458425,-0.2692479289148825,-0.4037540776334736,-0.45535294569516677,-1.10991428557411,-1.6730354579151603
-1.1257567647261213,-1.2498274837118688,-1.298702465945068,-0.980365412926552,-0.37125858282581337,-1.1320815395553872,-0.4426611418861388,-1.0246159312623968,-1.9061559033611861,-2.230925431171052,-1.6312115657146957
1.3737398000203178,-0.627360726795267,0.31677087482794053,0.4125895776056293,-0.3760599643757989,-0.44642264616517613,0.26669525106046255,-1.0766010971738385,-0.969049647271033,-0.9372202071578144,-1.0966522810036956
0.15180538067787744,0.6885489150888486,-0.13164193388300455,0.3832209765011415,1.2684566618862054,1.4129175668601437,-3.436364309543628,2.451276741941396,-1.3004535218717326,-0.39585682887821055,-0.26855100094148504
1.2589066592914873,0.9191886927392576,1.093753411097904,0.28078392163391175,2.843073676914028,-0.49469678142948165,-1.5322609165801928,1.8483192500229504,1.4935729181722237,2.860903059182859,2.324318186083361
-1.2403419254873345,0.0645954424933682,-0.29767632790846066,-1.0894740654130566,-0.09661133771837194,1.1714435819221638,-0.5529765674166914,0.8226278229117056,0.3187376222637346,0.0010735708315062764,-0.9000755339095664
0.26535491531833066,-0.06387160437673518,0.828189413911587,2.5342103895813723,2.4092442412968773,-0.3521874366314049,0.7867034422472496,-0.1927742766308136,2.3823076670666463,4.112424399787481,4.30970887034647
-0.9538392053364743,-0.30011445997384467,0.868903304302397,-1.3269412843569661,-1.138212126267098,-2.066823121316217,-1.230804461294598,-1.204965443535481,0.2938823163462148,-0.5382312264825618,-1.4354286881340195
-1.233998734421266,0.7991359356589122,1.4003382724144149,-1.6852074713611604,0.03929402225437134,-0.6454677198528738,0.6890691744816877,0.6431127873085333,-0.30127430135489663,-2.987812474615869,-3.6500399007306807
-1.886589011225003,1.6772333577562846,-0.5414454782169611,0.2095899193987542,-0.4155201060451354,-0.9121803577573869,-0.3028103521775042,-0.5099078509076082,-0.4501392302571149,-2.261758418570447,-2.8284427293259142
0.32601070977616076,-0.6490411502073671,-0.596297358595493,0.40839539587960716,0.21478542012738844,0.7145704872017458,0.3342768026822035,-0.5487179217559539,-0.3275898143924221,0.11004973126658854,-0.536199005738303
-0.10369066964556403,-0.5555923899116553,1.0618059282607797,-0.5439316115015052,-0.9411188755077877,-2.454878536821478,0.6196196602627368,-1.5967424119868154,-0.618144038985751,-0.9920212079934578,-1.437395263766769
-0.1516314717209219,2.3855588565809223,-0.03921053173722467,0.6378239982779372,0.34209455178825643,0.7227256346842775,0.547687257794024,1.7857324778694366,1.8991686752383639,0.9682963374784701,0.7494663374276924
2.0484450055492798,-0.02241461692903209,0.3249676899994179,-0.5407985079041583,-0.7748797151430677,-0.5265961433754938,-1.4449062632989556,-2.377137505176253,0.5866267448996196,-1.1262614798989146,-2.037842781694064
-2.076950189087831,1.573327832432541,0.6656848199118484,-0.31102031584256373,0.8185312852089717,0.7814736241689665,1.6661991245703227,0.5864986789632077,3.031790872438926,1.8088968905436422,2.486578286052489
0.6640052561015424,1.2191994477304884,0.6658714564555079,0.863139683752062,0.31302050454166774,-0.06421744820872843,0.15776449339912768,-0.16784697229752155,2.096779102893735,1.3123671196958824,1.2631299271422667
0.5653808122828899,-0.7586505907563178,1.1018127153550583,1.5767976310824736,1.3040363496500442,-1.3710063495731593,1.5112187174202438,1.3113825127080996,-0.4552587400126883,1.1888513958540041,0.6256657189919864
-0.02194712063418477,-0.5084541594029207,-0.025766556004138925,1.432380242686299,-2.16264717084991,-1.2438646102327973,-2.4899366569497525,-1.1839101771804859,-0.7220453550894721,-0.9803923183930977,-1.3448679437492645
-1.0370560742539032,0.6232944278607115,-1.6144800959937124,-1.7095756131472495,-0.8539446463169469,-0.9014122501532107,0.6188633923712931,0.20517612154762643,-2.4176756998710047,-3.175150122205735,-2.3223059502134817
1.1588086776720368,1.0251169410758973,0.2788292203011206,-0.4657133134491769,0.5670056388050255,0.036266159329276015,-1.142003581956982,-1.05989233459209,-0.6630096628312628,-0.7295197121620396,-1.1404476793751168
-0.7668680441375755,-0.8644348174139219,1.8890325390838625,-0.8303622910772752,-0.674080022394647,-0.8741490737583497,0.36366122745474716,-0.1772868412383451,0.33162773416238484,0.5506230939834768,-0.3523776445981368
0.9774958407523723,0.38435456399049284,-0.39235322818665336,1.3732602858186942,-0.7294553526920122,-2.3848641626702167,0.2670817566125554,-1.095368149595433,0.11293982828091806,0.8866165706318802,0.03308215020471306
-1.6944053692575018,0.12591270459812162,-0.6073005642334213,-0.7689125974600222,-1.1236968352314225,-1.5952067473497815,-0.3508026069094878,-1.3026514648874974,0.4752441158111786,-2.35650232213618,-3.2709262740034237
0.06532286482476504,-0.787867167844518,2.039594125151787,0.5737855766885055,-1.4037726055586037,-1.4868256593195541,-0.9867643464346698,-1.5475989291832708,0.4135506651069734,-0.7589855484958441,-1.6705795096222893
-0.18854890542698086,-1.7016235460242348,-0.07947674158501379,-0.4813421792014501,-1.0622090699740432,-0.572457141017612,0.5364666320966931,0.2296875061567708,-1.4004544156086651,-3.5314056438638195,-3.3187539125594068
1.2787479655937197,-0.43856416365138573,0.6987061854713478,-0.32430471873900524,0.7939703350834422,0.7380577578118891,-0.5782851853065464,1.3979656907422424,0.502144175145197,2.2137466606103997,1.2990716638551822
0.24023344973293198,-0.8595414362096649,1.211964062667456,1.1179250307480573,0.47493922163761915,0.17060507732620228,-1.7249615790916646,-0.026928389890032434,-0.7223958364356261,-1.1553587743417624,-1.5195550540722156
0.6291458194018399,1.8888855868009709,-0.48903781640830984,1.8626008017321598,-0.16447562234480073,-1.2113342804681753,-0.5552082554620343,-1.3433050871063383,0.672653622422623,2.6612626597805726,1.7588619227920175
-0.3883113178286305,0.4126757882366853,0.43672325367620723,0.5414090896575297,0.8054117335809609,-0.233499241863809,-0.2269283050049441,-0.10303099025628071,1.0250761901607206,3.1700399847262437,2.36681964017972
1.5088889447076985,-1.683069370207868,-1.1251118649409824,1.5730038278771417,-1.179306937165009,0.3115633832043293,1.6357936799557407,0.75342040902496,-2.5926824665736885,1.024790384815073,1.9205849433651259
-0.8401151121312089,-0.5056858210988971,-0.6645090100974895,-0.6493170481611474,-2.5827407002066574,-0.8485817929348333,1.0390324401987554,-2.4205265731018524,0.4349933739878864,-1.5756914120152723,-2.488624645014973
-0.8492850067458443,1.0314557908656343,-1.8101529370659808,-0.9766344876444988,2.382579714817526,-1.3414046236532995,-3.794549231069568,-2.895968117022112,-1.207685798891688,-0.8876178460603223,-0.8405280722827797
-0.8395200105955055,-0.2558158050215738,1.2070826522620373,0.18164271072432225,-0.9214607948440239,-0.6746616707676214,-0.14870292048438893,-0.5804990176806237,1.7895711682875879,0.4989901732720619,0.18904381805795134
0.3615098211702937,0.8174156334271908,-0.4301272607296535,0.3806378995411281,-0.03028013801234486,-1.4386511429173277,1.2502873597091055,0.7157454316015635,-0.6887751636441437,2.4064954925829003,2.0156907552654637
0.4105538219660373,0.41895877577458235,-1.977398343603672,0.8756980211810362,-0.03410969750769216,0.7766423111178136,0.9508666874561218,0.6787425665197302,-2.127938846738197,0.3534907426909679,1.0843809277627268
-0.797746151223316,0.44521903298922577,1.4607045821392657,-0.5604724036707487,-0.21704928990376093,-0.7524246623329036,-0.02597952872619791,0.35777963821026293,3.4545432604975392,-1.9736185518103486,-1.1097210908608472
0.25075089082138285,0.09059609176236413,0.34163871427973014,-0.8958563007970826,0.38837556123144834,0.6575815162785307,2.5041018307194234,1.5732527335864466,-0.6728187502286298,-1.1268502817555437,-1.5301455803445614
0.3393389698988673,-1.8023089261654095,-1.4573346912952563,1.128835149741472,-0.31875565432902037,-1.9145204736859063,-0.326115129302454,0.2440922114634384,-2.12824867170259,1.3631637496271956,2.0942157687484784
0.36610245072866293,0.5911812017653044,-1.1763394682781583,-0.06155034985570562,-0.7425373319816693,-0.6050585631030303,-0.45265088232186046,-1.6852184115290625,0.146841719827418,0.18287499504185295,-0.6808047169482491
-0.756246916611313,2.2761230118833367,1.2464657646075576,-3.4909083198585593,0.012518251561552174,1.0874416594462248,-0.9838693862758701,0.9997837377370032,2.3292999814610926,-1.0053256452961388,-0.8532487614495071
-0.7614445396157274,1.242465927279363,0.738891938576427,-1.9130245378307191,1.221556523046696,1.5668385340959414,0.14446940907062022,-1.0560260637365677,0.9412646153165032,-1.4912812774287403,-2.3267602261180627
1.0615582567904525,0.346289034352037,-0.36777282652685034,-0.19641814818640235,0.8918774072844129,1.7550789197532397,-0.15988545851415314,1.131567200279913,-0.13605909424016846,2.219042275282949,1.4663318380356485
-0.3921045915757506,-0.13068843724477108,-0.43477703139039797,-1.6352383737299543,-2.1781750754646745,-1.2016634027281883,-0.5632690232625438,0.7957537061484283,-2.4909618779425577,-3.05874452659479,-2.1849686770555268
-1.602862873161169,-0.8223347690713916,1.2480147240061847,-0.13506968778541434,-0.09911261258689252,-3.0401614968533153,1.3952487785229402,0.0692037082705359,1.0328630266656997,0.14634660035533242,-0.6536148460910703
-2.7759255495198443,1.3266247503831956,-1.0190755111458132,0.049955914505400933,-2.53600257955,0.9123119690881321,-1.9981735239830063,-1.1581055310382884,0.048373879300866424,-1.7469231831896854,-2.5786969870099163
0.31013098987870097,1.3741861804810762,0.66721278116474,-0.41206108004138453,-0.9081951863968516,-2.2755992275481853,0.5719475052410941,0.9169515257536915,1.2767976577680407,2.4661035182668214,1.7893852461031867
0.6630202836263499,-0.5088497855547113,-0.3234772159572069,0.21951820131828315,-1.0571232966192792,-0.28114125745975893,-0.6992337513935966,-0.9583487107183323,-0.9677738248266738,-1.5207345057968544,-1.681258108433585
1.4423207780412648,-0.9933672009015103,-0.07278012416443036,1.5640087937296006,-0.957178895814988,-2.088166507807707,-1.4150449491319175,-0.8645983216292531,-1.9038595454780307,-0.07972575471052734,0.5184800363893182
-0.00034420175466992554,0.7825805028623397,-0.00922851386394742,0.5124491202379204,-0.05022382773591367,0.32122756333263147,-0.5270906470307802,0.7749026026572616,1.062095336058504,-0.1922847573784281,-0.9796229322976328
0.3754945617858247,0.3770188047234165,-0.38743365238922306,1.2783826742713602,-0.3697899873983882,0.7845128031943388,0.13631352003459085,1.1642362010201597,-1.6479945903419186,0.8899191704175355,1.3039994881430115
0.8844130748277708,-0.8067975122841968,0.6201966608601012,2.0434739272076294,1.2473388510652037,1.1852950118201353,-0.2997248826123392,1.4729428033833667,1.0742341010967653,3.0451679695302185,2.263250614025368
-0.5988206725757133,-0.4637053132331123,-0.19650558760155296,0.2695590559490073,0.7500138911422378,1.946885903605337,1.0778883989810821,2.9078209607760366,-1.9850394812882732,1.9090639662605253,2.558802013386296
0.7278655786159025,1.7365062709093773,0.1270488579007355,1.2349598041578465,-0.9105121752975209,-1.231540474192172,0.9767922504886718,-0.9659014899159905,0.9462769216447509,-0.11948589633324003,-0.9531825931561584
1.2377108521743323,-0.6283631631062788,-0.7573543217434375,0.5368440178939381,-0.9986041733780091,-0.3088897027442189,0.7087562479909875,0.9463942363551334,0.8243028255606275,0.8615536513174153,-0.01005586132905989
-0.8343936739034926,1.3454464556736787,-1.6866010233443975,-1.3591919985849559,0.7601648244245452,2.2241115669123195,0.15951275731247105,1.6829122138692167,1.6182978560155297,1.0768746243846101,0.6316173167304917
1.3883405437570602,-1.3328335971001453,0.4776229984907738,2.2985394291368,-0.010221302289162848,-1.4974185614704245,1.4422583150023562,-1.1417533021809816,0.6782307483910156,1.5249421577701867,0.6233454027776715
0.23751530149939934,-0.4549537670102357,-1.202438209598659,0.39868031116192915,0.4878778209666027,-0.8328103133601713,-0.38383763970317564,0.09953735338003045,-1.630043306781035,1.9203633738789154,2.3204754754080805
-0.36765765406515577,0.29570292084518324,-0.42705621827168516,-2.2031939371015126,0.18398069484120794,0.405037024338542,-0.9935817248203532,-1.2909229838829022,1.0622711715395106,-1.5495972625129646,-2.3368576600363276
-0.2505550178905543,0.2317421679024628,-0.12330557384370314,-2.5999901788546933,0.3654056784870948,0.1957797589266121,-0.8888521433541011,0.595165048927899,-1.875825809166738,-1.2859245105289263,-0.706356504203266
1.280866312763303,0.7956398674059101,-1.4650069540430402,0.06868124543666665,-0.4837465873562387,-0.5260414441830177,0.19797411586446145,0.04959678350782193,1.2333885895407435,1.3932607497378346,0.6917478034673438
-0.35632440035243956,0.2149848942701059,-0.9627325026823206,-1.2792285785745838,-0.5791532124381419,-0.045015610630214864,0.09630559985704623,-1.5289441277184281,-2.0952352876281424,-1.8894700469566708,-1.1760155560981351
0.23446831379530497,1.1576659622156453,1.2198007955243848,1.6313150536705014,1.8398644029788893,-0.4650256354490121,-0.8785610188562878,0.833291092507814,1.1970504835492688,2.824966252858674,2.103612980419845
1.1677565718965304,-0.3603330186190806,1.3390190631246863,1.6568640349108334,0.732598081168375,0.758262848548991,1.639473634838694,2.05828149193926,-1.0369311322567716,0.9764928634081727,0.8754341260018166
0.49916517774286756,0.0859681755464428,-0.09269613502050161,0.04267329883775217,1.1145773767379852,-0.4639453909455895,0.18315628039564769,-0.8233672983685393,-0.892109600032689,1.456732982932321,1.2319521448543391
-1.1060443317036446,1.7550385961013946,-0.8284868601942619,-1.6333739030293875,-0.5940847335418704,-1.8928196024361945,-1.7818551589307798,-0.8860439915414935,0.5018290515283068,-1.0966788843760278,-2.0113543979151256
-1.3923113189509113,0.36888605148754594,0.08716327166578669,-1.516056876774863,-1.2384930156450262,0.3764678936289898,0.5621366720010637,-0.20418876157003302,1.4643398517721506,-2.5635573010446557,-3.120504295284139
-0.6662143828969117,-1.0992927472085263,-1.4376000040561263,0.5228291810143438,0.17588367357624118,0.29658416714482644,0.7824548416440886,1.0183075414737046,-1.7092710882800342,-0.25630019857055764,0.2045290196495918
-0.9961427278319105,0.7325428615033108,0.26684865119279655,-1.6620523191065468,-0.9352981512895282,0.9355715063107769,-0.15291299871942032,2.170157892992413,0.17695828048771312,0.8787340556662342,0.006792872711283149
0.41957867587483005,-0.4596141159667311,-0.10223089287212483,0.8175522373765045,-0.8502634096607247,-1.2901328316203342,-2.451097891486809,-1.3074987903720459,0.19694826670888826,-1.6506906028108954,-2.5277216866604624
0.7978979396849238,0.03817871156825866,-0.3326328120346903,0.8188671035618269,-2.0961356080051536,-1.1690817635687085,2.30606227685232,-0.04732718339720329,-1.0180680413576848,-4.080425381453919,-4.197757622819328
-1.3465540530715294,0.43735484680154285,-0.7383600727626656,-0.27296963723021134,-0.6938029885886836,-0.899371229433302,0.37906605596542886,0.0071011976687955225,-0.014552754651171673,1.7039964283579176,0.8964417539209566
0.14778931176495141,-0.2539682179990011,1.8911506231055586,1.3393577603420335,-0.8353396826371828,-2.0584530931131404,1.1114905215806363,-2.8352548232387966,-0.650786788698186,-2.2374384427003364,-2.657827288640488
-1.5518115524401686,0.3974004194758164,-0.3172080891951378,-0.4834540842318429,-0.7136618451034683,-2.3430666721056665,-1.7932277005166353,-1.716001814376813,0.8051213657687464,-0.8181467098709436,-1.694665465978932
0.5111910643118669,-0.5685327911239426,0.6272362083410481,0.42650012481672395,1.1593304888426208,0.27601022939288866,0.20897267979364714,2.249544322052067,0.697694026859148,2.881916430852061,1.9833235746522528
-0.16873513628553802,-0.6798782498057109,0.4085653997560496,-0.2924293841211825,1.6679258391567582,2.157555863846035,0.1375960486677723,1.8122049785647734,1.735769477817565,1.4594950670883227,1.105987914046562
0.06687984758758778,0.7950115384073756,1.2136901186397806,0.4066335961719609,0.15308877252822195,0.3103416525649274,-0.5303553251214477,-0.5339023165011569,-0.034975324454290524,-0.9984328021640463,-1.7975026673451633
0.15322319914441246,1.018407436589309,-0.8573952178257558,0.06291958674521744,-1.4634439964316681,-1.789909620554972,-2.678226800276435,-1.3112221782716003,2.751301134345112,-0.6799530892572261,-0.1879516999091388
0.21774855182087446,1.3136301609823333,-0.42135916669566487,2.4946640414205743,-0.15197747236469106,1.128141590472376,0.7647346596893845,-0.04884145435558129,-0.38627194586890595,-0.047882788469440773,-0.6570605966642371
-0.296463361956714,0.1814037091013367,0.679080556547505,0.8680498242300586,1.7964948428771481,-0.05825836526835626,1.7991716273448262,1.6555949748934777,-1.0437093353862732,1.1028133098267179,1.0076104401326624
-1.7029831033279776,0.16940042929994695,-1.274803189592647,0.6639410575960849,-1.9800932445719055,0.6309300089010863,-0.6666184300010023,-0.024730485221069354,0.2168703603480372,-1.4245206478940409,-2.3063096753491994
2.0556731657744574,-2.735582219811122,-0.21697769947805035,-0.5296309161655857,0.6545772141046795,1.1341832149681537,0.23211271847249876,-0.2922971922573744,-2.0836257874229243,-0.08399047601190213,0.6231079804158527
-0.1230912093934851,0.7708602188701067,0.37507232517970973,-0.7906749768472803,0.8519748828416175,1.5729530739975885,0.9107583662726881,1.5526220193623672,-0.04020383554091156,0.49135145568812855,-0.3054976715729285
-0.5097514975615908,0.9732065480991783,-0.51768674616983,-1.5145187806634592,-0.7756679301679301,-1.517243428093642,-0.525063951402372,-2.6048579441861905,0.8153759938701126,-0.5646708840692887,-1.4386012071691865
0.22886691133996656,1.7635109052068845,-0.36117138056377707,-0.017366235845304445,-1.4857071967268114,-0.703162545008159,1.5166258866489262,1.4193271595615506,1.157281660032864,2.033160935623412,1.2910801356763937
2.029888841510936,-0.42068042133228045,-1.7410459453313176,0.028663371355732936,2.294103957836327,0.7835954888173008,2.467111611610063,1.6394130101641957,-0.38623310728315263,1.8619488891575522,1.252745906709514
0.30225015203515926,-1.0559667611999293,0.47495685801613086,1.247794724449159,2.020746031052219,1.4698613576212214,1.586279389901869,2.6853460776672016,0.1855704619789073,1.505946258675475,0.6317735568937876
-1.7276003943019465,-1.376723591559288,-0.1882878850645378,1.2292156132024719,-1.3258888005182947,-1.8742572908313924,-0.9607265623509866,-1.3378689139023257,-1.5963850724522952,-0.2854094439703114,0.0882021757931215
1.2157305120575845,0.38010953549126936,-1.6834819631490512,-1.478932703590364,-0.07178874197870559,-0.8511415377959632,0.6550268407513911,-2.2220029813073747,0.4166398317802975,-0.7974534955852026,-1.7092637370700685
1.4326635190047028,-2.017452049919794,0.46229582231422395,-0.4552991476364594,0.4370345334068973,2.7259814848942554,-0.5790587254023736,1.5767268124637517,-2.0530219104714753,0.11017248748534936,0.8001056030669903
1.2301807244193483,-1.5936287567648846,0.29473859380675504,0.11819238516586461,-0.07683210605919633,0.16565068812387074,1.1286003459547849,0.833653537991968,-0.713942247590599,-0.4513328598538653,-0.8222556093260689
0.25993687011605443,0.11400862246248505,1.3792532376118933,0.5434360284711058,-0.5331889640064549,-2.273506789118633,1.6076662201165397,1.0495807408105082,0.7949522959702768,1.5828635121321577,0.7038600654393954
-0.35230537801669204,-1.4577272296507437,-0.18444913568399735,-3.030325722510274,-0.23739733858774226,-1.0384102841737677,-1.5618220817153619,-0.6024892317879837,0.5359691129805129,-0.5578616231331296,-1.4720045656098566
1.6700154042687108,-0.6887194996480179,-0.8083054082049181,1.1862981728640647,0.21848623541200207,-2.719336944814114,1.5344970496342234,0.9992438446534799,0.03467058585689187,1.1988693178606895,0.3721193532865782
-0.23153736470530636,1.5614356648585226,-0.33147436092724175,-1.741017851400243,-1.6399367484097302,-2.1717043724052703,0.6292838257170135,-1.3995339740165085,-0.0026825213694815497,-2.9019964943491847,-3.714343322154984
-0.5903351237328176,0.6906508464306244,0.9552009815375903,0.44622689590606035,2.758660568320487,0.0544654993061654,-0.5246269555044771,0.7018594843186258,0.9098009495725906,0.7014523402900816,-0.14478003875516787
-0.74453641779052,2.384144282575833,-1.234989114147132,-0.9995974693990421,-3.826378928915255,0.7397349462472298,1.2907343488615113,0.8055248781458596,0.3802664154087205,-0.17342640105718768,-1.0821924638022438
0.08909131070227788,0.163347596868255,1.9889859012143796,-0.15930017062825727,-0.24023515943990953,-0.37464785293043085,0.9954135333378803,0.3461840406701846,0.28192273056150985,0.675501813933076,-0.21961584777192977
1.4785686517414718,0.3726518832644207,-0.1910627654786276,1.528296774523796,0.18646608965876832,-1.0282318470080827,1.993249999505799,1.0619810098349851,0.9246634386652441,1.9245585623501125,1.0833121404480646
-0.8950157260174381,-0.5881787371038892,1.1113702102923793,-0.692738615354356,2.1803993606130274,1.241613165192136,-0.0694527280490086,1.3133173205131785,0.11725656547548097,0.44641705449224633,-0.408458582129803
-1.7497653642028,-0.16381645275044338,1.8274623394765643,2.1890030961212124,-0.6055960497478053,-2.409168121876436,1.388411521069642,-1.9988620442451692,-0.0401928154486737,0.05112666601748661,-0.7457271625696877
0.21657489262914192,0.1693020388207379,-0.5058651382628871,-0.6923750340420363,0.1224535070037287,-0.5424011977630897,-0.6941886995137904,-1.830143537460327,-0.3929565408472793,-0.330490283780915,-0.9353229701131083
0.20739164132456586,-0.5158219208225368,0.3805427109160881,0.7272233333115838,0.8233158861886972,0.9612787981359785,-1.209274276643603,0.7146368654800465,-1.2262830433336571,0.4096342411612005,0.4728543429736827
-0.7823459270608595,2.154006095652524,0.8652001846639837,-1.3390733691334318,2.2980577438713414,-0.10864013476814882,0.8944085904163871,0.16102838430862543,1.9847194273859732,0.6280281074911144,0.48202091175649153
-0.026243211565211155,-0.5305941391812713,0.3273552148475588,-0.41896701311046913,-0.033711460302391916,0.7148619243308653,-1.290794311489801,-0.27954056158397783,-0.25998208314010285,-0.7051481425506569,-1.3916101387516484
-0.6745966323707565,1.5855661846407068,0.04315334133312592,-0.29304611624960897,0.2445389935809764,1.7162614711829227,1.7228626825003275,3.3986611598333765,1.3929044392879564,2.020106695456041,1.4152400475143034
0.7305256773526349,-1.105809735343127,1.3349075149757974,0.38750925389824753,1.05846115648377,1.2646130579893011,-0.39163928435344686,0.5804765833133112,-0.2601067490235716,2.174758640075906,1.4883682395727722
-0.9498093039870075,-0.4600810549861128,2.0726807158954195,-0.19830026786754906,-1.2964633804184587,-0.2455167106597138,-1.0015136443446435,-2.212982537201121,-0.84181142974102,-1.3269900161934634,-1.5938640976193073
-1.0470290478938697,-0.7995242138884139,0.5099767153181963,-1.9568629502228698,2.6177358603672016,-0.019012289568615448,-0.5091183498185232,0.5203670381085478,-0.37852351773625226,-1.1646072532580871,-1.7787909428874968
-0.2924905132001503,0.0663567589678457,1.062739313795076,-1.1143729177914472,1.2794528729293417,1.7643037894749245,-1.8076997588077248,0.8287022029718845,0.4098934414374179,-0.7647575449174117,-1.676085305310281
0.020817720209415976,0.4532867892402936,1.9654712281303448,-0.4099200830883132,-2.4377946914985555,2.2868699144042783,-1.5385764743792025,-1.0713635563585642,1.3936326765264186,-0.647947624839148,-1.2523394480481225
-0.5503699309993438,-0.06305988565236356,-0.8120152403144065,-0.13960416990818791,-0.4878699680019418,0.3888593564897195,0.16260717470137098,1.9573640855891732,2.3798914735687213,1.4509350920650066,1.64616892811694
-0.2926201365700848,0.036762692532200256,-0.047177335446469945,0.15164524744471986,0.18150936857034594,1.2686185339373774,1.6953978641551044,3.2051711685203723,0.6180214062984911,0.9861175286769066,0.07718380188426266
-0.2919259300715559,0.5268026000637085,0.20791369325300635,-0.2618949544325462,0.36907042809498464,0.3531093453110643,1.5217067325203428,-1.5014156475139382,0.17396986052245084,-0.5442285140835524,-1.4153817138011444
1.1747993134206134,0.45683817256256626,-1.1739204021129603,1.164499523273589,1.057347983967309,1.8297797428144398,1.0491875275067568,1.0012308370520766,-0.05963123972351514,1.2963863169599588,0.5079605092257307
1.7857671827015908,-1.6135292216503059,-0.5631455995153567,0.47165234945798185,-0.3366593746992823,0.6815155298308867,-0.6432428774304926,0.49940823944792684,-2.549399951229753,-0.3909587226155414,0.496478256031513
0.7138669986000123,0.3620056586206913,-0.4894425007291671,1.3275062343157407,0.7202097986014817,0.9686904013206821,0.359866913723789,1.7881823371568484,0.2920377183036595,2.216420487731399,1.319536258720716
-1.7422855638260908,-0.3801197197728886,-0.10003174166800412,1.3864972199701886,-0.4090039895097448,-0.6831301845953464,-2.450690022249071,-0.9755634803638862,-0.6381824923203231,-0.6384582935693159,-1.068543874782716
-0.11033192800550376,-1.5325526808526273,-0.44452389259868047,-1.0424715150367636,-2.2479437409863445,-0.8385128907663182,-0.4980468271247699,-1.5765449629782562,-2.2162503973116556,-3.213288869378991,-2.4388857761525675
-0.45478249567172085,1.0483895921924036,0.6272582236939421,-1.3343432916998252,0.6327627005666216,-0.14869134294367337,2.3461815272770226,0.589293385757905,-0.35535145000849977,0.4731729354792492,-0.1557814566764244
-0.731697931052396,1.6217302376874476,1.7458322171449725,-0.11392790205634051,0.9467219528430364,1.507992654535348,-0.34763822372701003,0.7884075226430997,1.562065965356966,2.4480537153888973,1.960769769661167
-0.49482162149693604,1.3643627132785785,-0.46869896028889463,-0.7653029271096505,0.3068310050285419,0.5133151245993361,0.11647152727401501,2.011530031182802,0.47692785744117533,0.021862883496797353,-0.8925943041164742
0.13650578251352985,0.6543496681986564,-0.9577031549642434,-1.2587352870839645,-1.5397532283422342,-0.6094854184500554,-2.831782013017823,-0.9028758674169924,1.0397625104402888,-1.1097218576505312,-1.9067591921065912
0.2605433737149777,-1.399402991630203,-0.9781348248597984,-0.44315116302542634,-1.8992480638593787,-2.0086410546412767,0.20796087702622007,-3.542985071183792,-1.2089726708711213,-2.2993069969833133,-2.2511005230793
-1.1169572014560927,-1.4670249138486027,1.2754422703783885,-1.6901745302822855,1.9200671034523509,1.7566800028167533,0.9411077274734779,2.952216496795704,0.6285749790136579,1.0696151285949909,0.16175310804723914
0.25380697396602137,1.9236081560144365,-0.10243519708181066,-0.21012617872981226,-0.351682869613275,-2.772372282470862,0.04631381987132757,-2.040051862814454,0.7536812987778359,0.23695091924993864,-0.6512922215412751
1.7387300327212323,0.4004150049428793,-0.000776630262993087,2.916771456416823,1.5342519628297187,0.9518779291251633,-1.619594021762282,1.188971080271957,-0.9119125032173616,0.417322045183371,0.20925989803275002
2.7471346603813562,0.33583276230058196,-0.648277636338163,-1.1711354097871665,-1.939677557563495,-1.9132868055179035,3.578641477929627,-0.6879846504098195,0.11880254937801915,-3.0927351144108397,-3.9480875951068124
-0.7779398112099892,-0.020315932326024126,-0.6073524836398295,0.6235540341277575,-0.7145694620554098,-2.349341653023559,-2.551695939402964,-2.0538825089529307,0.47021675226955895,0.3182221892318959,-0.5960886048486366
0.3481463390755316,0.1603919308718316,0.08743644717521587,0.8483113805189745,0.1748940690356425,0.7748658323782475,2.411091817183669,1.453294614277166,0.05999990063789851,1.7412935023677418,0.9053679139483802
0.14169522986331726,-0.5753487609104214,1.8584585174404977,0.2646928615996995,0.023019962968723717,-0.7481957236494508,-1.9920302798377274,0.3564096072001201,1.7443603599584812,0.19749338738937117,-0.14911713741547283
0.4170465044694186,-0.30815198810131095,-0.4238267817293085,0.13248692195046374,-1.717723724230387,0.2767694394863245,0.279507957659323,-0.22179512147945057,-0.11102412686562307,-1.7266761467776006,-2.491532061672822
1.2523396456518825,1.916224574205976,0.29680060626110966,0.3228795601623871,-1.3556664531254987,-0.05225518864756684,2.384019240855985,0.9356873247231046,0.4052860107933489,0.45327055112421755,-0.4577061862160928
-0.7292943426166835,-0.529571742594374,0.031621995112968794,-1.662631666036769,-0.49666623861691656,0.11097763280327255,-0.01215028803027729,0.1598432460341508,-0.06707789355330618,-0.8235474662837473,-1.6086732032751176
-0.0912496352862047,-0.20213919578202874,-0.6072686379713882,-2.153655099467074,0.4803606698314453,1.0276353432973406,0.05671079478299007,0.5602389372143544,1.506807138273408,0.19917192259216313,-0.32805770242888566
0.16381907267764576,-0.9475951993508368,-0.5474152200481297,1.7225594448904336,0.06448076348748699,1.4721730920235543,0.06717874153798509,0.15992845044116746,-2.4645641062893695,-0.5410679154394725,0.3256512910737581
1.1486867658122166,0.19791903811446304,0.596276168105927,-0.44903787594375766,0.9283370597131145,-0.39374428314452614,0.38867559253742817,-0.0271871357594885,-0.5104937678645363,-0.06227638306967337,-0.5868850311479287
-1.5615209126559093,-0.7987560936458042,-0.030565957200755754,0.6136199276498298,1.7734820083228398,-0.10300727600469617,0.9061025718550046,0.1340323110335191,-1.3374831404339185,1.2988811532130256,1.4579650995723101
1.1975503041512745,-0.161060318102641,-0.5189057420651273,-0.6181721045580684,-0.48416191574621303,-0.87911895653702,0.7417429501094436,0.5014085887765378,1.2149209049669516,0.8412061972626466,0.12950406671061032
-0.926381231096366,0.1385452212916849,-1.6258966636502534,-0.19563509013339764,0.41771824247301936,1.1419258653602042,0.04032415834210423,-0.6656546195552314,-0.08676256211272793,-1.8959748089589796,-2.6721882849985312
0.030504690039658517,0.6631016606361722,1.8110802580831091,0.24831312644717293,0.3734890279280556,0.2272744534539946,-1.0869759541267288,0.041548168078444525,1.4911191627162241,2.684727034543722,2.1464168825951813
0.09560365573570166,-0.5982894303626802,0.5527192547902432,1.2959079321743336,-0.5630440818164144,0.0031120377900744067,-1.0172959766201586,0.5476955937287526,-0.06615102134548922,-0.8247246015693475,-1.6102632370429202
1.3916157613556417,1.2628273009002997,0.7890569065179192,-0.35010267233515113,-0.5652986270723176,1.39401605051306,-0.6851801671200266,1.0536310497873287,0.8556187118408001,-0.8044963552034473,-1.6674697980054678
0.9874395073781317,-2.0515903846591947,-0.11125956465986243,0.2184226752428995,0.17007449704788408,2.160707859204266,0.3742761766841092,2.0582912745862263,-0.9421027909390999,0.38269036886976826,0.2002562124321714
0.6396956851268837,-0.5650727106750358,-0.5687849573095067,0.9097233912063785,0.20767509961373432,-0.5748727546527725,-0.5905708945478642,-0.27964256523902553,-1.1439301898524363,-0.43172002033022644,-0.44000930015646295
0.25840117844859295,-2.5941790488592926,0.8488560421850131,-0.7853225559193985,1.6646883222511788,-0.5249696412688099,-0.712574582562644,0.18949108305343465,0.18183924496427556,-0.23565277924007022,-1.1088658536002807
-0.3636104047518159,1.7117539201169476,-0.7499889804625586,-0.23422853156955376,-0.6793549044245704,-1.1689856373930196,-0.05156381312930852,-0.14867260876069988,-0.21070591126893856,-0.35875674680784897,-1.0727538255025388
-0.5462673489567441,2.2705621672786567,0.17271276705417138,-0.03501655689825045,0.9657725438738824,1.1608014081440887,-0.46275222650361375,1.3608724489687218,2.2004095564620902,3.45202815693303,3.4928026001430625
-0.3458596762261898,-0.11755496531606392,0.18332643634270415,-1.876731421887735,0.08170055545321994,-0.07922132582553974,-0.6517216202684526,0.08877154049561928,0.9001450893164044,0.36421517436206163,-0.48516613878010273
1.011445542811106,0.26574929882746773,-0.8948010188113492,-0.17998613716694345,-1.1800094290811607,0.3159753573591707,0.8420760177934821,-0.09342143294545374,-0.27400016454721543,-0.6178797122674293,-1.296231024310427
0.6091823050905723,0.8007912020298124,-1.2419898333232637,1.7610801399031302,-0.14629580309162937,0.7462162728570088,-2.79033225103287,-0.32358303782128883,-1.7132511799625558,-0.8503323202719143,-0.3865189371057791
1.4000375261553824,-1.281376586913157,0.5694318689112842,0.9960988803420244,-0.7241475646009057,-0.8672281295375047,0.7373021029229742,0.09979061531589573,0.07816015452028113,1.8629089021661782,1.0207023075227406
1.039363112784122,-0.09234986654248976,1.3399126996350863,0.4735442237219498,1.804119461121404,-1.0378384820098796,1.5284002896210487,2.3686899143880953,1.9688177539767349,2.4399079539685893,2.280277466551844
-0.1969424901517115,1.8372351711230916,0.17092589697394733,-0.11983367660248184,-0.5794699617625523,-0.024809617056616884,-1.357019467940235,1.8396083650097086,2.9113072904413952,0.27098811338069206,0.8740746271647092
-0.2424261859258712,-0.5121967429558498,0.4248641582061285,1.6610057736364918,1.1994554126876535,1.1054664313268414,1.9354439113331945,2.3397266158708647,-1.5356949845455232,1.2196139435583155,1.5444951189461147
0.17112019343581605,1.3958159248898623,-0.9821219152952202,0.4358260542487867,-0.7648068191358601,0.3082606347088227,1.8209224340768024,-0.025947701979486704,0.7309500293914861,0.6392861060826316,-0.25346384391217014
-0.6131396596280082,-0.6529794542364051,0.10005497269636278,-1.06679518941996,-0.5865530891861453,-1.6738204779912484,0.6653594493396267,-1.3836554461717663,-1.1311431466956672,-2.7993664102431066,-2.8187655611959754
1.2008176828905461,-0.670970438965715,0.520284277986043,0.8412696660292086,0.7489046379810094,1.04180820834543,-0.5031410118279083,1.5784534238442456,0.47895494314910037,2.5182613804841307,1.6037672837996344
-0.3907334646279978,-0.2868394338432954,-0.6392378424148135,-2.0641374992985373,-0.6121256449122917,-2.9889260856333726,-0.13767625244575402,-1.3720358319642791,-0.820247753590222,-2.8108906439464256,-3.0956297890353643
1.1987384864975115,1.2515734555163707,0.2546172443012208,1.1605512346360416,0.19691623373977912,-0.19566536066492435,0.480340864491074,1.0851331273309037,-0.048821959342559396,1.7885346905763546,0.9953888755008978
0.8549328379745406,-0.9877930944837813,-0.8900400805625404,0.33889042676799974,-1.8895604954112892,-0.02266578043361256,-0.5200030487874522,0.6420170240286003,-0.6435894424391095,-0.11674554528085923,-0.5426789241019117
1.115454937348953,-0.06826993227077004,0.621349533954218,-0.16391875119484978,1.6935347646575223,-0.9735320714114291,0.7905717085877297,0.6260627881431879,1.8191230862080878,1.4229650872541848,1.137297392027393
0.22614222843065787,1.2191799498161786,1.8526810807610494,1.0578239564880825,0.32761784400714333,2.6494029678439,-0.5879020795427108,1.841785374283729,1.8607031431251477,2.730206385092869,2.4790759922525893
0.455415653996718,1.1021579695655797,0.13811989981572526,2.2533069754645467,-1.0814719394420125,0.38093133212916463,-1.3226007941078257,1.2039695414434712,0.3655008973592691,0.5198867136472084,-0.3873337197130658
-0.1489027884721678,-1.1176954159830634,-0.6309083815549202,-0.9675295593603541,0.11027785720105299,0.14419403331158362,-1.46346165807455,0.17652821372370986,0.01200240861807167,-1.106737686634336,-1.9248699816502242
2.7712452812309336,1.391618614174497,0.3525812120620635,-0.22607890667047204,-0.023074339513563635,1.1292372946149436,0.3669104572340801,1.8505783313227446,2.254019091340684,0.8060693479543788,0.8933081319249563
-0.913757062816768,-1.0614690192386569,0.9017480052062904,-0.42031383187624516,1.2972831731310666,-0.05618517175461035,0.9986308322823012,-0.6777154601042905,-2.3485978159694847,1.6007652496501084,2.4300945352940997
-0.28738287101629556,-0.35283288996244344,1.1365005346618542,0.9461165446542674,-0.27072239235554396,-1.138739924126119,-0.5424188455972265,-0.7329720869361933,0.589448496897442,-0.25733260130070823,-1.1687090721834563
-0.47906388515368376,0.40663627569246497,0.8516021069690217,-1.6180229685048766,2.1461476091079366,-0.22369737409186277,0.7388550132232274,-0.23321962000236118,2.4275666779413925,0.5302674608866416,0.7657596012182692
1.09490840417706,-0.4968489931530442,-1.0877514736267082,-1.4127565218380207,-0.12365114570715552,0.0865050359813602,-0.13491616537740547,-1.959516298938634,-1.3721627854106868,-1.4906736120178798,-1.3020060034188041
-0.11423477985343498,0.9778082965968491,-0.47686341812336674,-0.8281106879186713,0.22943654091842247,-0.6535721282222622,0.4721846354945365,-1.0552202952038654,-2.052755465375401,-0.5426451704389309,0.14713591732408549
-0.01658450860499356,0.8701791287936268,-1.2135253048947865,1.6775263989089368,0.4401249428423305,-0.10504166252139535,-0.42608469922051595,-0.6219699607360181,-0.29819621245150496,1.0385025838675808,0.3744329989256766
1.408217584535707,-1.5071350976307294,0.1638561652249568,0.21431394161180117,0.14202436220934128,0.4340768118327932,-1.0068747240983222,0.31221980709307284,-0.1144792716253169,-0.34577003181178756,-1.1089752964548345
1.1903906425382218,2.194246765642068,0.10404141831154881,2.5585240053083567,-2.1415908736963183,-0.6903714226273333,-0.9169281837576098,-1.4843480669491824,2.542387576370352,-0.5793379581306494,-0.2490271011242029
-0.13008739908897937,0.6884538980631264,-0.6059501147654516,-1.0637311388933548,-1.6590827094868508,-0.2927403158759841,0.007058744304880182,-1.1836566014374619,-0.6876352813520414,-2.1141663406031346,-2.5058663817304434
0.21327498076211043,-1.6333047237025269,1.7982719290792901,1.2597649800901287,0.8335404960513869,0.6614252967514248,0.6361904664295023,3.376714631068272,-0.983073672126212,1.8650088602354076,1.7175901131341464
-0.41217953805830904,-1.3994196095472478,-1.323684556499084,-1.5482647601696726,-1.7492956655548257,0.6901820960309737,-1.44368203751987,-1.4945108785169416,-1.8200801864256106,-1.4773036531472241,-0.9360053732446232
0.6285299018614238,-3.0002931651631015,0.0533297802556623,-0.770285496134955,1.058087913339028,0.3915933855164253,-0.07017825137807004,1.0964311119921237,-1.0937151094863433,-0.4347523601898221,-0.48664791593002577
-0.40636624466841076,0.17878764793577281,0.09776430053981428,-0.6911426859351744,-0.3639510256981421,-0.6919307400451976,-0.9936381065805965,-1.005579833965968,-0.5975210143059912,-1.334038967624773,-1.7949789197649568
1.6900075943782433,-0.47509010203249397,-1.0693930950171022,0.6435481447565714,-0.8207082117491313,0.17291202580506804,-0.6466968886502786,-0.836566070119815,-2.0134893635334516,-1.6165786741492143,-0.9496798957452299
1.742047919599795,-1.158508875351113,0.2338122977182625,0.11063513643445336,0.044659587613498974,0.3261328946761859,1.1180993109031232,1.248200922288035,-0.8342705382554525,0.2966050451406096,0.02347037114525541
-1.1451264161147996,-0.5696820223976308,0.3332685199049547,0.2368739724909421,0.45450946727464203,0.3219429395054811,0.028307716260090876,1.1073881776887804,1.7065695871213586,0.9196372964760398,0.5428676803307775
-1.2349347386690837,0.6210837872080955,-1.7028859391795776,-1.4526061477371868,1.0356611699032254,1.3782609584003507,-1.5098852996096312,0.5730345333445998,-0.4241208229053219,-0.6990641754486124,-1.2833203681677858
-2.127563512950051,1.7715668223701826,-0.37671829007458923,0.6535385894910039,-0.04224785102501982,-0.7218901594927762,-1.0855658588592831,-2.059605133880215,0.5415744876513884,-0.7667282233525066,-1.6806918011953278
0.1414701237293783,0.15377155288443403,-0.6259008388350848,-0.5462667129449088,-1.2413763050471645,-0.1861544335348423,-2.0084193107043147,-1.7965109950456588,0.7644020799720713,-0.9625369809256301,-1.8485106918326832
-1.3949290998016786,0.3986837078768675,-0.19086540194769033,0.7362680698480737,-3.3434007208761507,0.8883421363259343,-1.4174662601073915,-1.8739180375122544,-0.03079859942903268,-0.8232434676511957,-1.6240731770862964
-0.41270269596981984,-0.2505875898482733,-1.0518732072870598,-2.272940005709938,0.09862444348757715,0.8152021790259081,0.5969639188864,1.2763055847696894,-1.4574521696801805,-3.298521796193124,-3.038034571363709
0.38815686958405066,-1.3003266803300353,0.9720508958304471,0.3567975611302986,1.2368369603769083,2.1534205950842824,-3.4440161210478273,2.1731291434136795,1.0207047602605768,2.6749805696493087,1.8699499742193093
2.2462612036648983,-0.4570276478578623,1.0868939516379763,-2.316481248195786,1.5411335162988065,1.9043530545656169,-0.3026045915555089,1.8655013326563665,0.4819986535380841,1.4642770658763968,0.5497339186019345
-0.579518915072523,0.028576830724255313,-1.3606191772963456,0.8228209899352447,0.15729723953701458,-0.6874789744314763,1.191204032420604,0.7968398936622878,0.834363055504453,1.9509399130115672,1.0820209927418687
0.4853050155258595,0.2750669189941834,0.058489653088259354,1.8977706809376946,0.49295210673599527,0.6926188659844361,0.5879816269919679,1.036615184657162,0.4802291689053543,0.502577620588444,-0.41193794121591787
-0.07942626735148615,-0.8279876487132134,0.5027327542511222,1.0835159203313023,1.8505554000538167,1.0338184830812747,0.23501623229337731,0.7588552882381124,0.5506317012914417,1.619420158899632,0.7058011684706752
0.05113828696710966,-1.6554004401677718,-1.90353618776797,1.7228943610460579,-1.8707945864606284,0.4734957713886896,1.3826684663212916,0.09264287061791743,-0.4813427926513092,0.3063917440828957,-0.23876321005020962
0.24717044267376426,0.8361333427861054,-1.4821182741422734,1.0329811517738632,-0.8725980181552365,-1.0760784404422719,-1.3814550060579731,-2.102554109969953,-0.6767570611985618,-2.602380913008491,-3.0026018341293854
3.2215043833213577,0.8058915444685129,0.2913136697411509,-1.6619439415854547,0.19928820489386595,1.1012395389147387,0.34022669574883047,0.9230619725032049,2.5775744758432264,0.1493833548629312,0.5080165022981161
0.2802540362080083,0.2612435683925196,0.5180210386916415,-0.8478071430807012,0.8978070352269271,1.5287962791462912,-1.1982757858464645,1.1437730391650953,0.17963259119265912,-0.18775272679402477,-1.0603931106272237
0.8499802163701559,-0.16912296176324276,0.988825568566017,-0.7007081495080429,0.024920286698783656,-1.2858505273650183,1.1364356950259555,0.37797916543321985,2.6664006938094316,1.3277768501625653,1.7560542131431651
1.7222727366847816,-0.959245948868512,-0.9350679703564593,0.6533232226493981,-2.2793882401168544,1.0520676717953519,-0.8212623108767257,0.0023707864016901947,-1.7992268747642575,0.012701720219111312,0.539288098958493
0.10350284852715261,0.42804442163217155,-0.9286133670634809,-0.7520671886220975,-2.3864121153245015,1.5873682580947561,0.013173312401676518,1.3590186144338412,0.511336613920025,-3.5531231179984726,-4.46774696699179
0.1403974415567041,-0.6586252220543235,-0.8999609787285161,-0.20721555376381973,-1.3359826038585827,-0.9810442521207097,-1.2142985708116716,-1.6035704304802916,-1.4193911905370211,-0.8931161289468994,-0.6644955720070576
-0.07036188651296953,-0.4099931828637721,-1.288933913083404,-1.1350890685133315,-0.5451732292414899,0.0353402091962034,-0.5191178488555125,0.24744433565081747,-1.6711718956721402,-2.4311435196734026,-1.9992072172645377
-2.257712500177696,1.5791348944519568,0.9982096492771024,0.21543759898008563,0.7989657429727086,2.232447606753621,-0.13894843832441717,4.237902716223311,0.9123593042391002,1.0910688939635094,0.2456827797377762
-1.0433673125161878,0.8676166872969243,-1.0143697580222264,0.09549082988333768,-0.05214738966758481,-0.3418215571733701,2.0398601609348046,-1.0432203716706825,0.24366771925902236,0.9432707808226553,0.05558024780161841
-0.9863507295921585,-1.143569847147279,1.4463111401422217,-2.5122384004565825,2.463025823217909,-0.31927904922440303,-0.695210073186225,-0.11229857240270014,0.5314636694910932,-0.1625530297979617,-1.076821349586854
-1.008269591401366,-1.1311795487130607,0.8062107820268415,-1.5683523442688325,1.8908362201706748,0.1959026300994219,1.0961547473380162,1.3661803430104502,0.5217780271559128,2.3238332168613773,1.4093520746360602
0.41500425845993566,-1.097297258149159,1.0686951823533466,-1.4070301302057837,0.5443527926222579,-1.4779593446697687,-2.054959531569549,-0.07201379773696148,-0.6713228702965838,-1.7892625493189667,-2.1937241048685667
1.0513941417986,-1.0465924366823052,0.16787890756759657,3.2798981870657067,-0.0069732249026204784,1.281136402996153,1.2964347815475539,1.2430845921214266,-0.19349960608237537,1.3744199676519697,0.6511736717086768
0.3781321063016629,-1.425630076172837,-0.19392545715990434,-1.2885585354952287,0.8403647396840705,1.256578916292373,-0.6865209092255908,0.14222338454591316,0.18023571505314728,-0.8630842623622064,-1.7358815552356668
-1.093277307367216,0.6067848923014779,0.18709946403237307,-1.2494066139473052,0.6592570425062275,0.5438768703555011,-0.4520880751814227,0.41697577897813953,0.47871047754153095,1.035217792868867,0.12072796756890336
-1.6565219102820212,0.23677389538722532,1.9602197485801578,-0.07808523178196894,-0.4847367418890788,-2.5381684260206425,-0.8115163730138822,-1.1802498961199328,1.5053985527653,0.22924162868081926,-0.2989877120807283
-1.195139738572285,-2.899422926138765,-1.6087455034639424,-1.2833253587411935,-1.5485951934223272,-0.43274216007675576,1.2770510397990034,-1.2927895579671214,0.40090106427860706,0.14306690718230186,-0.7675595480029975
0.6209009237345431,0.9211385467115837,-0.17061823531604228,0.1650533908932953,-0.5597831473435008,0.545435227908443,-0.14672856787588573,-1.5235423685762246,-1.0800163377283076,-1.527463820514488,-1.5912389246384873
0.661279514839807,0.6010395056620302,-1.7237650545754084,1.8018477360264649,-0.9371339829100531,-1.3008001710716832,-0.2971216990081419,-0.1739498885613513,-1.4577629416593707,-0.5963400656249009,-0.33559399118936134
1.6835654774699058,2.3914683522944067,-0.3425290485368513,-0.37669153705713454,-2.0654725588345384,0.15749488859397962,0.826830949621393,-0.8925953796425437,0.47901988811534896,0.3692880692023257,-0.5452071539298937
0.34257189841398,-0.34445375596700545,-1.2330849968983129,0.850779011160203,-0.3636658979892474,0.9805492237035559,0.47384654418684924,-1.2602149713977797,-1.9762836136548876,-1.9398452927101384,-1.2954848109066086
-1.0910102635636134,0.7277736090820203,0.18438640317698352,-1.2415479835202143,-0.9782699294645509,-2.1105188504999965,-2.963078319956878,-1.5344356098392975,-0.04019003850444747,-1.3601248513927355,-2.1569798646495406
-1.826493084200921,-0.20068983910234184,0.12739761657733606,-0.09745864606316848,1.1375440101351837,1.396725908382705,-0.7118749757704533,2.5064408126328193,0.925848759882136,2.1292081685917643,1.288366623577029
0.5238360541194014,0.3482926106799727,0.6310173968383489,2.862971706070436,0.43307758796163115,0.6815202094573389,1.4430278969687922,0.5559588173030812,2.351055532026563,1.6313440945410176,1.802028385675956
-1.158745811175775,0.540929130126311,-0.9384338388876767,-1.9246039568774838,-0.7637138283120757,-0.30161158026700774,1.078323298325114,0.4228008685141413,-2.3522261446155124,-3.253453037752326,-2.4227988398610805
0.5987525222585685,-1.518291324316146,1.3563015130428975,-0.9463531264000178,2.2686203727111405,-1.576541947566779,1.473837571418676,0.25535751108128873,0.10641043239686904,0.7810947872029508,-0.07038367201009821
-1.190012469106012,0.5375455762307706,-0.3145995696506984,-1.1999572001735355,-0.17804517436018413,0.9289251462497332,-0.3169695463133887,0.6141445205166575,0.9670672245742153,0.9381341707302013,0.11203134303364137
-0.6618213256382156,-0.6463126686787606,0.5143895685855561,-1.1020771535133291,1.329407440408707,1.9524423872142105,1.1709155170954229,2.1163492303935776,-0.42359382166658577,1.272307805706242,0.6876993478151255
1.1262813764159347,1.735510376310214,1.6513616920494902,0.7092467902028942,0.3166494044927196,1.5374952844928993,2.463989888932855,1.5864369351385819,0.590631207340607,1.266504873370917,0.35521620326722386
1.4612431006485074,1.6368688140514198,-0.260467054620804,0.001197061958144563,-0.49633990365498437,0.09634310718658878,0.208498930311247,0.7318428640023273,0.43482912921552747,-0.6643776882788793,-1.5773021019483093
1.064654637033008,0.36415498468137375,1.1707165585710295,1.4260768021153412,0.41438037728892374,0.08641091366654513,0.4012166969508604,-1.614548425118986,1.0928727462075405,2.8867724615663017,2.11338073243145
-0.11193228631844607,-0.23050818341059717,-0.3881998504250165,-0.6101501787606477,-1.918093907960953,2.3683933790073546,-1.0362427561046297,0.11150376558950936,-0.025245433402097284,-0.9454914904195206,-1.7486414709840328
-0.6553094201732603,0.8675626730106891,1.4963969343666956,-2.0967059085949575,-0.5838311009461412,-1.289285679539006,-0.2364106572745306,-0.31665895444983844,1.5200146314547716,1.0646534110059753,0.5468432265915577
-0.08170482106663324,1.0849731274732426,-1.0204026587260646,0.8310331594984358,0.1463748906256599,-0.6725097898249771,0.41145175968006975,0.2624889585893728,-1.1335350305437393,-2.4033584759802356,-2.4206796352927107
0.6665650093132939,-0.8260389455694209,-2.3635227944472224,0.19681465570057866,2.433186192336952,-0.5925561144535876,-1.0698570065079909,-0.6195373750672606,-0.43865641292690705,0.12116778215014279,-0.4533149240967114
0.3143478612519965,-0.8184984662463796,-0.045489816943219574,-0.22357798953875885,-0.851534155782098,-0.7119435084800501,-1.1881710939218415,-0.8150946423402451,0.9292653350908406,-1.4563126350622126,-2.2959811972544832
-0.2685528800614151,0.7061166703721469,0.49323947313284816,-0.3038962482942792,2.056578885601354,2.0297223257692134,0.6801071639177179,2.8882460981820133,1.1635116600301547,2.1713141050059246,1.4324111590964852
-3.106656549155702,1.3053537947224039,0.8485887846568221,-1.0629195570380874,1.939804264276697,-1.320439360244166,-0.3910788323139026,-0.9391267309244491,2.5196804591872874,0.8642949259196262,1.1761306640901938
-1.3749000404582372,-0.7071441504814188,1.674500875521333,-0.7478086852775021,-0.3467746315038387,1.0781817334179418,-0.4618116040980689,-1.2622170216848734,-0.3440368051760322,-0.9326162892667131,-1.568672735794824
-1.1402297732085183,-1.923584467067558,-0.4896803491614988,-0.48957059816853343,1.7502588327842143,0.07715947059648559,-1.0877054962192065,0.858473031626986,-1.2944464329402607,-1.4775717569015228,-1.3554369871978842
0.6316433359163262,0.40501302699864256,2.1774319476727366,0.760233222184184,1.0571008386211163,0.4410623734786958,1.2101554649663473,-0.665726165873344,0.644381161279414,0.7625794368498302,-0.14350682785744617
0.06691262518114183,-1.2733825032144552,0.5435174923317801,0.8759044094939695,2.6335375740482068,-1.0046704672486695,1.7386984373565846,1.1887811024888617,0.09872854036566475,1.7752602506756152,0.9262425880434051
-1.3896888227749833,0.12211267333273253,-0.5541657397077993,-1.0001391488641067,-1.2062404991885805,-1.2962541513115267,1.5223733111541944,-1.1886012845772855,0.3504263113710075,0.2694906006076023,-0.635967704346138
1.7046580516333536,-0.6615377393456213,0.6269388176307378,-0.10957398088222538,0.39346581949492665,1.3454270515162898,0.4138352147269708,2.2515925733131916,1.6431090496700684,2.4213410629556447,1.9950383157856595
0.04030947572125384,0.41029913822385466,-0.09324611756378941,-0.47279817481620634,-0.9342618460281689,-0.09304245299313119,-1.0345411242677591,-0.9637384995533835,0.4398407782364836,-1.1111414042868184,-2.024324915899859
-1.0592717767820183,0.1694242982947116,-0.35238590544242604,-1.2823351970392292,0.7426742929850325,0.4041686980571362,0.22462074903769902,0.10122306775947665,-0.4686421782474919,0.7165956020692077,0.16261878620107084
0.7923903827025592,-0.4279743846480348,0.19905251715319572,1.3926957066827899,0.05052170883184065,1.771094357492297,-0.8237969948055676,1.2302595191981869,0.5555098500538977,0.38975417759420494,-0.5236511932818786
0.20693289037956208,-1.1652126882052354,-0.28493954620358825,-0.8137605393886228,-0.16740288762896938,-1.2267475184059462,-1.0054339479934513,-3.7399342342172845,-0.424427230173934,-0.30870679996178474,-0.8927581125314155
0.3043254462926624,-0.8981103332318865,-0.3191560101870645,-0.272655050209482,-2.5786869522962177,0.8625628995910819,-0.8259308541796442,0.9273774818374612,0.5875044525632154,-0.4871524523340911,-1.3986707431711747
1.0652420020019926,-0.3169153678840386,-0.5529084070076625,0.9040575965355259,0.6707382199242022,1.661053847108009,-2.153973204989024,1.636112287434588,-0.5792736728098268,-0.34370128787674703,-0.81826667713906
-0.19182174862577064,0.5853893325001751,-0.8475246423717446,-0.5792495380104825,1.0173210222206182,-0.29196798599574536,-1.882624325952477,0.14478615046024557,-1.8385350410432706,-0.6058564117767766,-0.05171533425692044
1.2784033931747398,-0.023174545018933138,-0.2710152784795844,0.49612007546889525,-0.693297342514448,-1.743154017801352,-0.6750210723446987,-1.3822350924122837,-1.4138558159484063,-1.992063727073054,-1.7681035658692337
0.3669982624005407,-2.4753631335138997,0.272281844336719,2.414793775503439,-0.7288709442904229,0.10142882963424771,-0.9675347578160752,-0.7604915842267477,-1.7233660623963027,-0.701276699557261,-0.22990938894311472
-0.9446125396140148,-0.5708636273788411,1.309471531459896,-0.5568554930474654,1.4007956257051044,0.30666975628363347,0.6647632027216317,1.8600872693575443,0.6391132194668533,0.3993301523089925,-0.5073706614747755
-1.32198284810397,-1.4367541331255822,-1.2641561875104392,1.004340102545013,-0.7716413415771584,0.569016428244186,-1.3876433296716508,1.1890013004777429,-0.41742165298006917,-1.504141930333416,-2.09286513991373
-0.25281767299118263,-1.3101684029371914,0.8147223341968856,-0.535200407286669,1.8923796470019285,-0.7614763738443928,0.6271025293916432,-2.197364010213949,0.004073337563777479,0.3485779806402188,-0.46645017861806726
2.4056249977795225,1.0580532125994335,-0.4088058297279719,-0.6351810355987406,1.7767368066698543,-0.00115713948636742,1.3102724775054673,0.6030952581985852,-0.2549213260643545,-0.0878808840795331,-0.7772411362527689
0.863967281898658,-1.3230224891887548,0.1733200958767963,1.5951737592407365,-0.5011737844339826,-0.532596033864259,1.0542821212939824,0.3049448178324441,-1.1834301634146183,1.1386620185952692,1.1646923379100806
-1.6042455966942548,-0.7242915774152012,-1.470412281046858,-0.02943483130255961,-0.12410887639300489,0.251035323818587,-2.1338284778336893,0.9004693176632428,-0.9288902563681692,-0.8884541550102398,-1.082123905300991
1.0528334688186136,-1.185172236818566,-0.6887024275005329,0.1878911774604871,-1.2041127459667913,-0.5359936647589856,-1.1940884470671196,-2.0111873720200046,-0.905705986519111,-2.283750296511747,-2.4970605254374743
0.592640218181464,-1.807314441616315,2.0011013667476796,1.824540602155301,1.459610097685753,1.9893618230590637,1.3218846830151028,1.727777698276845,-0.962084525171116,2.5044948000523215,2.3391066149133697
0.9806033980241173,1.7789950754310966,-0.47824943551091703,1.3525842977662679,-1.3211135556122926,-0.9054944200388136,-1.7919379562446185,-1.5605468644985265,-0.028050435804919727,-1.1286949583340746,-1.9306757186251753
0.8967090183921538,-3.217262689693011,0.4650933481534423,2.5524108256653557,2.0916738686548193,-0.18590632343418861,-0.01905702327823644,2.268262223592996,-0.19431906735015933,1.1298444605684117,0.4070343014179765
1.5480328560257812,1.3909223673243727,1.0743127707843783,1.1661330832306913,0.6382201266834935,0.33660822431567716,3.0754318130183056,0.3176314855861666,2.0511696379856885,1.5016935022182474,1.4129403378431769
0.02751479966971217,-1.3205312965083245,0.46147261197007866,0.5266756068936251,0.12195286422385376,0.5712326603608517,3.0545394990057853,1.3078453207950989,1.0883412981536096,1.5408840523325074,0.7653971511254549
0.21921560791224315,-0.9500319285875909,-0.10176607016820281,-0.5424833568327256,0.9086676065538606,1.2966021358831281,-1.494302713592309,0.33492595663990377,-0.7798498295335131,-0.2765855836930374,-0.594466132966923
-1.1714574721361848,0.030532222888178178,1.3122699620258533,-0.7745465791742228,2.0701404784731374,0.8196561842221786,1.7178038038157109,1.219700368729622,0.7447575709476503,1.8709498228521908,0.9808879158881231
1.2782032180959417,-0.6983219915289507,-0.6786303735911072,-1.4181369060548001,-0.25830678617437985,1.1661431244659206,-1.391754602362731,-1.1402229181266685,0.12090862572189343,-1.0715897522339706,-1.9275888632521372
-0.37257861575976375,0.5961005074856701,1.3556750050827422,-0.4908749904646066,1.3417745504232657,0.15326562214010564,0.18818740516724547,-1.9525010421467262,1.3908159965976967,2.8629604889132345,2.2567337424177993
-1.747710011793825,0.14795275746685904,-2.388881121096968,2.1091157934862226,1.1748057190146373,1.0793446180773723,-0.18988624506105395,-0.7795368537198913,-0.5183751919316744,0.19843708599625343,-0.32054679056665814
-0.49407226881464333,0.6750019736045835,1.4411199848143292,-1.0566818653630092,-1.0246009337751572,-0.911565242590151,-1.9321618951414865,-0.5729068308405387,-0.41251416909371774,-1.8903812563495954,-2.4823616620917495
-0.13790118936683926,1.05325693557621,0.6996775746511394,-1.029353374189419,1.4218507551331985,1.1141688970737798,-1.281087916489209,0.4713226764703424,0.5368146106475004,-0.7910582874681814,-1.7051758351284798
1.8273192602741497,0.9397462694624041,-0.9941000662120468,-0.677248258291476,0.3441349542889742,-0.13382740883369748,-0.3203489000611386,-1.5568225241662244,-0.42424736938587304,-1.9877240214025826,-2.5718956044334793
-1.1394189949812648,-0.4240422821530763,-0.7981760249377889,-0.1625476381441544,-0.6121248024846208,-1.530683487149309,-0.39429080291013285,-1.5804182982763542,-2.2574124148905557,-1.0925660050763994,-0.29972560601326725
-1.9335484015466076,-0.26234559292147724,0.37854398412180074,-0.24452284090942678,0.4657818062762562,-0.23483097211647785,0.15928360666936797,-0.2396220805585878,1.43866846773689,2.7318110632035877,2.157336508128582
0.6534702772290274,0.6487803462535303,-0.8893430683092723,1.9592688409666228,-1.712362476327261,-0.8044898829378697,-1.5900312164018386,0.3009450338050663,-1.0293127663962311,-0.3076562088914758,-0.4152916390756909
0.04655200969137808,0.9401369763547718,0.953091203405483,0.18277206500821302,-0.16441222441790337,1.3804252376795978,-1.8512382473279454,1.7152381180482021,1.6415539978835527,0.6650203857627619,0.2375225868514022
