X1,X2,X3,X4,X5,X6,X7,t,y,y_delta
0.22291250087520262,-0.8520928442420589,0.11198914964311843,0.29214808975514384,-0.044367825728588356,-0.2292134690959926,0.4994006216627448,0.3369206248915033,0.11092840206747695,-0.7885927818289198
-0.3247587378775926,0.37312964520231495,0.1439470554835487,-0.9966022183316403,0.60788949041419,2.4634706512305353,0.7393013093825409,0.8824542911005318,2.3636350329751203,0.5617518469428299
0.8341467202154454,-0.9976931876371634,1.761803701536213,0.49843038837540865,-0.2327716439308683,-0.5270411369719583,-0.49175568424324034,-0.11547950015493175,-0.4047492776043507,-1.60061420600242
-0.3677510081840658,-1.4622784726903115,-2.164187033080683,-1.4736247201239236,0.49010118813270676,0.016838547286916583,-0.5592667482391516,-0.8094138620999576,-0.1350533496166485,-0.3507368222457605
0.4647453578820147,-0.5351530826809476,-0.6245271136305456,0.5024875705039101,-1.2142701714420898,-0.047844443749969434,-0.5783207439533429,-0.18252632077675568,-0.8943056494864974,-1.638621660328202
-1.1778054298790155,-0.1391865508095849,-0.4645089406424604,-1.1682963999859497,-0.9377640728085622,-0.7592187330660269,-1.7710578672337967,0.19208861420258705,-1.596556086209249,-2.478048408447097
-0.7209863523719702,-0.36923870150677573,1.700894653326543,-0.71884870055214,-0.07804779870942369,1.3293885586611114,0.05255353056067402,0.6854078314034229,0.4461141077221429,0.2753968322991831
1.128019681991249,-1.327331132000916,-0.41358261061018586,0.38818003617002916,-0.7943892306370863,-1.318903291276431,-1.7599345463498892,-0.5944690946786029,-0.7967432730178294,-1.2289887821501242
-0.12558337986912574,-0.02270141752252389,0.58459547832622,-0.5012332712692278,0.3659409277438632,1.7054557974542925,0.39715102137630687,0.7985397830094787,0.5939515978927612,-0.15393554926278072
0.8697301347795574,0.9690247987721315,-1.2447292231183507,1.400099907775883,-0.43933722046195356,-0.05010481680788015,-1.3244756873702115,-0.45133502611638476,-0.22933644594108527,-0.8706635471071776
1.192033865462059,0.180587472780952,0.12270608417683192,0.2875356633600151,0.01567475185995515,0.6804278004765071,2.7553649899597055,0.33788665290507475,1.2551849157256032,0.23734324815582658
0.38386951483783976,0.6219364347461845,1.2646054574661465,0.3413581017225481,1.6749305334902762,1.7280825097961958,0.9985384426145917,1.4155464374166598,1.8669866388884016,1.2837830435720534
0.24996844706173774,0.7283679040192299,1.9750824897456798,0.08841730183007818,-0.6898584493130437,0.1879055728887139,0.2935869570270345,1.2627967864073821,0.21650045702908338,-0.4566046733128319
0.5974324581390534,-0.16556124244379913,-0.32532855635586777,-0.24798329028780985,-1.2565001344852735,-1.2761794385182548,-0.6673986251396211,-0.7566565311132534,-2.4134381329785533,-2.7610120178626545
-1.0163144506040407,0.298580984040689,2.8744694454651425,-1.302501966124256,-0.33543077086495965,0.4980680249268694,0.057826313454632516,1.3025643357960746,0.1496107944846119,-0.20942846271179338
-1.2971850897250383,0.9044859234167429,1.1293723083894847,-1.8545173218224575,0.0984856468640376,0.25210576329922474,0.0013257443013481585,0.6025593067312708,-0.5560189639642787,-1.6880676632941851
0.7972097521611875,-0.19793762531651782,0.5893038893572132,1.4347143478678752,0.5027021551657087,0.5328923524928739,0.339235673631024,0.12708000857710391,1.9115385940815113,0.9814530751993358
1.1966974773770584,-1.5119761463482593,-0.5422376593959732,0.9663366145878125,-2.0754308670247106,-0.9791188506712399,-1.1649276558059891,-1.3618642666123422,0.600337038357433,0.6088776541496358
-0.6971519293669429,-0.5824913591632058,-0.9129761391187486,-1.9094120424486194,-0.39690390513337714,-0.7548516123229965,-2.0469688329375897,-1.0814112364600266,-2.7061339502503747,-2.769276989742676
0.13625752261659305,-1.051693385608769,1.0213285387290876,0.795068367634925,1.1592072394827662,0.6558141123557706,0.8074447240068631,0.5599526886015506,2.63701916340935,1.653434684783211
0.8633268932265293,-0.49055100972908383,-0.941574582935715,1.2057189342699426,0.6854195124480537,0.086177505589662,-0.21575801734161046,-0.7537923274960419,0.5328111172564554,0.26225575310002075
-0.887621748021618,1.0717807579174417,0.07053018041194355,-1.241161373269312,-0.04557354845670736,0.5476754950546632,1.3460897603301216,1.0131779866806074,0.255882807700668,-0.10623530412928373
-1.3857608664044718,-0.6921245876679226,-0.1890562717126652,-0.6163496236236944,-1.1132846715256446,-1.62941373184345,-1.205728502002235,-1.5466806545880112,-2.2861576324687904,-1.9537307138515552
-0.23000456542053546,0.21406987735349692,-0.9568739130899259,-0.5220001914071472,-0.688849919680907,-0.3634232480981816,-1.5169017919079046,-0.2543645682017871,-2.358763841508988,-3.1125809322012588
0.9023323322037247,-0.8198358073966255,0.9838971743176335,1.9893846779630364,1.2359653688768169,-1.0018200607033179,-0.2708777951789829,-0.39560114259008866,3.4751458759180633,2.6469603830285573
0.5450942528329644,0.16167252746478883,-0.0950553588476395,0.4428667866469289,0.10160098240546203,1.6138821552112055,1.8323218550073668,0.11697896577493207,1.1818796996109122,0.1786417080385126
1.1931674749997538,-0.2557906495906757,-0.2716948432408616,1.5485787635615011,-0.5205512753542871,-1.8840362235723054,-0.5334186130593479,-1.6180830369922128,-0.9785702347295032,-0.5272327833507167
1.7560510439110013,-0.4441479021941223,-0.7931687470179074,0.23795878475515753,-0.882664066916861,3.0688246179417624,1.6695681779971707,1.1949049740651052,0.5805631910071447,0.17280295879731156
-0.058598013200274676,0.35148603660981637,-0.9650978525645308,-0.32335681779627856,-1.7494232157759022,-2.0658713155593866,0.33804646064788657,-0.5121344884153176,-0.9869108427400347,-1.4867034055985668
0.9072411242779588,1.3246359760441777,-1.360952202062405,1.5890917085399192,-0.07382830365710802,1.027728039346318,0.8634615746188622,0.09616149352007315,0.8290572758822068,0.017237256688357436
-0.6152347548343474,0.4021088699746793,0.9647883442166029,-1.4257658717591422,0.3457276867789235,1.8141325122529663,1.398951973339779,1.5355284610471949,0.4054764556923733,-0.006317611576241902
0.8042907760162101,0.8376874374708247,0.5774842433006925,0.8715408531146244,0.38369274584513485,1.2844686833944885,0.04643897337950653,0.3916146163810099,2.4699450553618014,1.2242281686503653
0.32205148054241217,0.20173812687718715,1.5275582435362325,-0.4828838834889079,0.4371136019796132,1.0841454597066833,-0.32123194213665385,0.3753965714921964,0.19458500668214695,-0.6314040451907739
-3.0610704910034845,0.3429633450003766,0.9833563198082035,0.5565577171904398,-0.24885236273603228,2.283394402032064,1.570388245272625,1.7528356766356146,1.2395895641132912,0.8711683636926915
-0.025222573712542426,0.1805128140951161,0.09227840723070505,0.1444206401813782,-0.05420411850268689,-0.4668185391611326,0.9465025228812379,0.21043569309799637,0.05788551691554297,-0.9199955475550687
0.19158542763221256,-0.3740824923638125,0.3528113703677036,-0.3805749461239335,-0.2842239271428767,-0.7093454841828292,-1.94431846834816,-0.7356881272795788,-1.8773168026700722,-2.264495691021577
-0.9295394967889856,-1.164739840973271,0.7861011629361251,-1.9315841515061196,0.03114087822907652,-1.3044087310402608,-1.3221872071870193,-0.76459652999807,-0.8127696682500274,-1.1206667064829596
-0.6772865518948015,2.0617608000640315,-0.12585092696602032,-0.6225938438895564,-0.6949969463720911,-0.5931353850130598,-1.2267056075584686,-0.018871298573146844,-2.0537767112037324,-2.9383317109018665
-1.9559517591720648,-0.15041843757033665,-2.313614811949778,0.8585781288751773,0.4334283351479902,0.3664116857858445,-0.5101367353410371,-2.5621613137312185,1.3310678374860787,2.6831874991049816
0.24676860165121536,0.7070507346925486,-0.6307961296051341,0.7855865515669352,-0.4419778953619064,-0.8480156519863351,-0.22129718776272767,0.16248484059806068,-0.5417638587546976,-2.098604085155392
0.18413455391560873,0.09085121098074961,-1.8480948760001061,0.742104529628157,-0.14570563374117335,-0.7952205031274182,-1.3308368105759296,-1.4051369465889358,-0.60755970352906,-0.4014694292547578
-0.5874182288939302,1.5216376055993366,0.6451030582498334,-0.2486591156366743,1.5035829847852509,2.3332979751194944,1.0405850028386632,1.565127509563105,2.0228365890461295,1.5162905036038514
-0.8040164458688721,0.4866253719955799,0.19241854147500348,-1.0956727374270268,0.8254789080580717,0.9264911143684131,1.1053149415700125,1.0723468332037402,1.0551192595108185,0.272356997413723
0.32093288339082215,-1.263191175654126,0.2825158503860796,0.3493596039586103,0.7104144928985807,-0.41700119310487066,-0.6087407440557031,-0.6115387531724993,0.16257979466485473,-0.120489215353772
0.2510431860309668,-1.44388592741962,0.5938409513154692,1.263708504734366,0.3758851480570363,-2.416779790792252,-1.0274729204484538,-0.7809880452220348,-0.730857078119475,-0.6653984628026919
-1.2492276357840573,0.6514860100523945,-0.298358142330388,-0.15696800202917205,-0.6865751783991184,-0.1497957215105875,-0.16044303502711188,0.15797165222866344,-2.322333668911755,-3.6226713749293715
-0.22258237162964567,-0.08480513451817522,1.6555541893375292,-1.0571628444758372,-0.0027550115148586157,1.2183047319793885,1.3862750749786614,1.0728699470927932,0.16091400370527204,-0.6301390093071465
1.1095750407624945,-0.3842670551048369,0.48044504330201515,1.8181358256326696,0.7594993029305834,0.1631967369812365,0.4733252089796248,0.06889035811940247,1.7176191087817152,0.8995970853610423
-1.5053704187094887,0.16435898735779472,1.3907858842965402,0.1372119781009326,-0.24090375648380147,0.23286666469967476,0.08531583855261204,-0.42124261177615396,-0.3779980105053052,-0.8916470483840957
2.136879578635831,-0.27116738555926045,-0.16226991926860893,-0.8313949849011755,-0.37820559797652814,-2.599751327945436,-2.2426015207557417,-0.9142556538100205,-1.8673628855412132,-2.074308595355763
-0.0033561204002170698,0.8728916068758895,-0.7638418793463378,-0.04791512900689808,0.2218263274393958,1.199101705961854,0.35233066278411596,0.2953418307715836,0.4728029235310573,-0.41361203386445766
0.23020193415170448,-2.2094750463301267,-0.8138690359811706,0.39204490361064537,-1.5844355879574872,-0.774451734145341,-2.792580971839431,-1.0806385393291986,-1.2708246679293327,-1.3325495419469926
0.6883180780061329,0.05951697665533071,-1.7424822399318778,1.2819649237360622,0.2398287482724306,-0.6071270310158251,-0.8775229478111988,-1.6745449745913332,-0.22491992251367954,-0.05150438509964406
-0.30231298619161856,1.7205105528241464,-1.4992653022784355,-0.9700178164733579,-0.31937872903010756,-1.813817868222654,-2.0847410077994373,-0.4305245147697251,-0.5958986165770097,-1.1286521618466463
-1.2886362020915978,0.5898977899695519,0.12238793000081141,-1.8428947155718731,0.34882957574182905,0.8010973465358653,0.04109956645892682,0.8504770549269244,-0.05325823716588318,-1.0791473974911927
-0.9379255840572919,-0.87399035862168,-2.295692998412726,-0.7786003434472759,0.6858082841773849,-2.298811700707592,0.27509742262733705,-1.6614091262919337,-1.2526200289859692,-0.6524316486043538
-0.30431101435839997,1.0944323409049261,-2.060448328330541,-0.33314789331452377,1.133175811481695,0.5502716697112774,0.864276841823934,-0.1291475248763082,0.9398929316306526,0.04220729419712663
1.5911992916075204,0.1842182607833737,-1.7456542267366537,1.008726268179987,-0.33951402410150455,-1.2989504449381597,-0.31843499119036567,-1.453045263395148,0.3540892966791578,0.4215753700335041
2.3391348048394174,-0.213265907585008,2.2688919764466426,-1.3023778511717206,-0.2429226482916279,-0.46217325259519765,0.27537485139349993,0.5881088173727294,-0.30118696767074987,-1.0951996830854924
0.917342244614557,1.100012841185446,-0.7583412443842655,0.34635888095788947,-2.198900115395051,-0.13209959798648097,0.7331050534821054,0.613269641824115,0.16531801246502698,-0.614969300253111
0.8527253189580672,0.19604887114464875,1.0390042686375969,0.29433492127820815,1.2602558756016646,1.50832634927423,0.765410856519572,0.6950362924150587,1.5646393659763589,0.7072196890886849
0.5389053899230115,0.5814418288104424,-0.2993908461101067,0.6942313637669808,-0.7366538414653943,-0.36245858255004454,0.45211890775198016,0.8337065158543171,-0.25543321653339046,-1.2555133805673662
-2.042434952899897,0.4836783001392199,-0.4276276950062033,1.1712380465061374,-0.49654841049789145,0.9926070310606298,1.2744723800515936,0.378774073066635,0.7268334688140181,-0.18583168795625993
0.8137166815630285,0.34572020404438847,-0.2948088045195416,0.7662648315704073,0.6901711419360375,1.336257041884474,0.3210923184779437,0.15912801111674624,0.6406539949572775,0.006828905715569267
-1.242890851828481,0.5062891994900705,-0.49098337271275944,0.6418940093157323,-1.0823254761827217,2.140823630597351,0.34333543635230673,0.8897442606327708,0.2805179004396283,-0.5085417916768197
-0.2817184225667014,0.8084785563772182,-1.3569868841827328,-0.41768091998519985,-0.7525887321095092,-0.09420996729034292,-0.2594582809971909,0.3822031119171539,-0.07887609970860221,-0.7981138052490412
-0.9491597698106018,-1.1551767811736011,-1.3140914781494397,0.8322793057824429,-1.7016848153797173,-2.609433280454595,-1.7758026012720605,-2.5499986589600527,-1.357660066812314,-0.16196259042253866
-0.49413445250281696,-0.13722951645934636,1.6132101281589768,-0.6715045157004284,0.2734021757244875,-0.15500465171462152,1.093499783891192,0.3145009422815056,0.11993556254214927,-0.8374418723671799
-0.6410137743486876,-1.2546346407194686,0.5214255848090534,-1.6458526948688872,1.295100233309129,-0.7111739930660314,-1.2182429700498014,-0.41480705934905887,-0.15933811674216297,-0.6570085591430865
0.7300012526634626,-0.6536014139688672,0.8447544131879159,0.7678545930784619,2.516850563112886,-0.7111521440791126,-0.7616341724950204,-0.019072511744120627,-0.39544820871965064,-1.4838284312774455
-0.4286297119272868,1.191977007897831,-0.2147853217258476,0.8227993271874928,-0.3590800167695378,0.26820777909314875,2.439533397563345,1.3918540508318513,2.148841080550564,1.1981782055319985
1.3374961007555988,1.0811444283132583,-0.207727151937341,1.089570383704147,0.37108322137841604,-0.4397219290097842,0.408104146508715,0.8927744490934031,3.7252150029321713,2.646725737313167
-0.6583206498199768,1.2228143017036033,-0.13952958617171152,-0.9944612934203492,-0.2073595951620365,-0.6902133530353645,-0.5856777036197569,0.5242280923910438,-0.8854967866522151,-2.0576289214595094
0.3089552944292629,-0.06942702160948747,-0.3390308965563375,1.4805770566353815,-1.0223758628974235,-0.11647953298463987,0.7843971376076783,0.1835303107442704,0.48914023002864365,0.23963027403243442
-1.3669237304774895,0.523098258657298,0.41398318402018536,0.12247144785084663,1.078842251075153,2.1383679639970836,2.3469943491858976,0.6397031339998535,0.9642202095867668,0.21300783705094795
0.4773762115177117,-0.01145405992509605,-0.050107419574600444,-0.21772892078742334,-0.4174772402144321,-0.9510425224480442,-0.12436389183377022,0.17364072094732555,-0.7561767761769216,-1.7370396494731901
-0.10275136360083906,-2.162493131367035,-1.293161214521008,-0.25882288586345015,-0.9963691590852795,-2.875940324159785,-1.8402731235608185,-2.4241981286950134,-1.0633011770318714,-0.3185556008973688
-0.790568163444847,0.030182477386476482,1.5479727103171734,0.38832480091300825,-0.4837755125577273,0.29479679655394014,0.6412390494200787,0.6006728849293832,-0.23336915981769984,-1.450861247435
-0.8152953754048418,1.3806757568754726,0.6588128656796973,-1.0806371152758154,-0.13161637868041787,0.9506875576954286,0.6356753907552771,2.839532575941498,0.23379033355501855,0.5466475774066254
0.21606983400363355,0.6477156429203591,0.17901808111256362,0.09241367156045638,0.28471878159336284,-1.7028377363070382,-0.5949507218624734,-1.254719047801529,-0.6598708765261891,-0.5573020149901308
0.5404171539304643,-1.549883676237159,-0.7209821585283039,0.07731756732659989,-1.8589113542489166,-2.5263094863325812,-1.145153452199267,-1.6900207530365456,-2.407723720637628,-1.8843136055513863
2.218644402696077,-1.012656362390976,1.213657454695607,-1.1370119897879916,0.9853612955770088,0.6551200823975366,0.12076131730871274,-0.19209047481441854,0.23000108455882923,-0.32708887242437906
-0.6616547558954446,0.13575299354564987,0.3954388762442395,-0.0005388434448553303,0.7536918699431693,1.7997571180593739,2.2449212585196987,0.5884935635674207,1.8334112555871218,0.7633975147846689
0.08737544651868141,0.637045781235686,-1.0739001000878547,0.4848928863888372,-0.6077784283201169,0.42225905673168396,0.5490259982695351,0.2583441164318266,0.2816064532689708,-0.10126407939436377
1.4350229725655794,2.2260006065073172,0.39931887063834043,0.4093245231748857,0.222193143373832,1.0713222561748612,2.100097861753654,1.5469238202203475,3.01291697555555,2.3748762626655555
-0.7628253311321834,-0.22993604292952363,1.793295134857219,-0.9020033348471945,-0.5325925678644112,1.384283434788325,-0.07550302493364236,1.5199901130352038,-0.23110008862526848,-0.7327487644041801
0.38999706175307697,1.0899655693462464,-0.9236633716673436,0.28468044952436766,0.34223425278083297,-0.4079004107238541,1.436168114029752,0.582242764398551,2.270963959644001,0.8372842941815801
0.43651148019172664,0.530821101477713,1.0910572737741997,0.49030514630046285,0.8269137080707247,-0.05343538681992199,0.9167311143749428,0.323789094357239,1.9038641082632115,0.9032352902270457
-2.1654102614376356,0.6494357580034045,-0.04987967226934296,0.07646509410098135,-0.3326552181869513,-0.19422936731883197,-0.7646668021160327,0.19553473442205316,-0.44174207012036637,-1.572241846028704
-1.7319624995556144,-1.3847426509281302,1.3671538661920395,0.4595506415725069,0.3326182451198407,0.9484837876262926,1.1025505876844648,-0.30324635792486065,0.7914801472555715,0.034143724355644084
-0.8775553485751887,-1.2990077983607735,0.2898074229746897,-0.8603375558081854,1.1790198358951973,0.760757044774131,1.070718118174709,0.2789563125619493,0.880694037981603,-0.08999660189170555
1.0486342209530033,-0.8087341353463894,0.34598842566116084,1.4212834413349154,-0.19548223409959076,0.8991875416568784,1.0771557735962731,-0.04002385566081429,0.759186350447584,-0.0980577961646171
-1.7510974819971237,-1.2707402452368146,0.2740443202417961,0.42064082860684926,-0.709025923434342,-1.4610452847503987,-1.316366579644944,-0.595535668926789,-1.5904728574951714,-2.1081196944127534
-0.7244075396138658,-0.1369690291075294,-0.7531500916374739,-1.5279704341312672,-1.5149047314665804,0.28826160921794625,-2.910125122920986,-1.0019823533525885,-2.973136739979131,-3.1050640581683755
-0.7840016403843549,0.424732858127037,-0.7625164026259023,-2.755983816987148,-1.000385207325452,-1.971423109158193,-1.2817136195721486,0.057698181725749365,-0.8789313552732129,-1.685919555271978
2.071199110634333,-1.7060143775222145,0.31579508222003394,-0.6250883400754385,1.1675950413205693,-0.255724372482588,-0.2163087110671681,-0.42265266050864697,-0.10099364605984523,-0.7852995825793077
0.7719919647576758,-1.1471315246614844,0.17199212103504247,1.350772233765508,-0.11252995787379189,-0.9070475589892137,-1.1986927552482682,-1.3420411325012258,-0.04742619323199959,0.05795539139770314
-1.6562250684031317,0.3989875686445226,-1.2703459043937824,-0.06068606242907633,-0.8097044424292109,-1.301996780356408,-0.6171407844218489,-0.06376045350562748,-0.7363348659339755,-1.4813233515728197
1.7361700304470065,0.9860258104867056,-0.030042492830519383,-0.168738933225461,-0.22502557301919987,-1.0427024366897095,0.04166862108631386,0.08149162765538964,-0.5505416779412509,-1.5423942002846498
2.4931341961531066,1.1758274813837013,1.9230409873497534,-0.09217055531967067,-0.7201468060792124,1.20404347363751,-0.9631700916823646,2.947865423293587,-0.26525673584772635,0.2192823248580963
0.27116075925325134,-0.1967562137001211,1.690371682810071,-0.1425403012193226,-0.07292959934706647,0.33677422077791264,1.506774202782378,1.3386142540563335,0.3813934042155663,-0.06627705651327302
-0.319921983237388,0.013108273505447389,-1.0050101777758444,-0.08061841438065559,-0.6450744341211855,-0.4049577865041288,0.2596990438626652,-0.19388265776173008,-0.24365058200819878,-0.8505227246457402
-2.081430864446246,0.6854464763730769,-0.00015223518272315664,1.405161445567181,0.15517844888594837,-0.41166446051559613,1.1117732470330768,0.10732426033632703,0.5233238992286301,-0.053699382759376135
0.37854632338824573,0.25903744405074036,1.626127919359487,0.10794860372333426,-0.017121973346810093,2.7222003210882177,1.4135480328239232,1.4238179745924677,1.1922140514937654,0.557444408594307
-0.2264104546827475,0.22892935134564077,-0.942956140621485,0.15684925565224506,0.04836481817395266,3.059662534343813,1.5121208441139324,0.418472919238301,1.1106930430243545,0.09251537719378433
0.02847835546924708,-0.1010337346841672,-1.148898146507323,0.45466453956688624,-1.5582134156153495,-1.2574040963405957,-0.7609261636886785,-0.4021218095984518,-0.9024973367480521,-1.4982549931237716
0.8211832831509481,-1.5510360925517537,-1.5501483904537061,1.1437246563772885,-0.09285246651588408,-0.8638836400478432,-0.44373458883071615,-0.8767799123399698,-0.42853397417748884,-0.7832598270804335
0.3236758194627144,-1.0805291558104984,-0.42450941192184116,0.610303329435094,-0.7336025680063208,-0.5456123719507304,-0.5842209235805488,-0.75382403025019,-1.4406665579483529,-1.8093382047191011
0.6846617276172507,0.08961097434633183,0.6061322983835743,1.5762397204358245,0.5081149716081592,0.7717224155327944,0.7976707819399305,0.9855228958827374,2.3544519188712374,1.5341168940620507
-1.8136195345580595,-0.5624431833859642,-0.7346997105630211,0.41048894612994,-0.792063171189778,-1.3408394977143347,-1.08570258798263,-1.443683558165883,-2.485855679804878,-2.2020676530551597
0.2579000896581155,0.5631733088366473,1.4828474749820681,0.8958411155836288,-0.5312604795932632,0.3074326140623702,1.5425971918272268,1.7933711485709216,0.39501850193865895,0.17307205049289498
-1.1078946354774903,0.36196720429555473,-1.2600092004247552,-1.9058981739440997,-1.3625275294207015,0.40722601569321026,-1.234934795594472,-0.09531728833135272,-2.802941483104987,-3.590573000317542
2.2101834005063306,-0.4865521402594716,2.054891442339732,-0.6893331573697612,-0.7913032023473825,-0.7852546682155004,-0.05235276253681331,0.3713660609373068,-1.3289411509214004,-2.294335850267484
1.0313472823448502,-0.3342144582099256,-0.6060259850612335,0.29353893051487145,-1.1122817176818542,-1.5683833827623004,-1.922676034046071,-1.5815436502218732,-0.8347008891426204,-0.5119642769106634
1.5085756123960252,0.5446368877962612,0.21033655512201413,-0.008505028248988633,0.9971951507186301,1.1118239565711951,1.0115273261934121,0.2156968642354657,1.572218621888341,0.5115371478321248
-0.40246750163172507,0.719843535485749,-1.7170325971816824,-0.6361115104431156,-0.19023574740301877,0.5626270271457458,1.7385662238020605,0.4678875403224845,1.034687411445369,1.2890988055004997
-1.5387957241341577,0.279906970413516,-0.35930910700017143,-0.29939646239814033,-0.1167348855583274,-0.32038185434951827,-0.9226675910201512,-0.030353143719355283,-0.8465772691095663,-1.9203623316571292
-1.4887958011951778,0.2598118888669506,0.4635872158784384,-1.1216110518240692,0.6878593640662147,-0.00010230328568472391,0.9508058758697933,0.493566026070366,0.35242557803986074,-0.5305969638218474
-1.3631436952699774,0.14963066510191678,-2.5704749291133657,-0.7597752766225275,1.3358079602801873,0.97526861412948,0.609634348607882,-0.048384978922777266,0.9302256254540245,0.11074893320629547
0.15343762446261341,-0.7390077099056203,-0.9590216411754386,0.062121774736764196,-0.7894399230387157,0.2479424047020082,-0.5738956787023688,-0.050708405333956375,-0.02067272520675134,-0.6354109403289134
-0.5041938483116384,-0.4366376656526847,-0.1655603888772364,-0.1496129155732454,0.04683164922553895,-1.3438606243965159,-0.9314422049683495,-0.5637456809696889,-0.6781082052116703,-1.2034108815879716
3.0647549263197917,0.5291168102536298,-0.16366036365182735,-0.07340067280363904,-0.4649651978028196,0.628130526338202,0.479910840741198,1.2171300096964723,0.19453421225918974,-0.5333675536434763
-0.16471039673531,-1.1057638763654851,-0.509003816361916,0.11965939530413888,-1.367644295355078,-0.9215276611668243,-1.3197850760619745,-0.5070324509895752,-2.239920499270481,-2.8251380495443605
-0.5928072661418586,0.1273643263701747,-1.6566197175167743,-0.6285920907365338,-0.09949361638017545,-1.8270925954922117,0.47170207081382043,-1.0141078551866518,-1.0734571618602953,-1.1883001627302385
0.8149510502797829,0.31943595226750093,-0.8055724852995241,1.8091061079385227,-1.381203672024355,0.14760549362085046,-0.04370581430859209,-0.6925165057099764,0.3175020621507849,0.14494480873302273
-1.7775481770245147,-2.363857978775751,0.5387372393982759,-0.1524315154394272,0.18113636334180194,-1.035350128060593,-1.7539485727385848,-0.99468255007392,-1.1568372096078954,-1.3352646648863642
0.3189777849446654,-0.3349642921216201,-0.9286601288705808,1.1341065257794511,-1.593730047448842,-0.7360412982543871,-1.6937811410512984,-0.7365661438456568,-1.5543112949960087,-2.031295221235474
0.49411956207410535,0.6077471605354493,-0.18465100530169573,0.6028301490405747,-0.2688474560136032,1.9345292036422483,1.7825687418993688,0.8519411456703463,1.1214174763625597,0.06993623954097583
0.7285470356884199,-0.6522457827487725,-0.8376382051211672,0.6006621232723537,-0.36180241127061274,-1.098526762342044,-1.7824505767815746,-1.6401655385360852,-1.1713431252592004,-0.7433191040000531
0.13475026691463265,-0.8444175617213727,-1.8634223632183307,0.4070055264564002,0.4794681047937456,-0.0371455064502772,-0.9662780333789527,-1.0289415653164702,0.1925408903490677,0.0839557400244842
0.33600933558582946,-1.2192335754947021,-0.4623993214436492,-0.20619321422902182,-1.1229987518218185,-2.1335820452915937,-1.2817992635093867,-0.7930314877939353,-1.7054857251112272,-2.010528234762711
-0.8341688614241003,-0.09434767191360234,0.37268213512984705,-1.1999797496312707,0.8577540146487233,1.5206688383221358,2.6913995724105293,0.6781060542157478,1.2162689689870234,0.09129985028577378
-1.2592600240422618,-0.26450486356021186,-0.821656831141185,-0.8087278367158278,-0.9401961816793966,0.4393436969832254,-0.7590578177254321,-0.17239932948476278,-2.1703849017540775,-2.9258627810480524
2.3417198040606606,0.3913191069886761,0.8233546883280716,-0.7790039983184975,1.4850961595505274,-0.13194638153124555,0.1853506868044269,-0.1835855492144769,0.4135329709124089,-0.22815996679830458
-1.5586597415896557,-0.6157061967115295,-0.7829512208561558,-0.7555485983082879,-2.783695155395497,-2.15796836441571,-1.746570508346152,-0.8815051623258691,-0.757905123345,-1.0037722021734767
1.054807640686587,0.654128755670942,-0.4483674531419888,0.9078909216284408,-0.03815686826020337,0.6198733118230442,0.9371409600739029,-0.029529605778732926,0.40921208415045146,-0.36850178859855903
-0.5531995250173637,0.45394484134673974,-0.1907405005595748,-0.6578690956038201,0.2841335723299893,-0.1510990034463675,0.15658202429989276,0.1306805490662256,-0.1626824116313437,-1.324448869864891
-0.7994833584333644,-0.020243236938358392,-2.0235278122890095,-1.1989624428334604,0.9760643113240199,-0.31640868801138755,-0.15175313915365418,-0.3226519210420782,-0.24831153968623226,-1.098183493076981
1.6502979448986148,0.6192190720044453,-0.8545764518290514,0.02817009276431029,-0.291541246267493,-0.9013627166873179,-0.9510573246728573,-0.0352293696187891,-0.27711547790703983,-1.0043826955976654
1.1447702330922616,-0.8006585109925232,-0.769360222242272,0.6512533111289311,-2.0602767623154086,-0.08541561881629378,-0.002863192392489583,-0.03926080571882484,0.3067542877341439,-0.14720631168269693
-0.44779533515352626,-1.2166053459619766,0.6506870095771743,-0.2573988805231394,-0.22429610509550335,0.13275616997511744,-0.3259461576638455,-0.005904652455377968,0.3369279576736286,-0.06917372348298922
-1.2072156867956043,1.0459405221374711,-0.3707734546607144,-1.5143683800374537,0.06991546228587409,-0.8683684989942914,-0.6869495510990212,0.14972115771899486,-1.0834179335953102,-2.1097667823531907
-0.6840891766106781,0.4169061369776895,0.21531111024551985,-0.21654704492631915,0.502154225845634,0.4342928605195193,-0.6262116358487577,0.8232329330767703,1.65569772515398,0.5769546961614772
-1.014323594566141,-0.046544453530908844,0.8140988494055835,-0.7078848568406987,0.8132761676827247,2.306562592513819,1.1964491611968828,0.8893590338563033,0.3601997741749591,-0.14569206220361025
0.5878374172974045,-0.7260810847562615,-0.5015554511635208,1.199952176627523,0.48226077772284726,1.4862722179687289,1.0434714130943867,0.014412013132361179,1.3414738320125554,0.5292989244080639
1.2039049385201936,1.6275818138609144,-0.5828281294825013,-0.10843561810498115,-0.5538634108754792,1.5503681587340155,0.6673578301871177,1.9704381986393942,0.2823047659996005,0.10180461877571947
0.8547142186514585,1.1368414746477555,-2.2203845097902786,-0.6516424878902058,1.6647651006623412,1.3678277450560312,0.4278937483192621,0.5922321156663133,1.8364453406260979,0.33654951111209375
0.7247144233564807,1.0866171655077244,2.1413977768980494,0.32397759466897336,-0.5173090048075455,-0.07697459146294325,0.2845873075331812,1.1345124377108955,-0.5713535036341072,-1.135469484387233
-0.1717843859901561,0.4402011092909804,-1.0672110637544006,-0.8425344585958358,-1.4397253528861502,-0.7808368247166626,-1.4411844618644825,-0.08317607856513971,-2.286973666940854,-3.101004377133634
0.059995626766721384,-0.22390422545162328,0.09904625196533483,0.10585216191540682,-0.26503269579222327,0.9266202624282479,1.492674258053225,0.47081369232368264,0.5957913174864785,0.07626166168380955
1.9928992851007237,1.145711800071907,0.8945931747128917,-1.0484692835127476,1.9361320283074366,0.18125604743901247,1.468922131468935,0.9948208498640007,0.4471828065571053,-0.2857778197984178
-1.835699255128646,0.5541260433271079,-1.3687188213503105,0.0030711408592103973,-0.8318909459875232,-0.8927038460218693,0.22704106282174263,-0.04145317456746436,-1.1942917038983725,-2.0374412995860185
-0.9410010998767541,0.2573381957804141,0.5074621104444057,-1.7615800283521945,2.365903772366338,-1.0785321079208132,0.3607722859173377,0.5325706355238147,-1.0056476449354095,-2.1624991275413623
0.005693600492918,-0.5907036109014013,2.1794615636061136,-0.2595817156855472,-1.4877995009597567,0.8452060077609302,-0.5488060701063313,0.7394244519799448,-0.8592484945384758,-1.9894216369581
0.509097983622974,1.534705620977747,-0.5214429411532883,1.6228312032147185,-0.3489781087845196,0.01776073754957519,0.7143255951081644,0.778583334360137,-0.20775192843668377,-0.4531225318356425
-1.08152824939788,0.8624371964929036,-0.6268825635137204,-1.547468717035903,-0.5629847264764818,2.6483934677906666,0.7198046865796622,0.5431974213820143,0.9774850508611503,0.3617182523478901
-2.540994164041248,-0.27818272611202655,-0.13447298482957445,2.4618911084921216,-0.46183762353690666,0.6270355782108031,0.4634692796349562,0.05835148449647526,1.7521024340625044,0.8036460841695674
-1.9262963209815192,0.7104229220346437,-0.7518827515828023,0.4767729448521927,-2.6578427318579245,0.6973122115984531,0.6615643245312219,0.16081961198161204,1.5823825887304144,0.3037795485014398
0.9894632825079217,-1.1048664867812106,-0.858613062414936,0.14217641027868222,-2.202539801921521,-0.8734698585173224,-1.640290558232389,-1.7166611119773778,-0.5747979061586521,-0.21365561483735634
-0.8780052290000924,0.3053713039426443,-2.096590570458107,-0.7362268161614343,1.4001702229012842,-2.438990916033641,-2.2304044755426724,-1.492159968509858,-1.2339310766199318,-0.7441081204236553
0.5283369689578844,-2.0387946083125814,-0.8198405277623545,-0.018648891705116744,-2.1574329375973273,-1.3909878402698503,-0.9843450830478937,-1.2089957447255644,-1.3765581635558441,-1.3252451650461843
-0.34435191144491917,-1.2490760106874301,0.0517854100177117,-0.8378098150262776,-0.16495816274110278,-1.5873151439316548,-2.0201985482718223,-0.8821128367720233,-1.9464194260501029,-2.190617933800652
-0.6155758510831386,0.2220408274067607,-0.5763682083059405,-2.653127628801234,-0.9758710729950066,0.08541777022443231,0.4509961051759434,0.11588083461542503,-3.871263812607517,-4.790266750854048
-0.39748239047340805,0.44341863629322104,-1.0181985433583176,-1.0340693351586894,-0.7364943982344987,0.6242670186639092,-0.05407789675656166,0.12132463243604719,-3.8756709986462843,-4.919430460713675
-0.23913974375818609,0.7676254883992208,0.877157444476233,-0.6517433550519259,0.3315067339772041,2.2512257780346987,1.82756006421081,1.6256786586118128,0.7702397772509003,0.3802343167743517
-0.7982686002095655,-0.40652254546266786,-0.054940898425521335,-1.4880636260616715,-0.3007690303672754,-1.0445273841320102,-2.4590329135337887,-0.904891842088647,-1.9796243389129808,-2.1933005569201662
-0.8991300547027892,1.131223395704349,-1.0120984881841872,-0.11424484765910847,-0.9862827982632013,-0.9709670452521459,-2.032096762150575,0.06551504040658965,-1.3320829200664548,-2.227767024908929
-1.4049859199613335,-1.6391673622999878,0.7268789490689639,-0.4233864950866564,1.4006941187853998,-0.8331303258636076,-0.09557703828305009,-1.3333616590598036,0.09366290223103046,0.1632996461970107
2.7261545848466753,-1.0924064757137761,-0.6547996205217982,-1.1261509940902845,-1.0568247550511798,-0.016762220184509864,0.531430705468506,-1.8443389431985513,-3.9629745286199594,-3.3872730032868335
-1.1430738101224354,0.006099715163278284,0.5779732760515544,-0.5312768061191584,1.7180344279578943,-0.3076953899030369,0.048503748380244543,-0.48894230421031687,0.14070662778492796,-0.17574684999528845
-0.13849122820422616,1.7179932766258244,-0.19329397293800155,-0.5535179180429399,-0.06178527997468408,1.2985685370732698,1.4859321785451667,1.0661885378783882,0.3650979217628368,-0.4207044305980771
-1.6942329312657924,-0.2760365235758558,-0.5843683939970287,-0.010584927493600724,-1.2801128459538362,0.43922145497192955,-0.6108521319646261,-0.36469297817257623,-3.4021132023859284,-4.174299772788157
-0.5921683866101194,-1.296978634066626,0.5432792093490364,-1.669671281131819,0.44220875809447513,-0.4728621931332583,-1.0954747715286917,-0.49960944180335265,-1.2305523550001654,-1.8418920419926623
-0.9163135768675842,-0.12222610914924209,-1.3717381870488157,-0.5890281713565237,-0.45033189325650586,-0.3050025774052954,-0.26499257413172794,0.10994272525515802,-0.8118466534060538,-1.6522102925623958
0.5187650316318926,1.3540342980043032,-0.43521289754272796,0.14062161786181882,-1.207156023938805,-0.6080427935103005,0.5308242291863718,1.3921194553708562,-0.18274323113894347,-1.0218226002933226
-1.23642818893858,1.3180847667487847,-0.12393885514979117,-2.550941396814788,-0.7315552241131735,-0.7075525786401724,-0.37994626593571523,0.09961269486832114,-1.9341468373906303,-2.791775745759032
1.1230881930010501,-0.33656153303704417,-0.5286137015223117,-0.2595910698758378,-0.8055231625529069,-0.3369269312407197,-0.6486941783264525,-0.34996265706398755,-0.48321865856957846,-1.0567643774157127
0.14069166568911093,0.10209565504040245,-0.010660201872361826,-0.5641948568521531,0.216981003681175,-1.0244723968716836,-0.9139005934851494,-0.7106034415593306,-0.33348638331100366,-0.6370662646080656
0.09483371851510777,-0.0948456338554689,0.21827206289309567,0.32377832097766973,0.4457211400167011,1.1157340085921952,1.6069630586131698,0.17416058609042,1.392255564086326,0.265935105655211
0.22061845193164267,0.09716032157486715,-0.007030362099234637,0.8247184871418358,0.08827228944634583,-0.0176138119843309,0.1728527457435526,0.07332123687437928,-0.007326101352726044,-0.46636828643475103
-0.10349808698626163,0.27621605254823944,-1.2726589221429323,0.06831974484935782,-1.2532047957080392,-1.694798532398225,-3.417552128360186,-1.0177376605881632,-2.027627510777313,-2.1475123858525675
-0.9104250909622201,-2.2392007525571396,1.0723349754793527,-0.8271419360192418,0.8250348649539118,-0.2545298093366015,-0.14342401254524184,-0.1296517513945254,-0.0028948660759319234,-0.857475094958843
0.489227451210757,-1.0283374948378385,-0.48150478053950274,0.4519025605126575,-1.4800784829727864,-3.2612696189628556,-1.774385204222893,-2.165509058815059,-1.0507910792714992,-0.3938464190653468
-0.431636738299213,-2.5278077187115477,-0.5164338627427345,-1.7715113732679328,-0.5349552678661663,-1.1418711562038677,-1.6816104623645223,-1.4590758120312803,-1.275065990253966,-1.020534049201809
0.8520602538604594,0.38131422576559915,2.006505425733107,0.7658297972463457,-0.5921184923441397,2.589526034838504,1.203993257795979,2.131308935162199,0.9318792026284568,0.909591334178436
0.7848180326538707,0.413842879553126,-0.8716646551737588,1.5511312935904509,-1.187899362693656,-1.1790674012779416,-1.2333774189769278,-0.3201486642221717,-0.7429574408733981,-1.5611448821081444
0.02352352063117825,-1.04733652139775,0.22861906242608576,0.27134682553654743,0.12207406168695295,-1.1593770802822374,0.07285411828874855,-0.832233366683991,-0.5968024999429947,-0.9426809487231356
0.8794872311865889,0.7171605717946719,0.7736130308330745,1.789057537693901,2.2372551099746296,1.5523374374369898,2.190058938210479,1.6220702826043134,1.3998118645784707,0.9786802336797412
-1.0117379821307495,0.33913277579471457,-2.350932273888032,-1.256011014751255,1.1039062182567938,-0.5253498244071821,-1.9569559710912523,-0.9602824738041629,-0.7912971684874373,-0.9867605953764416
-0.005771702434116926,-0.6935838803631456,-0.8382913503479259,-0.2987850952551525,0.2308940149397679,0.5777760087914777,0.5266471712989864,-0.07914552258111263,0.1278721527044894,-0.49546018851301343
1.1792127452233065,0.8794511277290404,0.271488070938822,1.6595521591565605,0.21952596933183893,2.3751085506393634,2.122828275910999,0.7486055956159035,2.1758736695940857,1.2390132716507891
1.248415626316546,-0.4141343602652541,0.9841098036390618,0.7466060002472057,1.119232568412013,1.1371609671051233,1.944259231525901,1.1953493541468239,1.9431182789142267,1.237939089085039
0.4297846214303242,-0.16156671929408348,-0.8217962113152787,0.16763329744714794,-1.7066755517402237,-0.4944961809845364,-2.844754610842151,-1.1311552013181647,-2.170860595759006,-2.1920072672275115
-1.729917051401909,-0.6513772703339096,-1.862580158147237,0.1383400385057188,0.8835804628521136,-1.4928466313230613,-0.5247984797545493,-1.3175213159526364,-0.12428821262711764,-0.0427496628819089
-0.8343318980808084,1.3812556229839876,-0.8057560125747604,-1.2631207713037844,-1.8933726644227062,-0.5428024969920855,0.12466390024410645,0.6859950334523477,-0.8176600412925948,-1.7482888982573024
0.5492751131870964,-1.087697519421973,-0.29208078911126034,-0.639855219230917,-0.6835075450856037,0.2854407356201155,-0.4644101432585977,-0.9868231517794805,-3.439442652806239,-3.5922479964106317
-0.009690971448358928,0.47608531639723456,-0.8542015870835634,-0.43020552179013344,-2.17672191961013,-1.6778604280875218,-0.6962683426375362,-0.1305498902315246,-0.6677390881606862,-1.4391823194441813
0.04848148388547799,0.7935126044586097,-0.605160395650184,0.4033451312770887,-2.275931721721297,0.29827374342023405,0.28714555975454364,0.0032305933501380335,0.15101020535507248,-0.6978175382675139
-0.906183483682681,-0.09166276355164492,0.22975511295734882,-0.5803274790570951,0.5862831856225301,2.216693409318633,2.766893979817223,0.19963992744997877,1.3993735778958074,0.40669348815205
-0.16185542200757366,-1.7941485880157209,0.1640993751447686,-0.2921236091055118,0.7743292614500055,-1.8273885017464113,-1.5187355863955116,-1.455452479341018,-0.2655204472474261,-0.0263015696811252
1.8847091006467867,-0.8235227390124178,2.3491654136398297,0.3831566279094122,-1.9004651173887341,0.18978513108813422,0.46730932206983716,0.32154226775400413,-0.08080990024022564,-1.154574625857248
0.20059203023673877,0.4025554304724543,-0.8822018807882316,0.9876307837040024,-1.8005891801824716,0.03657495334957789,-0.38505312749365256,-0.041233325694225595,-0.41228821699874424,-1.7292890126898603
0.0034476248621438375,0.27830951255148817,-1.3867145875612803,-0.136489045574669,-0.7307746683063218,-0.6945696996782139,-0.905013793826056,-0.7363672554695149,-0.9283496149784292,-1.2611278017120755
-1.2868535196497353,-0.7205446305041178,-0.545749800407283,-1.281212741500438,-0.2157520779778942,-0.029560050707441055,-0.5362930300988653,-1.902273925516873,-2.9734861097304264,-2.326364128591879
1.0714390513703995,-0.6272092455535107,0.11836663002095506,2.1942001776911324,0.34236700345710397,0.5320942971410806,1.0595263651315598,-0.6099789797067897,1.4019418239506678,0.8144723927351686
0.6412384945232735,-0.11839580418555802,-1.1228168201731952,0.04187884173048262,-1.813980660750151,-0.9186990711093699,-0.06731389469163584,-0.8902435455408723,0.0892006594394692,-0.08736760776027719
-2.0477982058215147,-1.277593593044159,-1.541773341252023,0.36785866070624307,-0.7924064625271257,-0.7271771863236414,-1.7617966547516,-3.0142574535745723,-0.09020079709837148,0.28238810511956225
1.2203376030338626,0.5502607288182129,0.3340683914077707,0.6711700350428107,1.3173723940426556,2.2389658436506714,1.1925968480935685,1.6202729538391505,2.703904432408869,2.2558490824263226
1.4992992263061549,-2.0450133400347936,1.257818507820237,-0.1516409771215551,0.7698281688481498,0.42206778777342957,2.158503722246072,0.5800746726263115,1.7276263657973074,0.63350930395446
1.596270132282055,-0.09729886323536588,-1.9115218768041424,0.7233072779700079,0.6874419017058396,-0.4884442779030893,0.3849807321568957,-1.019103945639518,1.0873390270952892,0.8947372156599933
0.2862672839686865,0.9629719223437199,0.0060644938711449225,0.6517048359500905,-0.11907636759529902,0.9295466881905914,2.269422141464713,0.6479830709914515,1.5190413796389628,0.21695739538433326
0.6947470073134497,0.3585773341216988,1.6016625709744583,-0.20117097273832818,0.32444663680631164,-0.11299387799550731,1.6313985542905183,0.5007264251763999,0.603727367585501,-0.24853803133751196
-0.5411716695946422,-1.5067076620668045,0.17282488937598084,-1.2295987196244627,0.5439984870241013,-0.25857484103758155,-0.7189418513603864,-1.0314782163594036,0.14794815577977116,0.08677502490645161
0.3990961215657022,-1.5326546809587438,0.21060235388730444,0.13320947282558204,-0.025210506783048647,-1.576226262131239,-1.869001610436976,-1.5866928714015287,-1.030318723641147,-0.6466748957180585
2.0018539665177753,0.4912997918949307,-0.9061508601300614,-0.12349025867438762,-1.322018065443096,0.06627630640987892,-0.05533193020517578,-0.24396588082428608,0.15224332264900986,-0.4234125884712543
-0.4965392814060899,0.12509975712848034,-0.13807658932599115,-2.2715671048026493,-0.40254776754466637,-0.4891453211526253,-0.33837200707028836,-0.03556660576118546,-2.9947013140749794,-3.8692056227259224
0.7443973046000452,-0.7383262062183467,-0.22489568901796314,1.2596690232209928,-0.36445819498257026,-0.5634941557716511,0.12100577164819792,-0.5443522654203302,-0.17574501123998637,-0.662393762136083
-1.561116986562849,0.941813103753706,1.6075362597461704,-0.41833410026902196,0.1456360792864281,1.0613803000006579,0.6050587559000402,0.8712734497676365,1.240910531225866,0.15954719776720314
0.4229921960171848,0.22789725602465352,-0.4430915611460718,-0.011253122168888852,-0.7617364729204946,-0.4914722247835076,0.09550388650452823,-0.035576170685950384,-0.24242117890789494,-0.9103085948847849
1.6752567031500885,-0.391139336927994,1.4479357288086712,0.16579346643874637,-0.09001441471555993,0.8400113718547332,1.6340311560366416,0.40162336142402016,1.4084347866748106,0.7022922291401201
-0.0754809078697435,1.123611199865403,-1.2517225736790096,-0.059725429173807285,-1.161092255087834,-0.23805962710842013,0.0027756837885545838,-0.13652565723928356,-0.29409205263803884,-0.9496898160352295
-0.4897470034088282,-1.0484517463366994,-0.10767730847785899,-0.8171702540715208,-0.03352325459915387,-0.6797817502567002,-1.7382219252666635,-1.1305101520598293,-2.1423453459242814,-2.1642806665101384
0.9522876358893236,0.7154060957814498,-2.0646696537559506,1.2310192276587946,0.5600670279576498,0.3651092492006202,0.09434907551082239,-0.021235949909542584,2.5011137522633877,1.4098254204976697
0.17638499868588614,-0.44241686493670684,-1.169423552071405,-0.12242598058000903,-0.4578599721263046,-1.5383155691961563,-1.2630339156189048,-2.57037829206692,-1.8635265463448953,-0.7634808706796326
-0.5536656344462837,0.9894072495816558,-0.1651570643051083,0.7440789877034606,-0.658212581943342,1.282812706841476,3.742734993422457,1.8340816648478424,0.9306656921254313,0.61219246948823
-1.0478316300342927,-0.3072913213548509,0.27518739121331554,-1.400160898670051,0.2763877345111947,-0.19818020338039108,-0.1573521439662871,-0.08725993758920661,0.00991326751618582,-0.5333303053546763
-0.910388164606816,0.8109282002229572,-0.1095022381652465,-0.6000325380372884,-0.4405083040320886,0.167396939449435,-1.1365687601695544,0.6623023943024903,-1.0506779628815062,-2.3993394600201063
0.3243584615825385,1.6227377717965243,-0.28507095739356497,0.8284690563947981,-0.6495797743867633,0.9118176089621594,-0.6625734392727706,0.9223970621093631,0.5164384625128482,-0.3180981209813463
-0.14189416545247124,1.0792890184210344,3.1974675380745534,-0.08195027895901269,-0.5705147816737253,1.8095999843111314,1.5029569623725867,1.3412047818379755,0.7164247319937539,0.2627914023195813
-0.19043932574598732,-0.8494925351372546,0.2350379908851326,1.3523352781981004,0.8278721825071893,-0.8667704997507981,-0.9359744144516242,-1.0522761047886462,0.10932178280991578,0.05474280554978095
0.11149468261907329,-1.0650164788123004,-0.2765084013989071,0.022482598730298176,-0.5407924868609513,-0.8877198976842228,-1.3021327841017087,-2.6305469773172705,-1.9415603503186452,-0.751990528313573
-1.3076276099042772,0.3779874372570703,-0.8181939082787189,-0.24021675118883978,-0.6609146296089601,-0.38508258030107145,0.12549900691473972,0.32402382046996187,-0.2953667161382442,-1.0708973858374171
0.8112839574172178,-0.08292867497522113,0.6025408249879404,1.6025025405135063,0.6197157651571364,0.36669779663671176,2.4090388880606106,0.3222127221363842,1.701731916514299,0.8327376781847262
-0.4929950758216074,1.687301022531877,0.266181226983215,-1.508501379163358,1.66001817945841,0.8337846254637046,-0.18441046104142894,0.17517834987561065,-0.2864527063152518,-1.616083114652639
0.6825405399411043,1.769298175208757,-1.0579531766131802,1.6735340490818391,-0.8605294807333627,0.9894321014158332,-0.4439351616128583,0.19750666965804725,0.3508977210855887,-0.41196382245088453
-0.12881782786592363,-1.2086316973409943,0.29402807509784423,0.22622780783194746,-0.8133252139369468,-1.9545076150537946,-1.7318384955076465,-1.3374602685161552,-2.300022900021162,-2.129975714542331
0.14235031167644524,-1.284981758666678,0.9042695900205641,0.24236496197412094,1.0386905988839226,1.5163374738206126,0.7027617928583967,-0.027435608544669254,1.1644093859236695,0.3473356252280619
-0.5315997356467145,-0.5796206079194368,0.16121105248027248,-1.4542189434582735,0.015685339604618653,-2.2805934934543766,-2.168193701584035,-1.0311368390478965,-0.506269716317375,-0.6009614319721948
-0.6442029419095858,-0.5509253134954644,0.8320387355212436,-1.8774810794554093,0.8568885321403035,-0.36784609000229224,0.1002312173137196,0.4665112895950506,-0.2717132847634832,-1.2997476915886619
-0.1090287532392811,-0.00025257576794893513,-1.626082113891369,-0.41050911075460783,-1.1547012555277776,-0.1063809127543334,-0.35951141379376356,0.41350061789543546,-2.3215091037381557,-3.5318076952159396
0.2387914064917475,0.17184815528389197,-0.3474857514102575,0.9687766411380181,-0.801682308115687,0.9304914139462914,0.9685986342005435,0.6697022853147484,0.4231068134099165,-0.45767298912881293
0.5999143637157517,0.932807747157625,0.8607674675828311,2.7282296176456704,1.4931982620766786,0.32005069373915895,1.2549683405996805,1.8296503685915795,3.198381043705205,2.920063328022956
-0.09416665864585748,1.348502288229684,-3.8331511712642445,0.024998936570068464,-0.5523038893328356,-0.938373264423868,-0.23607853994300781,-0.220208079289113,-0.572649098398071,-1.2221359687439446
0.9357768068724814,-1.5594594401107464,-0.4059310802470938,1.7538119790464552,-0.9742254163786991,0.026900149189252612,0.0799087083614197,-0.35821292723385634,0.1630062986862566,-0.16961370167053558
-0.42813401223059316,-0.11612228132926648,-0.3149506848978087,-1.1087760537102542,-0.3842640060285635,1.1315112822053632,1.4227542192577443,-0.14442342320016943,0.871728374162426,0.2977812457387663
2.1724684829647556,0.10596982154408452,-0.7094732655280075,-0.8805201454756494,-0.3222084554663208,-0.23042067691375046,-1.39260617786648,-0.01925981459631232,-1.3342343058287867,-2.1893027221746673
-1.4559351615132563,0.49281471060905174,2.363589622581246,-0.21863276220059613,-0.5527748230583407,0.21764524020082862,0.15729034241096645,0.20865625696181023,0.020936589725658927,-0.6187327946998081
0.3615099172866812,0.5802943652137678,-0.19688765475841905,-0.25440561757332314,-0.9451772468647908,-0.3128319303646628,0.8380466665539101,0.5793672110404186,-0.12406959312210636,-0.8452393280091857
-1.1076121165591115,0.29891737100533505,-0.32135124056759207,-0.7105246953611325,-0.35648626076572715,0.15382931304874334,0.12370383906629541,0.4937976440848839,-0.14390274380991547,-0.8804925499072894
-1.0438220299638603,0.32155003552806016,0.5922878979192039,-1.1892307546394774,1.0750786740365788,2.253352859132839,0.24661892123195694,0.6172944556103355,0.7626870356597631,-0.1226675842220566
1.3849795882507168,2.94145736707607,-1.5849877216857176,1.0927425227558327,0.08035362782830088,-0.6019067907297734,-1.604691805990305,-0.8585817067129131,0.09708699356039416,-0.15013196892698594
1.1301656692970752,0.4936178156513638,-0.7731813063325363,0.636546061089666,-0.15589575470298211,-0.2105166494055995,0.809277815586374,-0.07679666109253863,0.4360394213833212,-0.12337016882654439
0.7757018914904337,0.9794741063336192,-0.06210721177533816,1.4687014089302597,-0.3816404223600761,1.1635050472420896,1.0207607989506147,0.7190437775477749,-0.19562113972874084,-0.40391925709890625
-0.582110765284903,0.8633992856095503,-1.7128499399116355,-1.55740550669247,0.012332563770038472,-0.6402079288112943,-0.666195998751567,-0.21847966131689112,-0.3453993330908437,-0.9597648165179768
0.5240227184187504,-0.533632466280129,-2.0108889305971998,0.7087759670885888,0.3647588569315175,-1.7538370520164874,-1.3040496513480986,-1.409384508072391,-0.022739085977081283,0.19815207424646192
-0.05867908127757983,0.984428239219726,0.6666802412117383,-0.3130679770974832,0.8074258188234488,3.6778061118441467,3.1087343874716167,1.6998166649914206,1.0333446357971494,0.6865563054171898
-0.2368781128165917,0.2181730369863004,-0.6893330738266552,0.4447458904912961,-0.5537873725863494,-1.1153064671564348,-0.3058798648523796,-0.08704916574252533,-0.5191281302946434,-1.3274993696255475
0.11906626604339333,-1.2774073781620496,1.8892084487948628,0.28753903498577643,-0.15002803980546608,-0.4327982860378723,-0.1782118151024783,-0.46658852063277084,-0.8352101080096518,-1.57007844210243
0.3009018613987802,-1.9890024909032296,-1.0852182616240627,0.5193262773580435,-1.9889774067563422,-0.2720428362819872,-0.3841699916969054,-1.844238511525956,0.2876925224386382,0.4776522891425301
-1.7163434297501026,-0.2617222680397866,0.6027273347023531,-0.2868290061154249,1.6948230157377753,0.5963815254270731,1.5102499193928953,0.1828020776750136,3.012221790574643,1.0577700669411314
0.2537384567769103,0.6457960614979541,0.19687817783688463,0.7458194580824906,1.0215631640520955,0.5082552858366469,0.3381988992831816,1.0355755996274971,3.9524116671534553,3.066019301683739
-0.32281172792573953,0.11771081531426446,1.0353540939053678,-0.8992284602032807,-0.0438502527835396,0.877954483853854,1.093085940600908,1.1673528280100105,0.05251618008821843,-0.7501108105656954
-0.02476359715873077,1.0956529708100513,-0.10788285802266268,0.16429632534429195,-0.3702761729857661,0.7596220952890511,0.3226707619039878,1.2478016031028565,0.16387564655088488,-0.36075949174770017
0.15447208476601232,0.43478615011772703,0.08398055361218264,0.0414224701477551,-0.4999806774615413,-1.6905619571555348,-1.0789607952215678,-0.15476820853952433,-0.8636365452908562,-1.6394729189214514
0.3177140015488086,-0.5371628700509177,-0.060587909963454985,1.3448315317697856,-0.06439874884429724,-1.1548619340390422,0.44740368460404367,-0.9415507000640397,-0.17272816520703627,-0.4017103664074606
1.1386322350107263,0.5539240764695181,-1.2235344918289495,0.5097882870349435,-0.39496606341570895,-0.3366024914788464,-0.24871568352886975,-0.12937024951093812,-0.30944542650682866,-1.0867088388071104
-0.36911099313163165,0.7073642678871258,1.231734578517459,-0.9343056821894263,1.0703863337719428,1.74966606536039,1.1004197865455703,2.154424471238286,0.19398932746850006,0.19462416554967343
1.2848216888874318,-0.5917437780268536,0.9500984754065561,0.5975319364956241,1.5070401362945458,0.1848430603132618,1.9938299141264513,0.4833838412122455,2.2218952049713816,1.2133305321407288
-0.3031604588709804,0.8652220215923002,-0.18641845030265172,0.17101022734204674,-0.06718654752999215,1.0617010581906543,0.49202393296495395,1.1310223531814687,-0.13858867908034245,-0.35522317776982015
0.6482089624637022,-1.7260695523753993,-0.4662255015678566,0.6966239743322015,-0.5029159473131218,-1.5924547442175547,-1.8143538154560994,-1.0273455778298108,-1.954142874980034,-2.099942862619682
0.29817099242049516,-1.5095531262708122,0.22220256502089075,0.7121264756222803,1.2222682329960597,-0.9904045808324431,-1.1011457843027532,-1.8580923591593264,0.2944390382268308,0.7841033177848099
1.0845367194134248,-0.19612027063723564,-0.6577136734513065,0.10665481521227616,0.043504367063604055,1.1231237905026357,-0.3059019877331198,-0.758989439089142,-0.10223407179944266,-0.33223967749210737
1.6414765597088636,0.46100425075284474,2.148621598448295,-0.28600164630082425,1.1780503556934643,0.577257057784551,1.7006976956488475,0.8891934883359829,2.6748084054885597,1.55144993015894
-0.1420227113244211,-0.5496319472158904,-0.6642544438233806,-0.18804563425438567,-0.7720879476872957,1.4716111442757591,-0.6986635467928553,-1.4411296955366786,-2.5047371223607504,-2.248663988230714
2.244743899490796,1.3301878199467625,-0.3538003339382095,0.0016160010672918723,-0.30658936405583387,1.1279981522027942,1.9795457014124032,0.8784103124397142,0.38860226096435907,-0.45752095309229346
1.2918628776878562,-0.826856217840356,-2.400312420956656,0.6073020233527939,1.5739026720204117,0.08187137051376542,-0.23855542196709484,-0.5399757023361214,0.4793803614412787,0.08529353416476687
0.3539446656496346,0.7679174621565064,-1.2297579130525071,1.648967738429104,-1.4060482830839867,-0.5931365132884231,0.25530892570542707,0.2689741181403475,-0.7411685267521914,-2.2248639154721643
-0.7831541693162571,0.10716782279573313,-1.9904660418404772,-0.12397573372973048,-0.13816740375748027,-0.607196652366109,-0.41249460981010017,-0.2334867628236461,-0.23082008929380837,-0.8154530753171212
-0.065370598282964,-1.0605188937293384,-0.3354339446052235,-0.5279073689494103,-1.137745956468521,-0.4409725505842622,0.510025505515763,-0.26571603179785885,-1.2383039526796882,-1.9053540648857497
1.4601215514326735,-0.044351116353294244,-0.6860704389573044,0.6778289347478063,-2.235926776945372,-1.4850758130623722,-1.6099769730057523,-1.2690515480220055,-1.3042770408970066,-1.1466389948233044
0.5922534808031547,0.39246979619141903,-0.009662262541667741,-0.3435742858074179,-0.585896033048572,1.6879092418587573,0.9184227087418574,0.2020119286772478,0.7142340335416663,0.2481683322886712
-0.0483639391265196,-1.3242134056514947,-0.6208109599748478,0.1493064689741565,-0.8687172392959237,0.413619735303155,-4.2541352964720245,-2.2162926155569282,-2.619081025050877,-1.69133371041204
-1.1578328914915534,-0.8541343607406414,0.8632800012243407,-0.27551021406043985,-0.19301273632864802,-0.5943029169951053,-2.0876744565018273,-0.3609843161387866,-1.263914287236005,-1.995883248701048
-0.4139101563320806,1.2129301883279566,1.1554174614709587,-0.08743981793119815,0.6097220545099313,1.4610248077901606,-0.11112934723151469,3.0377943979687902,1.1736012604391535,1.8981839668512537
0.7087281491284584,-0.44903553653481626,-0.1644838201496588,0.5153347885472411,0.16678739813866877,-0.6974278054000588,-1.049988574659141,-0.6361233608172012,0.06371028732097811,-0.31236567859065467
0.5836738773712573,-0.8073758595408739,1.1954201602642927,0.9720001628549046,1.1136911792209767,0.43915330818912457,0.534663663637519,-0.6004116722875952,1.36215828143235,0.8476534010490437
-3.4091648563096246,0.43170187857693787,0.5144442440291567,0.19174502903261148,0.9631565875632055,0.29961750299805223,0.3084587425341032,0.9355063895826828,3.067693120113556,2.0718250435883006
0.37270271669334026,0.27577596861500253,-0.2511459507208192,-0.13105568016969604,-1.092969046727653,0.08586463570854186,-2.2981530657562983,-0.5768493296788569,-2.3454652955828434,-2.8481449587554692
-0.7261124097058199,-0.48243347819881843,-0.24113145988800827,-0.8172608147022968,-0.5046109922792545,-0.6722081020247811,-0.9589594459095148,0.5841649048430153,-0.9089356716213279,-1.9171378510606085
1.3608124388434226,0.17825877085607417,-1.0998388977192317,-0.08092459477446512,-0.7452194806816668,-1.6829585037347812,-2.0626563874008,-0.08072122808831433,-1.994133833170181,-2.9429374192384485
0.9049017479273631,-0.27316411742747493,-1.1251043245709118,1.0235020479167278,-0.6496782785887343,-0.10805335563398621,-0.2926772854621553,-0.9784347697860212,0.33774240994469473,0.25947620052797915
2.5139220143043657,-0.050832719546239004,-0.24092042064158095,-0.18307575936450737,-0.6715933613383059,-1.3546141100629452,-1.3000252586531496,-0.8162792084527536,-2.880610178502149,-3.2001289885942388
-0.5542665817332896,0.14518672446594152,-0.22626353985201192,-1.2948136309138636,-0.5530999855334184,1.4123580729054679,0.5812022517957003,0.575381983504712,0.06253615963991022,-0.657181529423368
-0.8571729732799562,-1.371744666110518,0.9598232168745483,-0.3497843710130043,0.6403531504438942,-0.701511231215594,-1.2011115360689923,-0.310773905974415,-0.2004413104001676,-0.9843106805396219
0.2820341298429533,-0.07872276272566406,1.4135783782675335,0.9869731697899322,-0.009695022177214851,0.9654509079531304,0.619772705003376,0.16831715045214468,1.5545940924252517,0.2630203931799522
-1.6139108174503407,0.915169618589705,-2.200031847202052,-0.9836987339044929,0.6308795857065199,-1.6834322648634386,1.115564776767762,-0.6001721776019102,-0.5600148799090834,-1.0728646506991053
-0.6387939735788054,0.9700206082066838,-0.6878477655571532,-0.2849117073013955,-1.6754913892127914,0.2619072975384518,1.1998756907764152,0.32760707305269887,0.40404104398721963,-0.12665652771249736
0.6172712393710321,0.3251183646776451,-0.2864283563733237,0.39484858794303623,-1.0010912739730986,0.6233579882259029,0.6753292610646611,0.4469408170628273,0.046399009028116,-0.5881571668133749
-1.304137834468996,-0.5261297230557371,0.3510398632304498,-0.4635674432221666,0.8199379122420674,1.6500889637977065,2.8586291815144227,0.6944781004899978,1.5312643036897362,0.4773129922885182
-0.16469820948612868,1.1756982395056879,-2.7068922912760502,0.06305430174521148,1.026379398623221,-0.8154184783524951,-0.33676374819901855,0.15401082863408824,-0.504709571772936,-0.6391519204689992
1.4767307007717656,0.5838330500660185,-0.7086409027897712,1.4088269409251244,-1.6959237360726975,-0.19212752684288834,-0.7587217145768135,-0.167209885533266,-0.07039096440651688,-0.7989747257811785
1.089874287057376,0.5441259099961713,-1.5601871457370537,0.7832996510467307,-0.2170682237819625,-2.0472117273204025,-0.9297029279212176,-1.2227362721024642,-0.6022109190113465,-0.5454712513816882
-0.16162942245870968,1.0881159835655516,0.41344426929523637,0.3952216773553817,0.2549701186032672,1.0307633656772253,2.850303143314515,2.008450911459197,1.444711935266812,1.3210447820436024
1.2143807174985373,-1.3064122461258332,0.1854332604460742,1.9985345541351482,0.37626574562670495,0.5165138878778301,0.23341669909769863,-1.0077718197851693,0.5977340369714246,0.47685229495884296
-0.18522804665681986,1.5905165595155846,0.6702569553360667,-0.8046812552683569,0.9651761617978176,0.5640099092597117,1.440119514281748,2.875546328233307,0.13406116839091609,0.5781607482424292
-0.012261059400490854,0.977791377718497,-0.44859254490632106,0.24462927987796085,-0.41622183846549726,-1.0158466135567785,-1.013093588682099,-0.3571754244782216,-1.438447989788914,-2.26691715014407
-0.34498820499181027,0.6850371421952262,0.04046916812325344,-1.1306745542773458,-0.09462505194789035,-1.718197827066998,-0.5641071145856369,0.06665084927379483,-1.3563409563640016,-2.348172363568554
-0.19874221620911692,-0.6115341549658704,-0.3203367155172852,-0.4907879876501293,-1.0385357373276478,-0.3359152609296081,-0.9644009289979171,-0.20278449362532858,-1.8307861301772528,-2.566118900104817
-1.3898839926406035,-1.3415390206706095,-3.3009642235012335,-1.8394251612174128,0.6342084398592779,-3.7854209118999713,-1.950235577390451,-2.0498225193236173,-0.7913344855657829,-0.21610245930301172
-0.29582374179145543,-0.9158603178666807,-1.441305158507094,-0.15765825936141153,-0.4076497240104127,-2.526851204926165,-2.201503979378397,-1.9482250722650842,-1.085191413701331,-0.5259134981220757
-0.4434852986193519,-1.7949768554282308,-0.19585206273096395,-0.14189396530878473,-0.678053307399656,-2.321994718535483,-1.5971066602238966,-1.2413006642998776,-1.414806431721372,-1.34105468739086
-0.3066543585553793,0.47369241809485574,-1.0786088548024784,-0.8711183089622935,-1.5672131349562402,0.7015277910750976,0.32818735034148616,0.2742035440455366,-1.3185546525961511,-2.2299179004110656
-2.3921328569870663,-0.408448271047189,-1.030911372434005,1.5457626252463532,-0.4385846437963803,-1.5835210923469645,-1.7497896711606127,-0.7042599757830079,-0.5241651284820931,-1.0050923194751369
0.27297892542247126,-1.8037963777589927,0.605977714844194,1.0344387114440972,1.1501114407606985,0.5128035007108438,1.954583902759785,-0.0936651933337046,1.9169804206886711,1.0771302174369755
-0.2872869759283545,0.21357866555344868,1.5729004618197713,-0.5745541574396096,0.49370295102933526,2.0418278347995145,1.5164841951190045,1.0348028004605745,1.2746644370216549,0.3776154101154773
1.1371199142044293,1.3533188776218208,0.023294239747815224,1.007197896746455,0.10669747817869607,0.7950495779653562,1.9540634108449335,0.9589985560246546,2.351981287332384,1.3561782231005233
-0.8986338837118737,-0.549417482101811,0.12670623544935924,0.35021444087648945,0.5713418979326356,-0.5202850986409778,0.2496210203140229,-0.6276594280992592,0.554238079148361,0.04498659848433727
0.19882273020332553,2.050260698198615,1.5578853966056803,-0.47426687851430027,0.09656933240469392,1.2469607568626813,0.5995986760158353,2.8687895696567316,-0.10777179350405497,0.22639682015528717
0.6631746681254249,-0.9548243829325815,-0.9167914811704098,1.416225333800383,-0.2823432417435602,0.20506699172113488,0.2968601283636537,-0.5657882164940353,0.3757828888004463,0.32182729470428995
-0.6919788009437746,0.6940502959162219,-0.30298790338504294,-0.5158980408420208,-1.1967898048159038,0.4879262285709777,0.7342121949335093,1.0920663983256598,-0.2759208193193421,-0.9478471857534512
-0.8747468930246036,0.18225679777353462,0.7457004502915086,-0.5447598364076536,0.2123389339287951,0.12367505352003033,0.5688154203925213,0.3960773695065584,0.1765934267204935,-0.7782596760884342
-0.5373567426805805,-0.3448375893593089,-1.7923374434641817,-0.5825971202466553,0.7132424125104617,-0.019196045128268224,-0.06449522255070861,-0.9787810992038658,-0.31734410341109126,-0.4584805514831545
-0.498511828330999,0.06737687221332536,0.37506014689110706,-0.6351912789415408,1.47903635278455,-0.050410040446127874,-0.13501434052150874,-0.13220095932281728,0.24856436388464268,-0.5116823767950236
-0.5194431344527016,0.9132633513968493,-0.01466857429902253,-0.9251521276938981,-0.19193553831574248,0.35153277741315925,-0.5768570803394927,-0.13895726185570423,-0.107264040281701,-0.7172242960147899
-0.4263246294267912,-0.4480992264079486,-0.13947070487477192,-1.0343048622279656,-0.7382831504548238,-0.4253768918313834,-1.1420852881873393,-0.22108208617579855,-2.7724014447370617,-3.5189478712163362
0.16123963389195115,0.9429143320542032,-1.0833672288865288,0.027868143320982697,-1.6213740276195892,0.2070959784241762,0.02970564839545764,0.13754678946747703,0.09223461784159448,-0.5117180797533978
1.0048916821634006,-0.4761816072080926,0.15112331217437633,1.3071003836698913,0.6725089493394807,0.6138510254162692,-0.15737675622305342,-0.7489565935925779,0.7957769785250745,0.47695824935121534
-1.982530581731571,0.06844102249973759,1.7077568033406798,0.8981907175066388,0.21983391742221808,2.0566111277796058,0.8192291963839748,1.2284294916110647,0.8963057360775719,0.2923750937348256
1.8413489908591614,1.3139898017478564,-0.06863910229475172,0.15411309573967072,0.4169267944516979,0.675771312044246,1.8890615369631436,0.7360775890670355,0.6068132542775307,-0.02094269476556565
-0.4575214218112785,-1.1591270827473172,1.0296632722200438,0.47352185461588814,0.5568675925009773,0.5219628622780468,-0.4115041449641941,-0.25482453298472185,1.3034412212024806,0.3197968035703296
0.027274106547120622,0.6138285276151655,1.9610201483853387,-0.5230602471040771,0.24433329604941156,3.0166347526235255,1.1864896658282178,2.1120661583715608,1.767887514290853,1.7165393158817486
1.347961955038683,2.466689668654055,0.6140631414642381,-0.4919996679313674,1.0707217654763872,1.1713996096963588,0.6498304286783742,0.526962996490981,0.3556456791798367,-0.17103850832791734
-1.9377578423550128,-0.38552670976508796,0.22314349815267057,1.3617008232801409,0.24645223345443548,0.9965533115435838,0.6164507166976678,0.6259877367034904,2.503635967341971,1.4285515286603085
1.6866661144533774,0.8024802820755306,1.2086213432256152,0.20954402850608284,1.5519066980896437,3.4827269509413497,1.4411623069365442,1.8127829032658789,1.7237804501824878,1.438518460262353
-0.6440905728548327,0.2934937119656905,0.15786708664659402,-1.465614358355444,0.8238445475771736,2.1764693341200174,-0.7508177591068308,0.40627327067655494,0.8389921833631937,-0.03884208523346383
-0.09256387607658807,1.5406219694513157,1.4301888471199262,-0.5504837161901726,0.2642508472120491,1.5518819576590566,2.719316811787972,2.6609260237387993,0.6543618251772294,1.1081593777681755
0.5139996515267466,0.46417738007417914,-0.030289417191708818,1.9171732226886515,0.5604101532017658,1.4019531410822133,0.936671526929923,0.3864816110532754,1.4302731483539677,0.591299825961036
-0.13115538798064255,0.4446339635271292,0.30592172626447156,-1.061665057846636,-0.3772526313407448,-1.129581133251679,-0.9568068398232747,0.04233289124262196,-1.5622475278601073,-2.4475084263589038
-0.12740343960889228,-1.4711693673950257,1.8222294589302732,-0.04491014322407266,-0.024531552062249495,-1.3237197599229105,-0.10958720349732295,-0.08198624094339167,-0.29174247494285027,-1.236245827499182
-1.0402676004413138,-0.04833375316793383,0.5737223474576161,-1.3846571932233422,0.6778948951325826,1.4327744255427677,0.526414660842391,0.4804943906131447,0.7733827552226652,-0.10391992026563196
-1.2404141121285797,-0.06732155973424181,0.08441143341330166,-0.5003696838554308,0.13957029099224988,-0.4792373917826092,-0.14843227815028182,-0.07190693904275608,-0.01246986860918567,-0.6051143787418176
0.7448301277537352,-0.5229139570265551,-1.5521953632100356,1.2508897412412392,0.559214265533787,1.0719805765831254,1.3773139736703848,0.1361015496663205,1.6615430637876205,0.7826388177013835
0.7950916837982622,0.08353495637225525,0.42650611493560664,-0.48012549647082536,0.0238914559420651,1.2026062783187517,0.6636327865198502,0.7484831625778647,0.23871448798396525,-0.6742912897827906
0.6046960283090954,-0.9919978476889166,0.4957091793514638,-0.3206301247313047,-0.10118720280870053,-1.681833698573309,-2.2271776386061886,-1.1631011648877017,-1.6961718954900882,-1.6869553301570908
-0.48192600192011537,0.5482815867899204,0.01163332283234334,-0.4448347502528128,-0.029578518454662393,0.018495913929182553,0.09258596180951498,0.21621184331318438,-0.1449803004843876,-1.0297834212853285
-0.1907184188789188,0.13254596740173133,-0.2922633016239346,0.6134499785741107,-0.1489932309753238,-0.1529470271875485,0.6134356523522431,0.03229431810511779,0.6256625544766814,-0.03156640750592954
-0.7369364042922507,0.7376656107632591,-0.8367227577981117,-1.0171529389137295,-0.15552088244259954,1.7727672027734651,-0.8988900716266077,-0.007790351599467116,0.7015771324693426,0.22673808154746689
0.4882152445921277,-0.09870123602471531,0.4734036710958893,1.493828823391694,-0.12760131417308562,0.41176603350723223,0.06020224760397119,-0.12518329351201052,-0.09944879097668091,-0.6049123602642053
-0.9532033504732225,-0.8729857967843618,1.5648545111827963,-1.4033566022723298,0.5433643424485028,-0.042073412545078764,0.016679998033832702,0.013789830093130118,-0.05614267302724338,-0.7702053114505021
-2.6898909837805696,0.08016704258823013,0.6657948851419754,1.1046480194244774,0.02534935599761423,0.6803766670201346,2.0724641842591742,0.5395666390539325,2.3404255916879197,0.9330611082155136
0.07536035123136317,-1.1623323117181712,-0.1595801786647962,0.5335061305592419,-0.2882139209579902,-2.166515310287868,-1.8398938783004368,-0.44943622485914725,-0.6533213623435252,-1.3217986476022607
1.0085277132737527,0.22733775995208236,-1.2263401619147873,0.47094223365225807,-2.1697733323006374,-0.9764376099860592,-1.6579894737477752,-1.3377411697226589,-0.025111010443044757,0.06285246842307646
0.6633929953569294,-1.6064087168635266,-0.5563328463683125,1.055986015404613,-1.588506153955867,-0.2658114513807821,-1.3447805479251609,-1.9446859974328414,-0.8353292774959533,-0.29540266679247695
0.28423729241253287,1.0785829823839628,-1.1240380920205086,0.19363490934986333,-1.831909730888977,-0.250292434178819,0.3054304689710707,-0.02723422865641717,0.012342358648750773,-0.5486351988806641
-0.15138291016909397,-0.030013535544573484,-0.47629494330433614,-0.4695828199633207,-0.8709750616361873,-1.6355375729049815,-0.48199774941023366,0.15670261381205924,-0.8957745093313869,-1.734676397382756
0.9975698336844585,-0.7663302484228994,1.6715698976158642,0.321348772924688,-0.25482702357924586,0.4757148833486852,0.5594322933525767,0.39840185538168904,0.03985111482575965,-0.9809967728311794
1.281400763458394,-0.5983219831027323,-2.173294018093948,0.5983842106482086,0.34493873541460573,-2.1738480394352644,-1.2319379216960105,-1.537316050447681,-0.5846519111898374,-0.2999807301057123
0.4701525807330609,-1.5478871506053327,-1.1688224156948068,0.7742203675179153,1.0016898917411683,-0.5016435684905333,-1.3956189878044114,-2.2183818976230887,-0.09734810380569159,0.42513629492805327
-0.08457960485629723,0.3392972850649104,-1.2119957412074198,0.06347669311262347,-1.5222655079740575,-1.3569076016351187,0.3111574224511149,-0.10148855684017066,-1.4989006965118645,-2.3699858725063443
-1.1535639915148619,1.172410492146489,-1.7043631683480636,1.0209167632471359,0.09580105051774679,0.6801226276177026,-0.1903477372492366,0.06414141273697142,0.923149268008432,0.03633460469950874
-0.44315193749783,1.0985954921524363,-0.7261709734795183,-0.8452183446495651,-3.0901934129060535,-1.1294535261530299,-1.249116411398521,-0.1553454057729895,-0.327798141682315,-1.4103292130756233
-1.0745908691280366,-0.18305068822716447,0.878915590116515,0.6055951450560385,0.5257529435706589,1.3184401226394404,-0.73441717162398,0.3111406708356108,0.94683973738825,0.1922833071274334
-0.4119080776238807,-0.468153689911346,0.8145845251543743,-1.5759712786273299,0.3608672221348629,-0.8337691294293759,-0.9411878979238902,-0.31184570969054254,-0.60476331141087,-1.2310571949182492
-0.4684163204911298,0.41402433748476164,-2.055655954292743,-0.3276389536019073,0.329531385121398,-1.1774121255058332,-1.4440522908493358,-0.6800914932704262,-0.9165468556791839,-1.5059188306053413
1.5656903949909942,1.031771030739873,-0.4699724235368328,1.0416129983789975,0.4117011288520521,0.45098460624888936,0.16691582886290135,-1.174179518824941,-0.13377494787044752,-0.12627591617574369
0.01334829610853638,-1.1718653139247395,-1.280597226903679,-0.12114250993768175,-0.4564135076089204,-1.4046085721541415,-2.1843530700113205,-1.2408403656989453,-2.0081172042742605,-1.928230492900945
1.6642545197336103,-0.10888473785318804,0.1290619531507031,0.8766472989229067,0.23618322399701286,-0.08654693247031597,-0.011172819846288207,0.02984988756520953,0.14942487683049666,-0.2376420483649649
-0.21162677996476806,-0.7238933009259846,-0.3770611497688754,-0.7287389431283822,-1.1828006089285839,-0.2944706408781172,-0.19617270525015096,-0.039276111643221534,-2.6700920024411157,-3.5304568749273324
0.6656633075568852,-0.034590904644375184,-0.9139183507496118,1.5465967192787922,-2.42034119063674,-2.368061379763898,-1.0473041410846031,-0.7949889530232803,-0.8216918692301326,-0.6431417480234096
-0.41269084624110375,0.3088731664630235,1.8701399963943062,1.4363512295855028,-0.3656381938767192,2.0763644646295236,2.4317381685474455,2.805507412349457,2.0399057393273274,2.7943277206580035
-0.9594267753316209,0.16026209209420542,-2.4801749976280827,0.018550471608420827,0.3245387774959856,1.1431454854172238,0.990475163573308,0.4638935822968555,0.6583353137076395,-0.13286185913051324
0.3009337469872479,1.4741539997528,-1.13072491054137,0.8188978070420274,-0.4636861580517679,0.4138425504097707,0.7678240288605586,1.1247105975795788,0.005683275571601976,-0.28142227680627
-1.1737242738621947,-1.5924204481124562,0.6259579785521664,-0.5862576872248234,0.8389522229511606,-0.8088127305574495,-0.3402797066901402,-1.5765306783315673,-0.015869807506476707,0.15940349289636702
-0.993666572733508,-2.5652385134529783,-0.5633984461366119,-1.1572048171810665,-0.9601489878554432,-1.6681117252754407,-1.9351746947674768,-1.3080853505937413,-2.7653726544433703,-2.631202795011645
2.027083734900286,0.9966691361781223,0.8377503942225243,-0.6134024926962419,0.4221240995817821,2.247072767780316,2.3289588389717815,1.982752469226355,1.7050208823728692,1.5240725283611984
1.891552599896041,3.392630735441377,-0.9055885412074334,-0.33740148406827525,-1.0451326003041728,-0.8662466015777761,-1.8549125489023277,-1.1617426589490267,-1.374718902011081,-1.3677539779111942
1.7586149347484497,-0.6505066596086233,-0.4760286674624702,0.2013376087116775,-0.34607100900824267,-1.4761623751018897,-1.157176986532174,-0.8203130662299846,-2.2556527447305372,-2.641991632860293
0.9324396569791541,0.8760178881595495,0.16562225754465953,0.7058410302289945,0.5835005574816687,1.0095970686548315,0.8368434342998392,0.7035599589730166,1.4743103978012764,0.6329868288876728
-0.3920684028664903,-1.344275285743276,0.7385112717492115,-1.3287513743042276,-0.039565048166464445,-1.3801711338556981,-1.0486577619226392,-0.38129624841973825,-1.335001272838101,-1.9589656509441278
-0.3644155868302013,1.3737617582077033,0.22963291744732153,-0.9456223664844363,-0.1996467616864553,2.1107014512098923,1.2765167093718102,1.4029027418446758,0.22178037807325685,-0.27262268309154136
-0.7083756283305257,-1.2047858961078297,-0.3422218411939797,-1.1262302857911466,-1.2776373370205043,-2.204405753442131,-2.471544612533668,-2.86493829316411,-2.2890350843358904,-1.356790901988424
-0.4161818542799289,-0.11974180561491148,2.1186915781906257,-0.5511685257200865,-1.6496839297205277,0.2782188903928617,-0.33467348591359436,1.7529178434017294,-0.43106394542773596,-0.9103625453779232
1.091349335129968,0.7300165025824235,-1.7831154848396091,1.4986828212052483,0.17940513861965324,1.675127446138345,1.1304846776817694,0.2725589836575806,1.4303437664773269,0.51343328194675
0.2943226823953422,0.9710905584744514,0.4188175467749268,1.2651646920426565,2.2136886697626648,1.1398235090948274,0.7698059176508496,0.006415737865204552,0.8825696416260052,0.09437281737365377
0.39870190252261545,-1.9175203399179865,-0.598146656085269,1.325758035929489,-0.585661861462845,-0.5135090655110253,-0.20740932192314027,-0.46657356583223764,0.029774067422794426,-0.32495442452184753
1.2969346411306197,0.03317619109950898,-0.44260498582856017,1.2682042093861985,0.7939828638419738,0.5371894468991111,1.7783443719295025,-0.027718418155725733,2.6141943292162457,1.6254988089359195
-1.0964879282725986,1.1546052690598292,-1.1382185446070832,-1.7010226800360415,0.314630617505679,-0.43442623746860726,0.7152830732283807,-0.2554224482320261,-0.34469966855087364,-0.930854707907258
0.4609451192898797,-0.9904164857125403,-1.8208681288667383,0.5643991055001222,-0.4146678754268871,-0.5595358345254051,-1.1120809205815738,-2.5664364155608443,-2.7177879804007876,-0.7904964980199294
-0.0796463172458356,0.9186560520948837,-1.514089064174021,-0.9974244612073487,0.5670693856217535,-0.23262973572193132,-0.00015415215980379982,-0.385253458298259,0.11313750436563852,-0.23396097074551847
-0.0428345517923412,1.1279525141286857,0.17283916806478214,0.04488502278639604,-0.5068731042279042,0.5362111557897851,0.25336199815220495,1.4926673714247785,-0.37460417702551163,-0.6885179369111978
2.034454192531653,-0.27372612657872986,-0.4763117366372071,-0.5225913464149727,-1.165083006174929,-2.2571766419294033,-1.3806035662809997,-0.3143779322463194,-0.9865252651692694,-1.6149050902559712
0.5737232631868577,-0.4582217571870816,0.2601431456310993,0.14121933229916683,0.9708703371441316,0.6131522679926946,0.2334990516999747,0.40810725407138043,0.09374922443718137,-0.3875307901908178
1.5000830437281445,-0.8188783031737077,-0.25680342945371154,0.18065464183609029,-0.3843457364014476,-1.811981152923933,-0.160998645249667,-1.420439871894319,-0.6138992201490098,-0.42326801469293085
-0.05662045768427722,0.09421948412290967,0.589850174204285,-0.3690033390275852,1.421788540909117,2.677231979776923,1.0727636898615336,0.2759345046386791,1.0152400528070469,0.07726793386780441
-1.196806300962173,0.07187218238237304,-0.5362309777541006,-1.353140981069302,-1.7311879540948585,-1.4872782213782594,-1.4115127567076189,-0.863526174415457,-1.4079823905827311,-1.6515251285437316
1.6788728692439494,0.2809618422097217,0.15387337805947066,0.3231519556965283,0.9352994895126241,-0.1989723024501117,0.938283101979547,0.5748060062826266,3.5230871234501837,2.223288919871796
-1.9057433772057017,-1.3407472557921438,0.019440991888003172,0.3471685378829252,-0.008904211844888092,-1.904114337271687,-0.2971295621177479,-0.8087692220033301,-0.7987267453228117,-1.1765155076982186
-1.3062052662905221,1.4104485456581743,-1.8665853423616092,-0.36832979808236255,0.7778510289721121,2.2634540037807898,1.8130671351417746,0.43453746527749476,1.7570948472736132,0.4138063915480522
-1.3008505971971327,0.5943615720238351,0.6174314503352047,-1.2002379507910232,0.8404371451289223,1.62720556674415,2.2327506453555044,1.068030404717269,1.8499447195335912,0.6687967548840821
0.6149604628187225,0.23774526359074272,1.6610971799946748,0.8143089410078548,0.43562219770876404,-0.1268703813071238,1.1193467004986668,1.232317059461332,2.9122969976477435,2.1437484689728423
-0.574577900517906,-0.5311586278495658,0.5269527582626193,0.07990168216735849,1.1024351332042013,0.059196545848358414,-0.5946877446001284,-0.41455654572166045,0.4449374894318444,-0.02873643194260629
1.9308663834562827,-1.3393400874528842,0.5026054219013464,-0.6385829713831145,-0.48029030134010575,-1.6583758225099317,-1.7876528247750896,-0.6538079668592717,-1.710111817904351,-2.131129320818122
-0.5087557089571637,-0.7248430999827776,-2.387690278160967,-0.4184644265514352,1.5609684836981563,-1.7464589947423048,-0.43624859321825615,-1.2828725579167668,-0.6290567656522851,-0.4807988733808324
0.1254568405546486,1.0670939294994053,1.5357078047616277,-0.16745593832165132,1.0065320962209026,1.2867255401211657,1.9911172931762995,2.52138316919121,2.837239148062447,3.1904561444080275
0.26660230354297587,0.9619414445371107,1.1616277953250678,0.13369071182477682,0.9096245138130876,0.43337621686262817,0.49433885759556717,0.8107387864477242,-0.35682329975368887,-0.8457280719544048
-2.0096355876574203,0.989864387385633,-0.29955353817974834,0.7231820670531637,-1.1269897447788364,-0.3952134216815012,0.39052853135936594,0.21262290180901322,-0.6256194673035109,-1.746303252062948
0.2651372431134572,-1.222147402236399,-1.8111201062050521,0.36665251360817064,0.897859569687404,-0.3973716549997532,0.216367838529787,-0.4816513729636851,0.5727106075638194,0.10253779344009
0.04570821756241009,-0.27554578730539897,0.4909266419509579,-0.3627827980870887,1.7879491106996415,-0.20505270027880412,0.32524608181151293,-0.33026637577935497,0.26294145022309856,-0.2570459636294289
-1.091635034233172,-1.9560209517235265,1.212902313807367,-1.272554336247593,0.8678198205425919,-0.03867253733158102,-0.0433926815998794,-0.1730652362744375,0.17593419196681861,-0.25907987458151865
0.6577094854612966,-0.17203837458619625,0.6567546511768688,1.7338803552456141,1.001144904021872,1.3044955027771235,0.6530371354022984,0.5148916951799003,1.9741436968468575,1.0846188363792408
-0.4656026085019637,0.19244735610970126,-1.6112563928652297,-2.5692722852766465,0.09675691947205634,-2.555147430036857,-0.5133874765034379,-1.0811861939208507,-1.4965871613603166,-1.558208428745972
0.13359183050777002,-0.395148462058063,-1.923035860418119,0.9473209280764294,0.9205275413695614,0.3023564069679862,-0.036052594407772295,-2.5016629366282297,1.6618586669644444,2.7132232395032205
0.3454811778763376,1.0684087081277367,-0.030990682685060358,-0.3214764289611255,0.30138362858293294,0.5545070290818136,1.410933487283555,3.06712061858242,0.6001808816422709,1.409248530705892
0.9518598298658341,0.3994724891509036,-1.114374237611387,2.0068533758768883,-0.5059823488812472,-0.4585655700503882,0.2183547317967633,-0.11371396345752924,0.23355410554244874,-0.5350982063223203
-0.12366197793940856,0.24494364480763672,-0.8708177300458966,-0.5405806765182883,-1.0702839549746674,-0.3014566501527429,-0.5092564943232556,-0.4285880521443957,-0.06060107462704689,-0.5915494855811687
-0.07903539477900093,-1.701235755054264,0.059355996700242476,-0.21672182361047765,0.575496264209221,-0.8459828062839283,-0.121936067577315,-0.7315235932760545,0.2766203548233566,0.17445426569648914
-0.9028245909847078,0.7333535668892507,0.3947237496536328,-2.1910722163137484,0.8144608272123484,0.4456931201622933,0.17300924959980724,0.8438281885498118,0.26850873039824563,-0.48982485866313563
0.08731987344984986,-2.6279477725307108,0.21772015328938585,-0.03163392944144275,0.4530387792337928,-0.6128952843556825,-0.5948115788260134,-1.0817321536712883,-0.04499165493169244,-0.08602146667011057
2.12783340010457,-0.6411920568232187,0.9713177894133732,-0.5024083612867647,1.7711692906805498,1.9817990346015213,0.14423678624053626,0.0637407765755022,0.7435201972701428,-0.07800952398268834
1.9364646766605675,-0.24706120631359993,-2.493442219313085,0.1953155242047408,0.7566981154640816,-0.5521474495855874,-0.23557418351133813,-1.5696246759300627,0.28387132395745884,0.8769224539204945
-1.1343560016630982,-0.406071205236543,-0.9199925417918163,-0.8091495142499798,-1.3565049960291433,-0.7866182283006271,-2.0590064102215484,-0.7899563094107074,-1.7001401209797908,-2.0056858755509483
-0.011887609918390909,-1.626062134512608,-0.4280762917395352,0.5378844953375356,0.5040056177544615,-0.08731565319826956,-1.5632576446067588,-0.927488542452079,0.13234329802044015,-0.03319428823198797
0.0694002962772394,1.993804228480191,-0.25419656429636434,0.5250733692622848,-0.7906439219098871,0.6145151750678661,0.3475051848556301,0.6557353290474323,-0.23296502357976245,-1.5481008937438565
0.8892246185225086,-0.606614028326222,-0.8205858339747543,1.6463668592896417,-0.2199880333160399,-2.116869727753025,-0.219345649893398,-1.0192031696442339,-0.48235516053103533,-0.650681976793014
1.0511901097817786,-0.8159048851092998,0.5862388170274813,1.4815385615624033,1.6648692685931756,1.054163425122122,0.8984493347633687,-0.07366452113478994,0.7033160914419448,0.09410485298282134
1.1096567482083428,0.8232555415026758,0.5640929027961109,1.751856824290356,1.0348049693963004,-0.145979622930119,0.7330931244356478,0.9811406541423796,3.7774549650683324,2.93033568064709
1.2146978755878264,-0.8947505291317549,1.3831745399764914,0.17272678184443047,0.10390150131393189,0.26010065098927826,0.14225016755675496,0.1996566413819272,-0.06510499645458612,-0.9320947885394583
1.5244314426811223,1.2083942889156631,1.3984461703686264,-0.5685769165076209,0.7048215907334859,0.9897291102143077,-0.23839810927063554,0.9694762925753444,1.1245537828061494,0.33648828696695704
0.5534332162373455,-1.028463861350935,1.9102978687310872,0.6294360513219734,0.27018892424500673,0.5102915262518904,0.17223375696444543,0.12790134221520355,1.331415249216012,0.213088309166384
3.528874312637547,-0.5265288487806705,-0.9309602563844126,0.46317148917635265,-1.583880031716719,-1.287703868374036,-1.1621940022657566,-0.3878282012874711,-1.1914534679422764,-1.8543053229423183
0.12698671338241405,1.6572981588117819,1.2825691387759517,0.6374009236092997,1.7409700141677398,1.3003574959979445,3.2276320140778902,1.3478363850043704,1.9586001061332472,1.332425090131942
-0.2777541848252718,-0.5389462146618051,0.2952136474154855,-1.2069319420667421,0.979927444752138,-0.12947788717282016,-0.11887188066812349,-0.42251403444307933,0.533749937128112,0.5470564826607759
0.18987238289118605,0.578084264731774,-0.06792218846084162,-0.7264189525710971,0.34531188242598904,1.3838615795162261,0.8316594482022778,0.19345244202383882,0.4309941205894355,-0.18638680881493563
-0.7951251396813032,1.1347733379813563,0.8438148168776216,0.1450506916607407,1.3419497856190041,-0.09689708563101296,1.4910717638804245,0.5167120381554198,1.746864249251115,0.7767382111260812
0.5596654819795308,-1.4003354211113468,0.6356939521906767,0.7726050932435122,2.3817320502071593,-0.31522751658931336,0.2180991549396929,-0.5471392577977229,-0.48249489008131835,-1.4152021867117073
-2.3493970686124492,1.276605830433299,1.2060299306587463,1.7577074197452807,0.5343148854493238,1.9798696085131442,0.5625718206031671,1.9286634372644977,0.9664079448893697,0.7789419518383283
-0.43001740044320647,1.0328167332421,-1.0390442824413335,-1.7206197129347638,-0.601809159401842,-1.0442287750823989,-2.1050789264688508,-0.009154703317185098,-1.249302676319962,-2.041635650880265
-0.5338308535019829,-0.6666514401685948,-1.2923301938341623,-1.8255176803755666,-1.2760269106211,-1.5903257566425253,-0.8459427661314796,-1.1946198801080075,-2.4265287811765432,-2.390932324481081
-0.7320152943467407,0.07660942517816556,-0.9602843814594415,-0.48613834968576414,-1.4166241377348299,0.17725732278002837,0.3341197052394926,-0.29347899062740057,0.09390589286132633,-0.4936553843529077
0.44915927007487044,-1.7740310588463162,0.48442597442269913,0.28943490796161453,0.7100344297651122,-0.5382611127233279,0.6246556713086036,-0.7958209309799938,0.3249122729189638,0.023659717771002106
-0.2824999810600108,0.676989299153244,-0.7861346883208263,-0.8496182763896288,-0.763030643244148,-0.7125161086829462,-0.6743308032268328,-0.14459232838915054,-3.9275610790347217,-4.796003964443198
0.1570764762311561,1.4982220075201773,-0.7056562442225877,0.6178739395643844,0.5763868473799284,4.154501768889745,0.18390018582250445,1.1116875669093136,1.230732863479643,0.534888440028706
-0.09214257836892824,0.826803415702109,2.2998216380205694,0.23468614465849078,-0.9816032341673027,0.9024110715623596,0.4510965614898811,1.466181719101948,0.3403476414947204,-0.1616828184608841
0.6577252800605674,1.3351159277939575,1.2122828137722717,1.027578886708454,1.570983717945135,1.7363783788412412,0.9110805478207342,1.2368366306700116,2.410903314868927,1.7120803821030084
-0.18146111608212703,-1.0532272042460087,-1.9941544461264022,-0.2561050037985899,0.05659466491471521,-0.40073638403279566,-1.0320303978337306,-1.6841556523358756,-0.3187979437697217,-0.024096001802302758
-0.7414384609989629,-1.521913884597336,-1.5212365439610553,-0.4684551887892152,-0.4247239863615156,-2.4998391033201774,-3.396385142709849,-2.561244658028925,-1.6890235483153773,-0.7516612945255869
0.034705413081307306,0.09039795070288295,-1.0701812305377798,0.19451988843996945,-1.1010126031303458,-1.8557536083041763,-1.7991884410624177,-1.3184521094699133,-2.198397243915369,-2.0507809443117813
0.30143873237170477,0.7833461947648677,-0.7931315858328549,1.2328729583733402,-0.20380598343032696,0.27213703625989305,0.3053641896993665,-0.3633691217650932,0.5941214014008388,0.2143411447526135
-0.23738052024382483,0.14624752070377825,-0.1816328303078883,-0.36241212890484975,-0.26777964195308934,-1.5878119845724723,-1.1644825261521121,0.19513654857040258,-1.0280368202844945,-2.2650555338043814
1.4294861272536294,0.3283886482430199,0.43776281853583277,-0.04689896207816313,0.9548643545656627,0.4568611105860796,0.7447922391759803,-0.1974255700717007,0.7989813259398275,0.043156984888957126
-0.10569377769588181,-0.7311776165518368,1.618357324774687,-0.3400635398648452,0.07764451653859392,0.7644832896862607,-0.5021308852060729,0.1353548440847104,0.1890903407062865,-0.32688189166760806
0.07321980022303486,0.5190119991841193,0.3188998052659325,0.4134917684251517,-0.02346712385785843,2.6619140012098597,0.14859953012804183,1.0078033231823507,1.8290384899788321,0.6739299365277398
0.7509633048171402,-0.44535898587432093,-1.197359210428671,0.20917114269243664,-1.3706730812052181,-2.0455037120744652,-1.2231955282100344,-1.376851457949391,-1.7048286141462563,-1.5136023659658777
-0.36145522265644314,0.014981211953715993,-0.7483952288150401,-1.5444281581472792,-1.2020650685507144,-0.4748122646555364,-1.5248815758382928,-0.8755286494956969,-1.652908001703508,-1.8888189128720767
1.1400604002135688,-1.1759970262564141,-0.45717933733715893,2.075203612880979,-0.6551690155574986,-2.421503464768148,-0.7460883305683081,-0.536841417838522,-0.6367950171205294,-1.3626484454799228
-0.33357630875798533,-0.736891361674434,0.17687298730444903,-0.5327358039414842,0.35422918608815396,-0.41156598209949524,-0.18863622106875244,-0.5911967249114657,-0.45704518756170776,-0.9305577392525716
0.9011820519738977,-1.7085169296439697,-1.2693579482565358,1.8364342940235554,-1.3398223838111725,-0.6682646413787603,-0.8502681583300898,-1.4081087184026124,-0.8588811264926385,-0.6520286730763106
-2.026954346872136,-1.0863052398240498,0.34966677834606497,-0.3306258917064845,1.347883859615375,-1.51242786142854,-0.8878553282992611,-1.0811109593888342,-0.5356308668603234,-0.6500389849600501
0.7855635215813466,-1.2557359662577177,-2.245147282981052,1.305919118797201,0.48409334594499337,-0.5344299880985732,0.35330909282981454,-2.253399246371232,0.6107040388323057,1.423483775631796
0.3549690383034589,-0.7671143469159957,-0.6465379869948069,0.7720419382998738,-1.3428600474370214,-0.4751847135704659,-0.018762701422477046,-0.3564483458771234,0.06800417832827943,-0.3701192039795509
1.6486290137693154,-0.5876794509794749,-2.432712526823806,0.3735970903208811,1.709640680718346,-0.6086981993204978,-0.2281466600941911,-0.7293807509080045,0.22034442836801807,-0.0724422811530961
-0.7768005545781353,0.9511283919072746,0.1554941668281297,-2.274788952045898,0.25721660778439936,-1.6305524474251685,-1.3557092686773666,0.19316358256151378,-1.4564735159935096,-2.842092288165184
-1.5253333910446014,0.7616027293117699,-0.6245501163982868,-0.2517424840752181,-0.055506282829014375,1.068130012022142,0.10975449136664679,-0.06917769388934075,0.31378481572422856,-0.019161437045812635
-0.2461526791233077,-0.5734405320215078,-0.7649369807265459,-0.5986741435304785,-0.898579060193162,-0.35811037830849335,-1.3357709894798406,-1.563830372181946,-2.3724580205233154,-2.024410874116866
-2.675349371254914,-0.709935232097258,0.32977338930801464,1.952615133666555,1.319205584221125,0.21388904125425431,0.41244045007572916,-0.9942340953945569,0.680885746462641,0.5629668282327631
-0.1981842521576598,-2.1952624517991617,2.562370532442585,0.3323349921799516,-0.5016617807897878,0.08586039210917193,0.11136490925181958,0.251725178129085,-0.2783785923704487,-1.3046210290361917
1.7896952612597898,0.8337033436963309,-0.08543309071187423,0.10966007633460388,-0.0985075679136854,0.24626075221941585,1.4666235739627107,0.2542889689105674,0.2108018529021235,-0.6583263869494056
1.3975738099808956,-1.0986000419900492,-0.5924872631315753,0.9439712353399337,-0.2564069737561626,-1.53743080280469,-0.8869292193965096,-1.028650456442738,-1.166743950887417,-1.3275132105484118
-0.26900536009224696,-1.0881072297019279,-0.5478883740244886,-0.11500526583608006,-0.9640229111499844,0.5015967414699993,-0.6062498062416842,-1.0822453540359036,-4.4476012472939415,-4.518914575553664
-0.5349368800739376,0.9170306289714182,1.7027900647179972,-0.865224192912899,0.07117371117692195,2.433418527845098,1.263267670124852,1.1946380630640314,0.3455930870464955,-0.36310324766866703
-0.9391598722356526,-1.019075883705119,1.190501151420208,-0.03517673844117275,0.6862107830347637,-0.11539097301684532,0.41750705073327504,-0.5046923681505455,0.1605018155577624,-0.3478362605800349
0.17622028011140936,2.4558053073137756,-0.2171271236561774,0.3965406337903756,-0.2673039583064747,1.6836634792043814,1.6629531856930042,0.6123001484508226,0.8072576079417275,-0.11270133653676828
-0.13440773999120909,-1.7223891106367433,0.7420144435992853,-0.025219238529967353,1.505207802964686,0.29242806839988217,0.15924078403893868,-0.3053689420596384,0.3992983808258532,-0.1630767546644728
0.07249408667989504,-0.13159603468949269,0.3341713788599818,0.12817846457678886,0.5783132773842347,0.37206082891741465,1.6280890977749327,0.06965461829449701,1.3405004075304097,0.20041596596718525
-0.3234802012534905,-0.9311774867702443,-0.51962462348814,-0.8997827705805431,-0.9023656115028047,-0.12776765804427548,-4.072388828878484,-2.2738807063318163,-2.1087764175739707,-1.3211593831119695
0.8388186970677574,0.4092491282800466,0.8649177806988895,1.3372654545942386,1.2218989719498576,1.6167548512321415,2.091959092992898,0.858013072628297,2.185816611712106,1.337617513488636
0.45197979974385155,0.6693398000914735,0.2000951260368431,0.3567662759984622,0.4104003352092595,-0.34076030114118333,0.3085954918755405,-0.3629209910388792,0.7599558807794289,0.04461797301159673
0.1707816233754125,1.3745495527956537,-0.7508139181663758,0.6370359868871295,-1.4097039443845043,0.10369507624676605,0.9038819237932146,0.480846085230503,-0.06392863826961377,-0.9650208087111961
0.2937297138617534,0.9973183228927155,1.3897753995275333,0.5373943611764146,0.27003693501989395,1.9905082142339658,0.19906592959745084,0.6586262684818872,0.8771184897828854,0.1389343582329624
0.3503494800364132,0.31773798117835117,0.4743555014868064,0.15766364588268478,-0.37143349872672626,0.7115043786269446,-0.7491718733811632,-0.06410087203981019,-0.6911606041325264,-1.6196296246050688
-1.7823182834013929,-0.0733879477612682,0.3996110493262431,-0.1309576853959662,0.6647766158088848,-0.4794855759896617,0.3736130526819098,0.22636403785219023,1.6189880287686187,0.28192300109192286
-0.08272712734077432,1.340799406758178,2.1929329649607516,-0.20329189882938556,-0.9671516071699582,1.93490978235131,3.1184425879593505,2.2415855678046785,0.4134547449467165,0.4131561286238986
-0.46495980253672875,-1.050498295943853,-1.3021324961457499,-1.257518370794659,-1.195152993369814,-1.3682926065460752,-0.7309575601792994,-1.4669543501904294,-2.2753725705376966,-2.008962473775522
2.201542953498508,1.6056725788074915,-0.3680537182746165,-1.1031308037472494,-0.5007888566910824,0.451162752773636,0.15306936199821958,1.849393062364835,-1.2674579150810326,-1.8008857330469437
-1.4688782850123383,1.2150782472556036,0.416115263725581,-0.4439201698584796,0.07472448607378934,-0.02015190727946703,0.4831138460997058,0.5384815973355356,0.2859236169630916,-0.6275278631699452
0.7308428085231786,0.9406605682472071,0.9833375872327089,-0.15519055510358004,0.2656091409836673,2.0755920260333838,2.040847512405934,1.1616149500370565,0.8331059482988818,0.20347014945842867
-0.22462998928946953,1.519858630866847,-1.7921697837231259,0.2679872562705966,0.09156140931014482,0.08839141243548443,0.8673999855551588,-0.02859921910054125,0.560100164149693,-0.15684412650418056
2.59987069707701,1.0505653751973754,0.12469199382281712,-0.3374072278317175,0.07742984996447674,-0.44721559586967663,-0.2586553066521479,0.17555398661985278,-0.21973225672292745,-1.4848642909243968
0.052895506275748336,-0.4971438721647082,-0.5197163974599569,0.5898549677079006,0.13514162693751763,0.21571495976373345,0.20174348089389332,-1.074106436058287,0.34876612182979394,0.3398874719422117
-2.0941293222312085,-1.1012106009685345,0.28049406720118947,0.4441723570709145,0.7603746529155468,-1.5819079835822438,-0.5411130865374104,-1.2314762411112679,-0.09728661022725299,-0.06378176052271428
-0.4991268969637143,-0.10185886796928717,-1.6026257889595878,0.5445399401418924,-0.20987452091002082,-1.6889759805885558,-2.6716806783484883,-1.7012065187965846,-0.5592615399208725,-0.19763376749271966
0.3560887795454287,0.32127970733400396,-0.7389849967828152,0.08100992918181893,-0.9550856847216337,-1.4480390072461478,-0.025082721600433677,-0.164997235692528,-2.125362988229415,-3.0099854541560225
1.3726226795965282,1.3495832689920992,-0.786519938603298,0.7547675881454788,-0.042142587797180164,1.910215687324218,2.0221335615700475,1.3670564446766895,2.313532518613706,1.528879994140448
-0.9093886294903619,-0.7504447245875349,-1.5235290573103222,-2.596919061172497,-0.6944932950449254,-0.5487626623348705,-1.866239483643113,-2.2302440736428593,-3.050175155820845,-2.257721401881776
0.636976000968639,0.3305319312206577,0.4468613758650853,0.865713854355215,0.6635196964082068,0.6592183876461901,2.340071565417283,2.333299323752385,2.740167604050574,2.8987629981283423
-0.011913222880282653,0.34006424021447285,-0.36800730870717563,0.36891421087898285,-0.960427489658783,0.38157655930763895,0.3601279429807305,0.20438198793032453,0.18799514615406931,-0.35475053135655243
0.8501895231056014,-0.7665137812566133,0.7056841796177162,0.8531953668971353,-0.13250873774849115,-1.1078569525147017,0.43833969875000445,-0.46723697255262353,-0.09340095654623226,-0.7037649634322553
-1.5774125912888297,0.29328679853854656,0.49306612656610593,-0.4469742678300944,0.18617153914224926,0.8639076225237772,1.4791846703007603,1.277445267286344,0.21912775322804245,-0.15110064399007062
1.6731060495745727,0.1576147785326912,0.7786294364799644,-0.16642666379113025,0.6790946006888485,-0.5928416795928624,0.5399699296686792,0.8037451191148346,1.9641191852571527,0.8881083484082457
0.9279215031381043,-0.7913190212402775,0.038852245360163774,1.2679231879289397,0.15886246528501966,1.9824502112602644,1.3581074352177827,0.3189584606630427,0.7554610837044182,0.06405170692644352
3.0079606302200856,-1.5931488560392602,-0.5311917548434915,-1.413582274707252,-0.29108905596303225,-1.1790781150297693,-1.0710352714479041,-1.6903822460034243,-2.895916130028004,-2.432994487543707
0.26682398105780913,2.5463736495011076,-0.11477135939257359,-0.32176531247471496,0.05786166899737438,0.8887204752286375,0.052437192149511425,0.7898761180388574,-0.09194513093892698,-0.8574148071544396
0.9166388427287445,-0.7793417011347817,0.9983864139425542,1.360056799598159,0.44754047064482994,0.42242484064586766,0.23337814121836414,-0.40967468366185084,0.7517093165851426,0.24004746904825308
-2.0547590785824736,0.7527218871848058,-0.6797042286836897,0.8356271835231937,-1.108600543526127,0.493265701483373,0.4239907967622856,0.7114600847199484,0.1659683504316073,-0.7415492078164118
-0.6794026196143532,1.6803084222190916,-1.266994186186535,-0.23560186439757458,0.029579151813976412,-0.07802026916088506,-0.485121940183558,0.5247241487339512,-0.523649392531443,-1.6423395252099717
0.8463134293214295,-0.9608114520643558,0.8043939967086885,-0.14969901843522848,0.8156126333114295,0.08528038919166231,1.3624377887763255,-0.6573186298147983,0.8401126801134634,0.4356995435930442
-1.022299971034661,0.11642754972833419,1.3340927733083663,0.6363107817025861,-0.5949532751492219,0.6172479159658475,0.4023543620386225,0.7180490983859985,0.6474836889686473,-0.17306589451456267
0.4800856174871706,-0.09557495075244565,-0.031890675716939904,0.24949807059512386,0.03255098460899601,-0.03381816113749858,-0.03857521136043618,0.1609719388820231,0.13340153978504224,-0.7682760641893973
-1.9797683492258782,-0.17623426217119847,1.287192821485127,-0.4366351367190805,1.639720360074075,-0.5467780407972329,-0.5144349122458897,0.008836802742313576,-0.2567290802960569,-0.922331221127604
-1.0129227108854435,1.6666084316221554,1.2086589402107586,-1.0321393957705416,1.293755439897613,1.9268899674016162,4.141533983743983,1.8118288272808662,1.7911810857184367,1.4631514860119077
-0.16404019263137815,-0.6080717474693949,0.6096782789344827,-0.1175174386830252,0.6134780439457257,0.8362823521706481,-0.13312590722241546,-0.03444184071346895,0.8276839421684146,-0.05438563792798844
0.867845961481256,-0.3487998557746379,0.09929506128805883,0.905147971429698,-0.07400437813995181,0.29758065741511425,0.22476706103334615,-0.5263062130775915,0.36472593837532763,0.24930981629019455
-1.0928795987101187,0.871651751051582,-2.3144186488674565,-1.169056501251202,1.7049616891825465,0.4989938217372253,0.7075246539629669,0.2522008120336224,0.08302208087634724,-0.8910994407432731
-2.9828572959111894,-0.6729561156223374,-0.45792134894984127,0.7433271113296318,-0.3341784578987205,-0.880017383141169,-2.354598668965048,-0.9384780155073273,-0.5121259125480675,-0.6766515243782398
0.793211103580464,0.2627832322861547,1.1949805022105484,-0.41814391608230517,0.8324016152279107,-0.01844572435569314,0.1683893552503397,0.5431521933342811,0.15994406799678929,-0.2656637871230915
-0.7730762665977478,-0.8696535540437043,0.37533852998746053,-0.338722148938985,0.6788388981647779,-1.3558663213709896,-0.3369676952356733,-1.3065404603752575,-0.08713673593617166,-0.0022720098969694624
-0.3293878031000519,-1.3985022597586763,-0.2656113881980866,-0.050820741527362046,-0.024158948619726783,-2.0063507351961594,-1.0307747650259,-0.8400942442618189,-1.760480778908363,-2.1486575141674535
1.084762949911726,-1.6191661570784948,-0.02993902571058777,1.0525982640160672,0.014976645549176555,-0.22592028423655314,0.002283436846530873,-0.48415077129900963,-0.21367577369259194,-0.7887954438878308
1.3914942482782027,-0.011235041068568288,-0.6281760705773494,0.630377184276372,-0.8234231439536174,0.09157937334387103,-0.039969825147371685,-0.05700704923445771,0.3389221441833107,-0.06713918535001873
0.886364544796156,-0.07830183625007836,0.6471272232897474,2.1363725736543517,0.5721115533115436,0.8569843230285424,1.9123811260627206,0.09457853137692107,2.5785826861238057,1.604748813334921
-0.7463894119731307,-0.1041209188706862,1.98270185573219,-2.6446659752546062,-0.8121851502816018,0.20442867473154114,0.2879702490010094,1.4725901053505517,-0.6522492557163186,-1.1661612382368691
0.08779208393573323,-0.9926275089762714,0.6890233922072709,0.8818783394289118,0.12982685994803156,0.5110366439181736,-0.14718011978102363,-0.06651785671069083,-0.3479701042017965,-0.6019820305520895
0.7044843302205709,-0.7549642151533339,0.21579709685445553,0.7836712177309944,0.4835211287443568,-0.22859051608477066,-0.36683616506492855,0.4146679652356505,2.447040701132066,1.26803982073974
-1.0578265281910881,-0.17129643564356284,-2.199328031797005,-0.9967032395632998,-0.03435590384384357,1.2433927641285267,0.06981209882651607,-0.02766580579368383,0.8185085262403411,0.46847687582047626
-0.5366269728965875,0.4588770004517872,-0.8921188755198293,-1.8115300641889474,-1.1922086007265351,-1.251192363758806,-1.8582922567541256,-0.1755870697716198,-1.1963362445650094,-1.9141756158825411
-0.29270959215871317,1.3847741443748252,0.06928327368508157,-1.2491910822119991,0.16870760408189975,0.7141863489148208,0.6022522916156832,0.5607168308287196,0.1425013693510281,-0.47394329179834455
2.165608045745885,-1.151515853718768,0.5075662267843855,-0.6778586220473918,1.4160473022656084,-0.14774681384229227,-0.2488831926105967,-0.2097963318912951,-0.031271385799260754,-0.8046983388428336
0.46585076492830224,0.25592538627041944,-0.4821014071177829,1.0024620361445666,-1.4354383090644558,-0.07184808038728019,-0.6898624954478217,-0.2751134066307506,-0.35343145187391656,-0.9561514262090354
1.3943127228201184,-0.7261442275625863,1.1573057473316557,0.6723036451298792,0.9872258900537749,1.450858995750015,0.1539357594737687,0.48956023617249095,2.006450924051976,1.0709913096241808
-0.4452672444506927,-1.0327321001944247,0.08649015834205222,-0.1355404718498503,0.3155936063610997,-0.9470924242106045,-1.166046964711338,-0.38252199057234904,-0.8636577109698571,-2.5222197835504723
-1.077194731752092,0.4833619646960048,-0.09759335956856387,-2.783993141337355,-0.025908608767198832,-0.0780100306495165,-0.7683526697284695,0.22498225062408608,-0.8138939038855463,-1.7150568135717235
-2.253623913238822,-0.785387864631667,-0.5211875381939111,1.2817470335681294,-0.34479935075028706,-0.5172549378396675,-1.2776221194303292,-2.2243208579743095,0.34410140979758463,0.8898903491369001
0.9799744451162987,-0.19431968240987735,0.6709331863801913,0.9635787729061573,0.46416841264452496,-0.433479372642088,0.402662913468683,-0.5535422475303191,-0.22236852005772867,-0.34335882599166223
-1.0587324510699339,0.9569583146366046,-0.4812857466468212,-0.3314999712036625,-0.8289694350251642,-0.3728866751386697,-0.3090359088793999,0.43414088395675243,-0.546878806100505,-1.4045864179832837
0.849758731371039,0.19339345309504455,0.950072445699843,-0.4509406278985667,0.41971355928799847,1.0357467746194209,-0.11951785763537337,0.7649496972059844,0.3831574303103866,-0.17543904234136923
-0.48770556826463407,-1.978627711403638,-0.10550557054996007,-1.4874865010533933,-0.5116833883326501,-4.553450690939977,-1.783202028012418,-1.266520473194198,-1.319253597257069,-1.2238759309680762
0.1305110965155476,0.7185719998962496,0.3586177887561319,0.24025412484716183,0.7915211958350984,1.4193073334199022,2.2564154084547257,0.861512398432392,1.9561016856013227,1.064460491407406
-0.9609787303513323,-1.265067540940202,-0.749510091346599,-0.5941523906084515,-0.9711227206612414,-2.430107029039263,-1.35056361080277,-1.8480302856321504,-2.296528544131699,-1.7373466003258538
-0.910805294280892,-0.5878945868133053,-0.47668269804370467,-0.48604887795396,-1.9816238156097468,0.06340489107297798,-0.5632195928706136,-0.5829320167557945,-3.2437235990303916,-3.8406168807728522
-1.0787138899183213,0.21856585808291765,-2.243593618944793,-1.5270945020636957,1.0033303822464452,0.4290502487947745,0.04916229656430649,0.05950323135382263,0.06670135465053362,-0.8415363605763844
-0.7813922825831874,0.462850380681338,0.3146140081008725,-0.6812464322776999,0.20810207517824564,-1.9596635917921472,-0.738890167252342,-0.4971363399811465,-0.6069562860699524,-1.1328172526711735
1.1498531625708002,0.9482446197854275,0.8268896785775662,0.8395530184691335,1.2931640662548625,0.35958008316934387,0.8520300177979606,1.0734427107310542,1.9278105069469484,1.1659912491296276
-0.002642569971539231,-0.23504164264732635,-0.7793431886485046,-0.10124524349341954,-2.128875866481494,-2.8026665572916025,0.16875250744108605,-1.1096738743254486,-1.9032909202617136,-1.9477238650415807
-1.088006522447518,0.49688345463174555,1.399496556136613,-0.8213703227382899,-0.015128228925862852,1.5485033896069886,2.9244294455696376,2.2942851732463025,0.6134805584237811,0.7975812386632684
-1.7232428833153806,-0.0656240487634519,-0.08210478593452751,-0.12542280582819038,-0.1711809998256553,0.8779459705895212,-0.2064978811113506,0.38568624284214037,0.0839555614013781,-0.7597531100141901
-0.37474017054324676,-1.6318244402197282,0.7236142232312601,-1.9235721562049757,2.4247213278790136,-1.4084187317179628,-2.027493783012211,-1.6309341759489537,-0.5755564579798629,-0.21397309871861658
-2.0484643568275587,-0.07259348615292166,1.293790587480856,0.8035890386768134,0.5441545474292855,2.3602849599902798,0.2880359187335906,1.882985603674622,0.8952045891800211,0.6765830441667346
0.9573998593502827,1.5045513693205577,0.49132174999083356,2.6857838208469356,-0.8185298000860812,0.01974172216525405,1.6644717730909921,2.401040420976817,0.17572907088365974,0.3279519075402879
2.2943343039553254,-0.003152493974862665,0.7255294751830493,-0.8755444090477448,0.48631032970238575,0.8062526277225348,0.21304408110918371,0.4397862160887403,0.25555044963826956,-0.6635860544213189
-0.24005263700830992,1.14373406330503,2.3795744215716668,-0.19599141564785874,-1.0469605835421456,0.7196038926700298,0.9999820466158682,1.8104004499762434,-0.13720742375586353,-0.43095367214528923
-0.48693750601440927,-0.086116347024575,-0.2631247035677343,0.25597867588938006,-0.14095362051751714,0.7328058046790565,0.8571980174661968,0.20080254051960547,-0.5189680610524368,-1.9276741070101757
0.4938719840012644,-1.40967990912509,-0.07650406183211357,0.20225276829197603,-0.409114842319648,-0.2249568746030608,-2.3867208204749706,-1.8388089102558474,-2.291853667404921,-1.5864000720236409
0.5269430816365063,0.035006643482382784,-2.0599432486799305,1.3073963749720043,0.38911274785460953,-2.0952175449880004,-1.2708143285914142,-1.7688752427054335,0.175244539082631,0.6107036776836092
-0.04974767993345618,0.10605672453669832,0.5321919361746004,-0.19275509065137694,0.2141109429869451,1.359261641158673,2.0301913757494585,0.7284692063387161,1.5361017836139546,0.24598143198731798
-1.0150196058905618,-0.03153158882478733,-1.1045014611791164,-1.2317077457585541,-1.0524395481367221,-0.7278710748013427,-0.7149397108478912,0.5086917336689699,-0.9570732999020299,-1.8406475234502322
-0.4677487462107109,2.222249597777216,-2.0409116744380555,-2.4232347235568255,0.08416733003329041,-0.18679200213346497,0.10106693568836725,-0.4069063623192541,0.14485823926000663,-0.33511419400438114
0.6943365643882566,2.729274579877388,0.03272553489839,2.6322804241108804,0.05301210086932455,2.969974827028584,1.4003784396376524,0.966662057832985,0.9123031738852786,0.21447288813808107
-0.1991692783919696,0.5750074833808138,0.2632618122832289,-0.06181813612812537,1.7981280258568197,1.9213428054451596,1.8222399528148547,1.1455845358926102,0.9486867910856477,0.3155677282220027
1.5188128982445976,-0.6385564122537976,1.3057205532227223,0.6501125025246615,0.7868368338812343,-0.2198518639462319,-0.49293307667802877,-0.13905389734922025,0.9969191590076496,0.3099263665714576
1.4194879824560547,0.05949538715242828,-1.0497286132818826,0.39102150256483226,-2.7383981782623574,-0.5360320636670481,-0.9457195425091642,-1.3983091708253315,0.2747782031234412,0.37760878231001155
-0.41718427440088135,-0.011711110368739964,-0.051876175774920624,-0.9112478106715556,0.8928198998593564,1.343432388309161,1.5113750675822653,-0.042596588917863706,0.8520511138793132,0.19670173474147268
0.03903011243183034,-0.18536614462538287,-0.45291347647229596,-0.02523680579830323,-1.378245394818502,-1.4914297434182666,-1.492072267679589,-0.2311970977002974,-0.9785368375306154,-1.6592910097856994
1.1576205247912985,0.14990133302253386,0.5670306262892036,1.1407203551369178,-0.37273091109882095,1.5932506940284301,0.13417928120306155,0.446831978522,1.4125012680982953,0.2517273703307829
0.5376653168298884,0.7852601269834435,0.24146474455965694,0.843676235751883,0.4452273540519518,-1.0817998233860822,-0.7241803975016121,-0.23031730846369491,-0.40301159597310043,-0.4903049450077729
-0.2879141959378325,0.19022967120151535,-0.658875843410176,0.21526586464481634,-0.9403350510932768,0.291668722229405,-0.549980281730144,0.1409658815053325,-0.4960326453130126,-1.2992933845002934
0.26534148561040827,0.1991492347616378,-1.7887261306207478,0.9094073193130172,0.33441982874962783,1.3608733166643598,0.25791935610495037,-0.025515720352229376,0.5338874293352711,-0.03730804687084685
1.3081576075555614,1.688322018868194,-1.7045873883611413,0.6905879200296119,-0.012718974644472629,0.705593653972774,0.4582835174709391,0.43209646735577945,1.3016692035982151,0.12481388087100226
1.3663467917756331,0.19599639647594305,-0.6912364582963858,0.8009933207538253,-2.4296493275903774,0.7052862689005223,1.4651260184319486,-0.003628644175978135,1.852505905663617,0.5034415224024795
0.9571361900810725,0.25637292786024946,-1.344845158087144,-0.12961298230701412,-0.4986732137163772,-1.1189918928830165,-1.2054587089074378,-0.2806632129035852,-2.102200281609265,-2.95189980942731
-0.5557720068621006,-2.3201154866171985,-0.7494338793040112,-2.8237107526503182,-1.2451683542561818,-1.9078917065117331,-1.6753701993856225,-1.7131019681383148,-2.913691732923858,-2.449973391894278
-1.1714668481718933,1.1357278601663339,-1.2550676170455475,-1.3867921667819139,-0.13212827368040303,-0.7876566876329573,-1.7423180779967802,-0.565491923747508,-1.0134391770547122,-1.476395821700815
-1.8656721022597151,0.7363958284963772,-2.673242719703612,-0.08629093165329038,1.2101114581244918,0.5064449470042337,0.8555237478072691,-0.6266211133697193,1.6731392372540048,0.7153225520031401
-0.16863751716427916,-0.6244818388884616,0.155233512451059,-0.13396744051321602,0.3577007031750775,-0.07251345843324286,-1.0022074825783016,-0.19989032839007526,-0.22728528061980457,-1.1728471000692822
0.8053706538408376,0.6347423358266742,0.884512123343908,2.0251262158775933,0.9875279929476618,-0.027589937625996708,1.2165206965129116,2.032600744101436,3.596561765015621,3.4910457270574855
0.4694319661583127,-0.7355251888175094,-0.9085124209701031,2.061618403168637,-1.313048236558204,-0.25405012503522795,-1.5901032181433838,-1.5291589565814152,-0.1852471575333503,0.012526672625201574
-0.5392366996925415,-0.05723537315745518,-1.8187178326003828,0.0872317718681298,0.7216546098989398,1.0749407509748825,0.4556750017957664,0.15514562726766568,0.9382662159418651,0.1230299174998484
-0.8106472136406472,0.1869503610299576,-0.42020392396294726,-1.847856408610323,-1.9007081509942727,-0.45954748589772904,-0.42420039351933775,-0.35322667542272546,-0.12874997719833958,-0.7138959126272519
-0.44476030932634475,1.1852858477897348,0.1817225879353035,-0.6796457229135487,-0.21469343766554916,0.01886218747050955,-0.04748270445066739,0.2924826003552533,-0.15719203365932377,-0.8870292691210324
-0.8866887511122139,0.0030822689831398243,-1.3255143577149289,0.4241861708581596,-0.30388354474238766,-2.3574085144696513,-2.8573153807415235,-1.2966252899090063,-1.7264724230241661,-1.571604622056515
-0.7231244892139035,-0.7703037828472841,-0.4426815239369537,-0.7911604554180396,-0.29280066536565363,-1.3073881692063019,-0.7732057776114427,-1.5182824625762847,-0.6304259669916723,-0.3538938067420341
-0.8538939359038701,-0.43553691609454526,-0.9728718408466428,-2.378459572423165,0.4487384648987468,-3.0180460686228705,-1.0564490670905666,-1.2243319821481242,-1.8197387254547233,-1.7523542159113537
0.25066132725306645,0.6471548599494878,-1.5311002545746313,0.08755682854920438,0.3760235142567988,0.7401813549849159,0.521961126419501,-0.27168964492273096,1.0114355754894233,0.42338953740351143
-1.4684393017680604,-1.3337495341534968,1.1275662608522048,-0.30998481201468653,1.498876253976734,1.0544779950692609,0.7742291437006162,-0.15436165253419487,0.7351514991250261,-0.07339081621062671
-0.16694043835365097,0.22700185201581713,2.019476737438933,-0.4452432830129532,-0.18463827526730514,1.3893279334666366,0.5512912879207106,1.8786345551685275,-0.05472863331442174,-0.15996807664254029
-0.8271490704391138,0.5339450469009496,1.7079540294734465,-0.9238389828287321,0.058876284251655864,1.8655685164903333,0.90821960392705,1.4205518966599777,1.2155257894697153,0.3546727225659404
-0.6433100556640403,-0.4392008066356288,1.017980763553362,-1.1505090095480146,-0.2946964172326435,0.6661449695039714,0.4373115494894252,1.1757239121437397,-0.26019475338307024,-1.0379752426431628
0.459599486704561,-0.44305980602922995,-1.4494100229543987,-0.0031706581035879644,-1.1273437489656088,-2.2056850844947093,-0.661900649297746,-2.1859308184034694,-1.833097106863763,-1.0777551047264076
1.0718336500425607,0.70393817735903,-0.3179458276813799,0.658980043348931,-0.9943817482782435,0.38813323440533665,0.3276219398546324,0.596217650779036,-0.18829767475500406,-1.4539277344469945
-1.6538770615141196,1.4650156441544995,0.3772703796819709,-0.27128346833189804,0.30976952967713844,-0.6362387133475509,0.5142286508310822,-0.18598863045478264,-0.2893582032061658,-1.446492598787761
1.3009185155431016,0.9748758873977499,1.0730847607145324,0.07644448966578332,0.6362344819645807,0.14998744115107643,-0.6064816301659544,0.41449213471184043,1.7443623647335693,0.5810400014521426
0.8543128785371201,-0.4467192535653498,-0.23815772105693342,1.6789618270471376,-0.697326942930242,1.0928139493668314,0.20727798613460854,-0.2815007003655816,0.3899376736984942,0.2507584538582436
0.3017276177890702,0.3289821651785941,1.9616144486443594,0.8584123385417406,-0.1180331673742141,-0.4955975858283084,0.4028292146529351,1.0082762453115712,2.330982875085304,1.115881992039804
-0.07571013517277918,-0.4372571908146629,0.4498720598076231,-0.4629113824303417,1.6860851217175568,0.332538013550647,0.003608954070856478,-0.25741765997706,0.19877958824728284,-0.4900443175385307
0.6876992885083686,-0.16132974783982962,-1.1406402041565917,0.8438825971116666,-1.502007145451158,-0.14331861518958733,-2.480326970161969,-2.475562381357184,-2.394815458461573,-0.8302986990293391
-0.14469166502906566,1.0827943580850266,0.5251987193207353,-0.37479072029332633,2.0222618016560667,2.017218406861,1.8507208962719188,1.9263399224595916,0.5702312773134995,0.41114575899787476
-1.3290692146727265,0.41147596469365266,-0.3586753371680843,-1.0665472823661706,-0.1929877801529436,-0.16492049966146424,-0.037748408274753474,0.2894709702298677,-0.2754233257603162,-1.037211445204325
1.459546229054632,-1.5944754374656696,-0.6647459028472054,-0.5349652999961914,0.5418239995399912,-3.1285299683942807,-1.3238766962840636,-2.091110927384662,-0.8094581280749443,-0.003556786634632894
0.0834094864598451,-0.33224803851660983,0.792448524298558,0.17776739654090803,0.6468279968439095,0.8237213063772669,0.6407895195877997,-0.041069682194462304,0.5876536249857893,-0.05271838988643997
1.455824205640116,0.39982206330391423,0.5860454349795475,0.5555471405321083,0.8981321266898673,1.350187769118438,1.4496669111622449,1.4143288767190294,1.983589989432661,1.4027806012516038
-0.28420945835217637,0.603903728161991,-0.8576805879204797,-0.7471195724373154,-1.5510044126288376,-0.276122970130984,-1.3118670177479363,0.2994748691653931,-0.9758627889091968,-1.8584625207159027
-0.5216962776668795,-0.3020444026302893,-0.011886366425383823,0.19405717345421714,0.015368235805244875,0.04914874027091462,0.32424555847318026,-0.166287578777656,0.2604685682232324,-0.05167870595196977
-0.7095545440312427,-1.3319295006505711,-2.7613241160553774,-0.025911756578988365,0.9191089135178588,1.9840730939072149,-0.40482527524169426,-4.283066015400941,1.3968207450690806,1.5462418766116321
0.45107625400963064,-0.5221389399936089,0.5421742675211642,1.0654549358956102,-0.16253499017252537,1.064541737966552,0.720070830828814,0.2663196681620373,0.4408546468057653,-0.3340115167212443
-0.9857324052108724,-2.293551999267937,1.1288046251653132,-0.3883408578753256,0.26418157981363366,1.0101151390794993,1.2979996150992614,0.18005463174381653,0.4769792665271683,-0.28573017360508607
0.7536362662085497,1.0970286869259165,-0.47985704665314727,0.31676084542571015,-0.7441969781599914,0.723946311995933,0.49431287106784094,0.8171001097497732,0.11510188705721905,-0.7093767745081188
1.069526951829736,0.20711692724416858,-0.9588086303268647,1.0557151759321497,-0.8999176801441867,-2.1681735941393647,-0.9451710058619187,-0.5208381428018265,-1.7229651901578475,-2.45552615683049
0.7979669382007357,0.8188912571894003,0.6925322620671487,0.5271228140158966,0.5161156439636042,1.7379030833619415,0.8099748969890709,1.9764404050045496,0.5272316203252552,0.38865871965237675
0.834159629472618,-1.2283630967159127,0.4624954979617682,0.5321779366754691,1.9490145191524264,1.0417204520348915,1.0279090445959083,0.6155202160866217,2.6719975550362385,1.3360939448732156
-1.1328735349364938,-0.7502907729461241,1.3433940558250508,-1.3580879280755878,0.8042332209668336,0.36950646270722187,-0.03523538090356006,-0.47361958002652216,0.42556446666038283,0.2782855406998125
0.6077326636503152,-2.035366332657846,0.6221061340722596,0.9172233641779686,0.6892012273132507,0.0043718625702161736,-0.2068788924576722,-1.259247619215714,0.7998363975975895,0.9200871585762274
-0.6502853228395867,0.3878785233493692,0.6362174423971512,-1.3952194490297245,0.7230173018330778,-0.8068387831845318,-1.5875054496170504,-0.23482360592149076,-0.5770344741989384,-1.5779737559983429
1.9002253160615423,-0.7821407317503926,0.31167511428675987,0.18352737003727498,-0.6887695930390544,-0.783813429275826,-2.347196217275341,-1.0675160826748629,-1.832161126145773,-1.9096640622405539
-1.735754054166037,-0.12353766796746614,-0.042704691025905725,0.20057678151193428,0.3585845167272572,0.37342348397990577,-0.1947519676683479,-0.13778841488463903,0.7839362825979326,-0.03220516422360026
0.9790431231515196,-0.8182653178266244,0.86257840603209,-0.364777990523549,1.4490357189097507,0.6529560625704443,0.6445194588399707,-0.020874163605250295,1.0981677902805684,0.09653242428192382
-1.285531846688389,0.6689415073232032,-0.4385270035368114,-0.5154729073072533,-1.1768471596196926,-1.2723633366449731,-1.377127974451632,-0.3889887446007171,-1.171646114981009,-1.7610942653791295
-0.014265263203392838,0.5066385263740671,0.4889953204229635,-0.2546666726582641,0.5097319429698781,0.1959087465474525,1.6473298813352906,0.7449415016132966,0.6567231777075924,-0.009673744399819495
1.9094811892960135,-0.9359921718110212,0.4966262018500756,-0.12572605509102863,0.5483439066470277,-0.6411544725424728,-0.5383120498246703,-0.5026273670151928,-0.3351597684689453,-1.0971852935187962
0.9647188221310612,-1.2586041432395911,-1.3267218463115245,2.10161773340309,-1.0711016831444615,-0.5371089191545495,-0.6009262790222049,-2.8912596135329482,-0.573118586360016,0.3077547206353878
-0.21551324497480373,-1.152518346457563,1.1233870041957654,-0.11413800839221555,1.326469640113267,-0.4304843980010432,0.5619971674568567,-0.7111745086492522,0.9159476693199919,0.38149521269906334
1.8507026856120774,0.9385421962531423,-1.5065933118970107,0.22643488799868539,-0.32233458630716877,0.20853359422870546,-0.09532479260539985,0.1987976903156696,-0.1428961509801548,-1.1171185169009257
0.8210474345145929,-0.0968805071023507,0.2615527985041877,2.0282982414735504,1.3303399989985922,0.8615876404466294,1.1357684309281624,0.30280273695065657,2.1945041818122895,1.2998533477570924
1.53352158672365,-0.5171473897711382,0.15717517978097265,0.9122938462744008,0.3957866794192716,0.7554848597299622,-0.36208582932140343,-0.31216112577791366,1.108475555018487,0.3087031625333135
0.5549109243982282,-0.6991615727309335,0.011648337707292598,0.8340877732654288,0.3269058937271319,-0.6068841269153495,-0.239859052826067,-1.2849680339477194,-0.21732772872651185,-0.171624981430203
-1.8608654832040061,0.2347396344463029,0.742902996243635,-0.0034198511523750863,1.183949722843412,2.0632325329183177,3.3670863525090056,1.756789874180272,1.9906381409553193,1.6540911486877565
-1.473576966254627,1.3566577890548512,1.3387528753038291,-0.8677558505539158,0.20673022903868093,2.3051426212928185,1.0420496125303298,1.0283150347498469,1.2579159803863105,0.2685004961878538
0.34470892092022387,0.1350463924226091,-0.2608785428049777,-0.31294516884468826,-0.8789334474805355,0.41784176046515165,-0.5350238649210419,0.03623167545292702,-0.28376283940371894,-1.0031718037640922
0.8685657830344555,-0.59073890727512,-0.20153854607306315,0.6591979283353726,-0.5149566001740131,-1.4217854492359172,-1.1020679164636422,-0.8733863182260946,-0.8846401454175875,-1.1211070021857295
1.0815507521699337,1.69525788325995,1.266801836080286,1.0448167407095406,0.7430843450900715,1.1245451679520886,1.774563968893899,1.1795026422501624,2.343603029453404,1.615505221729036
-1.0579221513116543,0.05545607566424848,-0.28895051217906464,0.14521181143943118,-0.9742260981990425,-0.8988404041997743,-0.9679267595039801,-0.3675122244308967,-0.41423567295603925,-0.9615664634503769
-2.431303584940704,-1.4278452495274443,1.0054483496917637,0.12728326187523897,0.6791911297985748,0.6556716385952649,-0.7528978198433024,-0.9674073477161262,0.08355542012768406,-0.07715526220936944
0.18633391871134378,0.6005820405809881,0.2398542150901077,0.46352256203611075,0.4598815421246575,2.258693602543084,0.8580128212263958,1.044640990141081,2.3935655058101766,1.4979202208179692
-2.1595186341391552,1.5362198851734405,0.7650697744437238,0.5091643694451833,0.34534875188557457,0.909440437881296,1.757481781256263,1.510985331509212,2.699100539818369,2.1110722808009
1.2724186672885835,0.25205832812580803,-1.1007112478264331,1.504274612802197,-0.8654999331530256,0.015762378598755067,-1.7219193471302825,-0.6964505455183851,-0.8745613178961925,-1.3025211676866375
-0.4769932718798056,0.9577033529148216,-1.6532724014232991,-1.6849088517994624,-0.417326288618869,-0.021581402967632946,-0.7749138168007832,-0.28276850495574457,-3.017668269529145,-3.735142572686084
-0.37680987369880964,-0.23282559817108203,-0.6166436944298606,-1.364872150349221,-1.1446278771516123,-0.7268406951103784,-0.38776400467239114,0.5455292619975578,-1.4959275657335482,-2.4251842543006723
-0.16043078810012326,-0.1317397306429277,-0.9036447275782673,-0.9991933680273732,-1.7628476845249437,-1.5894606412489631,-0.8823657213802054,-0.44398534602350254,-1.7098766270959982,-2.27973708183685
1.3090241453240004,-0.19325133091183666,-0.6636054209290111,-0.7675579720386709,-0.3529022499746114,0.557054129177529,-0.6722831247294005,0.03672579824877853,-0.34600337772672884,-1.0629283031259606
1.2632011388405506,-0.002392451302160214,-1.3569619364787804,1.6196377080094027,0.15553083529992884,-1.2364701889573495,-0.053322098400663265,-1.063277496617626,0.07927002573637235,0.02264902034128005
0.24335481167977363,1.0532081819750987,0.5083697999610444,0.5962961780287505,-0.3430469630416725,1.0199758808026456,0.37283568423753244,0.5768800825701683,1.1265107383842754,0.18428149189067822
-0.13041018083350212,0.4251122151733431,-0.22486799855775969,-0.7832906942946902,-0.474440542810593,0.1789813871483476,0.15657970797202297,0.106129930112525,-0.009315753663692528,-0.6994332485337944
0.28117865165016953,-1.6520301550306289,0.6658414931209912,0.6461648209066597,1.364224029906619,0.07087929135378424,0.8433061737877356,-0.28672028370709435,0.9641279904243261,0.3465568474925445
-0.49929299257804216,-0.003782823245326019,-0.38998787715265015,0.12065332424145625,-0.1996540316079235,-0.41653091558642,-0.21278806491904645,-0.2291703372561583,-0.37485043461672235,-1.0659174216032432
0.2785220350314582,-0.849619950896544,0.2815175884147646,0.00777718599994498,0.6337002056556124,-0.19996883901450765,-0.1357170127416398,-0.8277059561430357,0.44366537960795344,0.3169006386623823
-0.037001073175274665,0.561839870709643,-1.5295790338667674,0.11757534928104368,0.8038940413806102,0.9257110270416247,0.12522158362742536,0.15897186865612578,0.1621902664877506,-0.25466490603969905
-1.7919790107260425,-0.6850995379109625,0.5333371600273993,-0.02782184972365874,2.7733984317953317,-0.2984827103862673,-1.1851657187385096,-0.06225658847817783,-1.2181849887471656,-2.2000263061768965
0.7687441846827284,0.16948279146007547,-0.8027028409759849,0.5289503906584669,-1.218471459296795,-0.9830344522206476,-0.3752450510482479,0.01729691923927784,-0.6224117121834474,-1.4438580136883765
-2.0325292467438234,0.38914422684959377,-1.5892696613625301,0.5002331145829959,-0.4676975255875593,-0.3741326318644417,-0.14538770208837803,-0.3578775730863012,0.1164939790650169,-0.27053466900742296
0.9515801741527469,0.2555414293207824,-0.7609347925026033,1.6938011000232651,-1.1085594929069005,-0.5084996685679954,-1.293823046139949,-0.6557814849410692,-1.1658503084915584,-1.6973139521610414
1.5193343198515707,1.2401185907568566,-0.43066762824076044,0.9231544936405749,-0.5766537088497417,0.5877602424956095,0.352230363701996,0.9309124142861417,0.5441221888679412,-0.23865878730742116
-0.1036047083266684,-0.3838984882114762,-0.00800021692032935,0.089691384867394,0.3401456585063104,0.834199004527698,0.15503420720980646,-0.39791075562535516,0.6689804380438029,0.37178349734255983
-0.6936653506995829,-0.09586218223971281,-1.7543213756906832,-1.4364234478518938,-0.22316197597009688,-2.8059680291067135,-0.9820404691116198,-1.1837769638655562,-1.4273059793427172,-1.4017744925063154
-0.494370119084509,-0.3151950929846785,-0.3188848888439338,0.2436272407714155,-0.11146512878904286,0.5785656881986303,-0.8737867381783275,-0.8217221638003311,-0.27274112387700195,-0.4917644920774478
0.23418480230537794,-1.0818858232062092,-0.008059949199472408,0.8447718200365173,0.23600778255642546,-0.24696937374590155,-1.4349117027647504,-1.3495379338348017,-0.018582094547298325,0.14987726819552907
0.9991162084452991,1.5187985503740657,0.2562637064873084,0.4043757674048085,0.1622674759549444,-0.05342783837030188,-0.09764628998408109,0.7582709856775983,-0.3987392915617263,-0.5667155475604893
-0.5586374499427662,-0.24324564192403525,-2.422806378337205,-2.1975749657283186,1.1051459459632218,-1.2129563038098685,-2.610371773350219,-1.7116668558754689,-1.7850720967643547,-1.1376691823421239
1.810053423003789,-1.182268090985041,0.3758405593038624,-0.06883601050361834,0.7825107136560722,-0.21433494279678644,-0.0217697875743237,-0.452627919532517,0.21629894805378708,-0.29294410853245334
-0.43058239713417396,-0.17355120495983262,0.8956003281708996,0.009037685679446295,1.1384949790089829,0.20292313223369796,0.47529320716926954,-0.1295471254383742,1.1809454063808196,0.26644701423788886
-1.463211914409669,-0.15478683465549517,-0.1952888991378775,-0.2729584903766191,-0.4900341465773398,-0.12394080860916515,-0.516955502085526,0.03386083754814806,-0.2715169358890305,-0.96549585842208
-1.1994270110771088,-0.8567018155934882,0.19196015094647906,0.07694159476813811,0.4407248535205842,-0.01695737780502908,-0.400080779847212,-0.5460830435146148,0.26667978252682817,-0.1600159025609516
-0.507810453399804,1.9486848688200549,-0.9150844933667067,-1.5001914020606086,-0.3036564303787199,0.12020253282486243,0.0721066753210947,0.3942749728525712,-0.20453503396094708,-0.9683513337034084
0.299222445535797,-0.9897717303705911,0.2766676701272127,0.2279256204684088,1.3161936820665072,0.5292825443176035,0.32966887158443575,0.45592514492878,3.2913366664288928,1.9135862574034816
0.9826874292310227,0.9677359589604334,0.26637667280057326,0.44025741049346123,-0.027933269255398907,1.24366342745078,0.6177983135930958,0.45169172364647336,0.6171936810129807,-0.2724555505790958
0.12767361177138623,-0.7075026604884663,0.31675894152640593,-0.08194768887917411,0.9131996153418329,1.3254242505098262,0.719116584349297,-0.3620783419814773,0.7040753348051505,0.004960024375839742
-0.4968689048933126,-0.9739563479434351,1.8512868666018656,-0.6300855152450497,-0.8272137931383281,-1.0365067298507127,-0.78226392566433,0.43284311051061375,-0.9666513292744717,-1.8876014679288966
-0.016825211990082287,-0.3336982286582656,-0.14623581363230811,-0.26645129838952064,-0.6493351785512662,0.8725796386998178,0.3347637683402881,0.3503535682115409,-0.7234121021518078,-1.6651062124350633
0.6120869218315943,-0.23237689232217745,0.6480742378875577,0.0589561537384663,-0.1968417815427983,0.038582739289297285,0.5645875506417136,0.22291288164274137,0.05316356223399664,-0.7158336468887663
-0.03096711601475917,0.75252641962701,-2.205963943157887,0.07028109884971366,0.9225986342599427,0.4805285699072834,-0.26811334335935766,-0.08004128200105198,1.3057475677803394,0.32347875921797853
-0.4765191897350439,0.1088368410512308,0.14257395746298218,-0.5836468462663873,0.05781517545745926,-0.3317643458530781,-0.33371552277794486,0.09989922713938694,-0.2035503366802236,-1.0331744615579368
-1.7266290744361747,0.14055147343686913,0.6665983019810026,0.4679450355594209,0.027348441022805425,-0.400018086155063,-0.05576929273380449,-0.13377382971355545,-0.18467856010077865,-1.1094856897283016
0.9855703126235483,0.3053989432500607,-0.03144847975576222,1.2886885099355956,0.6303282522953984,0.6881107879844218,1.3820356632149489,0.7410626589372757,2.570242288866817,1.6467464764288278
-0.11728713470919779,0.0596207581408471,0.1849334132191721,0.12703052374102172,0.07203289194856949,-0.31921211461861554,-0.003493424557060698,-0.013143672321627525,0.3309046604379295,-0.3669246203608556
1.1920480925035992,0.73754840810284,0.12484179537685931,0.6121774669566526,0.6450644675850424,-0.6587720722328712,1.0763628790050481,0.2890075500643164,1.0165703918897995,0.2532168773653233
0.8688690988718002,0.09241312854131525,0.34557954901005306,1.379897029405445,-0.028584297833684102,0.5425454351633605,1.6038230909160585,0.26614469455358436,1.1242915304491543,0.1827915991153698
-0.7748920926331635,-1.2070910941363013,0.13902932253198824,-0.6528051513654078,0.3785965899583156,-1.228138439209895,-1.3526672276995302,-0.6328789058781863,-0.21629885555572087,-0.5577324255866691
0.8241380798076041,0.12498320211727242,-0.6865246478113589,-0.9022869733436081,-0.7412058533283099,-0.7707346497517584,-1.1607470540744202,-0.1404356154148047,-1.5821878851200326,-2.333569415268084
0.4128835508418421,-2.5251662556248338,-1.3360130152819507,1.0226554949495883,0.06430884917155533,-1.5141923274584275,-0.16581953483143996,-2.1883840566123993,0.09218734934110553,1.0390334632064437
-0.6699639972740632,0.0817159978980009,1.2722765895134507,-1.7589950676078836,0.9050922776387116,2.199913888713695,2.85517860344358,0.9522791009155684,1.547901226588793,0.2702920357346801
-1.6913313902202585,-0.15907074583632355,0.4583238854608275,0.34289398463438586,0.5778930600938906,-0.09186744604715469,0.04778811076878969,-0.20070182756818714,0.5895123990047151,-0.03398401030099092
0.21652994153679625,0.3710593546633275,-1.5403413456279742,2.013478910652639,-1.331490553036569,2.062684703638276,1.2134298061261297,0.6329330828274804,0.6300744797172992,-0.28895931821087495
1.9046881641476998,-0.4924574534425837,-0.9515022030844735,0.2601084663519794,-0.8506929240728993,-0.1680528151654509,-1.4614540073926172,-0.8682027216179017,-3.4227901143375616,-3.725573255261561
1.6093503462717598,1.055255442934983,-0.8153579061132175,0.04541899779323996,-1.834407157829371,-0.6963679324125196,-0.5032078490162197,0.25023773043116987,-0.35473276975547235,-1.2472005372942425
1.2892441789814484,-0.4560399409373632,-0.10708521374403716,2.0405627851944175,0.06534271376678388,1.3252858644115986,0.953288693552978,-0.195580670384287,0.9736327263624242,0.21168506356617328
-1.7164906996243756,-0.4314603298242513,0.09824469116287458,-0.12935099081673984,0.11126455742544969,-2.128505165423844,-0.30804226359049225,-0.5220201599742872,-0.09922162325861894,-0.4778624380687885
-0.36084908039167185,-1.6262838536603452,0.47222616660510236,-0.5596544806657262,1.369007317173177,-0.7809345148553553,-0.5003068180547579,-0.5818623044936513,0.1689439495400265,-0.21544716628875668
1.0852473896792607,-1.2791931787064768,0.04699940418114247,0.5224857921638459,-0.6763619848438446,-0.09413060318270977,0.20030719696231253,0.9303022368420769,-0.4023226156929284,-1.3824817758651533
-1.3270995300680086,0.2235978135333499,-0.4092607246303148,-1.0882741480394373,0.4432790964025115,-0.8597607286014515,-1.7693464890648918,-0.2675481758545123,-1.0997106120412328,-2.1924579275374114
-1.0618772688491078,-1.3106246255506833,0.5904098315773934,-1.6137959745357238,0.5412343756603863,0.3940174504116187,-0.5256143083756452,-0.5136563841703488,0.24695843714081323,-0.05077936149635809
0.25301333735764625,-0.006416688261954175,0.6686306674816864,-0.20917278356728525,-0.7736728977747527,-0.39434621783429347,-0.9042789663200159,0.3917449685457573,-0.6931737926529673,-1.6197540309957659
-0.9761625242745644,0.17332995066225992,-0.4592950753683644,-0.632554628691647,-0.0784431408617271,-3.0556190698470624,-0.8152778623004874,-0.4697383187239468,-1.2079726137145774,-1.795805983991095
0.9287107256023062,-1.9650748814886168,-0.41492715004661507,1.3437094641401601,-0.6326489546248729,-1.4421166955886477,-1.205814044731976,-1.075945981531991,-2.0649449205784105,-2.175713671635096
0.6469021031585436,1.4086351560111499,-0.21030605340990782,0.6256085212412548,-0.21710440026652886,2.8183395777268556,1.563840143199432,2.110943082992979,0.912033139317232,0.876763862567673
-1.3741373306811342,0.5827657708385048,0.3649033541967475,-0.44090628038798174,2.032637239982658,-0.29556844817811667,-0.2515181153386371,0.5253257306066975,-0.1187713168813277,-0.9030382805331261
-0.24794219103375237,-0.17631415823796337,-0.04001280818183816,-0.28528302616866696,0.3152017075408882,0.3483093896598662,0.9100785892612376,0.33132893686995285,0.38404894543600865,-0.4996641184956111
0.19098094238894078,1.4153885573117562,0.9679824255748534,0.5078530132989879,1.4807139197440486,0.6552531312235478,-0.43711002707320556,0.9163266441817587,1.1391821692505146,0.3858125344462966
1.2587488337012531,2.8817937033528556,0.28351306440760005,2.139773041921728,0.7974447840909972,0.38455649982570533,2.6910382275935616,0.7116213778375103,2.4939731913577754,1.5981570856990506
0.6866262945566755,-0.2409461562958436,0.678816203094204,1.4083374836014042,1.4106841069137845,0.05487646992274542,2.2176059185267265,0.01736059613528179,0.7789188286912154,0.10794581318591612
1.319397277845817,0.603623403433288,0.5940710115174384,0.40310117089770137,1.6806615507945393,0.7543515074758994,0.3271770226745845,1.396705927664261,2.2569572796129913,1.640756563773003
-1.486212738635793,0.29713564616283444,1.412262140657284,-0.8812126472107361,0.6967867313476135,0.6733310579705356,0.6672168275845595,0.32282669025319355,0.0454757511942126,-0.7825734395223014
-0.18528135469988746,-0.9163906771386775,-1.4055101655279876,-0.5294569393162514,-0.5118561239669294,-2.111268653732896,-3.0511472914619886,-1.9845635959809635,-1.757345554713609,-1.1220223559408267
0.5977687682366433,1.2485341759516781,1.485297481060011,1.2056836958213528,0.8285814440350938,2.093042577337737,2.798784173048137,1.2575300603428436,2.421159664445158,1.737058987125349
0.2844545904654778,-0.34181982912640946,-0.2504980999232823,0.6936152226236172,-0.27523230464215265,-1.484867822319897,-0.37162652757345327,-0.4415625542165819,-0.5395946382429834,-1.2544381088860679
-0.047922029485334375,-0.44694593871901866,1.134137736467453,-0.5308580028304075,0.7104325534885935,0.8047419552440171,0.8831406090542372,0.19565129415434435,0.6371503708969485,-0.238434738936259
0.6736504734969962,0.2200754998859692,-0.4264748546458142,0.20048066897482142,-0.5319861359163542,0.14561763172767203,-0.11896837755712744,-0.03950246966958769,-0.0861054132096718,-0.6879251060316512
-0.8804255405518268,1.1543863540971373,-0.4514376092949822,-1.3795238732803192,-0.46376411632193887,0.11733705447571124,0.4141076013833714,0.8128272735111154,-0.43116271021208696,-1.2191913535152188
-0.7425689983527712,-0.2580412679047268,1.023193616782314,-0.07709819744182034,0.605263378930065,1.9224799840398454,1.701240485284691,0.987928196981366,1.3903568754394473,0.5950418803229082
-0.1077746432865047,0.7204606242478809,-1.9644839852016966,-0.139935698564723,0.6638161224250316,0.5229688765653578,0.5525619720473249,0.2010985375429284,0.3822576880829477,-0.18086837325577254
1.4333756374369078,-1.0798545956279422,2.360726274082818,0.932565124952841,-1.3028100492716073,-0.28055183393731786,0.546098060059566,0.6361097257437809,0.08206527153279541,-0.9065290257525926
0.5113390618750168,1.8350880324719812,0.7394243846553065,1.5560587173179792,0.398706866416496,1.0618537606818055,2.559700930324748,2.0774899969718317,2.542264492311726,2.4758621206340123
0.42377908761866967,1.0975438108142124,0.6509690250602754,1.314136171974127,1.9159286942055838,1.0095441655773685,2.172956731110847,1.8584348553525947,2.3830699920307663,2.1292999237948007
-0.4801711903454726,-1.024841938394795,1.1648453678910007,-1.1085806021773417,0.18191007842810292,0.28322653419574195,0.27059519524030495,-0.013299196055511359,-0.28204267893471885,-0.9946905741278573
-0.34640948961084284,0.4190433607700156,0.666401485388139,0.6929035407999848,1.00665127673248,1.2213705640227204,0.1262370690113611,0.5577386283700919,0.4006411614182961,-0.30082235375882194
-0.8237574430407282,0.027387284738613873,0.6382060545962537,-0.03662862059569372,1.2834553044850665,1.4834135722156043,2.1876797554024696,1.0170101318271676,1.3670479474293042,0.6210664498541214
1.4666138962709658,1.5059604534950914,0.27705041234252353,0.2886151206956174,0.3032228339568944,0.617597760723834,1.2899418692961138,-0.014878942205003298,0.6434188352812277,-0.1838343730696702
0.2595666973162126,-0.3695927544837495,-0.6420242602277422,0.2787049400786663,-0.4598520781171754,-3.7824897711793763,-2.905469931136169,-0.7765654316086129,-1.3448525035104635,-1.6885746669839792
-0.4666638396602404,-0.0261851485235886,0.25867182242216125,-0.8020314847753776,1.0114656610759205,0.7974314950082132,-0.09872917250205449,0.2318426356556935,0.3118069145522864,-0.4398632494089848
0.2607973889275522,-0.41427346533793474,0.2542361639436663,0.37369632086386956,1.3083145179219513,0.12562510213884542,-0.2064778330109791,-0.14962596117217342,0.11612280917807005,-0.2471519309201322
1.0416894202909006,-0.7251768137655131,-1.1114774029981536,0.7290088510272098,-1.7597579445379572,-1.3942748776465066,-2.6533472875856097,-0.5501234752026474,-1.0925538980988243,-1.677491754773297
-0.8192120460004885,-0.7385420231092846,0.5659937475996341,-1.2819798159160611,0.27848998534154135,-0.5921662712343027,-1.0774761220535305,-0.5276577730911028,-1.3698539100501714,-1.9569677216700594
0.4864695480764041,0.8498183058867596,1.664079534922755,0.7130470604748236,0.29555756624942353,0.07390005534770655,0.44779366824283856,0.21298353499479816,-0.21600825230082044,-0.43623448636643325
0.9429886074968195,-1.5277837119060935,0.6340721345478023,1.235255372407654,0.7690258358566369,0.49994840114160854,0.4855279126877341,-0.15046797386889688,0.5757291398489054,0.024043662879294048
-1.2859011402205627,-1.8492383805741592,-1.247196654857421,-0.2895222279285061,-1.067749390543842,-2.4999020714947617,-3.1209208151202117,-2.826626741246826,-0.5056765793042557,0.1419608849879842
-0.393283461950093,-0.6422522531940589,1.3454963097639527,-0.17405866614815668,1.1718624339074024,1.6531308672894816,-1.138104656597384,0.5561103127977187,1.0762052092577679,0.27023639192645205
1.128633239121517,-0.31027164133399726,-0.5762514096686877,0.6977291905073212,-1.7326759503244529,-0.35455459934903777,-1.2386220961951715,-0.43627075581332153,-1.7405482218225972,-2.621917947097274
-0.22933397657169485,0.6356590127754665,-1.088660168258507,0.6603194212446142,-0.5146956051755822,-0.12787025315820205,1.094720000924308,0.22302744675941716,0.05992218712610596,-0.7482297737493467
-0.8391587163979053,-0.20611033333287884,1.0975593232269634,-1.631595353736978,1.6300967496744316,1.2554910271890325,0.543714570550516,1.0217760521692596,0.5033189280092313,-0.182898080921027
-0.018516293359726824,-1.4365834258774879,0.5635544030726927,-0.22124876446648628,1.4088784529415204,0.7905193870564506,-0.1390728084052219,-0.6288562666333292,0.6865743685586404,0.23462645261006643
0.4994807421324817,0.18134573706769633,1.0447466117520334,1.2918065392974112,0.1593391364668436,0.7723426637460955,2.5804911210986123,0.9871171835692212,0.8357058165197908,0.15648325870134927
0.20052335338178143,-0.018123476291618534,-0.5862750402397721,0.41541546110793426,-0.6320912784159585,-1.8824504764939376,-1.6344086318501045,-0.6336647580805969,-0.6874631359150529,-1.0841199611058514
0.47253145368153504,1.6730810648023227,-0.06853543782708985,1.9180175961500918,-0.2088652622685761,1.0532908581541367,1.3529079098727275,0.0072004319897386315,1.1013149783404488,0.08669209177677431
-0.5308267606408631,0.3171139432613874,-1.1565880283946752,-0.08460727474181695,-1.0782627755868637,-0.07252371913177336,0.18927040586076993,0.318291688820837,0.4127491257932181,-0.15533291856742237
-1.0189266291672865,0.5211520806319289,-0.9885952407870653,-2.0791847954767184,-1.1306413434682248,-0.18336954497236435,-0.6525700559670096,0.04198019969053188,-1.0053028615462551,-1.8123234900479166
0.09681340471015942,0.4830460612332121,-0.8229550437515561,0.41109909079827145,1.3934781402628293,1.266673222452727,0.6488339350258637,0.27674716033841945,1.1328456406276093,0.3417879761813468
-0.20848661635702298,-0.6256297291350227,-2.952196648023432,-0.4442967740561719,-0.7161697593708374,-1.1887438835056208,-0.30492946020646605,-0.2995448682547006,-1.2478155136937363,-1.9007123200458347
-1.570253392351721,0.040770449527340685,0.25146013201829187,-0.6391721467894632,0.5971649456939025,1.2731426190312565,1.2106025620777559,0.07233147433266056,0.872734908458049,0.10692515586405926
-0.9103432778644808,0.6307533480841782,-1.5898833067353721,-0.6623898882079208,-0.41906554134052887,-0.28240693881265144,-1.4671003065036738,0.01198500021808907,-1.7168095900847864,-2.6638197966706394
0.6365361773991568,-0.47072594465145357,-0.1950349003659458,1.4741958285824892,0.3090322260850958,0.2582272383767236,-0.32069509977828914,-1.0679321384754865,0.9651547043670428,0.8450936545347738
0.9802876804753894,1.1715921874773425,0.4471618482135914,0.22674854822914525,0.7721416579614875,-0.7909309532366308,-0.9370205010770973,-0.5995876500683042,-0.10708462777610328,-0.2655276666080975
1.6508154904124355,-0.4346368130869112,1.486359937708778,0.19388299416272897,0.09914268391836284,2.0559597492666644,1.800219719604126,0.6782509073055623,0.6571820936402816,-0.11365241709638861
0.7671218448249404,-0.5739756816720298,0.32177877761777524,0.33497246154639304,0.7023141614241288,0.21860242354087267,-0.36583392006529136,-0.7658688325945697,0.5403401769442002,0.14394792900432696
0.6496561953130411,0.8277311879658984,-0.1640497625782684,0.8729923809819012,-0.07707090421489174,2.3915069718556423,3.1904269715270877,1.1438890536560566,1.7209195759620064,0.8751440608714103
0.4259650604731425,-0.5205376714629643,-0.5191138122702803,0.5634178795464995,-0.7888808812862249,-2.3741036823475907,-4.28209103692336,-2.081756949768991,-1.5623210695935241,-0.8223459713774883
-0.8195893863229189,0.3175801512324708,-1.345096134224016,-1.8356251145703912,-0.8201526050998644,0.012978524334849695,-0.5699723719750576,-0.5471495568495275,-2.6316415637500916,-3.132173506128033
1.6192748175097658,-0.3420574094475532,-1.1705485446231574,0.40505906492164145,-0.8819151160479527,-0.7548756637164769,-1.9329529488674264,-1.9747567411856386,-1.9727512032368415,-1.2788700348132942
-0.4328073909745282,-0.8621392003900232,-1.7159275839316126,-0.4506174778359042,-0.22075006891578827,-2.9162503517946963,-1.815498844437301,-2.608935614898475,-1.6684764341185048,-0.5758009071453631
0.11810529737586964,1.587600526778008,0.8887321706183571,-0.07859727520149551,0.5432927319351122,1.1829063536147064,2.7270496021739996,0.7672271016810509,2.0819276568781646,0.8860780791227076
1.0351407080347876,-1.206184905817397,0.21098463660858136,0.5539956983128469,1.42819207141908,0.36714964761244456,0.5847195838522468,-0.5069271561891749,0.7060874695535282,0.2301500645242131
-0.3131087196719764,0.9353619267205344,1.2674345578205777,-0.18742552679134084,-0.013334719373001902,1.7087336059276055,0.8899386324616108,1.8028229721185298,1.050818728388553,0.7141640313222216
-0.6181308016840632,0.6364484342385688,0.997356557007959,-1.9747800257909154,1.571834667544206,1.2655588188413374,1.6446465207433865,0.6387537943416103,1.2941070867417337,0.4110591819980981
1.059757422057656,-0.15990413967884817,-1.2715349882766134,1.3643750723878076,-0.9848127084108662,-1.1980166060061948,-0.22047612150209783,-0.3116111888137879,-1.3926342278511328,-2.4989572400159656
0.03359713401919661,0.1972344289755271,0.9524758779268071,0.019183007668435947,1.1780531362951485,1.982172143849496,1.788140095862261,1.3236136784474706,1.688693494693952,1.0596132957768807
0.3226511545980439,-0.282596711514358,-0.21309976346113688,-0.08643810891692105,-0.5345074524825404,-1.5128633785535943,-1.7529185229034219,-1.2745407510160887,-1.2712844988549217,-1.1709173201419947
-1.2490251620060382,-1.0976603478885663,0.054704299858390926,-1.2557295220241969,-0.5109081261537121,-3.2607332655778243,-1.1098539532380935,-1.2627744989760061,-1.7846138014109163,-1.6913486326543827
0.5514516150040234,-0.7981952407957283,-1.1631622404973165,1.1126620988754645,-1.6270028007091282,-1.337556828509903,-1.6849612241993863,-0.8721627628017123,-0.7343938044232375,-0.9648836266927036
-0.34721474211358955,-0.9588286790756502,-1.3555339362503658,-0.6010072929727435,0.010164789386867046,-0.648234182413349,-2.9427816287376576,-3.2557408588950354,0.06331741784600675,0.8673583578999992
-1.5346013034553905,-0.45975042343556344,1.4450115232821723,-0.6466501993505356,0.32153487884072857,-0.03433716152866552,0.19039635809017574,0.3933290484675465,-0.36653605088788216,-1.4498462461557695
-1.021795804636919,-0.749527298351737,0.17898748656898072,-0.4596817243174444,0.39900666546017793,-1.4443541058641265,-2.6077086724415794,-1.9352224501375865,-1.5282814731004875,-0.5423632315044581
1.5879905404628507,0.6540372735613069,-1.8188459570325775,0.18433422146923753,-0.1035149397381308,-0.9764708320713866,-0.7665689184219563,-0.5354949659264764,-0.25949836299778056,-0.6807141987066949
-0.8971275298776611,1.649808650843114,1.8432163543979567,0.2070362387325828,-0.23651380724115104,1.364040393141843,0.9999342461153292,1.2567180133815525,0.26407387516267633,-0.14882240658161014
-0.5797335303321347,0.47659665074243907,-0.37086332090115565,-1.3467095340670334,-0.13296311385966691,-0.20498522604531044,-0.6812435478598255,0.16615758010411663,-2.1586861965895134,-3.3451792289801974
0.719991877578732,0.4506574075276246,-0.02429049475094638,1.4013509181785677,-0.45882087260256066,0.1837839688109538,-0.2505069204623842,-0.21217396229372276,0.3214346644408168,-0.06120128050956686
-0.006025165570531916,0.24647821180311152,0.8295842813419648,0.1320104995059975,1.677688741028054,-0.07536526177539882,1.6061841652403328,0.48024625150026445,2.3910200002520696,1.0453476724949538
0.7572282289968975,-0.5298679905890192,0.6870411076075255,1.037605910873149,0.42131300372202996,0.6961850402023342,1.0783158543338534,-0.4637170226845221,1.3526894865066459,0.5530633313501914
0.28193794177922304,0.11054144670291206,1.2521951803735616,-0.01783507055842737,-1.2871938256011297,0.07693859987770002,0.2806266211527062,1.278489398598623,-0.34097875074332756,-1.3716835313581623
-0.25307933003863897,-0.5258416431856857,-0.015057676509428524,-0.5223031316728904,-0.27710425550770723,0.17426561956800335,-0.29443573489436686,0.5549980576492025,0.12121644666549009,-0.45411867029769193
-0.7472324479840871,0.4001625944853272,-0.42219456023074714,-0.6739475417855201,-0.8909473952999833,-0.07844623357105696,0.08140350674389696,0.4010609176829872,-1.3353578792940854,-2.2987917492044425
0.7167486309194181,1.3828493900642491,-0.8396182998500321,0.7520192647242809,0.038450442631202675,0.8346295413874689,1.845487713998584,1.6080404324118238,3.2319860771597995,2.6320183601584377
1.0628961882281045,-0.17743338748082935,-0.1984949659111168,-0.23336241020146475,0.1277468573530398,-1.9615356008569345,-0.6364032676410476,-0.3281679587153483,-1.036855194933946,-2.1737104991636307
0.7510410573373708,-0.19253566205082545,0.8525884411000213,0.9441043284951873,2.037079275458623,0.2616369037857751,1.1773798339822317,0.14698798989540782,0.8699434002372174,0.1273962025033046
0.5523903449676889,0.3257943136865106,0.20083136018925632,1.2278231513928606,0.06680416260486949,2.061253680891982,1.1244199213456894,0.8248370518594094,0.8707819174257804,0.1683026864368189
0.907342080580274,1.6108330224991145,-0.21874924458299505,1.5984383719387978,-0.7269510353564218,0.26038078428548683,-0.14686130950125345,0.11300571141320548,-0.07210636972002987,-1.110380787657761
-0.7480607861782744,-0.1683321874237171,-0.810541596238856,-2.2396457960579945,-1.39229200442113,-2.2471061321710044,-1.8974872650844636,-0.40989868301449744,-1.294338177244348,-1.87821789508011
-0.309289921557421,1.3047553652536317,-1.2798760927402741,-1.217090378773312,-0.6345221655729052,-1.358956427144871,-0.3981143201469477,0.3270210420389742,-1.0318065078679244,-1.9150732186497204
1.7195685583950833,2.275589434081627,0.8758129749807694,0.5895271662252985,1.2411783618867964,0.9055456534585264,1.7310070900377101,1.7949987753789447,2.9659972050442605,2.654601360555822
0.01739279706946547,0.35652055929843574,-0.5695101938498804,-0.1081912885514971,-0.2727541119160525,0.06324320521483418,-0.4526908744759696,-0.14553916904187159,-0.45806296309343475,-1.1614133702437406
-2.155320281627168,-0.2925288077029034,0.3716112086039426,0.13478601371941135,0.8286414714785473,0.6431441299693251,0.03499307003918656,0.0534828808353308,0.2485051843486289,-0.19414763564736176
2.588965317843829,-0.029141305628021457,1.2253507831629018,-0.32736993589930197,0.4708183538381739,0.14439936367326123,0.7679870929598747,1.413540133655835,0.5947463174213482,0.1441844097873467
-0.5628651114384999,-0.24375675328268123,-0.08106821286960753,-0.6700122059767,0.25582975334178415,-1.222316111959119,-0.8405532305039316,-1.3757900781416483,-0.3413081396835268,-0.20143380753485662
0.6698478762244009,-2.4571891678185955,-0.6354814028336592,1.1123054547030464,0.578028589578166,-0.4207767779467145,0.318079545120955,-0.17786080504439417,0.5207164559635348,0.00956705758249704
0.6809632047107227,-0.9173996347611204,-0.8417693734750713,0.09747131911749918,0.42037188140295045,-0.023414408653153584,-0.6715274129748359,-1.4094141684672068,-0.3354604780280394,-0.12419838269941705
0.0521431530396517,-0.45553646105419127,-0.5214215781650076,0.3132896150140642,-1.7693124485346088,-1.3605408118538946,-0.29771704419955136,-0.5163193769172295,-0.5019840970895931,-0.9589113728685836
0.3920692531809798,0.3429122091357819,0.16384168229772833,0.28071275734867923,0.4116998074590913,1.526872584045388,1.5971752182490895,1.037158146014217,0.5974593862098434,0.002109719729372128
-1.4890558029900633,-0.6254975225056203,-0.396119793647535,-0.06483996976922907,0.6847407925029122,-0.7740518604728451,0.22163883836209963,-0.5417555044712659,-0.05807444927772104,-0.5512336127217157
1.1965365707474607,-0.2633671442314512,-2.706499740723187,0.6048639311585254,0.7355897980424214,0.08860586494677125,-0.6422521767875828,-1.7665883668632767,0.13608784227455334,0.5663413504935932
1.4375473340247116,-0.05061565460581683,-0.7727028749769026,-0.07383568286642472,0.7462042704151697,0.08093784479936114,-0.2712865449391919,-0.6215266852549451,0.27335201983389945,-0.17120443103275118
-1.8933994641868677,-1.0931123074783264,-0.940166362972578,0.02182200686578456,0.16190503700112557,-0.5252110491422264,-1.5426325436084911,-2.3229613231122412,-0.5420949643851906,0.2683743675491353
-0.9349982247298003,0.16978099699123272,0.2742598625955657,-0.5382209066422364,1.3637510406938786,-0.20758501599439577,0.6590709580533894,0.39687842596338324,3.051635816951659,0.8628355070155868
-0.6035703438031279,0.7681717175901368,-0.48563463865913203,-1.0216810018768434,0.06932752613161586,0.5031605478242371,0.2323228819559643,0.4124416586029897,-0.006943421501654862,-0.7277287917713411
0.8390812707613143,-1.1744913616771904,-0.6157443120427286,1.5941319213424094,-1.0012695446170685,-0.9676174052657194,-1.458369837759503,-0.8197969050559535,-0.17889891766054644,-0.38584185631503376
-0.14864877627753253,-0.7224972628320565,-0.3663670335857051,0.09244155262756149,-0.7209746506170944,-1.323784774514765,-2.0288972805860097,-1.114595003767667,-2.1623822287345593,-2.1980200093681432
-0.8478921761070304,-0.06715885391072181,1.0067281537330364,-0.8289309179227139,-0.36181468400781513,-0.05940316943365779,0.027678144801617583,0.3951906471670163,-0.2634373154346038,-1.0345740858456487
-0.2096067058055987,0.31873408713119017,-0.06391867210650617,0.16111544556285878,-0.20435560332276018,0.5835013735905511,0.78111278117727,0.2836408278661241,0.591791830183495,0.24250633751825912
0.8537328528954862,-0.048791668519248606,0.7903803219519849,-0.15664240228056525,0.5775761224787065,1.955927772866409,0.5325662544524143,0.16283806871239698,0.9135076180790671,-0.03830754177128122
0.5225581953882823,-0.7915536031133987,-0.16064337382980706,0.3993714468985246,-0.6088806115223462,0.44422851842422895,0.44101459637813545,0.29294379546688876,0.025981163391119833,-0.645395941255785
-1.1799053967900457,-1.423057150865919,-0.5597494623337669,-1.4908847686103,-0.5173426042048443,-1.5719390616568545,-2.360496392802612,-1.2614552442522857,-2.052274323729312,-1.95947654808089
-0.1299029493641044,0.6559423764307376,0.44878986988764874,-0.19627334813125225,0.3433082069032517,1.9145682749464599,1.5015040501767065,0.8080587989357501,0.9865652921771312,0.12072916993725272
0.4705952981986065,0.5773014141982484,2.3750395474171517,1.1869980186737432,-1.3530999743252274,3.243263165020274,0.7746589589820585,1.777690263869305,0.4567794331494422,0.20474587023251956
0.01372341898457048,-1.09408939218194,-1.3548842908948298,0.03340667806891007,-0.700141257977867,-2.0483759337001652,0.5208752299887529,-1.8198931293887468,-2.7283947292773263,-2.1150901967894264
1.2971665463682347,0.4873383823812224,-1.1685570906174356,0.07457515483830945,-0.5134205003314654,-0.8514816137150819,-1.3376857501630295,-0.06874593776433063,-0.926978537007088,-1.8032205617826813
-0.28045598825332685,-0.20502218945729492,-2.0095378854004196,-1.5782369861324823,0.15603212979206982,-1.8769941677819924,-0.09358192324118852,-1.3170794471978358,-1.8121618060480242,-1.6674511999698645
-0.21401674854993785,0.2768163128211609,0.6692074442856402,-0.30234302054473755,1.0478688770221427,1.4100791078314663,-0.29265005042920755,0.9870146205119896,0.8066468417001227,0.15204904189991308
-3.1216672834813832,-0.5513694667030704,-0.5799125752045222,0.3773966632284761,-0.5716154941543622,-1.3784540933274891,-0.7969496893717136,-0.5244857615748377,-1.078839773426705,-1.6184683349565363
0.5000941836803725,0.03881374008231172,-0.8287335720378415,1.2035852981863975,-0.480566408726935,-0.08397881517880557,-0.7537445922233821,-0.6604774764334057,-0.2471786190514528,-0.5916894957153602
0.2720939299753075,0.7592117594573481,0.9364454008040729,0.7829148104182484,0.6268466996138937,-0.17802313071743603,2.0796399329651356,1.1595823240167518,2.303170670292975,1.5535083678682655
-0.09654738890269957,-2.486355029191085,0.2425709941577461,-0.29186825571054564,0.8419516087599761,0.13940044170167804,1.677974736719432,0.1788306795458683,2.6870216688264437,0.6438941962942186
0.6335657951522308,-0.8825314783747404,-0.922199065500308,0.5106738771631923,-0.16318709533699438,0.16279215046917705,-0.23944721934373747,-1.4387723069850444,0.05311205162988497,0.171572798889421
-1.4915690745022518,0.8349878305532549,2.2527085693977638,-1.6463517038163555,-0.6360944593277085,0.19592077205751268,0.15312732304921492,2.5991359452895697,-0.904689803814001,-0.5528093107693395
0.6657384645619224,0.627743595345951,-0.4727065720403741,-0.3787443901399994,-1.1539435000586213,0.5490535984405132,-0.07116460441023276,-0.20402679585816064,-2.995935685696514,-3.807123331996429
2.045450756027969,-0.0018456319207695983,-1.4961054761492507,-0.29578714265459793,-0.3270424835084126,-0.4125606416738357,0.13063616559658425,-0.09811908697176852,-0.2148768609261832,-0.8414282954747787
0.4365796868774751,-0.3928863685317597,0.7277070178243924,2.0032462028428073,0.4256969886503559,0.4843090728284747,2.673720987688016,0.3320654002502246,2.5471301067114323,1.5290494870283917
1.8392544937131232,0.40466583469860123,-0.578966132564688,-0.06707781019873374,-0.8616530531482498,-0.32847007820459756,0.04096905102076459,-0.07333636003613207,-0.03789269002902229,-0.6718058315964799
-0.11900580974272854,0.47489887109872214,0.5777497190994938,0.08506217106790215,1.0372531393915683,1.4255477205654001,1.0717326924482946,0.6806713259604222,0.4009244097145064,-0.21969834328544502
-0.2772268969650165,0.4742637151716328,-0.5368323398015076,1.0672345153985539,-0.3659106961336394,0.13899822072026036,0.8298792349817412,0.22724559110673276,0.44866731722221515,-0.43408711929377086
-2.048063338346715,0.10431360625182227,1.016188215853449,0.8801455720038833,0.05741156474738396,0.7209336814256971,0.7096585368932072,2.149637895337113,3.292611703457314,3.2885353277172236
-0.6370708482987841,1.0222732666525445,0.953705726276439,-2.4461358874968324,0.9833774530889403,3.469665586252484,2.0931941963479948,1.0393314649219656,1.1391357001769982,0.14129678408764978
-2.5422853548641173,-1.3038891760102096,-0.021742507915083455,1.890607114452039,0.18944786158234972,-0.18317731100882434,0.08897709766353706,-0.7921205168410348,0.6330070479539669,0.296742262469376
-1.929565249395644,0.38332368148690565,-0.7352622065329296,0.9228716883733088,-0.6583593876963625,-2.0541727275523933,-1.0730184490445716,-0.42699896871105414,-0.5849927846916307,-1.1727506738891214
1.1753988063310987,0.8569660716934598,0.9832305445319365,0.2814660101973202,1.4823096650242316,4.1339318821384925,2.540622762562281,1.9920429365699717,1.4016251901862404,1.2668294196905288
-0.061410898525797675,-1.4069102147428505,0.02938022414770517,-0.07642593450934501,0.4075336987717939,-2.0945220011046772,-0.1446469702160167,-1.1088826603085709,-0.5430808483577785,-0.587934532513247
-0.7010463850581132,-0.40248385575914497,-0.05136245427435638,0.05763098385635623,-0.0029855670140120916,-0.18621241960137597,-0.7218328338028094,-0.35358252880190943,-0.1029520291700019,-0.6073099819827311
-0.2715093903907887,0.12507249754708366,-0.4375061598279464,-0.2840232397996445,-0.16924129426116696,-1.8593893776576458,-1.122927105917444,-0.5787319608716983,-0.8072805626998427,-1.263435980842311
0.40697155761092635,-0.47150104877724697,-0.38061147339738993,0.30667986362206817,-0.1980988532579686,-2.5953586086531333,-2.0376484225464444,-0.8331499697044897,-1.1107461068273974,-1.4302056887035572
-0.9464227957274638,-1.1262339996541637,1.3687394708752478,-0.8405851976032496,2.063022031926966,-0.16449121321799753,0.26366396738782627,-0.10351175602131488,-0.08770885530510303,-0.6983821415585019
-1.303647466203352,-0.6225126913303878,0.9968035718359602,0.20750233027435194,0.9196656083356511,1.7013844048415425,-0.12481390519777869,-0.057198583430091335,1.5740542305901504,0.5373225752346742
-0.2145443077485244,-2.6379746678265343,1.2589730854875956,-0.19933843793440562,0.6334746095869379,-0.45649862404109387,-1.0206768620533733,-0.4038921134388783,-0.14130995832625792,-0.8038605323295901
-0.4750074816074147,0.42120375807954613,0.12055624036359647,-1.0327654612692374,0.19088433237807043,0.9682748212695785,1.467390856118001,1.4446621815717877,0.07780813864073038,-0.20981661399564636
-0.7244528250066526,-1.552719843675285,-0.38025521112138905,-2.3439536473839064,-0.8813990697801511,-0.9213982207747002,-1.6907501303246952,-2.6042472709939632,-2.497047267732,-1.6013449520897916
1.5796937328720413,3.2414713457341926,1.1252777349588932,-0.10299833296427102,1.3329065418613384,1.205101820826325,1.4291477869390037,1.0051336625299814,1.0912749263136674,0.3832873560661151
-0.6133674719355309,-0.8648232623622247,-0.31411390024211494,-0.6133708654379053,-0.3050285441278308,-0.9184893644199713,-0.4954165823534413,-0.3345268752591499,-0.3515128727605823,-0.906946670641057
-2.2086120965647202,0.7828191083564359,-1.654747388467348,1.1840176767229402,0.20040563814913676,-0.05606661336522456,0.6435312534592484,0.03412274741339244,0.8464877817251811,0.11326088860752655
-0.5015599287917438,0.7964185124391971,-0.8271153627048161,-1.6046620277321715,-1.1149342360172838,-2.091845484805844,-0.7948081015522565,0.30500005529177443,-0.8365804248155474,-1.6980404860128409
0.3901675522422115,-0.24340558675162413,-0.12319745775385152,1.0363956815863735,-0.7155279085351435,-0.49824318970725623,-0.20661935679753662,-0.11092343624928,-0.5960257524488927,-1.6268111638255445
-0.24007395251140332,0.06876353757000007,-0.7442677981751821,-0.3576800066065562,-0.5036660480755231,-1.6593278856833558,-3.7830643902343204,-1.2750764524170526,-1.583343326035984,-1.4799382696569352
-0.5030784906946484,-0.5105559404594221,0.08456185472121851,-0.5928870403599902,0.11936693127495597,-0.37183360606020205,-0.6083801250164432,-0.7028000174151774,-0.3000188854249125,-0.6025454455117603
0.4429580204973013,0.7832287260597455,-0.05509919003310453,0.32513116596775565,-0.1438150585289868,0.540542971040958,0.8686583628248052,1.140321292992787,0.6721452189234932,0.04481684875013972
-1.04335072577219,1.975463268173291,-0.188481476081272,-0.24140048768973077,-0.44543748934002003,1.6046607504522128,0.9966132349055772,1.3732302595531078,0.4573159659027882,-0.1077782984641027
-0.8235402494744728,-0.12886693753508036,-2.423561849815448,-1.3167419883060407,0.6098110660185332,-0.6154659161660974,-2.460754698445041,-2.410312357007137,-1.5275502114047845,-0.24754644374103452
-2.6421310130672397,0.23584985636082328,1.2744600407675046,0.33732382990864296,-0.33410661956588883,2.3502075927888995,2.7297109325069693,0.8337873530621833,1.0522770409361373,0.10364988957031757
-0.09916449066347252,0.8160129253125731,1.0662948674061228,-0.010855814341839826,0.7159531502840228,1.3348712937913845,1.7503510339113508,2.0869876033923185,0.5699340961890464,0.5185057445634955
1.295113377827926,-1.070083803430652,-1.0113111909003671,0.1455597863663869,-0.8336293528124031,-4.046401827245614,-2.0318882136408245,-2.0632886941573343,-1.3252102544994753,-0.6792982438941713
-0.2709491860034779,-0.14650636705993764,-0.3212926477972912,-0.09340121005264024,-1.887353651190577,0.668372030453618,1.6451623863694307,0.2342561275086248,0.557429779292231,0.2672224026735017
0.05388097869443719,0.25312553970015655,-0.6761065869976571,-0.13270029081466173,0.5625384406883732,-0.6140040504823404,-0.5272840755058197,-0.37424494968069855,-0.006999192668075194,-0.668845644862986
-1.1385172187400696,-1.8850720973280044,1.077872015483436,-0.16760115623544414,0.5287655617980298,-0.3282503849224718,-0.37422871259625895,-0.38275218486418,-0.07705862745447473,-0.791659802215654
1.1188869619905495,0.7599011785721004,0.8112623913142855,1.587361460852074,1.3194084477451384,0.893103323148988,1.532390989883904,1.2312180990043058,2.381099598964689,1.6851570810676364
-1.3824793065530538,2.083608897310995,-0.30239093712004184,-0.624709885304787,-0.2811081720619629,0.22263458913494882,0.7051508898190468,0.5499902333208091,0.2586108195052894,-0.20183683244644546
-0.26800397354575306,0.29723054407477567,-0.8048262983596601,-0.34375315367094295,-0.3191256763971555,0.02726868686297912,-0.1186400079771674,0.45856146066736064,-0.608183912570855,-1.879893476034347
0.7318525472568044,-0.5757343972329199,-0.6170724196307097,0.5308103660756003,0.0709398294405954,-0.7901214155433399,-1.2928101258295994,-1.660344034623055,-0.8163385081297174,-0.27474070991012084
-0.1457785698327493,0.4821429960929507,-0.3074793916856409,0.037305318503917884,-0.28382418476501164,-0.2716304030717509,-0.06298864272217072,0.16988169554105692,-0.1340658753003745,-0.9483349023597978
-0.88803319452846,2.2872328008292624,-1.1142205708291775,-1.1956602713529048,-0.6376724905533767,-1.1021287008931966,-1.0438651546759063,0.06010227920486515,-1.1810531719044306,-1.9995860793321358
1.2188105618459397,-0.950160997234538,0.26942262105093356,-0.6850718031685237,1.3339412152485322,-0.3642186163480496,-0.10210047902718375,-0.15104263309640614,-0.07015168002834848,-0.8188580572399309
-0.20351122839117103,0.2644128442221775,0.2086190757677578,-0.3025445506329394,0.10934450715641897,-0.7647285783846247,-0.5155723216829722,-0.4944815493003788,-0.47961923607995055,-1.0025939310630116
0.23870159488893775,-2.37343495132251,-1.4691109087956864,0.09632638226123075,0.012405241039708192,-2.383589368034901,-1.3379305013210816,-2.0779995432219263,-0.41494889837238846,0.07138858012118646
-0.2334582085365164,1.622762668119399,-1.385964892643548,-0.9337762732679421,-0.9668706582772608,0.9702517080474581,-0.5138027307633827,0.9034245121692255,-2.5399923801570354,-3.8083870456218953
0.4679220048824875,-0.5447056391006015,-0.1696892277472711,-0.08391432793103648,-1.0228169657505037,-0.15983920604422555,-0.32976435107498014,-1.7183760519413995,-3.4536440946591536,-2.9342135131812475
0.3587728622334072,-1.4049548401094403,-1.283379503425688,1.427971457492384,-0.2999990036376439,-1.3680256234745638,-1.4015346479843585,-2.088000727715797,-0.5824801531535921,0.15483693491560735
-1.2662861056724872,1.076335741471829,-0.6028498656306914,-1.2518535963549828,-0.4927272332263248,-0.4163503484951879,-0.05897276857027234,0.6427494135480755,-0.9777087075934068,-1.9258363560935452
-2.7454784202510307,0.45586812298147394,-0.956951572191861,1.9189395359435697,-1.6042777222467568,-1.072167072253893,-1.4267343446457854,-0.014842845045865097,-0.6052719652209394,-2.0663991217853805
-0.840633293825493,0.10853104714355848,-0.5868827450167484,-1.977669606424321,-1.4620072298217004,-0.022792810894512183,-1.2340928700379783,-0.9957503418015592,-2.9429495381481434,-3.079833915569155
-1.2976977234291587,0.4191468651519127,-0.11088718158414154,0.9833143977880197,0.4086165879651762,2.17063412663421,1.4255198134249665,0.9319389451712392,1.8695378910990141,1.0384242250766735
0.5539029673706383,-0.09571272265678675,0.14002468988043218,1.2766412434706391,0.6877831355144546,0.4399252495314775,1.4070188509517847,0.144618158270523,0.8233722200483603,0.1254968364131721
0.35741419879912684,-0.22725243192800265,-0.11583080271759937,0.8121347227511547,-0.24201570751424917,0.25932664506565156,0.5129962104589527,0.22123841712002135,0.4090750738587509,-0.47426327769884885
-1.2442044552373484,0.17218605662941494,-0.5696174217155705,-1.4756528550952848,-1.6720579477807176,-0.26061107895761665,-0.7900209510309577,0.2269847321589748,-0.558170770104205,-1.3808478184674535
0.05053104962579677,-0.46495870453379495,0.596503399096019,0.511321576391969,1.1303162192515122,-0.11582781177886253,0.30260486322262975,-0.5597003131416778,0.398370793240871,0.05340431716879812
0.6757068573758424,1.1030311642912536,0.7159862019584444,1.1282671237016482,0.4882136705205684,2.4595799942064387,1.7248072219991675,1.964193586737725,2.5920863830851006,2.426687203521105
-1.7328534752911282,1.312803430156639,1.6334835608171578,0.1811443116620532,0.1918905673525538,2.342831994643138,2.7441736865838138,2.1416899106103275,1.3804006678673628,1.369934222493828
0.20791953094675272,2.061883438454843,1.0162973008222733,0.5045675735483877,0.6966223617868051,1.4785511108209104,1.9858039890646921,0.8932678543733283,2.1069185933877206,1.2290510171612252
-1.817177112330306,1.5272255067179774,-0.322908112456897,-0.0118746287195656,-0.45984090462548727,1.6095982500276738,0.545334464396696,1.5090002269616694,0.646256789563289,0.0383729230067866
0.29324936675166074,-0.36019980873917096,0.10322265745938929,1.2364994052135327,-0.18442815262089726,0.027303136496381296,0.16514522943430038,-0.0341479900379823,-0.00223032781344229,-0.719169596234939
0.8272406501421146,0.7755651938204217,1.1241189417536512,0.7651129877376577,1.3641998547620122,1.3886437859796332,0.43091009757345716,-0.20552233239519357,1.7666425523522093,0.9140505880350371
-0.3780706787750782,-0.6117710404875589,-0.9325041485068475,-0.036461908543354404,-1.5045381141780871,-1.2112130830111352,-0.5672366833761555,-0.9244402809974409,-0.59677215188699,-0.7768277157827739
-0.8402763481699462,0.45322496791595096,0.06355013065685701,-0.43062376333782415,0.1858865846930583,0.14254525997278147,-0.24984084819666996,0.7298502923838945,-0.28422441637771156,-0.9507875420353351
-1.0832615967320705,-0.5174014421377274,-0.8729708944210758,-2.0656069117554625,-1.31256969528812,-0.8776855776879285,-0.9100704720400693,-1.8650878348528082,-2.9395044150392713,-2.367288907684828
0.7865759261998829,-0.26540590589434937,-0.2758901479542303,0.7290057062960444,0.2596229612187161,0.6916629801770506,-0.2768912809119205,-0.6196191502919219,0.9273321345610419,0.38004319537967685
0.9106510311515978,-0.7556643848583943,-1.74025504444508,1.2472204734385424,0.18215019113538017,0.14247509700368907,-0.6001797662513692,-3.1772073151961573,0.5591106566633923,1.3486023285674096
0.258751959376451,0.3055390151716651,-0.3994199397410269,0.12280627338280309,0.480453327408512,-0.6343283756566424,-0.5482155448888179,-0.12457172068917169,-0.525004802390763,-0.8788342415330741
0.475148213329663,-2.0111577011177433,-0.4796437164078194,0.9210508348180768,-0.9210377902669372,-2.127031253399653,-2.2428969338383244,-1.7312912509465948,-0.9451924594431669,-0.5227520264635168
0.1783482182787935,-0.31310985235509275,-1.7620053812359902,0.5881049256802855,-0.011570984318822156,-0.5316592044876458,-1.4369284434533467,-1.0314693999940892,-1.3011737656385471,-1.49559874889251
0.9483972368228883,-1.0251814356297104,-0.4074622150038522,1.5226264558201679,-0.14199932532454984,-1.7003503450958881,-1.293970154883401,-1.1893878084421998,-0.18604754151067343,-0.15652012860642964
-1.32568125016966,1.360848265752744,-1.7462709196512292,-0.2641116884260316,0.33815357198255913,-0.3141473517156207,-0.0451839774411764,-0.0181110055579895,-0.015259562262710413,-0.9354677539659393
0.39222995882362655,0.3170771240234186,1.7441317426532041,0.5110280855792826,-0.18451608596626942,-0.16550800679255928,0.21731113781000855,-0.2706536879576884,-0.5595332079570732,-1.6465935270986207
-0.061041903041000975,-0.9760753144622972,-0.38605161006531175,0.1691329901676472,-0.4414472578941008,-1.1338933339579982,-0.39901045661376744,-1.107859681348449,-0.47003186105879047,-0.5031450195859398
0.5569970890309556,0.7242343898003356,-1.2767043625926981,1.1907072653444994,-0.6375170518816381,-0.4143855321413355,0.060448055376227605,-0.15139045588938593,-0.2759633785801846,-1.1388265959958046
1.0419708761424882,-1.2569752623947557,-0.6865955895652759,1.731784820250084,-0.06572037914651618,-2.175266100601365,-0.8042897214645428,-1.2302328422602193,-0.5765555858056497,-0.4365285256617052
1.374761272227024,1.0481078199563982,-1.8996728109925307,0.4309861140706851,-0.09663674804126404,1.2204632864816265,0.4300491102031989,0.1168956851123151,0.3053127804296224,-0.5390066444497824
-1.4672584753526121,-0.7245061314472123,0.6000546711573747,0.2565102586873644,1.3451569029414037,0.14751180670810446,-0.14493747856955666,-0.6340014845324957,0.3646288356248659,0.021440732897414022
-2.0665353452906614,1.4150864245549328,-0.91534226827649,0.645084690170265,-1.4584514452714972,0.18368200094820553,-1.2837996428981349,-0.4623018744230868,-0.5112775281206506,-1.005377902235952
0.2738876067170691,1.1068658686145008,1.2429807368075392,0.7979709762188276,1.6627399771745877,0.6521132933027852,1.0643786464380227,3.565431389163719,1.7309946129619074,2.7189602790871805
-0.7983552040665869,1.269577924333192,0.656058641203523,-1.127429626894218,0.7777893945520348,1.518837840961428,1.1038180525686268,1.331520951605001,0.9140105140297292,0.3312844212318554
-0.8778823543517391,-1.4772354513074288,-0.242045729378646,-0.8381975981014804,-0.9359103056262212,-2.0442149964669376,-1.6139458483474338,-2.0862718642057914,-2.233534439128488,-1.531523531308231
-1.1660433955813467,-1.5419267793915488,-0.4418572932183411,0.4716326767131146,-1.31066910292411,-0.9106685719810037,-1.4744164068053174,-0.9868797789118084,-1.5351875412657994,-1.6807362127600305
0.34821396477562605,-1.4342075895954813,0.5937680842258063,0.07827187636868116,2.355254368818105,0.05723812569970965,-1.6624399247740076,-0.22595743759121506,-0.37543692625901937,-1.2432518636463399
0.6787840536794092,-0.4361722025459206,1.0320464116628072,0.9270332783060151,0.018205632113317383,1.3438076014653761,1.6903142839447245,0.33819954289232773,2.033916865100748,0.45377379587101063
1.2194630278902574,-0.1766290876338875,1.4771081886341968,1.1442382210240951,0.38286287177704564,0.8861211161386088,2.45977660023471,1.412921071217046,2.2563974228295915,1.6618859109675483
-0.2769795736413861,-0.9823375238920593,0.7925101291332926,-0.9463608685888085,0.6899760270976282,0.7812600941027792,-0.1980217880203194,-0.47232113008443866,0.9387908493001264,1.1848481479756545
-1.2496838884595276,-0.01034695332102852,1.880208296815828,-0.9346556983556004,0.11697438501109653,0.6209409352318593,1.134646922271389,1.941229379499763,1.1599119201923567,0.8599879224575303
1.1093491807269158,0.6268667896210297,1.8773655024423042,1.2645287738831008,-0.45735536307757313,1.2877720048528127,0.9460135683490847,0.9883466474668581,-0.10830816558834155,-0.364420960842745
-0.6420626942221747,-1.2919358865815052,0.4796699527958191,-0.6897645397586639,0.9730762875036827,-0.4168003111920537,-0.3038012308984348,-0.5824266485302845,0.009350617731368027,-0.4286335422747581
0.23877266481980583,0.9315842016545127,-0.07305569461269336,0.25581962175674755,-0.14263882342406636,-0.018928141167408596,0.9770154880647524,0.7871930634702715,0.33778235327997835,-0.4165452895289668
0.23406405176053557,-0.5337054331870805,-0.2666653566689319,0.1285134348502462,-0.4892471037217374,-0.8730993887303647,-0.250759101735333,-0.7317749771391203,-1.2573365670928003,-1.6207141811800891
-0.6876479542760476,1.0679252518555309,-0.12533415603377945,-1.5254976019434885,0.15609570280229104,-3.147867517205047,-0.8366389324877834,-1.3119082813777734,-2.4977619299667797,-2.3451949157107315
-0.8217548532421212,-1.0014630549168333,1.0270761893406137,-2.252094666250925,0.821683190158218,0.31546346397307123,-0.37297353681597567,-0.11698284262244477,0.20933173668199873,-0.16847258999783332
0.5745848789147187,0.6984369009566564,-0.21994571435525898,0.9001178887555008,-0.07196113475504634,0.4465538444625179,1.9857237540578612,0.4837902755307395,1.1202412468060667,0.08819660434290803
0.17380997494764244,2.239752859975768,-2.0656481890760285,0.5861557643642724,0.7252297036890859,0.8316508873365065,-0.025707506595667756,-0.05264295971450482,0.260471186866865,-0.183887194198882
0.12481041409606931,-0.49836760500818184,0.47870195908397545,0.0028142463815440943,0.43630962069780366,-0.2214681537664077,-0.6530146192546642,-0.38336631934868015,-0.10715102425471035,-0.818492692885217
1.6444813852717746,-1.084796860148909,0.7629377104694399,-0.29502518570843145,0.1358529088622915,0.4953677734385974,0.41183736376350366,0.15490351361649363,0.049036362424031255,-0.8917060394865814
2.3596965689798846,0.3763819194919071,-1.608231544108504,-1.6228356559529584,-0.6297708377914079,0.11337254372074096,-0.2900361099581933,-0.745149721620384,-3.736127194038555,-4.092272177138625
2.5728308559427897,0.19857628751701534,-1.2712670360654732,-1.523077254526956,-0.19348930461574587,-1.5277465606886804,-0.5469685952064576,-0.5283358156491761,-1.5725635000729605,-2.082847775815859
-0.04517332175812137,-1.0028624153496473,0.07372687152003471,0.07571283126737745,-0.06359387944304179,-1.5969948813960289,-0.7548650817284246,-0.9430869437678755,-0.5586182493068601,-0.7189716356780901
-0.058610425735756894,-0.24140778413341754,-1.2929033440409061,-0.07145628794987587,-0.7984636901348672,-0.5812312312884998,-0.6876504598644407,-0.855172210294056,-0.9576905540738765,-1.1988055611004484
-0.27132488631493945,-0.7641483679854565,-0.7826372698261873,-0.6308034424239917,-1.186574245373921,0.0980497643275447,-1.1046098874341777,-2.1325607130387465,-3.5274420068449928,-2.7407555591062316
-0.10429194609299967,-1.2823061603729822,1.1998910228681996,-0.37310582414239796,0.5701986191149438,0.8166783816899067,0.8838546993996513,0.10097049216718723,0.8143360008393994,-0.09396587732072101
-2.814901239587564,-0.5775267617901771,-0.7361848058145706,1.8153760118227804,-1.1333202314888697,-0.9309051651590442,-0.8765896959821384,-0.6628612937086118,-0.30111199088589624,-0.635108842453699
1.1355976894891247,-1.5699023368042988,-0.16269162943219026,2.3581567742882856,0.3060256425549897,0.6802692944921757,0.3408105472758615,-0.6986044658589885,0.8800294153319179,0.47110592694539405
-0.05264656413416053,1.888876399603612,-0.8749478258729904,-0.4564101156439626,-1.6543762556461368,-0.160401235537741,0.28403227122799574,1.3440828344474895,-0.1254351888715255,-0.7422915819881721
1.610069401903152,-1.947326889656529,2.3868250555576904,0.7028552572835746,-1.3044094377180038,-0.15543853070311542,-0.4143728872340993,0.33832838589854336,-0.38076813250030506,-1.4823010533432397
2.3660609173651705,-0.7407205168495913,-0.5511121691772376,-2.2798587874549137,-1.1303109019135975,-0.2749700093916775,-2.460318758233143,-1.7138220413296459,-2.62475293539932,-2.162553868058449
2.458855298763791,-0.34183929263826385,-1.4647736306534365,0.6224807976046486,-0.5410170110176253,0.26871932515934804,-0.2927412086208159,-0.9130745105547238,1.4818172649933947,1.4334856627305375
0.23982292711624664,0.13169336587479494,-1.0928597365284631,0.6699082733088653,-1.866796200806141,-1.4008880332486193,-1.4007700219367638,-0.9228681271030666,-1.716887486244359,-1.9780391080253077
0.4927894696576342,-0.05559558980143491,0.5485216137852257,0.9483202053857611,0.8724402476586133,1.3650579874328364,2.977232483549466,0.2257366039753939,1.6914199461644435,0.8187450996136482
-0.2213025956888872,-0.3606765337946057,-1.0554569565923095,-0.7365318877495359,-0.9695822947672637,-1.1212237945609054,-1.9857936393597913,-0.5728375078734,-2.324356554528223,-2.809643947589934
0.44233787197622665,-0.18700469180852225,0.37028844328312605,0.35748471554244193,0.03919769971027698,0.44119284116514684,1.0342428768859377,0.01757922365115995,0.8667899159317005,0.1716711160434431
0.6423596163780059,1.22369103250002,1.6993094753085172,0.6129315044169499,0.15829821813341435,-0.6651262411600956,1.2850213586541228,1.5453161551067522,2.9536462350004244,2.3358994168272753
1.2808509341536065,-0.6950188122314553,-0.3930145823562585,1.4166444337024766,-1.0145378793291664,-2.805055089428272,-2.3044232161191673,-2.3651594676759506,-0.7570418034088502,-0.017204908600282995
-2.879290534574332,0.2843222214181882,-1.3495156460535613,1.0956448028248404,-0.7032302700434404,-2.250962531015623,-2.557905975457271,-1.1666852087446533,-1.6269582048067206,-1.6129418186990354
-0.6936151198648354,1.5392368749011494,1.0788125454582467,-1.7010269239547606,0.7423937763300948,1.7026170826009204,2.847379288209234,1.30035435040846,0.23873834201350463,-0.13587818821090636
0.1416662842877727,0.37406644685362167,-0.5614525700844184,0.5946695732653068,-1.1722128348097582,-0.5849977261045983,-0.49655002909230433,-0.338860507723678,-0.25317088665767895,-0.7782071821009149
-1.08228019956116,1.052755924003096,-0.7391501878275905,-0.7963156490985994,-1.3661888561889097,0.06169349312791256,-1.7451905789143458,-0.19648003340288211,-2.606121893032185,-3.363826758677183
0.8273917798379276,-0.8109837995413942,-1.4332603190064435,1.7719889080534306,-1.251887955500404,-0.2984272470531038,-0.9982032514359028,-2.2998625644753403,-2.914326427298066,-0.8832656875389194
0.9678861774521628,0.09539241025747462,-1.3422206378299901,0.09130904507425275,-1.438166227450799,-1.0466753147555823,0.2936247088732087,-1.4672613940846757,-0.18266843821883727,0.04503106286373493
-0.17505175971196624,-0.8092814950994277,0.6090889844321268,-0.5184880062090759,2.643116006388422,-0.7583311069547026,-1.7723351163154653,-0.7309990028213085,-1.0695282226948644,-1.411931857490629
0.4913306726766993,-1.2876327912553585,0.050934024725083134,1.0781362962647059,-0.22940555661170248,-1.4983142145035275,0.1278842027931355,-1.2427708483859847,-0.7780155687983914,-0.6844487679139846
-0.631104326687301,0.8246044007625234,-0.5576013687785387,-1.3923465183419284,-1.9302812637177493,0.49791363494442853,0.2895061742843781,0.3371109915727232,-0.08599541753022388,-0.8378404710616447
0.4645739867953402,0.42582438687357865,-0.9148259033166151,0.5465944236735805,-0.6015751638152865,-1.0848318762686644,-0.9192884265169604,-0.5927161321149714,0.2069277465864776,-0.09304706498521975
-0.039604471967852564,-0.048429746598215334,-0.5358858449097617,0.17468655335888744,0.35514360922045274,-1.293524941866281,-1.2446135990864282,-0.023916177603762245,-0.6966036787513487,-1.1203391977972486
0.8602540398549194,0.12127716756607412,0.3287786705011321,0.18387039638921188,0.3754385499640022,0.9826297686001508,0.5905959517131489,0.4431268307483021,0.26586144334508455,-0.2138933267498483
2.1739488131454165,0.5325143426518933,2.1759927234076843,0.14542064836686353,-1.2521234540204027,0.019366354024675236,0.6665493979301834,1.104251136731075,-0.36632814460202584,-1.6659228879524668
-0.7816993291891545,-0.13416127351307486,1.6375530553068154,-0.329818735252875,0.5366895719421363,-0.24888381050713376,0.27360965359312206,-0.13711584685820633,-0.0814317973129422,-0.9047063986690773
0.5859600787465986,-0.7401424363149309,-1.6858262184769641,0.9896981689280024,-0.06302624891926961,-1.1829208091520047,-0.5861176983331737,-2.4556474505634585,-0.06948535836186934,0.8732000527253473
0.010776168247468623,-2.125476134325653,0.13420429738222908,-0.01370132755939503,0.7352550521280454,-0.005855399165920927,-1.6554029040766447,-1.0856308428619306,-0.1492594132620272,-0.22502142555731403
1.0929391230728878,-0.6189089476789892,1.5970853220426182,-0.005495338428670116,0.42894950819189426,1.1429440744557968,0.8460082782776109,-0.04538941377950989,1.2877345130628144,0.3292520609171654
1.1592023842420744,-0.7622388324169341,-1.0530564822372375,1.2802940714118458,-0.8148673611940975,-2.082002342171513,-1.0712688981107452,-2.375653302394098,-0.37020790405949133,0.15691191297123477
-0.6837581044994223,-0.7353659083599643,0.2711783107777726,-1.2067263432334425,-0.3078088960897759,-0.6500736382373615,-0.5429062588044877,-0.4391424998978782,-0.8670709198291657,-1.410809605420127
2.326092724722706,0.16026835705480455,0.5303142459832301,-0.08231250105784627,0.8125557269655312,0.4273565588521075,0.6579041663504412,0.23898684264986217,2.2251031079471817,0.7235281775368031
-0.0791214719429521,2.1030004223070202,1.389585764935936,0.024302184542778688,0.2197668394966643,0.30780630231223793,2.6715889275836933,1.452334901884526,1.6642647258065117,1.0274509332194377
1.0079155362668102,0.6060566959081564,0.28156377425206536,0.7036413878587144,0.4384338736129071,0.06696833866459018,1.4665787127660863,0.7485692690216124,2.688802650985015,1.5916273351686216
-1.651487099612715,-0.05989050392916189,0.6379377209336414,-0.5942758542478175,0.0774204294447507,0.34039246333071443,0.16118819696534392,-0.41405846035558314,0.12077762479014464,-0.25537448843596455
1.0365631332070036,1.079982428770024,-1.1150343915991692,1.3775426345741262,-0.11791542863782367,1.530390271836965,1.9772565234314368,0.12014550758949967,0.9138542424205003,-0.017545135269122138
0.3246453000321568,-0.17089771425588612,-0.3400653136503647,0.6608217209162467,0.21572759942052044,0.15728825765788684,1.0015245613622494,-0.6098119209727098,0.8155032691716229,0.4478289200830193
-2.9927661428915804,-0.7551189448934483,1.541674118766515,1.3627752919858467,-0.4069113812522725,1.1188463603016139,0.24450423266928123,0.6649129615649727,1.4411841508068364,0.18651501693875439
0.9522182869097883,1.1538057777529018,0.13573309385456236,1.0851538291115856,0.24824978364841857,1.0096596834275529,2.2618033255064525,0.9895372427666502,2.6884734629027482,1.7514787753573517
0.9833425418820941,-0.8073228638905043,0.21611822093455724,0.16465741907084985,-0.2993810691123406,-1.0654225036354519,-1.0104096325585716,-1.0814099980945877,-1.2540343553013458,-1.3186254812331155
0.9209755648941408,-0.7626376115239629,0.06119637103009111,1.8131364307249112,0.1828400706633646,-0.2920641793247271,-0.2548005091959589,-0.5259219762557183,0.43661309470569776,0.04003027172128529
0.46086451869476014,-0.014676123726660474,1.4131809776735853,-1.1650822600033255,1.4362584271837413,0.7200440491818767,0.41914851977365686,0.10494677142880371,0.1603990191899213,-0.7335280112369851
-0.4736809379796809,-1.3958662960857244,0.5230776698768084,-1.743392527469194,1.1651386879554575,0.040206060068559424,0.25368245100332837,0.3222668667199865,0.2183640291233853,-0.7118982297117964
0.45788413863731076,-1.4388527652173515,1.8555565765636761,-0.6598392015815886,-0.11702887862911146,1.378187624168897,-0.3021554004278049,0.035838715581465314,-0.9809180421951276,-1.9775972801381716
0.8188471164062969,-0.5347626138481261,0.7197214693530835,1.7967437512780495,1.1228423591723498,1.021876086027627,2.4194154809342776,0.33688395563311485,1.8885639826936453,1.0129945598148122
-1.3974970677054812,0.8209916827210874,-0.37762597664298453,-0.9306500945831138,-1.2156073846868451,-0.4568114850367955,-0.43879158956597397,0.6517716031677973,-1.2661964491242295,-2.2107149961822974
0.7175720891208925,-1.3047104878009983,-0.15065311298278997,1.2660762011472997,-0.5457841958094725,-0.015174934008223062,-0.22214382793264445,-0.8114413674797022,0.3729482192848421,0.26714193674165887
1.1569282015222146,0.628929573797067,1.1019024707660539,1.29177405150062,0.3085569981548225,0.41765534416293043,-0.14504980738487855,-0.20368702884594692,0.3945357751951125,-0.0663065574634506
1.8535807174319558,1.7800672800576942,-1.6631371023008112,-0.8808821349747452,-0.31828969214886693,2.671459898074669,1.6708006381352574,0.7948584415251162,0.10673501554161674,-0.44996662192591586
-1.1523789885215248,0.08093799746634607,0.01713619046494266,-0.48890806280601307,0.03648317120037684,-0.4486364902708819,-0.49494583465269426,-0.04212199212749197,-0.5597284446938766,-1.5201917663761493
0.9369458383540925,-0.08087625238278173,-0.03158264733756548,0.7417021601527013,-0.5190337620154793,0.025607015760059554,-0.16855417903813824,-0.11352144738573852,0.10692557490528459,-0.3600698815712755
-0.15937586488828345,0.5093012502904826,-0.5852827143464929,-0.3976575942567261,-1.488287378919932,0.19234606280571526,-0.5045971025834125,-0.009357020760634577,-0.017071729916149136,-0.697814134261971
0.547326364665025,0.9551775759211724,0.5095337318869015,-0.6896771870261235,0.7963571703930312,0.5824308721695408,0.04339444377454982,0.3134705887039889,0.4074579683870941,-0.36542610820078814
-1.771015317827473,-1.767161339867651,0.9108560875792261,0.06520427467597914,0.5746168664580008,-1.7263987781710253,-1.5584259033693926,-1.9255356931891328,-0.5246380663626704,0.009397328570906582
-0.2761490976541694,-0.44881632185729475,0.751138067313281,0.3308572796064777,0.47576011904244675,0.1835084203298596,1.8671192062607207,0.005922432207938019,0.9805553930425744,0.07369777796496091
-0.12579608050916113,-0.5091759468115342,-0.826151891749228,-0.44868997579123093,-1.623995753066649,-0.05956195505237577,-0.2636442054521736,0.2510250666425178,-2.2415374846504346,-3.4219002547587545
0.0821367420242652,0.44051336369215066,0.055174314692068516,0.4793018281456144,-0.5113966817452735,-0.5131754891119065,0.568656947699341,0.2177560858463034,0.039356639703959306,-0.6526203722258739
-0.5652124124276076,-1.3179497502742887,-0.16215481132814438,-0.4531406585816164,-0.22493595827073298,-2.2655721757185345,-0.4977708975335311,-1.7942281240311584,-1.901587652008289,-1.3489450071268407
0.5098285733076373,1.130962593333201,0.180157895081768,1.7829336295752172,0.4457582495186481,0.18452934590410702,0.7966727183285063,1.1908044784285972,3.7151469852121135,2.943575273436318
0.08748984234393593,-0.2756617838311016,0.2927152457163442,0.5394340305271228,0.7393376395671377,-0.37826433666077186,0.09422636236087122,-0.3858499801669826,0.5065413765717284,0.042546241286914144
0.34473225982116773,-1.8704667754502502,0.6131879280959954,1.0378767283171406,0.1474272290669434,-0.4360203541779422,-0.018180868751999313,-0.6490920417585068,0.01214867685746801,-0.35236780662402756
0.07721343659161461,0.27437573979647956,1.2551678322648014,0.5166200858954808,1.8412126368233661,-0.005030493208932396,0.8605919568353761,1.208263575518098,3.2649590435575258,2.4116398709760736
0.19986891850827057,0.7804786340507212,0.02843584066946131,0.5964769792414913,0.5617907295471725,1.616847875093233,2.5596380066400153,0.6151006539689631,2.2151229246279787,1.1749094215192024
0.4891106405595381,-0.5330344444860785,-0.09418089559501473,0.5135591271849314,-0.4031864773963203,-1.3210602518118015,-0.11803434901899398,-0.44591547704788675,-0.03703333433018341,-0.42993193729437307
-0.17128250571521575,0.5130952277637593,-0.21722947248756685,-0.43572086886893746,-0.10564695259470092,-1.3331511093296233,-0.19158044049935907,0.06258274306890443,-0.7240248785019717,-1.7765203905736886
0.4730155825741347,-0.8548325250603818,-0.9536396227202886,-0.21583161131001938,-1.4001308348204122,-1.2220612808527531,-1.7014105670498414,-0.273141938874194,-1.7527613321326347,-2.4601813768848366
-0.6376841406544286,-2.1844339120358867,-0.9997720923203478,-0.6728212108827153,-1.2923373319701268,-1.3028532708128657,-1.4942443447854625,-1.0242618469761973,-1.8014281110964405,-1.9119775313790726
0.5433077982035502,-0.977502938944529,-0.9723037307737082,1.2729478870663375,-1.5521478443367123,-1.0446717868613111,-2.2850339564995696,-1.7170318001361342,-0.1758977159391275,0.10198883817776594
0.020514900835308696,-0.8661025336431429,2.8253677938562154,-0.025283809074795188,-1.213281151414555,1.3581764723761265,0.5125242017770948,-0.22799860362802066,0.5532296081992198,0.017941996042713848
1.0962231728020675,0.9330395853800936,-1.37121308660626,0.851706518300049,-0.2411427004490473,1.74481236449224,1.435134988439331,0.24152370357993566,0.9052877837861747,-0.004306059519702643
-1.1903091571812563,-0.1528812007630368,0.21572063190451313,0.7771938673370753,0.2399343205657737,-0.12380121028515456,-0.312298178250289,-0.2474455288959393,-0.33278824451495426,-0.5718407725154109
-0.9137244610979984,0.2721924540783217,-0.3640996062646175,-1.1521799563706903,-0.11024307304351655,-0.4553132443475191,-0.37560426570695615,-0.28301278154148224,-0.6739051066752568,-1.295018465413836
-1.2416589684805042,-1.890340087765114,-0.6951743215128751,-0.32390904639672286,0.18877536308760257,-2.15920029619328,0.769958002211053,-1.8122402245660243,-0.4116186533166206,-0.0429011378195594
1.666717709437721,-0.46294362992641125,1.5921927219729268,0.050038213606926014,0.597579870498304,3.5159007934777367,0.43612331600391996,1.1734997420769426,1.1945510713888714,0.5319388818342399
-0.05569642669891401,-0.48979042288079055,0.07171226371765202,-0.10037863650421466,-0.3420112091252686,0.16004609859023283,-0.07795111754792855,0.43234550783975295,-0.10275322048660909,-0.9975898668177268
1.1894586119828463,-0.8439936242223083,0.17806586965378746,2.095185427980822,0.08060200071325396,2.351195549271936,2.5578523032063756,0.436867402900343,1.5487800262679532,0.6234667964482784
-1.131180251425255,0.27602056328032604,0.06312116212878434,-0.508370201532047,-0.16500222434019068,-0.6536762272213104,0.07866555025603161,-0.26982927176952787,-1.0610096782801257,-1.793219385673829
-0.11994873398539835,-0.98553239693307,-1.000473833198807,-0.7348057017468415,-1.0443897396450368,-0.2297102062826557,-0.7280832504428308,-1.1646105610685098,-2.388325224686994,-2.3786410317216427
-0.8728996296117492,-0.07714956793444092,-0.2757042965311604,0.6948756682554457,-0.3032093877046106,-1.3322628010165394,-0.9062577152984236,-0.7587199495371553,-0.46800273779864027,-0.7764875050552505
-1.0732402843195294,-1.4198590002569231,1.6551879127014868,-1.0791719104117137,0.5997645782810715,0.5687405352614286,-0.10694283629177584,0.11864944612425993,0.1838223575396394,-0.643355830875999
0.7378110339712156,-1.728212626196779,0.43929626483512946,1.27077247909026,1.631257029367485,-0.23181114298465494,0.41862351757902355,-0.9617431254391529,0.947711930871586,0.7665493458934256
0.7010616503705658,0.9085042883489239,-1.0233313216538484,1.4644882185405732,0.8105022553304805,0.8231962002851985,1.9608382062793623,-0.28693578238340983,1.604956935397625,0.9103235303028472
-0.4602131297700493,0.9985409846302575,-0.10800350441107741,-1.3371917905291322,-1.0006160181310602,0.22927335498831558,-0.3614631898092229,0.4441108800323391,-0.6431488160905613,-1.4986384299283704
-0.5248801071298554,-1.2302952731722876,0.38743183564216166,0.18507892489248523,0.08523243505717204,-2.415218443631824,-1.40417861335522,-1.314003980337449,-0.6397062438002423,-0.5069616577771981
0.18350875765469468,-0.003966380185401536,-0.5152386300094789,0.42748932362715814,-1.6764300280981916,-1.9179133238870023,-0.24043806811198554,-0.634316532177424,-1.0821645141642948,-1.519451446792296
-0.07831903757999724,-0.8768645790878066,-0.466063911570472,-0.3799885501740661,-1.8947275182686711,-1.3119979525941095,-1.7447826108953606,-1.1483783866541653,-1.7763991960376317,-1.7808547118706421
-0.5026396510436074,0.1904631972820557,-0.3025708627640091,-2.5169353800495173,-0.08693310152411404,-1.6430340243992043,-0.7766667166251534,-0.3112592587472439,-0.7948856399877811,-1.4116811246379837
0.21354809212864825,0.8456443027578516,-0.35666375220861873,1.2451431760590015,-0.9325293019422563,0.5767147962765693,0.43480194846447917,0.18354833189265657,0.10009953264986636,-0.5754714843549976
-1.0267426821963703,-0.14951735278493042,0.9652143243978086,-1.707562607304109,0.7662070169757829,2.5835147258629365,2.9358863052393724,0.998357024417659,1.2795045736610322,0.16974864441394164
1.2183887284100139,-1.9750161036527958,-0.07609300312440394,-0.35563028147048137,-0.3722948405147418,-1.9740036184874503,0.09148471637538047,-2.800009303306708,-2.3508191009453014,-0.9008230280216374
