X1,X2,X3,X4,X5,X6,X7,t,y,y_delta
0.06635613342191977,0.16842241779056633,-0.3649324016410831,-0.005137751839640534,0.3498003157884043,-1.4310653481773747,-1.0520114624412265,0.23042248682947494,-0.7468200615496785,-1.6316653045316485
0.6099152070372016,0.8871630866392902,0.6475000320244105,-0.03191057763484639,-0.9136710450737334,2.237162459401664,2.5294030839317925,1.8783861862674147,1.2435967545525193,1.007276175204718
0.697604301317783,0.22478539491997002,-0.948157912871526,1.3094351585361153,-1.2284489327269763,-3.333361199105723,-1.601965337168838,-2.4872003211507914,-1.5569024275593295,-0.6840986444609988
0.22059934615938398,-3.0537973177489754,0.6785974971503344,1.4558009677068042,2.812061073046627,0.5086436928241334,-0.2124091524534521,0.21431795864807812,-0.5973814459728003,-1.4785784955218584
-1.343510963886699,0.9493272357541921,0.40640751066619507,0.7922489439555702,0.9729667461735996,0.6435183776603267,1.6775715032018885,-0.5365438279611636,1.3865317295007495,0.8806246608267045
0.3958440506195994,0.4756462565768686,-0.11970462426471726,1.4214611915766455,0.8265693995752282,0.6430357453618507,-0.41183685462552944,-0.7704549276584297,1.7512645548918138,1.4257419915820353
1.2379606890202628,0.04798482909136536,0.41466322787067167,1.0912740785914514,0.4960010743547448,0.31221706687854356,1.843464935949639,0.8628288269477908,-0.06908449179640863,-0.929961126433333
0.9179443709062344,0.45122311670774573,-1.3203912848426942,1.301971059212687,0.9030128866912897,1.0015630284323633,-0.72148938138359,-0.9331501130421052,0.08046784157173348,-0.1095826857660539
0.005842723175469127,-0.16133758795367892,-0.17208651188760987,0.272319034697047,-1.6768228588601017,2.2368015041066065,-0.761639668769924,0.5093532731253312,-0.12294450547565097,-1.0375852913459354
-0.6771185671805275,-0.17035377575968136,0.11548011298980615,-1.7384937079193858,-1.090735647921964,-1.8685379046659443,-1.1893706902071606,-0.4175693971242624,-0.7234408003638608,-1.3120657503994908
1.4742925463965604,-0.5216072197290577,0.8748682358654968,0.5407448065419439,0.4598269756707015,0.4885744833293216,-0.29758128729260325,-0.6870859768658333,1.3493026930533976,0.9571713727246132
0.41100497303606653,-0.007967421960034058,-1.5741631845383444,1.746497018880854,-0.5498831427688919,-2.4812914674916957,-1.5641741252513908,-0.8313062587523694,-1.6248524962769242,-1.9004443515910316
-0.38773249059421466,1.0927180868426385,0.7732709112451992,-0.24005915784042037,1.0985253825620986,2.5375387028319887,1.8373166784814285,2.5370395366812177,1.296117196388101,1.6220902645164443
0.48019308636490327,-1.729972362940813,-1.0631081476423734,0.6282828508294053,-1.4543215323230498,-0.7781806034549037,-2.3202480812686996,-2.922568740108609,-0.16598087559538177,0.7431830884283129
0.3539676218450362,0.8998536111839587,-2.1561934199413564,-0.7359575809549705,1.298844406489948,0.5290391170205526,0.14357449190535365,0.6852495906439826,1.2722538572583482,0.37170488375486754
0.7009569201158096,-0.08868704355334046,0.6205903382114397,0.5578135766542551,-1.0512210267103066,-0.09989696220600741,1.7850987879954687,-0.05304026348657742,0.4095170463145026,-0.3817967170116259
1.4184834704172067,0.5418022396605844,0.25757745693188655,-0.4256717253952681,0.8502008330497934,-0.06967135665782331,1.762138112188535,0.008983462525489982,0.34881856529714644,-0.46813731171923606
-0.012587341864280234,-0.2624898768862599,0.8567431071429299,-0.023446005708119944,1.74986768905926,-1.0173782105223586,1.0515907844745134,1.5855333994570857,3.423634770685724,2.9537277064159335
0.5975704370510052,0.6346391951149948,-0.19592903973468284,0.14257356183013226,-1.8245654422933184,1.9540699369571546,1.034252276018038,1.536557835809616,1.767550783200809,1.2616538552709453
1.2963349039501368,-1.2262959840834005,0.37113499631249347,1.1074407654207676,0.6339350359598699,1.09400733179485,0.8202037826378871,-0.4129269032316489,1.3490646923687972,0.757357732028711
0.3180290466654411,-1.9112635690704918,0.42232096284739096,1.0466469706190833,0.8440117727950465,2.1191285284226833,1.7348460261198075,0.7048837423439618,2.4373584485176116,1.5399529882229148
-0.48658784606058525,0.43114822781581474,-0.10809529648204562,-0.8574272955254242,-0.16074505626594948,2.460121748351125,3.227285612276771,1.5424916300576719,0.7608183079790874,0.25922508383524934
1.1831843803564506,-0.38405202737488997,-0.41587176714010415,0.02958653863337457,-1.714670511411117,-1.3105202401606317,-0.5414020310739014,0.5968759481211168,-0.7806440475770381,-1.6914500566842423
-0.658847838428859,1.8139266194183907,-1.0611999469567057,-1.6946390582844,-3.2782514500698,-1.4846663021875033,-0.2998902544319582,-0.04013142350395782,-0.2895301678646103,-1.086410185519068
0.0454158415216866,0.6125890157669199,-0.5152188660035769,-1.155624474016868,0.649917993288399,0.4198372264868222,2.615479538246303,2.6783993105383486,2.0187787526677368,2.456240688212872
2.0578563566041477,-0.31450563794322983,1.9097582760412808,0.13761363021418882,-0.9004361718406623,1.836140991709084,3.270443720692586,1.254334067261183,1.0963543038442822,0.40665876365811837
-1.0363841106223801,-0.9585990001545937,-0.19986918959435057,-0.9944952029222144,-0.9575641110409543,-0.39039952490543567,-0.7403787778451134,-0.5673742516703564,-3.0827329466981412,-3.5661071646868656
0.9244741150301727,0.2436268337155049,0.08267751178042122,0.8070212934298802,-1.3944368322446432,-0.04198801237367206,0.532376607541599,0.10775422004445204,-0.2827107439377418,-1.1346150119836331
-0.8070013112979293,0.6244186517220595,-1.7549110206074259,-2.358433982558042,-0.49521993837501654,0.39090154489409346,0.9534822520886961,-0.2946188988978731,0.3314024740152388,-0.3348009076175158
-0.05962413976112219,-0.06990915250311572,1.4447683661008228,-1.3432942794576874,-0.37426362450639405,1.049358908308763,1.7504314559941425,0.7031027486865108,0.7390494492361582,-0.15865404877418032
0.9178877219614484,0.13044475525742533,-1.8438521735087754,0.5884742552343446,-0.23455113764256047,-0.4383292578288227,-0.8995561065544003,-0.5973942264419874,0.5130064758157964,0.051971367529968115
0.9155978211312942,2.8501642973097905,0.06105253110626076,2.067277675260712,1.4776392176486133,1.1032277405342827,-1.6563301931907926,-0.5952077283403191,1.2129535430253953,0.7502784893980707
-2.630005271260745,-0.8125870092297464,-0.07218094099458935,0.6041163744192588,0.13859042290432202,-0.5852521671201827,-2.6976166710726055,-0.631252801416353,-0.5314287874303685,-0.9668193351688608
1.167009377562393,-0.49170732754442265,-0.24617232017364152,1.8164220515649427,-0.7368078456388286,0.0948681054419156,-2.562744962321817,-0.6581035948179147,-0.09865141893377316,-0.5133835610267891
-0.24550063025257082,0.2377129231248882,0.3439953881863489,-0.5062631102090497,1.9685123715912514,0.00760494525712585,0.03321027825782552,0.3829996285725836,0.4979503092955639,-0.41108225713614366
-0.8890134975512877,0.03225559914411718,0.4465896689199583,-0.531409992268475,0.5808290354464254,-0.48314317334858137,-2.0495840493869486,-0.6556631318787685,-0.27076748825361474,-0.6873886199477505
0.6822720609266247,0.5106814944823045,-2.2192443293144906,2.931759819935126,2.4574962733122065,0.9271430606756557,-0.07537474952088774,-0.26941238033978404,0.8486053153876314,0.16758625585493978
0.03730094187325312,0.5861546673316433,0.03791844551806262,-0.4540394298098238,0.18953472837813512,1.008615474302229,1.4686078439425798,0.6292528594337292,1.0459443059785736,0.13815424385514963
-1.5289605194550844,0.28671301412251515,-0.8271638736786616,-0.18534116010612067,0.20826793539373756,-1.5087041039558344,-0.9096526608497286,-0.4434281631088245,-1.3537826955907912,-1.9250329827077728
0.01705953072339844,-0.5080726685757103,-0.2654272949975147,-0.9459535770608207,0.856499547482923,-1.8736033261116534,-2.3931780064517536,-1.5180729738516883,-2.0807661622352303,-1.7702439182582126
-0.8513986773916238,-0.2141884824722883,0.12277498918042265,-2.725116450777758,1.2629485325514818,-2.5928863754330047,-1.8268274431752274,-1.288486472915793,-1.865142438536868,-1.7481420885577563
-1.1342803169611373,-0.9963377270702116,0.40070154103795075,-0.04757074161508523,1.4722630540934531,1.4161497658364135,1.2087161140493365,-0.5320319968004699,0.6716846101061814,0.16251594947316905
-0.9684637714568521,2.5412738617269928,-0.6724264256818621,-1.1273701396804472,-0.650243920125696,1.4717593011714962,-0.27691331504535716,-0.30089524217533736,-3.008681886357725,-3.6711364759115
-0.5753316290273888,1.002977998335495,-1.665337763753929,-2.3403589834118668,0.03358420454847642,0.7052679454477682,-2.0148236292862114,0.07281334752966086,-2.277348629362045,-3.117731901973151
0.29595107279051724,-1.657676690490916,-0.4907303323225356,1.136820477578481,0.13437577293313208,-0.8738965884602806,-1.2202435285858142,-1.3013581749318626,-0.9550467314717659,-0.8269625097442015
0.41525128351673624,2.285435510912826,0.4994139296624038,-0.023034340408537468,1.6793794494722356,2.744335439693435,0.1604839323766596,0.8510228714783123,1.5341388337080637,0.6698499753995473
-1.534568686220784,0.3184291070473196,0.6760392500373404,-0.39254991010336165,1.6962560521601446,1.3292465230396708,1.024685127946432,2.1136949278635475,2.5754110886956516,2.5408571986428026
-0.7948582729765785,1.657832654215693,-1.9501722891308455,-0.7036343115515216,0.5915324602718581,0.7421635055093893,0.0902007539712193,0.8682901440247799,1.6637107524217831,0.8044492380806124
0.02756526028527576,-0.2263626042959428,1.685158732564074,0.37931584226760195,-1.0629599951857303,-1.153966480179459,0.6732690558370913,-0.2984559883800829,-2.3865245005938984,-3.0504388353444254
-0.6005174198132631,-0.3371612365804929,1.0312223882707097,-1.339246777569929,1.6932553188818775,-2.0696986412211307,-0.28718866899381545,-0.7424177798547102,-1.1484616997846133,-1.4966337344885328
1.2368117440974018,1.1928702473604784,-0.5373120482595711,1.0952172880577087,-1.8517802486216068,1.4469865250517722,2.31603588802676,1.7876378408310556,1.980538065232453,1.6690116728157176
-1.6772596464389757,-1.9183326250416808,-0.31640125706357597,0.24273658434825104,-1.7700366421642635,-2.2517772726189884,-2.6520115055355085,-0.4905941914642856,-2.026779521330425,-2.5654584103143856
0.21910005009644,-0.2828925751252349,-1.2135980798340353,1.8692911213187176,0.48045784866821095,-0.5321945168969551,0.4157224908403775,-2.2605188233633062,1.1789078098657562,1.9730907805012987
0.91258098333767,1.5198794923197088,0.8794297562507948,3.629976877356595,0.40768628857369504,-0.46030541898002714,1.1962126084773428,0.41094353360542635,2.9603553296684253,2.04895000953273
-0.4284315869211411,0.7636505346147702,-0.8249372216210465,-0.5546769788300554,0.5622550699235062,-1.9361855899424896,-2.6585524256605497,-3.192323264718565,-0.8901088292721648,-0.036051798721077555
-0.029499385048677915,0.13902865519139182,-0.6385492004849475,0.8598390494780106,0.46015757357350007,1.2002528713782108,3.3555070696052414,0.8036371041825053,2.3509339115096033,1.474047389690542
0.05577983118509708,0.6122296162514217,1.2327257889027623,-0.7585153107813078,1.3439168951900182,2.2195834751554235,1.6739665468596439,2.192101294165473,1.227782544891534,1.2613435629046303
0.9326137127573656,-1.2466995556905722,1.2081191777521818,0.5746673679339878,1.6263647907677428,1.8714390175115534,-0.15672370129764326,0.3819183050390249,-0.3934437903076351,-1.3023716542135986
-0.8253166841481675,-0.11800758003523426,0.3280229303373599,-0.039057121882093204,-0.9237331479365619,-0.8434402494055733,-0.6326324644132675,0.7865294118065823,-1.3089123679384618,-2.1899117413439564
-0.0804141706753619,0.8001475716687065,-0.9057277047539385,0.05346654229710521,-1.1099480256537064,0.47761552132028817,-1.3342616444990676,-1.2599751565762265,-0.4524274880424439,-0.3600382402596811
1.8414935060310147,-0.2140767318824188,0.3405732023778539,-0.6164034255958061,0.09298321657202241,-0.8721347328907254,2.651561370759963,0.32935619380900916,0.5186390613008844,-0.3840451967684916
-1.4441663138639922,-0.18904421041486713,1.1295011240207273,-1.767482897122774,1.4574766160606942,0.06041704808756129,-0.8484038485341703,-0.16466049052376597,0.06375660187468954,-0.6745575085110702
-0.6115240828761879,-1.8744348740179146,-0.14243625518269393,0.5148874165568426,-2.0614461707843885,0.8239139594059379,0.49665731365799237,-1.5440111024815337,0.8761312658561533,1.2077572811196975
-0.5429326153311008,0.022371215160888355,-0.32975052959885043,-2.072106822241201,-0.8718026902033995,-1.0136873785020946,0.4074792105154019,-0.2920516623387879,-2.6255312198042136,-3.293261166432657
-0.7058828036438479,-1.0310737986102108,-0.7400214561108954,-0.15467442686801458,-2.4744174041223643,0.9413351196416992,0.20289818882939611,-0.4671193161276542,0.15538022865619705,-0.3996489795656101
0.8664567075619278,0.6715258452773142,-0.6164181406104946,1.0125237421938615,-0.6608813801047462,-1.510371127844583,-0.5295390931484876,-1.908460626955797,-1.416758946127346,-0.8155343820785267
-2.307684356357762,-0.0204450998688486,0.5428597668198778,0.040163005837041355,1.7729832516450061,1.0126804540492815,0.847377957451664,0.18386136414207183,0.5752752250528684,-0.29845927838183206
-0.9260942768969594,-0.11069386046690682,-0.713581726962807,-1.769046201901027,-0.6286682956358842,0.747238640560775,1.1162215234466086,-1.2050211269654767,-4.290171599925852,-4.245394352195484
-0.25626207527390704,-1.4155935668511137,-0.680960612983043,-1.1226697994904267,-0.7367889247126657,-2.7588198718103163,-0.26147170680423937,-1.1969653717348483,-2.1226999882242716,-2.0849155832027515
-0.606987650872155,-0.3616823675450058,1.036140677933517,-0.18639654956138463,-1.4215012510572782,-2.810185712127236,-1.0750398468796485,-1.2087692407860249,-3.0060773627146276,-2.9580474131973826
0.43422254985636555,-0.38062266109596293,-1.2316365657545278,1.540387268560597,-2.249491485266888,1.7603083831736233,1.4150117355659555,0.11054925431206519,1.2299999294663888,0.37721444084864353
-0.3923513861997436,-0.6777842175582935,-0.14449645362148095,-0.6457917164881746,2.8097246436810988,0.3379529846035038,-1.6448121939671294,-0.8814271983903377,-3.4285832893877184,-3.662350138500564
1.8475845757911495,-0.9177507524324996,0.46411564311041703,-0.5191347135463187,-0.46407880874673046,-1.672828808287086,-0.40925284313138677,0.6595526566113563,-1.375818150350856,-2.280007801226125
-1.3498111110159001,2.3692422655249326,-0.9465850536609327,0.2841133351802255,-1.8588536723868154,-1.3747572493030045,1.0726841247350556,-0.5412979311725516,0.7595753708913671,0.2571150873593411
-1.0463912440139114,0.16788187086737127,0.465320752155423,-0.509316608331928,0.44607979669098574,-0.6679885460824658,0.8135806756498566,0.4289985610449835,0.07425704953103374,-0.8383398868556708
-0.945561900605087,-0.7603717447077324,-1.3611316650531526,-0.03151159929858238,-0.8865095161973906,0.6184194415011816,-1.3233917984412409,-2.4599564643230973,-2.818302814783637,-1.9528713232804078
0.4983525489921327,0.5447623325308901,0.26072597573330114,0.41965931167316145,0.45535986001600814,0.3639074998238623,-0.6620238500992046,-0.09664132579195217,0.47435633401713045,-0.2972820269760486
0.39119998358438324,2.0835704461900817,-0.22127842819804194,1.525482250724019,0.37852132145407397,0.3695481962149233,1.077340668339404,1.468483961572252,0.2103115120974648,-0.34377469533593863
-1.179467639916074,-0.08492452946792056,-0.6909280761897741,-0.499084333462551,-2.398046744898348,-2.6776864949832397,-0.907266781695679,-0.9856864107173579,-1.0584690738801183,-1.2036467289225994
0.3193777044435983,-0.4820440027001742,0.3744034673779632,-0.48630606729690995,0.045036931126487434,0.8013012939551225,0.30644303353008717,0.6767471158579627,1.17580161969342,0.2739885168125764
1.0473241561159603,0.5354383563156278,-1.2471477957596584,0.3436250969678749,-1.6593293200301362,-1.0589609492099996,-0.41824016461296176,-0.029869740856629745,-1.3453939115441984,-2.1466132785551584
1.8450640823472695,-0.8988232018839578,1.6091042102145623,-0.6526334193291397,-0.5411325682020552,1.2599070956240699,-0.735326199672801,0.02675643735153716,-1.6023536196032662,-2.4261382539412306
0.41884440672082507,1.6050520203867746,-2.0285140258978873,1.4812368715311148,1.8817898813536658,0.510061185768219,2.223531712296174,0.41708050428540344,1.6462101430137746,0.7343696889097417
0.48540168349855783,-0.14267101987586134,0.42337566866855947,0.5639924183288673,0.42618962098388374,0.598988285003745,1.7983839262823538,-0.23508002811624606,-0.042901127705987196,-0.7434700140939655
-1.5746204683055622,1.248922760880704,0.42396893554416526,-1.062737512475568,0.2012834615462804,1.00009956441631,2.2289404428675534,1.5718123761278326,0.25317917677361884,-0.226916777124413
1.4730776662333445,0.6797350200149113,0.14622414353272006,1.2242772122781456,-0.8417525006256994,1.5385300363740673,0.6599583425756632,0.9679695312218843,0.604102722200964,-0.22166321067591077
-0.7254923207196965,2.4522537700974674,-0.5270729199411481,-0.21548235324383758,-3.277954710635556,-0.9778768317078568,-0.6011356386216757,-0.4957400151181132,-0.923022374548746,-1.458081098474371
0.7193365275173724,0.4542059476412349,-0.5203376823363149,0.3731416640709653,-2.2555034875081033,-3.7179915717974357,-1.2007841973413529,-1.817762903638501,-0.8526500822715658,-0.3129762465798833
-0.5914636526279887,-0.37673701416075084,0.5955240379339838,-0.9715913800192318,1.1969359323802156,1.5342181775743844,1.579795464097397,0.6163974277101641,1.299436783127705,0.39034625134842005
2.264249825509806,-1.832122610720584,-2.182813558955787,-0.8351159305276004,1.3905007120609403,-0.8997532630513481,1.2863487105774642,-3.2861970105853526,-0.10122486291451405,0.7202753274397403
0.6125424628124244,0.39645312631633667,0.6112922661498447,1.0575942895196038,-0.5896521114357145,0.37586961957677767,0.7635054567573355,1.5389473954728747,0.9485550152725971,0.4443892781784314
-2.383512812853275,-0.8680924854987806,-0.18043216405299348,0.4238255731062326,-0.6430739393544114,-1.3831608488865952,-0.7191501778135785,-0.3534919374464379,-1.489313392988025,-2.1194399887779096
-2.387979908761201,0.49452684425111626,-1.0319879307853623,0.05988185200880636,-0.4506979410326462,-0.62819280817152,-0.9307693057723343,-0.11872655867856832,-0.051486263879171434,-0.8126511777877596
-0.062309106237838044,-0.762592568318435,0.0988133100280523,1.192233893970571,-0.4252533372578895,2.3917328634702706,0.6531526603286706,0.09323236382306743,0.9394487580269887,0.09221948230798582
0.9962338034101813,0.8897344447684038,-0.5634658504178367,-0.10676888586097988,-1.7645007162645632,2.458426954535084,-0.22579869702093036,0.9048758888975615,0.05145678877242647,-0.7963906471181066
2.6607727718216077,0.37877613268726285,0.7048733208401537,-1.6297476376190587,-1.019247245460249,1.321980569383463,-1.3364088767648024,1.3637457730909603,-0.4641703175485163,-1.0878087021200822
0.05913440004261245,-1.076627444564663,0.4720983379463372,-0.6164981153525614,0.44929547679435067,-0.3994720994499027,0.7591702765946998,-2.2767669512768256,0.2584485998068732,1.059540950218395
0.844771466597335,1.1314753683695835,0.035936865986936656,1.6444981398052088,0.5220790722184941,1.1648386940185418,-0.38798393624717503,-0.4266775981236963,0.8928491790503242,0.3103040971122928
-0.6759841651434694,-0.0028411684372447966,1.4671094634984279,0.6476299079150714,1.2496255312262126,0.980190477832692,2.8034821405059738,1.2082708454760995,2.5194406159269627,1.8041229258692069
-0.6181846736434733,1.181393452114418,0.8628660124915636,0.9901625802918659,0.672465797561617,1.9936457074484712,0.7509790168985134,1.7586623548324034,3.6398883722359274,3.304810252622426
-0.48776090845069375,-0.19534173468282223,-1.650524348319576,-2.4786072473036516,-0.5345315183748441,0.25583327115177523,-2.1182916848127533,-1.4912917504617285,-3.261168959229368,-2.9726341266426766
-0.35202976961942756,2.6094131922836086,-0.6817759370032322,-1.3875123290500726,-2.3914117075409,-0.06666443326070093,-1.6503557118516008,1.1477114958243146,0.31733444920279685,-0.4295773124142787
0.722408210503569,0.5078093829463556,-0.020035499451513967,2.6706356703619463,0.2736292804283013,0.6057616264463641,0.6555452889660548,-1.1336681775750805,2.3508311755392617,2.33362569280575
0.13772321734151904,0.8347879847771692,-0.6418279745185047,-1.0547979667727643,-1.867173293196903,0.9982122680762392,3.8536716133186197,0.9908948956644934,0.29459231888594095,-0.5224110893029674
1.7123177724626935,1.3874478939545278,-0.09495332499456999,0.7981483811124078,-0.4376207791696065,0.9543749678751248,2.526343746282004,2.2384198614362765,2.4274640821835693,2.5012007315074767
-1.0489546686099387,-0.2059073177235546,1.6445717798862822,-2.574990094553642,-0.18516514138047302,-2.0564074159301207,-2.6916821816514522,-0.2182205976292918,-1.2082264604507333,-1.9181240338219294
0.7231765041242297,0.7417997734759368,-0.7032693263258878,2.499254814638806,0.4971934657197765,-0.46167232726752705,0.8406813488279486,-0.6388181363474713,0.800381475586564,0.37078344307936695
-0.666232477320398,0.5896522600809243,0.003990729207506044,-0.09454068178487851,-2.0943770674680176,-0.3398297041954843,0.37833783390575304,1.076670333119592,-0.51438153683716,-1.2951983900535828
-1.3647548019169593,-0.03437554481295906,-0.14472421795234075,-0.0009049989587746055,0.4520352294279281,-1.2583706999548343,-1.561058989152853,-1.1178245482960942,-1.7311331894529012,-1.7621009792665792
0.9373188950100415,-1.1050986958711493,-0.969725188845177,0.0033670584419970284,-1.5904054295193104,-1.9412074830923314,-0.08598521865491288,0.27077538664427614,-0.6364029659381337,-1.5294780313320098
-0.28525914507109307,-0.679270914865109,2.065920569056861,-0.6613485064983912,1.4356628801965408,0.005487636580964628,2.979132299246301,0.7836550722465261,1.5035467135761378,0.6218791259036316
-0.11872404763913692,-0.632279092508288,0.1060949496902449,-0.9992869078601206,-1.6959783817399412,-2.136167095811903,-0.4414603315414637,-0.652570894547526,-1.2404428806131707,-1.6594542766424754
0.48476509290692654,-0.8261553921333348,1.2892758580773789,1.2060408645678211,-0.5138053098411945,-1.0699828964057116,-0.10599231617396665,-0.3406703064185092,-2.9868954108451087,-3.625050815842838
0.6762303660429744,1.5305135088702444,-0.5256996001621111,1.5582115401524406,-0.7163014191141148,-1.8464565883121442,-3.0010807354528857,-0.793218316480059,-2.130912445611603,-2.437875278843621
-0.23080635011433046,-0.8177674962271662,-0.47367388350163503,0.07770614760078781,-1.2934440553172943,-2.706562342159125,-1.9788955983594039,-0.43599458922070156,-1.1903063764072215,-1.7665870966661585
0.5820522966777224,0.23478745309663696,-0.5419644098577632,1.2104632722216015,-2.4130246073521375,1.0079183293300389,3.0741609635556237,1.3898446993175169,2.4033636645531034,1.7965051732588688
-0.11060740326542345,-1.9644755757428565,0.8185181892210595,-0.49006974378871926,1.4444654264637342,0.6923732567661913,-0.6063542916405752,-2.2026733663229554,1.1680901932643675,1.936150749174809
0.4056038889699118,-0.6831652607648979,-0.35910244244442613,0.3582346269029339,-2.1328757354114996,1.8421065747960652,0.28384645790148366,-0.7422852363401354,0.5796388156630776,0.23136028126731678
1.239867153492121,1.0272946465992792,0.519780678891113,-0.09651002892361238,1.4053731086028063,-0.38815572818055255,0.2311978762280016,1.1206951788439807,1.6052007508701056,0.8449857458298161
0.16425605027592707,-1.1157921814376044,0.1829581998128063,-0.7549030758199087,-0.8644108413314628,-0.7618247740411253,-0.8902857121943659,-1.4978956303144608,-2.596433347508272,-2.302458823232989
0.7146294890919939,0.35979176414155806,0.6554287750737569,-0.028021268076642736,2.763475919294415,-0.7262080842747414,1.0319033592526115,-0.8067441342144744,-0.02753545470380092,-0.3234017034527106
-0.9486045334558113,-0.5165249969881112,0.9276861029020119,-1.585038525486468,1.972116927684902,1.2005661146733062,0.9022158944976124,0.03138299116852544,1.6252379504167105,0.7997141406029153
1.1401000241561854,-1.4493855942672256,-1.0428670982796178,1.308298250336176,-1.0599208010338894,1.2657485084466749,-2.194337188393078,0.007372493929263868,-0.7987178060230392,-1.6150431731628172
-0.5001792974299957,-0.7477187220037774,-0.4335636024077441,-1.0987506161886302,0.22418992765363166,-1.2191645798228847,-1.3260280418829262,-0.7514591206602408,-1.3641422003484414,-1.7050365088151727
-1.014849903536566,-0.721797340575401,-2.0841935053852376,-1.1790250384670187,1.1574392503571287,-0.6896688820174408,-0.6707512571340813,-0.695088517885838,-1.3957671776601446,-1.7816049142082573
-0.5419125162341395,-0.31823290738983145,2.0086256673652607,-3.1365050791449365,-2.0970192384334694,-0.22620539632900424,1.6326337779234437,0.5340061406069431,-0.8423876292839437,-1.7565872561613634
-0.26377877444689074,-0.6662173713023601,0.05939744333881937,0.6936308822076391,-0.24268885538953638,-0.09793722191890286,0.48827724229463687,-0.16236829579064443,0.5375026504391073,-0.20198545539726287
-1.1569276322704132,0.702176774551647,-0.28452944631772,-1.156716634116075,-0.7543540030329468,-1.925226108287073,-1.0704047245831054,0.10283967349307438,-1.7211415750972414,-2.57148181954213
0.9994634981267495,-1.3933076300742588,0.6759512488178386,2.418767169043031,0.4722410329095993,-0.26856007554190886,0.7075526261933649,-0.58197479694992,1.4501796936530578,0.9776223615886577
0.36924081872187176,-0.9835379169267398,1.1890084206586924,0.6417487601940237,1.4809859133546608,0.7367265021137039,0.9393094107791544,-0.18693447726528373,0.307775638829373,-0.4189489302751903
0.45133403379658554,0.8705052397882507,1.2605374880916767,0.7411037400889462,2.992973416509178,2.2597743236399355,0.6013654686257648,1.984609132027464,0.9027968528421573,0.7566950464480007
0.9222783888348562,0.8142084810044186,-1.3941073436959193,-0.28242259754154564,0.15835397138035268,0.6625854681086418,0.8920047078885256,1.4769631296033021,-0.3534137314702308,-0.9016198348987793
-1.043914904141609,1.1884684721774252,0.3007345901558463,-1.2381335026245317,-1.6241327445020906,-1.1092666664766884,-0.2723799946651383,2.9854146950368667,-2.770711376273767,-2.120743887098082
0.9453060581804782,0.6244150617956234,0.8968195072236577,0.7362051948043901,1.04538068203044,0.800396406891291,0.0798771203242985,1.4630653836743133,3.328693593614167,2.7708685344173434
-0.9870188313515075,-2.1421122113004047,-2.1066775948647605,-0.6972111347512431,0.8584047446422873,2.2530263805731603,1.2361237198155892,0.5879616810526738,1.396196354964896,0.48471113979243396
1.2743427987745972,2.6601427485084033,-1.4161419956805286,0.6131257616696537,0.4947096035560835,-1.4574199201282485,1.109435273441005,0.19019979039052842,-0.5173629664833659,-1.3927110111402692
1.3576582365928807,0.04039461658245777,-0.4360270079036636,-0.3681275013709072,-1.942715107036884,-1.365782169359005,-3.2124438230292776,-1.2962265939157014,-1.6524458769025452,-1.5287782760828408
1.8971500406292061,0.9809207246787135,-0.07633985006804685,0.7065097275382575,-1.2274561777301178,-0.2390793488049578,0.7190944092884801,0.8555262662855402,-0.170092287532552,-1.033092352188103
1.2583605687506025,0.8478904930621413,-2.4924419884487237,-0.007153395571971921,0.7262112107509671,0.9727833664365066,0.1217833169138201,0.3152157336450033,0.2912884835873176,-0.609331193859447
0.39080558515724473,-1.3521574316899434,-0.13888122323599741,-1.2747310372841885,-2.2260701454865717,-2.6732798996665843,-2.571232471529936,-0.44904017051631184,-1.319620395845205,-1.887054050747924
-0.34820099015279565,1.955289961787017,1.2507017453343565,-2.297123267718379,2.1748531901750394,1.0691965408978001,1.063697125276362,2.3339028339355554,0.42802959331377277,0.5840489585032118
-2.0215118225151563,-0.3243076233410579,-0.5718083953505986,0.06406948106544086,-0.11365390977957701,0.35088970363056404,-1.6398971054883202,-0.5930340160601233,-1.6041056784188874,-2.0684091088122143
0.9849921811898616,-0.4468358889374671,0.650077709521573,0.3191808069120321,1.6474676860477067,0.9186950174519123,2.0316927555127773,-0.2914764633835476,1.1050238570832325,0.4369524221659003
-1.06259265104494,-1.0950714922598463,-1.6735341945028288,0.4075529770978663,1.7668158532830984,-0.10663587484029491,-1.9293077505649585,-2.037617627309415,-1.4825207554839102,-0.8014492751864923
-1.1024137524516937,-1.9677138535474852,0.6215940044718519,-1.9082276787800798,0.060836467284685614,1.074271424009697,0.7286440947503102,0.6209715616821667,0.33436562474005127,-0.5742777120976346
-2.2170905689660856,-1.528845793380542,0.4984866360770757,-0.3604530097872036,2.491771242053301,-0.7237370977545043,-2.4825625847133796,-0.7041263696749365,-1.2907643799679,-1.6694675191970325
-1.0409290185183382,0.8555235387187253,0.9762678162350722,-0.2426732575532916,1.807066966521738,5.348661211756571,2.7716329947143663,1.2041097861531531,0.5574239034835043,-0.16014159417416163
-0.31040619372197514,-0.4879427160136059,0.18531299474316518,1.091236718493028,0.21422155872643944,0.9034772752804572,0.9575681882952168,0.12741561020689507,-0.6117780301619848,-1.469753326079103
-1.3417461814278613,-0.27345896690111726,-0.28237162131248916,-0.39795950938829977,-0.4536231836152636,-3.0376485205354857,-1.051506454220053,-1.2456603802767225,-1.1034131094163278,-1.023407132549659
0.010186903614134454,-0.8238306907836763,-0.6798013944863371,-1.49117098551748,-0.7003767537725674,0.4405040715631602,-0.34519588905689746,-0.13576813732896098,-2.3229909320608315,-3.0758449830909704
-1.7539613161138856,-0.5049350747252724,0.7320424166103546,1.007235741840258,0.7691746090094267,0.5598034635955176,4.189790123020689,1.1727574283954103,1.6051603204482048,0.8710212141046665
0.1630509155075529,0.49769642838267314,0.7495745395423689,-0.5655410557715126,0.358080523205878,0.28442583171960567,0.8005034308081451,0.36251522252667523,-0.021167181193723406,-0.9280533720570296
-0.01156686827823458,-1.6378106712449214,1.4535757659747934,1.5337248203548741,-1.0263560697086556,-2.9977626057333335,-2.845348332073737,-1.4614139364838397,-1.8309386247532697,-1.5671532551083278
-0.6910924557637724,-0.5459891929394955,-0.5224487303815321,-1.8702434244560986,-0.6471693499760579,-0.2741342171181702,0.2622567972723382,0.3349270211184745,-2.179163807011763,-3.082616726309836
0.9632415014231125,-0.6664496212419689,-0.3198134479409318,1.4763334521692917,-0.9361900512486754,-0.39007879276489543,0.3984571756996599,-1.7351126205414245,-0.0006537121942538082,0.47943141453979465
-2.155385282694244,0.9181127481031605,0.7783514835275802,0.7825024885213625,0.8381598481919146,1.328756185839333,1.603273605126891,2.211623281409629,1.4769926128303568,1.5274989600855577
0.7879101530354157,-0.14091317622411142,-0.47231928252982214,2.343787497257215,0.8913742970634162,-0.5877821946583507,0.0337689619196489,-2.104696552003682,1.8388172342927214,2.5573874849762364
-0.9183874078652478,-0.243588532345057,1.3490194550863734,-1.4197075483813013,-1.0716296497318223,0.12761933204209608,-0.35996419495564597,0.5032306734918381,-1.302328396377392,-2.217000982784658
0.7093019062019081,-0.5899817933105593,-0.3293033665229841,-0.8549448685704634,-1.2830840688737095,-2.0914908999256343,0.11536366980747192,-0.5777831440940606,-0.5275608363431565,-1.0032329704585263
0.05518400285869293,-1.9107343932633554,-0.05301623012611524,0.05617261273356146,-0.516930579804052,0.9210495137642105,-1.0011840567665207,-0.622497788564494,-2.8399103205823297,-3.2819761867970887
-0.013358106470315486,-0.16514132812842972,-2.052095833279346,-0.16790705783633403,0.7869352521986276,-1.7611438987094075,-1.1746592683201766,-1.1140263757953888,-0.5127651959622244,-0.5470312805145792
0.22215794704811792,0.39333590166931415,1.0538485524907586,0.9693722091679378,0.294088571879496,0.4608345026190884,2.6742380894782993,0.5851378170228764,1.388241852494422,0.47655510953696345
-0.22307219744149706,-1.3382542765255838,-1.3226167970941487,0.2641491625270458,0.525075070149716,-1.874430900034214,-0.6579650726882046,-1.5893300189183237,-0.4251759975584483,-0.05716843886717132
0.5848244201105295,-0.29673312017836534,-0.5735802657738742,1.7465051205062003,-1.078798271086862,2.5235250075888134,-1.92293941093516,-0.2487352594852666,0.8245923468493374,0.1317110319556366
0.3425893189932814,-2.263946849369746,0.9594300036237526,0.6064663464623967,1.599172349167749,0.593323034273142,-0.2186622598593111,0.3875279063381465,3.089801048883267,2.1803404389371224
0.20832475994453045,0.5956190650202763,0.212242860452042,-0.3866950653410312,1.7522520163771864,1.6220384244345443,1.2094948344332814,0.3513743451770021,-0.466693555819499,-1.3722681560882104
0.7105348921457288,1.5406652320610323,1.1371046987727922,-0.12490222869275025,1.7957213202601694,0.6504651398480521,1.496381945797237,1.2957013753687452,0.26097968642072944,-0.4045788301726758
-0.25539715033745414,-0.45342449425706893,-1.4313142750603773,-0.33777651248207746,0.08698981474824274,0.7076669526808422,-0.43050169703264385,0.18670761941688485,-0.2787827946384069,-1.1532457773595777
0.27361446753284097,-0.8287494170994846,-1.5946766838826714,0.6371850065036496,2.674528554583827,-1.0110501334051298,0.45250468944198463,-0.6021136913555046,0.695743605828919,0.23825502240415908
0.4234544927894719,1.0846770626214668,-0.44253678424356047,-0.2022646424407566,-1.710127582111407,0.934991289910537,-2.5056040898254546,-0.9602462736340232,-2.2163124437297683,-2.383271382804007
-0.10271361279587145,-0.7613968879280165,0.9086607270575112,-0.28995385777100874,2.3002466240022708,-2.516949091900571,-0.3892911321601632,1.0231782798701814,-0.7678386015862236,-1.571846592294878
1.0107336271284695,0.6873407103538764,-0.7123382423056415,-1.5865280183727655,-0.5801065838902713,0.07151805655502552,-2.5299603538313478,-0.0007506801317133105,-2.093090523511832,-2.906207500400307
1.2340151379985707,-0.5434933915485323,-1.7363187132568894,2.4279260393391384,-0.48130599735150925,-0.42423470163643556,-0.6851909919107563,0.47675996860942815,-0.8060569219567879,-1.720510900591099
-0.7080720278750485,-0.5088644704831315,0.7531164838523888,-1.5477734571797748,0.8741107564681225,-0.5364224765167727,0.982217213419625,2.044398660939824,0.6784819523399976,0.5838748343110032
-0.20825226000881109,0.571996483188964,-0.16231776778454068,0.9264968961001319,0.3495788317280652,0.877145425438947,-0.03989606099045573,0.9605251916134059,2.51693586915277,1.6884086084642815
0.40460328438501186,-0.7307336128364129,0.6548091802517152,-0.43093703084416224,0.21526125586849731,2.3924453344625336,1.743758704314996,1.0143407535127884,1.1559017995427128,0.3482606352609764
-0.1666993926210743,2.120405969521133,0.6712142717579481,-0.2969658895199674,2.1165817747752933,0.5724154414390401,1.6128144815911183,1.8407322129876578,2.1003097960476316,1.8325388808851635
-0.7893162392175636,0.425188678972839,-0.253310345632186,-2.299274802667223,0.8993630396838639,-0.2004724253054052,0.5245730600754265,-0.20428612955413175,-0.5291416465308096,-1.246612110622057
0.14130860544540233,0.36188172407166574,-0.05233344778596929,-0.8690848243175664,0.39474451147577877,1.2194082834959181,0.5684467555444211,2.2791775831555268,0.3785410620624455,0.4875144950508487
0.5353817835572343,0.5425997102129889,-0.4721444072182661,2.2508664049090332,-1.2897278016044176,-0.8954206586547658,-2.555362962958937,0.03202795710402162,-0.8922433846985044,-1.7180083789430396
1.2799040191436626,0.22319393385035835,-0.8749286760879689,1.0588849523377657,-0.6185134917048132,-0.3642390430561381,-1.2303502834968185,2.4665948761597325,-0.1811463945323073,0.08694642777061223
0.3806408946874163,0.48367512771025567,-1.659479751944,-0.4258938618436794,-0.6526277971666647,-2.1319532276087987,-2.8996802641841835,-1.3147615620126747,-1.110209901545459,-0.9706043510213741
-0.4456195657313938,0.2077113226638108,-1.8047477075369027,-0.8167407852969654,-1.5559355038250435,-4.179908775057088,-2.920149610982374,-0.7492605539917235,-2.3174058434731584,-2.6600721983417572
1.9964898136008526,1.5142656495315503,-0.26282403779803404,-0.7636088224047176,1.2686638515399133,1.6578775075743102,2.1593025507994845,-0.14191901624877534,2.426411787468279,1.676605984074954
0.8294407454633833,0.6962069130954144,0.5238065103612403,-0.6959448647167226,0.8235941619624433,0.9348237610305059,1.7728649283152622,1.596166516935174,0.8480122773824786,0.38605610132791
-1.9850963764926368,-0.873135198062558,0.8913483064411831,0.551598440327206,1.325318427007914,-1.0693924117151115,-0.4400018811548354,-0.5750908939778131,1.8067368822172587,1.3290681217823517
-0.8337662041944437,-0.49914327128071273,1.9616955402915868,-1.0628692643340973,-1.8223265480866848,-1.8402221601454793,1.270634729703092,-0.06317073494736014,-0.9041604464325237,-1.691022596006182
-1.632590403023649,-0.5125212837468303,0.95635921203208,0.7986355126499325,2.5749279768043154,-1.9250378493975389,1.5860989452102254,0.4683767709057992,0.946417354017353,0.03215318837725584
2.012549346231449,-0.022079325088070673,0.6632367216331405,-0.3515049347528615,-0.24811455809501148,1.119751770498901,2.2023981637071466,0.4232154785451694,0.1953378420143397,-0.7169066259632597
0.11658548858960718,-1.1499300153499667,-0.9251181766447497,0.0032530545924853993,-2.568635991069504,-0.5488292011434658,0.0413545177264833,-2.113749149535095,0.6057634570469701,1.3291741603068798
-1.0867388804979436,-0.570260142382069,-0.6989225343478603,-0.512848739622459,-1.9063417998442294,-0.5980669762954456,-0.8636506742835236,-1.0069968488604224,-2.630218394289143,-2.7570847268400565
-0.2417698320174314,1.3387528612719615,0.78536464044853,0.4924051263123465,1.1026337781171534,0.9685531350720651,1.8080248445946059,1.1041426188642205,2.6670863541586685,1.898967456660499
2.2193410105301545,1.5197163830162805,-0.605791338879944,-1.778503186057951,-2.467207569499835,0.6597811009124397,0.12692987337109973,0.8825484526853179,0.9721794778971343,0.11724359933660378
0.24949399427280045,-1.4284772059295028,0.9585588129731442,1.3115939393633145,0.518911285468376,-0.6131954242219864,-1.578856568688723,-0.8283685473155598,2.448755020450087,2.170730163046574
0.18672295682526688,-0.056864593498809,0.38366414887934425,0.5508389963688336,1.322502509263241,0.1374109668695726,2.063349477527636,-0.09944279086766888,2.4751078712225385,1.704779329140986
0.006350091465588037,0.8882409754650042,1.2661433405598295,-0.8049297659871415,-0.8071144694982207,0.5945309119179586,1.3945451247892762,2.164845845518137,-0.8147038047220627,-0.8048188768214579
-0.08062553215638167,-0.2755236631634152,1.271904115458239,-1.0111810555766794,1.1505192325785996,2.0066791767283236,1.4466061427358685,0.32666910474663374,1.0558273782445415,0.15352292401601525
-1.3430500854944578,-0.9651036346279181,0.7232354175930615,-0.9225776169553038,1.4607912540247256,-1.191660786404044,0.07452029011391144,-0.04467309015179266,-0.06372079941177539,-0.8586560856186138
-0.03067397066683783,-0.3543067804072077,-2.2538597498346906,2.3216623641934913,3.769697069755863,0.5147311423661519,-1.0790969687036096,-3.2821415330240815,0.8715515830990532,1.6945952608917767
-1.4394865702089457,0.9888149019473396,0.016907471940283105,-0.46830642271188055,-1.3043259075797984,0.21547595954299825,-1.2946442583012694,2.3523053338514797,-1.665253178868696,-1.4935020775918013
1.0882562004015512,-0.33485561073222514,-1.3610013450307392,1.6968006947137917,-0.07988907958245084,-0.03899181295132492,1.3678479783649498,-0.11940057888749145,-0.13970004591574814,-0.9005400276231886
0.04745711323639541,0.18300842931236158,-2.911709614168743,0.5540880412399737,1.8110099925799648,-0.5709250109954142,-0.3722278436240007,-0.5895303469718783,-0.28818698247695285,-0.7551109195813261
0.9833191775286937,1.7283632102883333,1.1455403622076494,0.5568993204642512,0.7532621736945889,0.9143542555615842,1.4047049338874633,1.1979018003309072,1.3365853559272445,0.6156871533423721
1.5683712393603102,0.17928471579088304,-0.9157603004256848,1.0578877373396685,-0.8526704415138933,-1.1714915366848087,-1.0546585247173506,-0.8090322117648376,-1.2579966383918428,-1.5519808666397932
-0.275867243392749,1.5836563791883482,0.14202367411343675,-1.8080527611972506,0.8895599005356041,-0.09325120706375323,2.6395450657593473,0.19680098156314063,1.1914427826448466,0.314448046507698
-0.03265573249341501,0.46241289055856327,-1.8332083971346573,0.7706558654559693,0.453710921968183,1.352825274415623,0.5729963672640088,-0.10488982710497713,1.330272121138879,0.5625059387280564
1.0453197607922033,0.6918211676605939,-0.6660308997704609,1.9164372402562417,-3.3674802614852197,-0.7257438619127013,0.515274861344813,0.2681159441429277,3.9560323023220256,3.063459349105229
0.5757827253942436,-0.2710087522361735,-0.4834448313613354,1.1067468065911676,-1.5032559401356895,3.0722598562433854,2.982108570239599,1.4619154263808563,1.116494029519651,0.557877390805547
-0.11671682776197384,1.4808232424240146,0.21418118948075815,1.7674613684196587,0.866662628478444,0.8004432946077961,-1.9179259159013242,-1.3845441953419797,1.5352851200581203,1.7344668162792805
0.9425163970411954,1.202850717635095,-0.5085145576186341,2.7861831965433064,-0.42728155203188933,-0.5327483637610769,2.2444400811370917,-0.8435349078203241,1.463425058002261,1.1979837755487213
0.9578069762211486,-2.375372349497334,1.3558182887808374,1.5028771642575274,-0.7402991093302423,0.9538313247316755,-0.7765650102453585,-1.0785300586092346,-0.09304893400506709,-0.1581123229444804
0.9621747333201297,-0.44639179503021603,0.7796385467021945,2.6009422184063533,1.5685727189608356,-0.4973874580397921,0.03224117756590622,-0.5407256430168255,3.157459456274543,2.654583712554613
-0.8175829821192131,-0.3319643397539997,0.2528705126603945,-0.683256547128463,-0.9029427185929646,1.0036554201974484,-0.37998975097483845,0.5251184216421252,-0.7894274626182561,-1.7038439521625361
0.4549645559614252,0.36624135672940655,-0.2269035771692067,0.16869330468425137,0.5904329786359115,2.6388551351992513,1.746426066882695,0.22314251620350287,1.9737433717782746,1.090521675612365
0.524066669812841,-1.4888972340920588,0.5387914570114825,2.516280058529091,2.353559497474138,-1.3913777903848803,-0.5728815772710059,-1.5843936561169194,-0.7517889533767766,-0.38771235495433387
0.6282291459203664,0.01723880974061432,0.45897723379549416,1.2990174212966774,1.8440174590524379,3.7175093713852503,2.7465970161610347,0.8649943734788033,1.9040891060421643,1.0438501361661832
0.8316767907750116,1.766278796510731,-1.7415356673216167,1.4269502109542065,0.032850857812403614,2.3347644962711493,0.6245337064841133,0.864143907562957,0.020562093895060363,-0.839927737666735
0.022813245703727884,-0.08914715122505927,0.6254938877722924,2.2659034959843773,2.325282176045336,2.136715919344425,1.2000555274660727,1.4269792030897306,1.5922647388784774,1.0099217315818518
-0.4060437896188329,-0.8339709580616662,0.19739649096586223,-0.7191475619815588,-0.865021097638917,-1.7078417498341298,-1.3280053949737145,-1.0468191158534859,-2.599371271393158,-2.6918861843976942
0.08185935705180941,0.26730175081671864,0.5594601066385323,-0.7062528848876577,2.044776794671502,0.3848235809027765,0.20290510761424993,1.2520814644915046,-0.7047655831554871,-1.3957452266593442
0.9339955145573728,0.9435324479655476,0.1803112082922226,0.5548207914334419,-0.6863191847967433,-1.4549677074967973,-1.311514051362823,0.5093127247336732,-1.0956166850613136,-2.0102577833266
0.5260621199975538,-0.43839995243459157,-1.0428486421743322,0.33759357834386994,-0.7292534606057781,-0.9108147900180154,-2.0423813360768324,-1.6017699235280822,-1.7677621756236164,-1.389884471647621
-0.8387765606113385,0.05904373056001187,1.1087388688026463,-0.38361806613448335,1.0953395678120528,0.3898832638599585,0.2389994699502479,0.27926064733196415,0.6495254435052459,-0.24511354381450912
1.1280321232418442,0.620350501414469,-0.9656964647142923,0.38588348848021614,-2.3470916091515757,-0.13947161389509644,0.3200980234241001,-0.3880699363412284,0.20284542007904116,-0.4051660659011353
0.06548255136036678,0.16604990890905116,-0.3168270911476754,1.6495475575936631,-0.2240183435108054,-1.18928386186233,-3.2064618327339005,-1.5430999872562146,-0.2798705575126292,0.05101749404961435
0.6762359095135648,0.8072418357321614,0.4621681868594417,1.7419822449549542,-0.11415221277038712,-0.2013681546935031,0.4834284388648751,-0.24625562130363265,1.4145617685265557,0.7202757737965091
1.1741015597777336,-0.3582198896552094,-0.410432658218009,1.9281777264121145,0.04179419124549866,0.14302479827736947,-0.5573663077225687,-0.2211082716709113,0.9144755393607799,0.20616291994444874
0.8505946438343939,-1.758945146367194,0.18935150048730248,1.3171407125619414,0.12326051010713968,1.1294678300368854,-1.8611493020750989,-0.9679799938069336,-0.030727017436012388,-0.19107424831193778
-0.08477898203827329,1.2167120378403289,1.9498903372573508,-1.0975308446329377,-0.8519835775646751,1.3810605613536817,1.406153347319521,0.8264686272287625,1.081573648396276,0.21053665949761746
-0.05797069359339018,0.24890527964114298,0.20061559920207644,1.3914074584802758,0.985562777955544,0.4106487715660455,1.4700743390427957,1.3726363661781242,2.7832169731150294,2.1652521156671347
0.28737443513535316,-1.183081991555704,-2.7307768877607836,0.7779687459207006,2.0556593754212154,-0.5411356276532676,-1.7590901324044887,-0.33576981162981046,0.655424779552408,0.014225665990686975
1.006713594278466,1.4330734069626583,0.8101294051438028,0.22342303766255156,0.3678800306559147,-0.08191068152369957,0.8616052735146394,-0.5649797336178095,0.6004826786062516,0.11534329137500687
0.33320937447367205,-0.322115706256362,0.9619033591941628,0.3837474914631658,0.04920629503802321,1.9458121251845202,1.3231113384315092,1.1725496943356293,1.85278593000711,1.118539166285165
-0.12064923459821189,-0.9753055141335228,-0.49002751208631473,-3.0209581537251253,-0.13966444528558242,-1.8314118959259764,-0.24212644766243652,-1.5766330755509266,-1.6223211654015988,-1.2644406838006115
-0.7412567871948246,0.8798431669581565,0.19069711082871024,-0.10919790207826441,1.8585255015138584,0.4431837106026142,1.6600286787209113,0.8456631238791448,1.134486316171773,0.2686842102494542
-0.2334696650306991,-0.7491268390258394,-0.06480469945039233,0.48459701919193365,-0.7555437924926615,-0.8104134838725531,-1.9775899875939436,-2.3962573852710913,-0.386239343780881,0.45970207859166684
0.014179115637024576,0.5676479351009576,-0.8012448865414297,1.1096095088719082,-2.6084857865289495,3.2280758206549702,0.023539115946886402,-0.046676852636469895,0.5592363874846361,-0.23483618526936845
-1.9835571309159477,0.23613131663854128,0.9551574676956514,1.7245403230786234,1.7724947800498245,0.11392602701196339,-0.07109629727454725,0.8420153188965914,3.0358885142527434,2.1690693380057784
0.018237593969154618,-1.3890411336322352,-0.7798079551923593,0.6199978083604542,-0.056468266862264915,-2.275851746421705,-0.6157411805423039,-2.0155848392415656,-1.2772867676992732,-0.6091431260326082
0.780737093708771,-0.20308413499604738,-0.4624364156125691,1.4156540008291363,-0.5118849714123375,0.5642766327812263,0.8195244621985409,-0.031680364024028795,0.8701723394284893,0.06971310852914192
-0.059019596729554744,-1.294633911070648,-1.4763472155405426,1.4167771814200987,-0.2304726096041019,-0.5803333631049449,-0.46529859072738733,-3.180903629044775,0.18889685734190656,1.046455900795388
-0.10588738262538333,0.9902851340686355,0.06608446376806613,-0.5504458091354435,1.239786241171643,2.1061907245286244,1.7623515034676327,0.6358578691938686,1.3685965412632448,0.46152731527208446
-0.5904457401172533,0.30400198793744954,-0.917408838342743,0.4553450348348079,0.2950397113708205,2.877286129835384,2.928847768654335,1.7430417762638664,0.8363010520083591,0.4886304771643255
0.412427514303543,0.5472516140400201,1.0379931269516467,2.4475168275087213,1.7586962797156724,1.4059139779394856,0.7073391421301045,0.8846871898945057,1.713619089686118,0.8593456025538181
-0.22504425918163165,0.21071255996981833,0.9211919694302663,-0.8939851402955217,-0.6557332029861008,0.4350288221373879,1.4936641261543946,2.0195463889519845,-0.42701763484343025,-0.5430757739665227
1.2091836005701004,-0.19488186706236021,1.4450727613738563,-0.8053304142704529,0.6210491367846531,-1.3286737940750846,-0.8450736040256488,-1.41364094347274,0.13790108969165982,0.3616802176951285
-1.9624103929860752,-0.06283603492419565,0.16211203318014597,1.8239648042160208,1.2226812436211039,-0.088666329977516,1.696406876051303,-0.13543682683915306,1.7845007563919804,1.031483243445736
-1.3098665286744282,0.31630322495521956,-0.8986309415797011,-1.130251963066712,-1.278539138553704,-1.9984783149959728,-0.9255979668233294,-0.13969673663972504,-1.5092878378424661,-2.260197916185171
-0.08317866702591242,1.23869496057304,-0.5462469869077651,0.857460359903093,-0.5676791539679402,-0.05511442623824778,-1.4587223404037917,1.1405397417588419,-1.3970704288468259,-2.1475620024859063
-0.06146342669062815,-0.5176394347317458,-0.8938467724225686,-0.045710152141270735,-0.3824368849331985,-1.857131124699708,-1.7360950544669467,-2.0832054705301033,-1.2825651019259623,-0.5756983809945297
-1.029027496980986,-1.211950006603249,-1.3576654290964802,-3.0415111330172095,-0.30041046721515635,-1.3345957474522838,-4.231117223568688,-3.0403995288102017,-1.392378865637032,-0.5001061245094871
0.9251421649261176,-1.1532006041673493,1.4732034899866326,0.31900856636670283,0.2664520272829811,-0.11248117364957577,0.11950980365465147,-1.8580122744274967,0.0692831178713667,0.6367936518937877
0.48772784982432915,0.5199924730298566,-1.252553141747022,0.9648907520997814,0.8141500859122343,-0.6133956271734861,0.39814705092748603,-1.5676261333669812,1.1160804367185848,1.4667453286030776
0.7209023323934137,0.7587357068784727,1.2760303179822505,-0.04470995419789947,-1.4790765742018483,-1.2685168200255408,-0.6597614191555224,-0.039524538113909324,-0.7260259586262083,-1.5231647204559486
-0.4171108780872173,1.6839967195573016,-0.12912825468725966,-1.9429148171553257,1.474220035180474,2.2312541140058633,2.5268711273003293,2.881392467327078,0.2713917310480572,0.8546937728990933
-0.08017221874145468,-0.850054654193271,-0.7366283463549717,0.9700193647622166,-1.5189426250562743,1.006443243674904,0.48889007748612123,0.30228993362043366,2.3951580369497787,1.4965677830726676
-1.818148438901488,-0.9005792480703166,1.0130218929363177,2.6469974155581983,0.6712604791352534,-1.167409704858239,0.6826817466908385,0.3757660133565798,3.431764206158661,2.52345030694615
-1.298074845559904,-0.33606663571117573,0.5276877541642812,-0.45597182267501607,0.7833253738892623,-1.0917956438229148,-0.5862444445111659,1.6618251673034163,-0.6369542514363835,-1.0488014993824877
1.66903182608299,-0.665023881841313,-0.45952418162530584,-0.8578906855490063,-1.197532834697276,-0.2752026518459885,0.06559225804589186,-1.0662636040686995,-3.606675932542905,-3.6823665133587777
1.5225042330168665,1.8422961523841879,0.16589218542567283,-0.5334764863231096,0.5100419258444614,0.5864859784339148,0.9150164481013343,0.30771925854038795,0.10147816083019778,-0.7979810493291942
1.837481022714517,0.10256864856560341,-0.1390146488069185,0.12938320704754439,-0.22504952571496994,-0.44148963335812663,-1.7285198177373235,-1.7490434357050437,-0.5553012225448197,-0.06495479222596667
0.047513429641340046,0.01558288154479971,-0.12935492216937214,-0.8160148435404683,-1.100793726555442,1.39994358784299,0.20468386731306,1.325051531165216,0.24488198621865576,-0.4029257479247548
-1.191459818614991,0.5200693778824903,2.0710395073400876,-1.8478124555360318,-1.1880711752723294,0.665832901491892,-0.308665239148903,2.2712583184290187,-1.5997518835965574,-1.4976138482521075
-0.9953533071042133,-0.5688435356584657,-0.25890399602253356,-0.5905150537203161,0.49900290555504195,-1.279330617548009,-0.477526389214893,-0.8160667805376287,-0.6146369197555417,-0.9028263179074691
0.4028226538323316,0.03197684848593729,-0.9369613703503055,0.6963133250521338,-0.4918761362672321,-2.2820679196491875,-0.21786046660710912,-0.2368951433719953,-0.5510227276848133,-1.2505765132136502
1.645700575106203,-0.39322705432849786,0.8500720593391053,0.4751528200672147,1.917991749007566,0.3579487996332329,1.757558870465802,1.1863830340726005,3.47777107718896,2.7507556328406135
-1.3718391798818248,0.7207476965454798,0.48093218020059236,-1.9831513169749493,0.8762412701575846,-2.0157380412576633,-1.0848161340263376,-1.0221503076574638,-1.34880306708814,-1.4626164842138387
1.3795837823141432,-0.9105702529967971,-0.8172105575055073,1.3223859295829308,0.27137889821222116,-0.15694014298700576,0.6478383919250971,-0.7165625553595664,1.3038993121952736,0.9350589876939943
-0.6005970399922004,-3.0211616187491406,-0.7299283340979055,1.3456125395939167,-2.392010299977239,-1.6194225763787702,-1.5042545059635084,-0.49445966390264806,-0.6954524162846475,-1.2314130850472433
-0.04472155177142225,-0.34469143806631536,-0.8954132837023876,0.7205525033617988,-2.119283034792936,0.24899577394937206,-0.6776755499932294,-0.14665730524245202,0.47737336732842456,-0.27006677568649795
0.6735280027550972,0.5111426966852564,-0.2670167688246572,0.114451079092029,-0.3318406632149568,-1.5500132699843416,0.04646259756307192,-0.40098776597726193,-1.112014008332506,-1.7115939951101256
-0.20754273646856305,-0.8075460532907547,0.12215538505377685,-1.8180293933242753,0.23927046269452484,-3.39162647654945,-1.900908419019367,-1.8002268775165482,-2.298682354221919,-1.7713857150239385
-0.8040209035320541,-0.3129316202226489,0.12030868486703668,-0.9840005133175732,2.2225415745489534,-1.580389741462302,-2.66198053281736,-1.1817136556901022,-2.5934804790979182,-2.568941137074537
-0.8383523558015855,1.5886446136736718,0.5598248097176044,0.08915206183603341,-2.3620983925057084,0.850104851155005,-0.4298160743168135,1.7827799160535713,-1.8330710730756825,-2.148563018527989
0.9521434507318733,-0.08488372008521872,-0.8991589482033902,0.5828509289739756,-1.298532938452884,0.7333068413560784,-0.39469799242280784,0.695274602044293,-0.31866228802954666,-1.2176452927433388
0.5025021357292588,-0.2538342299189563,1.5762100052677428,1.3357866913737855,1.015590102493569,-1.2637807214925911,2.9394391774889588,0.7179350207272057,2.563766781203664,1.6686237025824424
-0.8304071043463038,-0.6691467131584808,0.11199972997042806,-1.303844755888955,1.3607499028910224,-1.5115170969334768,-1.3583178044278603,-1.1345045805042242,-0.4689170440851538,-0.48539586354360353
1.4057425264916017,1.7347222499779646,0.9883633780116483,-0.22996581878731737,-0.6244455700611327,2.3828938632658585,1.9613988167794232,1.4272048111591045,1.3443474576101748,0.7621556384641657
-0.914972541144414,0.4830642685480606,-2.050345126793775,-0.039311160899718645,0.04694217785727339,-0.539037695985338,-2.585828985033719,-1.7138901418510017,-0.8514569017790714,-0.3871650588986581
-0.07748917273600202,0.4513990212875459,0.20358866909075016,-1.8272143385405748,-1.8384190023304354,0.5742831447580322,0.8017530295143958,1.1668504627223755,-0.3134274108507181,-1.0506166108371318
0.4403176303857264,-0.9010967894410244,2.3489657226340466,0.7180261847221054,-0.09225178270455736,0.43337619226126034,-0.6105137433226382,0.2091301291895105,0.38345284189625417,-0.49652503211857113
0.17718134575988842,-1.7990204278186233,-1.1582316630304375,0.29252809535917873,-0.03395078181965583,-0.7226068012141778,-0.8805410837910503,-2.531128843282242,-0.7330107142121296,0.15044701263411614
-0.12964749401198114,1.1845867402747121,0.8385449572413421,-0.24014118943070187,0.5155313623074291,1.559218722713633,1.5720858616222066,1.753756824613868,1.0589208464379505,0.7198800781932444
-1.0149646812106277,0.7501838324152145,-1.0761060328578043,0.5400995032783692,-1.3760242767224993,-1.812499270996966,-3.1126161234274514,-1.4726013942172136,-1.5275132019959452,-1.2544346743530044
-0.2068981615700292,1.6037207986809494,-1.0892569728029384,0.9178879263670219,-3.2847958093027456,0.5458680982891462,1.709728927497165,0.12681255351107376,1.970776118353164,1.11298259472642
1.9212087089826695,0.9121100228822019,0.4415309490036258,-1.7823248610275477,0.34696480437327976,-0.6951630727902313,-0.0027418995281383862,1.460999542091158,-0.7062816779924268,-1.2655282938664714
-0.06273111218003372,0.506098437597805,-2.7416453215886123,-0.042012786511010994,1.7407134059644647,-0.16214381784870963,-0.6647598987475045,-0.18149084789937592,-0.2988260918755583,-1.0284133205304036
-0.6731075717343331,-1.3183230150911431,-0.4182401768085132,-1.911981813854908,-1.9029513453666191,-0.24949880772450167,-1.985893762958883,-1.279407172282727,-4.12987539578699,-4.020703886430019
-1.3589816488850326,2.0954523458304295,-1.0890106841625573,-1.0212320521703897,-0.8101870503312568,1.1126768160906764,0.7244771123055354,0.42824653658622036,-2.3994460883381596,-3.31199874804517
-0.8524556544551841,0.23096184141464726,0.23287667738914017,-0.7792186271131134,0.7707175042375307,1.1682853635928603,-1.34400909338419,-0.3256230015279654,-0.3403000611631534,-0.9877571301478525
-1.716271752666128,-1.2966967840121852,0.5252882305526332,1.5864903835684847,0.9444258294601594,0.27526328086072804,-1.3682271843563176,-2.0368813053100023,1.24932281957136,1.9299670475681794
1.8128702755906492,-0.22881301482183225,-0.4589571193004074,0.05578820122416592,-1.6042495583231315,-0.8848393342594991,-0.6706306642314732,-0.10562460294515003,-1.103116089275499,-1.8705350479734717
-0.10257492158803369,-1.6743651018680807,1.0139981139342418,-0.07534778597991655,0.4864688653617984,0.23680233687109023,-0.9729429942051107,0.4255151465009044,-0.2667331930890495,-1.1791211198751494
-0.15928934094998945,1.117518435580847,-1.3817740141932229,-1.12253952108043,-0.8575237664853352,-0.4293481792575583,-1.0030732945391412,0.9931472484079439,-0.4819185602195405,-1.2980400996955732
0.8657389009704956,-0.4283834386504931,0.6350331803906951,-0.30932688077947457,-1.33290510076597,-1.9403980760813022,-1.4750779696591187,-0.9324533502996161,-1.7495061581654356,-1.9401488775826836
1.0579199266958261,-0.19384665238104945,-0.6652714697662283,2.4950381174204166,-0.6186515482106,-2.2556754003120942,-1.8668476946887824,-1.6578452498070546,-1.0080105626139009,-0.586316183495853
-1.6184150509656687,0.0802445877085754,-0.10626687502315844,0.04905194888918535,-0.28949487582889843,0.7521610963842309,-0.6825508565348724,1.0982351079991672,0.9468416959109034,0.17594783470853825
1.5319111637137541,-2.352070570069518,-1.021267568287379,-0.5261440148916456,1.0227943155742678,-0.9644510331455405,-4.088136801897399,-2.7349506337168066,-2.5339881294644404,-1.6214494332457132
0.11086303100055787,0.06543867262425601,0.19253996063253523,0.44337853914629666,-0.1443299603756747,0.7409909261051204,2.422968345479849,1.1764484371021169,-0.10285141078542015,-0.8350729027390804
0.7503931028232039,1.535228174821123,0.5386376757402551,0.4583825315788844,0.8601322163886469,1.2007945830998377,-0.8575060214707,1.467534827361573,3.3607210959194607,2.8059789166329305
-0.02106511188707967,-0.8157288143526571,0.08457960631877426,-2.015922830621202,0.24967426902850848,-2.2927741229197043,-0.8814972370213342,0.019005421391837696,-1.3471885896955227,-2.1680238804113157
-0.6254007781173085,-1.2847239710001668,-2.511239584174973,-0.6630803846386061,-0.8492618738437215,-1.200759535373021,-2.2290298529967276,-2.6243406085664365,-0.9578571300688592,-0.056907769419660914
0.12831899412904366,-0.06678332028412994,0.02909974677050529,-1.279032453073463,-1.649288272944441,-1.3930652183724364,-0.07986233895555706,-1.2096415209052855,-1.8281455458878662,-1.7793586968979573
-0.23310050158139514,0.25261718076079187,0.08166638402982518,-1.4165926201648447,0.06667453085910718,0.29201941181192015,0.014745759947279613,0.9492147521456831,-1.7628758995703249,-2.5955191873916172
-0.6617844030108113,0.9349055308694905,1.590506092227327,0.2588117268372493,-0.7596029766974002,1.3389816462459783,-0.08030308595807867,2.4757333912645283,-0.24672207772267368,0.028952644776387537
0.07994803789437865,-0.25480232984193024,-0.486938133584947,-0.36852211124413214,-1.4561512680058204,-0.6904682570549137,0.257249376706429,0.6338295282913531,-0.960222101009214,-1.8675164905110444
-1.519705549693567,-0.6612129107394198,0.5914862516998306,-0.34268120969294785,2.020821365660544,1.730612302645003,1.4127967527942937,1.2159108494130548,1.694922733414421,0.9837612565352721
-2.4314853289377196,-0.5129088749799188,-0.8752474823995239,1.9273110569352188,-1.5716111424707493,-1.7029573459602994,-2.5271223922047135,-1.0078083831050246,-1.331699332672046,-1.4578672665460526
-1.4346019964518317,-0.15446415241698935,-0.16200776571211023,-0.22772759300529138,-0.6960852863556268,0.8304802271230687,-1.5696616351938781,-0.447468002335646,-2.213620099194832,-2.7821245902896647
0.9172386882823674,1.3105191794047955,-0.3060882021311193,1.7582916385315852,0.38156970012059754,1.9294310239771288,1.9870613388388179,1.9480409253601885,2.3801532927029463,2.202778238091323
0.38700813123129796,0.7096772499666705,-0.09624121163963713,0.5898057379743179,-0.9114098634038148,2.3584456740930557,-0.44184043226806374,1.9327339817490699,-1.8856603298530619,-2.076064545226119
0.8314672844466988,0.4499294538836553,0.595483929484802,1.861554606526538,0.7467122560739672,2.621096021566858,1.7371070817076713,1.4272692452152071,2.137698442205524,1.5555498075677412
0.4708966892256321,-0.6810806324959621,0.14243710599360618,1.4345570023637526,-0.7543638371401351,-2.3679671618868112,-1.3317806198011144,-1.4954309343398773,-0.8802712880815723,-0.5883256203140237
1.362630224901607,0.0733196476343764,-0.6411496384095966,0.527932582622553,0.5344958308469167,-0.2328301459394791,-1.0839078818695538,-0.714241306916376,0.24257539342536794,-0.12810980197453464
0.38545231830931304,-0.6164004850842923,-0.849180808988395,0.06727607989349416,-1.2476525979271613,-1.483794036758109,0.8602745299225694,-0.15518536910507474,-1.270612447374168,-2.0137567028202517
-0.14164049960478986,-0.4009288132374474,-1.380729805976021,0.6978970479167559,-2.272583999315619,-0.4183502556798785,0.31603742445189054,-0.6860011735839391,0.29059542080652095,-0.10238730478120617
0.2159807723635058,2.3328354830472446,0.8900040445702038,-0.11372319292243555,1.5998162088877934,2.877245287008019,0.8419144999732533,2.067669524543889,0.4771598154992822,0.4026867766421094
0.10932537931300956,0.9583930515471921,-2.0907046148635557,0.46914574721240043,0.724082550735295,-1.5786783825871122,-0.2282439244706762,-0.6475550111429256,-0.6634349110886826,-1.086315829217802
1.9987493400125522,-0.7064802933626451,-1.2188419971118385,-0.42084668636113604,-2.093831663058464,-3.1670481335407965,-1.5065334853615728,-1.4966238085611292,-1.299670522361125,-1.0067427192893974
2.0832909616447,-1.1810720754149002,-1.167498369095902,-1.9026929248406979,0.6617292244611201,-1.8693264635000069,-0.33565079682571486,-3.4988473429617764,0.3423588419294819,1.0664511311014864
0.09977851970344823,1.2163234199180089,-0.29152859887779153,-0.3519788971295178,1.0086855111436859,1.4580219653166617,0.7558118401030147,2.1776060959010186,1.7134545538033557,1.7344257672572754
-0.3179047638566013,-0.2717831481108677,-1.1882247927359082,-0.7279578793573692,-1.1971290938391097,-0.43931350829334437,-2.174455624485792,-1.5852048520003965,-2.541515681730033,-2.176792553841469
-2.3587983917732833,-0.5143175344929217,0.07832065285495014,0.7153641918230284,0.10869359898536256,-0.8455086718086775,-0.7067245140183223,-0.26516085155881886,0.16463734938036662,-0.5188423809379314
-0.6320436348203344,0.1748330577663005,-0.6822570931610199,-0.13632289828620292,-0.7995047385031089,-1.1954718114729828,-1.92807507725283,-1.199158313680637,-1.0467432597649045,-1.007055022988593
1.3645966547712196,-0.629026756284857,0.9003036569275686,0.12971272015812363,1.6580091427471118,2.1528609098422296,-2.60842535636894,0.6879806097479617,0.4011526044129059,-0.4989778560747171
-1.1772004976435675,0.4726101533521594,0.795845021149623,-0.22898337026539706,0.9531374113589138,-1.6111311280758138,1.4392160264273128,1.238234476478301,2.1331191927842834,1.4343157614079283
0.49725081169666835,-1.3748575146794089,2.147872386527773,0.48829341714516233,-0.8495428696255362,-1.146273413055508,-2.3073354570663778,0.2275118820487548,-1.1115143277941226,-1.9957155341864472
0.5702296342340153,-0.44781042637975654,-0.47748919872905493,1.3078832932506579,-0.8269950490274085,-1.951558851378662,-0.239916198297222,-3.502069872844749,-0.5916295946097567,0.13074840905528706
0.510131774400305,-0.3717790983516452,-0.5453546888391062,-0.8903236758784467,-0.5034400207841363,-1.1965390160093479,-0.6131302874838565,-1.09505941549808,-1.812515977138636,-1.863245247140879
-0.22016014358338082,-1.4097095647124391,-0.4653680478881897,-1.2402458277833412,-1.210366672060917,-1.125777855034809,-0.35650845392892205,-3.6964081170219565,-0.8120537747179478,-0.2049507252067847
-1.4301813516011905,1.8044180528088856,0.4537228871002648,-1.0599860412828108,-0.8071280307574028,1.2492652223472525,0.3247532126243221,0.6651811185633432,0.26133380871913736,-0.6421044302581598
1.0700149771595613,0.8738323898592987,-0.7209742036865308,0.12039685196579797,0.617177065153879,-1.6116604706091393,-0.7174818630227091,-0.5274030812254271,-0.2031145036177796,-0.7156196740840391
-0.1869445033056863,0.13826316475900083,-0.9401422334305463,-0.5344946003161565,-1.9347743351426525,1.2184099831342665,2.280279055491694,1.0241888046888983,0.18642788819482917,-0.6171610527607136
-0.6522782287258829,0.0495128695251776,1.7255746766696083,1.078571442054284,0.6107577629013345,0.5314652703843772,1.1312683782483792,0.8507097966795304,1.5252381195510223,0.6608602524849069
-0.9262710332498856,1.1376197857251866,-0.43008827903298924,-0.922327028763328,-2.266293019784111,1.856506689386122,1.6021410434529235,1.4331231342160482,0.023263090595508018,-0.5549531137420464
0.5349755272852874,0.37839733524232977,-0.06384011199922719,0.8391089021372788,-0.3306292117323092,-0.7223781992150644,1.7838342051156844,0.7473291014990346,0.12224675817369235,-0.7672975940732741
1.0424409114872975,1.353341583124276,0.829021424184237,1.9246002944265659,0.13378469814552119,0.713405323015251,0.5851909490929127,1.3252109281636775,2.809020289177615,2.161310344888732
-0.675646712068347,-0.6876698322347223,0.7650257493622803,-1.1446850296507716,1.2530709398590478,-2.2266064802321077,-1.2160787926636452,-0.7011337991659066,-1.8963234434898544,-2.277392074079622
-0.35133934672824213,-1.0285569523221152,-0.2960174480942045,0.07181290530823525,0.1658527875996929,-1.5804870078553328,-1.3370148295405042,-2.285918868277433,-0.5823495115755131,0.22255068758366905
0.23794277907786113,-0.8649578274417091,-1.872100022627263,0.8364250888342017,-0.39186510175966766,-2.018065744001788,-2.9828987396348365,-1.6890140626436467,-0.4626783361148944,-0.01713847937632229
1.8481805642029705,1.4400243292963761,0.12436017144758615,-0.6900511027672893,0.5128042936325221,0.12360905369629327,1.8794779503405357,0.9227936367673779,2.0233786029909364,1.1814956709820528
-0.2462029672071827,-0.03507378504101155,-0.45238588079409103,0.799777953245274,-0.4070863497539418,0.07938650175602435,-1.670852522309327,-1.195083764283467,-0.13324182354498404,-0.09709109212130929
-0.7450237995837207,1.1780064320269454,-1.4211616753413268,-1.544429125848953,-0.7879355089905209,0.42176381201879065,-2.271535593750718,-1.1207424385714997,-4.447817912181143,-4.4762515593708985
0.1650065947428434,-0.5212395779544813,-1.777844730229427,1.5441260611606307,1.4686447872442985,-1.5660506485631176,-0.5595616068535388,-1.8208482826741494,-0.30942033311530925,0.23241581338341533
0.1855167250589728,-0.49071618039827375,-1.0817297716277654,0.623437621851365,-0.09723024800471047,-0.3493100634810736,-1.5341496452915009,0.18837231655841746,-0.5465819349162182,-1.4214680224524145
-0.6711951861354071,0.08968817586139442,1.06916551877126,-1.9026015921352144,1.449263994373323,2.088225447642264,0.15668684181327075,1.2081628695236593,0.3412725669780906,-0.3741035931913038
0.2067909025032443,0.9220848467916936,0.8826813629141831,0.3941118045161168,0.23604546405385973,0.9076145267409894,0.057957259253810345,0.20867175305379315,1.2595633493210332,0.37969422498222216
1.0909191901997743,-0.7260431772379032,1.077481224195741,-0.287806508190815,0.1928789683743014,-0.10564614137151196,-0.6098879814064483,-0.18748752773451122,-0.7530911334364943,-1.4795237791754303
0.1475933302771608,0.8132103875775184,-1.4348876160286945,2.0446953276187023,-0.34754288280841655,3.001092773939581,3.3223426536100056,1.3374332841668046,1.4306090097748678,0.790441528109239
-0.8158021573980361,-0.7809550544766662,1.4552591307544778,-1.1118377669778365,0.006468255444072479,0.8990952222615146,1.996821426048009,0.4101632361118511,0.8957169885780264,-0.015630785409552983
-0.1488167413948398,0.9701864876456068,-0.8062409993500181,0.42227893055603,-1.5962911587963602,2.4351242266736475,0.47933179439425144,0.46864024276918315,-0.5052682338788952,-1.419539247737803
-1.224873385434556,-1.1646527042042396,1.3602073184045136,-0.667947491503785,0.09204803045836762,-1.752377925224024,-0.14319172221662702,-1.2082728533461387,-1.0500555797700908,-1.0024563729195388
-0.31825166495030843,-0.31553804479196884,-0.11938136486385842,0.7262030705642758,-1.7099212573943314,-2.0175016281057854,-1.3754890908532629,-1.3701366323699289,-2.3841637358757826,-2.1972192267057604
0.759921851639404,-0.9760085989783734,-0.12844025540194184,1.2104769276297591,-0.4789833883142999,-0.24342663318271873,0.7523030649186448,-1.3107859117873473,0.7941398612366248,0.9303302859245758
0.681133313186311,0.8410275383123303,1.659131708581858,0.6369627082187135,0.7017199635371475,0.3711526479235008,1.2566456293850061,3.0368596378092723,1.5746508472190197,2.2552824975601413
-1.2733042171784699,-0.4518907197553249,0.170763818032262,0.148359168192016,1.874825469088977,0.4584667115834911,-1.3731093213556302,-0.24094546142889928,0.2632685311541959,-0.4340126243004636
1.370716073107637,0.7079297842655323,0.04338074409640553,-0.8288849299703229,-0.35927788421844203,-1.0581566314057786,-0.6634435061523928,0.2991290975118217,-1.689131042253265,-2.5872043971310643
-0.4426009230815713,0.3835428233076684,0.08558096680542784,-1.6949979610894366,1.4131421255362535,2.0616959709019267,2.760565083936241,2.1973868401872307,1.237651320651168,1.275801642107479
0.6585877275397309,1.7230184378416198,0.37399936862591343,0.9961280507895222,-0.6420578757546709,1.6209416264838283,2.9340514467725223,2.4609412692620096,1.5646943778748685,1.8280864505573469
1.1775207158854721,-0.31544820080757363,0.4825436366364969,0.551819256943294,0.8122353113816261,-0.7317431040816185,1.615348141111949,0.39604432124436934,2.314670996715619,1.404450955811745
0.24868637025045423,0.9825404018160224,1.6353464998500646,0.8891211761041045,0.10125691238385785,0.5243022932578214,-0.05774435936691902,0.027674614263017094,1.4622671663243518,0.6381361117892004
-0.1162161323606243,1.437010574660457,-0.05611832890754923,-0.26487621818882123,-0.01791680253990073,3.2555061486500367,1.6291700308554646,1.875355332953125,1.068422987067531,0.8295591709365959
0.6623535812653112,1.2761914639619178,-0.6287992610053342,2.1660235559245065,0.2724402595786879,0.6913673902125641,2.4479021618813057,0.21524625636430827,1.1608396718823304,0.2794267227830646
-0.5451099299661715,1.726983575745668,0.8868181927072246,-1.8464403040309292,1.403778331136182,-0.7053142477115688,-0.4575258862834957,0.6167668208581916,0.08717869218842789,-0.8218763625413533
0.7764513675644178,1.5228523411659256,0.19805547516790212,0.338371233224266,0.5198066672307048,2.1249922659177765,0.638109218460207,1.133837149020961,2.239345449801854,1.4855397379875186
0.17676973365691628,0.9227400973069196,-0.8205750477494761,-0.11546628195026487,0.08985789763218277,-1.202620951033954,1.5520786155719837,-1.7236574153459496,-0.3373851777928826,0.13419907748699106
-0.09160491232505424,-0.3061056572540705,-0.94312076833716,0.13684335027996214,-0.260980195859583,-1.2709226657766188,-0.38472071176522693,-0.862045118950826,-1.4255132683212834,-1.6755221688969777
0.11356260296075298,0.7095614617806482,-0.455171280004363,1.1711487188808432,0.1927121491898962,-0.3914023084135414,-0.37783714169499993,0.11597274209013983,1.2238348670336592,0.3693566150693057
0.11311257566335792,0.25457519947783447,0.3674824435586615,0.5574662740121894,1.2688100408133116,0.8599975005233739,1.0571899977862136,-0.5933825532406054,1.9120997022714685,1.4480572358186223
0.17401050819882777,-0.22893439965371518,-1.1974688146526289,0.44941112667983535,-2.3097665116024935,0.0874590156021875,-1.6438067464149622,-0.8456827968342667,-1.3619571581899343,-1.6256118156543362
1.6812216866799845,0.28880577657796747,1.8585371885210549,1.0272325399072257,0.8037301420432876,1.4614836424015092,1.031222765131191,1.4474417359041418,0.7332648130909567,0.16474244215170564
-0.41813894197975715,0.3356541267055604,-1.380355473384975,0.07329130900964809,1.3063363245711364,2.941352366359194,2.2969838301724756,1.4860286402384604,2.6378745611115164,2.095994512370699
0.28896665370814606,1.69969493895808,0.8339656528915373,1.1864878211659224,-0.3884706051419715,3.2968724952395307,0.2585861121600659,2.044719371058364,1.6980822361861854,1.6037523066779316
-0.4432924126293322,0.7434179982549401,1.0839185055776572,-0.6133783769710788,1.3375576299516032,1.596479252412978,1.119671288160148,0.8665003011779372,2.111949589359371,1.2521561999282762
-1.9367240223778337,-1.209655415165012,0.6207733919527542,1.8852768767696144,1.9406208203619426,-0.6420440576720796,0.2758254844921836,-0.7397140838874044,0.20711202760115743,-0.14323135219101635
-0.9569253322011028,0.08055095137435525,-0.021072026967492746,0.4049606832760031,-0.9364736683738619,-1.473465201413914,-2.7706464383289537,-0.28833796663287536,-2.185865666908687,-2.855796870954362
1.610254264366924,-0.4119597000545742,0.7112436015319182,1.0623571871293225,-0.14504073003060125,1.3322299925598922,1.9272490390928676,-0.2410900726697327,0.8521072909506815,0.15490746781872816
1.7521332144004953,1.3045632694082208,0.2906643977623193,0.09361812744849995,0.678533428602116,-0.28533496261715546,2.2303965308731204,1.343791802308087,3.0426444315151793,2.406435009827441
1.8154918104710707,-0.296218020634576,0.05477012355385856,-1.183121241077649,-0.7844312836945851,1.518828659275902,-1.582780086256849,0.5752051527501307,-0.4420014236690859,-1.3543448848009754
-1.1384268933037927,-0.2061611954202431,0.4091849622712256,-0.5872248958621651,1.2275452135254339,-0.46234614251217926,0.692845064402972,-0.2358824761762429,0.18204019234139468,-0.5180801827207341
1.926409507977371,-1.013169080521546,-1.224576678645481,1.0880992802950995,-0.20290198731652576,-1.574833547561959,-0.32793767949198027,-1.1603246940708654,0.40603438256941426,0.4119908376661028
-0.1611552939367514,-0.12206499795136606,-0.23463372137216998,-0.702252217569149,0.313309137189853,-1.685111553205199,-0.4931589411539753,-0.5449634635975279,-1.4459368872074627,-1.9457326119652476
-0.4279203636447832,-0.9230242811089475,0.08261164726850719,-0.28617650830661007,1.660594630603556,-1.26746572562962,0.5327202668897093,-0.9035136190554479,0.7071199092703051,0.4919576299695544
0.04857522123237537,-0.10507351798237664,-0.3445180005192143,0.879181194472757,-0.1394343391639939,0.3621309016409082,-0.5285192901664444,-0.5215055513640695,-0.384836450366574,-0.9015781787985283
-0.07220545452731696,-0.15006790359293237,-0.49740072735993696,-0.07730038391256838,-0.5620672688791957,-2.1738628054529903,-2.2651219100230398,-0.7696326337142745,-1.9148982817250748,-2.241088491194212
0.2011445328330353,0.7027817976927587,-0.9760030054124306,3.517709122407985,-1.0045317329700088,2.278384727542162,1.8949185415499872,1.8308401400316248,1.3827974751372762,1.1068194382090324
-0.22455181717388994,-1.8334929971761558,-0.26172954165448437,-0.7775226002786948,0.501366072675007,-1.0908488173695956,-1.0123234524897629,-1.6273925832021106,-2.551050935215088,-2.1530113672238724
-0.22653843959645809,1.3470800013983748,0.4340558134315358,0.44258774962719777,0.09778461883453315,-0.33856239876206884,1.4681068741420071,2.205747241773489,-0.3990190496927484,-0.3536116167456407
-1.1231019116387562,2.428117548864751,1.630757993874215,-0.6723652278827751,-1.2384845868665098,-0.4723837535289761,-0.06471119440692147,1.1937251380481897,-0.24923928665328454,-0.9723655928212822
-0.7885256422821616,0.6051156893331102,-1.0348637232315214,0.8500000305949482,-0.24923813163756026,-2.690106286669617,-0.12305527977044384,-0.38639146169867505,-0.4741710337192308,-1.0832713693758054
-0.3225142083766924,-1.258454596657405,0.3750156068927712,-2.369382990121598,-0.06241912828651364,-0.541843530862939,-1.9059836427454897,-1.7681625687603988,-1.8051507319551023,-1.300861508706101
0.7307284087117348,-0.026610891682605144,0.4544969503720693,0.8806228045666393,-1.3255317445596322,-1.8226749308351753,1.228089488841013,-0.2631000888305324,-1.886732634087533,-2.5714010690880365
0.5887881237938192,-0.5137528396195447,-0.9528271076747759,0.7775908977507232,-0.11251799905537752,-0.9064693249972416,-0.35879489786378954,-0.5003166228316717,0.16613607638372388,-0.3656921885845744
0.2943909061694978,-1.0599831629429617,-0.886725437092794,1.2510943667642564,-1.330436039142588,-1.3072587737400398,-1.5285561741011244,0.32051523047941766,-2.4355349385106964,-3.3369474315118497
-0.1082146883171763,1.4525252516082854,-0.6775861420380163,-1.5486837229803743,-1.8671198079768094,2.279735939358647,-1.1375587861515362,1.0811495313648998,1.6897100369030682,0.9109274507442202
0.5821984376755694,0.5204720332001559,0.8997736463751823,1.9069805082901792,1.6707908117202324,-2.572984730749946,-0.10992275067509333,2.131411990181195,-0.5931090861806507,-0.612274679371172
-1.4845006781985266,-1.0681878947403094,-1.28985359149439,0.6034881833555359,-0.9109132529974474,-0.9772504442492225,0.8359652733041623,-3.150241643030179,0.9267730170302517,1.7932346301745135
-0.04296898605543876,-0.12377905905892046,1.9946186381276838,-0.45331065932522996,0.3705273698888657,1.8803703473833842,1.868447087907208,2.2740115728191506,1.3787545820407952,1.4832697239482724
-0.6090004661634547,0.009658161785818695,-0.6050854725015319,0.4901826814132554,-1.448888089086613,-0.4230465473102649,-2.1675301218734986,-1.178930551146602,-1.9189597690839155,-1.8968379988829178
0.007342443100667949,-0.3703588525309819,-0.8305890716474092,-0.7326600920054912,-2.939770211462604,-0.6977819029154382,-0.5567463399485397,-1.1161400245392727,0.195428733699615,0.16299806811958617
-0.5146427403504918,-0.5153908590969678,-0.3813578753458062,2.2267526458755778,-0.8178312050638397,0.002165417652165158,0.5121018130444602,-0.9419489884286277,-0.032289392090121605,-0.21485450694012131
0.8430398440317209,-0.6131478207739699,-1.8862843933785955,0.28672899725724044,-0.7949693554062731,-2.518223599128945,-3.0955790320749728,-2.1122179052407493,-1.976653985005856,-1.2540582930897168
0.04866604773238074,0.3929589218373839,1.4722906587640767,2.1364919782911205,1.0954621289469966,1.2241024813203283,2.827832540124952,2.0472196359246055,2.2893936667683605,2.1972250047879873
0.268731344471148,-0.5644290948207077,0.1967523753183931,0.7744376355400047,-0.1025221756582389,-2.920215945794845,0.326400829999018,-1.8560736176513122,0.09346310075506603,0.6596515449915052
-0.5090151697634282,-0.03072290748519183,1.2583327048080462,-1.701957274945324,1.464134499163365,-1.6074041836346415,0.3661975232801007,-1.2518038743858675,-3.001373501065663,-2.9160510311287346
0.8775958856581485,-1.0949449315153577,0.0007528607461914071,3.082625303516462,0.21350135615694452,-1.3513177682874469,-3.1167440469285363,-0.8459939631508142,-0.7565664174696101,-1.0199621539998065
1.4287794495653332,2.265819772845574,0.4272983464211578,-0.09930721293404166,-0.0685133212798823,1.0191480749074247,3.683508400761031,1.1523118798715952,1.3869109567820646,0.6423137602578521
-0.0254264718339239,0.6076679886395387,-0.8060012308678148,-0.5773174857561293,-0.5977698101365936,0.58185342036159,1.104258194395139,1.4368475807035321,0.43161415777648393,-0.14409078276608112
0.38580095990251384,-0.6945052691455857,0.40798318227006153,1.18242987410733,0.6885989435015472,0.4642634136666532,1.1689512691850161,1.2136172006675434,2.671370840650815,1.9589576583130681
0.6369601806145554,-1.0504689438501253,-0.00249661588706724,0.793995661247334,0.9522897757356411,-3.8469559753850713,-0.9075605936540105,-1.7162962282740177,0.07299028809145991,0.5390822910339172
-0.3946476598955335,0.09123565308155172,0.19026388905442104,-1.2785843361902143,0.07838632778351223,-1.446222880458289,-2.86314292610484,-0.753905545299442,-1.0655043434363491,-1.404425084081787
1.732214155166606,-0.11905287959203796,1.49916652484035,0.8328581433921338,-1.1135862787649686,0.2502356457821151,1.0478399442284916,1.5192780094016893,0.5445878014877092,0.026250105966609764
-1.4882084203569819,-1.416250657474505,-0.10800378210099697,-1.4662095189097684,0.022179986788522538,-0.6943232344069836,0.6184692513280672,0.0952846891391963,-2.5980329149643566,-3.445932696365173
0.6218678480163018,-0.06511225548329595,-0.679055005632275,2.4916343002400416,-1.4804270610878518,-2.06391138903627,-0.5615863700491135,-2.1337508624267105,-1.168593085859552,-0.4346776134813484
0.5058944530871579,0.6772829903806079,-0.19713678392740572,2.0907293226948522,-0.08627917294343929,1.8901804635609056,0.6169339468121197,1.4271492288307825,0.038782758917663696,-0.5434463104456819
1.5980069230517067,-1.0710876330815622,-0.8115621229827364,0.9470812260269486,-1.0103881458389117,0.1292890871264194,0.31241324523320335,-2.0487047050302083,-0.2648037149993958,0.42266065869452896
0.8604115772442019,-0.5639621948597038,-1.301886217320604,0.7224689482238895,-1.5620518968264092,-1.336589617768843,-1.4171034843609585,-2.2398311173624643,-2.1611909415204793,-1.3760788573456681
0.49481648686255864,-1.0260487565352483,-0.7078971191609158,0.02660456088756702,-1.6692504087766293,-3.5004803834010443,-1.4255539708931038,-0.7928159915514499,-1.2311534002468114,-1.5384455338233207
-0.49409071004646826,-1.5049702264386955,-0.21086532020184112,-0.8604761229084182,-0.32375941717247503,-1.2986631096252557,-3.052311769843041,-0.6338469852831243,-1.9255107155136437,-2.3589175050287747
0.4944851819722066,-0.7935575334149769,-0.3485111619859653,1.3630673905463633,0.31403159909385703,1.702830035643421,-0.16929582311133018,1.7645888904922147,3.0879677512596606,2.757686739215506
0.20902082382008574,-0.9177291558320009,1.3129305164271712,1.1557355314818303,-0.22387443031900633,1.3968862953379086,0.6378504604390425,1.4908958988257888,-0.21900816656372135,-0.7574751542580265
2.526218266602361,0.19718921823202532,0.8929804797573566,-0.3373421067144695,1.8240833720042735,0.19674467402220652,0.5311326661955431,-0.46075236668032293,0.5822726606432747,0.022856101428845532
0.1480343702236251,-0.8295861072939098,-0.2087593661822971,0.15466755719158093,0.5464941904706334,-2.1834220036492673,-1.4053178373885395,-2.543054095923404,-1.061130123006388,-0.17504495896268701
-0.5222711952033766,0.2561030752471738,0.2645662206965013,-0.6365205287242238,-1.0777262739516908,-0.07173077455330279,-1.5007863644364072,-1.0630877859738543,-4.503175198573736,-4.581615571011543
0.29611178878922934,-0.7820678503512293,-0.6982412316837094,-0.4496222969700202,0.18891058636958902,-0.5966470049122795,0.9901603299154804,-0.5754334654614549,-1.1814541432030765,-1.65886901903052
1.474695367937465,-1.499566459357132,2.061823381642506,-1.500335578291554,-2.075124180137741,-0.23663802683289348,0.538261936618457,1.1394656089976944,-0.1585521184853934,-0.9095768546119425
-0.6660388213819198,1.3483138861515744,-1.6006367548641725,-2.465620489771756,-1.7709685033395912,0.2009697349908952,0.4590591066938332,0.5059943877199817,1.0140336257729903,0.09937156251666401
0.16265810471257114,2.3431220915149193,1.7609258417214457,0.885564676799838,-2.5386056995281785,-0.6708833533700657,0.10744074237552215,2.935932729043809,2.867719140380737,3.486727148076699
-0.7368195252892066,0.3820845282321661,2.2576176332207654,0.3267390060370541,0.1008340182986942,-1.0731204777473888,-1.3939294541128215,0.20380368977795738,-0.869518839505357,-1.7482227255417853
0.11595056285635834,-0.7994475298331979,0.45680701183777855,-1.4373202155704103,-1.6254075276272189,-1.1707556121174805,-0.1299214517779616,0.8719079971764487,-0.2595939295294404,-1.117772767465226
0.4678320084156288,-1.8544748971044636,0.5172083366913145,-0.37777515629282843,0.6056515021653319,-1.4318987075572567,-1.171377165059849,-2.2844190121950847,-1.087942760445216,-0.28366244719975064
-0.20734426247550397,0.3677101355945452,0.7252474792770911,-0.7367396886879688,0.5628220982740022,0.11909627697098968,0.3358743145970944,0.29060932115632937,-1.8177260559932185,-2.714365835597347
-2.224750380129972,-1.4236255751675537,-0.8872939502901179,-0.6017375216381792,0.17822233367635298,1.769069008435383,0.9846397167173065,-3.4903634662759626,1.3956203858684852,2.1241933404714564
-2.266668198192436,1.124958399479072,1.7125352628805275,0.18867281332110686,0.2850188209137047,-3.0374592642011975,-1.0389623802593988,4.47726611215466,-1.4568753960907492,-0.7214782499471027
-0.5740366752951225,-1.7902626296793078,1.7838654506786973,0.22410439917216318,1.2867580589561947,1.933924645511341,1.1716141919927507,0.6851234205606023,2.1615056606411236,1.2609374987683915
0.23090932120710292,-0.5612691367461721,1.1461836643509635,0.8996922131925087,-0.1271248667264664,-0.8480007243464676,-2.132839517791112,0.16678951040155088,0.06710493372119863,-0.8021262686756966
2.055236531859561,0.2068076580800184,0.2708750537917854,-0.42240147092048974,0.39606998093335866,-0.8206883581211983,0.15975465155618268,-0.261929895682375,-0.01000755063276982,-0.6953498174367028
-0.8467764957314395,-0.6564037281843246,0.5479585985206716,-1.3063816041573628,0.5650234009570874,-2.704048246987763,-2.3526754594660706,-1.0962006926888592,-1.0122075703228466,-1.0619466322207696
-0.4514796856739352,-0.3245820720520393,-0.36521412066064235,-0.43519893925589187,-1.697242073696242,-1.993598603678902,-0.7949548722560086,-1.5346966693805801,-2.8337898502981593,-2.5097197362454597
0.38655848074800325,-1.7334446821018783,-0.5928225069485382,2.3703796933710297,0.28631641334309776,-0.5601127269338964,-1.2152040440528138,-2.800863268475545,0.8855271102772543,1.8001887651009423
0.0857486216757822,-1.3765912065043784,-1.6228621815528395,-0.43672322696426874,-0.6696811995013368,-2.600799540317315,-1.5486625677937336,-1.286049308063997,-1.1002444850445916,-0.985344807316032
0.20193253678051357,0.12390666510631049,1.5574081747537736,0.4222438444768578,0.8374136895812581,0.26367178500418303,0.33256174928031357,2.5504269584472974,-0.3153102323463113,0.02150528098522031
1.6899702838224857,2.1077805253458393,0.1271598049426983,-1.191727716964646,2.0549240541167157,-0.020561112243348667,-0.8192651372625408,-1.735766916134915,-1.4061033838108352,-0.9255344133226996
0.15336252559036737,-0.5420193805208704,-0.5274587580891701,-1.1229361382507728,-0.6120892834632622,-1.0974594766549137,-1.4885783125809138,-1.327533432051125,-2.3277053527975506,-2.177142347828246
-0.697909553305502,0.4608329942664331,-0.20340766832211643,-0.8152274183509609,-2.008744696290343,1.127081148900461,1.99331100021719,1.9919697852281188,0.08943398987879046,-0.050350427877934215
0.8925200198250294,-0.182067676225037,0.9318895667426009,-0.3665822901121858,0.24176365632499652,0.897379503425445,2.152016555684348,1.2528448269318067,0.3025227704700536,-0.3880220700406639
1.1788744488628733,-0.3743559956528694,-1.8124817087542202,1.4446461699300466,-0.3173220404750231,0.4065135406716526,-1.6876645914364916,-2.9571854364748855,-0.007629546474441265,0.8977458655092299
-1.364064289593562,-0.21134834928188634,-0.8367281914072544,-0.3484554382520852,0.01558723035933407,0.11326824327912552,-1.73670960761997,-0.11524466167967973,0.10267878471077851,-0.6601597116892182
-0.041439520347259014,-2.140789556395409,-1.4752412060192273,-1.15150961650399,-1.6174307168503719,-1.0214942102978162,0.900806394894196,-1.3302750582917624,-0.8018707271997105,-0.6489584154786059
-0.7951678405626786,0.7448214614506897,0.8743938866892361,0.06104877528715158,0.547013656419651,2.080850507083663,0.8014057919545018,0.7932764076706746,1.268254311762843,0.3888492494969644
0.4951954543751692,1.8333433536572843,-0.391848516193662,0.7661750056518508,0.15485052501191432,1.8515640218629974,0.7890592828473331,0.6426006877919793,2.690234373433027,1.7839378621375723
-0.23632329435066013,1.2502182943110745,-2.166281829197585,0.7380648389833249,0.715719497212413,2.7367904647762984,-0.7358332864361192,0.13075046924763292,1.8864920885321903,1.027516691235557
1.3176184274926936,0.23077625343345515,-1.66053250602409,0.1265318715241609,1.3708624348055818,-0.7040815342521362,0.9050572507392513,0.5253654288617928,0.11957343328088044,-0.7948379098411181
-1.199438524496229,0.9162804306966303,0.2704862014595755,-1.1257408088992542,0.39256019700574424,0.3291681338009509,2.5351721306506434,1.3249601874816908,0.9105478513908857,0.26268408470965665
-0.4342077960560183,1.1247201422511173,-1.3075259234375607,-1.3515275572137377,-0.23968962966503898,-0.40409124007455033,-1.8368854370004586,0.7687225037758317,-2.4327095962429324,-3.317742743893522
-0.0316145160379185,-0.6821599436938076,-1.114624007343129,0.6010307692766865,-0.6197653894726831,-0.8373387287545948,-1.3430504339285085,-0.6702612706607133,-0.41134177328040156,-0.8166305054609752
0.053867669664201305,-0.08985395144356471,-0.39706978771246826,-0.18128517114755105,-1.4666343605106582,-0.27679841192846444,-1.2366997542709584,0.40097535395352746,-1.7634239660749582,-2.674056487342745
-0.47368745502964354,1.0149117714246,1.318197973826208,-1.5258234965067632,-1.2398822996244012,-1.0534320892028277,0.5438835447724562,1.6521322355801848,-0.6606897509817338,-1.0800399330315613
1.4608331295802122,0.1651014722661524,-0.494101701432421,0.20740451166677437,0.31298928079995414,-0.1361949466204947,0.5819750407057228,1.0480983405667406,-1.0193230907880058,-1.8127819016621423
-0.290778722762828,-2.446519008351589,1.369384719316684,0.3089740124088439,0.5245135046018284,0.5430971992430604,0.5144573195866738,1.0824155173120047,0.5911372236901962,-0.1870678462476313
-0.9465556968865835,-0.9312705196888398,-1.2661600261057948,-0.3223822224297944,-0.5499774959629176,-1.0371077524339765,-1.0890885164085171,-2.2115638256492356,0.28781545433258104,1.060043713042063
0.32612675959893017,-1.1973108657048652,0.772532406230122,0.23682522081016727,2.8489233405402015,0.1066133814316012,-0.3140268190774591,0.4973297546288044,-1.9580575715790043,-2.8727315229588015
-1.3588748563195374,-0.3344013866075071,1.2751587337832697,0.885336729133265,0.029228917859858816,0.18707699567538738,-0.49673742368666685,-1.5417995804972626,1.2297222764711113,1.5595566258528089
0.3346014151408161,0.7620174802134596,1.9559107551956436,-0.7729631781476083,-1.3626678045565797,0.23600601817114764,0.19360956087145703,1.577957727077964,-2.3807075238549524,-2.8562500761799976
-1.5203080145795225,0.007332795164001587,-0.06302305702491891,-0.2549071990162839,0.746673275381699,1.2507355042967594,0.18569990993892072,0.7309807674004057,0.4643513414600845,-0.4283927949073216
-3.385735613126085,-0.11128272004315115,2.2773631027639505,0.993540209626242,0.48297666961758723,-0.09648754243572119,-1.1843323277240678,-0.9893568069142379,0.5939461783810769,0.45191833514513813
-0.3408515118266732,-0.5796392173217764,1.3839416376700846,-0.3673226778551621,1.5974931110448045,1.0425024457480123,3.0911129877048777,0.9256370648865802,2.6652275824997016,1.8243136494055427
-0.1873287309368386,0.11650809553257345,-0.1783996808455153,0.09280121139448216,-1.1203326598724972,-1.844194050687777,-0.8330704587336974,-0.09792592402155649,-0.36603404785904536,-1.1370724756742354
-1.0725268415964329,-0.6567585936401987,1.421192058152802,-1.3927508389347365,1.8219916883941591,2.2178339920801724,3.20178904024514,0.8644922680456362,1.2417122012431456,0.3813250575634206
-1.0116122476757632,-0.6943436424979967,-1.5879837958177487,-1.7311734688523583,-0.13489688480287945,-1.285295921913439,-0.9485821073504935,-1.320938450470956,-3.209273939337034,-3.06436634435196
-0.341871333419533,-0.39259960518938747,-0.47320299527921833,-1.1837738725695544,-2.5056919711517662,-0.22906765104568216,-1.2111490858380451,-0.5706210957152842,-1.7975776808224353,-2.2785544260384825
-0.8560294665552183,-0.3522315030190942,-0.4928415667325623,-1.8983947968101804,-0.1539168136698712,-0.9060841611668149,0.142012220071854,0.3114765871479338,-1.1619759857814813,-2.0620225429109893
-0.5946535596108921,-0.2776574410405554,-0.8183715226621278,-1.7101543187172492,-0.4738831028902163,0.6520388894698828,-0.7354888372084092,0.17658433723658706,0.26142216550261566,-0.6104208010594234
-1.367913308587853,-0.39210722870348325,1.0440514919163901,-1.0640971828021297,0.8247205069521371,1.6918000382396778,0.7695161186987383,1.4568253935259323,2.703192041403738,2.1410796694898293
0.22179256601867406,0.35252557076311947,-1.0170831774903544,1.3450701933959126,-1.1938801583078282,1.5442647301614119,1.4937454333763271,0.3451497603780637,0.012049974031842645,-0.8927476392177814
-2.004426803793181,0.8215500776494168,-0.5083697753881823,-0.2592600252798281,-1.55557464585375,1.4192210266950538,-0.6079435875684165,-0.08428824163993615,0.254307747428552,-0.5230409610906399
-0.9336243658716853,1.2210668351137564,-0.35802885519736216,-1.1958574280737904,-0.09886486696155672,-0.3088145749254178,-0.3093080013541776,1.3135331237026704,-0.6103202145641687,-1.265155016031532
-0.36971938527956105,0.2600230884332224,0.20969202882492105,-0.833244855641759,0.5274819864983034,-1.7241285617096258,-0.6081682425726047,-0.5902150291582502,-0.002637513841740713,-0.4690497608988682
0.5612100460628273,1.3569574027145113,-1.0452475874967762,0.002586396812181979,-2.118860801587098,-3.287440136579558,-0.7817518176366558,-0.9714042414271421,-0.7100885686040661,-0.8675055576531505
0.2684399594857513,-0.1581239111922691,1.9428748014873725,-0.5489674797281454,0.8772345573303519,1.6370324417330537,1.2106332857824529,2.270155700085661,1.9706640841944043,2.0718499433328983
0.29295854746889893,0.7923380971587207,-1.5308262406257094,-0.1361526054487161,-1.2692061620125101,-1.52877761412914,-1.8791704714862034,-0.9869513650456359,-2.0604233318314,-2.2045156425855437
-0.8243262133809747,-0.31056203105124064,-0.0054554376431708755,-1.6333940430923048,0.8402782168569307,-0.6019642096043005,-1.6926124900344066,0.009952554619165666,-0.4385445128966137,-1.2558787569325547
0.9076425081238918,0.7213963702603869,-0.06957127687059607,1.1347968855170825,-1.4508606439684002,-1.682221937750594,-2.562765309920424,-0.800035368864116,-0.8287707190969265,-1.1301470609665678
0.7159622203397686,0.01280787879318807,-0.8544619351345368,0.9334367045340735,-0.5774890876498896,-0.28917775025009146,-1.15085640633201,0.2785520476567787,-1.4988970065840177,-2.3934076148483605
-0.7150061619316777,1.3016099729745996,-1.0253722757989367,-2.483711629411028,-0.8354041418138304,-1.128118352973142,0.684945349491951,1.0705876430587526,-0.8462589646027299,-1.6298156815398197
0.41796225004619936,-0.6254786590027245,-0.5696170932419787,1.5437656914867874,-0.4171634628369978,-0.015503152946495291,-0.6668245826049858,-2.1649828847879524,-0.5840065746881917,0.1657804492414965
-1.6624511098340238,-0.13978017990740355,-0.34625359858108706,-2.804632873632519,1.4929363320357596,-0.03047787959176069,0.38257500486150847,-0.8044472065962682,0.5399032373123209,0.2421490946427045
0.6032145563674646,-0.2633869539273433,-0.32773900218643937,1.2423432908168817,-0.5373454209121729,0.3876866167255202,1.2829100844819687,0.11207706364639841,1.3550688787979457,0.5018042424042395
1.2570423108595457,0.7518934885614845,0.279165579440841,1.4705164111259128,0.7552848897423969,0.3372532192470443,1.7449442401923838,1.7373570264222145,1.9592020200308222,1.6069675667140966
-0.8085581809473652,0.8312830176859951,0.3175309225858499,-0.03759716323608886,0.46686190167957653,2.0786132344291817,1.4306957995330625,0.7406981133601427,2.1351918720876144,1.2443237579451127
0.8355355949799307,0.5387594790774051,0.8934612556370122,1.123282931734435,-1.1338707857885613,0.793292022289443,0.13254260960761588,1.0800996008913961,2.579437562549581,1.8001768746159663
-0.5892614255860545,-0.07588222678154645,0.5612537484819421,-0.3189813244524543,-0.4190143900451977,-0.4312835018815191,-0.21934594414978603,0.5022350229488756,0.4266675366485117,-0.48800729589896197
-0.8559912535758123,-1.016592986339688,0.42793652789668785,-1.0850970629726593,1.9187373244099928,1.54558871972129,-1.9636989269732132,-1.8844573843987464,-2.840439146162476,-2.2550881580035815
-1.2158676205756989,0.5599801139092686,-0.2514406009155021,-0.21597709935761078,-0.09336956818966452,-0.8941547227612404,-1.967996284912351,-1.1775183569130614,-1.122252865714692,-1.1013578724761475
0.9198088595509764,-2.1248462560009798,0.5684206483533245,-0.21283844230687787,-0.057340365653261505,-0.010396971493400492,0.9666256733413863,0.5583264066485336,-0.2567607227694786,-1.1700338203330545
-0.7097111335107834,-0.8789027612380262,0.7708129637600515,-1.4757533902731352,0.5349464734120069,1.0502522774234087,-0.6680239582175085,1.0408676662749314,-0.345714156786454,-1.1422799234659236
-0.007271804386427338,-0.029061696731109928,-0.3568539511463108,0.6229977430808704,0.15128344828817786,-0.017815109092533588,0.9932545863264867,-0.40768716874370714,-0.08410424503385955,-0.6792758767338908
-1.336083240240908,0.45129840275107264,-0.07291717279554902,-0.24229061638725474,-0.061396355805361846,-2.0742414457032714,-0.22490549612580613,-0.49852189568286,-1.3571492604600526,-1.8902455588427471
0.17842553225891222,-1.372471272571767,-0.7598761515478013,1.139416002841688,-1.166032833472241,-3.149999127146368,-0.908477820527517,-2.584827437520877,-0.881566604186949,0.012823292707391486
-0.1313836977417734,-0.7543890355675804,1.4175966751670506,-2.5749340792844335,1.0856208018010995,0.813618543168792,1.3545382760820333,0.7451520746636923,-0.35423550867535814,-1.2442183613908848
1.0947035592591055,-0.21961382432282292,0.663555468484144,0.7274360199084748,1.179640876499015,-0.72212126554608,1.0156765899576663,1.1272199053124097,3.184507189914499,2.4274595220720143
-0.8187231562765978,1.4947634360675714,0.34055000720388334,-2.582601205967783,-0.3041736938019507,-0.7900178604464819,0.8464286703089974,0.7853673727831079,-0.562494156604586,-1.4437644672249845
-0.3160720706356081,-1.0193254475489761,0.659172549993813,0.13067832897731313,1.1955076192207812,0.09767379775068541,1.214055047053877,-0.4023009042272521,1.0254660341373605,0.4267482133006438
0.040349034001755116,-0.6570387019293282,-0.9007856183207104,1.2543174961933743,-1.8180648314405055,0.7769595577503441,-0.8553622994106533,-0.5678401057739731,0.5819398771661137,0.09890936424494401
0.9540088167663997,-0.8252564339709343,0.24048635650337966,1.3744166471546664,2.9022595671170386,0.10394565135437461,1.4125508529362094,0.514160504181921,1.3566258097306982,0.4420316782932247
-0.04623382659214121,2.874140769962713,-0.9373064463165292,-0.6837218809390705,-0.9029398942947039,1.043943005659973,0.9158158219063219,-0.6895239287238348,-2.6283531945435183,-3.0185695758707842
-0.6295914564869016,-0.027521232780559828,-0.2426174969066101,0.13585473316659313,0.6141939727505424,2.228006383285139,2.209992142370697,0.492179462264265,1.6463717445024177,0.7317200940274471
1.9730798419650752,-0.030777666718639057,-1.7536051775521122,-1.4317905728989786,0.1775610908371274,0.8311191469664427,-1.017240979105983,-3.2276930272086934,-1.9944128994398884,-1.1518384665283008
-1.0853689921197303,-0.6082490080877171,0.17640656029286117,-1.0234752064928014,1.0294300326872847,2.218937940551488,2.8619755945530247,0.003430990917907828,1.437499327742574,0.622724666764921
0.4876354252673556,-0.08461355951585738,-0.9226893102388695,-0.3403635810193757,-2.036756953816137,0.84491902286037,-0.2018114919460896,-2.5976951876014733,0.11185462574316274,1.0085195065408123
-1.1577916142339528,-0.7658012662154202,1.052188112420077,-1.1474561840355766,0.7496832395080825,-1.2161332395400928,1.4615221830270255,-0.7791510819264356,0.1422974423162543,-0.17615236233315612
1.2379059333641511,-1.5540388812551604,-0.9671779889287551,-0.3346396227267294,-0.9809992345765682,-1.9453591404795827,-1.4568357751387289,-0.28387172541754424,-1.6548752125572401,-2.3274426913672204
-0.14249129422699372,-0.3988001708943108,-1.152698312840136,-1.9430044907152921,-1.4023400749881532,-1.5028786775809846,-0.038823920681641214,-1.8537007020146636,-4.77485349835349,-4.210285905326054
-1.8951863712704258,-1.9088384634773228,-0.10561016794893334,1.2059627515380056,-0.43533868763205164,-3.0255869804427045,-4.00961704657194,-1.3658657287465634,-1.275327436153353,-1.0920172885708421
1.0846755287716954,-1.6206558004566038,0.920621896247938,1.6137460188202342,1.454792054087947,0.39206667790266914,2.469004233970069,0.3358083129938222,2.7649483132262724,1.8613761111351343
-1.7914437611749967,0.89308229131853,2.1582854111522187,-0.5169418593802169,-0.7308244820322842,2.0197409667772335,0.44800260120784396,0.9899781246452676,1.354981457531189,0.537620174831509
-0.5850538972073441,-1.1965824030232826,-0.07227481801333474,-0.26817452552612187,-1.6345573294688402,-1.4780448822681018,0.2644426427381936,-1.0411573065806519,-0.40535724553697494,-0.5027653563641512
-0.1557148002070038,-0.6651399371656971,-1.309987088233878,-0.38658615793151396,-1.090737334718844,-0.18474419965321476,-1.2225401453055753,-1.4679694833018513,-3.6948636329872144,-3.42562904302728
1.6164734232059454,-0.30335035969895213,-0.15559319436979244,0.6254489209304939,-0.9916741157172033,0.08933040273770443,-2.7546062713031607,-0.1830134785176085,-2.698302565941315,-3.4270910460217925
-1.342478757232118,-1.9251224192165592,0.09603560264183607,-0.13183580630127678,-1.1056840317463974,-0.520568820694062,-0.043136614691829944,-1.4576439720763,-1.305963478116209,-1.0453164936816242
0.3788244459583675,0.06674482130897938,1.7509874571765476,-1.4548801329602936,0.25927649565561295,-2.0660498919399126,-0.4815900462984708,0.1299251515908535,0.03172987189431675,-0.8269988207145682
0.3486920646460253,1.0717772745239647,0.8902018815839212,-0.4227304122530722,-0.6700158193966499,1.3933782567348785,3.494836449114348,1.1981630684630142,1.0418941630523793,0.32113571545196984
0.0932502088630221,2.284309133529888,1.0255988628212582,0.2812664396940715,1.1241483221212882,1.9536391566653455,1.5528113648902497,0.026621154720045004,1.3239524427541505,0.5002189023652406
-0.8827606784889819,1.1100415734883917,-0.9369960452727835,-2.432339677616898,-0.9639087366919699,0.19954476915248015,-1.1360319442879676,0.8505354637212984,-0.7749847076300507,-1.6394121053002826
0.1189776294201083,-2.0215625118489133,0.5560831559266562,2.9543364602738635,0.37111933917073975,0.06426648163380755,2.8365038821314923,-0.01779474424319749,1.4695961910403534,0.6633682256214422
1.49376734520609,-0.5526016936962932,0.40612136123245585,0.7492249615221587,2.615209875514723,0.4424286743449115,1.6964963825322477,2.651678987782207,0.8893246062293465,1.3062570576845185
-0.7312989458483534,-1.502023920574366,-1.1620163146825095,-0.046608244185722625,-1.2697728390199805,-1.9724253117113264,-1.0727474086027096,-0.36945568522723415,-1.7618519767930898,-2.3818516695632117
-0.26291027318488724,-0.48551228116418943,1.4631213307531552,1.917167393649509,0.9563900747005987,-0.7815915602397491,0.6241151239489386,-0.991034146265326,0.9175165425311823,0.7769287132712771
1.4822284865443451,1.0934459985075933,-0.07209986618597551,1.1014777539476976,0.19327136865728706,1.4056570803773183,0.9773708463086718,1.3519953972864127,-0.029036628777176166,-0.6601051889184557
-1.120698580159968,0.7462853206923675,0.015299360522828478,-0.41041777932804785,-1.2504479673407143,1.3192725973325363,0.1512013809389655,2.4259719775368245,-0.313634137070079,-0.07948125701013048
1.4476922421501333,-0.06089210054370832,0.7201592100521907,0.4241898458823176,1.0394594528033196,2.9962310511301133,3.0968570969096403,0.50958675333499,1.1201692479136875,0.2055302872402931
-0.7636545796674608,2.3589814940402993,0.12773454198892606,-0.8165569691760549,-0.22616330044756283,-0.6686274106817409,1.8557245151736261,1.3134285918038948,2.0009724340127804,1.346074218222097
1.8301210673556394,-0.3846944374171261,-1.1119296434800334,-1.191904051254412,-1.747068174021806,-3.681676959698228,-2.2664316638572792,-1.948217210576959,-1.862289548185213,-1.2354651602091609
1.0226423367209831,1.0672919586793763,0.6016800890972005,-0.054672517222075556,0.125617933092946,-0.48444075889118815,3.323776942593555,1.378356398879081,3.7329857280701324,3.1186944367513334
-0.2745067515087357,-0.44155320373138957,1.0275123173178342,-0.5911960232194385,3.598969609886303,0.46168068940142826,-1.4886846896064552,0.1812424888737403,-2.0845667302500996,-2.9576253075844146
-0.3536035955970815,1.3946153345778205,-0.9629805554770539,0.25378839452321544,-0.18906322100602724,0.8217351925754259,-0.0033337194573848095,0.5014152323015393,-0.501885763688356,-1.4165618313607617
-1.8171637241361975,-0.24621037802234244,-0.7581549116334999,-0.4037786040512076,-0.4070222114630808,1.152645209456363,-0.9697639313109407,-0.8344506774105712,-1.1435350436661968,-1.41652032483355
1.2758092474582192,1.0682752203199217,-0.7611670145542073,-0.48455558639804075,-0.24847379376246248,0.4796997053220817,-0.4596910526666631,-0.30804240063051613,0.6319308768711831,-0.026226120162247124
0.15510813067757648,0.19530649669488895,-1.614760221912151,0.05855527244365885,-0.5508726281394828,-4.058597171942857,-2.833331689995278,-1.3564804455958623,-1.4702634697698413,-1.294950326155257
1.8237950083050989,1.6806316050881498,0.9524319504114181,1.5034261946254455,-0.15321752038905145,1.4218778474079237,1.5751853886401332,1.3343511380818636,1.5672568781205198,0.9251792141437074
-0.6089144567744055,1.2658081531679874,-0.1256984579180066,-1.173254481353435,0.6605033180923666,0.933103648603572,1.5755501960568485,1.31175701405729,1.2814626288994502,0.6255512275219872
0.3375823139230135,-0.011950637882818837,1.4644670114361988,0.8786446875272766,1.8867242572212668,0.7630211710960704,2.1091277632076126,1.7365146693879034,3.1858251169023393,2.832915266152498
-1.5749650547949932,-2.848539906217366,0.8482052820742281,-1.7411669570662314,2.1073302898158675,0.9627254021524061,2.3037329905428736,0.6607133561309291,0.2028164702737033,-0.70122033985157
0.23806915528483152,-0.45185399920623254,0.8353368412186685,-0.03051523701091574,-0.0049837054566276295,-1.3693275379048706,-0.8146686309505432,-0.6021953342038127,-0.0414582706994262,-0.49888542104498446
0.7969293304947557,0.6785755395686147,-1.4738316195513486,1.4322646379996966,-1.713501806807842,-0.5791943982004855,-0.25122388414159524,-0.8614162250560752,-1.2266613623215008,-1.4771958816663675
0.9169975577289537,-1.0358202037357573,0.48132983387268297,-0.3827332390182542,0.035114853914059,2.61394391204822,0.4814777081616517,0.9327179562947858,1.1013984372621888,0.26292421947633215
-0.12344438582420755,0.9190187622467316,3.202727955960835,0.974803718790141,0.5558542627266915,5.626313471894127,2.127807032820036,2.6084568553073604,1.4888823598707646,1.8720439288355362
-0.17621272557326925,0.10638270062744053,0.06083110781543553,-0.5175096294459542,0.9558264349579153,0.19032230841684905,0.07672447150388212,0.7019827653653703,0.07907756384776454,-0.8188120399959964
0.4095035155068906,0.5195731463046473,0.10494821127354792,1.94270945930962,0.43195716257365274,1.2886284916918551,1.7633104372201722,1.0668498458408653,2.3964311569163663,1.61120377387572
-0.4832590068391764,0.010608693964406907,1.9211330211191053,0.5790587280071327,-1.3060529760591633,1.0841990263127828,2.371698108667518,0.7699086967797337,0.5529191523665672,-0.33185314981703773
1.6062195820956366,-0.13476107875619003,1.89809123297301,-0.5461821474424401,-0.8301313826155299,-0.7721376055730452,1.2966958084108786,1.2698757163074013,-0.6545806421840912,-1.3353308632304683
-0.5605709201079951,1.2007776762715754,0.0648536823900794,-1.3092734515727926,0.8088387818146675,1.940522170693657,-0.4228371628859556,-0.7165871053067367,-0.12683028616428266,-0.495651089373323
-0.2421871907821889,-0.7708401442036525,-2.0819698093176555,-0.5757413583221884,-1.213776798983886,-0.5085547679317017,-1.099961140175954,-2.48599462975221,-2.921703339550362,-2.0492134921728735
-0.2566068908227669,-2.256577078456928,2.055832427199593,-1.1228522528417244,1.1162900620261318,-1.560533111204877,-1.017795946604184,-0.85591596091611,-1.8012913840847806,-2.056419098295052
1.1453778424197045,-0.6536093290072632,0.5747171645186292,-0.580624733733059,0.9448594750626423,0.9810866695538951,0.8453179640619262,-0.6675266193812148,0.4196881877483976,0.012270572117422385
-1.6706422451666914,1.6615902782552163,0.2577247587907608,0.7016895577044672,-0.4784857896366092,-0.590962615564967,0.761180981867556,0.6990272731470745,0.04914558284001469,-0.8492302495404527
-0.040704466608652304,-0.9704112689268966,1.0713991321860166,0.4274545007166158,0.21753193127824744,2.0736559923668607,0.15521456374421116,0.051000260875058656,-0.6354790200603575,-1.4681996245182083
1.616861095621753,0.2906421513802064,-1.4301583731972736,0.008369012438781326,-0.6710373129185174,-2.232002431760049,-0.6033789624907516,-0.4736561773579998,-1.2197026633984733,-1.7702063128647614
-0.040706747472907416,-1.0356491216404424,0.8638250399129815,-1.0182536046294024,1.5221401324962671,0.16761961543916304,0.19767219867715183,-0.5307880180344173,0.19261991632181175,-0.3174463710069241
-1.448376051113419,0.2637751833737652,0.44600256660801485,-0.8829339225895279,0.24794715927312444,-0.5090705520897688,-0.5831900643659318,0.6276014760337427,-2.0885318248673004,-2.996496526184035
-0.23174844408377332,-2.3942393233783967,1.3110799189782387,-1.0328122067473902,1.517631204380562,2.6560160551107437,2.195877477844544,1.567499858411579,1.7071544371100336,1.2238728818922575
-0.4520343969648759,-0.8793133823382723,0.42907117192462735,-0.9568581517765715,0.5799263235708685,0.40721697344524865,-0.5681611068144922,0.26562036136711986,-0.18339421962300484,-1.0754908163044936
0.4876045938578767,1.4824028242815537,-1.0765114453682756,1.1015245355721246,-1.762275984902363,-1.3039510536330694,-1.365474012306613,-1.336769282131114,-1.4245701463404197,-1.2660970847875954
0.5451825889066565,-1.4920575617749918,1.6758236881857953,-0.1666298308361176,0.8390436034940945,0.3013433884622527,-0.3088206939571254,-1.9984904914122188,-0.42458279490392414,0.23332871263653765
0.36322119005951725,1.1569277036400276,-0.2922489596348836,-1.270043926556938,-0.7144120685340055,0.9679714881293581,-1.3154002833633403,2.1521078391672654,-0.6193481852176218,-0.6205316666487964
0.2754373882070066,0.923663882029035,0.11682215538723045,-0.7913599459566132,-0.8453321883262669,0.8191404541436695,1.9852382895559295,0.5598014093026662,-0.09908217288671883,-1.0122833914628615
0.44964473137362937,-1.970615706757263,0.14071242448123525,-0.2510638037296151,-1.212087955779442,-2.4022939321304664,0.013738741845146007,0.007073138486464736,-0.7564479164203002,-1.5726559094561923
0.3877632747604661,-2.2533495372066676,-1.464627097004183,1.0315288003119993,-1.9995594534136747,0.13659981803498267,0.5402635142364534,-1.4896868240541323,-0.08470783312024122,0.20250327964454107
-0.27560088354253703,-0.6962653686747949,1.185353644657364,-0.16704190150471365,-1.154362124096372,-1.010602206032622,-0.23742273671966713,0.6607144937998092,0.05004051191806269,-0.8539961478598834
1.7372855108153469,0.506217464171417,-1.0040399663776147,-1.8737096668450552,0.23007717586638488,-1.8884898651785709,-0.39768485599413617,-0.37624211466975854,-1.8106483907462243,-2.4262996539654242
0.294322491911707,-0.6109222800617053,-0.04273975894909707,0.3832496038436436,-0.894992630806571,-0.7390554442888455,-2.766179889484115,-0.651371728210799,-2.0966635590708593,-2.516600925170427
0.5371590463223528,-0.48378665009864946,-0.7031353156362514,2.3851654935408835,-1.0496977882273424,1.8972457977527661,0.4881705680702698,-0.07451187628728029,1.2500164981772524,0.4682244087028895
-1.78834108901968,-1.2687873881933476,1.5008843344485694,-2.3620037393395634,1.0524037130230728,0.5817810104486859,2.6689739348696286,1.3601403407002817,2.767072070066824,2.141145536793768
-0.8900494554202144,-0.016133263338688687,0.573765879369974,-0.31052850010112765,-0.21131808334667224,-1.4298846631473274,-0.793345274065284,-0.43843516334208993,-1.2954217818502272,-1.8700540783491886
-0.4125762216672063,0.4986401657423794,0.17178513071044382,0.24789537557321073,-0.5153726041280164,1.078869873994772,-0.5390660876762483,0.7324584040374583,-0.600910455219498,-1.4933742212723133
0.4952708162756346,1.4031324279281858,-0.6154248411397263,0.04460683316653813,-0.2678066425780379,2.008851681635821,0.8105166873345044,1.0111831240491285,0.7490371694733341,-0.05988832936927607
-1.3904463486303358,-0.9192715858040417,1.8220195731452238,1.056111860446514,-0.3446880249757326,1.95920972699995,0.10652729174986597,-0.9377703270722432,1.4052692134846154,1.2191475894945825
0.194487484501529,1.5359641086964584,0.7027918892650641,1.267338228621652,1.7093790290125928,0.6285855202946553,-0.672008566343157,3.8913735061772563,-1.4638126019139208,-0.5520766427621044
-0.4000441913649771,2.3964409708119434,-1.4176980284751515,-1.3123033271991364,-0.839048176126199,-0.28419177976744825,-1.2489993759110107,0.6384849331150622,-1.529272094393214,-2.4360446875868456
2.707955603247007,-0.4223687854534568,-1.2708604281215596,-1.115589328650957,-0.589125217488923,-2.743292561132535,-1.1641195623374172,0.7082020305205732,-1.8930114713232933,-2.789854786131446
-0.20493304367066728,1.0590097435394206,-0.6734016299462922,0.6236432710035511,-1.437278726958536,-0.28480039567948334,-1.9609736295893845,-0.8414409102920857,-1.8575407436593787,-2.124722760001606
-1.1547985666070746,-0.047155396858375796,0.8629122718920655,0.12711928571492792,1.9350549805636783,0.9353022032359463,-0.32004463358313795,-0.13794374073411847,0.5425881917454357,-0.20919060829486705
0.22477877318506145,-0.7834319668867781,-0.5845739940008629,1.1485016857285044,-1.6184166560228572,0.02850802935845209,-2.573059268790916,-1.9675484279018383,-2.0927207325445796,-1.4537695396657697
0.36308970650590566,0.3526485827558898,-0.21642051636576748,-0.45532114841409266,0.10566416978872256,-1.5423125976523042,-1.138185296194386,-2.2351832250141888,-0.4976921732310786,0.2853401165028858
0.4431298973768915,0.08450651866006749,0.42680670988692376,0.8089981559758991,0.3937593490632556,0.8308752062781029,1.85980140711802,0.648909802048756,1.670488945576221,0.7649491245677944
1.6850146229156637,-1.1373363182492564,-0.8384860844135874,-0.416842617739059,-2.000496971795888,-2.823315204893786,-2.2336221266284015,-1.5127234852500793,-1.9724342614620007,-1.6662883420050603
-0.9238111102600246,1.4907405158818057,0.1746729416809792,-0.5490402182045444,0.38010469615926,3.6327269025604516,2.4420645562292425,0.6061580326119884,1.9722515597106582,1.0622221987913758
0.8919196890341267,0.4778281061598759,1.7756249994740327,2.3780534406974825,0.5148214845249695,-0.7473439014443637,1.0186145681132788,0.26158579752120326,1.7147956071088553,0.8234797322278202
-2.3380593179191105,1.4031279710447209,0.38084382695815655,1.25223487981266,0.8781080889831714,2.465406804503365,1.484527537009928,1.1288963887579868,2.6175670274351313,1.861337886876974
-0.0520897492971806,3.1292280396044907,0.9920990998775349,1.9118538651642887,1.9267315318453413,0.7514641639965634,0.2785806734252323,0.0698091835655994,0.9720895327653254,0.1327402310978658
-1.958411280758992,0.737151166049607,-1.25795405877118,1.0029747711882158,-1.4447992524804136,-2.3837365655769305,-1.9119112816255308,-1.085454236214597,-1.6682371847176918,-1.7272977344567404
-0.6578749004513311,-0.17471843106518162,1.3794232325866154,-0.6721045566501818,-0.08741781942370475,-0.08700129759007,0.3459649621474291,0.3593810158282936,-2.19827998063224,-3.104807451623534
0.8990183679685488,2.8367447331722975,0.7652714050203673,0.9598811972227559,1.6278083140601503,1.0377008351803454,1.0039155250109444,3.4016496295826095,3.0990301304305015,3.94674248072417
1.51886238390553,-0.9952969155067398,-0.8586854025255034,-0.12974177685064525,-1.8843632935255217,-0.43895826288968365,-2.2028780460951407,-3.363252992753772,-0.3174009097124696,0.4724825590013343
-0.40589210339026016,-0.7537596190075296,-0.7041549190941007,0.08579825595253887,1.2119249821367495,0.10391597103661637,-2.444976338060357,-0.7001623269880837,0.8219627308897806,0.4401268568464292
0.20435944175341939,1.4701584838626343,1.1618918988379263,-1.9863150067953872,0.6944254669121883,3.482259618398925,2.967335469508584,1.7807047427113554,2.052023771544033,1.734839893043048
1.3871188384953868,0.3868626773404895,-1.4999991315079244,3.1365893237910507,-0.5882253783258254,0.5396221200349334,2.2750283146479346,0.5991320927469268,2.544047771652692,1.633424025350002
0.3143227896792536,-1.4941137644803755,-0.2702138743268593,-1.4131099760156556,-0.18948019704315766,-2.100256789233676,-1.3437331956780745,-1.5042629434435726,-1.719186219670536,-1.4199778202591478
1.2542268684895117,0.5262589712133016,0.060249363353932585,1.1483007605108306,-0.5795059290289264,0.45196397261564797,0.8458788278662335,-0.03749009038492479,-0.18625576960481077,-0.984259980052256
0.9740611811289519,0.8051861188320988,-0.9405839635884593,1.2239121074100427,-0.9756722582346795,-0.45890235483200537,0.7115962369604552,0.22154378536426167,-1.0424766990908134,-1.925336193328712
0.13699453484021923,-0.036720522735959826,0.6480053433604251,0.17518906786729938,0.8315293767831073,0.638770543995733,1.8404742213136627,1.1656362690638122,1.7892453408311282,1.0514320585469372
-1.9147940297221804,0.08444540479461152,1.7975933342538553,-0.41452206198098696,0.9382236934942245,-0.3076859516540965,1.5514939746445247,0.033592708822980044,0.28962668447957596,-0.5367221586671018
0.5375701280966663,1.5954660518947195,0.22860541922571584,0.5501209282434691,-0.9054245532262033,2.882732613839063,2.55239849518613,1.9761544520754046,1.1911636559273533,1.037814330740225
0.9181745272429863,1.0855427239823905,-0.7024738390017616,0.8139564518182572,-0.06311377879310742,1.3643608927466675,0.40350131571965975,0.709624785565122,1.5418569951079384,0.6452574369529167
-1.0403120846380667,-0.053429613134598306,1.326364220927381,-2.9966682828989835,-0.7201054972682195,-0.6923329726443336,-1.3505414650002887,2.0452597887718,-1.210954468072427,-1.304817296835763
-0.881495686822975,-2.548438881839423,-0.4771357200863772,0.4459903193012994,-0.43857892441540547,0.5905556285981861,-3.226969665409355,-1.3342519480155801,1.029380973481508,1.185699244595669
0.6981318456916568,-0.959092758380057,-0.8874980572111894,1.3383996715495192,0.07599373501563611,-1.2830295154165174,-0.4313089939165825,-2.6000356428770734,1.0170947928587046,1.9141590676369407
-0.4886586057318775,1.609973631460371,0.8152711835908392,1.1656579362147503,2.5335083222273402,2.2061816826794205,0.173845038772098,2.949732658181256,1.024372520128884,1.65215526452703
-0.39859643952262974,-0.0024664653823704462,-0.9348783804066931,-0.5702954659071104,-0.5979403870573311,-0.45237658273080533,-0.06687014661064139,-1.2218287011915243,-2.7187270569616837,-2.6593688229561723
-0.41727317594795593,1.9174875407619068,0.011718604542731471,0.5826769069754688,-1.3718263454152364,0.5372406723663485,-0.07617249020064887,0.027401668890532305,0.7393693237675171,-0.08465881632493133
0.8197487589898393,-0.6380085820857333,-2.562837676141915,0.8734357074058925,1.7208801160299467,-2.339145443414862,-3.103163766842104,-1.2176029897083158,-1.1669921005766604,-1.111298497565469
-0.16801108396087874,0.8251768486168792,-0.03509430279380291,0.3625174702816769,0.5983600710306389,-1.064183075626637,-0.09936195930322178,-1.5562430548102997,-0.7873541636123542,-0.4458450783967297
0.43702917061505253,0.47457716455573684,0.5139775172252282,0.5972761627502203,-0.30557898248070836,1.584139528385986,-0.8476927053124479,0.5504045729472764,0.5560789084378173,-0.357549550178699
1.5756355456043878,-0.05333266240213381,-0.8013411394689282,-0.8066653229134226,-1.904835779254311,-0.9978142933650294,-1.0036423422042273,-0.1937547447872346,0.003932970021781834,-0.7191775820073665
-0.04940114555069748,-0.18269558681325263,1.7112703879950772,0.9990626048557588,0.20174747540253177,2.228414510872968,0.45771541029868684,0.2911962858868537,0.6733752921398996,-0.22336513780322242
1.2138140070341383,1.331773592249346,-2.6346344283568706,2.3210126271457345,1.0952859129036585,-1.7983859000076639,-0.5137763478304036,-1.011020807559893,0.8265231302821295,0.7031205103768233
3.001392048335828,-1.0199691328938423,-0.5092708459805003,0.49143903652436205,-1.2767180592066227,-1.2662283175600897,-1.9555405837976982,-0.8553806082851674,-1.688066314979411,-1.9436407248219232
0.33113762605236124,-0.2798647395445668,-0.3355942827943745,0.12056429668195517,-1.2721373280124548,1.7206027331025517,1.0304581236453763,0.8927259452188991,1.3163533045304572,0.4646010280901258
-0.9761737335503377,2.0343905691764834,-0.5155243605802128,-0.7081270933513695,-1.4863112519639257,0.36822691202148405,-1.6114231021969856,-1.0919245888279492,-2.423737387424162,-2.4771862216211327
0.6540025472975926,0.15922619537168023,-0.6923479227967873,0.795650833633585,-0.27597876848015546,-1.3840044727137577,-2.5176978520864997,-0.4618409020301731,-1.343610759902567,-1.9022786748764655
-0.7171055907627639,1.7632138917212006,1.5123781042587985,-0.935527216588044,3.0783669825386655,0.20604599328040085,0.28220562558628104,3.2350545028099438,-1.4147441494949549,-0.6317696765852981
-1.0832286288215516,1.4366432894574308,-0.19616040247632,-0.10684146792713622,-0.8263915040781524,0.6981280842283396,1.4994983794129468,0.8648832864205566,2.1107400957089393,1.2504683266283716
0.17666766636684283,-0.35779389511349374,1.6899647057289549,0.6917255286283874,1.6762685546477072,0.8018438427088136,0.7713914255153411,-1.1259103059808746,-0.14311262488630744,-0.16705753521135241
0.44711781999574757,-0.9021539388365615,-1.2445329079629204,1.6227709729124582,1.6536103692583906,-2.0413508727240988,0.17642259296063734,-1.103644357660532,-0.18290184048608982,-0.22618116203641292
-1.950016243413421,-0.914774181761902,-1.2508972278004151,0.5412795279226624,-1.88665123647778,-2.3224753287438293,-2.141408082085265,-1.4596204828221815,-0.8429775849411815,-0.5806847935870794
-0.7382631862329656,0.07404159484558485,0.4672690328134636,-1.8054644533540967,-0.30328182237100443,1.352167064051288,0.6030523328815156,1.4998883419446754,-0.4743164055381074,-1.0064474055414043
-1.7487333123426678,-0.4250303851053622,0.46686645931730797,0.6699282218529596,1.581042944955782,1.5291244350286615,2.056506244482032,0.317374816621277,0.5658757750755228,-0.33506966233285973
0.5809295367410836,0.5135740875855282,-0.34355192263168916,2.4789959398695047,-1.7409609819183869,-3.634396651441434,-0.5762329999484992,-1.1859518025477285,-1.1804196976056427,-1.1521991817515875
0.6498369294721017,-0.25345313730498237,-0.4358098590852532,1.253309586787136,-0.6316914512761082,0.5855801188213817,0.1709949176959954,-0.8497781241680142,0.22615569782408596,-0.03408940986883635
1.5008719319915773,-1.511558814362962,0.28059084546987767,0.8412241563746046,0.06852538663063096,-2.087614439691693,-2.3861622639936155,-1.224058785602136,0.652248835855944,0.7135406667870664
2.0486930628352717,-1.1377218870734584,0.6489995503994791,0.613294320796862,1.400235881321284,0.5871252717175743,2.7191857256477068,0.2066347603031835,2.486929778742313,1.6075459485484465
-0.5506247888662748,1.6114356068706954,-1.5519143334215302,-0.8536621125921432,-1.0690703491980327,-0.3066064470904857,0.25857834702608185,-1.054866351691158,-3.425168770179155,-3.510724317905652
-0.7776920349030394,0.49727300575390293,0.25656870074268345,-0.30715731727924267,-0.3805630536992156,1.0611615277544872,3.1254657326209165,2.0546579089237813,1.0060206315261642,0.9202847546604068
0.6844253878041398,0.8652906458780792,-1.032431254145598,0.9561563534465084,-0.44956652100253003,1.4922809253158664,0.3639224487129682,1.1815319168929546,1.0240276401893937,0.29446193567145584
0.6537853890683911,0.8682042712450041,-0.6228542028559733,1.2705069956955297,-1.1839385855476252,1.1554244373014786,-1.4964611284768086,-0.30280897190430045,-2.558741073138381,-3.2200479210880566
-1.9364428305447647,0.7143852402553215,1.7296756088283223,0.6999416035592063,-0.484416919123185,1.8506511096614138,0.8909347272706529,0.8682236505586948,0.1642193712215595,-0.6950619469596363
0.26670182777527407,-1.6532964371198304,0.42479040729073775,2.2525562639917713,1.9886389155373045,-0.803481675670411,0.978182110468076,-1.7348389102913129,1.234016043209591,1.7138987094543132
-0.7552248480477208,0.7039903703532352,-0.007352756375545744,-1.9051372407486353,0.634437602988073,0.8045566576472757,2.4293683064032052,1.0578195174709752,0.8656770983147102,0.07645436629964994
-0.9959447112328692,0.4869647521748482,0.031441978625776135,-0.7115773621972663,0.10372484612785979,2.2520224497004953,1.6573845463955283,0.8559175114402879,1.0003568544869021,0.1374695035210568
-0.48378003197289,-1.1627567295286025,-1.5281580251841325,-0.23748261175366547,1.6030156404721911,-0.18253442401672818,0.1355429175485972,-1.859953909161513,0.8720889284826334,1.4409216537392955
0.8309748239532005,1.3782314486647504,0.777599420384398,1.6619180524669477,1.6974909440930028,0.6736513094909754,1.2480806141941003,1.9290462365640992,2.4423807605233847,2.24884347720969
1.3027593148959844,-1.080296284979648,-0.2858103946357774,0.5074793857310764,0.09455859375561904,0.9619177597764805,1.7783750672224732,-0.6545375936196802,1.515353101904245,1.097861524677365
-0.24485264761486866,0.9435926130462663,0.06469491036628201,-0.6255176672768977,-0.13886949429963102,-0.026750154251538927,0.6063064148964626,1.1105009085806619,1.4855837672628007,0.7204786096616003
-0.0007348401448207526,-0.6895422197939106,-0.1489239368790211,0.46433022500563215,-0.5130201327529995,-2.6907534909546937,-1.2920408201240503,-2.016483104750338,-0.16250846983996148,0.5061679956379017
-0.13685305308154452,0.5867935195938533,-0.4485512470077093,1.0763995715006691,0.20565499919775554,-0.2235440901573973,2.242881753201825,-0.6666992602087505,2.185660234203755,1.7775990734877192
-2.01075206191419,-1.566428083807184,0.8739660188713149,1.2957877361717922,2.1927012022649373,0.9832923950474421,2.4772414286619093,1.0065722205748742,0.24551325214686726,-0.565274607657149
0.14308707023887868,-0.42829057564844414,-2.0331751751799314,-2.499906786115087,0.5049859817535859,-1.6575539711132934,-1.369930415197902,-2.719851292940219,0.4531008269671355,1.3646490695132645
0.4004935009657035,0.286389314278704,-0.7472815742373147,1.9481962576223102,0.042749266759033566,-2.622123560754245,-1.187185563979311,-1.8506097286271777,-0.764129503623625,-0.2016775419318364
1.716194156955955,-0.44210311478881814,0.5690757966516805,-1.1639476227968513,1.5495547789795667,0.03426599926051599,-1.267757064186736,-0.11519833526936984,-0.2738607897806068,-1.036721496861495
-0.41789307773380363,0.29626239015945505,0.9930062211434302,-1.1808645806705482,1.463218124477343,1.848807629306201,1.133543276035899,2.035073467716128,2.6037856805788886,2.50112277931248
0.856056133717864,-0.8536740832947918,-0.4509228585019985,2.3541466305202814,-1.6019540149531337,-1.0490111694170543,-1.5494555371583332,-1.1676091542792844,-0.9229685806439354,-0.9106826718410355
-1.7998376737560438,-0.39117754814963207,0.6617968960013495,1.5400431468487787,1.454880356321347,-1.3121816808338285,-1.7114225165355963,-1.5567309171375394,-0.498999370474815,-0.15709705382031536
0.3846130607125822,-1.3648490958713064,0.7944461710950808,-0.9930083785618051,1.0210521166193944,-1.0393614763028904,-0.28220192901840346,-0.922652555051886,-1.2290102935385032,-1.4279739271018463
-1.7342272797321725,-0.25191133499485435,-0.7014620788205702,-0.30134094075074297,1.41593629234006,1.4900411472775803,1.9407926747209472,0.12916712071380476,2.4420397565227807,1.5835381202708159
-0.5802698721507372,-0.06172993211035474,-0.7785377918367279,-0.2452768111083452,0.260978486019504,-2.169405984896229,-2.1873227722660706,-1.181685308950179,-0.1515768209840248,-0.1270621018060668
0.9595693048152174,-1.0080821439145917,-0.16887775986465595,3.7285781618851828,2.032172472325565,-0.24577696759135736,-0.8461163621205616,-2.1789920749987175,0.1910222624801373,0.9477148953234995
0.8091254360531047,-0.5437187429928718,0.3763035594269966,0.6318576537791729,2.338678735023712,-1.3740519162234133,-0.10244714910707231,-1.9098425376451957,0.35035344155024994,0.9524824377263533
-0.400949065289288,-1.9434382982923586,1.2577668773201318,-2.6146667893358657,2.993685108926792,1.3764194763333863,0.26799471905815564,0.9928758861055396,-0.15581820272540892,-0.9720461873433717
1.691962065557017,0.40166593826102054,-0.6821086630861597,-0.9098654180645271,-0.45229825945097096,1.7061539908506627,-0.7965513303108814,0.6712306007040436,-1.0439946115792225,-1.9465964317140378
-0.881924328376779,-0.5795996367704767,0.5065206897591702,-0.5830415856203903,0.7450085797364994,-0.8601655462646507,0.3636845530841273,-1.3793864220279437,0.2631606540186888,0.45796572017097836
0.700588286481056,-0.13996677859735207,-1.2140358324934588,0.8029782432277255,0.14071269975921608,-0.7438525181802789,-2.8487222212058634,-1.6489705683274982,-1.2296686813542004,-0.8148323526752914
0.22910512674212483,2.4135727689051443,1.471397368657582,0.026057146264061803,-0.48962069951023823,-1.4405345977212485,-0.9367629319581983,0.7323881890995794,-0.7187763651610315,-1.6112534937667329
-0.17164985426078644,0.073626125091901,0.6632378887345513,-1.0309780902665668,1.866079952531765,-1.7198968542383475,2.827536283302786,0.11220554937180638,0.8182589722090107,-0.03504587763386857
-3.176358694841604,1.8079848823240035,-1.1300522273119877,-0.5563967881952717,-2.1381341349738117,0.3790189440333558,1.0086600379647468,0.7190271772848738,0.5108785046226683,-0.3840690090806581
-0.7407233004205828,0.4015117742202828,0.4933649991513058,-1.0167678969165828,0.5690744438397565,-1.2684915018605851,-0.7434512028352247,-0.7673537722369596,0.029104316323454227,-0.2989351305324438
-0.7361870779165876,-0.09817852867282456,-0.69274073130975,-0.9642854975512191,-2.1725026331037234,4.092954955063846,1.4021724802452418,0.9456728301271332,1.0414290379525775,0.2075165385379627
-0.5483106442349065,1.4281104490865049,1.8962780018301952,1.2475292746645952,-0.80496202973176,-0.6656377413684003,3.2882466278267355,1.6807391262927052,0.1791871845931834,-0.21791950727799758
-0.4652840544641116,2.338666782162794,-1.31127160986165,0.01440613889036435,-2.1209325799413175,-1.4940564727531822,-0.9888459027875525,-0.910227918006374,-1.0532430542582742,-1.262730369138206
-0.8223283484436137,-1.1397769424318407,0.6663251457209327,-1.7728940291590871,1.4924004894546092,1.8342744701575775,-1.0628522808649563,-1.7831308919113644,-2.9021891359900693,-2.3871000088713163
0.9349633011842422,-0.025541428378291382,-1.010512906803283,-1.3160120170350198,-0.4584847026896769,-0.772115065403965,-1.884250769648282,-0.6397434471963529,-2.083039439604854,-2.511927464564829
-1.50379719038545,0.009238869347035588,1.7667325761120891,-1.5178503625298405,0.4347945843858588,-1.7098008111518033,-1.7153715132420828,0.5372738334775027,-0.8773434452591057,-1.7914469528512005
-0.1803979929729216,0.11469039112166311,-1.7126424902686737,0.2752502231217856,-1.1331593927204213,-2.3452166684590106,-2.2808243816423013,-0.9335340427985409,-2.7822833679589074,-2.9720075504000745
-0.8567388916812434,1.2322866823885887,-0.04288478418727654,-1.0406307815603248,-0.24958269908138422,1.7812853549968888,-0.4175369197724089,2.264563815810546,-2.611261525164571,-2.5149062765411987
0.09267827144580115,-1.546052438172243,0.4768980986960908,1.7279697584653835,2.6785056089077495,-0.09494659644072145,-1.972041941798268,-1.8474312597212093,-0.4869905014275982,0.07328088473227473
1.781883751968599,0.5111504588855251,0.0520518689844782,0.14576155969036664,-0.8271136981307345,-0.7531707896720359,-0.23252377310942707,-1.3830776960964224,-3.1737979227706017,-2.975860142946109
-0.28681741836587704,1.2490435502289805,-0.7751761078155598,-0.6031785679709215,0.03990497184595487,1.5971163915235032,1.7500344392660656,1.5328985058563271,0.6992440142179105,0.1907010270042546
-0.16988096641270736,-0.799076568807459,-0.9822324893499329,0.49289195804463265,-0.5614935061701525,0.7951466641700763,-1.3962373927238194,-0.846511386131688,-2.6928325733839467,-2.955797712232517
-1.329386925780592,-1.7449407306243139,1.2543682652846628,-0.731896978870603,0.30491675092681797,-1.2846761550274124,1.6382594159799584,0.5148079197235861,-0.5235516713156724,-1.4381380620716222
-0.7835093756617798,-0.7110538123711043,-0.9775662797006693,-2.781798622304473,-1.5913989854466255,-3.844949520921726,-1.8396425582466052,-2.217440447344691,-1.1184966360541269,-0.343543734415219
-1.5982223105367703,0.9108043570790992,0.006327128240456772,-0.8363536881935971,0.13818430373108964,-0.22963631841736845,-1.801849856407923,0.07172210370414034,-0.16653252448097391,-1.0065410047664884
0.6756304191924919,0.9240605242601773,0.09533753305581526,4.004514516206656,1.0590618088948536,-2.7687330340986787,-1.192908342319026,-1.0617381247951334,-1.589958947682232,-1.6695677135567017
0.637932036032878,0.14319945983867752,-0.8629364096921679,0.8145872210426354,-2.4333937903179947,1.358390954452022,0.006669230928056158,-0.4532725531927637,1.5708295035300353,1.0062848956142867
-2.4524442635833235,0.2182269400847326,-0.5498730744615303,1.7803621335446433,-2.260365952204576,-1.2424632077593607,-0.8045838439147984,0.6087064274346297,-2.3305499188680887,-3.2403536679440514
-0.7556038796557863,0.32683976961231187,0.48563911968731616,-1.8557969625162625,0.6432375024175528,-2.8062024942164268,-1.8267806433139557,-1.0680517457655117,-1.8830761962366975,-1.957218204425283
0.7575362890001722,0.7890475410032237,-0.7714681163939385,0.2232897768592932,-1.4072345692705541,0.16910212507468256,0.9853535480367055,0.6350439741441132,-0.13579467194191328,-1.0429546520009627
0.5413579105036855,-1.7969123836018537,0.16744553083176875,1.477531525926722,-0.2627763329407438,1.3965093732606086,2.374194016476603,1.6649485947567197,1.3649641290568697,0.9555420791455291
-0.9919794757563228,-0.9042427829111555,-0.4612082798042627,-1.598608796995241,-0.21924808253310435,0.7934416936772511,-0.08862636226850262,-1.706774452575397,-3.6762464362313905,-3.2172924930927254
0.27034633136224645,-0.43296644610570084,0.3325074693177033,1.3288316989404172,1.349072033412817,3.1864061524284057,0.8985539416448743,0.19982765796722718,1.1059990510325917,0.22826082756000288
1.290393924614355,0.6143519334592705,-0.6092597384916232,3.34780166848709,-1.0306521474136592,-0.1178488998594458,0.9704373057583487,0.8035295539183991,0.7369357158207337,-0.1399773867335234
-0.09839324745967866,-0.27241740584292884,0.5139050686482349,-1.426263584348573,0.2854032907803217,-1.4598799842465624,-0.03772507520760637,0.6400516448386917,0.2859338953797178,-0.6206591052095718
0.3485550073205303,-0.7701262460590209,0.11879615969281077,0.5499271498313251,-0.5372826830741133,-1.029239934761167,-0.39610793002579386,0.020231253404818683,-0.4281040692263021,-1.2494087688874307
-0.8245136092401544,1.0319177960093142,-0.5887322286728681,-0.7710754737839483,-1.7736356326137606,1.6060624876909444,1.3495974065188518,-0.07165374816296222,-0.2485374806382974,-1.0316158736911811
-0.17680819413585327,-0.2468972331459103,1.6010850148944447,1.1415638438193958,0.9835645996520017,-0.9494118557557518,1.6475027481802107,1.6784038192287873,3.7032444050209348,3.3043106618786586
0.8541347446249872,0.4218477500019778,-0.44862622462082336,0.04575887760410402,-0.4907267960775055,1.374425106157073,-1.1833708184107532,0.3095695050885453,0.3525043530923002,-0.5472455209256598
1.1130710812700737,0.23085122055952836,1.919757935032741,-0.910274246961899,-0.03765493021392552,-1.2334597064760007,0.1345420511650789,0.18552606966407426,0.2297733840078947,-0.6443879651031221
0.2813020337310536,-1.4883624218205338,-0.6592506472705718,-0.1936455977815265,-0.4129720425377802,-1.4868058868882814,-2.6742204405691514,-2.0999645880082993,-1.0344994077949825,-0.3184805264526587
1.332010012290211,-1.2091902738328952,0.8138650733455782,1.301326689108822,-1.3285091409022545,1.0147508524301563,0.7257775999102554,1.8531962592047113,0.22887726490288285,-0.028519068824543914
-0.19723116864906087,0.27569316780833125,0.20978399185068883,-0.25117406137016257,-0.5621489368467556,-2.3029470612640273,0.21107204682898384,-0.09156248629245861,-0.6152130438509887,-1.3892120628328568
1.4072839601983216,0.008163351653322928,0.8425982350875866,1.534980198727184,1.3163648668278882,-1.0121002087033608,-0.27291065974845874,0.07546865688513121,0.32940472005353194,-0.5118867564218663
-0.11985301236808438,0.6203755350481656,-0.5963413941900156,-0.016408469150132443,-0.6746752177127,0.9221596551643808,0.26651427953852835,0.8422030196355421,0.7884778023647736,-0.07828929364579273
-0.3480746959644749,0.19167511595330516,-0.0811602353669866,1.407796759031263,1.0473868068870478,2.0313804163956966,1.2382788951564414,2.1629819648992386,2.011999636940673,2.0202650386631085
0.2088614578118073,-1.017860148397005,-0.3945204672106422,-0.19075371466444557,-2.6640976976476045,-0.6173397733584962,-1.4794129613120908,-1.4531757044787121,-0.5883707585163274,-0.33144780262073864
-0.4091480759882321,0.7083769249231828,0.6725816005116442,-1.28224733253376,1.1907854146551389,0.04076652030734085,1.3064809187016013,0.7836410992520978,0.5982103064829506,-0.28346051351936874
-0.7148403686011039,0.6003783005726454,0.8510074748550878,-1.3158995983836488,1.2510231154089129,1.4852044798534703,1.5856868125406558,1.619816505637556,0.8723568718700383,0.4282527390138499
0.5413778033170439,-2.5700257164790172,-0.38853192313363794,0.44768803986881134,0.17709560629755539,-1.14842531404268,-2.19821646244972,-1.0778973179326814,-0.8214850859567515,-0.8870968859644679
0.3459776025642816,0.116359280956957,-0.8834365557122362,0.08646908796696429,-0.967617198705709,-0.8840744172962353,-1.230925733648343,-0.5786217788896075,-2.822801923582447,-3.297851473217883
0.8869464164465396,-1.237376122704788,-1.8436843118099961,0.7141641853113483,1.3253294278593468,-1.8297307912560954,-0.7202746543984903,-1.532502723670053,0.8679535003324528,1.1902401635854287
-0.6807853104319401,-0.06669109560502413,-0.5714880165500588,-0.9768591563376047,-0.3354686689927362,-2.3286417329163553,-2.7595255477719935,-1.63747567210959,-1.823652465522948,-1.4177427587971307
-1.2641715508335427,0.5303455375010472,-0.7875814450089674,-1.531591353623648,-2.586392462591164,1.1334713779414218,0.24141741878530443,0.7047326416428703,1.3083347476197207,0.4109039018612479
0.07072604222285758,-0.2440999370145503,-0.8283699340209002,-0.13543289722492927,-1.1274457831810398,-2.8934853305890416,-1.350455083478721,-1.5979351297302973,-1.6359123379906615,-1.2610716967339908
0.13457825592946038,0.9762926580765375,0.7068693520987543,0.09809785675849544,2.709465520238977,2.384362391126914,1.5531363834398337,1.0680801294043398,1.6691410132037696,0.8844624322986198
1.8006986517012686,-1.363862383948961,-1.113896240780012,-0.9679252748793558,-1.1020060458492773,1.5461921003488253,0.43396588834404615,1.0311513548594406,-1.6995496570558757,-2.5002312216619678
-1.8494505978453755,-1.311139939982292,1.0186823880609504,0.3849506386136406,0.23000135572850022,0.6587098461967531,-0.061858985973275105,-0.28032171088794994,0.3833692206956461,-0.29128507999208825
0.35988756096594904,-0.8101053144896282,-1.2973782820027187,-0.0005693452567576696,1.5175361425271139,-1.0919024298466482,-0.2358584004322946,-0.5793461932564072,-0.19166845918679787,-0.6661799763979235
-1.922298885534561,-0.8483909956631484,-1.1891904845959185,0.6675990468757225,-1.0614662646690558,1.3922134788847205,-1.328037352278651,0.3157530989869586,-0.4235091723356539,-1.3242102810652745
1.5687241755440102,-0.8552210484413498,0.8757722333164975,-0.7499026435054806,0.98556588924837,-2.1658726550523735,-0.5360628054682547,-0.5736529832836788,0.16003587535230618,-0.31869798903224006
-1.0968772689335748,-0.72865373223384,0.06291872064737852,-0.09159484749743052,0.6034974828844983,1.9789488881262327,0.969566519076672,0.9885161951574383,1.7839587285884495,0.9660280438024353
-0.2397650945780281,0.8843780836209277,-0.5777550451893461,-1.1404929343338823,-0.6428941691434933,-2.8999978291266073,-0.35552963935731896,0.7546417624620576,-1.6367850217663447,-2.5248286006894998
0.07332397757044752,0.42802523042879875,0.9394277812537809,-0.2256490054901105,1.2514592995137326,1.5488691341832137,1.270691726606806,2.9876300822533155,0.20350519599126282,0.8548257033554452
0.4059535575519983,-2.8291251051364643,-0.9366512953484423,1.9034621209488074,0.953887422694414,-0.5510814960006835,-1.0189249387665091,-1.67524699087895,1.0632610705765697,1.4983154585682539
-0.6841318939157477,-0.8806243937761559,-1.3222445505146492,0.28070124960970344,-1.0433972495569097,-1.9083004224450952,-2.884587966505303,-2.5871831046929983,-1.356725481902242,-0.46190910499308285
-1.457292014719528,0.8559842146633811,-0.10335003044532876,-2.476883496741096,0.6697242801701393,1.909856223184333,0.6865605973617281,1.2142200361207984,1.7623945145619913,1.0503099882194546
0.26696359276060766,0.22545673565639973,-0.756574016250479,-2.0098376463204266,-1.3439738474317275,0.32338664211156,-1.7306944748566835,0.4348086481388813,-1.2599597221545489,-2.172883034508132
-1.071744934765203,0.5145264691093869,1.6568785571120608,0.16413636326019243,-0.1388260050894577,1.2521925172482171,0.594259876486278,0.5740948129054136,0.4486495681065993,-0.46376225843845253
1.8046450793517819,-0.8219962020265449,-0.5859491963682545,-0.7999160117506477,-0.5690343366169499,-2.7031592690834487,-1.472157886550839,-0.2121313034390584,-1.6894346015337405,-2.402656872681111
0.15843569411999284,0.40189353431335934,0.443965331500069,0.3651837644210647,1.2285589193996014,1.280273473271119,1.577146520534939,0.6011827777797047,0.6726980798401494,-0.237756372488658
1.0711655183273974,-0.5357724104162923,1.3725458971475597,1.3544631887487295,-0.9486374035610434,-0.8765837802611758,-0.8660983921431666,-0.22638180850831763,-2.2995463979119117,-3.004950790218643
-1.1808695231509083,-0.8334626678379956,-1.5853005579360402,-2.587091287003445,-1.5989545800765608,-1.2001530215368592,-3.0615037562980656,-0.951807265625513,-1.4868623640621754,-1.6610256807730739
0.652219580539223,0.531570565900302,1.0896141414934817,0.513139780527931,-0.2999846081939578,-0.0660839721696973,-1.0709559983393575,1.6376433129617767,-0.15344606074712508,-0.5839450778595507
-0.12903276328146898,0.1902780166834759,0.7210335904750405,-1.9132146749513004,0.9118900515386323,0.9057924861310847,0.8058759869637336,0.5538073461112978,0.5019962978315226,-0.4114858562619504
-1.24846571855698,0.19730083788075842,-1.7283074955946658,-0.14185912271963874,0.708969420631804,-0.9483491708588484,-0.02654308286326834,-0.74949149444185,-0.1628668466312568,-0.5053471334518757
1.5438242492305498,-0.586199549777673,0.2882218296875014,0.5994907098347333,1.5622128361337706,1.8398241850857024,-0.020369651185422777,-0.39158661135852324,1.3387230420137661,0.7329978809481937
-0.13845044989153532,2.2319882541395724,0.9139430532081836,-1.3181056534181042,1.9872012834832917,-1.1526347291822248,-2.39877160691433,-1.8050352383467951,-1.511520871716939,-0.9808157101294811
-0.8705269751933311,0.8163921543240603,-0.002329163520959649,-0.7602357126186129,-0.23607328299477356,1.5549051250792054,0.07698092787188349,0.914258193119672,-0.7652281906154732,-1.6099829522197062
-0.4082243535784294,0.41077079999738064,-0.8021956758181407,-1.6261954452548282,-1.3372742690768262,-0.12291548226826132,0.6734812028939512,0.9895436028580167,0.006686256007649272,-0.8108444318560859
-0.6213766813724237,-0.8775144379493524,2.702317221292485,-1.346305316324666,-2.439982662590378,-0.18560503609951545,-0.8452152741119483,0.8106607255847946,-0.6695024786163742,-1.5446333267320058
-1.0897348229836685,-0.10817671159658374,-3.2734435169733245,-0.8006209433054694,1.2699730039562058,-1.6957404392455306,-2.2838338333083295,-2.5359079217853346,-1.276134454620645,-0.391610140750589
-1.2413039736937228,0.8373972958111521,1.6283482435193628,-2.159439624206761,-0.6825118703619595,1.321761561974152,1.1408549202322176,2.161549142353859,-0.35464149503869513,-0.34762109094701144
1.020565057226985,0.45554016759446203,0.5891875962043307,0.12219086483121777,1.6035073484198785,0.8063967310091069,1.281392364260692,0.7267113283030437,2.884348613426414,1.9908042700626334
-1.1575976467543743,0.052423466455234796,0.06567963505071726,1.330299365817906,-0.6696679157833921,-0.7564064645314337,-1.2310611386420252,-0.8111480290522151,-0.8448926231091268,-1.1371352843920413
-0.320075591240172,0.1720727705127267,-0.6420144541668197,-0.48312384731437424,-2.363716732806518,-2.830328522428508,-0.7268777998983555,-0.8804856619712506,-1.9242498335515157,-2.158807559865922
1.2651655779734476,-0.758322425404646,1.1164164002616666,-0.046825826580423446,0.6533884094105552,-0.5606872401689945,-1.4322397069128305,-1.1927891183206973,-0.03467883389955345,-0.0005205455320655417
0.16613638627784189,-1.432885339614024,-0.11392204817533458,-0.5130738104678016,-1.7163439210501503,0.8528405903894388,0.4877982094815023,-1.5212354713719676,-4.5792793826258515,-4.266173718628254
-0.05279871146045618,-1.215150773599341,1.5085059984721558,-0.1100354451623797,-0.28230748815874107,-1.5835979612615683,-0.14369240000670291,0.3103954988959875,-0.48993218081535095,-1.3898109165924795
0.6831112658361442,-0.26711194374540276,-1.3313165868093066,-0.7189033146898987,-1.2721959187041376,-1.909211835184967,0.05341969231141941,-0.3605291535600833,-2.26333071337623,-2.8890108435423287
-0.3561940715916621,-0.11349663892893941,0.8653024714830472,-0.5983543403766827,1.182041305096336,0.2680956519431209,0.16441967601355068,-1.6023236939145824,0.5185404785261918,0.8968563416272235
1.2374160996145853,-1.2989688097934524,0.34226072392663615,2.1545242202568176,1.7856489492223768,-1.1987476051050512,0.4041295572466606,-1.2510576210638908,0.33747597020734826,0.422152794517002
0.3535049001748894,-0.017322846297658036,-1.5679617431980741,2.0279679302810396,-1.0427591041874518,0.9373000764316913,1.4960040276296551,0.44140112841868273,0.7984746766437312,-0.11478527833913477
-0.4257866468897743,-0.18369651979600393,2.0485406245850104,0.40964340606223504,-0.4846316692581163,-0.36817203297394896,-0.8371329418751359,0.7336721010851389,-0.7063299371613978,-1.598562097920728
1.084880479941138,0.9015399937399995,-0.7994542164050458,1.5686388392399153,0.0988255760253719,1.2398689627308548,-2.897478860151474,-0.09651247937845808,-0.2109292892197382,-0.9826277606774758
-0.21438746377505943,1.4661499956403867,0.630600794977248,-0.10057993546430521,0.7295040632822757,1.2979505305284373,1.9563132044407114,2.4030967457517094,2.045405722486467,2.2602899026523544
-1.6110682990449974,-0.6085819096463947,0.251555868635894,1.719336926823449,0.09769756209185293,-2.5486674381858223,-0.4452867437315877,-1.4881649812073134,2.9006645133504043,3.186619815635391
0.49129081844442274,-0.7622017918269033,0.8945183688807827,-0.3026575330958342,1.3677103185548074,-0.5132186082234789,-1.6242620167230621,-1.2069099693986738,-0.7701668212970357,-0.7237503179027481
0.7670697723376415,0.850498489080207,-2.1256100350002076,0.6908191115186735,-0.3174123356023697,-1.7449633826778324,0.10111871263717764,-0.4989521168976329,-0.11842562298969106,-0.6512180970960866
1.3951603531444126,-0.5889588511390059,1.03265296232391,1.9635435555611447,0.9762645822249437,2.8546056230203476,0.7086630696667282,1.2143924674901203,2.7481500855566097,2.0361596089266034
-0.08687922920122171,0.9972579576390093,-1.038769904875339,0.705281516314392,-2.656309086242386,1.6839028274346854,1.2493272129956303,3.0129390179906625,1.0921906795520735,1.7587620747247439
-0.8241240587285766,0.2019446747110728,0.8556713145011587,-0.8248824002321404,1.3294333353209011,1.0123385226120867,-0.03066246970708275,2.1439925540900444,2.616497819910741,2.6082627288444575
0.6330440799158205,1.1996583088627124,-0.01255587317339284,2.456874531802053,0.8120070085481951,-0.508924715795705,-0.423882011266967,-1.0461155138082237,1.8069478838793958,1.7138247368700514
0.04429304822047819,0.4109854302958081,1.254956018094855,-1.5578233971419868,-0.4209345786360772,-1.5212746133449973,-0.5407797325451461,-0.6472783977740131,-2.388470524801513,-2.81156455879495
-0.5411663233858014,0.331304620657697,-0.029216996626052316,-1.3540194053526564,-2.1957726759136036,0.6572356616045127,-0.9597636257663343,1.5832394031392558,-0.6569858730214295,-1.128602007179145
-0.6381937467402038,1.1784688974724524,-0.922215790476999,-1.3971449100160178,-0.05189515346152418,-2.6096692200322114,1.1329552590575735,0.20768387647912123,-1.5836759245005925,-2.463310108023122
-0.9233386881640647,0.250499590521289,0.12111046424097716,-2.011407258634995,-0.39098122072901054,-0.1311234129573885,-0.8990336502177123,0.37358234187895767,-2.279577808132773,-3.1876663269234218
1.1085066340732352,0.2656197301718166,0.09530084580150823,1.8286426105520346,-0.4951340299521607,0.32673797713267416,-0.5945691386430538,0.5647960323035301,1.5778141583065461,0.6648696497316421
0.5098552707194137,1.249151690379746,0.7290736825252742,-0.20081037169144134,-0.33844851503889073,2.579160181830588,2.143227857139983,2.0197363102207833,0.8570834695241574,0.7411890291984653
0.8212446167865405,0.762587071851591,-1.694852379797152,2.537221077815464,-1.3424669476536515,1.5222762630640245,-0.5451892872737917,0.947866034864802,0.19839863696819104,-0.6347290621168437
0.17440857213917038,-0.36601331312286084,-0.5866571311233714,0.566608529324931,-0.315237751838108,-0.7918149923752132,-0.5195887703474678,-0.8519615463411719,-1.471671886341857,-1.730097580675582
0.1295184717597993,-0.5251995892960402,-0.7426450962870441,0.8728930437603963,-2.247238445840002,2.2521883690682554,-1.1519768658385239,0.3994024571355662,0.6560779167134685,-0.2544252019700568
0.09664309496927322,-0.586073658170795,-0.6386110763812123,-1.3381108584562258,-2.9948916663900698,-1.374594221864673,-1.1472256000197305,-0.8684834354889839,-2.205645152752978,-2.450267918390617
-0.24802488936957198,0.6592111004909662,0.8095194683039952,0.22606915835519514,0.24326725901890367,0.5973870643826888,-0.2742222932562336,-0.4214040812764057,-2.930238844614699,-3.5163094275231077
-0.9081036501274767,-1.2557780419727842,-0.22156087264411337,-0.4019629395530949,1.4031590480207035,0.7080487227323409,-0.8541444432549545,-1.6483280878456679,0.8885746582568627,1.302913349507147
1.3225660134233943,-0.5305008460352839,-0.4342132754671745,0.691457754925717,0.6084840887600746,0.5508672354676099,0.8825626977390677,-0.36914471244128966,1.175970983888865,0.5557726502811917
-1.9780549711194726,0.0704265579156566,0.2689752800460281,0.6362350391974818,-0.8915325514855341,1.3513139137209953,1.2265548074450385,1.3320004260187157,0.4787532962255762,-0.16477753915008622
-0.34416792033225957,1.3358912816226296,-1.058371024390152,-0.9204699489491668,-2.9112423130750242,-1.1168775925785988,-0.033511928842798105,0.22443030586866516,-0.4344667064231582,-1.3179786774777997
-0.13176521042980865,0.506214122812216,-0.43472182613369864,-0.19646503623350425,-1.2663217454324576,0.1364926963521216,-0.21969289757714947,0.7063114788805087,-0.5722187456565867,-1.4693834282939293
-1.0779153299634339,1.1079782134305123,1.4556448889756264,-0.15209254506040204,-0.567078245017058,1.778649526747599,0.011011845284639277,0.9168098122355567,0.4394567423148115,-0.4044453149815352
1.9218635653807226,-0.061099618469731935,0.6616056863736222,-0.08367834170945537,1.8519918326287867,1.0366803638047486,2.789910720219159,2.5598391991200766,1.3050899461472985,1.649495901741569
1.4279276646567844,-0.0016166881342652086,-0.8667300491720438,0.024333130042328788,-0.17656782723149844,0.4735618043810028,-2.109111368396322,-1.0308929093522499,-0.7513697063577327,-0.8576415014485841
1.1330055026318433,-1.1550613179465785,-0.3342794065604509,2.417073661422351,-1.6011426519604726,-1.5896896887018954,0.44412696442096067,-1.610522795253808,0.8146356621278785,1.199426574318828
0.5491963156418223,-0.5393090809769407,-0.103526585336736,1.9840905095735468,-1.1411729911931898,-0.40997726003621815,0.8234619931129854,0.08422419732836783,0.36021581969646804,-0.48403238249099395
1.207704302338045,-1.3903891459868911,-0.8730889717312325,0.5256219020303488,-1.7213322952952685,-1.5780251251849131,-1.4233194326050285,-1.150868180573678,-1.0906778127900731,-1.0929384849687016
-0.2430544498712741,-1.0103485143168318,-1.16791535447635,-1.1936611498767578,-0.6410078415781528,-1.1063661804046978,-1.5054670618490764,-2.311606837182293,-1.19377518034736,-0.3785129260946354
0.6045405855935908,1.7866896591832007,-0.34865004345732503,0.432827253691446,0.28079933990822603,2.0557807495994513,1.4085436619273584,1.8131304469894776,1.7769641758152648,1.4863543496489233
-0.11000717731309338,0.5012776047676168,-1.7235312936499516,0.21311166535650874,-0.15685807831125348,1.3588094759578817,0.8516653466940913,-0.2192139253332045,0.9485172131081803,0.2391642440564501
0.6083829601423404,-0.6184921414727519,-0.11322885414251563,1.5203408448504665,-0.0627419072413623,-0.8645596881029073,0.32450837627001816,0.4275591540816266,3.144665774409426,2.232153992915011
-1.35820844376785,1.2547782225898738,1.0399999159413484,-0.8930158628618566,0.9318172113196217,1.8320415900111167,1.7721109001338886,3.46998401801188,1.2127393246519436,2.080951996388827
-0.2610694781425371,-0.7475790212919022,1.029365619335705,-0.46980823122036797,0.79959109138712,-2.0855539114315245,-0.04341979673392815,-0.8862805580233085,-0.5549143283245926,-0.7846014714766977
1.5810740081915362,-1.3267245738376603,-0.4685999892071026,-0.8806167794143256,-0.496956636906351,-2.9672223127397004,-0.8032142314161925,-2.2360032796353964,-1.9898084255951867,-1.2064080753431257
1.849290344360594,0.8283774911370471,1.5216908893588885,1.5542549949638695,-0.021561968702948464,1.3605638788236094,1.4699810247514935,2.6253520993498465,1.2089920729256591,1.605434518319471
-0.9283910915447083,0.6932416222707305,-0.4393983867427255,-0.42945046741363957,-0.4631263783585962,-0.47069791911503145,-0.5658945582252657,-0.004173733584205697,-2.3320150991569215,-3.143765568033972
0.693365341596256,-1.0327684371377845,-1.647410200104974,0.7050960388664237,-2.7039808280559563,-1.215877939322397,-0.6776377340830942,-3.880875752964976,0.9627451270112728,1.4412693358065272
-0.3286096840852884,0.4826850187399926,0.3341683295401349,-2.9528608756492885,-0.3172898552576554,0.5034401682655372,3.0346996575353873,2.4867086087855093,-0.09634142498686321,0.18841153268008815
0.007757714477478454,-0.24516113480154395,-0.5628114980629609,0.003943154534608655,0.4193424399078536,0.8962723358226417,1.8021100880639602,0.8344736245533344,0.601707608547686,-0.2671812988079272
1.2753260978398333,0.362738551814712,0.4120179133768006,2.8121777459912947,1.4218032840895325,2.1341033564819374,0.050087186752413304,0.3520921696399858,1.2350350668256604,0.3293728996687645
1.3344729989962265,1.6549383395576698,-0.28789808905831543,0.5125600790619829,-1.591366482506582,-1.1098773139429228,-0.9215881929249936,-1.2821611147731717,-0.19565637391136215,-0.08410932793859627
0.7471853750524785,0.6597807906186319,1.072465737603447,1.3227178894049387,-0.4525270840632448,-0.3515677720825856,3.2874869145093397,1.2839503871668982,3.067364954730741,2.3948438027469687
0.6478567131112605,0.2612814742244915,-1.6280080448781413,-0.335829806963457,-0.39881989482012514,0.8986508031783569,-1.45515569005878,-0.3465487322661709,-3.228856591990265,-3.8633426525237256
-0.8665260558862177,0.5185533999348036,-0.06981402536314413,-1.1191988504528705,0.13458966631441582,3.7635199137223516,0.6657625781147989,1.291213828504672,0.9753197235354438,0.30709243196780306
-1.127147771506198,-1.0497810086005037,-1.256098638989827,-0.8067326775896103,-0.705392114550165,-0.7088643387873622,0.8652271985151554,-1.5120158241504078,-2.319182863060584,-2.0136164635749174
-1.0364407597109164,1.8111983886003096,-0.7256657063420843,-0.8321649023191348,0.7029826991566579,0.909300901861316,1.2885592897276277,1.4422955546828908,1.5190256177822867,0.9470070283120926
-0.3983119897715783,0.6878542338582277,-1.195124804101117,-2.660418155013505,-2.107266551827122,2.7343924647735114,1.1075688611975816,2.0182420749935166,0.4647919533053369,0.3476096894897816
1.3720647295857114,-0.7758912260165877,-1.158761679131513,1.249851029437115,-0.5123412339169799,-0.5171373911042006,-0.916882994419919,-1.7207391320738212,1.5156506840928268,1.9850603243875304
0.055533500278547525,-1.6868920255180768,-0.22568881105355537,-0.3498693536791493,-2.1363733928113597,-0.7296489939542264,-1.8791447815675895,-1.2824861238794145,-2.2715021642252986,-2.1596748171253934
-1.693815349557473,-0.35339270835070674,-2.5823619909175606,0.8203434895979249,1.151572223014352,-0.8333284271046779,-0.19685846464568355,-1.3537712366774255,0.6214058222664798,0.7944078852759188
0.10015166023936509,-0.6776063880645684,-0.4278483707505062,0.3498051064833209,-2.8110094043615237,1.512469904501064,2.4256957731707294,0.48748046745108886,1.3612058385117296,0.4465936369661354
0.9599902548338638,0.2458444518077008,-0.04153268042268224,1.4071142832070633,0.4730649505075361,1.2690063223893073,1.2841955975580348,0.056664725464960486,2.2987078658350164,1.4639628981074082
1.064685421633532,-0.5331273746065749,-1.1304298572417033,1.3049265626438453,-0.592336607644443,-0.9446201872118303,-1.677000796267146,-0.3177494661870127,-1.4238093477371336,-2.076080926588471
2.2602072426309854,0.4604325903608862,-1.0338747150909011,-1.9295562492002376,-0.6659186715055314,-2.1028660583377388,1.1777778008222675,-0.76771160493847,-5.1024586722287095,-5.430207848599032
2.097974968909595,-0.23796047900144496,0.18098169594724625,-0.43204370274850734,0.5666789794405384,2.20860230179871,-1.4308174265554714,0.6379541650467747,0.48948733122365173,-0.41734564855112
0.36222606469022883,-0.0013784187265769496,0.3695184227556681,0.02853422396829719,-0.7931675815727006,2.295038426884331,-0.41769356024855797,-0.12227658053352108,-3.020259847963246,-3.7797098607863813
-0.018245782348891505,1.5632456227191176,2.2631823367568775,-1.55683703982451,1.0954623353423243,1.0912765313124864,1.0659800624761602,2.5351573225448565,0.30433958133549843,0.6287839801690797
0.41619794978366986,-0.042339377388006805,0.462709868362037,2.3746828820009687,-2.280215465622128,0.7926888783187552,2.5860516529499553,1.1125126695919207,1.595823424637217,0.8316776322574204
-0.9344490084918153,-0.9265608537365516,-1.6521177838083974,-0.6310296609708459,-0.22430122779896594,-3.0184469308217823,-2.1866848341528415,-0.9590683032492958,-1.2766988753530393,-1.4446641022292857
-0.49594544064347973,1.9779919724251205,0.3853780860004297,-1.8922253606348638,0.04663862928272722,-0.5294735730937086,-1.8063498390857253,-0.4038919588273653,-1.9297240372678646,-2.5273959726261825
-1.3248146107278167,1.6269007670250064,0.09999646800436304,1.5114687087788492,1.3882180959144639,2.063860554339141,1.8765990888269957,1.5243700707301235,1.8997808546026294,1.3850948687159454
0.5192093038482213,-2.1332379692183556,1.6730234067608138,3.2743013954111397,-0.6567628318893917,-2.492749971505635,-1.3379444932641658,-1.0190514115178453,-0.6024871790576558,-0.7189719362038269
-2.134028321614254,0.38571966827695436,-0.8498069164585036,1.1893480519735569,0.25612250212947507,-3.123402259015671,-2.3127698333754942,-0.9362772899024818,-1.19737776203683,-1.3847694196923535
-2.1996724321255114,0.42786849354263834,-0.29384799556876323,1.2276075582268031,-0.8679447055746319,-1.1711739750514831,-0.5866808887240451,-0.9151544141554593,-2.2048655784419875,-2.410183555966162
-0.20161051930830634,1.1495599809819763,-1.1752195403647292,-0.5015706202949138,-1.9112323206212907,-0.02896766229880432,2.4195506742510764,1.9629563003199062,-0.37202291162954054,-0.5366660034683323
-0.3619080233791659,-0.9197912341170024,0.47998309447544524,-1.8643634151158142,0.36735593933653793,1.506552823695388,-1.1447629148437728,-0.21234646214886788,0.12570611015145605,-0.5873990924622745
-0.4747360878431655,0.03945950788746697,1.9250044165184546,-2.8405216024526325,0.6548612645524896,0.0994327201096945,1.2401127914269257,2.161737112051009,2.005516764013284,2.012700498142949
1.63304265599079,0.20487626161622974,0.9460815702796724,-0.03611713783572676,0.547925637769235,3.4705989770777004,0.5461864009073106,0.753737597779009,1.4866664558438136,0.5984349922654835
0.45499119363778623,-0.9762438780151294,0.2606771251335477,-0.14806075831372134,0.2701723475995187,-1.3474645552760898,-0.7760196171233831,-1.6304933968376205,-1.1759330382703252,-0.7754692743647205
0.5762725848079654,0.7608285161987287,0.1375589930135031,-0.05555805153312876,1.7481613262866533,-0.21436354841657967,-0.7913364746693127,2.0820371459904754,-0.1568057925949211,-0.21882908646373012
1.1425757677250978,-0.36210415381337047,-0.8177494793126572,1.7617530018038812,-1.6169344684579352,1.231161735650824,-0.6298367798913994,-0.11523645817399586,0.7567731736592886,-0.006069255927697026
-1.235213739513452,-0.8427022597704718,0.951322997827715,-0.19031954112485228,-0.05282796520512145,1.9864626450396643,3.6262048884978886,1.2617079879434088,0.34221246046215037,-0.34325749186623844
0.7334142660683662,-0.057959186010648256,-0.6836574573737622,0.6653550811934297,-0.7979472789892496,2.257153545398532,0.7715893803117164,-0.35701053493419344,0.8081777040739018,0.18027082646430204
-1.2827697166092251,-1.1845496482050613,2.084859164559015,-0.7261129339856485,-1.5969291701585542,2.129221497384182,2.279881134525149,0.5493497489186017,0.3020037479797105,-0.6116681250681357
-0.5805382927307702,0.22863469639967735,0.9650871349993507,1.7792689588757176,1.5984575146741178,1.9692772876325448,1.8292265591717878,0.5613035897888282,2.393501157704922,1.4803749854703137
-0.5346729257224365,-1.2734031213157133,1.1486612001475274,-1.1730064097835657,0.29634487936494713,-0.7125667217368412,-2.6105921717462413,-1.4891238580938226,-1.8518108377401514,-1.5650642093965392
0.9104253906328134,2.04993360096669,-0.9253937346161234,-0.2108140470833807,-1.4194912642262274,1.0716873207204598,1.4472811511363175,-0.023232526790924357,0.12946496141034713,-0.6745205527168572
-0.39907773770806027,-0.3018966534982928,-1.2489252394987869,-0.19635380686442588,0.7746188612340148,1.4930913762105416,2.771608745616074,1.4809663486643225,1.356608898320262,0.8111913181090757
0.49923104062817714,-0.5214389931774798,-0.23963465636776418,-0.3331732912423544,-0.8382800945041322,-2.3307465090336414,-0.45189505436126987,-2.572114738859965,-2.0493383631299777,-1.1573272844158697
1.2154678262566678,0.29922086430879785,1.1334747228504525,1.2535730937293386,0.562942083010316,-2.01833304009557,0.8012951495840328,0.43760342456095525,3.7252479402758274,2.8121775404906186
0.9581823922403648,-0.17920539796917884,0.860088785995758,1.3575874989843912,0.8158934745506726,-0.1303455121789152,0.29119733520449037,1.977067888510827,4.050037502381355,3.897470724609303
0.36549336802189736,1.3677818665134123,1.403818219834966,2.5164636363663178,-2.203874417756225,2.735281806692926,0.6568057176042854,1.6337262871596232,1.0096329516662972,0.5761338064746906
0.0924981404094959,0.002503660365470503,0.3259284139382644,1.923330677612782,1.295634467905764,2.0219089301617257,1.6831011340517708,1.073720721391921,3.388234261127619,2.606085534247552
0.8710622022816913,-2.1580277366148333,0.7366583623347598,-0.07407947620897248,-1.58980743589164,-0.024167601051154675,-0.866400583109172,-1.2788113768687048,-2.6593846230865603,-2.5507271426639733
-0.6976319078572223,-0.839974839435953,0.18181737280351803,0.48910505904956536,0.47988469162146996,-1.6856778820125005,-0.37494160381498287,-0.698590241499924,-0.9318678916403111,-1.314944668631835
-0.07746245710126025,0.1789056709300107,-1.4224758971631961,0.38704251652341437,0.11284947860726546,-1.5806479511854206,-2.446128501581404,-2.056156458880829,-0.27159963062690606,0.42011866899041395
0.27870102826494125,0.7319837285971199,-0.5523753260322533,1.26697137615389,-0.8971948005338183,-1.2393169363845464,0.39736327646247954,1.0153713992978597,-0.651551618943728,-1.4587720044944397
0.4610388439784265,1.788948980737902,-0.846876118060079,0.3937045772041544,-1.4204291295428277,-0.44210269743724145,-1.0374487440372602,-0.4193797814954401,-2.63901217063273,-3.226432155326578
-0.41486341276068567,-0.9715507674892465,0.1017121692344851,-0.5439812936024846,-0.8462169359115036,-1.2537204907364858,-1.5456265968705143,-1.8840678773584396,-2.7421941639578438,-2.157103292618007
1.2537767817542975,0.8806014634837156,-0.28387980590778505,0.6999483982001455,-2.190213252340348,1.4026850984871486,2.4677548354412466,-0.10199682570639257,1.6722047609233175,0.9030751071856693
-2.137725543906182,-0.5485192018754023,-0.16485962004343485,0.6568627552405496,0.4135464467162018,0.25969994245594863,2.3901870901786566,-0.7661312994003253,0.6008965170042297,0.2718656979810264
-0.6893139682941929,-0.22622721446863472,0.9600568720975131,-1.9887663140508605,1.1928517792234183,1.8763591479356339,2.277345927703237,1.796592155151851,1.4322026323592978,1.128003024263522
-0.032442912140524124,-0.8962969432612731,-0.31574831052921815,-0.23047211940191917,-1.256706812298836,0.05787294573219093,-1.7858237753778479,-0.4704016791569831,-3.406273473847433,-3.9590329216697806
1.001755174006302,0.5201882009371145,0.3648037846498104,-0.011201609250931166,-0.06106429417460968,1.4337834912732834,-0.9284286478172543,2.424409388071546,-1.9541341503244962,-1.7212940844536981
-0.34774874246286896,-0.44306016507299234,-0.9777100984468556,-1.1719000333331775,-1.8019998598497058,-3.1997476431989176,-1.3984115549815452,-2.3569986762659396,-0.881806486636693,-0.04942459272427491
0.5856059631214235,-0.3629395851286149,0.2014162822503019,0.8573871350726512,0.8491914718641123,1.551259370124261,1.2227704600529832,0.5645067694149427,2.3505382348341293,1.4375782981574365
1.4634216651761573,0.43341021692984627,-0.5707276297241205,0.7433893103965892,-0.6274459383386733,1.3293590756654317,1.041689351863781,0.4452330434913346,0.2009843888640384,-0.7124547804833744
1.5596434621028208,1.6513551496394268,-0.6453135479378596,0.4254958169311584,-1.2766561140542962,-2.4753646817872257,-1.2444634856505052,-0.3300555837689251,-0.0028404204736225402,-0.6475710995477071
-0.4018046145405582,-0.976922421501783,0.784278685487995,-2.3327621446496534,1.082746590915699,-3.542206465078216,-2.5733778045465163,-1.2714756942847174,-1.448638923344829,-1.3463131842737903
1.6249904329700373,-0.14100712281562724,-1.2198970167892704,0.34447481171159033,-0.3274137049480164,-1.1837538165449712,-0.09639004975221432,-1.416353743574303,-2.239514076908741,-2.013450061976455
-0.8119530198176587,0.5189012636514553,0.8365640245708793,-1.1930486848518467,0.35167703901962555,0.3468067877629837,3.2942027862584276,2.9683254025505095,1.6556184152718019,2.2950525402470303
0.7699782873893173,0.6906269096224421,-0.5986384042049648,0.09389582559089837,-2.4677257452987753,1.9835329165320517,2.6792376222490977,1.6832118193218193,1.666321505959829,1.2711514808658047
0.29590758784423754,0.106774523210873,-0.5732352871055255,1.4304235323349173,-1.0033629437055804,3.557674982479888,1.7298268664351675,1.1861434547581058,1.7328707824976266,1.0057290270253725
0.4866795946074586,0.38769788360778734,-0.28436256450862635,0.7135066022341368,0.1688941540718214,-0.05967055450349856,0.012786482797384702,-0.5286820525788578,1.3914506074391961,0.8798663279459513
0.2135207866923881,0.0028173333040430143,-0.2111951047204661,0.5024140176660901,-2.5626403505262956,-1.2946510434319913,-0.4581796620261446,-0.522325285773327,-1.8663682839091729,-2.3825221143403237
-0.0239776001748239,-0.9370045754475801,0.17491847868944987,-0.08124389258720799,-1.4257980266922272,-1.912086984304234,-1.303776092514557,-1.1379634733986046,-1.2644585895787968,-1.2779322323502544
-0.7811408988080132,1.6616551695680057,0.02674818539047944,-0.2406603276343402,2.005329289485391,1.1462088094165646,0.9793080106924108,0.9853282553200131,-0.39137246734855546,-1.2105393395708373
1.4747185024040574,-2.011260204658388,-1.5361303857258397,0.4446630962149903,1.8914919521797078,1.8338531894753398,-0.2800695348303181,-3.4309469881281407,1.298131719579,2.056742518691462
-0.6746021589351696,-0.10087201720245133,-0.2871906561556116,-1.084288138365181,-1.1926329987651174,-1.394896412084476,-1.301591556139517,-1.1795353984331158,-2.2347311569866735,-2.2120839663566256
2.9344998168566416,-0.3180078453663074,-1.4336728094920503,-0.5255950819027155,-1.1692192126912653,-2.5182800771204774,-0.834398528797425,-0.7907046119515331,-1.6986939923293778,-2.0077135393455436
-0.17859693705907256,-0.31182302019391006,-0.2393357961527025,-1.4674399457273124,3.2054756146318804,1.7050967266314099,0.5586578878516086,0.7617162443351233,-0.4019363190561527,-1.2884872185179423
-0.3309417951467711,-0.697579861512115,0.5811566042514279,0.35652589657059164,0.20702215079588826,0.08607330417380299,-2.717424114062657,0.4967048106760745,-1.4586429039105762,-2.373315316542373
1.3598049469750724,-0.25612079006510236,-0.6762917303445415,2.0266801610882954,-0.22343834558328401,-2.7945225827193685,-1.4269939462957815,-1.4126878438690538,-0.3769309549391332,-0.15395493958447468
0.9622671854439206,-0.1458961345048836,1.0744537381929542,-0.33482131746235855,0.2208840248236852,1.403230406511965,1.4675959167118162,0.8808508185773283,0.6404739744907162,-0.2149851683913375
-0.02721804740007424,-0.14453377415889795,-0.601476896424198,-0.2888743053828039,-1.2518513133784015,-2.51739985124496,-0.2100322025518726,-0.585567928856814,-0.8953960882499694,-1.3652774104058971
-1.4284896481317466,-2.0515174166244443,-0.4010657504603852,-0.7209309026889965,-0.0955071543815943,-0.3896561871191304,-0.7132316359013852,-2.8681854447014263,-0.634037909146485,0.27909118408905687
-1.5905484237812215,-0.5600053034351807,0.016494518528196656,-0.4241460120145002,0.8735384605580484,-1.1269067021868062,-0.13583790920603045,-0.8576968421940934,-0.2064175404388951,-0.46005882172572404
-0.6908176828048253,0.17976001997523675,-0.049408039021644354,-1.1273025222064272,0.6534080455872766,0.10059727102122684,-0.639783527680711,0.7025080364312182,0.5069460299792581,-0.39085641697046275
0.749460004054779,0.9003786791662324,-0.47892583660664967,0.7429659371147896,-0.5273834621276807,0.3432438354435239,0.2125513424878176,-0.9865221997759221,-0.4724107949408806,-0.6168713574691886
-0.2299811440481211,-0.6465394388027059,-0.5657797421865506,-1.8043843014556868,-0.10843529914513295,1.463765636666388,1.4817240887494199,0.9192625117637143,-0.03633019332212439,-0.8794079292573955
0.6626966644459937,-0.993675538481019,0.021919320424220217,-0.06833941864531423,-1.6652461418986284,0.4825733476890215,0.4671444998608532,0.21976714455941126,-0.3708074182099627,-1.2532620149253997
0.28377736492660816,-0.6425169117724145,-1.1181339110902273,0.4461639808686099,-2.6116458369669093,0.40717898081691606,-0.9135845073915669,-1.5157449340181877,0.1265857929600993,0.4352044866233922
-1.1471915646517097,-1.4294537988338918,-0.17716918314754548,0.7487818635768136,0.335774094336544,-1.9096729449402043,-3.2424915576802316,-1.928299621340445,-1.549978204878157,-0.9358695320792886
-2.124619750056265,0.7472465784441619,0.6014737206249089,-0.2532639166752567,0.8415085397324485,0.35865357058653324,-0.3134110742270315,1.7062150592765737,1.588177092799968,1.211126782862759
-2.210916489276871,0.3314161362660591,-0.5936583486170341,0.8972845535511369,-0.37044126755365914,-1.4231164648667043,-0.19424184299409353,-0.10730407101893595,-0.7491648021514299,-1.5157887120500213
0.12448608746746795,-0.30962099692390915,-1.2619198975330281,-0.029120737961679577,-0.8891291881338131,-1.9964150620295182,-0.27060668910106944,-0.8537795857446198,-2.211942433977014,-2.4688523343194335
-0.9504535506802575,0.31804030660733573,-0.14249918192070846,-0.7367918719476366,0.31136798259517395,-3.2945960036325967,-2.493949749381887,-1.6420832398373855,-0.3658674746396684,0.04362621548513612
0.9015189777912682,-1.164943506641257,-0.7043294220978951,1.7881446126084792,-1.531155947891246,-1.805226769426608,-2.3226073439448487,-2.2692222606171457,-1.2821712673911025,-0.4842635952522715
0.37220114420894856,0.0011788697384092193,-1.0652399041678708,1.3875394943455324,-2.45259802080464,2.851352256352611,0.40321051865602753,-1.0068897924329854,0.49104114987954756,0.3640826912030655
2.0965530827479903,0.042081176130634064,-0.5038251237915614,-1.1475465666621307,0.8824053029126141,-1.6065625310221687,-0.8239607991103409,-2.014523637368046,-1.2163543499825147,-0.5488408079342917
0.43333880067434655,-0.5856890100500461,1.131834593146639,1.3752924452821744,0.06898842931888349,0.41836288795811677,1.3662283720266921,-0.09918824690318612,2.5286393034974908,1.7581915244414799
-1.1843989580594927,-0.0742023586887226,-2.3295872192647726,-2.177125207721131,1.1223785238969324,0.8301131834120384,-0.9796333016374308,-0.21159120221692806,-0.6278142556802147,-1.3413302663131677
-1.1774197983155785,-1.2379021450673062,-0.9393317750574804,-1.441704558340781,-1.3152689512454272,0.9386673754992922,-1.0909570916681037,-0.171796760607404,-3.1027343242622223,-3.8373710533089493
-0.5961815368757138,0.20559999243572502,-0.5832507936793417,-2.136720517666423,-2.505524686395615,-1.010485292790811,-2.166157907883363,-0.19568843705211336,-1.4040225692958082,-2.126102939797297
-2.073427592246265,-1.3877855037701614,0.7410406398626772,-0.5770752905533859,0.7441294104529391,0.9904732339124529,-0.8807891182455194,-1.3454792097247306,-3.2959960267260606,-3.1300745026051278
-1.1046276853686186,-0.36522442166653996,-0.6400204157634927,-1.7614027376696715,-0.32535421920875807,0.11932315438902319,-0.8915564865243452,-3.046900389796177,-2.7139181948795716,-1.8229050629842423
1.2324275434595624,-0.06832401502781171,0.9676481774709867,2.384457041265433,0.49205668487927656,1.302765026623971,1.9583450783166858,0.9169771906271951,2.6653607396941217,1.8215147905484446
2.1790538478806765,1.3556020474941137,0.31183229348371494,-1.583964617312718,1.426819049149723,3.1645911643568363,1.2049948744706667,1.150307431177765,1.3970246535349644,0.6514172191753118
0.7089967429083359,-0.3586092723375029,1.4587262100065759,2.447516226984026,2.3220092241905603,1.7212231447840538,-0.5561373511270088,-0.9696253290514594,1.2269241126169528,1.067984639600544
-1.1791675107694943,-1.4582648918733423,-1.685630851406982,-0.8730335414403049,-0.5182937040984502,-1.4617495818414197,-0.5364882835767153,-4.357858044087928,0.03631062543635821,0.125281061072534
-0.5054794781233626,-0.032747943309142435,-1.4791078318740625,-1.3199299915688676,0.14744222927348216,-1.3526895370197956,-0.4694970722246611,0.12676766149160168,-0.820389121095544,-1.6781691021886085
0.6662908953800714,0.009314850243476886,0.14717257005138032,0.5424163013619785,0.1013995061699382,-0.5042416372377003,1.351749691662717,0.253261133356872,1.2434562806920768,0.353792666302629
-0.3583683830694152,0.022198460032463143,2.1897552473324673,-0.24860407490255065,0.252201955727689,1.7183337960694587,2.0070884324159115,1.4866199509020215,1.2712383564549699,0.7297723348759851
0.45146629250866066,-1.597341236479643,0.5895670079166243,3.4495367455674137,0.5977676938862501,-0.7000118112698387,1.2222612881957096,0.10223624314194746,2.5263751494165074,1.6762282212484094
0.14881682797338192,0.39908416090697574,-0.28943667373238147,1.0173281128352967,-0.5925552827955017,1.0942609664096399,0.9585356246134218,2.238935240222977,0.16710826587292393,0.241291283595245
-0.1242417610803131,-0.15180151694853974,0.26507408914315717,-0.14799070192752778,-0.0418791766756223,1.4172432465093898,-0.6823395729247953,0.9059819620489533,-0.05852535793450475,-0.9060116982090712
-1.3322394571723837,-0.4651300151030046,0.06906330545281748,-1.2725793733599091,0.4693253944677861,-1.1798342534994481,-1.699221316747864,-1.1063420468169944,-0.5942312811028749,-0.6351689504054425
-1.2517552489720982,0.5925329604279235,0.08334148355532776,-1.0362006913219133,-0.44565585449216205,1.2264015650988664,-0.3595550846532425,-0.18369820498577538,0.6477541234401554,-0.08067466252014688
-0.15381610921150166,-1.1999677903664643,1.1204995833768432,-0.579007033058403,2.9778620078961464,0.27488307233885834,-0.8724691004006874,-0.13150293026367169,-2.8223410905464723,-3.5772938028224117
-0.1925373058136017,-0.4240904349813296,0.2393190228819536,0.2775607345043848,0.6093668090339401,1.0533638403878127,0.43131400731279523,0.005499996759552039,-0.29562202489894096,-1.1112121209754617
0.14286048184315484,0.09466416046577064,-0.34519008126547635,2.218260221749019,-1.691201388736365,0.6784492385364301,1.631642030614104,-0.27426661276685016,0.5424020448154013,-0.1357939340277733
-0.15988460048449316,0.4829412702012515,0.7844725662947016,-0.8967374765577272,2.7635908656961616,-2.074431496242853,-1.3157823047796162,0.6266224389532524,-1.1378416473700632,-2.0459088299452968
-0.33369124219859175,1.2264473055292964,0.5984369491063282,-2.9134524852294783,0.8526461493292575,0.6982895403479591,-0.09085627386203461,0.488535997714156,-0.4707437114315476,-1.3853663616081668
-0.8125605598527651,-0.4114094705323629,-1.5411715523858767,-1.0027608168813806,0.6681183141936946,-0.8352992093157916,0.8126656088650712,0.7204481476544495,-0.26204337418075707,-1.1567350024213219
0.446914250610676,-0.06889861404758528,0.29103670319406827,2.1345314134027356,-0.613912062821391,-2.1966843422018543,-0.5724015421834474,0.3900654753894377,-0.7564115805135956,-1.6661047007996521
-1.564993557134778,1.5295933067769114,0.26805067827878365,-1.462764883184291,2.3724809063877177,0.9361396639842803,0.38939875121870604,1.5125494525586676,0.33703414719957786,-0.1861102333845549
-0.8538290290151416,0.8053758452688444,-0.42788312537874446,-0.5149486309581857,-1.8086029934524488,1.4157195907722504,-0.19891997427454844,0.10666240652517844,0.7860129442141764,-0.06554546429950281
-0.975538460549215,-1.026974513063796,-1.4101168152720003,-2.767618495568173,-0.8031126345201652,-1.2850379896692907,-1.591688029316939,-0.9413764932224618,-2.705163939989843,-2.8882164837587396
-0.16415739512590194,-1.17559474591805,0.6152451080736653,-0.02493280930285413,1.3615072349997557,-0.312255998858979,-1.2022441355556264,-1.1358789654154866,-0.017383349330122574,-0.03266808669575176
-1.0066597697247026,-1.4905877551290427,-0.28224282675690043,0.44215617794253426,-1.2394887899885831,-0.8368735936647635,-1.9206103314345346,-0.2544140092166203,-0.8609477801348034,-1.550597691088645
-0.705689559235055,1.5129191412064686,-0.6197634526817325,0.23681292439052226,-1.2532133929016742,0.28494671345348027,-0.5649922687367412,1.8483004877125848,-1.3208038723346722,-1.5822796377868786
-0.053706768332052,1.4143016755949005,0.863669471039894,-1.4464547943201496,2.2918095225009125,1.8019258346351643,1.7037353402103697,1.679651377554372,0.06276160511566836,-0.33519634178072083
1.501723144263776,-0.07731711926467515,-1.10776383025766,0.17826910542021696,-1.0624550439106009,-0.4246603098024989,-2.4064442644253727,-3.202106100098521,-2.212934580904728,-1.3619575659855219
-0.741654924687467,-0.5557462497138981,-0.41952581044627796,-1.5611411610442674,-1.5079594290954272,-0.35391312539840586,-0.6734423781568615,-0.08127483269863034,-2.6433502065033654,-3.42207568303873
1.0125377427276645,1.6482773864056597,0.365316671138553,0.6665285148531619,1.261507988490711,0.859206667718851,1.3806160905806601,1.5851477456484098,1.0506672051502988,0.5804726653481054
1.281443111183056,-0.03785406307803928,-0.022382110344253157,-0.9394571590724721,-0.0728266116249009,0.3206266336575533,-2.602713101435534,-0.10305221048934113,-2.2849214054197975,-3.0535543289561913
-0.8754273443580137,0.17621691017545738,-0.15365590972975593,-0.11366864921323783,-1.2491873304016612,0.29260562828724745,-0.8398154136544439,0.5305807991977453,0.03607797670121271,-0.8782129489987727
1.4193481908441137,-2.2326017627444994,-0.4493663094785465,1.5245805688081513,-2.111010764560439,-1.2175293672012388,-0.3895795352568292,-0.8780427419940872,-0.7210268439384291,-0.9576357116076915
-0.98833491395082,-0.4702540558032874,0.8673059649465104,-0.6872399210302356,0.9669769386238642,-2.0577816897761796,-0.6662742581892906,-0.6403480379038661,-1.1020638758634371,-1.530487808523224
0.2428193694901323,-0.8875028768238379,-0.5360161304340252,0.1538012848630781,-0.9290906862079984,-0.2732647769511509,-0.20388720871342092,-3.2777228682067556,-1.2420484429130731,-0.41733695860609427
1.182192552121267,-0.32628836976130204,-0.18264044079604141,1.1912842970724178,-0.39630753956474307,0.2558906141588058,-0.7682778862790094,-0.4470394348423328,0.4139632145617458,-0.15483296282913062
1.9273215336912728,-0.2445197686191148,-1.7982409075371357,-2.59619785355169,-0.4480340293534991,0.28160704740396914,-1.2666403102379635,-1.4023931863514205,-3.58930590962078,-3.375016020228001
2.008134584793655,-0.36450865725580484,1.3587836523728745,-0.2374697960781849,1.3688763393508054,2.283611663056057,0.7519971563714044,1.0721501034422414,1.3850169527556178,0.6021615309447504
-0.7916724473416732,-0.8080645715832337,-0.689209389784777,-1.5762624715153357,-2.1974333919368245,-1.1407916016642528,-0.6525679135852984,0.18184862562732906,-0.7660081584548009,-1.639223659179185
0.8731350758198542,-0.7374270418926836,-0.5578062146717532,1.3632658122610688,-0.07145654429646087,1.6722154826484252,2.5226109183350776,-0.6331525754934847,0.6761557441775568,0.2422176847861539
-0.3652052148746573,2.259567845996692,-1.1877118075188484,-1.015711148993978,-0.1897462137711159,2.689937288894309,0.46470617081772786,0.9933374703370762,0.3458904053868827,-0.4701564849028179
-0.9561944100388147,0.7960981239299827,0.37347971333178254,-1.4032094133007273,1.032303049714684,1.4445902617060966,2.200295841446378,0.5677191684586111,1.5789910856055156,0.6662063534585547
0.18257615648737122,0.11100566223908011,-0.12106961465790006,0.4094200155038353,0.12987690659174309,-0.8163856314067809,1.6562514328868811,-0.413189225133777,-0.9802101409083429,-1.5717432599605274
0.6882431975103028,-0.15272778117652738,1.441304297376911,0.46226184001235493,1.681487772147261,-1.1098175656974987,0.03818645277506803,-0.7592249240725375,0.6753591383870235,0.3407359245253671
0.793151384752944,-1.029572513706043,0.417667460781515,-0.9876093099460163,0.7409202350769966,-2.982107211605385,-0.4665213536395989,-1.5083046218231573,-1.0605602716836,-0.7580353164261995
-1.2448832395954779,-1.1699836223647146,-0.36733758728366017,-0.6563866126205189,-1.3615129285431027,-1.877562790433118,-2.8065824284765037,-2.16463030029525,-1.715779442066255,-0.9661679375147063
0.5383496772776153,-1.3477359309345127,0.7376101647553508,-0.34098401308995663,1.3874848492398906,0.400183869011551,2.051264117617054,-0.8184899882541338,0.3320867496371287,0.045896498194112345
1.106590058581691,-0.036157010852999265,0.4250497766819653,0.1520152473099151,1.973316379946736,-0.4361163758490309,0.6177905418193448,0.14963217771944604,0.29750327853838116,-0.5669717262131394
-0.07341573531137266,0.003604878369280238,1.692516332807088,-0.6928032980091497,-0.7234023952009231,0.12458683788999914,1.177733448137955,0.4832540047593026,-0.06603984353074088,-0.9806009941008721
-2.3754904817205023,-0.8211465500239868,-0.4496802469830574,0.01135178790198188,-0.35323327663009535,0.31511253558086805,0.3972250097155665,0.5165349454142798,-1.588852922576396,-2.503416972141256
-0.07612170245719034,-0.08850994980495129,0.39062337678200226,-1.9965077018003847,0.618746385433686,-0.9119556948868928,0.09883652761689843,-0.0826183623216826,0.7826239416711195,0.004511510019413967
-0.11387041169504722,-0.7726584198790852,-0.6649766123294383,1.2361611135163353,-1.2392407204371174,1.0909429371638364,1.048221113373072,2.003563378272535,0.7842222888118869,0.6544019833726341
-1.659205018578362,-1.1347739653862985,1.59372913257948,-0.31704494531168675,0.19390078006887584,0.7086794598265915,1.077716772466129,-0.316603735023739,-0.16620880996243204,-0.8191779453749071
-1.8407746621968775,0.120079004903035,0.9828254894651182,1.4713461964606125,0.3738057969677947,0.8015690240136396,1.6725238217336469,-0.17564596445448522,1.7735353918914705,1.0408962192596918
0.34815216521435305,1.6282746915588446,0.44813258639060066,-0.7891608697035278,1.9638067394177061,2.656563675963957,3.0818675337626487,1.6658160750458313,2.216601144227893,1.8078532934679643
0.9185333718171697,1.4550764580504851,1.6966847505748486,0.006817825671878053,-2.0472475603926004,-1.0008871069416647,-0.4906895806765571,-0.37352705103885797,-1.267812000775892,-1.8852060320542736
-0.051752101846089735,0.31219976636627655,0.4579527376051362,0.23053767870191688,2.678065190879503,2.31071380199819,-0.3771274712170567,0.1979365073371852,1.8480752969938274,0.970800774677932
-0.6996661100275781,0.8952378103132865,-1.987742785807175,-1.6784693405178561,0.12011606176995487,-0.08122587231444534,-0.834258179312127,-0.14286163785707737,-0.7959323890952491,-1.5452687838554848
0.9968159006695124,1.3548634981154402,0.0537482011281252,-0.2508832345551181,1.2810583689945498,0.8724492084739535,1.5490575824486916,1.3139879138567427,2.4841253217457835,1.829566494087517
0.7529931104002934,-0.6141044273079579,-1.6281917942869395,1.615539642576394,-0.7072093662395695,2.669189261103253,0.7342899216135174,0.8162030523163999,0.43002842451915324,-0.44368951802566114
-0.6298744678219015,0.5440852166015775,-1.0537204859555926,-2.401381757612871,-1.3431896049490342,0.2992669181145432,0.5242145998533634,0.8325210703908137,-3.097129038939989,-3.9665465380361713
0.20767421894431473,-0.15099955579534335,0.25460465704945323,-0.13916845975689363,0.4354661294689968,0.44562289887542794,0.2704105345156482,-0.5941996914650661,0.6909643255424404,0.22753388306690325
-1.370522764074494,0.9873166089520587,-1.4082039559377046,0.2835937811668564,0.5015388555159866,0.572109943658023,2.1646977565715195,0.59328497644582,1.6081764308151922,0.6970889548574883
-0.1967676177203331,-0.9982670103823809,-0.8474544952474854,-0.992907037111251,0.8749204875699589,-0.9805922785582531,0.019614416270078427,-1.6782965199627582,-0.6825786781078672,-0.24519518590996336
0.355987019907639,-0.5054337123120523,-0.6301646313545864,1.0737913560809424,-0.25105931728715125,0.0386227975909218,0.061729940795888505,-0.017501668527350023,0.14888680553570416,-0.6574614089330861
-1.2544439797215525,-0.42526189919705143,0.07661452198090471,0.6368820515452083,-1.0159235570063216,1.4128909588701386,1.572118521787736,0.4712509456132624,0.9356202374894022,0.021284461461053228
0.24519064858637774,-1.200507451661862,-0.19839689150191492,1.2428933703210845,0.5445326436123238,-1.482248846133783,-4.8039946133592935,-1.8887494453613076,-0.5987823223154085,-0.01057036695411262
2.129066469925068,-0.3168045317816206,-1.4352800001439503,-1.2410098033457633,-0.46783200311535084,1.8567461623349613,3.5294281744024616,2.0862465358981312,0.5006441533822042,0.4422706469192307
-0.04628023483113398,-0.06654403032643998,1.161746194681228,-2.047784455783919,0.9717396036040307,0.9044888435734169,0.8205752265032191,1.5030220722413843,0.4399676333322745,-0.08994622249808992
-0.80293007393617,0.3294635108946194,-0.04348937870570746,-0.2965207153142806,-1.3144582523620276,-0.4991869971032612,-0.5222803099616478,1.1641223142551727,-0.4778278968113914,-1.216417960127017
-1.4526873151640216,0.5881365017243385,-2.1541780796745464,-1.5504764276241847,1.1177083087427673,0.07812743946657019,-0.5483895130687406,-0.6878238568263922,-0.242061548951718,-0.6336135079218981
-0.7151458800531307,0.8497807224238109,-0.6035499901374372,-1.682582448497284,-1.6652267540410732,-1.6066331757693844,-0.6046145988229317,0.5775149249915091,-1.291291658405163,-2.2034896509695105
-0.6089638955102986,-0.7425336004951874,-1.351975302181172,0.1974632141724213,-1.3727958126061641,-3.0305175542920644,-2.22629906173987,-1.3431547636345043,-1.6164826248432276,-1.4525478053828058
1.3330868715168316,0.21299342767475585,-1.103483526430588,0.8136409000097735,-0.41987981304759575,-1.7372664503984585,2.081871534578762,0.5401197564816557,-0.335824941499162,-1.2498375593003082
-1.6699205607337293,0.13360871537881933,1.2211859242753431,-0.23602517010306528,3.0313596345957383,-0.8140174105223317,0.31517126412723784,0.27549887319422917,-0.5745014529504393,-1.4684542734537587
-0.3014542483883874,1.1138234103904998,0.8820335607411771,-0.8544146259407412,1.5177475875270092,-1.3330496991940441,-1.514243852117865,0.65368301436751,-1.119673863993428,-2.0246195877340805
0.07115302279303995,-0.3304180964450351,-0.35166155357448947,1.113239982096914,-0.04142007533031111,0.043725837141853074,-1.6024079014246286,-2.004897906858793,0.902600168128223,1.5643674258822498
-0.909400604821107,-0.9075802511744339,0.04605378792788514,0.020065008125425,-0.6536286894805433,-2.24375898526144,-0.9994524705432934,-1.7986605393940023,-1.333972422254109,-0.8077884988566086
-1.138544206755917,-0.5346118372053146,0.7605249130501281,-1.959698136750351,1.535467551704766,-1.031801637355937,0.0959677901027125,-1.543460304058808,-1.4326860556722396,-1.1015061335090293
0.786151410661179,0.4042016675694,2.600328319433356,1.9533497481355329,-0.18914199237314866,1.3885888107186637,2.642909836720662,2.411495530726701,1.8539712969799336,2.0759423732935103
-0.08590229116464394,1.3884680775983755,-2.011579389497114,-1.0908716265224156,0.8379377104907281,1.6321925641511514,1.7212541859136836,1.6502927518987969,1.5549100276472443,1.134139965351412
-0.42476234371158067,1.2243910913990612,-0.00696279361233946,-1.5664974015295747,-0.6203487410770581,0.7555089387160723,1.296866119302684,1.0909135640338532,0.3166062725021789,-0.4576930702242732
1.436856775109808,-0.8614248218504177,-0.11445408542472275,2.3649467232303207,0.06469096464231283,0.6663357598898613,0.6201726416973108,-0.04766153239185622,0.021099096923012484,-0.7725484705259547
-0.5699162234209609,1.5463448990692272,0.8755723422765436,-0.8864937200741446,0.29524545458629303,2.9365036432338147,0.7109925221866635,1.5104482414569378,1.1385344372564596,0.6138933832703909
-1.0352555411179156,-0.5618215816952113,-0.08856054778268473,0.7982287965498065,-0.17263649019696667,-1.3486224911754223,-1.585439118342725,-1.6581785388516326,-1.151490174165507,-0.7295388216074292
-0.05614251538666043,1.3801699459610623,-0.617789561617191,-0.9827905122982116,-0.7542817589324995,0.6204493053200831,0.9026232241711191,1.7970046776757473,-1.0077469720932117,-1.311608502993563
1.5627418480793336,0.12748217267051762,0.8267496991089931,0.24299030281292847,1.344995542619899,0.17875919475570304,0.31693282420570756,1.1641295541679861,3.041531751358873,2.3029453990685695
0.1324580771185465,-0.25104456771537714,-0.36563781774744314,-0.054573237310696326,0.8190510733791202,1.0187294257147637,0.6692574369755118,-0.10109250512113904,0.23376636390940075,-0.5357883046948313
-2.3214434844278196,0.5023153588775797,-1.1832292363233385,2.443566838405566,-2.0470624424489,-1.1459151179722573,0.45249103901202564,-0.0585076830165728,0.5665952761116002,-0.22232502699471748
1.619399890827582,1.7052732763052791,0.5481912461344434,0.4972534250402979,1.3905489291008606,1.9043048355470908,3.9009347123635196,1.9336900268596433,1.634277898488698,1.444686311582461
-1.9729808460425278,-0.04324793451206955,0.9577535823461805,-0.2546488499759114,-0.9468211616643024,0.7570646284518656,0.619903298665831,0.5366880788229919,-0.5133637992451394,-1.4274851848587562
0.5922541389321432,-1.1091310649467543,0.19706124567515051,-1.8882704306729314,-0.3429326136748473,-0.33914249348659,-3.560377980699452,-2.144577143836351,-3.614374263511853,-2.8748831893461464
0.44361280633018657,-1.7829648168703607,1.5759612972801238,0.8124942022851502,1.1667641183354032,1.384515651240518,0.9643241156571393,0.4469096214620554,0.7993491922813867,-0.11416458213164793
-0.5984199399132545,0.1769891202464422,0.903401141066774,-2.3319817423058438,1.6614076901274597,0.2422947934884636,1.519229265387236,0.019115470030043102,0.9135620478601411,0.09268457062996216
0.4075723249230863,0.33106006394803217,-0.5853770474704535,0.43421388654070703,0.12334934817003207,0.5499251676329725,0.12020830805349125,1.7865102938098842,2.3469589652637692,2.03451155509226
1.0678280008281684,-0.11489379887079446,-0.6388082531228159,-1.2723146895789923,-0.25780517672292247,-2.386763155888929,-1.7325444374954178,-1.9742364673940764,-0.5859211606408203,0.057175587238458725
-0.7672345190088319,-1.45305436569742,-0.6235172112881943,-2.094808931551327,-2.5776736830500626,-3.1383695292735068,-2.6889646559896696,-1.3477991764839568,-1.1305515809258821,-0.9626479873612619
0.06417006395799402,0.4685471522556386,-0.8502298290268915,1.2225977708291098,-1.6327657426796751,-1.610275196263242,-1.2241248179434223,0.008986722484105314,-0.5646787772787522,-1.3816359282564616
1.7229013419246642,0.5047457440487484,0.19923819401026033,1.1765941301922827,-0.8106449025052098,3.003028994093392,2.3777303191108925,2.817964256533565,2.7201561365404294,3.2599712269973105
-0.5182485891583195,-3.0499616963956195,0.467907577052961,0.20313152858936223,-0.7988039152705557,2.05132143593943,0.4719380705221443,-0.009307893885608765,0.41032985688785684,-0.39935492897443114
0.35159397466444897,0.3478721335511245,-0.8371060390372381,2.067288210222368,-1.3994056798130377,1.4571622316197121,0.5694513358831448,-0.5345838448508063,0.8689397484924015,0.36161466737869963
-1.9051520541911326,1.2629044039477144,-0.005056615247928108,0.2552956228332457,0.5887115935106136,-1.5303425948935971,-1.460763846005104,-0.23316897742892595,-1.4828610276432612,-2.1844964154598268
-1.8413868191492915,0.24318977181511248,-0.3110347340393766,0.568876443510329,-2.942499874379241,-0.2642703147880512,-0.6328439502712337,-0.288267732611819,0.8824323689702703,0.21245961463890994
-0.523893572561107,-0.4853764167478942,-0.02630115832026566,-0.5013826091960663,-3.048264000792319,-0.8672607835120697,-1.3186664271189237,-2.338094944468126,-0.3082560233708367,0.5171825709235767
-0.5270284839450993,-0.0690461081170622,-1.4220824154296572,-1.7138789090775963,0.2956841927665139,0.8969486884258562,2.722079844202515,0.31174895910629097,1.5003312221296194,0.6002425334040282
0.7521009175929246,1.1458800756768488,2.6778111425160285,1.0014774908941173,-2.523434861801439,2.9547096636403802,1.0217333536213582,1.4858100303613928,1.8426351416449833,1.300602068722216
0.9306273660935825,-0.11601296636210788,1.2792734829452594,1.3145965694642099,0.6217266143125091,2.2106202019483194,0.3504203849739773,0.044640206257476445,1.6052693950633992,0.7748504777473598
0.3598228224890847,0.4315578762132508,-1.2908567611156563,2.39009147318857,-2.237867702677415,-1.3043464340633455,0.3183374622455366,-1.3457113005449606,0.4061429235886086,0.572262771526555
-1.3555304162205841,0.5960968695233435,0.368758167378357,-1.5618186572474935,0.8869841934326829,1.4715620701410268,3.2385453686234946,1.125277468876107,1.057620397014003,0.2996267543853133
0.5867912553211295,-0.08473516636811008,0.44789516727248035,0.2079732369831676,0.9482054540995248,2.1468806639598306,1.9441951911586757,0.5246629524482804,1.5474638510062437,0.6330380037357247
-1.4945870690392749,-0.834961943004574,-0.5750454400295859,0.0343106956596102,-2.2105044135091716,-0.5782861864992637,0.41117502926329397,0.22204328764944425,-0.3495317797148537,-1.2325046579323549
-0.738935803484719,-0.21366654383163156,-0.09047792396245409,-0.5536267815575628,-0.6366084068495376,0.4482168439999019,-1.386949124899346,0.5522862468630291,0.1415030843471825,-0.7720456503543064
